# HydraCam evidence run command log

$ --label git-status -- git status -sb

$ --label codesigning-identities -- security find-identity -v -p codesigning

$ git status -sb
## codex/remove-local-sessions-backend-upload
 M AGENTS.md
 M docs/control/README.md
 M docs/control/backlog-import.md
 M docs/control/evidence-first-loop.md
 M docs/control/status-and-roadmap.md
 M docs/control/win11-dev-host.md
 M ios/Runner/Info.plist
 M lib/main.dart
 M lib/master/connected_client_automation_payload.dart
 M lib/master/master_screen.dart
 M lib/master/master_server.dart
 M lib/models/capture_session.dart
 M lib/models/captured_photo.dart
 M lib/models/captured_video.dart
 M lib/screens/master_video_recording_screen.dart
 M lib/screens/media_selection_screen.dart
 M lib/screens/previous_sessions_screen.dart
 M lib/screens/session_details_screen.dart
 M lib/screens/sessions_screen.dart
 M lib/screens/settings_screen.dart
 M lib/screens/uploader_info_screen.dart
 M lib/services/auth0_service.dart
 M lib/services/battery_service.dart
 M lib/services/camera_service.dart
 M lib/services/gallery_persistence_service.dart
 M lib/services/hydracam_api_service.dart
 M lib/services/scheduled_task_service.dart
 M lib/services/session_manager.dart
 M lib/services/settings_service.dart
 M lib/services/storage_service.dart
 M lib/services/uploader_service.dart
 M lib/services/user_service.dart
 M lib/slave/slave_client.dart
 M lib/slave/slave_screen.dart
 M lib/widgets/add_gallery_media_button.dart
 M lib/widgets/hydra_cam_app_bar.dart
 M lib/widgets/media_filter_dialog.dart
 M lib/widgets/media_list_widget.dart
 M lib/widgets/session_info_widget.dart
 M lib/widgets/settings_option.dart
 M linux/flutter/generated_plugin_registrant.cc
 M linux/flutter/generated_plugins.cmake
 M macos/Flutter/GeneratedPluginRegistrant.swift
 M macos/Runner/Info.plist
 M pubspec.lock
 M pubspec.yaml
 M scripts/ios_capture_repro.py
 M scripts/run_parallel_device_matrix.py
 M scripts/run_rotating_master_slave_matrix.py
 M scripts/test_run_rotating_master_slave_matrix.py
 M test/master/connected_client_automation_payload_test.dart
 M test/master/master_network_snapshot_cache_test.dart
 M test/platform/multi_device_orchestration_test.dart
 M test/screens/capture_settings_screen_test.dart
 M test/screens/master_video_recording_screen_test.dart
 M test/services/battery_service_test.dart
 M test/services/camera_service_failure_test.dart
 M test/services/session_manager_test.dart
 M test/services/settings_service_test.dart
 M test/services/storage_service_test.dart
 M test/slave/slave_client_registration_test.dart
 M test/slave/slave_screen_fast_connect_test.dart
 M test/test_utils/mock_services.dart
 M test/widget_test.dart
 M test/widgets/add_gallery_media_button_test.dart
 M test/widgets/session_info_widget_test.dart
 M windows/flutter/generated_plugin_registrant.cc
 M windows/flutter/generated_plugins.cmake
?? docs/control/hydracam-mobo-media-timeline-merge-plan.md
?? docs/control/localization-inventory.md
?? l10n.yaml
?? lib/l10n/
?? lib/services/app_locale_service.dart
?? lib/services/gallery_session_candidate_source.dart
?? lib/services/gallery_session_matcher.dart
?? lib/services/session_media_storage.dart
?? logs/verification-runs/20260608-1745-critical-battery-autostop/
?? logs/verification-runs/20260608-1751-device-identity-diagnostics/
?? logs/verification-runs/20260608-1756-uploader-reset-progress-hygiene/
?? logs/verification-runs/20260608-1759-failed-upload-visible-state/
?? logs/verification-runs/20260608-1804-upload-byte-progress-visible/
?? logs/verification-runs/20260608-1807-explicit-upload-requeue-actions/
?? logs/verification-runs/20260608-1809-autograbado-setting-toggle/
?? logs/verification-runs/20260608-1816-gallery-session-window-matcher/
?? logs/verification-runs/20260608-1826-scheduled-task-clock-offset/
?? logs/verification-runs/20260608-1830-upload-time-estimate-visible/
?? logs/verification-runs/20260608-1834-same-session-rejoin-preserves-media/
?? logs/verification-runs/20260608-1838-gallery-browse-all-filter-action/
?? logs/verification-runs/20260608-1843-pending-upload-cancel-control/
?? logs/verification-runs/20260608-1848-autograbado-session-autostart/
?? logs/verification-runs/20260608-1855-start-upload-all-slave-command/
?? logs/verification-runs/20260608-1901-upload-app-version-metadata/
?? logs/verification-runs/20260608-1910-disconnected-device-state-master-list/
?? logs/verification-runs/20260608-1918-stale-inflight-upload-reset-guard/
?? logs/verification-runs/20260608-1922-slave-upload-info-action/
?? logs/verification-runs/20260608-1933-inflight-upload-cancel-control/
?? logs/verification-runs/20260608-1938-auth0-refresh-scope/
?? logs/verification-runs/20260608-1944-gallery-scan-active-session-preserved/
?? logs/verification-runs/20260608-1948-gallery-candidate-session-labels/
?? logs/verification-runs/20260608-1953-gallery-historical-session-candidate-source/
?? logs/verification-runs/20260608-2000-auth0-secure-credential-store/
?? logs/verification-runs/20260608-2006-auth0-startup-restore-valid-credentials/
?? logs/verification-runs/20260608-2011-20260608-2012-auth0-refresh-expired-credentials/
?? logs/verification-runs/20260608-2017-auth0-logout-clears-credentials/
?? logs/verification-runs/20260608-2022-user-guid-restore-after-auth0-restore/
?? logs/verification-runs/20260608-2030-master-device-list-summary-sort/
?? logs/verification-runs/20260608-2035-scheduled-command-master-time-offset/
?? logs/verification-runs/20260608-2045-slave-recording-safe-stop-control/
?? logs/verification-runs/20260608-2047-win11-triple-platform-camera-master-slave/
?? logs/verification-runs/20260608-2055-session-player-source-missing-backend-state/
?? logs/verification-runs/20260608-2105-master-slave-preview-missing-state/
?? logs/verification-runs/20260608-2115-slave-session-mismatch-diagnostics/
?? logs/verification-runs/20260608-2125-forced-stop-missing-start-timestamp/
?? logs/verification-runs/20260608-2127-upload-media-contract-fields/
?? logs/verification-runs/20260608-2132-in-flight-upload-dedupe/
?? logs/verification-runs/20260608-2135-slave-identify-diagnostic-ack/
?? logs/verification-runs/20260608-2136-uploader-estimate-completed-samples/
?? logs/verification-runs/20260608-2140-storage-critical-block-recovery/
?? logs/verification-runs/20260608-2144-user-login-clears-stale-guid/
?? logs/verification-runs/20260608-2145-video-upload-duration-metadata/
?? logs/verification-runs/20260608-2155-storage-location-missing-state/
?? logs/verification-runs/20260608-2205-invalid-upload-file-guard/
?? logs/verification-runs/20260608-2215-gallery-candidate-guid-label/
?? logs/verification-runs/20260608-win11-android-studio-ide-repair/
?? logs/verification-runs/20260609-0021-ipad-physical-release-profile-smoke/
?? logs/verification-runs/20260609-0120-ipad-runtime-screenshot-boundary-route-replacement/
?? logs/verification-runs/20260609-0140-guid-api-upload-estimate-cleanup/
?? logs/verification-runs/20260609-0140-ipad-uploader-webservice-check/
?? logs/verification-runs/20260609-0145-session-restore-helper-cleanup/
?? logs/verification-runs/20260609-0151-api-uri-construction-cleanup/
?? logs/verification-runs/20260609-0155-session-metadata-write-serialization-cleanup/
?? logs/verification-runs/20260609-0211-master-session-status-response-helper-cleanup/
?? logs/verification-runs/20260609-0214-master-targeted-command-dispatch-cleanup/
?? logs/verification-runs/20260609-0219-master-scheduled-command-dispatch-cleanup/
?? logs/verification-runs/20260609-0223-uploader-enqueue-async-return-cleanup/
?? logs/verification-runs/20260609-0228-session-add-media-async-return-cleanup/
?? logs/verification-runs/20260609-0233-branch-compile-repair-backend-session-locale/
?? logs/verification-runs/20260609-0245-uploader-manual-upload-future-cleanup/
?? logs/verification-runs/20260609-0245-win11-triple-platform-webcam-upload-matrix/
?? logs/verification-runs/20260609-0252-slave-command-future-dispatch-cleanup/
?? logs/verification-runs/20260609-0256-master-server-incoming-message-handler-cleanup/
?? logs/verification-runs/20260609-0301-scheduled-task-future-callback-cleanup/
?? logs/verification-runs/20260609-0310-scheduled-task-cancel-future-cleanup/
?? logs/verification-runs/20260609-0313-add-gallery-media-button-async-handler-cleanup/
?? logs/verification-runs/20260609-0317-session-details-async-handler-cleanup/
?? logs/verification-runs/20260609-0320-previous-sessions-refresh-lifecycle-cleanup/
?? logs/verification-runs/20260609-0323-master-video-stop-handler-async-cleanup/
?? logs/verification-runs/20260609-0327-slave-dim-timer-async-cleanup/
?? logs/verification-runs/20260609-0330-master-server-unused-session-history-cleanup/
?? logs/verification-runs/20260609-0334-master-screen-async-handler-cleanup/
?? logs/verification-runs/20260609-0340-camera-forced-stop-helper-cleanup/
?? logs/verification-runs/20260609-0344-master-received-media-storage-helper-cleanup/
?? logs/verification-runs/20260609-0350-master-server-stop-lifecycle-contract-cleanup/
?? logs/verification-runs/20260609-0353-master-screen-dispose-lifecycle-contract-cleanup/
?? logs/verification-runs/20260609-0355-signing-jose-keepeyeonball-ios-redeploy/
?? logs/verification-runs/20260609-ipad-backend-session-upload-proof-rerun/
?? scripts/test_no_local_sessions.py
?? test/l10n/
?? test/master/master_screen_test.dart
?? test/models/capture_session_test.dart
?? test/screens/media_selection_screen_test.dart
?? test/screens/previous_sessions_screen_test.dart
?? test/screens/session_details_screen_test.dart
?? test/screens/uploader_info_screen_test.dart
?? test/services/app_locale_service_test.dart
?? test/services/auth0_service_test.dart
?? test/services/gallery_session_candidate_source_test.dart
?? test/services/gallery_session_matcher_test.dart
?? test/services/hydracam_api_service_test.dart
?? test/services/scheduled_task_service_test.dart
?? test/services/session_media_storage_test.dart
?? test/services/uploader_service_test.dart
?? test/services/user_service_test.dart
?? test/widgets/media_filter_dialog_test.dart
?? test/widgets/media_list_widget_test.dart
[exit-code] 0

$ security find-identity -v -p codesigning
  1) 6185C4DB21B1A5D347311EA5B7CFB190F96352CE "Apple Development: vectorblanco@gmail.com (D3Y6ZN7Z3C)"
     1 valid identities found
[exit-code] 0

$ flutter devices --device-timeout 10
Found 7 connected devices:
  SM G960F (mobile)       • 29d816ac550b7ece                         • android-arm64  • Android 10 (API 29)
  2201116PG (mobile)      • 575ecf2cbd24                             • android-arm64  • Android 13 (API 33)
  SM G935F (mobile)       • 9885e6503930304946                       • android-arm64  • Android 8.0.0 (API 26)
  iPad (5) (mobile)       • 8b406aa5c597eab4c4dfd9908f4a09b10a89ec63 • ios            • iOS 17.7.11 21H461
  iPhone 16 Plus (mobile) • 5CF4A12E-A8B5-4285-AE86-407B9067CB5F     • ios            • com.apple.CoreSimulator.SimRuntime.iOS-18-4 (simulator)
  macOS (desktop)         • macos                                    • darwin-arm64   • macOS 26.4.1 25E253 darwin-arm64
  Chrome (web)            • chrome                                   • web-javascript • Google Chrome 148.0.7778.216

Found 1 wirelessly connected device:
  José Ramón’s iPhone (wireless) (mobile) • 00008101-000A68811E43001E • ios • iOS 26.5 23F77

Run "flutter emulators" to list and start any available device emulators.

If you expected another device to be detected, please run "flutter doctor" to diagnose potential issues. Visit https://flutter.dev/setup/ for troubleshooting tips.
[exit-code] 0

$ xcrun devicectl list devices
Name                  Hostname                              Identifier                             State                Model
-------------------   -----------------------------------   ------------------------------------   ------------------   ---------------------------------------------
José Ramón’s iPhone   Jose-Ramons-iPhone.coredevice.local   AB1E2F45-61B1-5FBD-972A-940EA7EC8B0A   available (paired)   iPhone 12 Pro (iPhone13,3)
iPad (5)              iPad-5.coredevice.local               0A947DBD-A462-5BAA-AB84-17F143D41619   connected            iPad (6th generation) (Model A1893) (iPad7,5)
[exit-code] 0

$ xcodebuild -showBuildSettings -workspace ios/Runner.xcworkspace -scheme Runner -configuration Release -sdk iphoneos CODE_SIGN_STYLE=Automatic
Command line invocation:
    /Applications/Xcode.app/Contents/Developer/usr/bin/xcodebuild -showBuildSettings -workspace ios/Runner.xcworkspace -scheme Runner -configuration Release -sdk iphoneos CODE_SIGN_STYLE=Automatic

Build settings from command line:
    CODE_SIGN_STYLE = Automatic
    SDKROOT = iphoneos26.5

Resolve Package Graph


Resolved source packages:
  geolocator_apple: /Users/jose/src/work/hydracamv2/ios/Flutter/ephemeral/Packages/.packages/geolocator_apple-2.3.13 @ local
  flutter_appauth: /Users/jose/src/work/hydracamv2/ios/Flutter/ephemeral/Packages/.packages/flutter_appauth-11.0.0 @ local
  integration_test: /Users/jose/src/work/hydracamv2/ios/Flutter/ephemeral/Packages/.packages/integration_test @ local
  sensors_plus: /Users/jose/src/work/hydracamv2/ios/Flutter/ephemeral/Packages/.packages/sensors_plus-7.0.0 @ local
  FlutterFramework: /Users/jose/src/work/hydracamv2/ios/Flutter/ephemeral/Packages/.packages/FlutterFramework @ local
  battery_plus: /Users/jose/src/work/hydracamv2/ios/Flutter/ephemeral/Packages/.packages/battery_plus-7.0.0 @ local
  FlutterGeneratedPluginSwiftPackage: /Users/jose/src/work/hydracamv2/ios/Flutter/ephemeral/Packages/FlutterGeneratedPluginSwiftPackage
  flutter_secure_storage_darwin: /Users/jose/src/work/hydracamv2/ios/Flutter/ephemeral/Packages/.packages/flutter_secure_storage_darwin-0.3.2 @ local
  path_provider_foundation: /Users/jose/src/work/hydracamv2/ios/Flutter/ephemeral/Packages/.packages/path_provider_foundation-2.4.2 @ local
  shared_preferences_foundation: /Users/jose/src/work/hydracamv2/ios/Flutter/ephemeral/Packages/.packages/shared_preferences_foundation-2.5.4 @ local
  device_info_plus: /Users/jose/src/work/hydracamv2/ios/Flutter/ephemeral/Packages/.packages/device_info_plus-12.2.0 @ local
  video_player_avfoundation: /Users/jose/src/work/hydracamv2/ios/Flutter/ephemeral/Packages/.packages/video_player_avfoundation-2.8.4 @ local
  camera_avfoundation: /Users/jose/src/work/hydracamv2/ios/Flutter/ephemeral/Packages/.packages/camera_avfoundation-0.9.23+2 @ local
  AppAuth: https://github.com/openid/AppAuth-iOS @ 2.0.0
  connectivity_plus: /Users/jose/src/work/hydracamv2/ios/Flutter/ephemeral/Packages/.packages/connectivity_plus-7.0.0 @ local
  wakelock_plus: /Users/jose/src/work/hydracamv2/ios/Flutter/ephemeral/Packages/.packages/wakelock_plus-1.3.3 @ local
  network_info_plus: /Users/jose/src/work/hydracamv2/ios/Flutter/ephemeral/Packages/.packages/network_info_plus-7.0.0 @ local
  package_info_plus: /Users/jose/src/work/hydracamv2/ios/Flutter/ephemeral/Packages/.packages/package_info_plus-8.3.1 @ local

Build settings for action build and target Runner:
    ACTION = build
    AD_HOC_CODE_SIGNING_ALLOWED = NO
    AGGREGATE_TRACKED_DOMAINS = YES
    ALLOW_BUILD_REQUEST_OVERRIDES = NO
    ALLOW_TARGET_PLATFORM_SPECIALIZATION = NO
    ALTERNATE_GROUP = staff
    ALTERNATE_MODE = u+w,go-w,a+rX
    ALTERNATE_OWNER = jose
    ALTERNATIVE_DISTRIBUTION_WEB = NO
    ALWAYS_EMBED_SWIFT_STANDARD_LIBRARIES = YES
    ALWAYS_SEARCH_USER_PATHS = NO
    ALWAYS_USE_SEPARATE_HEADERMAPS = NO
    ANDROID_DEPLOYMENT_TARGET = 21.0
    APPLICATION_EXTENSION_API_ONLY = NO
    APPLY_RULES_IN_COPY_FILES = NO
    APPLY_RULES_IN_COPY_HEADERS = NO
    APP_SHORTCUTS_ENABLE_FLEXIBLE_MATCHING = YES
    ARCHS = arm64
    ARCHS_BASE = arm64
    ARCHS_STANDARD = arm64
    ARCHS_STANDARD_32_64_BIT = armv7 arm64
    ARCHS_STANDARD_32_BIT = armv7
    ARCHS_STANDARD_64_BIT = arm64
    ARCHS_STANDARD_INCLUDING_64_BIT = arm64
    ARCHS_UNIVERSAL_IPHONE_OS = armv7 arm64
    ASSETCATALOG_COMPILER_APPICON_NAME = AppIcon
    ASSETCATALOG_COMPILER_GENERATE_SWIFT_ASSET_SYMBOL_EXTENSIONS = YES
    AUTOMATICALLY_MERGE_DEPENDENCIES = NO
    AUTOMATION_APPLE_EVENTS = NO
    AVAILABLE_PLATFORMS = android appletvos appletvsimulator driverkit freebsd iphoneos iphonesimulator linux macosx none openbsd qnx watchos watchsimulator webassembly xros xrsimulator
    BUILD_ACTIVE_RESOURCES_ONLY = NO
    BUILD_COMPONENTS = headers build
    BUILD_DIR = /Users/jose/Library/Developer/Xcode/DerivedData/Runner-azwhhbflkbtmkxelbbewewazdvyb/Build/Products
    BUILD_LIBRARY_FOR_DISTRIBUTION = NO
    BUILD_ONLY_KNOWN_LOCALIZATIONS = NO
    BUILD_ROOT = /Users/jose/Library/Developer/Xcode/DerivedData/Runner-azwhhbflkbtmkxelbbewewazdvyb/Build/Products
    BUILD_STYLE =
    BUILD_VARIANTS = normal
    BUILT_PRODUCTS_DIR = /Users/jose/Library/Developer/Xcode/DerivedData/Runner-azwhhbflkbtmkxelbbewewazdvyb/Build/Products/Release-iphoneos
    BUNDLE_CONTENTS_FOLDER_PATH_deep = Contents/
    BUNDLE_EXECUTABLE_FOLDER_NAME_deep = MacOS
    BUNDLE_EXTENSIONS_FOLDER_PATH = Extensions
    BUNDLE_FORMAT = shallow
    BUNDLE_FRAMEWORKS_FOLDER_PATH = Frameworks
    BUNDLE_PLUGINS_FOLDER_PATH = PlugIns
    BUNDLE_PRIVATE_HEADERS_FOLDER_PATH = PrivateHeaders
    BUNDLE_PUBLIC_HEADERS_FOLDER_PATH = Headers
    CACHE_ROOT = /var/folders/6s/dp27g8gn26j9mp36sjfxb9tw0000gn/C/com.apple.DeveloperTools/26.5-17F42/Xcode
    CCHROOT = /var/folders/6s/dp27g8gn26j9mp36sjfxb9tw0000gn/C/com.apple.DeveloperTools/26.5-17F42/Xcode
    CHMOD = /bin/chmod
    CHOWN = chown
    CLANG_ANALYZER_NONNULL = YES
    CLANG_CACHE_FINE_GRAINED_OUTPUTS = YES
    CLANG_CXX_LANGUAGE_STANDARD = gnu++0x
    CLANG_CXX_LIBRARY = libc++
    CLANG_ENABLE_EXPLICIT_MODULES = YES
    CLANG_ENABLE_MODULES = YES
    CLANG_ENABLE_OBJC_ARC = YES
    CLANG_MODULES_BUILD_SESSION_FILE = /Users/jose/Library/Developer/Xcode/DerivedData/ModuleCache.noindex/Session.modulevalidation
    CLANG_WARN_BLOCK_CAPTURE_AUTORELEASING = YES
    CLANG_WARN_BOOL_CONVERSION = YES
    CLANG_WARN_COMMA = YES
    CLANG_WARN_CONSTANT_CONVERSION = YES
    CLANG_WARN_DEPRECATED_OBJC_IMPLEMENTATIONS = YES
    CLANG_WARN_DIRECT_OBJC_ISA_USAGE = YES_ERROR
    CLANG_WARN_EMPTY_BODY = YES
    CLANG_WARN_ENUM_CONVERSION = YES
    CLANG_WARN_INFINITE_RECURSION = YES
    CLANG_WARN_INT_CONVERSION = YES
    CLANG_WARN_NON_LITERAL_NULL_CONVERSION = YES
    CLANG_WARN_OBJC_IMPLICIT_RETAIN_SELF = YES
    CLANG_WARN_OBJC_LITERAL_CONVERSION = YES
    CLANG_WARN_OBJC_ROOT_CLASS = YES_ERROR
    CLANG_WARN_QUOTED_INCLUDE_IN_FRAMEWORK_HEADER = NO
    CLANG_WARN_RANGE_LOOP_ANALYSIS = YES
    CLANG_WARN_STRICT_PROTOTYPES = YES
    CLANG_WARN_SUSPICIOUS_MOVE = YES
    CLANG_WARN_UNREACHABLE_CODE = YES
    CLANG_WARN__DUPLICATE_METHOD_MATCH = YES
    CLASS_FILE_DIR = /Users/jose/Library/Developer/Xcode/DerivedData/Runner-azwhhbflkbtmkxelbbewewazdvyb/Build/Intermediates.noindex/Runner.build/Release-iphoneos/Runner.build/JavaClasses
    CLEAN_PRECOMPS = YES
    CLONE_HEADERS = NO
    COCOAPODS_PARALLEL_CODE_SIGN = true
    CODESIGNING_FOLDER_PATH = /Users/jose/Library/Developer/Xcode/DerivedData/Runner-azwhhbflkbtmkxelbbewewazdvyb/Build/Products/Release-iphoneos/Runner.app
    CODE_SIGNING_ALLOWED = YES
    CODE_SIGNING_REQUIRED = YES
    CODE_SIGN_CONTEXT_CLASS = XCiPhoneOSCodeSignContext
    CODE_SIGN_IDENTITY = iPhone Developer
    CODE_SIGN_INJECT_BASE_ENTITLEMENTS = YES
    CODE_SIGN_STYLE = Automatic
    COLOR_DIAGNOSTICS = NO
    COMBINE_HIDPI_IMAGES = NO
    COMPILATION_CACHE_CAS_PATH = /Users/jose/Library/Developer/Xcode/DerivedData/CompilationCache.noindex
    COMPILATION_CACHE_KEEP_CAS_DIRECTORY = YES
    COMPILER_INDEX_STORE_ENABLE = Default
    COMPOSITE_SDK_DIRS = /Users/jose/Library/Developer/Xcode/DerivedData/Runner-azwhhbflkbtmkxelbbewewazdvyb/Build/Intermediates.noindex/CompositeSDKs
    COMPRESS_PNG_FILES = YES
    CONFIGURATION = Release
    CONFIGURATION_BUILD_DIR = /Users/jose/Library/Developer/Xcode/DerivedData/Runner-azwhhbflkbtmkxelbbewewazdvyb/Build/Products/Release-iphoneos
    CONFIGURATION_TEMP_DIR = /Users/jose/Library/Developer/Xcode/DerivedData/Runner-azwhhbflkbtmkxelbbewewazdvyb/Build/Intermediates.noindex/Runner.build/Release-iphoneos
    CONTENTS_FOLDER_PATH = Runner.app
    CONTENTS_FOLDER_PATH_SHALLOW_BUNDLE_NO = Runner.app/Contents
    CONTENTS_FOLDER_PATH_SHALLOW_BUNDLE_YES = Runner.app
    COPYING_PRESERVES_HFS_DATA = NO
    COPY_HEADERS_RUN_UNIFDEF = NO
    COPY_PHASE_STRIP = NO
    CORRESPONDING_SIMULATOR_PLATFORM_DIR = /Applications/Xcode.app/Contents/Developer/Platforms/iPhoneSimulator.platform
    CORRESPONDING_SIMULATOR_PLATFORM_NAME = iphonesimulator
    CORRESPONDING_SIMULATOR_SDK_DIR = /Applications/Xcode.app/Contents/Developer/Platforms/iPhoneSimulator.platform/Developer/SDKs/iPhoneSimulator26.5.sdk
    CORRESPONDING_SIMULATOR_SDK_NAME = iphonesimulator26.5
    CP = /bin/cp
    CREATE_INFOPLIST_SECTION_IN_BINARY = NO
    CURRENT_ARCH = undefined_arch
    CURRENT_PROJECT_VERSION = 16
    CURRENT_VARIANT = normal
    DART_DEFINES = SFlEUkFDQU1fQVVUT01BVElPTj10cnVl,SFlEUkFDQU1fQVVUT01BVElPTl9QT1JUPTQ3NjI=,RkxVVFRFUl9WRVJTSU9OPTMuNDQuMQ==,RkxVVFRFUl9DSEFOTkVMPXN0YWJsZQ==,RkxVVFRFUl9HSVRfVVJMPWh0dHBzOi8vZ2l0aHViLmNvbS9mbHV0dGVyL2ZsdXR0ZXIuZ2l0,RkxVVFRFUl9GUkFNRVdPUktfUkVWSVNJT049OTI0MTM0YTQ0Yw==,RkxVVFRFUl9FTkdJTkVfUkVWSVNJT049YzQxNmFjZmViOA==,RkxVVFRFUl9EQVJUX1ZFUlNJT049My4xMi4x
    DART_OBFUSCATION = false
    DEAD_CODE_STRIPPING = YES
    DEBUGGING_SYMBOLS = YES
    DEBUG_INFORMATION_FORMAT = dwarf-with-dsym
    DEBUG_INFORMATION_VERSION = compiler-default
    DEFAULT_COMPILER = com.apple.compilers.llvm.clang.1_0
    DEFAULT_DEXT_INSTALL_PATH = /System/Library/DriverExtensions
    DEFAULT_KEXT_INSTALL_PATH = /System/Library/Extensions
    DEFINES_MODULE = NO
    DEPLOYMENT_LOCATION = NO
    DEPLOYMENT_POSTPROCESSING = NO
    DEPLOYMENT_TARGET_SETTING_NAME = IPHONEOS_DEPLOYMENT_TARGET
    DEPLOYMENT_TARGET_SUGGESTED_VALUES = 12.0 12.1 12.2 12.3 12.4 13.0 13.1 13.2 13.3 13.4 13.5 13.6 14.0 14.1 14.2 14.3 14.4 14.5 14.6 14.7 15.0 15.1 15.2 15.3 15.4 15.5 15.6 16.0 16.1 16.2 16.3 16.4 16.5 16.6 17.0 17.1 17.2 17.3 17.4 17.5 17.6 18.0 18.1 18.2 18.3 18.4 18.5 18.6 26.0 26.2 26.3 26.4 26.5
    DERIVED_FILES_DIR = /Users/jose/Library/Developer/Xcode/DerivedData/Runner-azwhhbflkbtmkxelbbewewazdvyb/Build/Intermediates.noindex/Runner.build/Release-iphoneos/Runner.build/DerivedSources
    DERIVED_FILE_DIR = /Users/jose/Library/Developer/Xcode/DerivedData/Runner-azwhhbflkbtmkxelbbewewazdvyb/Build/Intermediates.noindex/Runner.build/Release-iphoneos/Runner.build/DerivedSources
    DERIVED_SOURCES_DIR = /Users/jose/Library/Developer/Xcode/DerivedData/Runner-azwhhbflkbtmkxelbbewewazdvyb/Build/Intermediates.noindex/Runner.build/Release-iphoneos/Runner.build/DerivedSources
    DERIVE_MACCATALYST_PRODUCT_BUNDLE_IDENTIFIER = NO
    DEVELOPER_APPLICATIONS_DIR = /Applications/Xcode.app/Contents/Developer/Applications
    DEVELOPER_BIN_DIR = /Applications/Xcode.app/Contents/Developer/usr/bin
    DEVELOPER_DIR = /Applications/Xcode.app/Contents/Developer
    DEVELOPER_FRAMEWORKS_DIR = /Applications/Xcode.app/Contents/Developer/Library/Frameworks
    DEVELOPER_FRAMEWORKS_DIR_QUOTED = /Applications/Xcode.app/Contents/Developer/Library/Frameworks
    DEVELOPER_LIBRARY_DIR = /Applications/Xcode.app/Contents/Developer/Library
    DEVELOPER_SDK_DIR = /Applications/Xcode.app/Contents/Developer/Platforms/MacOSX.platform/Developer/SDKs
    DEVELOPER_TOOLS_DIR = /Applications/Xcode.app/Contents/Developer/Tools
    DEVELOPER_USR_DIR = /Applications/Xcode.app/Contents/Developer/usr
    DEVELOPMENT_LANGUAGE = en
    DEVELOPMENT_TEAM = 4RRY2QT7H8
    DIAGNOSE_MISSING_TARGET_DEPENDENCIES = YES
    DIFF = /usr/bin/diff
    DOCUMENTATION_FOLDER_PATH = Runner.app/en.lproj/Documentation
    DONT_GENERATE_INFOPLIST_FILE = NO
    DRIVERKIT_DEPLOYMENT_TARGET = 25.5
    DSTROOT = /tmp/Runner.dst
    DT_TOOLCHAIN_DIR = /Applications/Xcode.app/Contents/Developer/Toolchains/XcodeDefault.xctoolchain
    DUMP_DEPENDENCIES = NO
    DUMP_DEPENDENCIES_OUTPUT_PATH = /Users/jose/Library/Developer/Xcode/DerivedData/Runner-azwhhbflkbtmkxelbbewewazdvyb/Build/Intermediates.noindex/Runner.build/Release-iphoneos/Runner.build/Runner-BuildDependencyInfo.json
    DWARF_DSYM_FILE_NAME = Runner.app.dSYM
    DWARF_DSYM_FILE_SHOULD_ACCOMPANY_PRODUCT = NO
    DWARF_DSYM_FOLDER_PATH = /Users/jose/Library/Developer/Xcode/DerivedData/Runner-azwhhbflkbtmkxelbbewewazdvyb/Build/Products/Release-iphoneos
    DYNAMIC_LIBRARY_EXTENSION = dylib
    EAGER_COMPILATION_ALLOW_SCRIPTS = NO
    EAGER_LINKING = NO
    EFFECTIVE_PLATFORM_NAME = -iphoneos
    EFFECTIVE_SWIFT_VERSION = 5
    EMBEDDED_CONTENT_CONTAINS_SWIFT = NO
    EMBEDDED_PROFILE_NAME = embedded.mobileprovision
    EMBED_ASSET_PACKS_IN_PRODUCT_BUNDLE = NO
    ENABLE_APP_SANDBOX = NO
    ENABLE_BITCODE = NO
    ENABLE_CODE_COVERAGE = YES
    ENABLE_COHORT_ARCHS = NO
    ENABLE_CPLUSPLUS_BOUNDS_SAFE_BUFFERS = NO
    ENABLE_C_BOUNDS_SAFETY = NO
    ENABLE_DEBUG_DYLIB = YES
    ENABLE_DEFAULT_HEADER_SEARCH_PATHS = YES
    ENABLE_DEFAULT_SEARCH_PATHS = YES
    ENABLE_ENHANCED_SECURITY = NO
    ENABLE_HARDENED_RUNTIME = NO
    ENABLE_HEADER_DEPENDENCIES = YES
    ENABLE_INCOMING_NETWORK_CONNECTIONS = NO
    ENABLE_MODULE_VERIFIER = YES
    ENABLE_NS_ASSERTIONS = NO
    ENABLE_ON_DEMAND_RESOURCES = YES
    ENABLE_OUTGOING_NETWORK_CONNECTIONS = NO
    ENABLE_POINTER_AUTHENTICATION = NO
    ENABLE_RESOURCE_ACCESS_AUDIO_INPUT = NO
    ENABLE_RESOURCE_ACCESS_BLUETOOTH = NO
    ENABLE_RESOURCE_ACCESS_CALENDARS = NO
    ENABLE_RESOURCE_ACCESS_CAMERA = NO
    ENABLE_RESOURCE_ACCESS_CONTACTS = NO
    ENABLE_RESOURCE_ACCESS_LOCATION = NO
    ENABLE_RESOURCE_ACCESS_PHOTO_LIBRARY = NO
    ENABLE_RESOURCE_ACCESS_PRINTING = NO
    ENABLE_RESOURCE_ACCESS_USB = NO
    ENABLE_SDK_IMPORTS = NO
    ENABLE_SECURITY_COMPILER_WARNINGS = NO
    ENABLE_STRICT_OBJC_MSGSEND = YES
    ENABLE_TESTABILITY = NO
    ENABLE_TESTING_SEARCH_PATHS = NO
    ENABLE_USER_SCRIPT_SANDBOXING = NO
    ENFORCE_VALID_ARCHS = YES
    ENTITLEMENTS_ALLOWED = YES
    ENTITLEMENTS_DESTINATION = Signature
    ENTITLEMENTS_REQUIRED = NO
    EXCLUDED_ARCHS = armv7
    EXCLUDED_INSTALLSRC_SUBDIRECTORY_PATTERNS = .DS_Store .svn .git .hg CVS
    EXCLUDED_RECURSIVE_SEARCH_PATH_SUBDIRECTORIES = *.nib *.lproj *.framework *.gch *.xcode* *.xcassets *.icon (*) .DS_Store CVS .svn .git .hg *.pbproj *.pbxproj
    EXECUTABLES_FOLDER_PATH = Runner.app/Executables
    EXECUTABLE_FOLDER_PATH = Runner.app
    EXECUTABLE_FOLDER_PATH_SHALLOW_BUNDLE_NO = Runner.app/MacOS
    EXECUTABLE_FOLDER_PATH_SHALLOW_BUNDLE_YES = Runner.app
    EXECUTABLE_NAME = Runner
    EXECUTABLE_PATH = Runner.app/Runner
    EXTENSIONS_FOLDER_PATH = Runner.app/Extensions
    FILE_LIST = /Users/jose/Library/Developer/Xcode/DerivedData/Runner-azwhhbflkbtmkxelbbewewazdvyb/Build/Intermediates.noindex/Runner.build/Release-iphoneos/Runner.build/Objects/LinkFileList
    FIXED_FILES_DIR = /Users/jose/Library/Developer/Xcode/DerivedData/Runner-azwhhbflkbtmkxelbbewewazdvyb/Build/Intermediates.noindex/Runner.build/Release-iphoneos/Runner.build/FixedFiles
    FLUTTER_APPLICATION_PATH = /Users/jose/src/work/hydracamv2
    FLUTTER_BUILD_DIR = build
    FLUTTER_BUILD_NAME = 1.4.0
    FLUTTER_BUILD_NUMBER = 16
    FLUTTER_FRAMEWORK_SWIFT_PACKAGE_PATH = /Users/jose/src/work/hydracamv2/ios/Flutter/ephemeral/Packages/.packages/FlutterFramework
    FLUTTER_ROOT = /opt/homebrew/Caskroom/flutter/3.29.3/flutter
    FLUTTER_TARGET = lib/main.dart
    FRAMEWORKS_FOLDER_PATH = Runner.app/Frameworks
    FRAMEWORK_FLAG_PREFIX = -framework
    FRAMEWORK_SEARCH_PATHS = /Users/jose/Library/Developer/Xcode/DerivedData/Runner-azwhhbflkbtmkxelbbewewazdvyb/Build/Products/Release-iphoneos  "/Users/jose/Library/Developer/Xcode/DerivedData/Runner-azwhhbflkbtmkxelbbewewazdvyb/Build/Products/Release-iphoneos/disk_space_plus" "/Users/jose/Library/Developer/Xcode/DerivedData/Runner-azwhhbflkbtmkxelbbewewazdvyb/Build/Products/Release-iphoneos/permission_handler_apple" "/Users/jose/Library/Developer/Xcode/DerivedData/Runner-azwhhbflkbtmkxelbbewewazdvyb/Build/Products/Release-iphoneos/photo_manager" "/Users/jose/Library/Developer/Xcode/DerivedData/Runner-azwhhbflkbtmkxelbbewewazdvyb/Build/Products/Release-iphoneos/disk_space_plus" "/Users/jose/Library/Developer/Xcode/DerivedData/Runner-azwhhbflkbtmkxelbbewewazdvyb/Build/Products/Release-iphoneos/permission_handler_apple" "/Users/jose/Library/Developer/Xcode/DerivedData/Runner-azwhhbflkbtmkxelbbewewazdvyb/Build/Products/Release-iphoneos/photo_manager"
    FRAMEWORK_VERSION = A
    FULL_PRODUCT_NAME = Runner.app
    FUSE_BUILD_PHASES = YES
    FUSE_BUILD_SCRIPT_PHASES = NO
    GCC3_VERSION = 3.3
    GCC_C_LANGUAGE_STANDARD = gnu99
    GCC_DYNAMIC_NO_PIC = NO
    GCC_INLINES_ARE_PRIVATE_EXTERN = YES
    GCC_NO_COMMON_BLOCKS = YES
    GCC_PFE_FILE_C_DIALECTS = c objective-c c++ objective-c++
    GCC_PREPROCESSOR_DEFINITIONS =  COCOAPODS=1 COCOAPODS=1
    GCC_SYMBOLS_PRIVATE_EXTERN = YES
    GCC_THUMB_SUPPORT = YES
    GCC_TREAT_WARNINGS_AS_ERRORS = NO
    GCC_VERSION = com.apple.compilers.llvm.clang.1_0
    GCC_VERSION_IDENTIFIER = com_apple_compilers_llvm_clang_1_0
    GCC_WARN_64_TO_32_BIT_CONVERSION = YES
    GCC_WARN_ABOUT_RETURN_TYPE = YES_ERROR
    GCC_WARN_UNDECLARED_SELECTOR = YES
    GCC_WARN_UNINITIALIZED_AUTOS = YES_AGGRESSIVE
    GCC_WARN_UNUSED_FUNCTION = YES
    GCC_WARN_UNUSED_VARIABLE = YES
    GENERATED_MODULEMAP_DIR = /Users/jose/Library/Developer/Xcode/DerivedData/Runner-azwhhbflkbtmkxelbbewewazdvyb/Build/Intermediates.noindex/GeneratedModuleMaps-iphoneos
    GENERATE_INFOPLIST_FILE = NO
    GENERATE_INTERMEDIATE_TEXT_BASED_STUBS = YES
    GENERATE_PKGINFO_FILE = YES
    GENERATE_PRELINK_OBJECT_FILE = NO
    GENERATE_PROFILING_CODE = NO
    GENERATE_TEXT_BASED_STUBS = NO
    GID = 20
    GROUP = staff
    HEADERMAP_INCLUDES_FLAT_ENTRIES_FOR_TARGET_BEING_BUILT = YES
    HEADERMAP_INCLUDES_FRAMEWORK_ENTRIES_FOR_ALL_PRODUCT_TYPES = YES
    HEADERMAP_INCLUDES_FRAMEWORK_ENTRIES_FOR_TARGETS_NOT_BEING_BUILT = YES
    HEADERMAP_INCLUDES_NONPUBLIC_NONPRIVATE_HEADERS = YES
    HEADERMAP_INCLUDES_PROJECT_HEADERS = YES
    HEADERMAP_USES_FRAMEWORK_PREFIX_ENTRIES = YES
    HEADERMAP_USES_VFS = NO
    HEADER_SEARCH_PATHS = /Users/jose/Library/Developer/Xcode/DerivedData/Runner-azwhhbflkbtmkxelbbewewazdvyb/Build/Products/Release-iphoneos/include  "/Users/jose/Library/Developer/Xcode/DerivedData/Runner-azwhhbflkbtmkxelbbewewazdvyb/Build/Products/Release-iphoneos/disk_space_plus/disk_space_plus.framework/Headers" "/Users/jose/Library/Developer/Xcode/DerivedData/Runner-azwhhbflkbtmkxelbbewewazdvyb/Build/Products/Release-iphoneos/permission_handler_apple/permission_handler_apple.framework/Headers" "/Users/jose/Library/Developer/Xcode/DerivedData/Runner-azwhhbflkbtmkxelbbewewazdvyb/Build/Products/Release-iphoneos/photo_manager/photo_manager.framework/Headers" "/Users/jose/Library/Developer/Xcode/DerivedData/Runner-azwhhbflkbtmkxelbbewewazdvyb/Build/Products/Release-iphoneos/disk_space_plus/disk_space_plus.framework/Headers" "/Users/jose/Library/Developer/Xcode/DerivedData/Runner-azwhhbflkbtmkxelbbewewazdvyb/Build/Products/Release-iphoneos/permission_handler_apple/permission_handler_apple.framework/Headers" "/Users/jose/Library/Developer/Xcode/DerivedData/Runner-azwhhbflkbtmkxelbbewewazdvyb/Build/Products/Release-iphoneos/photo_manager/photo_manager.framework/Headers"
    HOME = /Users/jose
    HOST_ARCH = arm64
    HOST_PLATFORM = macosx
    ICONV = /usr/bin/iconv
    IMPLICIT_DEPENDENCY_DOMAIN = default
    INDEX_STORE_COMPRESS = NO
    INDEX_STORE_ONLY_PROJECT_FILES = NO
    INFOPLIST_ENABLE_CFBUNDLEICONS_MERGE = YES
    INFOPLIST_EXPAND_BUILD_SETTINGS = YES
    INFOPLIST_FILE = Runner/Info.plist
    INFOPLIST_OUTPUT_FORMAT = binary
    INFOPLIST_PATH = Runner.app/Info.plist
    INFOPLIST_PREPROCESS = NO
    INFOSTRINGS_PATH = Runner.app/en.lproj/InfoPlist.strings
    INLINE_PRIVATE_FRAMEWORKS = NO
    INSTALLAPI_IGNORE_SKIP_INSTALL = YES
    INSTALLHDRS_COPY_PHASE = NO
    INSTALLHDRS_SCRIPT_PHASE = NO
    INSTALL_DIR = /tmp/Runner.dst/Applications
    INSTALL_GROUP = staff
    INSTALL_MODE_FLAG = u+w,go-w,a+rX
    INSTALL_OWNER = jose
    INSTALL_PATH = /Applications
    INSTALL_ROOT = /tmp/Runner.dst
    IPHONEOS_DEPLOYMENT_TARGET = 13.0
    IS_UNOPTIMIZED_BUILD = NO
    JAVAC_DEFAULT_FLAGS = -J-Xms64m -J-XX:NewSize=4M -J-Dfile.encoding=UTF8
    JAVA_APP_STUB = /System/Library/Frameworks/JavaVM.framework/Resources/MacOS/JavaApplicationStub
    JAVA_ARCHIVE_CLASSES = YES
    JAVA_ARCHIVE_TYPE = JAR
    JAVA_COMPILER = /usr/bin/javac
    JAVA_FOLDER_PATH = Runner.app/Java
    JAVA_FRAMEWORK_RESOURCES_DIRS = Resources
    JAVA_JAR_FLAGS = cv
    JAVA_SOURCE_SUBDIR = .
    JAVA_USE_DEPENDENCIES = YES
    JAVA_ZIP_FLAGS = -urg
    JIKES_DEFAULT_FLAGS = +E +OLDCSO
    KASAN_CFLAGS_CLASSIC = -DKASAN=1 -DKASAN_CLASSIC=1 -fsanitize=address -mllvm -asan-globals-live-support -mllvm -asan-force-dynamic-shadow
    KASAN_CFLAGS_TBI = -DKASAN=1 -DKASAN_TBI=1 -fsanitize=kernel-hwaddress -mllvm -hwasan-recover=0 -mllvm -hwasan-instrument-atomics=0 -mllvm -hwasan-instrument-stack=1 -mllvm -hwasan-generate-tags-with-calls=1 -mllvm -hwasan-instrument-with-calls=1 -mllvm -hwasan-use-short-granules=0 -mllvm -hwasan-memory-access-callback-prefix=__asan_
    KASAN_DEFAULT_CFLAGS = -DKASAN=1 -DKASAN_CLASSIC=1 -fsanitize=address -mllvm -asan-globals-live-support -mllvm -asan-force-dynamic-shadow
    KEEP_PRIVATE_EXTERNS = NO
    LD_DEPENDENCY_INFO_FILE = /Users/jose/Library/Developer/Xcode/DerivedData/Runner-azwhhbflkbtmkxelbbewewazdvyb/Build/Intermediates.noindex/Runner.build/Release-iphoneos/Runner.build/Objects-normal/undefined_arch/Runner_dependency_info.dat
    LD_EXPORT_SYMBOLS = YES
    LD_GENERATE_MAP_FILE = NO
    LD_MAP_FILE_PATH = /Users/jose/Library/Developer/Xcode/DerivedData/Runner-azwhhbflkbtmkxelbbewewazdvyb/Build/Intermediates.noindex/Runner.build/Release-iphoneos/Runner.build/Runner-LinkMap-normal-undefined_arch.txt
    LD_NO_PIE = NO
    LD_QUOTE_LINKER_ARGUMENTS_FOR_COMPILER_DRIVER = YES
    LD_RUNPATH_SEARCH_PATHS =  /usr/lib/swift '@executable_path/Frameworks' '@loader_path/Frameworks' /usr/lib/swift '@executable_path/Frameworks' '@loader_path/Frameworks' @executable_path/Frameworks
    LD_RUNPATH_SEARCH_PATHS_YES = @loader_path/../Frameworks
    LD_SHARED_CACHE_ELIGIBLE = Automatic
    LD_WARN_DUPLICATE_LIBRARIES = NO
    LD_WARN_UNUSED_DYLIBS = NO
    LEGACY_DEVELOPER_DIR = /Applications/Xcode.app/Contents/PlugIns/Xcode3Core.ideplugin/Contents/SharedSupport/Developer
    LEX = lex
    LIBRARY_DEXT_INSTALL_PATH = /Library/DriverExtensions
    LIBRARY_FLAG_NOSPACE = YES
    LIBRARY_FLAG_PREFIX = -l
    LIBRARY_KEXT_INSTALL_PATH = /Library/Extensions
    LIBRARY_SEARCH_PATHS = /Users/jose/Library/Developer/Xcode/DerivedData/Runner-azwhhbflkbtmkxelbbewewazdvyb/Build/Products/Release-iphoneos /Applications/Xcode.app/Contents/Developer/Toolchains/XcodeDefault.xctoolchain/usr/lib/swift/iphoneos /Applications/Xcode.app/Contents/Developer/Platforms/iPhoneOS.platform/Developer/SDKs/iPhoneOS26.5.sdk/usr/lib/swift /Applications/Xcode.app/Contents/Developer/Toolchains/XcodeDefault.xctoolchain/usr/lib/swift/iphoneos /Applications/Xcode.app/Contents/Developer/Platforms/iPhoneOS.platform/Developer/SDKs/iPhoneOS26.5.sdk/usr/lib/swift
    LINKER_DISPLAYS_MANGLED_NAMES = NO
    LINK_FILE_LIST_normal_arm64 = /Users/jose/Library/Developer/Xcode/DerivedData/Runner-azwhhbflkbtmkxelbbewewazdvyb/Build/Intermediates.noindex/Runner.build/Release-iphoneos/Runner.build/Objects-normal/arm64/Runner.LinkFileList
    LINK_OBJC_RUNTIME = YES
    LINK_WITH_STANDARD_LIBRARIES = YES
    LLVM_TARGET_TRIPLE_OS_VERSION = ios13.0
    LLVM_TARGET_TRIPLE_VENDOR = apple
    LM_AUX_CONST_METADATA_LIST_PATH_normal_arm64 = /Users/jose/Library/Developer/Xcode/DerivedData/Runner-azwhhbflkbtmkxelbbewewazdvyb/Build/Intermediates.noindex/Runner.build/Release-iphoneos/Runner.build/Objects-normal/arm64/Runner.SwiftConstValuesFileList
    LOCALIZATION_EXPORT_SUPPORTED = YES
    LOCALIZATION_PREFERS_STRING_CATALOGS = NO
    LOCALIZED_RESOURCES_FOLDER_PATH = Runner.app/en.lproj
    LOCALIZED_STRING_CODE_COMMENTS = NO
    LOCALIZED_STRING_MACRO_NAMES = NSLocalizedString CFCopyLocalizedString
    LOCALIZED_STRING_SWIFTUI_SUPPORT = YES
    LOCAL_ADMIN_APPS_DIR = /Applications/Utilities
    LOCAL_APPS_DIR = /Applications
    LOCAL_DEVELOPER_DIR = /Library/Developer
    LOCAL_LIBRARY_DIR = /Library
    LOCROOT = /Users/jose/src/work/hydracamv2/ios
    LOCSYMROOT = /Users/jose/src/work/hydracamv2/ios
    MACH_O_TYPE = mh_execute
    MACOSX_DEPLOYMENT_TARGET = 26.5
    MAC_OS_X_PRODUCT_BUILD_VERSION = 25E253
    MAC_OS_X_VERSION_ACTUAL = 260401
    MAC_OS_X_VERSION_MAJOR = 260000
    MAC_OS_X_VERSION_MINOR = 260400
    MAKE_MERGEABLE = NO
    MERGEABLE_LIBRARY = NO
    MERGED_BINARY_TYPE = none
    MERGE_LINKED_LIBRARIES = NO
    METAL_LIBRARY_FILE_BASE = default
    METAL_LIBRARY_OUTPUT_DIR = /Users/jose/Library/Developer/Xcode/DerivedData/Runner-azwhhbflkbtmkxelbbewewazdvyb/Build/Products/Release-iphoneos/Runner.app
    MODULES_FOLDER_PATH = Runner.app/Modules
    MODULE_CACHE_DIR = /Users/jose/Library/Developer/Xcode/DerivedData/ModuleCache.noindex
    MODULE_VERIFIER_SUPPORTED_LANGUAGE_STANDARDS = gnu99 gnu++11
    MTL_ENABLE_DEBUG_INFO = NO
    NATIVE_ARCH = arm64
    NATIVE_ARCH_32_BIT = arm
    NATIVE_ARCH_64_BIT = arm64
    NATIVE_ARCH_ACTUAL = arm64
    NO_COMMON = YES
    OBJECT_FILE_DIR = /Users/jose/Library/Developer/Xcode/DerivedData/Runner-azwhhbflkbtmkxelbbewewazdvyb/Build/Intermediates.noindex/Runner.build/Release-iphoneos/Runner.build/Objects
    OBJECT_FILE_DIR_normal = /Users/jose/Library/Developer/Xcode/DerivedData/Runner-azwhhbflkbtmkxelbbewewazdvyb/Build/Intermediates.noindex/Runner.build/Release-iphoneos/Runner.build/Objects-normal
    OBJROOT = /Users/jose/Library/Developer/Xcode/DerivedData/Runner-azwhhbflkbtmkxelbbewewazdvyb/Build/Intermediates.noindex
    ONLY_ACTIVE_ARCH = NO
    OS = MACOS
    OSAC = /usr/bin/osacompile
    OTHER_LDFLAGS =  -ObjC -framework "PhotosUI" -framework "disk_space_plus" -framework "permission_handler_apple" -framework "photo_manager" -ObjC -framework "PhotosUI" -framework "disk_space_plus" -framework "permission_handler_apple" -framework "photo_manager"
    OTHER_MODULE_VERIFIER_FLAGS =  "-F/Users/jose/Library/Developer/Xcode/DerivedData/Runner-azwhhbflkbtmkxelbbewewazdvyb/Build/Products/Release-iphoneos/Flutter" "-F/Users/jose/Library/Developer/Xcode/DerivedData/Runner-azwhhbflkbtmkxelbbewewazdvyb/Build/Products/Release-iphoneos/disk_space_plus" "-F/Users/jose/Library/Developer/Xcode/DerivedData/Runner-azwhhbflkbtmkxelbbewewazdvyb/Build/Products/Release-iphoneos/permission_handler_apple" "-F/Users/jose/Library/Developer/Xcode/DerivedData/Runner-azwhhbflkbtmkxelbbewewazdvyb/Build/Products/Release-iphoneos/photo_manager" "-F/Users/jose/Library/Developer/Xcode/DerivedData/Runner-azwhhbflkbtmkxelbbewewazdvyb/Build/Products/Release-iphoneos/Flutter" "-F/Users/jose/Library/Developer/Xcode/DerivedData/Runner-azwhhbflkbtmkxelbbewewazdvyb/Build/Products/Release-iphoneos/disk_space_plus" "-F/Users/jose/Library/Developer/Xcode/DerivedData/Runner-azwhhbflkbtmkxelbbewewazdvyb/Build/Products/Release-iphoneos/permission_handler_apple" "-F/Users/jose/Library/Developer/Xcode/DerivedData/Runner-azwhhbflkbtmkxelbbewewazdvyb/Build/Products/Release-iphoneos/photo_manager"
    OTHER_SWIFT_FLAGS =  -D COCOAPODS -D COCOAPODS
    PACKAGE_CONFIG = /Users/jose/src/work/hydracamv2/.dart_tool/package_config.json
    PACKAGE_TYPE = com.apple.package-type.wrapper.application
    PASCAL_STRINGS = YES
    PATH = /Applications/Xcode.app/Contents/SharedFrameworks/SwiftBuild.framework/Versions/A/PlugIns/SWBBuildService.bundle/Contents/PlugIns/SWBUniversalPlatformPlugin.bundle/Contents/Frameworks/SWBUniversalPlatform.framework/Resources:/Applications/Xcode.app/Contents/Developer/Toolchains/XcodeDefault.xctoolchain/usr/bin:/Applications/Xcode.app/Contents/Developer/Toolchains/XcodeDefault.xctoolchain/usr/local/bin:/Applications/Xcode.app/Contents/Developer/Toolchains/XcodeDefault.xctoolchain/usr/libexec:/Applications/Xcode.app/Contents/Developer/Platforms/iPhoneOS.platform/usr/bin:/Applications/Xcode.app/Contents/Developer/Platforms/iPhoneOS.platform/usr/local/bin:/Applications/Xcode.app/Contents/Developer/Platforms/iPhoneOS.platform/Developer/usr/bin:/Applications/Xcode.app/Contents/Developer/Platforms/iPhoneOS.platform/Developer/usr/local/bin:/Applications/Xcode.app/Contents/Developer/usr/bin:/Applications/Xcode.app/Contents/Developer/usr/local/bin:/Users/jose/.codex/tmp/arg0/codex-arg0p17LK3:/Users/jose/Library/Android/sdk/platform-tools:/Users/jose/Library/Android/sdk/emulator:/Users/jose/Library/Android/sdk/cmdline-tools/latest/bin:/Users/jose/.antigravity-ide/antigravity-ide/bin:/Users/jose/.opencode/bin:/Users/jose/.antigravity/antigravity/bin:/opt/homebrew/lib/ruby/gems/3.4.0/bin:/opt/homebrew/opt/ruby/bin:/Library/Frameworks/Python.framework/Versions/3.13/bin:/opt/homebrew/bin:/opt/homebrew/sbin:/usr/local/bin:/System/Cryptexes/App/usr/bin:/usr/bin:/bin:/usr/sbin:/sbin:/var/run/com.apple.security.cryptexd/codex.system/bootstrap/usr/local/bin:/var/run/com.apple.security.cryptexd/codex.system/bootstrap/usr/bin:/var/run/com.apple.security.cryptexd/codex.system/bootstrap/usr/appleinternal/bin:/opt/pkg/env/active/bin:/opt/pmk/env/global/bin:/Library/Apple/usr/bin:/usr/local/share/dotnet:/Users/jose/Library/Application:/Users/jose/.local/bin:/Users/jose/.lmstudio/bin:/Applications/Codex.app/Contents/Resources
    PATH_PREFIXES_EXCLUDED_FROM_HEADER_DEPENDENCIES = /usr/include /usr/local/include /System/Library/Frameworks /System/Library/PrivateFrameworks /Applications/Xcode.app/Contents/Developer/Headers /Applications/Xcode.app/Contents/Developer/SDKs /Applications/Xcode.app/Contents/Developer/Platforms
    PBDEVELOPMENTPLIST_PATH = Runner.app/pbdevelopment.plist
    PER_ARCH_MODULE_FILE_DIR = /Users/jose/Library/Developer/Xcode/DerivedData/Runner-azwhhbflkbtmkxelbbewewazdvyb/Build/Intermediates.noindex/Runner.build/Release-iphoneos/Runner.build/Objects-normal/undefined_arch
    PER_ARCH_OBJECT_FILE_DIR = /Users/jose/Library/Developer/Xcode/DerivedData/Runner-azwhhbflkbtmkxelbbewewazdvyb/Build/Intermediates.noindex/Runner.build/Release-iphoneos/Runner.build/Objects-normal/undefined_arch
    PER_VARIANT_OBJECT_FILE_DIR = /Users/jose/Library/Developer/Xcode/DerivedData/Runner-azwhhbflkbtmkxelbbewewazdvyb/Build/Intermediates.noindex/Runner.build/Release-iphoneos/Runner.build/Objects-normal
    PKGINFO_FILE_PATH = /Users/jose/Library/Developer/Xcode/DerivedData/Runner-azwhhbflkbtmkxelbbewewazdvyb/Build/Intermediates.noindex/Runner.build/Release-iphoneos/Runner.build/PkgInfo
    PKGINFO_PATH = Runner.app/PkgInfo
    PLATFORM_DEVELOPER_APPLICATIONS_DIR = /Applications/Xcode.app/Contents/Developer/Platforms/iPhoneOS.platform/Developer/Applications
    PLATFORM_DEVELOPER_BIN_DIR = /Applications/Xcode.app/Contents/Developer/Platforms/iPhoneOS.platform/Developer/usr/bin
    PLATFORM_DEVELOPER_LIBRARY_DIR = /Applications/Xcode.app/Contents/Developer/Platforms/iPhoneOS.platform/Developer/Library
    PLATFORM_DEVELOPER_SDK_DIR = /Applications/Xcode.app/Contents/Developer/Platforms/iPhoneOS.platform/Developer/SDKs
    PLATFORM_DEVELOPER_TOOLS_DIR = /Applications/Xcode.app/Contents/Developer/Platforms/iPhoneOS.platform/Developer/Tools
    PLATFORM_DEVELOPER_USR_DIR = /Applications/Xcode.app/Contents/Developer/Platforms/iPhoneOS.platform/Developer/usr
    PLATFORM_DIR = /Applications/Xcode.app/Contents/Developer/Platforms/iPhoneOS.platform
    PLATFORM_DISPLAY_NAME = iOS
    PLATFORM_FAMILY_NAME = iOS
    PLATFORM_NAME = iphoneos
    PLATFORM_PREFERRED_ARCH = arm64
    PLATFORM_PRODUCT_BUILD_VERSION = 23F73
    PLATFORM_REQUIRES_SWIFT_AUTOLINK_EXTRACT = NO
    PLATFORM_REQUIRES_SWIFT_MODULEWRAP = NO
    PLATFORM_USES_DSYMS = YES
    PLIST_FILE_OUTPUT_FORMAT = binary
    PLUGINS_FOLDER_PATH = Runner.app/PlugIns
    PODS_BUILD_DIR = /Users/jose/Library/Developer/Xcode/DerivedData/Runner-azwhhbflkbtmkxelbbewewazdvyb/Build/Products
    PODS_CONFIGURATION_BUILD_DIR = /Users/jose/Library/Developer/Xcode/DerivedData/Runner-azwhhbflkbtmkxelbbewewazdvyb/Build/Products/Release-iphoneos
    PODS_PODFILE_DIR_PATH = /Users/jose/src/work/hydracamv2/ios/.
    PODS_ROOT = /Users/jose/src/work/hydracamv2/ios/Pods
    PODS_XCFRAMEWORKS_BUILD_DIR = /Users/jose/Library/Developer/Xcode/DerivedData/Runner-azwhhbflkbtmkxelbbewewazdvyb/Build/Products/Release-iphoneos/XCFrameworkIntermediates
    PRECOMPS_INCLUDE_HEADERS_FROM_BUILT_PRODUCTS_DIR = YES
    PRECOMP_DESTINATION_DIR = /Users/jose/Library/Developer/Xcode/DerivedData/Runner-azwhhbflkbtmkxelbbewewazdvyb/Build/Intermediates.noindex/Runner.build/Release-iphoneos/Runner.build/PrefixHeaders
    PRIVATE_HEADERS_FOLDER_PATH = Runner.app/PrivateHeaders
    PROCESSED_INFOPLIST_PATH = /Users/jose/Library/Developer/Xcode/DerivedData/Runner-azwhhbflkbtmkxelbbewewazdvyb/Build/Intermediates.noindex/Runner.build/Release-iphoneos/Runner.build/Objects-normal/undefined_arch/Processed-Info.plist
    PRODUCT_BUNDLE_IDENTIFIER = com.keepeyeonball
    PRODUCT_BUNDLE_PACKAGE_TYPE = APPL
    PRODUCT_MODULE_NAME = Runner
    PRODUCT_NAME = Runner
    PRODUCT_SETTINGS_PATH = /Users/jose/src/work/hydracamv2/ios/Runner/Info.plist
    PRODUCT_TYPE = com.apple.product-type.application
    PROFILING_CODE = NO
    PROJECT = Runner
    PROJECT_DERIVED_FILE_DIR = /Users/jose/Library/Developer/Xcode/DerivedData/Runner-azwhhbflkbtmkxelbbewewazdvyb/Build/Intermediates.noindex/Runner.build/DerivedSources
    PROJECT_DIR = /Users/jose/src/work/hydracamv2/ios
    PROJECT_FILE_PATH = /Users/jose/src/work/hydracamv2/ios/Runner.xcodeproj
    PROJECT_GUID = 18c1723432283e0cc55f10a6dcfd9e02
    PROJECT_NAME = Runner
    PROJECT_TEMP_DIR = /Users/jose/Library/Developer/Xcode/DerivedData/Runner-azwhhbflkbtmkxelbbewewazdvyb/Build/Intermediates.noindex/Runner.build
    PROJECT_TEMP_ROOT = /Users/jose/Library/Developer/Xcode/DerivedData/Runner-azwhhbflkbtmkxelbbewewazdvyb/Build/Intermediates.noindex
    PROVISIONING_PROFILE_REQUIRED = YES
    PROVISIONING_PROFILE_REQUIRED_YES_YES = YES
    PROVISIONING_PROFILE_SUPPORTED = YES
    PUBLIC_HEADERS_FOLDER_PATH = Runner.app/Headers
    RECOMMENDED_IPHONEOS_DEPLOYMENT_TARGET = 15.0
    RECURSIVE_SEARCH_PATHS_FOLLOW_SYMLINKS = YES
    REMOVE_CVS_FROM_RESOURCES = YES
    REMOVE_GIT_FROM_RESOURCES = YES
    REMOVE_HEADERS_FROM_EMBEDDED_BUNDLES = YES
    REMOVE_HG_FROM_RESOURCES = YES
    REMOVE_STATIC_EXECUTABLES_FROM_EMBEDDED_BUNDLES = YES
    REMOVE_SVN_FROM_RESOURCES = YES
    RESCHEDULE_INDEPENDENT_HEADERS_PHASES = YES
    REZ_COLLECTOR_DIR = /Users/jose/Library/Developer/Xcode/DerivedData/Runner-azwhhbflkbtmkxelbbewewazdvyb/Build/Intermediates.noindex/Runner.build/Release-iphoneos/Runner.build/ResourceManagerResources
    REZ_OBJECTS_DIR = /Users/jose/Library/Developer/Xcode/DerivedData/Runner-azwhhbflkbtmkxelbbewewazdvyb/Build/Intermediates.noindex/Runner.build/Release-iphoneos/Runner.build/ResourceManagerResources/Objects
    REZ_SEARCH_PATHS = /Users/jose/Library/Developer/Xcode/DerivedData/Runner-azwhhbflkbtmkxelbbewewazdvyb/Build/Products/Release-iphoneos
    RPATH_ORIGIN = @loader_path
    RUNTIME_EXCEPTION_ALLOW_DYLD_ENVIRONMENT_VARIABLES = NO
    RUNTIME_EXCEPTION_ALLOW_JIT = NO
    RUNTIME_EXCEPTION_ALLOW_UNSIGNED_EXECUTABLE_MEMORY = NO
    RUNTIME_EXCEPTION_DEBUGGING_TOOL = NO
    RUNTIME_EXCEPTION_DISABLE_EXECUTABLE_PAGE_PROTECTION = NO
    RUNTIME_EXCEPTION_DISABLE_LIBRARY_VALIDATION = NO
    SCANNING_PCM_KEEP_CACHE_DIRECTORY = YES
    SCAN_ALL_SOURCE_FILES_FOR_INCLUDES = NO
    SCRIPTS_FOLDER_PATH = Runner.app/Scripts
    SDKROOT = /Applications/Xcode.app/Contents/Developer/Platforms/iPhoneOS.platform/Developer/SDKs/iPhoneOS26.5.sdk
    SDK_DIR = /Applications/Xcode.app/Contents/Developer/Platforms/iPhoneOS.platform/Developer/SDKs/iPhoneOS26.5.sdk
    SDK_DIR_iphoneos = /Applications/Xcode.app/Contents/Developer/Platforms/iPhoneOS.platform/Developer/SDKs/iPhoneOS26.5.sdk
    SDK_DIR_iphoneos26_5 = /Applications/Xcode.app/Contents/Developer/Platforms/iPhoneOS.platform/Developer/SDKs/iPhoneOS26.5.sdk
    SDK_NAME = iphoneos26.5
    SDK_NAMES = iphoneos26.5
    SDK_PRODUCT_BUILD_VERSION = 23F73
    SDK_STAT_CACHE_DIR = /Users/jose/Library/Developer/Xcode/DerivedData
    SDK_STAT_CACHE_ENABLE = YES
    SDK_STAT_CACHE_PATH = /Users/jose/Library/Developer/Xcode/DerivedData/SDKStatCaches.noindex/iphoneos26.5-23F73-32daed1954a7d5dd0789fcaf2a9bb78b.sdkstatcache
    SDK_VERSION = 26.5
    SDK_VERSION_ACTUAL = 260500
    SDK_VERSION_MAJOR = 260000
    SDK_VERSION_MINOR = 260500
    SED = /usr/bin/sed
    SEPARATE_STRIP = NO
    SEPARATE_SYMBOL_EDIT = NO
    SET_DIR_MODE_OWNER_GROUP = YES
    SET_FILE_MODE_OWNER_GROUP = NO
    SHALLOW_BUNDLE = YES
    SHALLOW_BUNDLE_TRIPLE = ios
    SHALLOW_BUNDLE_ios_macabi = NO
    SHALLOW_BUNDLE_macos = NO
    SHARED_DERIVED_FILE_DIR = /Users/jose/Library/Developer/Xcode/DerivedData/Runner-azwhhbflkbtmkxelbbewewazdvyb/Build/Products/Release-iphoneos/DerivedSources
    SHARED_FRAMEWORKS_FOLDER_PATH = Runner.app/SharedFrameworks
    SHARED_PRECOMPS_DIR = /Users/jose/Library/Developer/Xcode/DerivedData/Runner-azwhhbflkbtmkxelbbewewazdvyb/Build/Intermediates.noindex/PrecompiledHeaders
    SHARED_SUPPORT_FOLDER_PATH = Runner.app/SharedSupport
    SKIP_INSTALL = NO
    SKIP_MERGEABLE_LIBRARY_BUNDLE_HOOK = NO
    SOURCE_ROOT = /Users/jose/src/work/hydracamv2/ios
    SRCROOT = /Users/jose/src/work/hydracamv2/ios
    STRINGSDATA_DIR = /Users/jose/Library/Developer/Xcode/DerivedData/Runner-azwhhbflkbtmkxelbbewewazdvyb/Build/Intermediates.noindex/Runner.build/Release-iphoneos/Runner.build/Objects-normal/undefined_arch
    STRINGSDATA_ROOT = /Users/jose/Library/Developer/Xcode/DerivedData/Runner-azwhhbflkbtmkxelbbewewazdvyb/Build/Intermediates.noindex/Runner.build/Release-iphoneos/Runner.build
    STRINGS_FILE_INFOPLIST_RENAME = YES
    STRINGS_FILE_OUTPUT_ENCODING = binary
    STRING_CATALOG_GENERATE_SYMBOLS = NO
    STRIP_BITCODE_FROM_COPIED_FILES = YES
    STRIP_INSTALLED_PRODUCT = YES
    STRIP_STYLE = all
    STRIP_SWIFT_SYMBOLS = YES
    SUPPORTED_DEVICE_FAMILIES = 1,2
    SUPPORTED_PLATFORMS = iphoneos
    SUPPORTS_MACCATALYST = NO
    SUPPORTS_MAC_DESIGNED_FOR_IPHONE_IPAD = YES
    SUPPORTS_ON_DEMAND_RESOURCES = YES
    SUPPORTS_TEXT_BASED_API = NO
    SUPPORTS_XR_DESIGNED_FOR_IPHONE_IPAD = YES
    SUPPRESS_WARNINGS = NO
    SWIFT_COMPILATION_MODE = wholemodule
    SWIFT_EMIT_CONST_VALUE_PROTOCOLS = AnyResolverProviding AppEntity AppEnum AppExtension AppIntent AppIntentsPackage AppShortcutProviding AppShortcutsProvider AppUnionValue AppUnionValueCasesProviding DynamicOptionsProvider EntityQuery ExtensionPointDefining IntentValueQuery Resolver TransientEntity _AssistantIntentsProvider _GenerativeFunctionExtractable _IntentValueRepresentable
    SWIFT_EMIT_LOC_STRINGS = NO
    SWIFT_ENABLE_EXPLICIT_MODULES = YES
    SWIFT_OBJC_BRIDGING_HEADER = Runner/Runner-Bridging-Header.h
    SWIFT_OPTIMIZATION_LEVEL = -O
    SWIFT_PLATFORM_TARGET_PREFIX = ios
    SWIFT_RESPONSE_FILE_PATH_normal_arm64 = /Users/jose/Library/Developer/Xcode/DerivedData/Runner-azwhhbflkbtmkxelbbewewazdvyb/Build/Intermediates.noindex/Runner.build/Release-iphoneos/Runner.build/Objects-normal/arm64/Runner.SwiftFileList
    SWIFT_VERSION = 5.0
    SYMROOT = /Users/jose/Library/Developer/Xcode/DerivedData/Runner-azwhhbflkbtmkxelbbewewazdvyb/Build/Products
    SYSTEM_ADMIN_APPS_DIR = /Applications/Utilities
    SYSTEM_APPS_DIR = /Applications
    SYSTEM_CORE_SERVICES_DIR = /System/Library/CoreServices
    SYSTEM_DEMOS_DIR = /Applications/Extras
    SYSTEM_DEVELOPER_APPS_DIR = /Applications/Xcode.app/Contents/Developer/Applications
    SYSTEM_DEVELOPER_BIN_DIR = /Applications/Xcode.app/Contents/Developer/usr/bin
    SYSTEM_DEVELOPER_DEMOS_DIR = /Applications/Xcode.app/Contents/Developer/Applications/Utilities/Built Examples
    SYSTEM_DEVELOPER_DIR = /Applications/Xcode.app/Contents/Developer
    SYSTEM_DEVELOPER_DOC_DIR = /Applications/Xcode.app/Contents/Developer/ADC Reference Library
    SYSTEM_DEVELOPER_GRAPHICS_TOOLS_DIR = /Applications/Xcode.app/Contents/Developer/Applications/Graphics Tools
    SYSTEM_DEVELOPER_JAVA_TOOLS_DIR = /Applications/Xcode.app/Contents/Developer/Applications/Java Tools
    SYSTEM_DEVELOPER_PERFORMANCE_TOOLS_DIR = /Applications/Xcode.app/Contents/Developer/Applications/Performance Tools
    SYSTEM_DEVELOPER_RELEASENOTES_DIR = /Applications/Xcode.app/Contents/Developer/ADC Reference Library/releasenotes
    SYSTEM_DEVELOPER_TOOLS = /Applications/Xcode.app/Contents/Developer/Tools
    SYSTEM_DEVELOPER_TOOLS_DOC_DIR = /Applications/Xcode.app/Contents/Developer/ADC Reference Library/documentation/DeveloperTools
    SYSTEM_DEVELOPER_TOOLS_RELEASENOTES_DIR = /Applications/Xcode.app/Contents/Developer/ADC Reference Library/releasenotes/DeveloperTools
    SYSTEM_DEVELOPER_USR_DIR = /Applications/Xcode.app/Contents/Developer/usr
    SYSTEM_DEVELOPER_UTILITIES_DIR = /Applications/Xcode.app/Contents/Developer/Applications/Utilities
    SYSTEM_DEXT_INSTALL_PATH = /System/Library/DriverExtensions
    SYSTEM_DOCUMENTATION_DIR = /Library/Documentation
    SYSTEM_EXTENSIONS_FOLDER_PATH = Runner.app/SystemExtensions
    SYSTEM_EXTENSIONS_FOLDER_PATH_SHALLOW_BUNDLE_NO = Runner.app/Library/SystemExtensions
    SYSTEM_EXTENSIONS_FOLDER_PATH_SHALLOW_BUNDLE_YES = Runner.app/SystemExtensions
    SYSTEM_KEXT_INSTALL_PATH = /System/Library/Extensions
    SYSTEM_LIBRARY_DIR = /System/Library
    TAPI_DEMANGLE = YES
    TAPI_ENABLE_PROJECT_HEADERS = NO
    TAPI_LANGUAGE = objective-c
    TAPI_LANGUAGE_STANDARD = compiler-default
    TAPI_USE_SRCROOT = YES
    TAPI_VERIFY_MODE = Pedantic
    TARGETED_DEVICE_FAMILY = 1,2
    TARGETNAME = Runner
    TARGET_BUILD_DIR = /Users/jose/Library/Developer/Xcode/DerivedData/Runner-azwhhbflkbtmkxelbbewewazdvyb/Build/Products/Release-iphoneos
    TARGET_NAME = Runner
    TARGET_TEMP_DIR = /Users/jose/Library/Developer/Xcode/DerivedData/Runner-azwhhbflkbtmkxelbbewewazdvyb/Build/Intermediates.noindex/Runner.build/Release-iphoneos/Runner.build
    TEMP_DIR = /Users/jose/Library/Developer/Xcode/DerivedData/Runner-azwhhbflkbtmkxelbbewewazdvyb/Build/Intermediates.noindex/Runner.build/Release-iphoneos/Runner.build
    TEMP_FILES_DIR = /Users/jose/Library/Developer/Xcode/DerivedData/Runner-azwhhbflkbtmkxelbbewewazdvyb/Build/Intermediates.noindex/Runner.build/Release-iphoneos/Runner.build
    TEMP_FILE_DIR = /Users/jose/Library/Developer/Xcode/DerivedData/Runner-azwhhbflkbtmkxelbbewewazdvyb/Build/Intermediates.noindex/Runner.build/Release-iphoneos/Runner.build
    TEMP_ROOT = /Users/jose/Library/Developer/Xcode/DerivedData/Runner-azwhhbflkbtmkxelbbewewazdvyb/Build/Intermediates.noindex
    TEMP_SANDBOX_DIR = /Users/jose/Library/Developer/Xcode/DerivedData/Runner-azwhhbflkbtmkxelbbewewazdvyb/Build/Intermediates.noindex/TemporaryTaskSandboxes
    TEST_FRAMEWORK_SEARCH_PATHS =  /Applications/Xcode.app/Contents/Developer/Platforms/iPhoneOS.platform/Developer/Library/Frameworks /Applications/Xcode.app/Contents/Developer/Platforms/iPhoneOS.platform/Developer/SDKs/iPhoneOS26.5.sdk/Developer/Library/Frameworks
    TEST_LIBRARY_SEARCH_PATHS =  /Applications/Xcode.app/Contents/Developer/Platforms/iPhoneOS.platform/Developer/usr/lib
    TOOLCHAINS = com.apple.dt.toolchain.XcodeDefault
    TOOLCHAIN_DIR = /Applications/Xcode.app/Contents/Developer/Toolchains/XcodeDefault.xctoolchain
    TRACK_WIDGET_CREATION = false
    TREAT_MISSING_BASELINES_AS_TEST_FAILURES = NO
    TREAT_MISSING_SCRIPT_PHASE_OUTPUTS_AS_ERRORS = NO
    TREE_SHAKE_ICONS = true
    TVOS_DEPLOYMENT_TARGET = 26.5
    UID = 501
    UNINSTALLED_PRODUCTS_DIR = /Users/jose/Library/Developer/Xcode/DerivedData/Runner-azwhhbflkbtmkxelbbewewazdvyb/Build/Intermediates.noindex/UninstalledProducts
    UNLOCALIZED_RESOURCES_FOLDER_PATH = Runner.app
    UNLOCALIZED_RESOURCES_FOLDER_PATH_SHALLOW_BUNDLE_NO = Runner.app/Resources
    UNLOCALIZED_RESOURCES_FOLDER_PATH_SHALLOW_BUNDLE_YES = Runner.app
    UNSTRIPPED_PRODUCT = NO
    USER = jose
    USER_APPS_DIR = /Users/jose/Applications
    USER_LIBRARY_DIR = /Users/jose/Library
    USE_DYNAMIC_NO_PIC = YES
    USE_HEADERMAP = YES
    USE_HEADER_SYMLINKS = NO
    USE_RECURSIVE_SCRIPT_INPUTS_IN_SCRIPT_PHASES = YES
    VALIDATE_DEVELOPMENT_ASSET_PATHS = YES_ERROR
    VALIDATE_PRODUCT = YES
    VALID_ARCHS = arm64 arm64e armv7 armv7s
    VERBOSE_PBXCP = NO
    VERSIONING_SYSTEM = apple-generic
    VERSIONPLIST_PATH = Runner.app/version.plist
    VERSION_INFO_BUILDER = jose
    VERSION_INFO_FILE = Runner_vers.c
    VERSION_INFO_STRING = "@(#)PROGRAM:Runner  PROJECT:Runner-16"
    WATCHOS_DEPLOYMENT_TARGET = 26.5
    WORKSPACE_DIR = /Users/jose/src/work/hydracamv2/ios
    WRAPPER_EXTENSION = app
    WRAPPER_NAME = Runner.app
    WRAPPER_SUFFIX = .app
    WRAP_ASSET_PACKS_IN_SEPARATE_DIRECTORIES = NO
    XCODE_APP_SUPPORT_DIR = /Applications/Xcode.app/Contents/Developer/Library/Xcode
    XCODE_PRODUCT_BUILD_VERSION = 17F42
    XCODE_VERSION_ACTUAL = 2650
    XCODE_VERSION_MAJOR = 2600
    XCODE_VERSION_MINOR = 2650
    XPCSERVICES_FOLDER_PATH = Runner.app/XPCServices
    XROS_DEPLOYMENT_TARGET = 26.5
    YACC = yacc
    _DISCOVER_COMMAND_LINE_LINKER_INPUTS = YES
    _DISCOVER_COMMAND_LINE_LINKER_INPUTS_INCLUDE_WL = YES
    _LD_MULTIARCH = YES
    _WRAPPER_CONTENTS_DIR_SHALLOW_BUNDLE_NO = /Contents
    _WRAPPER_PARENT_PATH_SHALLOW_BUNDLE_NO = /..
    _WRAPPER_RESOURCES_DIR_SHALLOW_BUNDLE_NO = /Resources
    __DIAGNOSE_DEPRECATED_ARCHS = YES
    __IS_NOT_MACOS = YES
    __IS_NOT_MACOS_macosx = NO
    __IS_NOT_SIMULATOR = YES
    __IS_NOT_SIMULATOR_simulator = NO
    __ORIGINAL_SDK_DEFINED_LLVM_TARGET_TRIPLE_SYS = ios
    arch = undefined_arch
    variant = normal


[stderr]
--- xcodebuild: WARNING: Using the first of multiple matching destinations:
{ platform:iOS, id:dvtdevice-DVTiPhonePlaceholder-iphoneos:placeholder, name:Any iOS Device }
{ platform:iOS, id:8b406aa5c597eab4c4dfd9908f4a09b10a89ec63, name:iPad (5), error:iPad (5) is not connected Xcode will continue when iPad (5) is connected and unlocked. }
{ platform:macOS, arch:arm64, variant:Designed for [iPad,iPhone], id:00006031-000C318021A2001C, name:My Mac }
{ platform:iOS Simulator, id:dvtdevice-DVTiOSDeviceSimulatorPlaceholder-iphonesimulator:placeholder, name:Any iOS Simulator Device }
{ platform:visionOS Simulator, arch:arm64, variant:Designed for [iPad,iPhone], id:CAE1E201-EE58-4BAF-86A6-ADD79EAE7D6E, OS:2.4, name:Apple Vision Pro }
{ platform:iOS Simulator, arch:arm64, id:65B81095-034E-43BD-B725-25D20F633515, OS:18.4, name:iPad (A16) }
{ platform:iOS Simulator, arch:x86_64, id:65B81095-034E-43BD-B725-25D20F633515, OS:18.4, name:iPad (A16) }
{ platform:iOS Simulator, arch:arm64, id:87CD6158-316A-47D7-8CF7-771A8784C5FB, OS:26.5, name:iPad (A16) }
{ platform:iOS Simulator, arch:arm64, id:3138C415-02AD-4FBE-8325-337E0B1D85A4, OS:18.4, name:iPad Air 11-inch (M3) }
{ platform:iOS Simulator, arch:x86_64, id:3138C415-02AD-4FBE-8325-337E0B1D85A4, OS:18.4, name:iPad Air 11-inch (M3) }
{ platform:iOS Simulator, arch:arm64, id:CDDCC03E-021A-4F65-96A0-F2659D1D77AD, OS:26.5, name:iPad Air 11-inch (M4) }
{ platform:iOS Simulator, arch:arm64, id:F1653079-F410-49D2-A063-1AF6509CA7DF, OS:18.4, name:iPad Air 13-inch (M3) }
{ platform:iOS Simulator, arch:x86_64, id:F1653079-F410-49D2-A063-1AF6509CA7DF, OS:18.4, name:iPad Air 13-inch (M3) }
{ platform:iOS Simulator, arch:arm64, id:57C9ED10-064A-4596-92B8-94A582FBDE79, OS:26.5, name:iPad Air 13-inch (M4) }
{ platform:iOS Simulator, arch:arm64, id:D1B0CC6E-6F4C-4948-A9C3-073E5932CF45, OS:18.4, name:iPad Pro 11-inch (M4) }
{ platform:iOS Simulator, arch:x86_64, id:D1B0CC6E-6F4C-4948-A9C3-073E5932CF45, OS:18.4, name:iPad Pro 11-inch (M4) }
{ platform:iOS Simulator, arch:arm64, id:F1AD956F-F029-4ED1-8153-C4D325402AF5, OS:26.5, name:iPad Pro 11-inch (M5) }
{ platform:iOS Simulator, arch:arm64, id:BF1EC7ED-01F1-437A-9CD5-6647DFEC2C8E, OS:18.4, name:iPad Pro 13-inch (M4) }
{ platform:iOS Simulator, arch:x86_64, id:BF1EC7ED-01F1-437A-9CD5-6647DFEC2C8E, OS:18.4, name:iPad Pro 13-inch (M4) }
{ platform:iOS Simulator, arch:arm64, id:1620C6D6-0BFB-4857-B75D-ECE4BA0B1190, OS:26.5, name:iPad Pro 13-inch (M5) }
{ platform:iOS Simulator, arch:arm64, id:57AF3A1E-667B-4C93-93F4-273BF71F610D, OS:18.4, name:iPad mini (A17 Pro) }
{ platform:iOS Simulator, arch:x86_64, id:57AF3A1E-667B-4C93-93F4-273BF71F610D, OS:18.4, name:iPad mini (A17 Pro) }
{ platform:iOS Simulator, arch:arm64, id:2105C891-0F6B-4A05-B471-3F589F3319C1, OS:26.5, name:iPad mini (A17 Pro) }
{ platform:iOS Simulator, arch:arm64, id:8803DD22-4646-4C0C-95BD-249D898CF513, OS:18.4, name:iPhone 16 }
{ platform:iOS Simulator, arch:x86_64, id:8803DD22-4646-4C0C-95BD-249D898CF513, OS:18.4, name:iPhone 16 }
{ platform:iOS Simulator, arch:arm64, id:5CF4A12E-A8B5-4285-AE86-407B9067CB5F, OS:18.4, name:iPhone 16 Plus }
{ platform:iOS Simulator, arch:x86_64, id:5CF4A12E-A8B5-4285-AE86-407B9067CB5F, OS:18.4, name:iPhone 16 Plus }
{ platform:iOS Simulator, arch:arm64, id:6A2E7E6A-05F8-47D6-88AE-85E3434AC6D3, OS:18.4, name:iPhone 16 Pro }
{ platform:iOS Simulator, arch:x86_64, id:6A2E7E6A-05F8-47D6-88AE-85E3434AC6D3, OS:18.4, name:iPhone 16 Pro }
{ platform:iOS Simulator, arch:arm64, id:CB509746-6183-4AEC-9FA5-725378C563BF, OS:18.4, name:iPhone 16 Pro Max }
{ platform:iOS Simulator, arch:x86_64, id:CB509746-6183-4AEC-9FA5-725378C563BF, OS:18.4, name:iPhone 16 Pro Max }
{ platform:iOS Simulator, arch:arm64, id:E6EC1822-E63D-4034-A308-8B918FE35465, OS:18.4, name:iPhone 16e }
{ platform:iOS Simulator, arch:x86_64, id:E6EC1822-E63D-4034-A308-8B918FE35465, OS:18.4, name:iPhone 16e }
{ platform:iOS Simulator, arch:arm64, id:74BEC426-E51A-460B-8AA3-E8E615CF7444, OS:26.5, name:iPhone 17 }
{ platform:iOS Simulator, arch:arm64, id:45768BC9-71B5-4BBA-9372-EAD4A0234650, OS:26.5, name:iPhone 17 Pro }
{ platform:iOS Simulator, arch:arm64, id:D8D3076F-9A3B-431E-9040-444592B8714D, OS:26.5, name:iPhone 17 Pro Max }
{ platform:iOS Simulator, arch:arm64, id:E9295FDD-2A32-40D9-81CC-DEA8042F3F78, OS:26.5, name:iPhone 17e }
{ platform:iOS Simulator, arch:arm64, id:AD4C96F1-9085-4422-993A-1CA9C8458240, OS:26.5, name:iPhone Air }
{ platform:iOS, arch:arm64, id:8b406aa5c597eab4c4dfd9908f4a09b10a89ec63, name:iPad (5) }
{ platform:iOS, arch:arm64, id:00008101-000A68811E43001E, name:José Ramón’s iPhone }
[exit-code] 0

$ xcodebuild -showBuildSettings -workspace ios/Runner.xcworkspace -scheme Runner -configuration Profile -sdk iphoneos CODE_SIGN_STYLE=Automatic
Command line invocation:
    /Applications/Xcode.app/Contents/Developer/usr/bin/xcodebuild -showBuildSettings -workspace ios/Runner.xcworkspace -scheme Runner -configuration Profile -sdk iphoneos CODE_SIGN_STYLE=Automatic

Build settings from command line:
    CODE_SIGN_STYLE = Automatic
    SDKROOT = iphoneos26.5

Resolve Package Graph


Resolved source packages:
  flutter_secure_storage_darwin: /Users/jose/src/work/hydracamv2/ios/Flutter/ephemeral/Packages/.packages/flutter_secure_storage_darwin-0.3.2 @ local
  flutter_appauth: /Users/jose/src/work/hydracamv2/ios/Flutter/ephemeral/Packages/.packages/flutter_appauth-11.0.0 @ local
  connectivity_plus: /Users/jose/src/work/hydracamv2/ios/Flutter/ephemeral/Packages/.packages/connectivity_plus-7.0.0 @ local
  integration_test: /Users/jose/src/work/hydracamv2/ios/Flutter/ephemeral/Packages/.packages/integration_test @ local
  package_info_plus: /Users/jose/src/work/hydracamv2/ios/Flutter/ephemeral/Packages/.packages/package_info_plus-8.3.1 @ local
  network_info_plus: /Users/jose/src/work/hydracamv2/ios/Flutter/ephemeral/Packages/.packages/network_info_plus-7.0.0 @ local
  video_player_avfoundation: /Users/jose/src/work/hydracamv2/ios/Flutter/ephemeral/Packages/.packages/video_player_avfoundation-2.8.4 @ local
  FlutterFramework: /Users/jose/src/work/hydracamv2/ios/Flutter/ephemeral/Packages/.packages/FlutterFramework @ local
  camera_avfoundation: /Users/jose/src/work/hydracamv2/ios/Flutter/ephemeral/Packages/.packages/camera_avfoundation-0.9.23+2 @ local
  battery_plus: /Users/jose/src/work/hydracamv2/ios/Flutter/ephemeral/Packages/.packages/battery_plus-7.0.0 @ local
  AppAuth: https://github.com/openid/AppAuth-iOS @ 2.0.0
  device_info_plus: /Users/jose/src/work/hydracamv2/ios/Flutter/ephemeral/Packages/.packages/device_info_plus-12.2.0 @ local
  shared_preferences_foundation: /Users/jose/src/work/hydracamv2/ios/Flutter/ephemeral/Packages/.packages/shared_preferences_foundation-2.5.4 @ local
  wakelock_plus: /Users/jose/src/work/hydracamv2/ios/Flutter/ephemeral/Packages/.packages/wakelock_plus-1.3.3 @ local
  sensors_plus: /Users/jose/src/work/hydracamv2/ios/Flutter/ephemeral/Packages/.packages/sensors_plus-7.0.0 @ local
  geolocator_apple: /Users/jose/src/work/hydracamv2/ios/Flutter/ephemeral/Packages/.packages/geolocator_apple-2.3.13 @ local
  FlutterGeneratedPluginSwiftPackage: /Users/jose/src/work/hydracamv2/ios/Flutter/ephemeral/Packages/FlutterGeneratedPluginSwiftPackage
  path_provider_foundation: /Users/jose/src/work/hydracamv2/ios/Flutter/ephemeral/Packages/.packages/path_provider_foundation-2.4.2 @ local

Build settings for action build and target Runner:
    ACTION = build
    AD_HOC_CODE_SIGNING_ALLOWED = NO
    AGGREGATE_TRACKED_DOMAINS = YES
    ALLOW_BUILD_REQUEST_OVERRIDES = NO
    ALLOW_TARGET_PLATFORM_SPECIALIZATION = NO
    ALTERNATE_GROUP = staff
    ALTERNATE_MODE = u+w,go-w,a+rX
    ALTERNATE_OWNER = jose
    ALTERNATIVE_DISTRIBUTION_WEB = NO
    ALWAYS_EMBED_SWIFT_STANDARD_LIBRARIES = YES
    ALWAYS_SEARCH_USER_PATHS = NO
    ALWAYS_USE_SEPARATE_HEADERMAPS = NO
    ANDROID_DEPLOYMENT_TARGET = 21.0
    APPLICATION_EXTENSION_API_ONLY = NO
    APPLY_RULES_IN_COPY_FILES = NO
    APPLY_RULES_IN_COPY_HEADERS = NO
    APP_SHORTCUTS_ENABLE_FLEXIBLE_MATCHING = YES
    ARCHS = arm64
    ARCHS_BASE = arm64
    ARCHS_STANDARD = arm64
    ARCHS_STANDARD_32_64_BIT = armv7 arm64
    ARCHS_STANDARD_32_BIT = armv7
    ARCHS_STANDARD_64_BIT = arm64
    ARCHS_STANDARD_INCLUDING_64_BIT = arm64
    ARCHS_UNIVERSAL_IPHONE_OS = armv7 arm64
    ASSETCATALOG_COMPILER_APPICON_NAME = AppIcon
    ASSETCATALOG_COMPILER_GENERATE_SWIFT_ASSET_SYMBOL_EXTENSIONS = YES
    AUTOMATICALLY_MERGE_DEPENDENCIES = NO
    AUTOMATION_APPLE_EVENTS = NO
    AVAILABLE_PLATFORMS = android appletvos appletvsimulator driverkit freebsd iphoneos iphonesimulator linux macosx none openbsd qnx watchos watchsimulator webassembly xros xrsimulator
    BUILD_ACTIVE_RESOURCES_ONLY = NO
    BUILD_COMPONENTS = headers build
    BUILD_DIR = /Users/jose/Library/Developer/Xcode/DerivedData/Runner-azwhhbflkbtmkxelbbewewazdvyb/Build/Products
    BUILD_LIBRARY_FOR_DISTRIBUTION = NO
    BUILD_ONLY_KNOWN_LOCALIZATIONS = NO
    BUILD_ROOT = /Users/jose/Library/Developer/Xcode/DerivedData/Runner-azwhhbflkbtmkxelbbewewazdvyb/Build/Products
    BUILD_STYLE =
    BUILD_VARIANTS = normal
    BUILT_PRODUCTS_DIR = /Users/jose/Library/Developer/Xcode/DerivedData/Runner-azwhhbflkbtmkxelbbewewazdvyb/Build/Products/Profile-iphoneos
    BUNDLE_CONTENTS_FOLDER_PATH_deep = Contents/
    BUNDLE_EXECUTABLE_FOLDER_NAME_deep = MacOS
    BUNDLE_EXTENSIONS_FOLDER_PATH = Extensions
    BUNDLE_FORMAT = shallow
    BUNDLE_FRAMEWORKS_FOLDER_PATH = Frameworks
    BUNDLE_PLUGINS_FOLDER_PATH = PlugIns
    BUNDLE_PRIVATE_HEADERS_FOLDER_PATH = PrivateHeaders
    BUNDLE_PUBLIC_HEADERS_FOLDER_PATH = Headers
    CACHE_ROOT = /var/folders/6s/dp27g8gn26j9mp36sjfxb9tw0000gn/C/com.apple.DeveloperTools/26.5-17F42/Xcode
    CCHROOT = /var/folders/6s/dp27g8gn26j9mp36sjfxb9tw0000gn/C/com.apple.DeveloperTools/26.5-17F42/Xcode
    CHMOD = /bin/chmod
    CHOWN = chown
    CLANG_ANALYZER_NONNULL = YES
    CLANG_CACHE_FINE_GRAINED_OUTPUTS = YES
    CLANG_CXX_LANGUAGE_STANDARD = gnu++0x
    CLANG_CXX_LIBRARY = libc++
    CLANG_ENABLE_EXPLICIT_MODULES = YES
    CLANG_ENABLE_MODULES = YES
    CLANG_ENABLE_OBJC_ARC = YES
    CLANG_MODULES_BUILD_SESSION_FILE = /Users/jose/Library/Developer/Xcode/DerivedData/ModuleCache.noindex/Session.modulevalidation
    CLANG_WARN_BLOCK_CAPTURE_AUTORELEASING = YES
    CLANG_WARN_BOOL_CONVERSION = YES
    CLANG_WARN_COMMA = YES
    CLANG_WARN_CONSTANT_CONVERSION = YES
    CLANG_WARN_DEPRECATED_OBJC_IMPLEMENTATIONS = YES
    CLANG_WARN_DIRECT_OBJC_ISA_USAGE = YES_ERROR
    CLANG_WARN_EMPTY_BODY = YES
    CLANG_WARN_ENUM_CONVERSION = YES
    CLANG_WARN_INFINITE_RECURSION = YES
    CLANG_WARN_INT_CONVERSION = YES
    CLANG_WARN_NON_LITERAL_NULL_CONVERSION = YES
    CLANG_WARN_OBJC_IMPLICIT_RETAIN_SELF = YES
    CLANG_WARN_OBJC_LITERAL_CONVERSION = YES
    CLANG_WARN_OBJC_ROOT_CLASS = YES_ERROR
    CLANG_WARN_QUOTED_INCLUDE_IN_FRAMEWORK_HEADER = NO
    CLANG_WARN_RANGE_LOOP_ANALYSIS = YES
    CLANG_WARN_STRICT_PROTOTYPES = YES
    CLANG_WARN_SUSPICIOUS_MOVE = YES
    CLANG_WARN_UNREACHABLE_CODE = YES
    CLANG_WARN__DUPLICATE_METHOD_MATCH = YES
    CLASS_FILE_DIR = /Users/jose/Library/Developer/Xcode/DerivedData/Runner-azwhhbflkbtmkxelbbewewazdvyb/Build/Intermediates.noindex/Runner.build/Profile-iphoneos/Runner.build/JavaClasses
    CLEAN_PRECOMPS = YES
    CLONE_HEADERS = NO
    COCOAPODS_PARALLEL_CODE_SIGN = true
    CODESIGNING_FOLDER_PATH = /Users/jose/Library/Developer/Xcode/DerivedData/Runner-azwhhbflkbtmkxelbbewewazdvyb/Build/Products/Profile-iphoneos/Runner.app
    CODE_SIGNING_ALLOWED = YES
    CODE_SIGNING_REQUIRED = YES
    CODE_SIGN_CONTEXT_CLASS = XCiPhoneOSCodeSignContext
    CODE_SIGN_IDENTITY = iPhone Developer
    CODE_SIGN_INJECT_BASE_ENTITLEMENTS = YES
    CODE_SIGN_STYLE = Automatic
    COLOR_DIAGNOSTICS = NO
    COMBINE_HIDPI_IMAGES = NO
    COMPILATION_CACHE_CAS_PATH = /Users/jose/Library/Developer/Xcode/DerivedData/CompilationCache.noindex
    COMPILATION_CACHE_KEEP_CAS_DIRECTORY = YES
    COMPILER_INDEX_STORE_ENABLE = Default
    COMPOSITE_SDK_DIRS = /Users/jose/Library/Developer/Xcode/DerivedData/Runner-azwhhbflkbtmkxelbbewewazdvyb/Build/Intermediates.noindex/CompositeSDKs
    COMPRESS_PNG_FILES = YES
    CONFIGURATION = Profile
    CONFIGURATION_BUILD_DIR = /Users/jose/Library/Developer/Xcode/DerivedData/Runner-azwhhbflkbtmkxelbbewewazdvyb/Build/Products/Profile-iphoneos
    CONFIGURATION_TEMP_DIR = /Users/jose/Library/Developer/Xcode/DerivedData/Runner-azwhhbflkbtmkxelbbewewazdvyb/Build/Intermediates.noindex/Runner.build/Profile-iphoneos
    CONTENTS_FOLDER_PATH = Runner.app
    CONTENTS_FOLDER_PATH_SHALLOW_BUNDLE_NO = Runner.app/Contents
    CONTENTS_FOLDER_PATH_SHALLOW_BUNDLE_YES = Runner.app
    COPYING_PRESERVES_HFS_DATA = NO
    COPY_HEADERS_RUN_UNIFDEF = NO
    COPY_PHASE_STRIP = NO
    CORRESPONDING_SIMULATOR_PLATFORM_DIR = /Applications/Xcode.app/Contents/Developer/Platforms/iPhoneSimulator.platform
    CORRESPONDING_SIMULATOR_PLATFORM_NAME = iphonesimulator
    CORRESPONDING_SIMULATOR_SDK_DIR = /Applications/Xcode.app/Contents/Developer/Platforms/iPhoneSimulator.platform/Developer/SDKs/iPhoneSimulator26.5.sdk
    CORRESPONDING_SIMULATOR_SDK_NAME = iphonesimulator26.5
    CP = /bin/cp
    CREATE_INFOPLIST_SECTION_IN_BINARY = NO
    CURRENT_ARCH = undefined_arch
    CURRENT_PROJECT_VERSION = 16
    CURRENT_VARIANT = normal
    DART_DEFINES = SFlEUkFDQU1fQVVUT01BVElPTj10cnVl,SFlEUkFDQU1fQVVUT01BVElPTl9QT1JUPTQ3NjI=,RkxVVFRFUl9WRVJTSU9OPTMuNDQuMQ==,RkxVVFRFUl9DSEFOTkVMPXN0YWJsZQ==,RkxVVFRFUl9HSVRfVVJMPWh0dHBzOi8vZ2l0aHViLmNvbS9mbHV0dGVyL2ZsdXR0ZXIuZ2l0,RkxVVFRFUl9GUkFNRVdPUktfUkVWSVNJT049OTI0MTM0YTQ0Yw==,RkxVVFRFUl9FTkdJTkVfUkVWSVNJT049YzQxNmFjZmViOA==,RkxVVFRFUl9EQVJUX1ZFUlNJT049My4xMi4x
    DART_OBFUSCATION = false
    DEAD_CODE_STRIPPING = YES
    DEBUGGING_SYMBOLS = YES
    DEBUG_INFORMATION_FORMAT = dwarf-with-dsym
    DEBUG_INFORMATION_VERSION = compiler-default
    DEFAULT_COMPILER = com.apple.compilers.llvm.clang.1_0
    DEFAULT_DEXT_INSTALL_PATH = /System/Library/DriverExtensions
    DEFAULT_KEXT_INSTALL_PATH = /System/Library/Extensions
    DEFINES_MODULE = NO
    DEPLOYMENT_LOCATION = NO
    DEPLOYMENT_POSTPROCESSING = NO
    DEPLOYMENT_TARGET_SETTING_NAME = IPHONEOS_DEPLOYMENT_TARGET
    DEPLOYMENT_TARGET_SUGGESTED_VALUES = 12.0 12.1 12.2 12.3 12.4 13.0 13.1 13.2 13.3 13.4 13.5 13.6 14.0 14.1 14.2 14.3 14.4 14.5 14.6 14.7 15.0 15.1 15.2 15.3 15.4 15.5 15.6 16.0 16.1 16.2 16.3 16.4 16.5 16.6 17.0 17.1 17.2 17.3 17.4 17.5 17.6 18.0 18.1 18.2 18.3 18.4 18.5 18.6 26.0 26.2 26.3 26.4 26.5
    DERIVED_FILES_DIR = /Users/jose/Library/Developer/Xcode/DerivedData/Runner-azwhhbflkbtmkxelbbewewazdvyb/Build/Intermediates.noindex/Runner.build/Profile-iphoneos/Runner.build/DerivedSources
    DERIVED_FILE_DIR = /Users/jose/Library/Developer/Xcode/DerivedData/Runner-azwhhbflkbtmkxelbbewewazdvyb/Build/Intermediates.noindex/Runner.build/Profile-iphoneos/Runner.build/DerivedSources
    DERIVED_SOURCES_DIR = /Users/jose/Library/Developer/Xcode/DerivedData/Runner-azwhhbflkbtmkxelbbewewazdvyb/Build/Intermediates.noindex/Runner.build/Profile-iphoneos/Runner.build/DerivedSources
    DERIVE_MACCATALYST_PRODUCT_BUNDLE_IDENTIFIER = NO
    DEVELOPER_APPLICATIONS_DIR = /Applications/Xcode.app/Contents/Developer/Applications
    DEVELOPER_BIN_DIR = /Applications/Xcode.app/Contents/Developer/usr/bin
    DEVELOPER_DIR = /Applications/Xcode.app/Contents/Developer
    DEVELOPER_FRAMEWORKS_DIR = /Applications/Xcode.app/Contents/Developer/Library/Frameworks
    DEVELOPER_FRAMEWORKS_DIR_QUOTED = /Applications/Xcode.app/Contents/Developer/Library/Frameworks
    DEVELOPER_LIBRARY_DIR = /Applications/Xcode.app/Contents/Developer/Library
    DEVELOPER_SDK_DIR = /Applications/Xcode.app/Contents/Developer/Platforms/MacOSX.platform/Developer/SDKs
    DEVELOPER_TOOLS_DIR = /Applications/Xcode.app/Contents/Developer/Tools
    DEVELOPER_USR_DIR = /Applications/Xcode.app/Contents/Developer/usr
    DEVELOPMENT_LANGUAGE = en
    DEVELOPMENT_TEAM = 8T78Y2X37H
    DIAGNOSE_MISSING_TARGET_DEPENDENCIES = YES
    DIFF = /usr/bin/diff
    DOCUMENTATION_FOLDER_PATH = Runner.app/en.lproj/Documentation
    DONT_GENERATE_INFOPLIST_FILE = NO
    DRIVERKIT_DEPLOYMENT_TARGET = 25.5
    DSTROOT = /tmp/Runner.dst
    DT_TOOLCHAIN_DIR = /Applications/Xcode.app/Contents/Developer/Toolchains/XcodeDefault.xctoolchain
    DUMP_DEPENDENCIES = NO
    DUMP_DEPENDENCIES_OUTPUT_PATH = /Users/jose/Library/Developer/Xcode/DerivedData/Runner-azwhhbflkbtmkxelbbewewazdvyb/Build/Intermediates.noindex/Runner.build/Profile-iphoneos/Runner.build/Runner-BuildDependencyInfo.json
    DWARF_DSYM_FILE_NAME = Runner.app.dSYM
    DWARF_DSYM_FILE_SHOULD_ACCOMPANY_PRODUCT = NO
    DWARF_DSYM_FOLDER_PATH = /Users/jose/Library/Developer/Xcode/DerivedData/Runner-azwhhbflkbtmkxelbbewewazdvyb/Build/Products/Profile-iphoneos
    DYNAMIC_LIBRARY_EXTENSION = dylib
    EAGER_COMPILATION_ALLOW_SCRIPTS = NO
    EAGER_LINKING = NO
    EFFECTIVE_PLATFORM_NAME = -iphoneos
    EFFECTIVE_SWIFT_VERSION = 5
    EMBEDDED_CONTENT_CONTAINS_SWIFT = NO
    EMBEDDED_PROFILE_NAME = embedded.mobileprovision
    EMBED_ASSET_PACKS_IN_PRODUCT_BUNDLE = NO
    ENABLE_APP_SANDBOX = NO
    ENABLE_BITCODE = NO
    ENABLE_CODE_COVERAGE = YES
    ENABLE_COHORT_ARCHS = NO
    ENABLE_CPLUSPLUS_BOUNDS_SAFE_BUFFERS = NO
    ENABLE_C_BOUNDS_SAFETY = NO
    ENABLE_DEBUG_DYLIB = YES
    ENABLE_DEFAULT_HEADER_SEARCH_PATHS = YES
    ENABLE_DEFAULT_SEARCH_PATHS = YES
    ENABLE_ENHANCED_SECURITY = NO
    ENABLE_HARDENED_RUNTIME = NO
    ENABLE_HEADER_DEPENDENCIES = YES
    ENABLE_INCOMING_NETWORK_CONNECTIONS = NO
    ENABLE_MODULE_VERIFIER = YES
    ENABLE_NS_ASSERTIONS = NO
    ENABLE_ON_DEMAND_RESOURCES = YES
    ENABLE_OUTGOING_NETWORK_CONNECTIONS = NO
    ENABLE_POINTER_AUTHENTICATION = NO
    ENABLE_RESOURCE_ACCESS_AUDIO_INPUT = NO
    ENABLE_RESOURCE_ACCESS_BLUETOOTH = NO
    ENABLE_RESOURCE_ACCESS_CALENDARS = NO
    ENABLE_RESOURCE_ACCESS_CAMERA = NO
    ENABLE_RESOURCE_ACCESS_CONTACTS = NO
    ENABLE_RESOURCE_ACCESS_LOCATION = NO
    ENABLE_RESOURCE_ACCESS_PHOTO_LIBRARY = NO
    ENABLE_RESOURCE_ACCESS_PRINTING = NO
    ENABLE_RESOURCE_ACCESS_USB = NO
    ENABLE_SDK_IMPORTS = NO
    ENABLE_SECURITY_COMPILER_WARNINGS = NO
    ENABLE_STRICT_OBJC_MSGSEND = YES
    ENABLE_TESTABILITY = NO
    ENABLE_TESTING_SEARCH_PATHS = NO
    ENABLE_USER_SCRIPT_SANDBOXING = NO
    ENFORCE_VALID_ARCHS = YES
    ENTITLEMENTS_ALLOWED = YES
    ENTITLEMENTS_DESTINATION = Signature
    ENTITLEMENTS_REQUIRED = NO
    EXCLUDED_ARCHS = armv7
    EXCLUDED_INSTALLSRC_SUBDIRECTORY_PATTERNS = .DS_Store .svn .git .hg CVS
    EXCLUDED_RECURSIVE_SEARCH_PATH_SUBDIRECTORIES = *.nib *.lproj *.framework *.gch *.xcode* *.xcassets *.icon (*) .DS_Store CVS .svn .git .hg *.pbproj *.pbxproj
    EXECUTABLES_FOLDER_PATH = Runner.app/Executables
    EXECUTABLE_FOLDER_PATH = Runner.app
    EXECUTABLE_FOLDER_PATH_SHALLOW_BUNDLE_NO = Runner.app/MacOS
    EXECUTABLE_FOLDER_PATH_SHALLOW_BUNDLE_YES = Runner.app
    EXECUTABLE_NAME = Runner
    EXECUTABLE_PATH = Runner.app/Runner
    EXTENSIONS_FOLDER_PATH = Runner.app/Extensions
    FILE_LIST = /Users/jose/Library/Developer/Xcode/DerivedData/Runner-azwhhbflkbtmkxelbbewewazdvyb/Build/Intermediates.noindex/Runner.build/Profile-iphoneos/Runner.build/Objects/LinkFileList
    FIXED_FILES_DIR = /Users/jose/Library/Developer/Xcode/DerivedData/Runner-azwhhbflkbtmkxelbbewewazdvyb/Build/Intermediates.noindex/Runner.build/Profile-iphoneos/Runner.build/FixedFiles
    FLUTTER_APPLICATION_PATH = /Users/jose/src/work/hydracamv2
    FLUTTER_BUILD_DIR = build
    FLUTTER_BUILD_NAME = 1.4.0
    FLUTTER_BUILD_NUMBER = 16
    FLUTTER_FRAMEWORK_SWIFT_PACKAGE_PATH = /Users/jose/src/work/hydracamv2/ios/Flutter/ephemeral/Packages/.packages/FlutterFramework
    FLUTTER_ROOT = /opt/homebrew/Caskroom/flutter/3.29.3/flutter
    FLUTTER_TARGET = lib/main.dart
    FRAMEWORKS_FOLDER_PATH = Runner.app/Frameworks
    FRAMEWORK_FLAG_PREFIX = -framework
    FRAMEWORK_SEARCH_PATHS = /Users/jose/Library/Developer/Xcode/DerivedData/Runner-azwhhbflkbtmkxelbbewewazdvyb/Build/Products/Profile-iphoneos  "/Users/jose/Library/Developer/Xcode/DerivedData/Runner-azwhhbflkbtmkxelbbewewazdvyb/Build/Products/Profile-iphoneos/disk_space_plus" "/Users/jose/Library/Developer/Xcode/DerivedData/Runner-azwhhbflkbtmkxelbbewewazdvyb/Build/Products/Profile-iphoneos/permission_handler_apple" "/Users/jose/Library/Developer/Xcode/DerivedData/Runner-azwhhbflkbtmkxelbbewewazdvyb/Build/Products/Profile-iphoneos/photo_manager" "/Users/jose/Library/Developer/Xcode/DerivedData/Runner-azwhhbflkbtmkxelbbewewazdvyb/Build/Products/Profile-iphoneos/disk_space_plus" "/Users/jose/Library/Developer/Xcode/DerivedData/Runner-azwhhbflkbtmkxelbbewewazdvyb/Build/Products/Profile-iphoneos/permission_handler_apple" "/Users/jose/Library/Developer/Xcode/DerivedData/Runner-azwhhbflkbtmkxelbbewewazdvyb/Build/Products/Profile-iphoneos/photo_manager"
    FRAMEWORK_VERSION = A
    FULL_PRODUCT_NAME = Runner.app
    FUSE_BUILD_PHASES = YES
    FUSE_BUILD_SCRIPT_PHASES = NO
    GCC3_VERSION = 3.3
    GCC_C_LANGUAGE_STANDARD = gnu99
    GCC_DYNAMIC_NO_PIC = NO
    GCC_INLINES_ARE_PRIVATE_EXTERN = YES
    GCC_NO_COMMON_BLOCKS = YES
    GCC_PFE_FILE_C_DIALECTS = c objective-c c++ objective-c++
    GCC_PREPROCESSOR_DEFINITIONS =  COCOAPODS=1 COCOAPODS=1
    GCC_SYMBOLS_PRIVATE_EXTERN = YES
    GCC_THUMB_SUPPORT = YES
    GCC_TREAT_WARNINGS_AS_ERRORS = NO
    GCC_VERSION = com.apple.compilers.llvm.clang.1_0
    GCC_VERSION_IDENTIFIER = com_apple_compilers_llvm_clang_1_0
    GCC_WARN_64_TO_32_BIT_CONVERSION = YES
    GCC_WARN_ABOUT_RETURN_TYPE = YES_ERROR
    GCC_WARN_UNDECLARED_SELECTOR = YES
    GCC_WARN_UNINITIALIZED_AUTOS = YES_AGGRESSIVE
    GCC_WARN_UNUSED_FUNCTION = YES
    GCC_WARN_UNUSED_VARIABLE = YES
    GENERATED_MODULEMAP_DIR = /Users/jose/Library/Developer/Xcode/DerivedData/Runner-azwhhbflkbtmkxelbbewewazdvyb/Build/Intermediates.noindex/GeneratedModuleMaps-iphoneos
    GENERATE_INFOPLIST_FILE = NO
    GENERATE_INTERMEDIATE_TEXT_BASED_STUBS = YES
    GENERATE_PKGINFO_FILE = YES
    GENERATE_PRELINK_OBJECT_FILE = NO
    GENERATE_PROFILING_CODE = NO
    GENERATE_TEXT_BASED_STUBS = NO
    GID = 20
    GROUP = staff
    HEADERMAP_INCLUDES_FLAT_ENTRIES_FOR_TARGET_BEING_BUILT = YES
    HEADERMAP_INCLUDES_FRAMEWORK_ENTRIES_FOR_ALL_PRODUCT_TYPES = YES
    HEADERMAP_INCLUDES_FRAMEWORK_ENTRIES_FOR_TARGETS_NOT_BEING_BUILT = YES
    HEADERMAP_INCLUDES_NONPUBLIC_NONPRIVATE_HEADERS = YES
    HEADERMAP_INCLUDES_PROJECT_HEADERS = YES
    HEADERMAP_USES_FRAMEWORK_PREFIX_ENTRIES = YES
    HEADERMAP_USES_VFS = NO
    HEADER_SEARCH_PATHS = /Users/jose/Library/Developer/Xcode/DerivedData/Runner-azwhhbflkbtmkxelbbewewazdvyb/Build/Products/Profile-iphoneos/include  "/Users/jose/Library/Developer/Xcode/DerivedData/Runner-azwhhbflkbtmkxelbbewewazdvyb/Build/Products/Profile-iphoneos/disk_space_plus/disk_space_plus.framework/Headers" "/Users/jose/Library/Developer/Xcode/DerivedData/Runner-azwhhbflkbtmkxelbbewewazdvyb/Build/Products/Profile-iphoneos/permission_handler_apple/permission_handler_apple.framework/Headers" "/Users/jose/Library/Developer/Xcode/DerivedData/Runner-azwhhbflkbtmkxelbbewewazdvyb/Build/Products/Profile-iphoneos/photo_manager/photo_manager.framework/Headers" "/Users/jose/Library/Developer/Xcode/DerivedData/Runner-azwhhbflkbtmkxelbbewewazdvyb/Build/Products/Profile-iphoneos/disk_space_plus/disk_space_plus.framework/Headers" "/Users/jose/Library/Developer/Xcode/DerivedData/Runner-azwhhbflkbtmkxelbbewewazdvyb/Build/Products/Profile-iphoneos/permission_handler_apple/permission_handler_apple.framework/Headers" "/Users/jose/Library/Developer/Xcode/DerivedData/Runner-azwhhbflkbtmkxelbbewewazdvyb/Build/Products/Profile-iphoneos/photo_manager/photo_manager.framework/Headers"
    HOME = /Users/jose
    HOST_ARCH = arm64
    HOST_PLATFORM = macosx
    ICONV = /usr/bin/iconv
    IMPLICIT_DEPENDENCY_DOMAIN = default
    INDEX_STORE_COMPRESS = NO
    INDEX_STORE_ONLY_PROJECT_FILES = NO
    INFOPLIST_ENABLE_CFBUNDLEICONS_MERGE = YES
    INFOPLIST_EXPAND_BUILD_SETTINGS = YES
    INFOPLIST_FILE = Runner/Info.plist
    INFOPLIST_OUTPUT_FORMAT = binary
    INFOPLIST_PATH = Runner.app/Info.plist
    INFOPLIST_PREPROCESS = NO
    INFOSTRINGS_PATH = Runner.app/en.lproj/InfoPlist.strings
    INLINE_PRIVATE_FRAMEWORKS = NO
    INSTALLAPI_IGNORE_SKIP_INSTALL = YES
    INSTALLHDRS_COPY_PHASE = NO
    INSTALLHDRS_SCRIPT_PHASE = NO
    INSTALL_DIR = /tmp/Runner.dst/Applications
    INSTALL_GROUP = staff
    INSTALL_MODE_FLAG = u+w,go-w,a+rX
    INSTALL_OWNER = jose
    INSTALL_PATH = /Applications
    INSTALL_ROOT = /tmp/Runner.dst
    IPHONEOS_DEPLOYMENT_TARGET = 13.0
    IS_UNOPTIMIZED_BUILD = NO
    JAVAC_DEFAULT_FLAGS = -J-Xms64m -J-XX:NewSize=4M -J-Dfile.encoding=UTF8
    JAVA_APP_STUB = /System/Library/Frameworks/JavaVM.framework/Resources/MacOS/JavaApplicationStub
    JAVA_ARCHIVE_CLASSES = YES
    JAVA_ARCHIVE_TYPE = JAR
    JAVA_COMPILER = /usr/bin/javac
    JAVA_FOLDER_PATH = Runner.app/Java
    JAVA_FRAMEWORK_RESOURCES_DIRS = Resources
    JAVA_JAR_FLAGS = cv
    JAVA_SOURCE_SUBDIR = .
    JAVA_USE_DEPENDENCIES = YES
    JAVA_ZIP_FLAGS = -urg
    JIKES_DEFAULT_FLAGS = +E +OLDCSO
    KASAN_CFLAGS_CLASSIC = -DKASAN=1 -DKASAN_CLASSIC=1 -fsanitize=address -mllvm -asan-globals-live-support -mllvm -asan-force-dynamic-shadow
    KASAN_CFLAGS_TBI = -DKASAN=1 -DKASAN_TBI=1 -fsanitize=kernel-hwaddress -mllvm -hwasan-recover=0 -mllvm -hwasan-instrument-atomics=0 -mllvm -hwasan-instrument-stack=1 -mllvm -hwasan-generate-tags-with-calls=1 -mllvm -hwasan-instrument-with-calls=1 -mllvm -hwasan-use-short-granules=0 -mllvm -hwasan-memory-access-callback-prefix=__asan_
    KASAN_DEFAULT_CFLAGS = -DKASAN=1 -DKASAN_CLASSIC=1 -fsanitize=address -mllvm -asan-globals-live-support -mllvm -asan-force-dynamic-shadow
    KEEP_PRIVATE_EXTERNS = NO
    LD_DEPENDENCY_INFO_FILE = /Users/jose/Library/Developer/Xcode/DerivedData/Runner-azwhhbflkbtmkxelbbewewazdvyb/Build/Intermediates.noindex/Runner.build/Profile-iphoneos/Runner.build/Objects-normal/undefined_arch/Runner_dependency_info.dat
    LD_EXPORT_SYMBOLS = YES
    LD_GENERATE_MAP_FILE = NO
    LD_MAP_FILE_PATH = /Users/jose/Library/Developer/Xcode/DerivedData/Runner-azwhhbflkbtmkxelbbewewazdvyb/Build/Intermediates.noindex/Runner.build/Profile-iphoneos/Runner.build/Runner-LinkMap-normal-undefined_arch.txt
    LD_NO_PIE = NO
    LD_QUOTE_LINKER_ARGUMENTS_FOR_COMPILER_DRIVER = YES
    LD_RUNPATH_SEARCH_PATHS =  /usr/lib/swift '@executable_path/Frameworks' '@loader_path/Frameworks' /usr/lib/swift '@executable_path/Frameworks' '@loader_path/Frameworks' @executable_path/Frameworks
    LD_RUNPATH_SEARCH_PATHS_YES = @loader_path/../Frameworks
    LD_SHARED_CACHE_ELIGIBLE = Automatic
    LD_WARN_DUPLICATE_LIBRARIES = NO
    LD_WARN_UNUSED_DYLIBS = NO
    LEGACY_DEVELOPER_DIR = /Applications/Xcode.app/Contents/PlugIns/Xcode3Core.ideplugin/Contents/SharedSupport/Developer
    LEX = lex
    LIBRARY_DEXT_INSTALL_PATH = /Library/DriverExtensions
    LIBRARY_FLAG_NOSPACE = YES
    LIBRARY_FLAG_PREFIX = -l
    LIBRARY_KEXT_INSTALL_PATH = /Library/Extensions
    LIBRARY_SEARCH_PATHS = /Users/jose/Library/Developer/Xcode/DerivedData/Runner-azwhhbflkbtmkxelbbewewazdvyb/Build/Products/Profile-iphoneos /Applications/Xcode.app/Contents/Developer/Toolchains/XcodeDefault.xctoolchain/usr/lib/swift/iphoneos /Applications/Xcode.app/Contents/Developer/Platforms/iPhoneOS.platform/Developer/SDKs/iPhoneOS26.5.sdk/usr/lib/swift /Applications/Xcode.app/Contents/Developer/Toolchains/XcodeDefault.xctoolchain/usr/lib/swift/iphoneos /Applications/Xcode.app/Contents/Developer/Platforms/iPhoneOS.platform/Developer/SDKs/iPhoneOS26.5.sdk/usr/lib/swift
    LINKER_DISPLAYS_MANGLED_NAMES = NO
    LINK_FILE_LIST_normal_arm64 = /Users/jose/Library/Developer/Xcode/DerivedData/Runner-azwhhbflkbtmkxelbbewewazdvyb/Build/Intermediates.noindex/Runner.build/Profile-iphoneos/Runner.build/Objects-normal/arm64/Runner.LinkFileList
    LINK_OBJC_RUNTIME = YES
    LINK_WITH_STANDARD_LIBRARIES = YES
    LLVM_TARGET_TRIPLE_OS_VERSION = ios13.0
    LLVM_TARGET_TRIPLE_VENDOR = apple
    LM_AUX_CONST_METADATA_LIST_PATH_normal_arm64 = /Users/jose/Library/Developer/Xcode/DerivedData/Runner-azwhhbflkbtmkxelbbewewazdvyb/Build/Intermediates.noindex/Runner.build/Profile-iphoneos/Runner.build/Objects-normal/arm64/Runner.SwiftConstValuesFileList
    LOCALIZATION_EXPORT_SUPPORTED = YES
    LOCALIZATION_PREFERS_STRING_CATALOGS = NO
    LOCALIZED_RESOURCES_FOLDER_PATH = Runner.app/en.lproj
    LOCALIZED_STRING_CODE_COMMENTS = NO
    LOCALIZED_STRING_MACRO_NAMES = NSLocalizedString CFCopyLocalizedString
    LOCALIZED_STRING_SWIFTUI_SUPPORT = YES
    LOCAL_ADMIN_APPS_DIR = /Applications/Utilities
    LOCAL_APPS_DIR = /Applications
    LOCAL_DEVELOPER_DIR = /Library/Developer
    LOCAL_LIBRARY_DIR = /Library
    LOCROOT = /Users/jose/src/work/hydracamv2/ios
    LOCSYMROOT = /Users/jose/src/work/hydracamv2/ios
    MACH_O_TYPE = mh_execute
    MACOSX_DEPLOYMENT_TARGET = 26.5
    MAC_OS_X_PRODUCT_BUILD_VERSION = 25E253
    MAC_OS_X_VERSION_ACTUAL = 260401
    MAC_OS_X_VERSION_MAJOR = 260000
    MAC_OS_X_VERSION_MINOR = 260400
    MAKE_MERGEABLE = NO
    MERGEABLE_LIBRARY = NO
    MERGED_BINARY_TYPE = none
    MERGE_LINKED_LIBRARIES = NO
    METAL_LIBRARY_FILE_BASE = default
    METAL_LIBRARY_OUTPUT_DIR = /Users/jose/Library/Developer/Xcode/DerivedData/Runner-azwhhbflkbtmkxelbbewewazdvyb/Build/Products/Profile-iphoneos/Runner.app
    MODULES_FOLDER_PATH = Runner.app/Modules
    MODULE_CACHE_DIR = /Users/jose/Library/Developer/Xcode/DerivedData/ModuleCache.noindex
    MODULE_VERIFIER_SUPPORTED_LANGUAGE_STANDARDS = gnu99 gnu++11
    MTL_ENABLE_DEBUG_INFO = NO
    NATIVE_ARCH = arm64
    NATIVE_ARCH_32_BIT = arm
    NATIVE_ARCH_64_BIT = arm64
    NATIVE_ARCH_ACTUAL = arm64
    NO_COMMON = YES
    OBJECT_FILE_DIR = /Users/jose/Library/Developer/Xcode/DerivedData/Runner-azwhhbflkbtmkxelbbewewazdvyb/Build/Intermediates.noindex/Runner.build/Profile-iphoneos/Runner.build/Objects
    OBJECT_FILE_DIR_normal = /Users/jose/Library/Developer/Xcode/DerivedData/Runner-azwhhbflkbtmkxelbbewewazdvyb/Build/Intermediates.noindex/Runner.build/Profile-iphoneos/Runner.build/Objects-normal
    OBJROOT = /Users/jose/Library/Developer/Xcode/DerivedData/Runner-azwhhbflkbtmkxelbbewewazdvyb/Build/Intermediates.noindex
    ONLY_ACTIVE_ARCH = NO
    OS = MACOS
    OSAC = /usr/bin/osacompile
    OTHER_LDFLAGS =  -ObjC -framework "PhotosUI" -framework "disk_space_plus" -framework "permission_handler_apple" -framework "photo_manager" -ObjC -framework "PhotosUI" -framework "disk_space_plus" -framework "permission_handler_apple" -framework "photo_manager"
    OTHER_MODULE_VERIFIER_FLAGS =  "-F/Users/jose/Library/Developer/Xcode/DerivedData/Runner-azwhhbflkbtmkxelbbewewazdvyb/Build/Products/Profile-iphoneos/Flutter" "-F/Users/jose/Library/Developer/Xcode/DerivedData/Runner-azwhhbflkbtmkxelbbewewazdvyb/Build/Products/Profile-iphoneos/disk_space_plus" "-F/Users/jose/Library/Developer/Xcode/DerivedData/Runner-azwhhbflkbtmkxelbbewewazdvyb/Build/Products/Profile-iphoneos/permission_handler_apple" "-F/Users/jose/Library/Developer/Xcode/DerivedData/Runner-azwhhbflkbtmkxelbbewewazdvyb/Build/Products/Profile-iphoneos/photo_manager" "-F/Users/jose/Library/Developer/Xcode/DerivedData/Runner-azwhhbflkbtmkxelbbewewazdvyb/Build/Products/Profile-iphoneos/Flutter" "-F/Users/jose/Library/Developer/Xcode/DerivedData/Runner-azwhhbflkbtmkxelbbewewazdvyb/Build/Products/Profile-iphoneos/disk_space_plus" "-F/Users/jose/Library/Developer/Xcode/DerivedData/Runner-azwhhbflkbtmkxelbbewewazdvyb/Build/Products/Profile-iphoneos/permission_handler_apple" "-F/Users/jose/Library/Developer/Xcode/DerivedData/Runner-azwhhbflkbtmkxelbbewewazdvyb/Build/Products/Profile-iphoneos/photo_manager"
    OTHER_SWIFT_FLAGS =  -D COCOAPODS -D COCOAPODS
    PACKAGE_CONFIG = /Users/jose/src/work/hydracamv2/.dart_tool/package_config.json
    PACKAGE_TYPE = com.apple.package-type.wrapper.application
    PASCAL_STRINGS = YES
    PATH = /Applications/Xcode.app/Contents/SharedFrameworks/SwiftBuild.framework/Versions/A/PlugIns/SWBBuildService.bundle/Contents/PlugIns/SWBUniversalPlatformPlugin.bundle/Contents/Frameworks/SWBUniversalPlatform.framework/Resources:/Applications/Xcode.app/Contents/Developer/Toolchains/XcodeDefault.xctoolchain/usr/bin:/Applications/Xcode.app/Contents/Developer/Toolchains/XcodeDefault.xctoolchain/usr/local/bin:/Applications/Xcode.app/Contents/Developer/Toolchains/XcodeDefault.xctoolchain/usr/libexec:/Applications/Xcode.app/Contents/Developer/Platforms/iPhoneOS.platform/usr/bin:/Applications/Xcode.app/Contents/Developer/Platforms/iPhoneOS.platform/usr/local/bin:/Applications/Xcode.app/Contents/Developer/Platforms/iPhoneOS.platform/Developer/usr/bin:/Applications/Xcode.app/Contents/Developer/Platforms/iPhoneOS.platform/Developer/usr/local/bin:/Applications/Xcode.app/Contents/Developer/usr/bin:/Applications/Xcode.app/Contents/Developer/usr/local/bin:/Users/jose/.codex/tmp/arg0/codex-arg0p17LK3:/Users/jose/Library/Android/sdk/platform-tools:/Users/jose/Library/Android/sdk/emulator:/Users/jose/Library/Android/sdk/cmdline-tools/latest/bin:/Users/jose/.antigravity-ide/antigravity-ide/bin:/Users/jose/.opencode/bin:/Users/jose/.antigravity/antigravity/bin:/opt/homebrew/lib/ruby/gems/3.4.0/bin:/opt/homebrew/opt/ruby/bin:/Library/Frameworks/Python.framework/Versions/3.13/bin:/opt/homebrew/bin:/opt/homebrew/sbin:/usr/local/bin:/System/Cryptexes/App/usr/bin:/usr/bin:/bin:/usr/sbin:/sbin:/var/run/com.apple.security.cryptexd/codex.system/bootstrap/usr/local/bin:/var/run/com.apple.security.cryptexd/codex.system/bootstrap/usr/bin:/var/run/com.apple.security.cryptexd/codex.system/bootstrap/usr/appleinternal/bin:/opt/pkg/env/active/bin:/opt/pmk/env/global/bin:/Library/Apple/usr/bin:/usr/local/share/dotnet:/Users/jose/Library/Application:/Users/jose/.local/bin:/Users/jose/.lmstudio/bin:/Applications/Codex.app/Contents/Resources
    PATH_PREFIXES_EXCLUDED_FROM_HEADER_DEPENDENCIES = /usr/include /usr/local/include /System/Library/Frameworks /System/Library/PrivateFrameworks /Applications/Xcode.app/Contents/Developer/Headers /Applications/Xcode.app/Contents/Developer/SDKs /Applications/Xcode.app/Contents/Developer/Platforms
    PBDEVELOPMENTPLIST_PATH = Runner.app/pbdevelopment.plist
    PER_ARCH_MODULE_FILE_DIR = /Users/jose/Library/Developer/Xcode/DerivedData/Runner-azwhhbflkbtmkxelbbewewazdvyb/Build/Intermediates.noindex/Runner.build/Profile-iphoneos/Runner.build/Objects-normal/undefined_arch
    PER_ARCH_OBJECT_FILE_DIR = /Users/jose/Library/Developer/Xcode/DerivedData/Runner-azwhhbflkbtmkxelbbewewazdvyb/Build/Intermediates.noindex/Runner.build/Profile-iphoneos/Runner.build/Objects-normal/undefined_arch
    PER_VARIANT_OBJECT_FILE_DIR = /Users/jose/Library/Developer/Xcode/DerivedData/Runner-azwhhbflkbtmkxelbbewewazdvyb/Build/Intermediates.noindex/Runner.build/Profile-iphoneos/Runner.build/Objects-normal
    PKGINFO_FILE_PATH = /Users/jose/Library/Developer/Xcode/DerivedData/Runner-azwhhbflkbtmkxelbbewewazdvyb/Build/Intermediates.noindex/Runner.build/Profile-iphoneos/Runner.build/PkgInfo
    PKGINFO_PATH = Runner.app/PkgInfo
    PLATFORM_DEVELOPER_APPLICATIONS_DIR = /Applications/Xcode.app/Contents/Developer/Platforms/iPhoneOS.platform/Developer/Applications
    PLATFORM_DEVELOPER_BIN_DIR = /Applications/Xcode.app/Contents/Developer/Platforms/iPhoneOS.platform/Developer/usr/bin
    PLATFORM_DEVELOPER_LIBRARY_DIR = /Applications/Xcode.app/Contents/Developer/Platforms/iPhoneOS.platform/Developer/Library
    PLATFORM_DEVELOPER_SDK_DIR = /Applications/Xcode.app/Contents/Developer/Platforms/iPhoneOS.platform/Developer/SDKs
    PLATFORM_DEVELOPER_TOOLS_DIR = /Applications/Xcode.app/Contents/Developer/Platforms/iPhoneOS.platform/Developer/Tools
    PLATFORM_DEVELOPER_USR_DIR = /Applications/Xcode.app/Contents/Developer/Platforms/iPhoneOS.platform/Developer/usr
    PLATFORM_DIR = /Applications/Xcode.app/Contents/Developer/Platforms/iPhoneOS.platform
    PLATFORM_DISPLAY_NAME = iOS
    PLATFORM_FAMILY_NAME = iOS
    PLATFORM_NAME = iphoneos
    PLATFORM_PREFERRED_ARCH = arm64
    PLATFORM_PRODUCT_BUILD_VERSION = 23F73
    PLATFORM_REQUIRES_SWIFT_AUTOLINK_EXTRACT = NO
    PLATFORM_REQUIRES_SWIFT_MODULEWRAP = NO
    PLATFORM_USES_DSYMS = YES
    PLIST_FILE_OUTPUT_FORMAT = binary
    PLUGINS_FOLDER_PATH = Runner.app/PlugIns
    PODS_BUILD_DIR = /Users/jose/Library/Developer/Xcode/DerivedData/Runner-azwhhbflkbtmkxelbbewewazdvyb/Build/Products
    PODS_CONFIGURATION_BUILD_DIR = /Users/jose/Library/Developer/Xcode/DerivedData/Runner-azwhhbflkbtmkxelbbewewazdvyb/Build/Products/Profile-iphoneos
    PODS_PODFILE_DIR_PATH = /Users/jose/src/work/hydracamv2/ios/.
    PODS_ROOT = /Users/jose/src/work/hydracamv2/ios/Pods
    PODS_XCFRAMEWORKS_BUILD_DIR = /Users/jose/Library/Developer/Xcode/DerivedData/Runner-azwhhbflkbtmkxelbbewewazdvyb/Build/Products/Profile-iphoneos/XCFrameworkIntermediates
    PRECOMPS_INCLUDE_HEADERS_FROM_BUILT_PRODUCTS_DIR = YES
    PRECOMP_DESTINATION_DIR = /Users/jose/Library/Developer/Xcode/DerivedData/Runner-azwhhbflkbtmkxelbbewewazdvyb/Build/Intermediates.noindex/Runner.build/Profile-iphoneos/Runner.build/PrefixHeaders
    PRIVATE_HEADERS_FOLDER_PATH = Runner.app/PrivateHeaders
    PROCESSED_INFOPLIST_PATH = /Users/jose/Library/Developer/Xcode/DerivedData/Runner-azwhhbflkbtmkxelbbewewazdvyb/Build/Intermediates.noindex/Runner.build/Profile-iphoneos/Runner.build/Objects-normal/undefined_arch/Processed-Info.plist
    PRODUCT_BUNDLE_IDENTIFIER = com.vectorblanco.hydracam.dev
    PRODUCT_BUNDLE_PACKAGE_TYPE = APPL
    PRODUCT_MODULE_NAME = Runner
    PRODUCT_NAME = Runner
    PRODUCT_SETTINGS_PATH = /Users/jose/src/work/hydracamv2/ios/Runner/Info.plist
    PRODUCT_TYPE = com.apple.product-type.application
    PROFILING_CODE = NO
    PROJECT = Runner
    PROJECT_DERIVED_FILE_DIR = /Users/jose/Library/Developer/Xcode/DerivedData/Runner-azwhhbflkbtmkxelbbewewazdvyb/Build/Intermediates.noindex/Runner.build/DerivedSources
    PROJECT_DIR = /Users/jose/src/work/hydracamv2/ios
    PROJECT_FILE_PATH = /Users/jose/src/work/hydracamv2/ios/Runner.xcodeproj
    PROJECT_GUID = 18c1723432283e0cc55f10a6dcfd9e02
    PROJECT_NAME = Runner
    PROJECT_TEMP_DIR = /Users/jose/Library/Developer/Xcode/DerivedData/Runner-azwhhbflkbtmkxelbbewewazdvyb/Build/Intermediates.noindex/Runner.build
    PROJECT_TEMP_ROOT = /Users/jose/Library/Developer/Xcode/DerivedData/Runner-azwhhbflkbtmkxelbbewewazdvyb/Build/Intermediates.noindex
    PROVISIONING_PROFILE_REQUIRED = YES
    PROVISIONING_PROFILE_REQUIRED_YES_YES = YES
    PROVISIONING_PROFILE_SUPPORTED = YES
    PUBLIC_HEADERS_FOLDER_PATH = Runner.app/Headers
    RECOMMENDED_IPHONEOS_DEPLOYMENT_TARGET = 15.0
    RECURSIVE_SEARCH_PATHS_FOLLOW_SYMLINKS = YES
    REMOVE_CVS_FROM_RESOURCES = YES
    REMOVE_GIT_FROM_RESOURCES = YES
    REMOVE_HEADERS_FROM_EMBEDDED_BUNDLES = YES
    REMOVE_HG_FROM_RESOURCES = YES
    REMOVE_STATIC_EXECUTABLES_FROM_EMBEDDED_BUNDLES = YES
    REMOVE_SVN_FROM_RESOURCES = YES
    RESCHEDULE_INDEPENDENT_HEADERS_PHASES = YES
    REZ_COLLECTOR_DIR = /Users/jose/Library/Developer/Xcode/DerivedData/Runner-azwhhbflkbtmkxelbbewewazdvyb/Build/Intermediates.noindex/Runner.build/Profile-iphoneos/Runner.build/ResourceManagerResources
    REZ_OBJECTS_DIR = /Users/jose/Library/Developer/Xcode/DerivedData/Runner-azwhhbflkbtmkxelbbewewazdvyb/Build/Intermediates.noindex/Runner.build/Profile-iphoneos/Runner.build/ResourceManagerResources/Objects
    REZ_SEARCH_PATHS = /Users/jose/Library/Developer/Xcode/DerivedData/Runner-azwhhbflkbtmkxelbbewewazdvyb/Build/Products/Profile-iphoneos
    RPATH_ORIGIN = @loader_path
    RUNTIME_EXCEPTION_ALLOW_DYLD_ENVIRONMENT_VARIABLES = NO
    RUNTIME_EXCEPTION_ALLOW_JIT = NO
    RUNTIME_EXCEPTION_ALLOW_UNSIGNED_EXECUTABLE_MEMORY = NO
    RUNTIME_EXCEPTION_DEBUGGING_TOOL = NO
    RUNTIME_EXCEPTION_DISABLE_EXECUTABLE_PAGE_PROTECTION = NO
    RUNTIME_EXCEPTION_DISABLE_LIBRARY_VALIDATION = NO
    SCANNING_PCM_KEEP_CACHE_DIRECTORY = YES
    SCAN_ALL_SOURCE_FILES_FOR_INCLUDES = NO
    SCRIPTS_FOLDER_PATH = Runner.app/Scripts
    SDKROOT = /Applications/Xcode.app/Contents/Developer/Platforms/iPhoneOS.platform/Developer/SDKs/iPhoneOS26.5.sdk
    SDK_DIR = /Applications/Xcode.app/Contents/Developer/Platforms/iPhoneOS.platform/Developer/SDKs/iPhoneOS26.5.sdk
    SDK_DIR_iphoneos = /Applications/Xcode.app/Contents/Developer/Platforms/iPhoneOS.platform/Developer/SDKs/iPhoneOS26.5.sdk
    SDK_DIR_iphoneos26_5 = /Applications/Xcode.app/Contents/Developer/Platforms/iPhoneOS.platform/Developer/SDKs/iPhoneOS26.5.sdk
    SDK_NAME = iphoneos26.5
    SDK_NAMES = iphoneos26.5
    SDK_PRODUCT_BUILD_VERSION = 23F73
    SDK_STAT_CACHE_DIR = /Users/jose/Library/Developer/Xcode/DerivedData
    SDK_STAT_CACHE_ENABLE = YES
    SDK_STAT_CACHE_PATH = /Users/jose/Library/Developer/Xcode/DerivedData/SDKStatCaches.noindex/iphoneos26.5-23F73-32daed1954a7d5dd0789fcaf2a9bb78b.sdkstatcache
    SDK_VERSION = 26.5
    SDK_VERSION_ACTUAL = 260500
    SDK_VERSION_MAJOR = 260000
    SDK_VERSION_MINOR = 260500
    SED = /usr/bin/sed
    SEPARATE_STRIP = NO
    SEPARATE_SYMBOL_EDIT = NO
    SET_DIR_MODE_OWNER_GROUP = YES
    SET_FILE_MODE_OWNER_GROUP = NO
    SHALLOW_BUNDLE = YES
    SHALLOW_BUNDLE_TRIPLE = ios
    SHALLOW_BUNDLE_ios_macabi = NO
    SHALLOW_BUNDLE_macos = NO
    SHARED_DERIVED_FILE_DIR = /Users/jose/Library/Developer/Xcode/DerivedData/Runner-azwhhbflkbtmkxelbbewewazdvyb/Build/Products/Profile-iphoneos/DerivedSources
    SHARED_FRAMEWORKS_FOLDER_PATH = Runner.app/SharedFrameworks
    SHARED_PRECOMPS_DIR = /Users/jose/Library/Developer/Xcode/DerivedData/Runner-azwhhbflkbtmkxelbbewewazdvyb/Build/Intermediates.noindex/PrecompiledHeaders
    SHARED_SUPPORT_FOLDER_PATH = Runner.app/SharedSupport
    SKIP_INSTALL = NO
    SKIP_MERGEABLE_LIBRARY_BUNDLE_HOOK = NO
    SOURCE_ROOT = /Users/jose/src/work/hydracamv2/ios
    SRCROOT = /Users/jose/src/work/hydracamv2/ios
    STRINGSDATA_DIR = /Users/jose/Library/Developer/Xcode/DerivedData/Runner-azwhhbflkbtmkxelbbewewazdvyb/Build/Intermediates.noindex/Runner.build/Profile-iphoneos/Runner.build/Objects-normal/undefined_arch
    STRINGSDATA_ROOT = /Users/jose/Library/Developer/Xcode/DerivedData/Runner-azwhhbflkbtmkxelbbewewazdvyb/Build/Intermediates.noindex/Runner.build/Profile-iphoneos/Runner.build
    STRINGS_FILE_INFOPLIST_RENAME = YES
    STRINGS_FILE_OUTPUT_ENCODING = binary
    STRING_CATALOG_GENERATE_SYMBOLS = NO
    STRIP_BITCODE_FROM_COPIED_FILES = YES
    STRIP_INSTALLED_PRODUCT = YES
    STRIP_STYLE = all
    STRIP_SWIFT_SYMBOLS = YES
    SUPPORTED_DEVICE_FAMILIES = 1,2
    SUPPORTED_PLATFORMS = iphoneos
    SUPPORTS_MACCATALYST = NO
    SUPPORTS_MAC_DESIGNED_FOR_IPHONE_IPAD = YES
    SUPPORTS_ON_DEMAND_RESOURCES = YES
    SUPPORTS_TEXT_BASED_API = NO
    SUPPORTS_XR_DESIGNED_FOR_IPHONE_IPAD = YES
    SUPPRESS_WARNINGS = NO
    SWIFT_EMIT_CONST_VALUE_PROTOCOLS = AnyResolverProviding AppEntity AppEnum AppExtension AppIntent AppIntentsPackage AppShortcutProviding AppShortcutsProvider AppUnionValue AppUnionValueCasesProviding DynamicOptionsProvider EntityQuery ExtensionPointDefining IntentValueQuery Resolver TransientEntity _AssistantIntentsProvider _GenerativeFunctionExtractable _IntentValueRepresentable
    SWIFT_EMIT_LOC_STRINGS = NO
    SWIFT_ENABLE_EXPLICIT_MODULES = YES
    SWIFT_OBJC_BRIDGING_HEADER = Runner/Runner-Bridging-Header.h
    SWIFT_PLATFORM_TARGET_PREFIX = ios
    SWIFT_RESPONSE_FILE_PATH_normal_arm64 = /Users/jose/Library/Developer/Xcode/DerivedData/Runner-azwhhbflkbtmkxelbbewewazdvyb/Build/Intermediates.noindex/Runner.build/Profile-iphoneos/Runner.build/Objects-normal/arm64/Runner.SwiftFileList
    SWIFT_VERSION = 5.0
    SYMROOT = /Users/jose/Library/Developer/Xcode/DerivedData/Runner-azwhhbflkbtmkxelbbewewazdvyb/Build/Products
    SYSTEM_ADMIN_APPS_DIR = /Applications/Utilities
    SYSTEM_APPS_DIR = /Applications
    SYSTEM_CORE_SERVICES_DIR = /System/Library/CoreServices
    SYSTEM_DEMOS_DIR = /Applications/Extras
    SYSTEM_DEVELOPER_APPS_DIR = /Applications/Xcode.app/Contents/Developer/Applications
    SYSTEM_DEVELOPER_BIN_DIR = /Applications/Xcode.app/Contents/Developer/usr/bin
    SYSTEM_DEVELOPER_DEMOS_DIR = /Applications/Xcode.app/Contents/Developer/Applications/Utilities/Built Examples
    SYSTEM_DEVELOPER_DIR = /Applications/Xcode.app/Contents/Developer
    SYSTEM_DEVELOPER_DOC_DIR = /Applications/Xcode.app/Contents/Developer/ADC Reference Library
    SYSTEM_DEVELOPER_GRAPHICS_TOOLS_DIR = /Applications/Xcode.app/Contents/Developer/Applications/Graphics Tools
    SYSTEM_DEVELOPER_JAVA_TOOLS_DIR = /Applications/Xcode.app/Contents/Developer/Applications/Java Tools
    SYSTEM_DEVELOPER_PERFORMANCE_TOOLS_DIR = /Applications/Xcode.app/Contents/Developer/Applications/Performance Tools
    SYSTEM_DEVELOPER_RELEASENOTES_DIR = /Applications/Xcode.app/Contents/Developer/ADC Reference Library/releasenotes
    SYSTEM_DEVELOPER_TOOLS = /Applications/Xcode.app/Contents/Developer/Tools
    SYSTEM_DEVELOPER_TOOLS_DOC_DIR = /Applications/Xcode.app/Contents/Developer/ADC Reference Library/documentation/DeveloperTools
    SYSTEM_DEVELOPER_TOOLS_RELEASENOTES_DIR = /Applications/Xcode.app/Contents/Developer/ADC Reference Library/releasenotes/DeveloperTools
    SYSTEM_DEVELOPER_USR_DIR = /Applications/Xcode.app/Contents/Developer/usr
    SYSTEM_DEVELOPER_UTILITIES_DIR = /Applications/Xcode.app/Contents/Developer/Applications/Utilities
    SYSTEM_DEXT_INSTALL_PATH = /System/Library/DriverExtensions
    SYSTEM_DOCUMENTATION_DIR = /Library/Documentation
    SYSTEM_EXTENSIONS_FOLDER_PATH = Runner.app/SystemExtensions
    SYSTEM_EXTENSIONS_FOLDER_PATH_SHALLOW_BUNDLE_NO = Runner.app/Library/SystemExtensions
    SYSTEM_EXTENSIONS_FOLDER_PATH_SHALLOW_BUNDLE_YES = Runner.app/SystemExtensions
    SYSTEM_KEXT_INSTALL_PATH = /System/Library/Extensions
    SYSTEM_LIBRARY_DIR = /System/Library
    TAPI_DEMANGLE = YES
    TAPI_ENABLE_PROJECT_HEADERS = NO
    TAPI_LANGUAGE = objective-c
    TAPI_LANGUAGE_STANDARD = compiler-default
    TAPI_USE_SRCROOT = YES
    TAPI_VERIFY_MODE = Pedantic
    TARGETED_DEVICE_FAMILY = 1,2
    TARGETNAME = Runner
    TARGET_BUILD_DIR = /Users/jose/Library/Developer/Xcode/DerivedData/Runner-azwhhbflkbtmkxelbbewewazdvyb/Build/Products/Profile-iphoneos
    TARGET_NAME = Runner
    TARGET_TEMP_DIR = /Users/jose/Library/Developer/Xcode/DerivedData/Runner-azwhhbflkbtmkxelbbewewazdvyb/Build/Intermediates.noindex/Runner.build/Profile-iphoneos/Runner.build
    TEMP_DIR = /Users/jose/Library/Developer/Xcode/DerivedData/Runner-azwhhbflkbtmkxelbbewewazdvyb/Build/Intermediates.noindex/Runner.build/Profile-iphoneos/Runner.build
    TEMP_FILES_DIR = /Users/jose/Library/Developer/Xcode/DerivedData/Runner-azwhhbflkbtmkxelbbewewazdvyb/Build/Intermediates.noindex/Runner.build/Profile-iphoneos/Runner.build
    TEMP_FILE_DIR = /Users/jose/Library/Developer/Xcode/DerivedData/Runner-azwhhbflkbtmkxelbbewewazdvyb/Build/Intermediates.noindex/Runner.build/Profile-iphoneos/Runner.build
    TEMP_ROOT = /Users/jose/Library/Developer/Xcode/DerivedData/Runner-azwhhbflkbtmkxelbbewewazdvyb/Build/Intermediates.noindex
    TEMP_SANDBOX_DIR = /Users/jose/Library/Developer/Xcode/DerivedData/Runner-azwhhbflkbtmkxelbbewewazdvyb/Build/Intermediates.noindex/TemporaryTaskSandboxes
    TEST_FRAMEWORK_SEARCH_PATHS =  /Applications/Xcode.app/Contents/Developer/Platforms/iPhoneOS.platform/Developer/Library/Frameworks /Applications/Xcode.app/Contents/Developer/Platforms/iPhoneOS.platform/Developer/SDKs/iPhoneOS26.5.sdk/Developer/Library/Frameworks
    TEST_LIBRARY_SEARCH_PATHS =  /Applications/Xcode.app/Contents/Developer/Platforms/iPhoneOS.platform/Developer/usr/lib
    TOOLCHAINS = com.apple.dt.toolchain.XcodeDefault
    TOOLCHAIN_DIR = /Applications/Xcode.app/Contents/Developer/Toolchains/XcodeDefault.xctoolchain
    TRACK_WIDGET_CREATION = false
    TREAT_MISSING_BASELINES_AS_TEST_FAILURES = NO
    TREAT_MISSING_SCRIPT_PHASE_OUTPUTS_AS_ERRORS = NO
    TREE_SHAKE_ICONS = true
    TVOS_DEPLOYMENT_TARGET = 26.5
    UID = 501
    UNINSTALLED_PRODUCTS_DIR = /Users/jose/Library/Developer/Xcode/DerivedData/Runner-azwhhbflkbtmkxelbbewewazdvyb/Build/Intermediates.noindex/UninstalledProducts
    UNLOCALIZED_RESOURCES_FOLDER_PATH = Runner.app
    UNLOCALIZED_RESOURCES_FOLDER_PATH_SHALLOW_BUNDLE_NO = Runner.app/Resources
    UNLOCALIZED_RESOURCES_FOLDER_PATH_SHALLOW_BUNDLE_YES = Runner.app
    UNSTRIPPED_PRODUCT = NO
    USER = jose
    USER_APPS_DIR = /Users/jose/Applications
    USER_LIBRARY_DIR = /Users/jose/Library
    USE_DYNAMIC_NO_PIC = YES
    USE_HEADERMAP = YES
    USE_HEADER_SYMLINKS = NO
    USE_RECURSIVE_SCRIPT_INPUTS_IN_SCRIPT_PHASES = YES
    VALIDATE_DEVELOPMENT_ASSET_PATHS = YES_ERROR
    VALIDATE_PRODUCT = YES
    VALID_ARCHS = arm64 arm64e armv7 armv7s
    VERBOSE_PBXCP = NO
    VERSIONING_SYSTEM = apple-generic
    VERSIONPLIST_PATH = Runner.app/version.plist
    VERSION_INFO_BUILDER = jose
    VERSION_INFO_FILE = Runner_vers.c
    VERSION_INFO_STRING = "@(#)PROGRAM:Runner  PROJECT:Runner-16"
    WATCHOS_DEPLOYMENT_TARGET = 26.5
    WORKSPACE_DIR = /Users/jose/src/work/hydracamv2/ios
    WRAPPER_EXTENSION = app
    WRAPPER_NAME = Runner.app
    WRAPPER_SUFFIX = .app
    WRAP_ASSET_PACKS_IN_SEPARATE_DIRECTORIES = NO
    XCODE_APP_SUPPORT_DIR = /Applications/Xcode.app/Contents/Developer/Library/Xcode
    XCODE_PRODUCT_BUILD_VERSION = 17F42
    XCODE_VERSION_ACTUAL = 2650
    XCODE_VERSION_MAJOR = 2600
    XCODE_VERSION_MINOR = 2650
    XPCSERVICES_FOLDER_PATH = Runner.app/XPCServices
    XROS_DEPLOYMENT_TARGET = 26.5
    YACC = yacc
    _DISCOVER_COMMAND_LINE_LINKER_INPUTS = YES
    _DISCOVER_COMMAND_LINE_LINKER_INPUTS_INCLUDE_WL = YES
    _LD_MULTIARCH = YES
    _WRAPPER_CONTENTS_DIR_SHALLOW_BUNDLE_NO = /Contents
    _WRAPPER_PARENT_PATH_SHALLOW_BUNDLE_NO = /..
    _WRAPPER_RESOURCES_DIR_SHALLOW_BUNDLE_NO = /Resources
    __DIAGNOSE_DEPRECATED_ARCHS = YES
    __IS_NOT_MACOS = YES
    __IS_NOT_MACOS_macosx = NO
    __IS_NOT_SIMULATOR = YES
    __IS_NOT_SIMULATOR_simulator = NO
    __ORIGINAL_SDK_DEFINED_LLVM_TARGET_TRIPLE_SYS = ios
    arch = undefined_arch
    variant = normal


[stderr]
--- xcodebuild: WARNING: Using the first of multiple matching destinations:
{ platform:iOS, id:dvtdevice-DVTiPhonePlaceholder-iphoneos:placeholder, name:Any iOS Device }
{ platform:iOS, id:8b406aa5c597eab4c4dfd9908f4a09b10a89ec63, name:iPad (5), error:iPad (5) is not connected Xcode will continue when iPad (5) is connected and unlocked. }
{ platform:macOS, arch:arm64, variant:Designed for [iPad,iPhone], id:00006031-000C318021A2001C, name:My Mac }
{ platform:iOS Simulator, id:dvtdevice-DVTiOSDeviceSimulatorPlaceholder-iphonesimulator:placeholder, name:Any iOS Simulator Device }
{ platform:visionOS Simulator, arch:arm64, variant:Designed for [iPad,iPhone], id:CAE1E201-EE58-4BAF-86A6-ADD79EAE7D6E, OS:2.4, name:Apple Vision Pro }
{ platform:iOS Simulator, arch:arm64, id:65B81095-034E-43BD-B725-25D20F633515, OS:18.4, name:iPad (A16) }
{ platform:iOS Simulator, arch:x86_64, id:65B81095-034E-43BD-B725-25D20F633515, OS:18.4, name:iPad (A16) }
{ platform:iOS Simulator, arch:arm64, id:87CD6158-316A-47D7-8CF7-771A8784C5FB, OS:26.5, name:iPad (A16) }
{ platform:iOS Simulator, arch:arm64, id:3138C415-02AD-4FBE-8325-337E0B1D85A4, OS:18.4, name:iPad Air 11-inch (M3) }
{ platform:iOS Simulator, arch:x86_64, id:3138C415-02AD-4FBE-8325-337E0B1D85A4, OS:18.4, name:iPad Air 11-inch (M3) }
{ platform:iOS Simulator, arch:arm64, id:CDDCC03E-021A-4F65-96A0-F2659D1D77AD, OS:26.5, name:iPad Air 11-inch (M4) }
{ platform:iOS Simulator, arch:arm64, id:F1653079-F410-49D2-A063-1AF6509CA7DF, OS:18.4, name:iPad Air 13-inch (M3) }
{ platform:iOS Simulator, arch:x86_64, id:F1653079-F410-49D2-A063-1AF6509CA7DF, OS:18.4, name:iPad Air 13-inch (M3) }
{ platform:iOS Simulator, arch:arm64, id:57C9ED10-064A-4596-92B8-94A582FBDE79, OS:26.5, name:iPad Air 13-inch (M4) }
{ platform:iOS Simulator, arch:arm64, id:D1B0CC6E-6F4C-4948-A9C3-073E5932CF45, OS:18.4, name:iPad Pro 11-inch (M4) }
{ platform:iOS Simulator, arch:x86_64, id:D1B0CC6E-6F4C-4948-A9C3-073E5932CF45, OS:18.4, name:iPad Pro 11-inch (M4) }
{ platform:iOS Simulator, arch:arm64, id:F1AD956F-F029-4ED1-8153-C4D325402AF5, OS:26.5, name:iPad Pro 11-inch (M5) }
{ platform:iOS Simulator, arch:arm64, id:BF1EC7ED-01F1-437A-9CD5-6647DFEC2C8E, OS:18.4, name:iPad Pro 13-inch (M4) }
{ platform:iOS Simulator, arch:x86_64, id:BF1EC7ED-01F1-437A-9CD5-6647DFEC2C8E, OS:18.4, name:iPad Pro 13-inch (M4) }
{ platform:iOS Simulator, arch:arm64, id:1620C6D6-0BFB-4857-B75D-ECE4BA0B1190, OS:26.5, name:iPad Pro 13-inch (M5) }
{ platform:iOS Simulator, arch:arm64, id:57AF3A1E-667B-4C93-93F4-273BF71F610D, OS:18.4, name:iPad mini (A17 Pro) }
{ platform:iOS Simulator, arch:x86_64, id:57AF3A1E-667B-4C93-93F4-273BF71F610D, OS:18.4, name:iPad mini (A17 Pro) }
{ platform:iOS Simulator, arch:arm64, id:2105C891-0F6B-4A05-B471-3F589F3319C1, OS:26.5, name:iPad mini (A17 Pro) }
{ platform:iOS Simulator, arch:arm64, id:8803DD22-4646-4C0C-95BD-249D898CF513, OS:18.4, name:iPhone 16 }
{ platform:iOS Simulator, arch:x86_64, id:8803DD22-4646-4C0C-95BD-249D898CF513, OS:18.4, name:iPhone 16 }
{ platform:iOS Simulator, arch:arm64, id:5CF4A12E-A8B5-4285-AE86-407B9067CB5F, OS:18.4, name:iPhone 16 Plus }
{ platform:iOS Simulator, arch:x86_64, id:5CF4A12E-A8B5-4285-AE86-407B9067CB5F, OS:18.4, name:iPhone 16 Plus }
{ platform:iOS Simulator, arch:arm64, id:6A2E7E6A-05F8-47D6-88AE-85E3434AC6D3, OS:18.4, name:iPhone 16 Pro }
{ platform:iOS Simulator, arch:x86_64, id:6A2E7E6A-05F8-47D6-88AE-85E3434AC6D3, OS:18.4, name:iPhone 16 Pro }
{ platform:iOS Simulator, arch:arm64, id:CB509746-6183-4AEC-9FA5-725378C563BF, OS:18.4, name:iPhone 16 Pro Max }
{ platform:iOS Simulator, arch:x86_64, id:CB509746-6183-4AEC-9FA5-725378C563BF, OS:18.4, name:iPhone 16 Pro Max }
{ platform:iOS Simulator, arch:arm64, id:E6EC1822-E63D-4034-A308-8B918FE35465, OS:18.4, name:iPhone 16e }
{ platform:iOS Simulator, arch:x86_64, id:E6EC1822-E63D-4034-A308-8B918FE35465, OS:18.4, name:iPhone 16e }
{ platform:iOS Simulator, arch:arm64, id:74BEC426-E51A-460B-8AA3-E8E615CF7444, OS:26.5, name:iPhone 17 }
{ platform:iOS Simulator, arch:arm64, id:45768BC9-71B5-4BBA-9372-EAD4A0234650, OS:26.5, name:iPhone 17 Pro }
{ platform:iOS Simulator, arch:arm64, id:D8D3076F-9A3B-431E-9040-444592B8714D, OS:26.5, name:iPhone 17 Pro Max }
{ platform:iOS Simulator, arch:arm64, id:E9295FDD-2A32-40D9-81CC-DEA8042F3F78, OS:26.5, name:iPhone 17e }
{ platform:iOS Simulator, arch:arm64, id:AD4C96F1-9085-4422-993A-1CA9C8458240, OS:26.5, name:iPhone Air }
{ platform:iOS, arch:arm64, id:8b406aa5c597eab4c4dfd9908f4a09b10a89ec63, name:iPad (5) }
{ platform:iOS, arch:arm64, id:00008101-000A68811E43001E, name:José Ramón’s iPhone }
[exit-code] 0

$ xcodebuild -showBuildSettings -workspace ios/Runner.xcworkspace -scheme Runner -configuration Profile -sdk iphoneos CODE_SIGN_STYLE=Automatic
Command line invocation:
    /Applications/Xcode.app/Contents/Developer/usr/bin/xcodebuild -showBuildSettings -workspace ios/Runner.xcworkspace -scheme Runner -configuration Profile -sdk iphoneos CODE_SIGN_STYLE=Automatic

Build settings from command line:
    CODE_SIGN_STYLE = Automatic
    SDKROOT = iphoneos26.5

Resolve Package Graph


Resolved source packages:
  sensors_plus: /Users/jose/src/work/hydracamv2/ios/Flutter/ephemeral/Packages/.packages/sensors_plus-7.0.0 @ local
  flutter_appauth: /Users/jose/src/work/hydracamv2/ios/Flutter/ephemeral/Packages/.packages/flutter_appauth-11.0.0 @ local
  camera_avfoundation: /Users/jose/src/work/hydracamv2/ios/Flutter/ephemeral/Packages/.packages/camera_avfoundation-0.9.23+2 @ local
  flutter_secure_storage_darwin: /Users/jose/src/work/hydracamv2/ios/Flutter/ephemeral/Packages/.packages/flutter_secure_storage_darwin-0.3.2 @ local
  FlutterGeneratedPluginSwiftPackage: /Users/jose/src/work/hydracamv2/ios/Flutter/ephemeral/Packages/FlutterGeneratedPluginSwiftPackage
  path_provider_foundation: /Users/jose/src/work/hydracamv2/ios/Flutter/ephemeral/Packages/.packages/path_provider_foundation-2.4.2 @ local
  network_info_plus: /Users/jose/src/work/hydracamv2/ios/Flutter/ephemeral/Packages/.packages/network_info_plus-7.0.0 @ local
  device_info_plus: /Users/jose/src/work/hydracamv2/ios/Flutter/ephemeral/Packages/.packages/device_info_plus-12.2.0 @ local
  shared_preferences_foundation: /Users/jose/src/work/hydracamv2/ios/Flutter/ephemeral/Packages/.packages/shared_preferences_foundation-2.5.4 @ local
  battery_plus: /Users/jose/src/work/hydracamv2/ios/Flutter/ephemeral/Packages/.packages/battery_plus-7.0.0 @ local
  package_info_plus: /Users/jose/src/work/hydracamv2/ios/Flutter/ephemeral/Packages/.packages/package_info_plus-8.3.1 @ local
  integration_test: /Users/jose/src/work/hydracamv2/ios/Flutter/ephemeral/Packages/.packages/integration_test @ local
  video_player_avfoundation: /Users/jose/src/work/hydracamv2/ios/Flutter/ephemeral/Packages/.packages/video_player_avfoundation-2.8.4 @ local
  geolocator_apple: /Users/jose/src/work/hydracamv2/ios/Flutter/ephemeral/Packages/.packages/geolocator_apple-2.3.13 @ local
  connectivity_plus: /Users/jose/src/work/hydracamv2/ios/Flutter/ephemeral/Packages/.packages/connectivity_plus-7.0.0 @ local
  wakelock_plus: /Users/jose/src/work/hydracamv2/ios/Flutter/ephemeral/Packages/.packages/wakelock_plus-1.3.3 @ local
  AppAuth: https://github.com/openid/AppAuth-iOS @ 2.0.0
  FlutterFramework: /Users/jose/src/work/hydracamv2/ios/Flutter/ephemeral/Packages/.packages/FlutterFramework @ local

Build settings for action build and target Runner:
    ACTION = build
    AD_HOC_CODE_SIGNING_ALLOWED = NO
    AGGREGATE_TRACKED_DOMAINS = YES
    ALLOW_BUILD_REQUEST_OVERRIDES = NO
    ALLOW_TARGET_PLATFORM_SPECIALIZATION = NO
    ALTERNATE_GROUP = staff
    ALTERNATE_MODE = u+w,go-w,a+rX
    ALTERNATE_OWNER = jose
    ALTERNATIVE_DISTRIBUTION_WEB = NO
    ALWAYS_EMBED_SWIFT_STANDARD_LIBRARIES = YES
    ALWAYS_SEARCH_USER_PATHS = NO
    ALWAYS_USE_SEPARATE_HEADERMAPS = NO
    ANDROID_DEPLOYMENT_TARGET = 21.0
    APPLICATION_EXTENSION_API_ONLY = NO
    APPLY_RULES_IN_COPY_FILES = NO
    APPLY_RULES_IN_COPY_HEADERS = NO
    APP_SHORTCUTS_ENABLE_FLEXIBLE_MATCHING = YES
    ARCHS = arm64
    ARCHS_BASE = arm64
    ARCHS_STANDARD = arm64
    ARCHS_STANDARD_32_64_BIT = armv7 arm64
    ARCHS_STANDARD_32_BIT = armv7
    ARCHS_STANDARD_64_BIT = arm64
    ARCHS_STANDARD_INCLUDING_64_BIT = arm64
    ARCHS_UNIVERSAL_IPHONE_OS = armv7 arm64
    ASSETCATALOG_COMPILER_APPICON_NAME = AppIcon
    ASSETCATALOG_COMPILER_GENERATE_SWIFT_ASSET_SYMBOL_EXTENSIONS = YES
    AUTOMATICALLY_MERGE_DEPENDENCIES = NO
    AUTOMATION_APPLE_EVENTS = NO
    AVAILABLE_PLATFORMS = android appletvos appletvsimulator driverkit freebsd iphoneos iphonesimulator linux macosx none openbsd qnx watchos watchsimulator webassembly xros xrsimulator
    BUILD_ACTIVE_RESOURCES_ONLY = NO
    BUILD_COMPONENTS = headers build
    BUILD_DIR = /Users/jose/Library/Developer/Xcode/DerivedData/Runner-azwhhbflkbtmkxelbbewewazdvyb/Build/Products
    BUILD_LIBRARY_FOR_DISTRIBUTION = NO
    BUILD_ONLY_KNOWN_LOCALIZATIONS = NO
    BUILD_ROOT = /Users/jose/Library/Developer/Xcode/DerivedData/Runner-azwhhbflkbtmkxelbbewewazdvyb/Build/Products
    BUILD_STYLE =
    BUILD_VARIANTS = normal
    BUILT_PRODUCTS_DIR = /Users/jose/Library/Developer/Xcode/DerivedData/Runner-azwhhbflkbtmkxelbbewewazdvyb/Build/Products/Profile-iphoneos
    BUNDLE_CONTENTS_FOLDER_PATH_deep = Contents/
    BUNDLE_EXECUTABLE_FOLDER_NAME_deep = MacOS
    BUNDLE_EXTENSIONS_FOLDER_PATH = Extensions
    BUNDLE_FORMAT = shallow
    BUNDLE_FRAMEWORKS_FOLDER_PATH = Frameworks
    BUNDLE_PLUGINS_FOLDER_PATH = PlugIns
    BUNDLE_PRIVATE_HEADERS_FOLDER_PATH = PrivateHeaders
    BUNDLE_PUBLIC_HEADERS_FOLDER_PATH = Headers
    CACHE_ROOT = /var/folders/6s/dp27g8gn26j9mp36sjfxb9tw0000gn/C/com.apple.DeveloperTools/26.5-17F42/Xcode
    CCHROOT = /var/folders/6s/dp27g8gn26j9mp36sjfxb9tw0000gn/C/com.apple.DeveloperTools/26.5-17F42/Xcode
    CHMOD = /bin/chmod
    CHOWN = chown
    CLANG_ANALYZER_NONNULL = YES
    CLANG_CACHE_FINE_GRAINED_OUTPUTS = YES
    CLANG_CXX_LANGUAGE_STANDARD = gnu++0x
    CLANG_CXX_LIBRARY = libc++
    CLANG_ENABLE_EXPLICIT_MODULES = YES
    CLANG_ENABLE_MODULES = YES
    CLANG_ENABLE_OBJC_ARC = YES
    CLANG_MODULES_BUILD_SESSION_FILE = /Users/jose/Library/Developer/Xcode/DerivedData/ModuleCache.noindex/Session.modulevalidation
    CLANG_WARN_BLOCK_CAPTURE_AUTORELEASING = YES
    CLANG_WARN_BOOL_CONVERSION = YES
    CLANG_WARN_COMMA = YES
    CLANG_WARN_CONSTANT_CONVERSION = YES
    CLANG_WARN_DEPRECATED_OBJC_IMPLEMENTATIONS = YES
    CLANG_WARN_DIRECT_OBJC_ISA_USAGE = YES_ERROR
    CLANG_WARN_EMPTY_BODY = YES
    CLANG_WARN_ENUM_CONVERSION = YES
    CLANG_WARN_INFINITE_RECURSION = YES
    CLANG_WARN_INT_CONVERSION = YES
    CLANG_WARN_NON_LITERAL_NULL_CONVERSION = YES
    CLANG_WARN_OBJC_IMPLICIT_RETAIN_SELF = YES
    CLANG_WARN_OBJC_LITERAL_CONVERSION = YES
    CLANG_WARN_OBJC_ROOT_CLASS = YES_ERROR
    CLANG_WARN_QUOTED_INCLUDE_IN_FRAMEWORK_HEADER = NO
    CLANG_WARN_RANGE_LOOP_ANALYSIS = YES
    CLANG_WARN_STRICT_PROTOTYPES = YES
    CLANG_WARN_SUSPICIOUS_MOVE = YES
    CLANG_WARN_UNREACHABLE_CODE = YES
    CLANG_WARN__DUPLICATE_METHOD_MATCH = YES
    CLASS_FILE_DIR = /Users/jose/Library/Developer/Xcode/DerivedData/Runner-azwhhbflkbtmkxelbbewewazdvyb/Build/Intermediates.noindex/Runner.build/Profile-iphoneos/Runner.build/JavaClasses
    CLEAN_PRECOMPS = YES
    CLONE_HEADERS = NO
    COCOAPODS_PARALLEL_CODE_SIGN = true
    CODESIGNING_FOLDER_PATH = /Users/jose/Library/Developer/Xcode/DerivedData/Runner-azwhhbflkbtmkxelbbewewazdvyb/Build/Products/Profile-iphoneos/Runner.app
    CODE_SIGNING_ALLOWED = YES
    CODE_SIGNING_REQUIRED = YES
    CODE_SIGN_CONTEXT_CLASS = XCiPhoneOSCodeSignContext
    CODE_SIGN_IDENTITY = iPhone Developer
    CODE_SIGN_INJECT_BASE_ENTITLEMENTS = YES
    CODE_SIGN_STYLE = Automatic
    COLOR_DIAGNOSTICS = NO
    COMBINE_HIDPI_IMAGES = NO
    COMPILATION_CACHE_CAS_PATH = /Users/jose/Library/Developer/Xcode/DerivedData/CompilationCache.noindex
    COMPILATION_CACHE_KEEP_CAS_DIRECTORY = YES
    COMPILER_INDEX_STORE_ENABLE = Default
    COMPOSITE_SDK_DIRS = /Users/jose/Library/Developer/Xcode/DerivedData/Runner-azwhhbflkbtmkxelbbewewazdvyb/Build/Intermediates.noindex/CompositeSDKs
    COMPRESS_PNG_FILES = YES
    CONFIGURATION = Profile
    CONFIGURATION_BUILD_DIR = /Users/jose/Library/Developer/Xcode/DerivedData/Runner-azwhhbflkbtmkxelbbewewazdvyb/Build/Products/Profile-iphoneos
    CONFIGURATION_TEMP_DIR = /Users/jose/Library/Developer/Xcode/DerivedData/Runner-azwhhbflkbtmkxelbbewewazdvyb/Build/Intermediates.noindex/Runner.build/Profile-iphoneos
    CONTENTS_FOLDER_PATH = Runner.app
    CONTENTS_FOLDER_PATH_SHALLOW_BUNDLE_NO = Runner.app/Contents
    CONTENTS_FOLDER_PATH_SHALLOW_BUNDLE_YES = Runner.app
    COPYING_PRESERVES_HFS_DATA = NO
    COPY_HEADERS_RUN_UNIFDEF = NO
    COPY_PHASE_STRIP = NO
    CORRESPONDING_SIMULATOR_PLATFORM_DIR = /Applications/Xcode.app/Contents/Developer/Platforms/iPhoneSimulator.platform
    CORRESPONDING_SIMULATOR_PLATFORM_NAME = iphonesimulator
    CORRESPONDING_SIMULATOR_SDK_DIR = /Applications/Xcode.app/Contents/Developer/Platforms/iPhoneSimulator.platform/Developer/SDKs/iPhoneSimulator26.5.sdk
    CORRESPONDING_SIMULATOR_SDK_NAME = iphonesimulator26.5
    CP = /bin/cp
    CREATE_INFOPLIST_SECTION_IN_BINARY = NO
    CURRENT_ARCH = undefined_arch
    CURRENT_PROJECT_VERSION = 16
    CURRENT_VARIANT = normal
    DART_DEFINES = SFlEUkFDQU1fQVVUT01BVElPTj10cnVl,SFlEUkFDQU1fQVVUT01BVElPTl9QT1JUPTQ3NjI=,RkxVVFRFUl9WRVJTSU9OPTMuNDQuMQ==,RkxVVFRFUl9DSEFOTkVMPXN0YWJsZQ==,RkxVVFRFUl9HSVRfVVJMPWh0dHBzOi8vZ2l0aHViLmNvbS9mbHV0dGVyL2ZsdXR0ZXIuZ2l0,RkxVVFRFUl9GUkFNRVdPUktfUkVWSVNJT049OTI0MTM0YTQ0Yw==,RkxVVFRFUl9FTkdJTkVfUkVWSVNJT049YzQxNmFjZmViOA==,RkxVVFRFUl9EQVJUX1ZFUlNJT049My4xMi4x
    DART_OBFUSCATION = false
    DEAD_CODE_STRIPPING = YES
    DEBUGGING_SYMBOLS = YES
    DEBUG_INFORMATION_FORMAT = dwarf-with-dsym
    DEBUG_INFORMATION_VERSION = compiler-default
    DEFAULT_COMPILER = com.apple.compilers.llvm.clang.1_0
    DEFAULT_DEXT_INSTALL_PATH = /System/Library/DriverExtensions
    DEFAULT_KEXT_INSTALL_PATH = /System/Library/Extensions
    DEFINES_MODULE = NO
    DEPLOYMENT_LOCATION = NO
    DEPLOYMENT_POSTPROCESSING = NO
    DEPLOYMENT_TARGET_SETTING_NAME = IPHONEOS_DEPLOYMENT_TARGET
    DEPLOYMENT_TARGET_SUGGESTED_VALUES = 12.0 12.1 12.2 12.3 12.4 13.0 13.1 13.2 13.3 13.4 13.5 13.6 14.0 14.1 14.2 14.3 14.4 14.5 14.6 14.7 15.0 15.1 15.2 15.3 15.4 15.5 15.6 16.0 16.1 16.2 16.3 16.4 16.5 16.6 17.0 17.1 17.2 17.3 17.4 17.5 17.6 18.0 18.1 18.2 18.3 18.4 18.5 18.6 26.0 26.2 26.3 26.4 26.5
    DERIVED_FILES_DIR = /Users/jose/Library/Developer/Xcode/DerivedData/Runner-azwhhbflkbtmkxelbbewewazdvyb/Build/Intermediates.noindex/Runner.build/Profile-iphoneos/Runner.build/DerivedSources
    DERIVED_FILE_DIR = /Users/jose/Library/Developer/Xcode/DerivedData/Runner-azwhhbflkbtmkxelbbewewazdvyb/Build/Intermediates.noindex/Runner.build/Profile-iphoneos/Runner.build/DerivedSources
    DERIVED_SOURCES_DIR = /Users/jose/Library/Developer/Xcode/DerivedData/Runner-azwhhbflkbtmkxelbbewewazdvyb/Build/Intermediates.noindex/Runner.build/Profile-iphoneos/Runner.build/DerivedSources
    DERIVE_MACCATALYST_PRODUCT_BUNDLE_IDENTIFIER = NO
    DEVELOPER_APPLICATIONS_DIR = /Applications/Xcode.app/Contents/Developer/Applications
    DEVELOPER_BIN_DIR = /Applications/Xcode.app/Contents/Developer/usr/bin
    DEVELOPER_DIR = /Applications/Xcode.app/Contents/Developer
    DEVELOPER_FRAMEWORKS_DIR = /Applications/Xcode.app/Contents/Developer/Library/Frameworks
    DEVELOPER_FRAMEWORKS_DIR_QUOTED = /Applications/Xcode.app/Contents/Developer/Library/Frameworks
    DEVELOPER_LIBRARY_DIR = /Applications/Xcode.app/Contents/Developer/Library
    DEVELOPER_SDK_DIR = /Applications/Xcode.app/Contents/Developer/Platforms/MacOSX.platform/Developer/SDKs
    DEVELOPER_TOOLS_DIR = /Applications/Xcode.app/Contents/Developer/Tools
    DEVELOPER_USR_DIR = /Applications/Xcode.app/Contents/Developer/usr
    DEVELOPMENT_LANGUAGE = en
    DEVELOPMENT_TEAM = 4RRY2QT7H8
    DIAGNOSE_MISSING_TARGET_DEPENDENCIES = YES
    DIFF = /usr/bin/diff
    DOCUMENTATION_FOLDER_PATH = Runner.app/en.lproj/Documentation
    DONT_GENERATE_INFOPLIST_FILE = NO
    DRIVERKIT_DEPLOYMENT_TARGET = 25.5
    DSTROOT = /tmp/Runner.dst
    DT_TOOLCHAIN_DIR = /Applications/Xcode.app/Contents/Developer/Toolchains/XcodeDefault.xctoolchain
    DUMP_DEPENDENCIES = NO
    DUMP_DEPENDENCIES_OUTPUT_PATH = /Users/jose/Library/Developer/Xcode/DerivedData/Runner-azwhhbflkbtmkxelbbewewazdvyb/Build/Intermediates.noindex/Runner.build/Profile-iphoneos/Runner.build/Runner-BuildDependencyInfo.json
    DWARF_DSYM_FILE_NAME = Runner.app.dSYM
    DWARF_DSYM_FILE_SHOULD_ACCOMPANY_PRODUCT = NO
    DWARF_DSYM_FOLDER_PATH = /Users/jose/Library/Developer/Xcode/DerivedData/Runner-azwhhbflkbtmkxelbbewewazdvyb/Build/Products/Profile-iphoneos
    DYNAMIC_LIBRARY_EXTENSION = dylib
    EAGER_COMPILATION_ALLOW_SCRIPTS = NO
    EAGER_LINKING = NO
    EFFECTIVE_PLATFORM_NAME = -iphoneos
    EFFECTIVE_SWIFT_VERSION = 5
    EMBEDDED_CONTENT_CONTAINS_SWIFT = NO
    EMBEDDED_PROFILE_NAME = embedded.mobileprovision
    EMBED_ASSET_PACKS_IN_PRODUCT_BUNDLE = NO
    ENABLE_APP_SANDBOX = NO
    ENABLE_BITCODE = NO
    ENABLE_CODE_COVERAGE = YES
    ENABLE_COHORT_ARCHS = NO
    ENABLE_CPLUSPLUS_BOUNDS_SAFE_BUFFERS = NO
    ENABLE_C_BOUNDS_SAFETY = NO
    ENABLE_DEBUG_DYLIB = YES
    ENABLE_DEFAULT_HEADER_SEARCH_PATHS = YES
    ENABLE_DEFAULT_SEARCH_PATHS = YES
    ENABLE_ENHANCED_SECURITY = NO
    ENABLE_HARDENED_RUNTIME = NO
    ENABLE_HEADER_DEPENDENCIES = YES
    ENABLE_INCOMING_NETWORK_CONNECTIONS = NO
    ENABLE_MODULE_VERIFIER = YES
    ENABLE_NS_ASSERTIONS = NO
    ENABLE_ON_DEMAND_RESOURCES = YES
    ENABLE_OUTGOING_NETWORK_CONNECTIONS = NO
    ENABLE_POINTER_AUTHENTICATION = NO
    ENABLE_RESOURCE_ACCESS_AUDIO_INPUT = NO
    ENABLE_RESOURCE_ACCESS_BLUETOOTH = NO
    ENABLE_RESOURCE_ACCESS_CALENDARS = NO
    ENABLE_RESOURCE_ACCESS_CAMERA = NO
    ENABLE_RESOURCE_ACCESS_CONTACTS = NO
    ENABLE_RESOURCE_ACCESS_LOCATION = NO
    ENABLE_RESOURCE_ACCESS_PHOTO_LIBRARY = NO
    ENABLE_RESOURCE_ACCESS_PRINTING = NO
    ENABLE_RESOURCE_ACCESS_USB = NO
    ENABLE_SDK_IMPORTS = NO
    ENABLE_SECURITY_COMPILER_WARNINGS = NO
    ENABLE_STRICT_OBJC_MSGSEND = YES
    ENABLE_TESTABILITY = NO
    ENABLE_TESTING_SEARCH_PATHS = NO
    ENABLE_USER_SCRIPT_SANDBOXING = NO
    ENFORCE_VALID_ARCHS = YES
    ENTITLEMENTS_ALLOWED = YES
    ENTITLEMENTS_DESTINATION = Signature
    ENTITLEMENTS_REQUIRED = NO
    EXCLUDED_ARCHS = armv7
    EXCLUDED_INSTALLSRC_SUBDIRECTORY_PATTERNS = .DS_Store .svn .git .hg CVS
    EXCLUDED_RECURSIVE_SEARCH_PATH_SUBDIRECTORIES = *.nib *.lproj *.framework *.gch *.xcode* *.xcassets *.icon (*) .DS_Store CVS .svn .git .hg *.pbproj *.pbxproj
    EXECUTABLES_FOLDER_PATH = Runner.app/Executables
    EXECUTABLE_FOLDER_PATH = Runner.app
    EXECUTABLE_FOLDER_PATH_SHALLOW_BUNDLE_NO = Runner.app/MacOS
    EXECUTABLE_FOLDER_PATH_SHALLOW_BUNDLE_YES = Runner.app
    EXECUTABLE_NAME = Runner
    EXECUTABLE_PATH = Runner.app/Runner
    EXTENSIONS_FOLDER_PATH = Runner.app/Extensions
    FILE_LIST = /Users/jose/Library/Developer/Xcode/DerivedData/Runner-azwhhbflkbtmkxelbbewewazdvyb/Build/Intermediates.noindex/Runner.build/Profile-iphoneos/Runner.build/Objects/LinkFileList
    FIXED_FILES_DIR = /Users/jose/Library/Developer/Xcode/DerivedData/Runner-azwhhbflkbtmkxelbbewewazdvyb/Build/Intermediates.noindex/Runner.build/Profile-iphoneos/Runner.build/FixedFiles
    FLUTTER_APPLICATION_PATH = /Users/jose/src/work/hydracamv2
    FLUTTER_BUILD_DIR = build
    FLUTTER_BUILD_NAME = 1.4.0
    FLUTTER_BUILD_NUMBER = 16
    FLUTTER_FRAMEWORK_SWIFT_PACKAGE_PATH = /Users/jose/src/work/hydracamv2/ios/Flutter/ephemeral/Packages/.packages/FlutterFramework
    FLUTTER_ROOT = /opt/homebrew/Caskroom/flutter/3.29.3/flutter
    FLUTTER_TARGET = lib/main.dart
    FRAMEWORKS_FOLDER_PATH = Runner.app/Frameworks
    FRAMEWORK_FLAG_PREFIX = -framework
    FRAMEWORK_SEARCH_PATHS = /Users/jose/Library/Developer/Xcode/DerivedData/Runner-azwhhbflkbtmkxelbbewewazdvyb/Build/Products/Profile-iphoneos  "/Users/jose/Library/Developer/Xcode/DerivedData/Runner-azwhhbflkbtmkxelbbewewazdvyb/Build/Products/Profile-iphoneos/disk_space_plus" "/Users/jose/Library/Developer/Xcode/DerivedData/Runner-azwhhbflkbtmkxelbbewewazdvyb/Build/Products/Profile-iphoneos/permission_handler_apple" "/Users/jose/Library/Developer/Xcode/DerivedData/Runner-azwhhbflkbtmkxelbbewewazdvyb/Build/Products/Profile-iphoneos/photo_manager" "/Users/jose/Library/Developer/Xcode/DerivedData/Runner-azwhhbflkbtmkxelbbewewazdvyb/Build/Products/Profile-iphoneos/disk_space_plus" "/Users/jose/Library/Developer/Xcode/DerivedData/Runner-azwhhbflkbtmkxelbbewewazdvyb/Build/Products/Profile-iphoneos/permission_handler_apple" "/Users/jose/Library/Developer/Xcode/DerivedData/Runner-azwhhbflkbtmkxelbbewewazdvyb/Build/Products/Profile-iphoneos/photo_manager"
    FRAMEWORK_VERSION = A
    FULL_PRODUCT_NAME = Runner.app
    FUSE_BUILD_PHASES = YES
    FUSE_BUILD_SCRIPT_PHASES = NO
    GCC3_VERSION = 3.3
    GCC_C_LANGUAGE_STANDARD = gnu99
    GCC_DYNAMIC_NO_PIC = NO
    GCC_INLINES_ARE_PRIVATE_EXTERN = YES
    GCC_NO_COMMON_BLOCKS = YES
    GCC_PFE_FILE_C_DIALECTS = c objective-c c++ objective-c++
    GCC_PREPROCESSOR_DEFINITIONS =  COCOAPODS=1 COCOAPODS=1
    GCC_SYMBOLS_PRIVATE_EXTERN = YES
    GCC_THUMB_SUPPORT = YES
    GCC_TREAT_WARNINGS_AS_ERRORS = NO
    GCC_VERSION = com.apple.compilers.llvm.clang.1_0
    GCC_VERSION_IDENTIFIER = com_apple_compilers_llvm_clang_1_0
    GCC_WARN_64_TO_32_BIT_CONVERSION = YES
    GCC_WARN_ABOUT_RETURN_TYPE = YES_ERROR
    GCC_WARN_UNDECLARED_SELECTOR = YES
    GCC_WARN_UNINITIALIZED_AUTOS = YES_AGGRESSIVE
    GCC_WARN_UNUSED_FUNCTION = YES
    GCC_WARN_UNUSED_VARIABLE = YES
    GENERATED_MODULEMAP_DIR = /Users/jose/Library/Developer/Xcode/DerivedData/Runner-azwhhbflkbtmkxelbbewewazdvyb/Build/Intermediates.noindex/GeneratedModuleMaps-iphoneos
    GENERATE_INFOPLIST_FILE = NO
    GENERATE_INTERMEDIATE_TEXT_BASED_STUBS = YES
    GENERATE_PKGINFO_FILE = YES
    GENERATE_PRELINK_OBJECT_FILE = NO
    GENERATE_PROFILING_CODE = NO
    GENERATE_TEXT_BASED_STUBS = NO
    GID = 20
    GROUP = staff
    HEADERMAP_INCLUDES_FLAT_ENTRIES_FOR_TARGET_BEING_BUILT = YES
    HEADERMAP_INCLUDES_FRAMEWORK_ENTRIES_FOR_ALL_PRODUCT_TYPES = YES
    HEADERMAP_INCLUDES_FRAMEWORK_ENTRIES_FOR_TARGETS_NOT_BEING_BUILT = YES
    HEADERMAP_INCLUDES_NONPUBLIC_NONPRIVATE_HEADERS = YES
    HEADERMAP_INCLUDES_PROJECT_HEADERS = YES
    HEADERMAP_USES_FRAMEWORK_PREFIX_ENTRIES = YES
    HEADERMAP_USES_VFS = NO
    HEADER_SEARCH_PATHS = /Users/jose/Library/Developer/Xcode/DerivedData/Runner-azwhhbflkbtmkxelbbewewazdvyb/Build/Products/Profile-iphoneos/include  "/Users/jose/Library/Developer/Xcode/DerivedData/Runner-azwhhbflkbtmkxelbbewewazdvyb/Build/Products/Profile-iphoneos/disk_space_plus/disk_space_plus.framework/Headers" "/Users/jose/Library/Developer/Xcode/DerivedData/Runner-azwhhbflkbtmkxelbbewewazdvyb/Build/Products/Profile-iphoneos/permission_handler_apple/permission_handler_apple.framework/Headers" "/Users/jose/Library/Developer/Xcode/DerivedData/Runner-azwhhbflkbtmkxelbbewewazdvyb/Build/Products/Profile-iphoneos/photo_manager/photo_manager.framework/Headers" "/Users/jose/Library/Developer/Xcode/DerivedData/Runner-azwhhbflkbtmkxelbbewewazdvyb/Build/Products/Profile-iphoneos/disk_space_plus/disk_space_plus.framework/Headers" "/Users/jose/Library/Developer/Xcode/DerivedData/Runner-azwhhbflkbtmkxelbbewewazdvyb/Build/Products/Profile-iphoneos/permission_handler_apple/permission_handler_apple.framework/Headers" "/Users/jose/Library/Developer/Xcode/DerivedData/Runner-azwhhbflkbtmkxelbbewewazdvyb/Build/Products/Profile-iphoneos/photo_manager/photo_manager.framework/Headers"
    HOME = /Users/jose
    HOST_ARCH = arm64
    HOST_PLATFORM = macosx
    ICONV = /usr/bin/iconv
    IMPLICIT_DEPENDENCY_DOMAIN = default
    INDEX_STORE_COMPRESS = NO
    INDEX_STORE_ONLY_PROJECT_FILES = NO
    INFOPLIST_ENABLE_CFBUNDLEICONS_MERGE = YES
    INFOPLIST_EXPAND_BUILD_SETTINGS = YES
    INFOPLIST_FILE = Runner/Info.plist
    INFOPLIST_OUTPUT_FORMAT = binary
    INFOPLIST_PATH = Runner.app/Info.plist
    INFOPLIST_PREPROCESS = NO
    INFOSTRINGS_PATH = Runner.app/en.lproj/InfoPlist.strings
    INLINE_PRIVATE_FRAMEWORKS = NO
    INSTALLAPI_IGNORE_SKIP_INSTALL = YES
    INSTALLHDRS_COPY_PHASE = NO
    INSTALLHDRS_SCRIPT_PHASE = NO
    INSTALL_DIR = /tmp/Runner.dst/Applications
    INSTALL_GROUP = staff
    INSTALL_MODE_FLAG = u+w,go-w,a+rX
    INSTALL_OWNER = jose
    INSTALL_PATH = /Applications
    INSTALL_ROOT = /tmp/Runner.dst
    IPHONEOS_DEPLOYMENT_TARGET = 13.0
    IS_UNOPTIMIZED_BUILD = NO
    JAVAC_DEFAULT_FLAGS = -J-Xms64m -J-XX:NewSize=4M -J-Dfile.encoding=UTF8
    JAVA_APP_STUB = /System/Library/Frameworks/JavaVM.framework/Resources/MacOS/JavaApplicationStub
    JAVA_ARCHIVE_CLASSES = YES
    JAVA_ARCHIVE_TYPE = JAR
    JAVA_COMPILER = /usr/bin/javac
    JAVA_FOLDER_PATH = Runner.app/Java
    JAVA_FRAMEWORK_RESOURCES_DIRS = Resources
    JAVA_JAR_FLAGS = cv
    JAVA_SOURCE_SUBDIR = .
    JAVA_USE_DEPENDENCIES = YES
    JAVA_ZIP_FLAGS = -urg
    JIKES_DEFAULT_FLAGS = +E +OLDCSO
    KASAN_CFLAGS_CLASSIC = -DKASAN=1 -DKASAN_CLASSIC=1 -fsanitize=address -mllvm -asan-globals-live-support -mllvm -asan-force-dynamic-shadow
    KASAN_CFLAGS_TBI = -DKASAN=1 -DKASAN_TBI=1 -fsanitize=kernel-hwaddress -mllvm -hwasan-recover=0 -mllvm -hwasan-instrument-atomics=0 -mllvm -hwasan-instrument-stack=1 -mllvm -hwasan-generate-tags-with-calls=1 -mllvm -hwasan-instrument-with-calls=1 -mllvm -hwasan-use-short-granules=0 -mllvm -hwasan-memory-access-callback-prefix=__asan_
    KASAN_DEFAULT_CFLAGS = -DKASAN=1 -DKASAN_CLASSIC=1 -fsanitize=address -mllvm -asan-globals-live-support -mllvm -asan-force-dynamic-shadow
    KEEP_PRIVATE_EXTERNS = NO
    LD_DEPENDENCY_INFO_FILE = /Users/jose/Library/Developer/Xcode/DerivedData/Runner-azwhhbflkbtmkxelbbewewazdvyb/Build/Intermediates.noindex/Runner.build/Profile-iphoneos/Runner.build/Objects-normal/undefined_arch/Runner_dependency_info.dat
    LD_EXPORT_SYMBOLS = YES
    LD_GENERATE_MAP_FILE = NO
    LD_MAP_FILE_PATH = /Users/jose/Library/Developer/Xcode/DerivedData/Runner-azwhhbflkbtmkxelbbewewazdvyb/Build/Intermediates.noindex/Runner.build/Profile-iphoneos/Runner.build/Runner-LinkMap-normal-undefined_arch.txt
    LD_NO_PIE = NO
    LD_QUOTE_LINKER_ARGUMENTS_FOR_COMPILER_DRIVER = YES
    LD_RUNPATH_SEARCH_PATHS =  /usr/lib/swift '@executable_path/Frameworks' '@loader_path/Frameworks' /usr/lib/swift '@executable_path/Frameworks' '@loader_path/Frameworks' @executable_path/Frameworks
    LD_RUNPATH_SEARCH_PATHS_YES = @loader_path/../Frameworks
    LD_SHARED_CACHE_ELIGIBLE = Automatic
    LD_WARN_DUPLICATE_LIBRARIES = NO
    LD_WARN_UNUSED_DYLIBS = NO
    LEGACY_DEVELOPER_DIR = /Applications/Xcode.app/Contents/PlugIns/Xcode3Core.ideplugin/Contents/SharedSupport/Developer
    LEX = lex
    LIBRARY_DEXT_INSTALL_PATH = /Library/DriverExtensions
    LIBRARY_FLAG_NOSPACE = YES
    LIBRARY_FLAG_PREFIX = -l
    LIBRARY_KEXT_INSTALL_PATH = /Library/Extensions
    LIBRARY_SEARCH_PATHS = /Users/jose/Library/Developer/Xcode/DerivedData/Runner-azwhhbflkbtmkxelbbewewazdvyb/Build/Products/Profile-iphoneos /Applications/Xcode.app/Contents/Developer/Toolchains/XcodeDefault.xctoolchain/usr/lib/swift/iphoneos /Applications/Xcode.app/Contents/Developer/Platforms/iPhoneOS.platform/Developer/SDKs/iPhoneOS26.5.sdk/usr/lib/swift /Applications/Xcode.app/Contents/Developer/Toolchains/XcodeDefault.xctoolchain/usr/lib/swift/iphoneos /Applications/Xcode.app/Contents/Developer/Platforms/iPhoneOS.platform/Developer/SDKs/iPhoneOS26.5.sdk/usr/lib/swift
    LINKER_DISPLAYS_MANGLED_NAMES = NO
    LINK_FILE_LIST_normal_arm64 = /Users/jose/Library/Developer/Xcode/DerivedData/Runner-azwhhbflkbtmkxelbbewewazdvyb/Build/Intermediates.noindex/Runner.build/Profile-iphoneos/Runner.build/Objects-normal/arm64/Runner.LinkFileList
    LINK_OBJC_RUNTIME = YES
    LINK_WITH_STANDARD_LIBRARIES = YES
    LLVM_TARGET_TRIPLE_OS_VERSION = ios13.0
    LLVM_TARGET_TRIPLE_VENDOR = apple
    LM_AUX_CONST_METADATA_LIST_PATH_normal_arm64 = /Users/jose/Library/Developer/Xcode/DerivedData/Runner-azwhhbflkbtmkxelbbewewazdvyb/Build/Intermediates.noindex/Runner.build/Profile-iphoneos/Runner.build/Objects-normal/arm64/Runner.SwiftConstValuesFileList
    LOCALIZATION_EXPORT_SUPPORTED = YES
    LOCALIZATION_PREFERS_STRING_CATALOGS = NO
    LOCALIZED_RESOURCES_FOLDER_PATH = Runner.app/en.lproj
    LOCALIZED_STRING_CODE_COMMENTS = NO
    LOCALIZED_STRING_MACRO_NAMES = NSLocalizedString CFCopyLocalizedString
    LOCALIZED_STRING_SWIFTUI_SUPPORT = YES
    LOCAL_ADMIN_APPS_DIR = /Applications/Utilities
    LOCAL_APPS_DIR = /Applications
    LOCAL_DEVELOPER_DIR = /Library/Developer
    LOCAL_LIBRARY_DIR = /Library
    LOCROOT = /Users/jose/src/work/hydracamv2/ios
    LOCSYMROOT = /Users/jose/src/work/hydracamv2/ios
    MACH_O_TYPE = mh_execute
    MACOSX_DEPLOYMENT_TARGET = 26.5
    MAC_OS_X_PRODUCT_BUILD_VERSION = 25E253
    MAC_OS_X_VERSION_ACTUAL = 260401
    MAC_OS_X_VERSION_MAJOR = 260000
    MAC_OS_X_VERSION_MINOR = 260400
    MAKE_MERGEABLE = NO
    MERGEABLE_LIBRARY = NO
    MERGED_BINARY_TYPE = none
    MERGE_LINKED_LIBRARIES = NO
    METAL_LIBRARY_FILE_BASE = default
    METAL_LIBRARY_OUTPUT_DIR = /Users/jose/Library/Developer/Xcode/DerivedData/Runner-azwhhbflkbtmkxelbbewewazdvyb/Build/Products/Profile-iphoneos/Runner.app
    MODULES_FOLDER_PATH = Runner.app/Modules
    MODULE_CACHE_DIR = /Users/jose/Library/Developer/Xcode/DerivedData/ModuleCache.noindex
    MODULE_VERIFIER_SUPPORTED_LANGUAGE_STANDARDS = gnu99 gnu++11
    MTL_ENABLE_DEBUG_INFO = NO
    NATIVE_ARCH = arm64
    NATIVE_ARCH_32_BIT = arm
    NATIVE_ARCH_64_BIT = arm64
    NATIVE_ARCH_ACTUAL = arm64
    NO_COMMON = YES
    OBJECT_FILE_DIR = /Users/jose/Library/Developer/Xcode/DerivedData/Runner-azwhhbflkbtmkxelbbewewazdvyb/Build/Intermediates.noindex/Runner.build/Profile-iphoneos/Runner.build/Objects
    OBJECT_FILE_DIR_normal = /Users/jose/Library/Developer/Xcode/DerivedData/Runner-azwhhbflkbtmkxelbbewewazdvyb/Build/Intermediates.noindex/Runner.build/Profile-iphoneos/Runner.build/Objects-normal
    OBJROOT = /Users/jose/Library/Developer/Xcode/DerivedData/Runner-azwhhbflkbtmkxelbbewewazdvyb/Build/Intermediates.noindex
    ONLY_ACTIVE_ARCH = NO
    OS = MACOS
    OSAC = /usr/bin/osacompile
    OTHER_LDFLAGS =  -ObjC -framework "PhotosUI" -framework "disk_space_plus" -framework "permission_handler_apple" -framework "photo_manager" -ObjC -framework "PhotosUI" -framework "disk_space_plus" -framework "permission_handler_apple" -framework "photo_manager"
    OTHER_MODULE_VERIFIER_FLAGS =  "-F/Users/jose/Library/Developer/Xcode/DerivedData/Runner-azwhhbflkbtmkxelbbewewazdvyb/Build/Products/Profile-iphoneos/Flutter" "-F/Users/jose/Library/Developer/Xcode/DerivedData/Runner-azwhhbflkbtmkxelbbewewazdvyb/Build/Products/Profile-iphoneos/disk_space_plus" "-F/Users/jose/Library/Developer/Xcode/DerivedData/Runner-azwhhbflkbtmkxelbbewewazdvyb/Build/Products/Profile-iphoneos/permission_handler_apple" "-F/Users/jose/Library/Developer/Xcode/DerivedData/Runner-azwhhbflkbtmkxelbbewewazdvyb/Build/Products/Profile-iphoneos/photo_manager" "-F/Users/jose/Library/Developer/Xcode/DerivedData/Runner-azwhhbflkbtmkxelbbewewazdvyb/Build/Products/Profile-iphoneos/Flutter" "-F/Users/jose/Library/Developer/Xcode/DerivedData/Runner-azwhhbflkbtmkxelbbewewazdvyb/Build/Products/Profile-iphoneos/disk_space_plus" "-F/Users/jose/Library/Developer/Xcode/DerivedData/Runner-azwhhbflkbtmkxelbbewewazdvyb/Build/Products/Profile-iphoneos/permission_handler_apple" "-F/Users/jose/Library/Developer/Xcode/DerivedData/Runner-azwhhbflkbtmkxelbbewewazdvyb/Build/Products/Profile-iphoneos/photo_manager"
    OTHER_SWIFT_FLAGS =  -D COCOAPODS -D COCOAPODS
    PACKAGE_CONFIG = /Users/jose/src/work/hydracamv2/.dart_tool/package_config.json
    PACKAGE_TYPE = com.apple.package-type.wrapper.application
    PASCAL_STRINGS = YES
    PATH = /Applications/Xcode.app/Contents/SharedFrameworks/SwiftBuild.framework/Versions/A/PlugIns/SWBBuildService.bundle/Contents/PlugIns/SWBUniversalPlatformPlugin.bundle/Contents/Frameworks/SWBUniversalPlatform.framework/Resources:/Applications/Xcode.app/Contents/Developer/Toolchains/XcodeDefault.xctoolchain/usr/bin:/Applications/Xcode.app/Contents/Developer/Toolchains/XcodeDefault.xctoolchain/usr/local/bin:/Applications/Xcode.app/Contents/Developer/Toolchains/XcodeDefault.xctoolchain/usr/libexec:/Applications/Xcode.app/Contents/Developer/Platforms/iPhoneOS.platform/usr/bin:/Applications/Xcode.app/Contents/Developer/Platforms/iPhoneOS.platform/usr/local/bin:/Applications/Xcode.app/Contents/Developer/Platforms/iPhoneOS.platform/Developer/usr/bin:/Applications/Xcode.app/Contents/Developer/Platforms/iPhoneOS.platform/Developer/usr/local/bin:/Applications/Xcode.app/Contents/Developer/usr/bin:/Applications/Xcode.app/Contents/Developer/usr/local/bin:/Users/jose/.codex/tmp/arg0/codex-arg0p17LK3:/Users/jose/Library/Android/sdk/platform-tools:/Users/jose/Library/Android/sdk/emulator:/Users/jose/Library/Android/sdk/cmdline-tools/latest/bin:/Users/jose/.antigravity-ide/antigravity-ide/bin:/Users/jose/.opencode/bin:/Users/jose/.antigravity/antigravity/bin:/opt/homebrew/lib/ruby/gems/3.4.0/bin:/opt/homebrew/opt/ruby/bin:/Library/Frameworks/Python.framework/Versions/3.13/bin:/opt/homebrew/bin:/opt/homebrew/sbin:/usr/local/bin:/System/Cryptexes/App/usr/bin:/usr/bin:/bin:/usr/sbin:/sbin:/var/run/com.apple.security.cryptexd/codex.system/bootstrap/usr/local/bin:/var/run/com.apple.security.cryptexd/codex.system/bootstrap/usr/bin:/var/run/com.apple.security.cryptexd/codex.system/bootstrap/usr/appleinternal/bin:/opt/pkg/env/active/bin:/opt/pmk/env/global/bin:/Library/Apple/usr/bin:/usr/local/share/dotnet:/Users/jose/Library/Application:/Users/jose/.local/bin:/Users/jose/.lmstudio/bin:/Applications/Codex.app/Contents/Resources
    PATH_PREFIXES_EXCLUDED_FROM_HEADER_DEPENDENCIES = /usr/include /usr/local/include /System/Library/Frameworks /System/Library/PrivateFrameworks /Applications/Xcode.app/Contents/Developer/Headers /Applications/Xcode.app/Contents/Developer/SDKs /Applications/Xcode.app/Contents/Developer/Platforms
    PBDEVELOPMENTPLIST_PATH = Runner.app/pbdevelopment.plist
    PER_ARCH_MODULE_FILE_DIR = /Users/jose/Library/Developer/Xcode/DerivedData/Runner-azwhhbflkbtmkxelbbewewazdvyb/Build/Intermediates.noindex/Runner.build/Profile-iphoneos/Runner.build/Objects-normal/undefined_arch
    PER_ARCH_OBJECT_FILE_DIR = /Users/jose/Library/Developer/Xcode/DerivedData/Runner-azwhhbflkbtmkxelbbewewazdvyb/Build/Intermediates.noindex/Runner.build/Profile-iphoneos/Runner.build/Objects-normal/undefined_arch
    PER_VARIANT_OBJECT_FILE_DIR = /Users/jose/Library/Developer/Xcode/DerivedData/Runner-azwhhbflkbtmkxelbbewewazdvyb/Build/Intermediates.noindex/Runner.build/Profile-iphoneos/Runner.build/Objects-normal
    PKGINFO_FILE_PATH = /Users/jose/Library/Developer/Xcode/DerivedData/Runner-azwhhbflkbtmkxelbbewewazdvyb/Build/Intermediates.noindex/Runner.build/Profile-iphoneos/Runner.build/PkgInfo
    PKGINFO_PATH = Runner.app/PkgInfo
    PLATFORM_DEVELOPER_APPLICATIONS_DIR = /Applications/Xcode.app/Contents/Developer/Platforms/iPhoneOS.platform/Developer/Applications
    PLATFORM_DEVELOPER_BIN_DIR = /Applications/Xcode.app/Contents/Developer/Platforms/iPhoneOS.platform/Developer/usr/bin
    PLATFORM_DEVELOPER_LIBRARY_DIR = /Applications/Xcode.app/Contents/Developer/Platforms/iPhoneOS.platform/Developer/Library
    PLATFORM_DEVELOPER_SDK_DIR = /Applications/Xcode.app/Contents/Developer/Platforms/iPhoneOS.platform/Developer/SDKs
    PLATFORM_DEVELOPER_TOOLS_DIR = /Applications/Xcode.app/Contents/Developer/Platforms/iPhoneOS.platform/Developer/Tools
    PLATFORM_DEVELOPER_USR_DIR = /Applications/Xcode.app/Contents/Developer/Platforms/iPhoneOS.platform/Developer/usr
    PLATFORM_DIR = /Applications/Xcode.app/Contents/Developer/Platforms/iPhoneOS.platform
    PLATFORM_DISPLAY_NAME = iOS
    PLATFORM_FAMILY_NAME = iOS
    PLATFORM_NAME = iphoneos
    PLATFORM_PREFERRED_ARCH = arm64
    PLATFORM_PRODUCT_BUILD_VERSION = 23F73
    PLATFORM_REQUIRES_SWIFT_AUTOLINK_EXTRACT = NO
    PLATFORM_REQUIRES_SWIFT_MODULEWRAP = NO
    PLATFORM_USES_DSYMS = YES
    PLIST_FILE_OUTPUT_FORMAT = binary
    PLUGINS_FOLDER_PATH = Runner.app/PlugIns
    PODS_BUILD_DIR = /Users/jose/Library/Developer/Xcode/DerivedData/Runner-azwhhbflkbtmkxelbbewewazdvyb/Build/Products
    PODS_CONFIGURATION_BUILD_DIR = /Users/jose/Library/Developer/Xcode/DerivedData/Runner-azwhhbflkbtmkxelbbewewazdvyb/Build/Products/Profile-iphoneos
    PODS_PODFILE_DIR_PATH = /Users/jose/src/work/hydracamv2/ios/.
    PODS_ROOT = /Users/jose/src/work/hydracamv2/ios/Pods
    PODS_XCFRAMEWORKS_BUILD_DIR = /Users/jose/Library/Developer/Xcode/DerivedData/Runner-azwhhbflkbtmkxelbbewewazdvyb/Build/Products/Profile-iphoneos/XCFrameworkIntermediates
    PRECOMPS_INCLUDE_HEADERS_FROM_BUILT_PRODUCTS_DIR = YES
    PRECOMP_DESTINATION_DIR = /Users/jose/Library/Developer/Xcode/DerivedData/Runner-azwhhbflkbtmkxelbbewewazdvyb/Build/Intermediates.noindex/Runner.build/Profile-iphoneos/Runner.build/PrefixHeaders
    PRIVATE_HEADERS_FOLDER_PATH = Runner.app/PrivateHeaders
    PROCESSED_INFOPLIST_PATH = /Users/jose/Library/Developer/Xcode/DerivedData/Runner-azwhhbflkbtmkxelbbewewazdvyb/Build/Intermediates.noindex/Runner.build/Profile-iphoneos/Runner.build/Objects-normal/undefined_arch/Processed-Info.plist
    PRODUCT_BUNDLE_IDENTIFIER = com.keepeyeonball
    PRODUCT_BUNDLE_PACKAGE_TYPE = APPL
    PRODUCT_MODULE_NAME = Runner
    PRODUCT_NAME = Runner
    PRODUCT_SETTINGS_PATH = /Users/jose/src/work/hydracamv2/ios/Runner/Info.plist
    PRODUCT_TYPE = com.apple.product-type.application
    PROFILING_CODE = NO
    PROJECT = Runner
    PROJECT_DERIVED_FILE_DIR = /Users/jose/Library/Developer/Xcode/DerivedData/Runner-azwhhbflkbtmkxelbbewewazdvyb/Build/Intermediates.noindex/Runner.build/DerivedSources
    PROJECT_DIR = /Users/jose/src/work/hydracamv2/ios
    PROJECT_FILE_PATH = /Users/jose/src/work/hydracamv2/ios/Runner.xcodeproj
    PROJECT_GUID = 18c1723432283e0cc55f10a6dcfd9e02
    PROJECT_NAME = Runner
    PROJECT_TEMP_DIR = /Users/jose/Library/Developer/Xcode/DerivedData/Runner-azwhhbflkbtmkxelbbewewazdvyb/Build/Intermediates.noindex/Runner.build
    PROJECT_TEMP_ROOT = /Users/jose/Library/Developer/Xcode/DerivedData/Runner-azwhhbflkbtmkxelbbewewazdvyb/Build/Intermediates.noindex
    PROVISIONING_PROFILE_REQUIRED = YES
    PROVISIONING_PROFILE_REQUIRED_YES_YES = YES
    PROVISIONING_PROFILE_SUPPORTED = YES
    PUBLIC_HEADERS_FOLDER_PATH = Runner.app/Headers
    RECOMMENDED_IPHONEOS_DEPLOYMENT_TARGET = 15.0
    RECURSIVE_SEARCH_PATHS_FOLLOW_SYMLINKS = YES
    REMOVE_CVS_FROM_RESOURCES = YES
    REMOVE_GIT_FROM_RESOURCES = YES
    REMOVE_HEADERS_FROM_EMBEDDED_BUNDLES = YES
    REMOVE_HG_FROM_RESOURCES = YES
    REMOVE_STATIC_EXECUTABLES_FROM_EMBEDDED_BUNDLES = YES
    REMOVE_SVN_FROM_RESOURCES = YES
    RESCHEDULE_INDEPENDENT_HEADERS_PHASES = YES
    REZ_COLLECTOR_DIR = /Users/jose/Library/Developer/Xcode/DerivedData/Runner-azwhhbflkbtmkxelbbewewazdvyb/Build/Intermediates.noindex/Runner.build/Profile-iphoneos/Runner.build/ResourceManagerResources
    REZ_OBJECTS_DIR = /Users/jose/Library/Developer/Xcode/DerivedData/Runner-azwhhbflkbtmkxelbbewewazdvyb/Build/Intermediates.noindex/Runner.build/Profile-iphoneos/Runner.build/ResourceManagerResources/Objects
    REZ_SEARCH_PATHS = /Users/jose/Library/Developer/Xcode/DerivedData/Runner-azwhhbflkbtmkxelbbewewazdvyb/Build/Products/Profile-iphoneos
    RPATH_ORIGIN = @loader_path
    RUNTIME_EXCEPTION_ALLOW_DYLD_ENVIRONMENT_VARIABLES = NO
    RUNTIME_EXCEPTION_ALLOW_JIT = NO
    RUNTIME_EXCEPTION_ALLOW_UNSIGNED_EXECUTABLE_MEMORY = NO
    RUNTIME_EXCEPTION_DEBUGGING_TOOL = NO
    RUNTIME_EXCEPTION_DISABLE_EXECUTABLE_PAGE_PROTECTION = NO
    RUNTIME_EXCEPTION_DISABLE_LIBRARY_VALIDATION = NO
    SCANNING_PCM_KEEP_CACHE_DIRECTORY = YES
    SCAN_ALL_SOURCE_FILES_FOR_INCLUDES = NO
    SCRIPTS_FOLDER_PATH = Runner.app/Scripts
    SDKROOT = /Applications/Xcode.app/Contents/Developer/Platforms/iPhoneOS.platform/Developer/SDKs/iPhoneOS26.5.sdk
    SDK_DIR = /Applications/Xcode.app/Contents/Developer/Platforms/iPhoneOS.platform/Developer/SDKs/iPhoneOS26.5.sdk
    SDK_DIR_iphoneos = /Applications/Xcode.app/Contents/Developer/Platforms/iPhoneOS.platform/Developer/SDKs/iPhoneOS26.5.sdk
    SDK_DIR_iphoneos26_5 = /Applications/Xcode.app/Contents/Developer/Platforms/iPhoneOS.platform/Developer/SDKs/iPhoneOS26.5.sdk
    SDK_NAME = iphoneos26.5
    SDK_NAMES = iphoneos26.5
    SDK_PRODUCT_BUILD_VERSION = 23F73
    SDK_STAT_CACHE_DIR = /Users/jose/Library/Developer/Xcode/DerivedData
    SDK_STAT_CACHE_ENABLE = YES
    SDK_STAT_CACHE_PATH = /Users/jose/Library/Developer/Xcode/DerivedData/SDKStatCaches.noindex/iphoneos26.5-23F73-32daed1954a7d5dd0789fcaf2a9bb78b.sdkstatcache
    SDK_VERSION = 26.5
    SDK_VERSION_ACTUAL = 260500
    SDK_VERSION_MAJOR = 260000
    SDK_VERSION_MINOR = 260500
    SED = /usr/bin/sed
    SEPARATE_STRIP = NO
    SEPARATE_SYMBOL_EDIT = NO
    SET_DIR_MODE_OWNER_GROUP = YES
    SET_FILE_MODE_OWNER_GROUP = NO
    SHALLOW_BUNDLE = YES
    SHALLOW_BUNDLE_TRIPLE = ios
    SHALLOW_BUNDLE_ios_macabi = NO
    SHALLOW_BUNDLE_macos = NO
    SHARED_DERIVED_FILE_DIR = /Users/jose/Library/Developer/Xcode/DerivedData/Runner-azwhhbflkbtmkxelbbewewazdvyb/Build/Products/Profile-iphoneos/DerivedSources
    SHARED_FRAMEWORKS_FOLDER_PATH = Runner.app/SharedFrameworks
    SHARED_PRECOMPS_DIR = /Users/jose/Library/Developer/Xcode/DerivedData/Runner-azwhhbflkbtmkxelbbewewazdvyb/Build/Intermediates.noindex/PrecompiledHeaders
    SHARED_SUPPORT_FOLDER_PATH = Runner.app/SharedSupport
    SKIP_INSTALL = NO
    SKIP_MERGEABLE_LIBRARY_BUNDLE_HOOK = NO
    SOURCE_ROOT = /Users/jose/src/work/hydracamv2/ios
    SRCROOT = /Users/jose/src/work/hydracamv2/ios
    STRINGSDATA_DIR = /Users/jose/Library/Developer/Xcode/DerivedData/Runner-azwhhbflkbtmkxelbbewewazdvyb/Build/Intermediates.noindex/Runner.build/Profile-iphoneos/Runner.build/Objects-normal/undefined_arch
    STRINGSDATA_ROOT = /Users/jose/Library/Developer/Xcode/DerivedData/Runner-azwhhbflkbtmkxelbbewewazdvyb/Build/Intermediates.noindex/Runner.build/Profile-iphoneos/Runner.build
    STRINGS_FILE_INFOPLIST_RENAME = YES
    STRINGS_FILE_OUTPUT_ENCODING = binary
    STRING_CATALOG_GENERATE_SYMBOLS = NO
    STRIP_BITCODE_FROM_COPIED_FILES = YES
    STRIP_INSTALLED_PRODUCT = YES
    STRIP_STYLE = all
    STRIP_SWIFT_SYMBOLS = YES
    SUPPORTED_DEVICE_FAMILIES = 1,2
    SUPPORTED_PLATFORMS = iphoneos
    SUPPORTS_MACCATALYST = NO
    SUPPORTS_MAC_DESIGNED_FOR_IPHONE_IPAD = YES
    SUPPORTS_ON_DEMAND_RESOURCES = YES
    SUPPORTS_TEXT_BASED_API = NO
    SUPPORTS_XR_DESIGNED_FOR_IPHONE_IPAD = YES
    SUPPRESS_WARNINGS = NO
    SWIFT_EMIT_CONST_VALUE_PROTOCOLS = AnyResolverProviding AppEntity AppEnum AppExtension AppIntent AppIntentsPackage AppShortcutProviding AppShortcutsProvider AppUnionValue AppUnionValueCasesProviding DynamicOptionsProvider EntityQuery ExtensionPointDefining IntentValueQuery Resolver TransientEntity _AssistantIntentsProvider _GenerativeFunctionExtractable _IntentValueRepresentable
    SWIFT_EMIT_LOC_STRINGS = NO
    SWIFT_ENABLE_EXPLICIT_MODULES = YES
    SWIFT_OBJC_BRIDGING_HEADER = Runner/Runner-Bridging-Header.h
    SWIFT_PLATFORM_TARGET_PREFIX = ios
    SWIFT_RESPONSE_FILE_PATH_normal_arm64 = /Users/jose/Library/Developer/Xcode/DerivedData/Runner-azwhhbflkbtmkxelbbewewazdvyb/Build/Intermediates.noindex/Runner.build/Profile-iphoneos/Runner.build/Objects-normal/arm64/Runner.SwiftFileList
    SWIFT_VERSION = 5.0
    SYMROOT = /Users/jose/Library/Developer/Xcode/DerivedData/Runner-azwhhbflkbtmkxelbbewewazdvyb/Build/Products
    SYSTEM_ADMIN_APPS_DIR = /Applications/Utilities
    SYSTEM_APPS_DIR = /Applications
    SYSTEM_CORE_SERVICES_DIR = /System/Library/CoreServices
    SYSTEM_DEMOS_DIR = /Applications/Extras
    SYSTEM_DEVELOPER_APPS_DIR = /Applications/Xcode.app/Contents/Developer/Applications
    SYSTEM_DEVELOPER_BIN_DIR = /Applications/Xcode.app/Contents/Developer/usr/bin
    SYSTEM_DEVELOPER_DEMOS_DIR = /Applications/Xcode.app/Contents/Developer/Applications/Utilities/Built Examples
    SYSTEM_DEVELOPER_DIR = /Applications/Xcode.app/Contents/Developer
    SYSTEM_DEVELOPER_DOC_DIR = /Applications/Xcode.app/Contents/Developer/ADC Reference Library
    SYSTEM_DEVELOPER_GRAPHICS_TOOLS_DIR = /Applications/Xcode.app/Contents/Developer/Applications/Graphics Tools
    SYSTEM_DEVELOPER_JAVA_TOOLS_DIR = /Applications/Xcode.app/Contents/Developer/Applications/Java Tools
    SYSTEM_DEVELOPER_PERFORMANCE_TOOLS_DIR = /Applications/Xcode.app/Contents/Developer/Applications/Performance Tools
    SYSTEM_DEVELOPER_RELEASENOTES_DIR = /Applications/Xcode.app/Contents/Developer/ADC Reference Library/releasenotes
    SYSTEM_DEVELOPER_TOOLS = /Applications/Xcode.app/Contents/Developer/Tools
    SYSTEM_DEVELOPER_TOOLS_DOC_DIR = /Applications/Xcode.app/Contents/Developer/ADC Reference Library/documentation/DeveloperTools
    SYSTEM_DEVELOPER_TOOLS_RELEASENOTES_DIR = /Applications/Xcode.app/Contents/Developer/ADC Reference Library/releasenotes/DeveloperTools
    SYSTEM_DEVELOPER_USR_DIR = /Applications/Xcode.app/Contents/Developer/usr
    SYSTEM_DEVELOPER_UTILITIES_DIR = /Applications/Xcode.app/Contents/Developer/Applications/Utilities
    SYSTEM_DEXT_INSTALL_PATH = /System/Library/DriverExtensions
    SYSTEM_DOCUMENTATION_DIR = /Library/Documentation
    SYSTEM_EXTENSIONS_FOLDER_PATH = Runner.app/SystemExtensions
    SYSTEM_EXTENSIONS_FOLDER_PATH_SHALLOW_BUNDLE_NO = Runner.app/Library/SystemExtensions
    SYSTEM_EXTENSIONS_FOLDER_PATH_SHALLOW_BUNDLE_YES = Runner.app/SystemExtensions
    SYSTEM_KEXT_INSTALL_PATH = /System/Library/Extensions
    SYSTEM_LIBRARY_DIR = /System/Library
    TAPI_DEMANGLE = YES
    TAPI_ENABLE_PROJECT_HEADERS = NO
    TAPI_LANGUAGE = objective-c
    TAPI_LANGUAGE_STANDARD = compiler-default
    TAPI_USE_SRCROOT = YES
    TAPI_VERIFY_MODE = Pedantic
    TARGETED_DEVICE_FAMILY = 1,2
    TARGETNAME = Runner
    TARGET_BUILD_DIR = /Users/jose/Library/Developer/Xcode/DerivedData/Runner-azwhhbflkbtmkxelbbewewazdvyb/Build/Products/Profile-iphoneos
    TARGET_NAME = Runner
    TARGET_TEMP_DIR = /Users/jose/Library/Developer/Xcode/DerivedData/Runner-azwhhbflkbtmkxelbbewewazdvyb/Build/Intermediates.noindex/Runner.build/Profile-iphoneos/Runner.build
    TEMP_DIR = /Users/jose/Library/Developer/Xcode/DerivedData/Runner-azwhhbflkbtmkxelbbewewazdvyb/Build/Intermediates.noindex/Runner.build/Profile-iphoneos/Runner.build
    TEMP_FILES_DIR = /Users/jose/Library/Developer/Xcode/DerivedData/Runner-azwhhbflkbtmkxelbbewewazdvyb/Build/Intermediates.noindex/Runner.build/Profile-iphoneos/Runner.build
    TEMP_FILE_DIR = /Users/jose/Library/Developer/Xcode/DerivedData/Runner-azwhhbflkbtmkxelbbewewazdvyb/Build/Intermediates.noindex/Runner.build/Profile-iphoneos/Runner.build
    TEMP_ROOT = /Users/jose/Library/Developer/Xcode/DerivedData/Runner-azwhhbflkbtmkxelbbewewazdvyb/Build/Intermediates.noindex
    TEMP_SANDBOX_DIR = /Users/jose/Library/Developer/Xcode/DerivedData/Runner-azwhhbflkbtmkxelbbewewazdvyb/Build/Intermediates.noindex/TemporaryTaskSandboxes
    TEST_FRAMEWORK_SEARCH_PATHS =  /Applications/Xcode.app/Contents/Developer/Platforms/iPhoneOS.platform/Developer/Library/Frameworks /Applications/Xcode.app/Contents/Developer/Platforms/iPhoneOS.platform/Developer/SDKs/iPhoneOS26.5.sdk/Developer/Library/Frameworks
    TEST_LIBRARY_SEARCH_PATHS =  /Applications/Xcode.app/Contents/Developer/Platforms/iPhoneOS.platform/Developer/usr/lib
    TOOLCHAINS = com.apple.dt.toolchain.XcodeDefault
    TOOLCHAIN_DIR = /Applications/Xcode.app/Contents/Developer/Toolchains/XcodeDefault.xctoolchain
    TRACK_WIDGET_CREATION = false
    TREAT_MISSING_BASELINES_AS_TEST_FAILURES = NO
    TREAT_MISSING_SCRIPT_PHASE_OUTPUTS_AS_ERRORS = NO
    TREE_SHAKE_ICONS = true
    TVOS_DEPLOYMENT_TARGET = 26.5
    UID = 501
    UNINSTALLED_PRODUCTS_DIR = /Users/jose/Library/Developer/Xcode/DerivedData/Runner-azwhhbflkbtmkxelbbewewazdvyb/Build/Intermediates.noindex/UninstalledProducts
    UNLOCALIZED_RESOURCES_FOLDER_PATH = Runner.app
    UNLOCALIZED_RESOURCES_FOLDER_PATH_SHALLOW_BUNDLE_NO = Runner.app/Resources
    UNLOCALIZED_RESOURCES_FOLDER_PATH_SHALLOW_BUNDLE_YES = Runner.app
    UNSTRIPPED_PRODUCT = NO
    USER = jose
    USER_APPS_DIR = /Users/jose/Applications
    USER_LIBRARY_DIR = /Users/jose/Library
    USE_DYNAMIC_NO_PIC = YES
    USE_HEADERMAP = YES
    USE_HEADER_SYMLINKS = NO
    USE_RECURSIVE_SCRIPT_INPUTS_IN_SCRIPT_PHASES = YES
    VALIDATE_DEVELOPMENT_ASSET_PATHS = YES_ERROR
    VALIDATE_PRODUCT = YES
    VALID_ARCHS = arm64 arm64e armv7 armv7s
    VERBOSE_PBXCP = NO
    VERSIONING_SYSTEM = apple-generic
    VERSIONPLIST_PATH = Runner.app/version.plist
    VERSION_INFO_BUILDER = jose
    VERSION_INFO_FILE = Runner_vers.c
    VERSION_INFO_STRING = "@(#)PROGRAM:Runner  PROJECT:Runner-16"
    WATCHOS_DEPLOYMENT_TARGET = 26.5
    WORKSPACE_DIR = /Users/jose/src/work/hydracamv2/ios
    WRAPPER_EXTENSION = app
    WRAPPER_NAME = Runner.app
    WRAPPER_SUFFIX = .app
    WRAP_ASSET_PACKS_IN_SEPARATE_DIRECTORIES = NO
    XCODE_APP_SUPPORT_DIR = /Applications/Xcode.app/Contents/Developer/Library/Xcode
    XCODE_PRODUCT_BUILD_VERSION = 17F42
    XCODE_VERSION_ACTUAL = 2650
    XCODE_VERSION_MAJOR = 2600
    XCODE_VERSION_MINOR = 2650
    XPCSERVICES_FOLDER_PATH = Runner.app/XPCServices
    XROS_DEPLOYMENT_TARGET = 26.5
    YACC = yacc
    _DISCOVER_COMMAND_LINE_LINKER_INPUTS = YES
    _DISCOVER_COMMAND_LINE_LINKER_INPUTS_INCLUDE_WL = YES
    _LD_MULTIARCH = YES
    _WRAPPER_CONTENTS_DIR_SHALLOW_BUNDLE_NO = /Contents
    _WRAPPER_PARENT_PATH_SHALLOW_BUNDLE_NO = /..
    _WRAPPER_RESOURCES_DIR_SHALLOW_BUNDLE_NO = /Resources
    __DIAGNOSE_DEPRECATED_ARCHS = YES
    __IS_NOT_MACOS = YES
    __IS_NOT_MACOS_macosx = NO
    __IS_NOT_SIMULATOR = YES
    __IS_NOT_SIMULATOR_simulator = NO
    __ORIGINAL_SDK_DEFINED_LLVM_TARGET_TRIPLE_SYS = ios
    arch = undefined_arch
    variant = normal


[stderr]
--- xcodebuild: WARNING: Using the first of multiple matching destinations:
{ platform:iOS, id:dvtdevice-DVTiPhonePlaceholder-iphoneos:placeholder, name:Any iOS Device }
{ platform:iOS, id:8b406aa5c597eab4c4dfd9908f4a09b10a89ec63, name:iPad (5), error:iPad (5) is not connected Xcode will continue when iPad (5) is connected and unlocked. }
{ platform:macOS, arch:arm64, variant:Designed for [iPad,iPhone], id:00006031-000C318021A2001C, name:My Mac }
{ platform:iOS Simulator, id:dvtdevice-DVTiOSDeviceSimulatorPlaceholder-iphonesimulator:placeholder, name:Any iOS Simulator Device }
{ platform:visionOS Simulator, arch:arm64, variant:Designed for [iPad,iPhone], id:CAE1E201-EE58-4BAF-86A6-ADD79EAE7D6E, OS:2.4, name:Apple Vision Pro }
{ platform:iOS Simulator, arch:arm64, id:65B81095-034E-43BD-B725-25D20F633515, OS:18.4, name:iPad (A16) }
{ platform:iOS Simulator, arch:x86_64, id:65B81095-034E-43BD-B725-25D20F633515, OS:18.4, name:iPad (A16) }
{ platform:iOS Simulator, arch:arm64, id:87CD6158-316A-47D7-8CF7-771A8784C5FB, OS:26.5, name:iPad (A16) }
{ platform:iOS Simulator, arch:arm64, id:3138C415-02AD-4FBE-8325-337E0B1D85A4, OS:18.4, name:iPad Air 11-inch (M3) }
{ platform:iOS Simulator, arch:x86_64, id:3138C415-02AD-4FBE-8325-337E0B1D85A4, OS:18.4, name:iPad Air 11-inch (M3) }
{ platform:iOS Simulator, arch:arm64, id:CDDCC03E-021A-4F65-96A0-F2659D1D77AD, OS:26.5, name:iPad Air 11-inch (M4) }
{ platform:iOS Simulator, arch:arm64, id:F1653079-F410-49D2-A063-1AF6509CA7DF, OS:18.4, name:iPad Air 13-inch (M3) }
{ platform:iOS Simulator, arch:x86_64, id:F1653079-F410-49D2-A063-1AF6509CA7DF, OS:18.4, name:iPad Air 13-inch (M3) }
{ platform:iOS Simulator, arch:arm64, id:57C9ED10-064A-4596-92B8-94A582FBDE79, OS:26.5, name:iPad Air 13-inch (M4) }
{ platform:iOS Simulator, arch:arm64, id:D1B0CC6E-6F4C-4948-A9C3-073E5932CF45, OS:18.4, name:iPad Pro 11-inch (M4) }
{ platform:iOS Simulator, arch:x86_64, id:D1B0CC6E-6F4C-4948-A9C3-073E5932CF45, OS:18.4, name:iPad Pro 11-inch (M4) }
{ platform:iOS Simulator, arch:arm64, id:F1AD956F-F029-4ED1-8153-C4D325402AF5, OS:26.5, name:iPad Pro 11-inch (M5) }
{ platform:iOS Simulator, arch:arm64, id:BF1EC7ED-01F1-437A-9CD5-6647DFEC2C8E, OS:18.4, name:iPad Pro 13-inch (M4) }
{ platform:iOS Simulator, arch:x86_64, id:BF1EC7ED-01F1-437A-9CD5-6647DFEC2C8E, OS:18.4, name:iPad Pro 13-inch (M4) }
{ platform:iOS Simulator, arch:arm64, id:1620C6D6-0BFB-4857-B75D-ECE4BA0B1190, OS:26.5, name:iPad Pro 13-inch (M5) }
{ platform:iOS Simulator, arch:arm64, id:57AF3A1E-667B-4C93-93F4-273BF71F610D, OS:18.4, name:iPad mini (A17 Pro) }
{ platform:iOS Simulator, arch:x86_64, id:57AF3A1E-667B-4C93-93F4-273BF71F610D, OS:18.4, name:iPad mini (A17 Pro) }
{ platform:iOS Simulator, arch:arm64, id:2105C891-0F6B-4A05-B471-3F589F3319C1, OS:26.5, name:iPad mini (A17 Pro) }
{ platform:iOS Simulator, arch:arm64, id:8803DD22-4646-4C0C-95BD-249D898CF513, OS:18.4, name:iPhone 16 }
{ platform:iOS Simulator, arch:x86_64, id:8803DD22-4646-4C0C-95BD-249D898CF513, OS:18.4, name:iPhone 16 }
{ platform:iOS Simulator, arch:arm64, id:5CF4A12E-A8B5-4285-AE86-407B9067CB5F, OS:18.4, name:iPhone 16 Plus }
{ platform:iOS Simulator, arch:x86_64, id:5CF4A12E-A8B5-4285-AE86-407B9067CB5F, OS:18.4, name:iPhone 16 Plus }
{ platform:iOS Simulator, arch:arm64, id:6A2E7E6A-05F8-47D6-88AE-85E3434AC6D3, OS:18.4, name:iPhone 16 Pro }
{ platform:iOS Simulator, arch:x86_64, id:6A2E7E6A-05F8-47D6-88AE-85E3434AC6D3, OS:18.4, name:iPhone 16 Pro }
{ platform:iOS Simulator, arch:arm64, id:CB509746-6183-4AEC-9FA5-725378C563BF, OS:18.4, name:iPhone 16 Pro Max }
{ platform:iOS Simulator, arch:x86_64, id:CB509746-6183-4AEC-9FA5-725378C563BF, OS:18.4, name:iPhone 16 Pro Max }
{ platform:iOS Simulator, arch:arm64, id:E6EC1822-E63D-4034-A308-8B918FE35465, OS:18.4, name:iPhone 16e }
{ platform:iOS Simulator, arch:x86_64, id:E6EC1822-E63D-4034-A308-8B918FE35465, OS:18.4, name:iPhone 16e }
{ platform:iOS Simulator, arch:arm64, id:74BEC426-E51A-460B-8AA3-E8E615CF7444, OS:26.5, name:iPhone 17 }
{ platform:iOS Simulator, arch:arm64, id:45768BC9-71B5-4BBA-9372-EAD4A0234650, OS:26.5, name:iPhone 17 Pro }
{ platform:iOS Simulator, arch:arm64, id:D8D3076F-9A3B-431E-9040-444592B8714D, OS:26.5, name:iPhone 17 Pro Max }
{ platform:iOS Simulator, arch:arm64, id:E9295FDD-2A32-40D9-81CC-DEA8042F3F78, OS:26.5, name:iPhone 17e }
{ platform:iOS Simulator, arch:arm64, id:AD4C96F1-9085-4422-993A-1CA9C8458240, OS:26.5, name:iPhone Air }
{ platform:iOS, arch:arm64, id:8b406aa5c597eab4c4dfd9908f4a09b10a89ec63, name:iPad (5) }
{ platform:iOS, arch:arm64, id:00008101-000A68811E43001E, name:José Ramón’s iPhone }
[exit-code] 0

$ xcodebuild -showBuildSettings -workspace ios/Runner.xcworkspace -scheme Runner -configuration Release -sdk iphoneos CODE_SIGN_STYLE=Automatic
Command line invocation:
    /Applications/Xcode.app/Contents/Developer/usr/bin/xcodebuild -showBuildSettings -workspace ios/Runner.xcworkspace -scheme Runner -configuration Release -sdk iphoneos CODE_SIGN_STYLE=Automatic

Build settings from command line:
    CODE_SIGN_STYLE = Automatic
    SDKROOT = iphoneos26.5

Resolve Package Graph


Resolved source packages:
  video_player_avfoundation: /Users/jose/src/work/hydracamv2/ios/Flutter/ephemeral/Packages/.packages/video_player_avfoundation-2.8.4 @ local
  connectivity_plus: /Users/jose/src/work/hydracamv2/ios/Flutter/ephemeral/Packages/.packages/connectivity_plus-7.0.0 @ local
  battery_plus: /Users/jose/src/work/hydracamv2/ios/Flutter/ephemeral/Packages/.packages/battery_plus-7.0.0 @ local
  shared_preferences_foundation: /Users/jose/src/work/hydracamv2/ios/Flutter/ephemeral/Packages/.packages/shared_preferences_foundation-2.5.4 @ local
  flutter_appauth: /Users/jose/src/work/hydracamv2/ios/Flutter/ephemeral/Packages/.packages/flutter_appauth-11.0.0 @ local
  camera_avfoundation: /Users/jose/src/work/hydracamv2/ios/Flutter/ephemeral/Packages/.packages/camera_avfoundation-0.9.23+2 @ local
  path_provider_foundation: /Users/jose/src/work/hydracamv2/ios/Flutter/ephemeral/Packages/.packages/path_provider_foundation-2.4.2 @ local
  FlutterGeneratedPluginSwiftPackage: /Users/jose/src/work/hydracamv2/ios/Flutter/ephemeral/Packages/FlutterGeneratedPluginSwiftPackage
  sensors_plus: /Users/jose/src/work/hydracamv2/ios/Flutter/ephemeral/Packages/.packages/sensors_plus-7.0.0 @ local
  device_info_plus: /Users/jose/src/work/hydracamv2/ios/Flutter/ephemeral/Packages/.packages/device_info_plus-12.2.0 @ local
  flutter_secure_storage_darwin: /Users/jose/src/work/hydracamv2/ios/Flutter/ephemeral/Packages/.packages/flutter_secure_storage_darwin-0.3.2 @ local
  FlutterFramework: /Users/jose/src/work/hydracamv2/ios/Flutter/ephemeral/Packages/.packages/FlutterFramework @ local
  integration_test: /Users/jose/src/work/hydracamv2/ios/Flutter/ephemeral/Packages/.packages/integration_test @ local
  package_info_plus: /Users/jose/src/work/hydracamv2/ios/Flutter/ephemeral/Packages/.packages/package_info_plus-8.3.1 @ local
  wakelock_plus: /Users/jose/src/work/hydracamv2/ios/Flutter/ephemeral/Packages/.packages/wakelock_plus-1.3.3 @ local
  geolocator_apple: /Users/jose/src/work/hydracamv2/ios/Flutter/ephemeral/Packages/.packages/geolocator_apple-2.3.13 @ local
  network_info_plus: /Users/jose/src/work/hydracamv2/ios/Flutter/ephemeral/Packages/.packages/network_info_plus-7.0.0 @ local
  AppAuth: https://github.com/openid/AppAuth-iOS @ 2.0.0

Build settings for action build and target Runner:
    ACTION = build
    AD_HOC_CODE_SIGNING_ALLOWED = NO
    AGGREGATE_TRACKED_DOMAINS = YES
    ALLOW_BUILD_REQUEST_OVERRIDES = NO
    ALLOW_TARGET_PLATFORM_SPECIALIZATION = NO
    ALTERNATE_GROUP = staff
    ALTERNATE_MODE = u+w,go-w,a+rX
    ALTERNATE_OWNER = jose
    ALTERNATIVE_DISTRIBUTION_WEB = NO
    ALWAYS_EMBED_SWIFT_STANDARD_LIBRARIES = YES
    ALWAYS_SEARCH_USER_PATHS = NO
    ALWAYS_USE_SEPARATE_HEADERMAPS = NO
    ANDROID_DEPLOYMENT_TARGET = 21.0
    APPLICATION_EXTENSION_API_ONLY = NO
    APPLY_RULES_IN_COPY_FILES = NO
    APPLY_RULES_IN_COPY_HEADERS = NO
    APP_SHORTCUTS_ENABLE_FLEXIBLE_MATCHING = YES
    ARCHS = arm64
    ARCHS_BASE = arm64
    ARCHS_STANDARD = arm64
    ARCHS_STANDARD_32_64_BIT = armv7 arm64
    ARCHS_STANDARD_32_BIT = armv7
    ARCHS_STANDARD_64_BIT = arm64
    ARCHS_STANDARD_INCLUDING_64_BIT = arm64
    ARCHS_UNIVERSAL_IPHONE_OS = armv7 arm64
    ASSETCATALOG_COMPILER_APPICON_NAME = AppIcon
    ASSETCATALOG_COMPILER_GENERATE_SWIFT_ASSET_SYMBOL_EXTENSIONS = YES
    AUTOMATICALLY_MERGE_DEPENDENCIES = NO
    AUTOMATION_APPLE_EVENTS = NO
    AVAILABLE_PLATFORMS = android appletvos appletvsimulator driverkit freebsd iphoneos iphonesimulator linux macosx none openbsd qnx watchos watchsimulator webassembly xros xrsimulator
    BUILD_ACTIVE_RESOURCES_ONLY = NO
    BUILD_COMPONENTS = headers build
    BUILD_DIR = /Users/jose/Library/Developer/Xcode/DerivedData/Runner-azwhhbflkbtmkxelbbewewazdvyb/Build/Products
    BUILD_LIBRARY_FOR_DISTRIBUTION = NO
    BUILD_ONLY_KNOWN_LOCALIZATIONS = NO
    BUILD_ROOT = /Users/jose/Library/Developer/Xcode/DerivedData/Runner-azwhhbflkbtmkxelbbewewazdvyb/Build/Products
    BUILD_STYLE =
    BUILD_VARIANTS = normal
    BUILT_PRODUCTS_DIR = /Users/jose/Library/Developer/Xcode/DerivedData/Runner-azwhhbflkbtmkxelbbewewazdvyb/Build/Products/Release-iphoneos
    BUNDLE_CONTENTS_FOLDER_PATH_deep = Contents/
    BUNDLE_EXECUTABLE_FOLDER_NAME_deep = MacOS
    BUNDLE_EXTENSIONS_FOLDER_PATH = Extensions
    BUNDLE_FORMAT = shallow
    BUNDLE_FRAMEWORKS_FOLDER_PATH = Frameworks
    BUNDLE_PLUGINS_FOLDER_PATH = PlugIns
    BUNDLE_PRIVATE_HEADERS_FOLDER_PATH = PrivateHeaders
    BUNDLE_PUBLIC_HEADERS_FOLDER_PATH = Headers
    CACHE_ROOT = /var/folders/6s/dp27g8gn26j9mp36sjfxb9tw0000gn/C/com.apple.DeveloperTools/26.5-17F42/Xcode
    CCHROOT = /var/folders/6s/dp27g8gn26j9mp36sjfxb9tw0000gn/C/com.apple.DeveloperTools/26.5-17F42/Xcode
    CHMOD = /bin/chmod
    CHOWN = chown
    CLANG_ANALYZER_NONNULL = YES
    CLANG_CACHE_FINE_GRAINED_OUTPUTS = YES
    CLANG_CXX_LANGUAGE_STANDARD = gnu++0x
    CLANG_CXX_LIBRARY = libc++
    CLANG_ENABLE_EXPLICIT_MODULES = YES
    CLANG_ENABLE_MODULES = YES
    CLANG_ENABLE_OBJC_ARC = YES
    CLANG_MODULES_BUILD_SESSION_FILE = /Users/jose/Library/Developer/Xcode/DerivedData/ModuleCache.noindex/Session.modulevalidation
    CLANG_WARN_BLOCK_CAPTURE_AUTORELEASING = YES
    CLANG_WARN_BOOL_CONVERSION = YES
    CLANG_WARN_COMMA = YES
    CLANG_WARN_CONSTANT_CONVERSION = YES
    CLANG_WARN_DEPRECATED_OBJC_IMPLEMENTATIONS = YES
    CLANG_WARN_DIRECT_OBJC_ISA_USAGE = YES_ERROR
    CLANG_WARN_EMPTY_BODY = YES
    CLANG_WARN_ENUM_CONVERSION = YES
    CLANG_WARN_INFINITE_RECURSION = YES
    CLANG_WARN_INT_CONVERSION = YES
    CLANG_WARN_NON_LITERAL_NULL_CONVERSION = YES
    CLANG_WARN_OBJC_IMPLICIT_RETAIN_SELF = YES
    CLANG_WARN_OBJC_LITERAL_CONVERSION = YES
    CLANG_WARN_OBJC_ROOT_CLASS = YES_ERROR
    CLANG_WARN_QUOTED_INCLUDE_IN_FRAMEWORK_HEADER = NO
    CLANG_WARN_RANGE_LOOP_ANALYSIS = YES
    CLANG_WARN_STRICT_PROTOTYPES = YES
    CLANG_WARN_SUSPICIOUS_MOVE = YES
    CLANG_WARN_UNREACHABLE_CODE = YES
    CLANG_WARN__DUPLICATE_METHOD_MATCH = YES
    CLASS_FILE_DIR = /Users/jose/Library/Developer/Xcode/DerivedData/Runner-azwhhbflkbtmkxelbbewewazdvyb/Build/Intermediates.noindex/Runner.build/Release-iphoneos/Runner.build/JavaClasses
    CLEAN_PRECOMPS = YES
    CLONE_HEADERS = NO
    COCOAPODS_PARALLEL_CODE_SIGN = true
    CODESIGNING_FOLDER_PATH = /Users/jose/Library/Developer/Xcode/DerivedData/Runner-azwhhbflkbtmkxelbbewewazdvyb/Build/Products/Release-iphoneos/Runner.app
    CODE_SIGNING_ALLOWED = YES
    CODE_SIGNING_REQUIRED = YES
    CODE_SIGN_CONTEXT_CLASS = XCiPhoneOSCodeSignContext
    CODE_SIGN_IDENTITY = iPhone Developer
    CODE_SIGN_INJECT_BASE_ENTITLEMENTS = YES
    CODE_SIGN_STYLE = Automatic
    COLOR_DIAGNOSTICS = NO
    COMBINE_HIDPI_IMAGES = NO
    COMPILATION_CACHE_CAS_PATH = /Users/jose/Library/Developer/Xcode/DerivedData/CompilationCache.noindex
    COMPILATION_CACHE_KEEP_CAS_DIRECTORY = YES
    COMPILER_INDEX_STORE_ENABLE = Default
    COMPOSITE_SDK_DIRS = /Users/jose/Library/Developer/Xcode/DerivedData/Runner-azwhhbflkbtmkxelbbewewazdvyb/Build/Intermediates.noindex/CompositeSDKs
    COMPRESS_PNG_FILES = YES
    CONFIGURATION = Release
    CONFIGURATION_BUILD_DIR = /Users/jose/Library/Developer/Xcode/DerivedData/Runner-azwhhbflkbtmkxelbbewewazdvyb/Build/Products/Release-iphoneos
    CONFIGURATION_TEMP_DIR = /Users/jose/Library/Developer/Xcode/DerivedData/Runner-azwhhbflkbtmkxelbbewewazdvyb/Build/Intermediates.noindex/Runner.build/Release-iphoneos
    CONTENTS_FOLDER_PATH = Runner.app
    CONTENTS_FOLDER_PATH_SHALLOW_BUNDLE_NO = Runner.app/Contents
    CONTENTS_FOLDER_PATH_SHALLOW_BUNDLE_YES = Runner.app
    COPYING_PRESERVES_HFS_DATA = NO
    COPY_HEADERS_RUN_UNIFDEF = NO
    COPY_PHASE_STRIP = NO
    CORRESPONDING_SIMULATOR_PLATFORM_DIR = /Applications/Xcode.app/Contents/Developer/Platforms/iPhoneSimulator.platform
    CORRESPONDING_SIMULATOR_PLATFORM_NAME = iphonesimulator
    CORRESPONDING_SIMULATOR_SDK_DIR = /Applications/Xcode.app/Contents/Developer/Platforms/iPhoneSimulator.platform/Developer/SDKs/iPhoneSimulator26.5.sdk
    CORRESPONDING_SIMULATOR_SDK_NAME = iphonesimulator26.5
    CP = /bin/cp
    CREATE_INFOPLIST_SECTION_IN_BINARY = NO
    CURRENT_ARCH = undefined_arch
    CURRENT_PROJECT_VERSION = 16
    CURRENT_VARIANT = normal
    DART_DEFINES = SFlEUkFDQU1fQVVUT01BVElPTj10cnVl,SFlEUkFDQU1fQVVUT01BVElPTl9QT1JUPTQ3NjI=,RkxVVFRFUl9WRVJTSU9OPTMuNDQuMQ==,RkxVVFRFUl9DSEFOTkVMPXN0YWJsZQ==,RkxVVFRFUl9HSVRfVVJMPWh0dHBzOi8vZ2l0aHViLmNvbS9mbHV0dGVyL2ZsdXR0ZXIuZ2l0,RkxVVFRFUl9GUkFNRVdPUktfUkVWSVNJT049OTI0MTM0YTQ0Yw==,RkxVVFRFUl9FTkdJTkVfUkVWSVNJT049YzQxNmFjZmViOA==,RkxVVFRFUl9EQVJUX1ZFUlNJT049My4xMi4x
    DART_OBFUSCATION = false
    DEAD_CODE_STRIPPING = YES
    DEBUGGING_SYMBOLS = YES
    DEBUG_INFORMATION_FORMAT = dwarf-with-dsym
    DEBUG_INFORMATION_VERSION = compiler-default
    DEFAULT_COMPILER = com.apple.compilers.llvm.clang.1_0
    DEFAULT_DEXT_INSTALL_PATH = /System/Library/DriverExtensions
    DEFAULT_KEXT_INSTALL_PATH = /System/Library/Extensions
    DEFINES_MODULE = NO
    DEPLOYMENT_LOCATION = NO
    DEPLOYMENT_POSTPROCESSING = NO
    DEPLOYMENT_TARGET_SETTING_NAME = IPHONEOS_DEPLOYMENT_TARGET
    DEPLOYMENT_TARGET_SUGGESTED_VALUES = 12.0 12.1 12.2 12.3 12.4 13.0 13.1 13.2 13.3 13.4 13.5 13.6 14.0 14.1 14.2 14.3 14.4 14.5 14.6 14.7 15.0 15.1 15.2 15.3 15.4 15.5 15.6 16.0 16.1 16.2 16.3 16.4 16.5 16.6 17.0 17.1 17.2 17.3 17.4 17.5 17.6 18.0 18.1 18.2 18.3 18.4 18.5 18.6 26.0 26.2 26.3 26.4 26.5
    DERIVED_FILES_DIR = /Users/jose/Library/Developer/Xcode/DerivedData/Runner-azwhhbflkbtmkxelbbewewazdvyb/Build/Intermediates.noindex/Runner.build/Release-iphoneos/Runner.build/DerivedSources
    DERIVED_FILE_DIR = /Users/jose/Library/Developer/Xcode/DerivedData/Runner-azwhhbflkbtmkxelbbewewazdvyb/Build/Intermediates.noindex/Runner.build/Release-iphoneos/Runner.build/DerivedSources
    DERIVED_SOURCES_DIR = /Users/jose/Library/Developer/Xcode/DerivedData/Runner-azwhhbflkbtmkxelbbewewazdvyb/Build/Intermediates.noindex/Runner.build/Release-iphoneos/Runner.build/DerivedSources
    DERIVE_MACCATALYST_PRODUCT_BUNDLE_IDENTIFIER = NO
    DEVELOPER_APPLICATIONS_DIR = /Applications/Xcode.app/Contents/Developer/Applications
    DEVELOPER_BIN_DIR = /Applications/Xcode.app/Contents/Developer/usr/bin
    DEVELOPER_DIR = /Applications/Xcode.app/Contents/Developer
    DEVELOPER_FRAMEWORKS_DIR = /Applications/Xcode.app/Contents/Developer/Library/Frameworks
    DEVELOPER_FRAMEWORKS_DIR_QUOTED = /Applications/Xcode.app/Contents/Developer/Library/Frameworks
    DEVELOPER_LIBRARY_DIR = /Applications/Xcode.app/Contents/Developer/Library
    DEVELOPER_SDK_DIR = /Applications/Xcode.app/Contents/Developer/Platforms/MacOSX.platform/Developer/SDKs
    DEVELOPER_TOOLS_DIR = /Applications/Xcode.app/Contents/Developer/Tools
    DEVELOPER_USR_DIR = /Applications/Xcode.app/Contents/Developer/usr
    DEVELOPMENT_LANGUAGE = en
    DEVELOPMENT_TEAM = 4RRY2QT7H8
    DIAGNOSE_MISSING_TARGET_DEPENDENCIES = YES
    DIFF = /usr/bin/diff
    DOCUMENTATION_FOLDER_PATH = Runner.app/en.lproj/Documentation
    DONT_GENERATE_INFOPLIST_FILE = NO
    DRIVERKIT_DEPLOYMENT_TARGET = 25.5
    DSTROOT = /tmp/Runner.dst
    DT_TOOLCHAIN_DIR = /Applications/Xcode.app/Contents/Developer/Toolchains/XcodeDefault.xctoolchain
    DUMP_DEPENDENCIES = NO
    DUMP_DEPENDENCIES_OUTPUT_PATH = /Users/jose/Library/Developer/Xcode/DerivedData/Runner-azwhhbflkbtmkxelbbewewazdvyb/Build/Intermediates.noindex/Runner.build/Release-iphoneos/Runner.build/Runner-BuildDependencyInfo.json
    DWARF_DSYM_FILE_NAME = Runner.app.dSYM
    DWARF_DSYM_FILE_SHOULD_ACCOMPANY_PRODUCT = NO
    DWARF_DSYM_FOLDER_PATH = /Users/jose/Library/Developer/Xcode/DerivedData/Runner-azwhhbflkbtmkxelbbewewazdvyb/Build/Products/Release-iphoneos
    DYNAMIC_LIBRARY_EXTENSION = dylib
    EAGER_COMPILATION_ALLOW_SCRIPTS = NO
    EAGER_LINKING = NO
    EFFECTIVE_PLATFORM_NAME = -iphoneos
    EFFECTIVE_SWIFT_VERSION = 5
    EMBEDDED_CONTENT_CONTAINS_SWIFT = NO
    EMBEDDED_PROFILE_NAME = embedded.mobileprovision
    EMBED_ASSET_PACKS_IN_PRODUCT_BUNDLE = NO
    ENABLE_APP_SANDBOX = NO
    ENABLE_BITCODE = NO
    ENABLE_CODE_COVERAGE = YES
    ENABLE_COHORT_ARCHS = NO
    ENABLE_CPLUSPLUS_BOUNDS_SAFE_BUFFERS = NO
    ENABLE_C_BOUNDS_SAFETY = NO
    ENABLE_DEBUG_DYLIB = YES
    ENABLE_DEFAULT_HEADER_SEARCH_PATHS = YES
    ENABLE_DEFAULT_SEARCH_PATHS = YES
    ENABLE_ENHANCED_SECURITY = NO
    ENABLE_HARDENED_RUNTIME = NO
    ENABLE_HEADER_DEPENDENCIES = YES
    ENABLE_INCOMING_NETWORK_CONNECTIONS = NO
    ENABLE_MODULE_VERIFIER = YES
    ENABLE_NS_ASSERTIONS = NO
    ENABLE_ON_DEMAND_RESOURCES = YES
    ENABLE_OUTGOING_NETWORK_CONNECTIONS = NO
    ENABLE_POINTER_AUTHENTICATION = NO
    ENABLE_RESOURCE_ACCESS_AUDIO_INPUT = NO
    ENABLE_RESOURCE_ACCESS_BLUETOOTH = NO
    ENABLE_RESOURCE_ACCESS_CALENDARS = NO
    ENABLE_RESOURCE_ACCESS_CAMERA = NO
    ENABLE_RESOURCE_ACCESS_CONTACTS = NO
    ENABLE_RESOURCE_ACCESS_LOCATION = NO
    ENABLE_RESOURCE_ACCESS_PHOTO_LIBRARY = NO
    ENABLE_RESOURCE_ACCESS_PRINTING = NO
    ENABLE_RESOURCE_ACCESS_USB = NO
    ENABLE_SDK_IMPORTS = NO
    ENABLE_SECURITY_COMPILER_WARNINGS = NO
    ENABLE_STRICT_OBJC_MSGSEND = YES
    ENABLE_TESTABILITY = NO
    ENABLE_TESTING_SEARCH_PATHS = NO
    ENABLE_USER_SCRIPT_SANDBOXING = NO
    ENFORCE_VALID_ARCHS = YES
    ENTITLEMENTS_ALLOWED = YES
    ENTITLEMENTS_DESTINATION = Signature
    ENTITLEMENTS_REQUIRED = NO
    EXCLUDED_ARCHS = armv7
    EXCLUDED_INSTALLSRC_SUBDIRECTORY_PATTERNS = .DS_Store .svn .git .hg CVS
    EXCLUDED_RECURSIVE_SEARCH_PATH_SUBDIRECTORIES = *.nib *.lproj *.framework *.gch *.xcode* *.xcassets *.icon (*) .DS_Store CVS .svn .git .hg *.pbproj *.pbxproj
    EXECUTABLES_FOLDER_PATH = Runner.app/Executables
    EXECUTABLE_FOLDER_PATH = Runner.app
    EXECUTABLE_FOLDER_PATH_SHALLOW_BUNDLE_NO = Runner.app/MacOS
    EXECUTABLE_FOLDER_PATH_SHALLOW_BUNDLE_YES = Runner.app
    EXECUTABLE_NAME = Runner
    EXECUTABLE_PATH = Runner.app/Runner
    EXTENSIONS_FOLDER_PATH = Runner.app/Extensions
    FILE_LIST = /Users/jose/Library/Developer/Xcode/DerivedData/Runner-azwhhbflkbtmkxelbbewewazdvyb/Build/Intermediates.noindex/Runner.build/Release-iphoneos/Runner.build/Objects/LinkFileList
    FIXED_FILES_DIR = /Users/jose/Library/Developer/Xcode/DerivedData/Runner-azwhhbflkbtmkxelbbewewazdvyb/Build/Intermediates.noindex/Runner.build/Release-iphoneos/Runner.build/FixedFiles
    FLUTTER_APPLICATION_PATH = /Users/jose/src/work/hydracamv2
    FLUTTER_BUILD_DIR = build
    FLUTTER_BUILD_NAME = 1.4.0
    FLUTTER_BUILD_NUMBER = 16
    FLUTTER_FRAMEWORK_SWIFT_PACKAGE_PATH = /Users/jose/src/work/hydracamv2/ios/Flutter/ephemeral/Packages/.packages/FlutterFramework
    FLUTTER_ROOT = /opt/homebrew/Caskroom/flutter/3.29.3/flutter
    FLUTTER_TARGET = lib/main.dart
    FRAMEWORKS_FOLDER_PATH = Runner.app/Frameworks
    FRAMEWORK_FLAG_PREFIX = -framework
    FRAMEWORK_SEARCH_PATHS = /Users/jose/Library/Developer/Xcode/DerivedData/Runner-azwhhbflkbtmkxelbbewewazdvyb/Build/Products/Release-iphoneos  "/Users/jose/Library/Developer/Xcode/DerivedData/Runner-azwhhbflkbtmkxelbbewewazdvyb/Build/Products/Release-iphoneos/disk_space_plus" "/Users/jose/Library/Developer/Xcode/DerivedData/Runner-azwhhbflkbtmkxelbbewewazdvyb/Build/Products/Release-iphoneos/permission_handler_apple" "/Users/jose/Library/Developer/Xcode/DerivedData/Runner-azwhhbflkbtmkxelbbewewazdvyb/Build/Products/Release-iphoneos/photo_manager" "/Users/jose/Library/Developer/Xcode/DerivedData/Runner-azwhhbflkbtmkxelbbewewazdvyb/Build/Products/Release-iphoneos/disk_space_plus" "/Users/jose/Library/Developer/Xcode/DerivedData/Runner-azwhhbflkbtmkxelbbewewazdvyb/Build/Products/Release-iphoneos/permission_handler_apple" "/Users/jose/Library/Developer/Xcode/DerivedData/Runner-azwhhbflkbtmkxelbbewewazdvyb/Build/Products/Release-iphoneos/photo_manager"
    FRAMEWORK_VERSION = A
    FULL_PRODUCT_NAME = Runner.app
    FUSE_BUILD_PHASES = YES
    FUSE_BUILD_SCRIPT_PHASES = NO
    GCC3_VERSION = 3.3
    GCC_C_LANGUAGE_STANDARD = gnu99
    GCC_DYNAMIC_NO_PIC = NO
    GCC_INLINES_ARE_PRIVATE_EXTERN = YES
    GCC_NO_COMMON_BLOCKS = YES
    GCC_PFE_FILE_C_DIALECTS = c objective-c c++ objective-c++
    GCC_PREPROCESSOR_DEFINITIONS =  COCOAPODS=1 COCOAPODS=1
    GCC_SYMBOLS_PRIVATE_EXTERN = YES
    GCC_THUMB_SUPPORT = YES
    GCC_TREAT_WARNINGS_AS_ERRORS = NO
    GCC_VERSION = com.apple.compilers.llvm.clang.1_0
    GCC_VERSION_IDENTIFIER = com_apple_compilers_llvm_clang_1_0
    GCC_WARN_64_TO_32_BIT_CONVERSION = YES
    GCC_WARN_ABOUT_RETURN_TYPE = YES_ERROR
    GCC_WARN_UNDECLARED_SELECTOR = YES
    GCC_WARN_UNINITIALIZED_AUTOS = YES_AGGRESSIVE
    GCC_WARN_UNUSED_FUNCTION = YES
    GCC_WARN_UNUSED_VARIABLE = YES
    GENERATED_MODULEMAP_DIR = /Users/jose/Library/Developer/Xcode/DerivedData/Runner-azwhhbflkbtmkxelbbewewazdvyb/Build/Intermediates.noindex/GeneratedModuleMaps-iphoneos
    GENERATE_INFOPLIST_FILE = NO
    GENERATE_INTERMEDIATE_TEXT_BASED_STUBS = YES
    GENERATE_PKGINFO_FILE = YES
    GENERATE_PRELINK_OBJECT_FILE = NO
    GENERATE_PROFILING_CODE = NO
    GENERATE_TEXT_BASED_STUBS = NO
    GID = 20
    GROUP = staff
    HEADERMAP_INCLUDES_FLAT_ENTRIES_FOR_TARGET_BEING_BUILT = YES
    HEADERMAP_INCLUDES_FRAMEWORK_ENTRIES_FOR_ALL_PRODUCT_TYPES = YES
    HEADERMAP_INCLUDES_FRAMEWORK_ENTRIES_FOR_TARGETS_NOT_BEING_BUILT = YES
    HEADERMAP_INCLUDES_NONPUBLIC_NONPRIVATE_HEADERS = YES
    HEADERMAP_INCLUDES_PROJECT_HEADERS = YES
    HEADERMAP_USES_FRAMEWORK_PREFIX_ENTRIES = YES
    HEADERMAP_USES_VFS = NO
    HEADER_SEARCH_PATHS = /Users/jose/Library/Developer/Xcode/DerivedData/Runner-azwhhbflkbtmkxelbbewewazdvyb/Build/Products/Release-iphoneos/include  "/Users/jose/Library/Developer/Xcode/DerivedData/Runner-azwhhbflkbtmkxelbbewewazdvyb/Build/Products/Release-iphoneos/disk_space_plus/disk_space_plus.framework/Headers" "/Users/jose/Library/Developer/Xcode/DerivedData/Runner-azwhhbflkbtmkxelbbewewazdvyb/Build/Products/Release-iphoneos/permission_handler_apple/permission_handler_apple.framework/Headers" "/Users/jose/Library/Developer/Xcode/DerivedData/Runner-azwhhbflkbtmkxelbbewewazdvyb/Build/Products/Release-iphoneos/photo_manager/photo_manager.framework/Headers" "/Users/jose/Library/Developer/Xcode/DerivedData/Runner-azwhhbflkbtmkxelbbewewazdvyb/Build/Products/Release-iphoneos/disk_space_plus/disk_space_plus.framework/Headers" "/Users/jose/Library/Developer/Xcode/DerivedData/Runner-azwhhbflkbtmkxelbbewewazdvyb/Build/Products/Release-iphoneos/permission_handler_apple/permission_handler_apple.framework/Headers" "/Users/jose/Library/Developer/Xcode/DerivedData/Runner-azwhhbflkbtmkxelbbewewazdvyb/Build/Products/Release-iphoneos/photo_manager/photo_manager.framework/Headers"
    HOME = /Users/jose
    HOST_ARCH = arm64
    HOST_PLATFORM = macosx
    ICONV = /usr/bin/iconv
    IMPLICIT_DEPENDENCY_DOMAIN = default
    INDEX_STORE_COMPRESS = NO
    INDEX_STORE_ONLY_PROJECT_FILES = NO
    INFOPLIST_ENABLE_CFBUNDLEICONS_MERGE = YES
    INFOPLIST_EXPAND_BUILD_SETTINGS = YES
    INFOPLIST_FILE = Runner/Info.plist
    INFOPLIST_OUTPUT_FORMAT = binary
    INFOPLIST_PATH = Runner.app/Info.plist
    INFOPLIST_PREPROCESS = NO
    INFOSTRINGS_PATH = Runner.app/en.lproj/InfoPlist.strings
    INLINE_PRIVATE_FRAMEWORKS = NO
    INSTALLAPI_IGNORE_SKIP_INSTALL = YES
    INSTALLHDRS_COPY_PHASE = NO
    INSTALLHDRS_SCRIPT_PHASE = NO
    INSTALL_DIR = /tmp/Runner.dst/Applications
    INSTALL_GROUP = staff
    INSTALL_MODE_FLAG = u+w,go-w,a+rX
    INSTALL_OWNER = jose
    INSTALL_PATH = /Applications
    INSTALL_ROOT = /tmp/Runner.dst
    IPHONEOS_DEPLOYMENT_TARGET = 13.0
    IS_UNOPTIMIZED_BUILD = NO
    JAVAC_DEFAULT_FLAGS = -J-Xms64m -J-XX:NewSize=4M -J-Dfile.encoding=UTF8
    JAVA_APP_STUB = /System/Library/Frameworks/JavaVM.framework/Resources/MacOS/JavaApplicationStub
    JAVA_ARCHIVE_CLASSES = YES
    JAVA_ARCHIVE_TYPE = JAR
    JAVA_COMPILER = /usr/bin/javac
    JAVA_FOLDER_PATH = Runner.app/Java
    JAVA_FRAMEWORK_RESOURCES_DIRS = Resources
    JAVA_JAR_FLAGS = cv
    JAVA_SOURCE_SUBDIR = .
    JAVA_USE_DEPENDENCIES = YES
    JAVA_ZIP_FLAGS = -urg
    JIKES_DEFAULT_FLAGS = +E +OLDCSO
    KASAN_CFLAGS_CLASSIC = -DKASAN=1 -DKASAN_CLASSIC=1 -fsanitize=address -mllvm -asan-globals-live-support -mllvm -asan-force-dynamic-shadow
    KASAN_CFLAGS_TBI = -DKASAN=1 -DKASAN_TBI=1 -fsanitize=kernel-hwaddress -mllvm -hwasan-recover=0 -mllvm -hwasan-instrument-atomics=0 -mllvm -hwasan-instrument-stack=1 -mllvm -hwasan-generate-tags-with-calls=1 -mllvm -hwasan-instrument-with-calls=1 -mllvm -hwasan-use-short-granules=0 -mllvm -hwasan-memory-access-callback-prefix=__asan_
    KASAN_DEFAULT_CFLAGS = -DKASAN=1 -DKASAN_CLASSIC=1 -fsanitize=address -mllvm -asan-globals-live-support -mllvm -asan-force-dynamic-shadow
    KEEP_PRIVATE_EXTERNS = NO
    LD_DEPENDENCY_INFO_FILE = /Users/jose/Library/Developer/Xcode/DerivedData/Runner-azwhhbflkbtmkxelbbewewazdvyb/Build/Intermediates.noindex/Runner.build/Release-iphoneos/Runner.build/Objects-normal/undefined_arch/Runner_dependency_info.dat
    LD_EXPORT_SYMBOLS = YES
    LD_GENERATE_MAP_FILE = NO
    LD_MAP_FILE_PATH = /Users/jose/Library/Developer/Xcode/DerivedData/Runner-azwhhbflkbtmkxelbbewewazdvyb/Build/Intermediates.noindex/Runner.build/Release-iphoneos/Runner.build/Runner-LinkMap-normal-undefined_arch.txt
    LD_NO_PIE = NO
    LD_QUOTE_LINKER_ARGUMENTS_FOR_COMPILER_DRIVER = YES
    LD_RUNPATH_SEARCH_PATHS =  /usr/lib/swift '@executable_path/Frameworks' '@loader_path/Frameworks' /usr/lib/swift '@executable_path/Frameworks' '@loader_path/Frameworks' @executable_path/Frameworks
    LD_RUNPATH_SEARCH_PATHS_YES = @loader_path/../Frameworks
    LD_SHARED_CACHE_ELIGIBLE = Automatic
    LD_WARN_DUPLICATE_LIBRARIES = NO
    LD_WARN_UNUSED_DYLIBS = NO
    LEGACY_DEVELOPER_DIR = /Applications/Xcode.app/Contents/PlugIns/Xcode3Core.ideplugin/Contents/SharedSupport/Developer
    LEX = lex
    LIBRARY_DEXT_INSTALL_PATH = /Library/DriverExtensions
    LIBRARY_FLAG_NOSPACE = YES
    LIBRARY_FLAG_PREFIX = -l
    LIBRARY_KEXT_INSTALL_PATH = /Library/Extensions
    LIBRARY_SEARCH_PATHS = /Users/jose/Library/Developer/Xcode/DerivedData/Runner-azwhhbflkbtmkxelbbewewazdvyb/Build/Products/Release-iphoneos /Applications/Xcode.app/Contents/Developer/Toolchains/XcodeDefault.xctoolchain/usr/lib/swift/iphoneos /Applications/Xcode.app/Contents/Developer/Platforms/iPhoneOS.platform/Developer/SDKs/iPhoneOS26.5.sdk/usr/lib/swift /Applications/Xcode.app/Contents/Developer/Toolchains/XcodeDefault.xctoolchain/usr/lib/swift/iphoneos /Applications/Xcode.app/Contents/Developer/Platforms/iPhoneOS.platform/Developer/SDKs/iPhoneOS26.5.sdk/usr/lib/swift
    LINKER_DISPLAYS_MANGLED_NAMES = NO
    LINK_FILE_LIST_normal_arm64 = /Users/jose/Library/Developer/Xcode/DerivedData/Runner-azwhhbflkbtmkxelbbewewazdvyb/Build/Intermediates.noindex/Runner.build/Release-iphoneos/Runner.build/Objects-normal/arm64/Runner.LinkFileList
    LINK_OBJC_RUNTIME = YES
    LINK_WITH_STANDARD_LIBRARIES = YES
    LLVM_TARGET_TRIPLE_OS_VERSION = ios13.0
    LLVM_TARGET_TRIPLE_VENDOR = apple
    LM_AUX_CONST_METADATA_LIST_PATH_normal_arm64 = /Users/jose/Library/Developer/Xcode/DerivedData/Runner-azwhhbflkbtmkxelbbewewazdvyb/Build/Intermediates.noindex/Runner.build/Release-iphoneos/Runner.build/Objects-normal/arm64/Runner.SwiftConstValuesFileList
    LOCALIZATION_EXPORT_SUPPORTED = YES
    LOCALIZATION_PREFERS_STRING_CATALOGS = NO
    LOCALIZED_RESOURCES_FOLDER_PATH = Runner.app/en.lproj
    LOCALIZED_STRING_CODE_COMMENTS = NO
    LOCALIZED_STRING_MACRO_NAMES = NSLocalizedString CFCopyLocalizedString
    LOCALIZED_STRING_SWIFTUI_SUPPORT = YES
    LOCAL_ADMIN_APPS_DIR = /Applications/Utilities
    LOCAL_APPS_DIR = /Applications
    LOCAL_DEVELOPER_DIR = /Library/Developer
    LOCAL_LIBRARY_DIR = /Library
    LOCROOT = /Users/jose/src/work/hydracamv2/ios
    LOCSYMROOT = /Users/jose/src/work/hydracamv2/ios
    MACH_O_TYPE = mh_execute
    MACOSX_DEPLOYMENT_TARGET = 26.5
    MAC_OS_X_PRODUCT_BUILD_VERSION = 25E253
    MAC_OS_X_VERSION_ACTUAL = 260401
    MAC_OS_X_VERSION_MAJOR = 260000
    MAC_OS_X_VERSION_MINOR = 260400
    MAKE_MERGEABLE = NO
    MERGEABLE_LIBRARY = NO
    MERGED_BINARY_TYPE = none
    MERGE_LINKED_LIBRARIES = NO
    METAL_LIBRARY_FILE_BASE = default
    METAL_LIBRARY_OUTPUT_DIR = /Users/jose/Library/Developer/Xcode/DerivedData/Runner-azwhhbflkbtmkxelbbewewazdvyb/Build/Products/Release-iphoneos/Runner.app
    MODULES_FOLDER_PATH = Runner.app/Modules
    MODULE_CACHE_DIR = /Users/jose/Library/Developer/Xcode/DerivedData/ModuleCache.noindex
    MODULE_VERIFIER_SUPPORTED_LANGUAGE_STANDARDS = gnu99 gnu++11
    MTL_ENABLE_DEBUG_INFO = NO
    NATIVE_ARCH = arm64
    NATIVE_ARCH_32_BIT = arm
    NATIVE_ARCH_64_BIT = arm64
    NATIVE_ARCH_ACTUAL = arm64
    NO_COMMON = YES
    OBJECT_FILE_DIR = /Users/jose/Library/Developer/Xcode/DerivedData/Runner-azwhhbflkbtmkxelbbewewazdvyb/Build/Intermediates.noindex/Runner.build/Release-iphoneos/Runner.build/Objects
    OBJECT_FILE_DIR_normal = /Users/jose/Library/Developer/Xcode/DerivedData/Runner-azwhhbflkbtmkxelbbewewazdvyb/Build/Intermediates.noindex/Runner.build/Release-iphoneos/Runner.build/Objects-normal
    OBJROOT = /Users/jose/Library/Developer/Xcode/DerivedData/Runner-azwhhbflkbtmkxelbbewewazdvyb/Build/Intermediates.noindex
    ONLY_ACTIVE_ARCH = NO
    OS = MACOS
    OSAC = /usr/bin/osacompile
    OTHER_LDFLAGS =  -ObjC -framework "PhotosUI" -framework "disk_space_plus" -framework "permission_handler_apple" -framework "photo_manager" -ObjC -framework "PhotosUI" -framework "disk_space_plus" -framework "permission_handler_apple" -framework "photo_manager"
    OTHER_MODULE_VERIFIER_FLAGS =  "-F/Users/jose/Library/Developer/Xcode/DerivedData/Runner-azwhhbflkbtmkxelbbewewazdvyb/Build/Products/Release-iphoneos/Flutter" "-F/Users/jose/Library/Developer/Xcode/DerivedData/Runner-azwhhbflkbtmkxelbbewewazdvyb/Build/Products/Release-iphoneos/disk_space_plus" "-F/Users/jose/Library/Developer/Xcode/DerivedData/Runner-azwhhbflkbtmkxelbbewewazdvyb/Build/Products/Release-iphoneos/permission_handler_apple" "-F/Users/jose/Library/Developer/Xcode/DerivedData/Runner-azwhhbflkbtmkxelbbewewazdvyb/Build/Products/Release-iphoneos/photo_manager" "-F/Users/jose/Library/Developer/Xcode/DerivedData/Runner-azwhhbflkbtmkxelbbewewazdvyb/Build/Products/Release-iphoneos/Flutter" "-F/Users/jose/Library/Developer/Xcode/DerivedData/Runner-azwhhbflkbtmkxelbbewewazdvyb/Build/Products/Release-iphoneos/disk_space_plus" "-F/Users/jose/Library/Developer/Xcode/DerivedData/Runner-azwhhbflkbtmkxelbbewewazdvyb/Build/Products/Release-iphoneos/permission_handler_apple" "-F/Users/jose/Library/Developer/Xcode/DerivedData/Runner-azwhhbflkbtmkxelbbewewazdvyb/Build/Products/Release-iphoneos/photo_manager"
    OTHER_SWIFT_FLAGS =  -D COCOAPODS -D COCOAPODS
    PACKAGE_CONFIG = /Users/jose/src/work/hydracamv2/.dart_tool/package_config.json
    PACKAGE_TYPE = com.apple.package-type.wrapper.application
    PASCAL_STRINGS = YES
    PATH = /Applications/Xcode.app/Contents/SharedFrameworks/SwiftBuild.framework/Versions/A/PlugIns/SWBBuildService.bundle/Contents/PlugIns/SWBUniversalPlatformPlugin.bundle/Contents/Frameworks/SWBUniversalPlatform.framework/Resources:/Applications/Xcode.app/Contents/Developer/Toolchains/XcodeDefault.xctoolchain/usr/bin:/Applications/Xcode.app/Contents/Developer/Toolchains/XcodeDefault.xctoolchain/usr/local/bin:/Applications/Xcode.app/Contents/Developer/Toolchains/XcodeDefault.xctoolchain/usr/libexec:/Applications/Xcode.app/Contents/Developer/Platforms/iPhoneOS.platform/usr/bin:/Applications/Xcode.app/Contents/Developer/Platforms/iPhoneOS.platform/usr/local/bin:/Applications/Xcode.app/Contents/Developer/Platforms/iPhoneOS.platform/Developer/usr/bin:/Applications/Xcode.app/Contents/Developer/Platforms/iPhoneOS.platform/Developer/usr/local/bin:/Applications/Xcode.app/Contents/Developer/usr/bin:/Applications/Xcode.app/Contents/Developer/usr/local/bin:/Users/jose/.codex/tmp/arg0/codex-arg0p17LK3:/Users/jose/Library/Android/sdk/platform-tools:/Users/jose/Library/Android/sdk/emulator:/Users/jose/Library/Android/sdk/cmdline-tools/latest/bin:/Users/jose/.antigravity-ide/antigravity-ide/bin:/Users/jose/.opencode/bin:/Users/jose/.antigravity/antigravity/bin:/opt/homebrew/lib/ruby/gems/3.4.0/bin:/opt/homebrew/opt/ruby/bin:/Library/Frameworks/Python.framework/Versions/3.13/bin:/opt/homebrew/bin:/opt/homebrew/sbin:/usr/local/bin:/System/Cryptexes/App/usr/bin:/usr/bin:/bin:/usr/sbin:/sbin:/var/run/com.apple.security.cryptexd/codex.system/bootstrap/usr/local/bin:/var/run/com.apple.security.cryptexd/codex.system/bootstrap/usr/bin:/var/run/com.apple.security.cryptexd/codex.system/bootstrap/usr/appleinternal/bin:/opt/pkg/env/active/bin:/opt/pmk/env/global/bin:/Library/Apple/usr/bin:/usr/local/share/dotnet:/Users/jose/Library/Application:/Users/jose/.local/bin:/Users/jose/.lmstudio/bin:/Applications/Codex.app/Contents/Resources
    PATH_PREFIXES_EXCLUDED_FROM_HEADER_DEPENDENCIES = /usr/include /usr/local/include /System/Library/Frameworks /System/Library/PrivateFrameworks /Applications/Xcode.app/Contents/Developer/Headers /Applications/Xcode.app/Contents/Developer/SDKs /Applications/Xcode.app/Contents/Developer/Platforms
    PBDEVELOPMENTPLIST_PATH = Runner.app/pbdevelopment.plist
    PER_ARCH_MODULE_FILE_DIR = /Users/jose/Library/Developer/Xcode/DerivedData/Runner-azwhhbflkbtmkxelbbewewazdvyb/Build/Intermediates.noindex/Runner.build/Release-iphoneos/Runner.build/Objects-normal/undefined_arch
    PER_ARCH_OBJECT_FILE_DIR = /Users/jose/Library/Developer/Xcode/DerivedData/Runner-azwhhbflkbtmkxelbbewewazdvyb/Build/Intermediates.noindex/Runner.build/Release-iphoneos/Runner.build/Objects-normal/undefined_arch
    PER_VARIANT_OBJECT_FILE_DIR = /Users/jose/Library/Developer/Xcode/DerivedData/Runner-azwhhbflkbtmkxelbbewewazdvyb/Build/Intermediates.noindex/Runner.build/Release-iphoneos/Runner.build/Objects-normal
    PKGINFO_FILE_PATH = /Users/jose/Library/Developer/Xcode/DerivedData/Runner-azwhhbflkbtmkxelbbewewazdvyb/Build/Intermediates.noindex/Runner.build/Release-iphoneos/Runner.build/PkgInfo
    PKGINFO_PATH = Runner.app/PkgInfo
    PLATFORM_DEVELOPER_APPLICATIONS_DIR = /Applications/Xcode.app/Contents/Developer/Platforms/iPhoneOS.platform/Developer/Applications
    PLATFORM_DEVELOPER_BIN_DIR = /Applications/Xcode.app/Contents/Developer/Platforms/iPhoneOS.platform/Developer/usr/bin
    PLATFORM_DEVELOPER_LIBRARY_DIR = /Applications/Xcode.app/Contents/Developer/Platforms/iPhoneOS.platform/Developer/Library
    PLATFORM_DEVELOPER_SDK_DIR = /Applications/Xcode.app/Contents/Developer/Platforms/iPhoneOS.platform/Developer/SDKs
    PLATFORM_DEVELOPER_TOOLS_DIR = /Applications/Xcode.app/Contents/Developer/Platforms/iPhoneOS.platform/Developer/Tools
    PLATFORM_DEVELOPER_USR_DIR = /Applications/Xcode.app/Contents/Developer/Platforms/iPhoneOS.platform/Developer/usr
    PLATFORM_DIR = /Applications/Xcode.app/Contents/Developer/Platforms/iPhoneOS.platform
    PLATFORM_DISPLAY_NAME = iOS
    PLATFORM_FAMILY_NAME = iOS
    PLATFORM_NAME = iphoneos
    PLATFORM_PREFERRED_ARCH = arm64
    PLATFORM_PRODUCT_BUILD_VERSION = 23F73
    PLATFORM_REQUIRES_SWIFT_AUTOLINK_EXTRACT = NO
    PLATFORM_REQUIRES_SWIFT_MODULEWRAP = NO
    PLATFORM_USES_DSYMS = YES
    PLIST_FILE_OUTPUT_FORMAT = binary
    PLUGINS_FOLDER_PATH = Runner.app/PlugIns
    PODS_BUILD_DIR = /Users/jose/Library/Developer/Xcode/DerivedData/Runner-azwhhbflkbtmkxelbbewewazdvyb/Build/Products
    PODS_CONFIGURATION_BUILD_DIR = /Users/jose/Library/Developer/Xcode/DerivedData/Runner-azwhhbflkbtmkxelbbewewazdvyb/Build/Products/Release-iphoneos
    PODS_PODFILE_DIR_PATH = /Users/jose/src/work/hydracamv2/ios/.
    PODS_ROOT = /Users/jose/src/work/hydracamv2/ios/Pods
    PODS_XCFRAMEWORKS_BUILD_DIR = /Users/jose/Library/Developer/Xcode/DerivedData/Runner-azwhhbflkbtmkxelbbewewazdvyb/Build/Products/Release-iphoneos/XCFrameworkIntermediates
    PRECOMPS_INCLUDE_HEADERS_FROM_BUILT_PRODUCTS_DIR = YES
    PRECOMP_DESTINATION_DIR = /Users/jose/Library/Developer/Xcode/DerivedData/Runner-azwhhbflkbtmkxelbbewewazdvyb/Build/Intermediates.noindex/Runner.build/Release-iphoneos/Runner.build/PrefixHeaders
    PRIVATE_HEADERS_FOLDER_PATH = Runner.app/PrivateHeaders
    PROCESSED_INFOPLIST_PATH = /Users/jose/Library/Developer/Xcode/DerivedData/Runner-azwhhbflkbtmkxelbbewewazdvyb/Build/Intermediates.noindex/Runner.build/Release-iphoneos/Runner.build/Objects-normal/undefined_arch/Processed-Info.plist
    PRODUCT_BUNDLE_IDENTIFIER = com.keepeyeonball
    PRODUCT_BUNDLE_PACKAGE_TYPE = APPL
    PRODUCT_MODULE_NAME = Runner
    PRODUCT_NAME = Runner
    PRODUCT_SETTINGS_PATH = /Users/jose/src/work/hydracamv2/ios/Runner/Info.plist
    PRODUCT_TYPE = com.apple.product-type.application
    PROFILING_CODE = NO
    PROJECT = Runner
    PROJECT_DERIVED_FILE_DIR = /Users/jose/Library/Developer/Xcode/DerivedData/Runner-azwhhbflkbtmkxelbbewewazdvyb/Build/Intermediates.noindex/Runner.build/DerivedSources
    PROJECT_DIR = /Users/jose/src/work/hydracamv2/ios
    PROJECT_FILE_PATH = /Users/jose/src/work/hydracamv2/ios/Runner.xcodeproj
    PROJECT_GUID = 18c1723432283e0cc55f10a6dcfd9e02
    PROJECT_NAME = Runner
    PROJECT_TEMP_DIR = /Users/jose/Library/Developer/Xcode/DerivedData/Runner-azwhhbflkbtmkxelbbewewazdvyb/Build/Intermediates.noindex/Runner.build
    PROJECT_TEMP_ROOT = /Users/jose/Library/Developer/Xcode/DerivedData/Runner-azwhhbflkbtmkxelbbewewazdvyb/Build/Intermediates.noindex
    PROVISIONING_PROFILE_REQUIRED = YES
    PROVISIONING_PROFILE_REQUIRED_YES_YES = YES
    PROVISIONING_PROFILE_SUPPORTED = YES
    PUBLIC_HEADERS_FOLDER_PATH = Runner.app/Headers
    RECOMMENDED_IPHONEOS_DEPLOYMENT_TARGET = 15.0
    RECURSIVE_SEARCH_PATHS_FOLLOW_SYMLINKS = YES
    REMOVE_CVS_FROM_RESOURCES = YES
    REMOVE_GIT_FROM_RESOURCES = YES
    REMOVE_HEADERS_FROM_EMBEDDED_BUNDLES = YES
    REMOVE_HG_FROM_RESOURCES = YES
    REMOVE_STATIC_EXECUTABLES_FROM_EMBEDDED_BUNDLES = YES
    REMOVE_SVN_FROM_RESOURCES = YES
    RESCHEDULE_INDEPENDENT_HEADERS_PHASES = YES
    REZ_COLLECTOR_DIR = /Users/jose/Library/Developer/Xcode/DerivedData/Runner-azwhhbflkbtmkxelbbewewazdvyb/Build/Intermediates.noindex/Runner.build/Release-iphoneos/Runner.build/ResourceManagerResources
    REZ_OBJECTS_DIR = /Users/jose/Library/Developer/Xcode/DerivedData/Runner-azwhhbflkbtmkxelbbewewazdvyb/Build/Intermediates.noindex/Runner.build/Release-iphoneos/Runner.build/ResourceManagerResources/Objects
    REZ_SEARCH_PATHS = /Users/jose/Library/Developer/Xcode/DerivedData/Runner-azwhhbflkbtmkxelbbewewazdvyb/Build/Products/Release-iphoneos
    RPATH_ORIGIN = @loader_path
    RUNTIME_EXCEPTION_ALLOW_DYLD_ENVIRONMENT_VARIABLES = NO
    RUNTIME_EXCEPTION_ALLOW_JIT = NO
    RUNTIME_EXCEPTION_ALLOW_UNSIGNED_EXECUTABLE_MEMORY = NO
    RUNTIME_EXCEPTION_DEBUGGING_TOOL = NO
    RUNTIME_EXCEPTION_DISABLE_EXECUTABLE_PAGE_PROTECTION = NO
    RUNTIME_EXCEPTION_DISABLE_LIBRARY_VALIDATION = NO
    SCANNING_PCM_KEEP_CACHE_DIRECTORY = YES
    SCAN_ALL_SOURCE_FILES_FOR_INCLUDES = NO
    SCRIPTS_FOLDER_PATH = Runner.app/Scripts
    SDKROOT = /Applications/Xcode.app/Contents/Developer/Platforms/iPhoneOS.platform/Developer/SDKs/iPhoneOS26.5.sdk
    SDK_DIR = /Applications/Xcode.app/Contents/Developer/Platforms/iPhoneOS.platform/Developer/SDKs/iPhoneOS26.5.sdk
    SDK_DIR_iphoneos = /Applications/Xcode.app/Contents/Developer/Platforms/iPhoneOS.platform/Developer/SDKs/iPhoneOS26.5.sdk
    SDK_DIR_iphoneos26_5 = /Applications/Xcode.app/Contents/Developer/Platforms/iPhoneOS.platform/Developer/SDKs/iPhoneOS26.5.sdk
    SDK_NAME = iphoneos26.5
    SDK_NAMES = iphoneos26.5
    SDK_PRODUCT_BUILD_VERSION = 23F73
    SDK_STAT_CACHE_DIR = /Users/jose/Library/Developer/Xcode/DerivedData
    SDK_STAT_CACHE_ENABLE = YES
    SDK_STAT_CACHE_PATH = /Users/jose/Library/Developer/Xcode/DerivedData/SDKStatCaches.noindex/iphoneos26.5-23F73-32daed1954a7d5dd0789fcaf2a9bb78b.sdkstatcache
    SDK_VERSION = 26.5
    SDK_VERSION_ACTUAL = 260500
    SDK_VERSION_MAJOR = 260000
    SDK_VERSION_MINOR = 260500
    SED = /usr/bin/sed
    SEPARATE_STRIP = NO
    SEPARATE_SYMBOL_EDIT = NO
    SET_DIR_MODE_OWNER_GROUP = YES
    SET_FILE_MODE_OWNER_GROUP = NO
    SHALLOW_BUNDLE = YES
    SHALLOW_BUNDLE_TRIPLE = ios
    SHALLOW_BUNDLE_ios_macabi = NO
    SHALLOW_BUNDLE_macos = NO
    SHARED_DERIVED_FILE_DIR = /Users/jose/Library/Developer/Xcode/DerivedData/Runner-azwhhbflkbtmkxelbbewewazdvyb/Build/Products/Release-iphoneos/DerivedSources
    SHARED_FRAMEWORKS_FOLDER_PATH = Runner.app/SharedFrameworks
    SHARED_PRECOMPS_DIR = /Users/jose/Library/Developer/Xcode/DerivedData/Runner-azwhhbflkbtmkxelbbewewazdvyb/Build/Intermediates.noindex/PrecompiledHeaders
    SHARED_SUPPORT_FOLDER_PATH = Runner.app/SharedSupport
    SKIP_INSTALL = NO
    SKIP_MERGEABLE_LIBRARY_BUNDLE_HOOK = NO
    SOURCE_ROOT = /Users/jose/src/work/hydracamv2/ios
    SRCROOT = /Users/jose/src/work/hydracamv2/ios
    STRINGSDATA_DIR = /Users/jose/Library/Developer/Xcode/DerivedData/Runner-azwhhbflkbtmkxelbbewewazdvyb/Build/Intermediates.noindex/Runner.build/Release-iphoneos/Runner.build/Objects-normal/undefined_arch
    STRINGSDATA_ROOT = /Users/jose/Library/Developer/Xcode/DerivedData/Runner-azwhhbflkbtmkxelbbewewazdvyb/Build/Intermediates.noindex/Runner.build/Release-iphoneos/Runner.build
    STRINGS_FILE_INFOPLIST_RENAME = YES
    STRINGS_FILE_OUTPUT_ENCODING = binary
    STRING_CATALOG_GENERATE_SYMBOLS = NO
    STRIP_BITCODE_FROM_COPIED_FILES = YES
    STRIP_INSTALLED_PRODUCT = YES
    STRIP_STYLE = all
    STRIP_SWIFT_SYMBOLS = YES
    SUPPORTED_DEVICE_FAMILIES = 1,2
    SUPPORTED_PLATFORMS = iphoneos
    SUPPORTS_MACCATALYST = NO
    SUPPORTS_MAC_DESIGNED_FOR_IPHONE_IPAD = YES
    SUPPORTS_ON_DEMAND_RESOURCES = YES
    SUPPORTS_TEXT_BASED_API = NO
    SUPPORTS_XR_DESIGNED_FOR_IPHONE_IPAD = YES
    SUPPRESS_WARNINGS = NO
    SWIFT_COMPILATION_MODE = wholemodule
    SWIFT_EMIT_CONST_VALUE_PROTOCOLS = AnyResolverProviding AppEntity AppEnum AppExtension AppIntent AppIntentsPackage AppShortcutProviding AppShortcutsProvider AppUnionValue AppUnionValueCasesProviding DynamicOptionsProvider EntityQuery ExtensionPointDefining IntentValueQuery Resolver TransientEntity _AssistantIntentsProvider _GenerativeFunctionExtractable _IntentValueRepresentable
    SWIFT_EMIT_LOC_STRINGS = NO
    SWIFT_ENABLE_EXPLICIT_MODULES = YES
    SWIFT_OBJC_BRIDGING_HEADER = Runner/Runner-Bridging-Header.h
    SWIFT_OPTIMIZATION_LEVEL = -O
    SWIFT_PLATFORM_TARGET_PREFIX = ios
    SWIFT_RESPONSE_FILE_PATH_normal_arm64 = /Users/jose/Library/Developer/Xcode/DerivedData/Runner-azwhhbflkbtmkxelbbewewazdvyb/Build/Intermediates.noindex/Runner.build/Release-iphoneos/Runner.build/Objects-normal/arm64/Runner.SwiftFileList
    SWIFT_VERSION = 5.0
    SYMROOT = /Users/jose/Library/Developer/Xcode/DerivedData/Runner-azwhhbflkbtmkxelbbewewazdvyb/Build/Products
    SYSTEM_ADMIN_APPS_DIR = /Applications/Utilities
    SYSTEM_APPS_DIR = /Applications
    SYSTEM_CORE_SERVICES_DIR = /System/Library/CoreServices
    SYSTEM_DEMOS_DIR = /Applications/Extras
    SYSTEM_DEVELOPER_APPS_DIR = /Applications/Xcode.app/Contents/Developer/Applications
    SYSTEM_DEVELOPER_BIN_DIR = /Applications/Xcode.app/Contents/Developer/usr/bin
    SYSTEM_DEVELOPER_DEMOS_DIR = /Applications/Xcode.app/Contents/Developer/Applications/Utilities/Built Examples
    SYSTEM_DEVELOPER_DIR = /Applications/Xcode.app/Contents/Developer
    SYSTEM_DEVELOPER_DOC_DIR = /Applications/Xcode.app/Contents/Developer/ADC Reference Library
    SYSTEM_DEVELOPER_GRAPHICS_TOOLS_DIR = /Applications/Xcode.app/Contents/Developer/Applications/Graphics Tools
    SYSTEM_DEVELOPER_JAVA_TOOLS_DIR = /Applications/Xcode.app/Contents/Developer/Applications/Java Tools
    SYSTEM_DEVELOPER_PERFORMANCE_TOOLS_DIR = /Applications/Xcode.app/Contents/Developer/Applications/Performance Tools
    SYSTEM_DEVELOPER_RELEASENOTES_DIR = /Applications/Xcode.app/Contents/Developer/ADC Reference Library/releasenotes
    SYSTEM_DEVELOPER_TOOLS = /Applications/Xcode.app/Contents/Developer/Tools
    SYSTEM_DEVELOPER_TOOLS_DOC_DIR = /Applications/Xcode.app/Contents/Developer/ADC Reference Library/documentation/DeveloperTools
    SYSTEM_DEVELOPER_TOOLS_RELEASENOTES_DIR = /Applications/Xcode.app/Contents/Developer/ADC Reference Library/releasenotes/DeveloperTools
    SYSTEM_DEVELOPER_USR_DIR = /Applications/Xcode.app/Contents/Developer/usr
    SYSTEM_DEVELOPER_UTILITIES_DIR = /Applications/Xcode.app/Contents/Developer/Applications/Utilities
    SYSTEM_DEXT_INSTALL_PATH = /System/Library/DriverExtensions
    SYSTEM_DOCUMENTATION_DIR = /Library/Documentation
    SYSTEM_EXTENSIONS_FOLDER_PATH = Runner.app/SystemExtensions
    SYSTEM_EXTENSIONS_FOLDER_PATH_SHALLOW_BUNDLE_NO = Runner.app/Library/SystemExtensions
    SYSTEM_EXTENSIONS_FOLDER_PATH_SHALLOW_BUNDLE_YES = Runner.app/SystemExtensions
    SYSTEM_KEXT_INSTALL_PATH = /System/Library/Extensions
    SYSTEM_LIBRARY_DIR = /System/Library
    TAPI_DEMANGLE = YES
    TAPI_ENABLE_PROJECT_HEADERS = NO
    TAPI_LANGUAGE = objective-c
    TAPI_LANGUAGE_STANDARD = compiler-default
    TAPI_USE_SRCROOT = YES
    TAPI_VERIFY_MODE = Pedantic
    TARGETED_DEVICE_FAMILY = 1,2
    TARGETNAME = Runner
    TARGET_BUILD_DIR = /Users/jose/Library/Developer/Xcode/DerivedData/Runner-azwhhbflkbtmkxelbbewewazdvyb/Build/Products/Release-iphoneos
    TARGET_NAME = Runner
    TARGET_TEMP_DIR = /Users/jose/Library/Developer/Xcode/DerivedData/Runner-azwhhbflkbtmkxelbbewewazdvyb/Build/Intermediates.noindex/Runner.build/Release-iphoneos/Runner.build
    TEMP_DIR = /Users/jose/Library/Developer/Xcode/DerivedData/Runner-azwhhbflkbtmkxelbbewewazdvyb/Build/Intermediates.noindex/Runner.build/Release-iphoneos/Runner.build
    TEMP_FILES_DIR = /Users/jose/Library/Developer/Xcode/DerivedData/Runner-azwhhbflkbtmkxelbbewewazdvyb/Build/Intermediates.noindex/Runner.build/Release-iphoneos/Runner.build
    TEMP_FILE_DIR = /Users/jose/Library/Developer/Xcode/DerivedData/Runner-azwhhbflkbtmkxelbbewewazdvyb/Build/Intermediates.noindex/Runner.build/Release-iphoneos/Runner.build
    TEMP_ROOT = /Users/jose/Library/Developer/Xcode/DerivedData/Runner-azwhhbflkbtmkxelbbewewazdvyb/Build/Intermediates.noindex
    TEMP_SANDBOX_DIR = /Users/jose/Library/Developer/Xcode/DerivedData/Runner-azwhhbflkbtmkxelbbewewazdvyb/Build/Intermediates.noindex/TemporaryTaskSandboxes
    TEST_FRAMEWORK_SEARCH_PATHS =  /Applications/Xcode.app/Contents/Developer/Platforms/iPhoneOS.platform/Developer/Library/Frameworks /Applications/Xcode.app/Contents/Developer/Platforms/iPhoneOS.platform/Developer/SDKs/iPhoneOS26.5.sdk/Developer/Library/Frameworks
    TEST_LIBRARY_SEARCH_PATHS =  /Applications/Xcode.app/Contents/Developer/Platforms/iPhoneOS.platform/Developer/usr/lib
    TOOLCHAINS = com.apple.dt.toolchain.XcodeDefault
    TOOLCHAIN_DIR = /Applications/Xcode.app/Contents/Developer/Toolchains/XcodeDefault.xctoolchain
    TRACK_WIDGET_CREATION = false
    TREAT_MISSING_BASELINES_AS_TEST_FAILURES = NO
    TREAT_MISSING_SCRIPT_PHASE_OUTPUTS_AS_ERRORS = NO
    TREE_SHAKE_ICONS = true
    TVOS_DEPLOYMENT_TARGET = 26.5
    UID = 501
    UNINSTALLED_PRODUCTS_DIR = /Users/jose/Library/Developer/Xcode/DerivedData/Runner-azwhhbflkbtmkxelbbewewazdvyb/Build/Intermediates.noindex/UninstalledProducts
    UNLOCALIZED_RESOURCES_FOLDER_PATH = Runner.app
    UNLOCALIZED_RESOURCES_FOLDER_PATH_SHALLOW_BUNDLE_NO = Runner.app/Resources
    UNLOCALIZED_RESOURCES_FOLDER_PATH_SHALLOW_BUNDLE_YES = Runner.app
    UNSTRIPPED_PRODUCT = NO
    USER = jose
    USER_APPS_DIR = /Users/jose/Applications
    USER_LIBRARY_DIR = /Users/jose/Library
    USE_DYNAMIC_NO_PIC = YES
    USE_HEADERMAP = YES
    USE_HEADER_SYMLINKS = NO
    USE_RECURSIVE_SCRIPT_INPUTS_IN_SCRIPT_PHASES = YES
    VALIDATE_DEVELOPMENT_ASSET_PATHS = YES_ERROR
    VALIDATE_PRODUCT = YES
    VALID_ARCHS = arm64 arm64e armv7 armv7s
    VERBOSE_PBXCP = NO
    VERSIONING_SYSTEM = apple-generic
    VERSIONPLIST_PATH = Runner.app/version.plist
    VERSION_INFO_BUILDER = jose
    VERSION_INFO_FILE = Runner_vers.c
    VERSION_INFO_STRING = "@(#)PROGRAM:Runner  PROJECT:Runner-16"
    WATCHOS_DEPLOYMENT_TARGET = 26.5
    WORKSPACE_DIR = /Users/jose/src/work/hydracamv2/ios
    WRAPPER_EXTENSION = app
    WRAPPER_NAME = Runner.app
    WRAPPER_SUFFIX = .app
    WRAP_ASSET_PACKS_IN_SEPARATE_DIRECTORIES = NO
    XCODE_APP_SUPPORT_DIR = /Applications/Xcode.app/Contents/Developer/Library/Xcode
    XCODE_PRODUCT_BUILD_VERSION = 17F42
    XCODE_VERSION_ACTUAL = 2650
    XCODE_VERSION_MAJOR = 2600
    XCODE_VERSION_MINOR = 2650
    XPCSERVICES_FOLDER_PATH = Runner.app/XPCServices
    XROS_DEPLOYMENT_TARGET = 26.5
    YACC = yacc
    _DISCOVER_COMMAND_LINE_LINKER_INPUTS = YES
    _DISCOVER_COMMAND_LINE_LINKER_INPUTS_INCLUDE_WL = YES
    _LD_MULTIARCH = YES
    _WRAPPER_CONTENTS_DIR_SHALLOW_BUNDLE_NO = /Contents
    _WRAPPER_PARENT_PATH_SHALLOW_BUNDLE_NO = /..
    _WRAPPER_RESOURCES_DIR_SHALLOW_BUNDLE_NO = /Resources
    __DIAGNOSE_DEPRECATED_ARCHS = YES
    __IS_NOT_MACOS = YES
    __IS_NOT_MACOS_macosx = NO
    __IS_NOT_SIMULATOR = YES
    __IS_NOT_SIMULATOR_simulator = NO
    __ORIGINAL_SDK_DEFINED_LLVM_TARGET_TRIPLE_SYS = ios
    arch = undefined_arch
    variant = normal


[stderr]
--- xcodebuild: WARNING: Using the first of multiple matching destinations:
{ platform:iOS, id:dvtdevice-DVTiPhonePlaceholder-iphoneos:placeholder, name:Any iOS Device }
{ platform:iOS, id:8b406aa5c597eab4c4dfd9908f4a09b10a89ec63, name:iPad (5), error:iPad (5) is not connected Xcode will continue when iPad (5) is connected and unlocked. }
{ platform:macOS, arch:arm64, variant:Designed for [iPad,iPhone], id:00006031-000C318021A2001C, name:My Mac }
{ platform:iOS Simulator, id:dvtdevice-DVTiOSDeviceSimulatorPlaceholder-iphonesimulator:placeholder, name:Any iOS Simulator Device }
{ platform:visionOS Simulator, arch:arm64, variant:Designed for [iPad,iPhone], id:CAE1E201-EE58-4BAF-86A6-ADD79EAE7D6E, OS:2.4, name:Apple Vision Pro }
{ platform:iOS Simulator, arch:arm64, id:65B81095-034E-43BD-B725-25D20F633515, OS:18.4, name:iPad (A16) }
{ platform:iOS Simulator, arch:x86_64, id:65B81095-034E-43BD-B725-25D20F633515, OS:18.4, name:iPad (A16) }
{ platform:iOS Simulator, arch:arm64, id:87CD6158-316A-47D7-8CF7-771A8784C5FB, OS:26.5, name:iPad (A16) }
{ platform:iOS Simulator, arch:arm64, id:3138C415-02AD-4FBE-8325-337E0B1D85A4, OS:18.4, name:iPad Air 11-inch (M3) }
{ platform:iOS Simulator, arch:x86_64, id:3138C415-02AD-4FBE-8325-337E0B1D85A4, OS:18.4, name:iPad Air 11-inch (M3) }
{ platform:iOS Simulator, arch:arm64, id:CDDCC03E-021A-4F65-96A0-F2659D1D77AD, OS:26.5, name:iPad Air 11-inch (M4) }
{ platform:iOS Simulator, arch:arm64, id:F1653079-F410-49D2-A063-1AF6509CA7DF, OS:18.4, name:iPad Air 13-inch (M3) }
{ platform:iOS Simulator, arch:x86_64, id:F1653079-F410-49D2-A063-1AF6509CA7DF, OS:18.4, name:iPad Air 13-inch (M3) }
{ platform:iOS Simulator, arch:arm64, id:57C9ED10-064A-4596-92B8-94A582FBDE79, OS:26.5, name:iPad Air 13-inch (M4) }
{ platform:iOS Simulator, arch:arm64, id:D1B0CC6E-6F4C-4948-A9C3-073E5932CF45, OS:18.4, name:iPad Pro 11-inch (M4) }
{ platform:iOS Simulator, arch:x86_64, id:D1B0CC6E-6F4C-4948-A9C3-073E5932CF45, OS:18.4, name:iPad Pro 11-inch (M4) }
{ platform:iOS Simulator, arch:arm64, id:F1AD956F-F029-4ED1-8153-C4D325402AF5, OS:26.5, name:iPad Pro 11-inch (M5) }
{ platform:iOS Simulator, arch:arm64, id:BF1EC7ED-01F1-437A-9CD5-6647DFEC2C8E, OS:18.4, name:iPad Pro 13-inch (M4) }
{ platform:iOS Simulator, arch:x86_64, id:BF1EC7ED-01F1-437A-9CD5-6647DFEC2C8E, OS:18.4, name:iPad Pro 13-inch (M4) }
{ platform:iOS Simulator, arch:arm64, id:1620C6D6-0BFB-4857-B75D-ECE4BA0B1190, OS:26.5, name:iPad Pro 13-inch (M5) }
{ platform:iOS Simulator, arch:arm64, id:57AF3A1E-667B-4C93-93F4-273BF71F610D, OS:18.4, name:iPad mini (A17 Pro) }
{ platform:iOS Simulator, arch:x86_64, id:57AF3A1E-667B-4C93-93F4-273BF71F610D, OS:18.4, name:iPad mini (A17 Pro) }
{ platform:iOS Simulator, arch:arm64, id:2105C891-0F6B-4A05-B471-3F589F3319C1, OS:26.5, name:iPad mini (A17 Pro) }
{ platform:iOS Simulator, arch:arm64, id:8803DD22-4646-4C0C-95BD-249D898CF513, OS:18.4, name:iPhone 16 }
{ platform:iOS Simulator, arch:x86_64, id:8803DD22-4646-4C0C-95BD-249D898CF513, OS:18.4, name:iPhone 16 }
{ platform:iOS Simulator, arch:arm64, id:5CF4A12E-A8B5-4285-AE86-407B9067CB5F, OS:18.4, name:iPhone 16 Plus }
{ platform:iOS Simulator, arch:x86_64, id:5CF4A12E-A8B5-4285-AE86-407B9067CB5F, OS:18.4, name:iPhone 16 Plus }
{ platform:iOS Simulator, arch:arm64, id:6A2E7E6A-05F8-47D6-88AE-85E3434AC6D3, OS:18.4, name:iPhone 16 Pro }
{ platform:iOS Simulator, arch:x86_64, id:6A2E7E6A-05F8-47D6-88AE-85E3434AC6D3, OS:18.4, name:iPhone 16 Pro }
{ platform:iOS Simulator, arch:arm64, id:CB509746-6183-4AEC-9FA5-725378C563BF, OS:18.4, name:iPhone 16 Pro Max }
{ platform:iOS Simulator, arch:x86_64, id:CB509746-6183-4AEC-9FA5-725378C563BF, OS:18.4, name:iPhone 16 Pro Max }
{ platform:iOS Simulator, arch:arm64, id:E6EC1822-E63D-4034-A308-8B918FE35465, OS:18.4, name:iPhone 16e }
{ platform:iOS Simulator, arch:x86_64, id:E6EC1822-E63D-4034-A308-8B918FE35465, OS:18.4, name:iPhone 16e }
{ platform:iOS Simulator, arch:arm64, id:74BEC426-E51A-460B-8AA3-E8E615CF7444, OS:26.5, name:iPhone 17 }
{ platform:iOS Simulator, arch:arm64, id:45768BC9-71B5-4BBA-9372-EAD4A0234650, OS:26.5, name:iPhone 17 Pro }
{ platform:iOS Simulator, arch:arm64, id:D8D3076F-9A3B-431E-9040-444592B8714D, OS:26.5, name:iPhone 17 Pro Max }
{ platform:iOS Simulator, arch:arm64, id:E9295FDD-2A32-40D9-81CC-DEA8042F3F78, OS:26.5, name:iPhone 17e }
{ platform:iOS Simulator, arch:arm64, id:AD4C96F1-9085-4422-993A-1CA9C8458240, OS:26.5, name:iPhone Air }
{ platform:iOS, arch:arm64, id:8b406aa5c597eab4c4dfd9908f4a09b10a89ec63, name:iPad (5) }
{ platform:iOS, arch:arm64, id:00008101-000A68811E43001E, name:José Ramón’s iPhone }
[exit-code] 0

$ env IOS_XCODE_DESTINATION_ID=8b406aa5c597eab4c4dfd9908f4a09b10a89ec63 IOS_DEVICE=0A947DBD-A462-5BAA-AB84-17F143D41619 DERIVED_DATA_PATH=build/ios-icon-profile-keepeyeonball-ipad scripts/ios_icon_launch_dev.sh
Gathering device information…
Current device information:
• identifier: 0A947DBD-A462-5BAA-AB84-17F143D41619
• tags:
▿ hardwareProperties:
    • cpuType: arm64 (type: 16777228, subtype: 0)
    • deviceType: iPad
    • ecid: 4003463842304166
    • hardwareModel: J71bAP
    • internalStorageCapacity: 32000000000
    • isProductionFused: true
    • marketingName: iPad (6th generation) (Model A1893)
    • platform: iOS
    • productType: iPad7,5
    • reality: physical
    • serialNumber: DMPW528HJF8K
    ▿ supportedCPUTypes:
        • arm64 (type: 16777228, subtype: 0)
        • unknown-12-13 (type: 12, subtype: 13)
    • supportedDeviceFamilies: [1, 2]
    • thinningProductType: iPad7,5
    • udid: 8b406aa5c597eab4c4dfd9908f4a09b10a89ec63
▿ deviceProperties:
    • bootState: booted
    • ddiServicesAvailable: true
    • developerModeStatus: enabled
    • hasInternalOSBuild: false
    • name: iPad (5)
    • osBuildUpdate: 21H461
    • osVersionNumber: 17.7.11
    ▿ providerSpecificValues:
        • hasAMRestorableDeviceRef: true
    • rootFileSystemIsWritable: false
    • bootedFromSnapshot: true
    • bootedSnapshotName: com.apple.os.update-87253FEA1A5E1C6202739DA5112B7F7F03A085FE06EEA031E7CF9B829F4E11AE
    • supportsCheckedAllocations: false
▿ connectionProperties:
    • authenticationType: manualPairing
    • isMobileDeviceOnly: false
    • lastConnectionDate: 2026-06-09 01:59:00 +0000
    ▿ localHostnames:
        • iPad-5.coredevice.local
        • 0A947DBD-A462-5BAA-AB84-17F143D41619.coredevice.local
        • 8b406aa5c597eab4c4dfd9908f4a09b10a89ec63.coredevice.local
    ▿ potentialHostnames:
        • iPad-5.coredevice.local
        • 0A947DBD-A462-5BAA-AB84-17F143D41619.coredevice.local
        • 8b406aa5c597eab4c4dfd9908f4a09b10a89ec63.coredevice.local
    • pairingState: paired
    • transportType: wired
    • tunnelTransportProtocol: tcp
    • tunnelIPAddress: fd7d:560a:4576::1
    • tunnelState: connected
▿ capabilities:
    • Acquire Usage Assertion (com.apple.coredevice.feature.acquireusageassertion)
    • Application Control (com.apple.coredevice.feature.applicationcontrol)
    • Capture Sysdiagnose (com.apple.coredevice.feature.capturesysdiagnose)
    • Create Service Connection (com.apple.dt.serviceconnection.create)
    • Create Service Socket (com.apple.dt.servicesocket.create)
    • Disable Developer Disk Image Services (com.apple.coredevice.feature.disableddiservices)
    • Disconnect from Device (com.apple.coredevice.feature.disconnectdevice)
    • Fetch Application Icons (com.apple.coredevice.feature.fetchappicons)
    • Fetch AuthListing Identifiers (com.apple.coredevice.feature.getauthlistingidentifiers)
    • Fetch Developer Disk Image Services Metadata (com.apple.coredevice.feature.fetchddimetadata)
    • Fetch Extended Device Info (com.apple.coredevice.feature.getdeviceinfo)
    • Get Display Information (com.apple.coredevice.feature.getdisplayinfo)
    • Get Lock State (com.apple.coredevice.feature.getlockstate)
    • Install Application (com.apple.coredevice.feature.installapp)
    • Install Root (com.apple.coredevice.feature.installroot)
    • Launch Application (com.apple.coredevice.feature.launchapplication)
    • List Files (com.apple.coredevice.feature.listFiles)
    • List Roots (com.apple.coredevice.feature.listroots)
    • Modify Tags (com.apple.coredevice.feature.tags)
    • Modify credentials for default users for a device (com.apple.coredevice.feature.default.user.credentials)
    • Monitor Process for Termination (com.apple.coredevice.feature.monitorprocesstermination)
    • Post Darwin Notification (com.apple.dt.customer.postdarwinnotification)
    • Process Control (com.apple.coredevice.feature.processcontrol)
    • Query MobileGestalt (com.apple.coredevice.feature.querymobilegestalt)
    • Reboot Device (com.apple.coredevice.feature.rebootdevice)
    • Send Memory Warning to Process (com.apple.coredevice.feature.sendmemorywarningtoprocess)
    • Send Signal to Process (com.apple.coredevice.feature.sendsignaltoprocess)
    • Service Hub Profile (com.apple.dt.profile)
    • Spawn Executable (com.apple.coredevice.feature.spawnexecutable)
    • Stream Application List (com.apple.coredevice.feature.streamapplist)
    • Stream Process List (com.apple.coredevice.feature.streamprocesslist)
    • Transfer Files (com.apple.coredevice.feature.transferFiles)
    • Uninstall Application (com.apple.coredevice.feature.uninstallapp)
    • Uninstall Root (com.apple.coredevice.feature.uninstallroot)
    • Unpair Device (com.apple.coredevice.feature.unpairdevice)
• visibilityClass: default
Resolving dependencies...
Downloading packages...
  archive 4.0.7 (4.0.9 available)
  async 2.12.0 (2.13.1 available)
  camera 0.11.4 (0.12.0+1 available)
  camera_android_camerax 0.6.30 (0.7.2+1 available)
  camera_avfoundation 0.9.23+2 (0.10.1 available)
  camera_platform_interface 2.12.0 (2.13.0 available)
  camera_web 0.3.5 (0.3.5+3 available)
  checked_yaml 2.0.3 (2.0.4 available)
  cli_util 0.4.2 (0.5.1 available)
  connectivity_plus 7.0.0 (7.1.1 available)
  connectivity_plus_platform_interface 2.0.1 (2.1.0 available)
  cross_file 0.3.5 (0.3.5+2 available)
  cupertino_icons 1.0.8 (1.0.9 available)
  dbus 0.7.11 (0.7.14 available)
  device_info_plus 12.2.0 (13.1.0 available)
  device_info_plus_platform_interface 7.0.3 (8.1.0 available)
  ffi 2.1.4 (2.2.0 available)
  flutter_appauth 11.0.0 (12.0.1 available)
  flutter_appauth_platform_interface 11.0.0 (12.0.1 available)
  flutter_lints 5.0.0 (6.0.0 available)
  flutter_plugin_android_lifecycle 2.0.31 (2.0.35 available)
  flutter_secure_storage_darwin 0.3.2 (0.4.0 available)
  flutter_secure_storage_windows 4.1.0 (4.2.2 available)
  geolocator_linux 0.2.3 (0.2.5 available)
  geolocator_platform_interface 4.2.6 (4.2.7 available)
  image 4.5.4 (4.9.1 available)
  json_annotation 4.9.0 (4.12.0 available)
  lints 5.1.1 (6.1.0 available)
  matcher 0.12.19 (0.12.20 available)
  meta 1.18.0 (1.18.3 available)
  mocktail 1.0.4 (1.0.5 available)
  network_info_plus 7.0.0 (8.1.0 available)
  network_info_plus_platform_interface 2.0.2 (3.1.0 available)
  package_info_plus 8.3.1 (10.1.0 available)
  package_info_plus_platform_interface 3.2.1 (4.1.0 available)
  path_provider_android 2.2.19 (2.3.1 available)
  path_provider_foundation 2.4.2 (2.6.0 available)
  permission_handler 12.0.1 (12.0.3 available)
  permission_handler_apple 9.4.7 (9.4.9 available)
  petitparser 6.1.0 (7.0.2 available)
  photo_manager 3.7.1 (3.9.0 available)
  posix 6.0.3 (6.5.0 available)
  process 5.0.3 (5.0.5 available)
  shared_preferences 2.5.3 (2.5.5 available)
  shared_preferences_android 2.4.13 (2.4.25 available)
  shared_preferences_foundation 2.5.4 (2.5.6 available)
  shared_preferences_platform_interface 2.4.1 (2.4.2 available)
  source_span 1.10.1 (1.10.2 available)
  test_api 0.7.11 (0.7.12 available)
  uuid 4.5.2 (4.5.3 available)
  vector_math 2.2.0 (2.4.0 available)
  video_player 2.10.1 (2.11.1 available)
  video_player_android 2.8.15 (2.9.6 available)
  video_player_avfoundation 2.8.4 (2.9.7 available)
  video_player_platform_interface 6.6.0 (6.7.0 available)
  vm_service 14.3.1 (15.2.0 available)
  wakelock_plus 1.3.3 (1.6.1 available)
  wakelock_plus_platform_interface 1.3.0 (1.5.1 available)
  webdriver 3.0.4 (3.1.0 available)
  win32 5.13.0 (6.3.0 available)
  win32_registry 2.1.0 (3.0.3 available)
  xml 6.5.0 (7.0.1 available)
Got dependencies!
62 packages have newer versions incompatible with dependency constraints.
Try `flutter pub outdated` for more information.
Command line invocation:
    /Applications/Xcode.app/Contents/Developer/usr/bin/xcodebuild -workspace ios/Runner.xcworkspace -scheme Runner -configuration Profile -destination id=8b406aa5c597eab4c4dfd9908f4a09b10a89ec63 -derivedDataPath build/ios-icon-profile-keepeyeonball-ipad -allowProvisioningUpdates -allowProvisioningDeviceRegistration CODE_SIGN_STYLE=Automatic DEVELOPMENT_TEAM=4RRY2QT7H8 clean build

Build settings from command line:
    CODE_SIGN_STYLE = Automatic
    DEVELOPMENT_TEAM = 4RRY2QT7H8

Resolve Package Graph

Fetching from https://github.com/openid/AppAuth-iOS (cached)

Creating working copy of package ‘AppAuth-iOS’

Checking out 2.0.0 of package ‘AppAuth-iOS’


Resolved source packages:
  path_provider_foundation: /Users/jose/src/work/hydracamv2/ios/Flutter/ephemeral/Packages/.packages/path_provider_foundation-2.4.2 @ local
  network_info_plus: /Users/jose/src/work/hydracamv2/ios/Flutter/ephemeral/Packages/.packages/network_info_plus-7.0.0 @ local
  integration_test: /Users/jose/src/work/hydracamv2/ios/Flutter/ephemeral/Packages/.packages/integration_test @ local
  package_info_plus: /Users/jose/src/work/hydracamv2/ios/Flutter/ephemeral/Packages/.packages/package_info_plus-8.3.1 @ local
  connectivity_plus: /Users/jose/src/work/hydracamv2/ios/Flutter/ephemeral/Packages/.packages/connectivity_plus-7.0.0 @ local
  video_player_avfoundation: /Users/jose/src/work/hydracamv2/ios/Flutter/ephemeral/Packages/.packages/video_player_avfoundation-2.8.4 @ local
  battery_plus: /Users/jose/src/work/hydracamv2/ios/Flutter/ephemeral/Packages/.packages/battery_plus-7.0.0 @ local
  shared_preferences_foundation: /Users/jose/src/work/hydracamv2/ios/Flutter/ephemeral/Packages/.packages/shared_preferences_foundation-2.5.4 @ local
  sensors_plus: /Users/jose/src/work/hydracamv2/ios/Flutter/ephemeral/Packages/.packages/sensors_plus-7.0.0 @ local
  FlutterGeneratedPluginSwiftPackage: /Users/jose/src/work/hydracamv2/ios/Flutter/ephemeral/Packages/FlutterGeneratedPluginSwiftPackage
  camera_avfoundation: /Users/jose/src/work/hydracamv2/ios/Flutter/ephemeral/Packages/.packages/camera_avfoundation-0.9.23+2 @ local
  device_info_plus: /Users/jose/src/work/hydracamv2/ios/Flutter/ephemeral/Packages/.packages/device_info_plus-12.2.0 @ local
  FlutterFramework: /Users/jose/src/work/hydracamv2/ios/Flutter/ephemeral/Packages/.packages/FlutterFramework @ local
  wakelock_plus: /Users/jose/src/work/hydracamv2/ios/Flutter/ephemeral/Packages/.packages/wakelock_plus-1.3.3 @ local
  flutter_appauth: /Users/jose/src/work/hydracamv2/ios/Flutter/ephemeral/Packages/.packages/flutter_appauth-11.0.0 @ local
  flutter_secure_storage_darwin: /Users/jose/src/work/hydracamv2/ios/Flutter/ephemeral/Packages/.packages/flutter_secure_storage_darwin-0.3.2 @ local
  geolocator_apple: /Users/jose/src/work/hydracamv2/ios/Flutter/ephemeral/Packages/.packages/geolocator_apple-2.3.13 @ local
  AppAuth: https://github.com/openid/AppAuth-iOS @ 2.0.0

Run pre-actions

SchemeAction Run\ Prepare\ Flutter\ Framework\ Script /var/folders/6s/dp27g8gn26j9mp36sjfxb9tw0000gn/T/SchemeScriptAction-AhxHOM.sh
    cd /var/folders/6s/dp27g8gn26j9mp36sjfxb9tw0000gn/T/
    export ACTION=clean
    export ADDITIONAL_SDKS=
    export AD_HOC_CODE_SIGNING_ALLOWED=NO
    export AGGREGATE_TRACKED_DOMAINS=YES
    export ALLOW_BUILD_REQUEST_OVERRIDES=NO
    export ALLOW_TARGET_PLATFORM_SPECIALIZATION=NO
    export ALL_OTHER_LDFLAGS="   -ObjC -framework \"PhotosUI\" -framework \"disk_space_plus\" -framework \"permission_handler_apple\" -framework \"photo_manager\"    "
    export ALL_OTHER_LIBTOOLFLAGS="    "
    export ALTERNATE_GROUP=staff
    export ALTERNATE_LINKER=
    export ALTERNATE_MODE=u+w,go-w,a+rX
    export ALTERNATE_OWNER=jose
    export ALTERNATE_PERMISSIONS_FILES=
    export ALTERNATIVE_DISTRIBUTION_WEB=NO
    export ALWAYS_EMBED_SWIFT_STANDARD_LIBRARIES=YES
    export ALWAYS_SEARCH_USER_PATHS=NO
    export ALWAYS_USE_SEPARATE_HEADERMAPS=NO
    export ANDROID_HOME=/Users/jose/Library/Android/sdk
    export APPLE_INTERNAL_DEVELOPER_DIR=/AppleInternal/Developer
    export APPLE_INTERNAL_DIR=/AppleInternal
    export APPLE_INTERNAL_DOCUMENTATION_DIR=/AppleInternal/Documentation
    export APPLE_INTERNAL_LIBRARY_DIR=/AppleInternal/Library
    export APPLE_INTERNAL_TOOLS=/AppleInternal/Developer/Tools
    export APPLICATION_EXTENSION_API_ONLY=NO
    export APPLY_RULES_IN_COPY_FILES=NO
    export APPLY_RULES_IN_COPY_HEADERS=NO
    export APP_INTENTS_DEPLOYMENT_POSTPROCESSING=NO
    export APP_INTENTS_DEPLOYMENT_TARGET=13.0
    export APP_INTENTS_METADATA_PATH=/Metadata.appintents
    export APP_INTENTS_PLATFORM_FAMILY=
    export APP_PLAYGROUND_ASSET_CATALOG_GENERATOR=appleProductTypesTool
    export APP_PLAYGROUND_GENERATED_ASSET_CATALOG_APPICON_NAME=AppIcon
    export APP_PLAYGROUND_GENERATED_ASSET_CATALOG_FILE=/Users/jose/src/work/hydracamv2/build/ios-icon-profile-keepeyeonball-ipad/Build/Intermediates.noindex/Runner.build/Profile-iphoneos/Runner.build/DerivedSources/AppPlaygroundDefaultAssetCatalog.xcassets
    export APP_PLAYGROUND_GENERATED_ASSET_CATALOG_GLOBAL_ACCENT_COLOR_NAME=
    export APP_PLAYGROUND_GENERATED_ASSET_CATALOG_PLACEHOLDER_APPICON=
    export APP_PLAYGROUND_GENERATED_ASSET_CATALOG_PRESET_ACCENT_COLOR=
    export APP_PLAYGROUND_GENERATE_ASSET_CATALOG=NO
    export APP_SHORTCUTS_ENABLE_FLEXIBLE_MATCHING=YES
    export ARCHS=arm64
    export ARCHS_BASE=arm64
    export ARCHS_STANDARD=arm64
    export ARCHS_STANDARD_32_64_BIT="armv7 arm64"
    export ARCHS_STANDARD_32_BIT=armv7
    export ARCHS_STANDARD_64_BIT=arm64
    export ARCHS_STANDARD_INCLUDING_64_BIT=arm64
    export ARCHS_UNIVERSAL_IPHONE_OS="armv7 arm64"
    export ARC_LINKER_ARG_LINKER_DRIVER=-fobjc-arc
    export ARC_LINKER_ARG_LINKER_DRIVER_clang=-fobjc-arc
    export ARC_LINKER_ARG_LINKER_DRIVER_swiftc=
    export ASSETCATALOG_COMPILER_APPICON_NAME=AppIcon
    export ASSETCATALOG_COMPILER_BUNDLE_IDENTIFIER=com.keepeyeonball
    export ASSETCATALOG_COMPILER_COMPLICATION_NAME=
    export ASSETCATALOG_COMPILER_COMPRESS_PNGS=YES
    export ASSETCATALOG_COMPILER_DEPENDENCY_INFO_FILE=/Users/jose/src/work/hydracamv2/build/ios-icon-profile-keepeyeonball-ipad/Build/Intermediates.noindex/Runner.build/Profile-iphoneos/Runner.build/assetcatalog_dependencies
    export ASSETCATALOG_COMPILER_ENABLE_ON_DEMAND_RESOURCES=YES
    export ASSETCATALOG_COMPILER_FLATTENED_APP_ICON_PATH=
    export ASSETCATALOG_COMPILER_GENERATE_ASSET_SYMBOLS=YES
    export ASSETCATALOG_COMPILER_GENERATE_ASSET_SYMBOL_BACKWARDS_DEPLOYMENT_SUPPORT=
    export ASSETCATALOG_COMPILER_GENERATE_ASSET_SYMBOL_ERRORS=YES
    export ASSETCATALOG_COMPILER_GENERATE_ASSET_SYMBOL_FRAMEWORKS="SwiftUI UIKit AppKit"
    export ASSETCATALOG_COMPILER_GENERATE_ASSET_SYMBOL_INDEX_PATH=/Users/jose/src/work/hydracamv2/build/ios-icon-profile-keepeyeonball-ipad/Build/Intermediates.noindex/Runner.build/Profile-iphoneos/Runner.build/DerivedSources/GeneratedAssetSymbols-Index.plist
    export ASSETCATALOG_COMPILER_GENERATE_ASSET_SYMBOL_WARNINGS=YES
    export ASSETCATALOG_COMPILER_GENERATE_OBJC_ASSET_SYMBOLS_PATH=/Users/jose/src/work/hydracamv2/build/ios-icon-profile-keepeyeonball-ipad/Build/Intermediates.noindex/Runner.build/Profile-iphoneos/Runner.build/DerivedSources/GeneratedAssetSymbols.h
    export ASSETCATALOG_COMPILER_GENERATE_SWIFT_ASSET_SYMBOLS_PATH=/Users/jose/src/work/hydracamv2/build/ios-icon-profile-keepeyeonball-ipad/Build/Intermediates.noindex/Runner.build/Profile-iphoneos/Runner.build/DerivedSources/GeneratedAssetSymbols.swift
    export ASSETCATALOG_COMPILER_GENERATE_SWIFT_ASSET_SYMBOL_EXTENSIONS=YES
    export ASSETCATALOG_COMPILER_GLOBAL_ACCENT_COLOR_NAME=
    export ASSETCATALOG_COMPILER_INCLUDED_LANGUAGES=
    export ASSETCATALOG_COMPILER_INCLUDE_ALL_APPICON_ASSETS=NO
    export ASSETCATALOG_COMPILER_INCLUDE_INFOPLIST_LOCALIZATIONS=YES
    export ASSETCATALOG_COMPILER_INCLUDE_STICKER_CONTENT=NO
    export ASSETCATALOG_COMPILER_INFOPLIST_CONTENT_FILE=/Users/jose/src/work/hydracamv2/build/ios-icon-profile-keepeyeonball-ipad/Build/Intermediates.noindex/Runner.build/Profile-iphoneos/Runner.build/assetcatalog_generated_info.plist
    export ASSETCATALOG_COMPILER_LAUNCHIMAGE_NAME=
    export ASSETCATALOG_COMPILER_LEADERBOARD_IDENTIFIER_PREFIX=
    export ASSETCATALOG_COMPILER_LEADERBOARD_SET_IDENTIFIER_PREFIX=
    export ASSETCATALOG_COMPILER_OPTIMIZATION=
    export ASSETCATALOG_COMPILER_OUTPUT_DIR=
    export ASSETCATALOG_COMPILER_SKIP_APP_STORE_DEPLOYMENT=
    export ASSETCATALOG_COMPILER_STANDALONE_ICON_BEHAVIOR=default
    export ASSETCATALOG_COMPILER_STICKER_PACK_IDENTIFIER_PREFIX=
    export ASSETCATALOG_COMPILER_STICKER_PACK_STRINGS=
    export ASSETCATALOG_COMPILER_TARGET_STICKERS_ICON_ROLE=
    export ASSETCATALOG_COMPILER_WIDGET_BACKGROUND_COLOR_NAME=
    export ASSETCATALOG_EXEC=actool
    export ASSETCATALOG_FILTER_FOR_DEVICE_MODEL=iPad7,5
    export ASSETCATALOG_FILTER_FOR_DEVICE_OS_VERSION=17.7.11
    export ASSETCATALOG_FILTER_FOR_THINNING_DEVICE_CONFIGURATION=iPad7,5
    export ASSETCATALOG_LIGHTWEIGHT_ASSET_RUNTIME_MODE=default
    export ASSETCATALOG_NOTICES=YES
    export ASSETCATALOG_OTHER_FLAGS=
    export ASSETCATALOG_OUTPUT_FORMAT=human-readable-text
    export ASSETCATALOG_WARNINGS=YES
    export ASSET_PACK_MANIFEST_URL_PREFIX=
    export AUTOMATICALLY_MERGE_DEPENDENCIES=NO
    export AUTOMATION_APPLE_EVENTS=NO
    export AVAILABLE_PLATFORMS="appletvos appletvsimulator driverkit iphoneos iphonesimulator macosx watchos watchsimulator xros xrsimulator"
    export AdditionalInfoFileKeys=
    export AdditionalInfoFileValues=
    export BUILD_ACTIVE_RESOURCES_ONLY=YES
    export BUILD_COMPONENTS=
    export BUILD_DIR=/Users/jose/src/work/hydracamv2/build/ios-icon-profile-keepeyeonball-ipad/Build/Products
    export BUILD_LIBRARY_FOR_DISTRIBUTION=NO
    export BUILD_ONLY_KNOWN_LOCALIZATIONS=NO
    export BUILD_ROOT=/Users/jose/src/work/hydracamv2/build/ios-icon-profile-keepeyeonball-ipad/Build/Products
    export BUILD_STYLE=Profile
    export BUILD_VARIANTS=normal
    export BUILT_PRODUCTS_DIR=/Users/jose/src/work/hydracamv2/build/ios-icon-profile-keepeyeonball-ipad/Build/Products/Profile-iphoneos
    export BUNDLE_CONTENTS_FOLDER_PATH=
    export BUNDLE_CONTENTS_FOLDER_PATH_deep=Contents/
    export BUNDLE_EXECUTABLE_FOLDER_NAME_deep=MacOS
    export BUNDLE_EXECUTABLE_FOLDER_PATH=
    export BUNDLE_EXTENSIONS_FOLDER_PATH=Extensions
    export BUNDLE_FORMAT=shallow
    export BUNDLE_FRAMEWORKS_FOLDER_PATH=Frameworks
    export BUNDLE_LOADER=
    export BUNDLE_PLUGINS_FOLDER_PATH=PlugIns
    export BUNDLE_PRIVATE_HEADERS_FOLDER_PATH=PrivateHeaders
    export BUNDLE_PUBLIC_HEADERS_FOLDER_PATH=Headers
    export CACHE_ROOT=/var/folders/6s/dp27g8gn26j9mp36sjfxb9tw0000gn/C/com.apple.DeveloperTools/26.5-17F42/Xcode
    export CC=
    export CCHROOT=/var/folders/6s/dp27g8gn26j9mp36sjfxb9tw0000gn/C/com.apple.DeveloperTools/26.5-17F42/Xcode
    export CHMOD=/bin/chmod
    export CHOWN=chown
    export CLANG_ADDRESS_SANITIZER=
    export CLANG_ADDRESS_SANITIZER_ALLOW_ERROR_RECOVERY=
    export CLANG_ADDRESS_SANITIZER_CONTAINER_OVERFLOW=NO
    export CLANG_ADDRESS_SANITIZER_USE_AFTER_SCOPE=NO
    export CLANG_ALLOW_NON_MODULAR_INCLUDES_IN_FRAMEWORK_MODULES=NO
    export CLANG_ALTERNATE_LINKER=
    export CLANG_ANALYZER_DEADCODE_DEADSTORES=YES
    export CLANG_ANALYZER_DEFINES=-D__clang_analyzer__
    export CLANG_ANALYZER_DIVIDE_BY_ZERO=YES
    export CLANG_ANALYZER_EXEC=clang
    export CLANG_ANALYZER_GCD=YES
    export CLANG_ANALYZER_GCD_PERFORMANCE=NO
    export CLANG_ANALYZER_LIBKERN_RETAIN_COUNT=YES
    export CLANG_ANALYZER_LOCALIZABILITY_EMPTY_CONTEXT=NO
    export CLANG_ANALYZER_LOCALIZABILITY_NONLOCALIZED=NO
    export CLANG_ANALYZER_MALLOC=YES
    export CLANG_ANALYZER_MEMORY_MANAGEMENT=YES
    export CLANG_ANALYZER_MIG_CONVENTIONS=YES
    export CLANG_ANALYZER_NONNULL=YES
    export CLANG_ANALYZER_NULL_DEREFERENCE=YES
    export CLANG_ANALYZER_NUMBER_OBJECT_CONVERSION=YES
    export CLANG_ANALYZER_OBJC_ATSYNC=YES
    export CLANG_ANALYZER_OBJC_COLLECTIONS=YES
    export CLANG_ANALYZER_OBJC_DEALLOC=YES
    export CLANG_ANALYZER_OBJC_GENERICS=YES
    export CLANG_ANALYZER_OBJC_INCOMP_METHOD_TYPES=YES
    export CLANG_ANALYZER_OBJC_NSCFERROR=YES
    export CLANG_ANALYZER_OBJC_RETAIN_COUNT=YES
    export CLANG_ANALYZER_OBJC_SELF_INIT=YES
    export CLANG_ANALYZER_OBJC_UNUSED_IVARS=YES
    export CLANG_ANALYZER_OSOBJECT_C_STYLE_CAST=NO
    export CLANG_ANALYZER_OUTPUT=plist-multi-file
    export CLANG_ANALYZER_OUTPUT_DIR=/Users/jose/src/work/hydracamv2/build/ios-icon-profile-keepeyeonball-ipad/Build/Intermediates.noindex/Runner.build/Profile-iphoneos/Runner.build
    export CLANG_ANALYZER_REPORT_MAIN_SOURCE_FILE=YES
    export CLANG_ANALYZER_SECURITY_BUFFER_OVERFLOW_EXPERIMENTAL=NO
    export CLANG_ANALYZER_SECURITY_FLOATLOOPCOUNTER=NO
    export CLANG_ANALYZER_SECURITY_INSECUREAPI_GETPW_GETS=YES
    export CLANG_ANALYZER_SECURITY_INSECUREAPI_MKSTEMP=YES
    export CLANG_ANALYZER_SECURITY_INSECUREAPI_RAND=NO
    export CLANG_ANALYZER_SECURITY_INSECUREAPI_STRCPY=NO
    export CLANG_ANALYZER_SECURITY_INSECUREAPI_UNCHECKEDRETURN=YES
    export CLANG_ANALYZER_SECURITY_INSECUREAPI_VFORK=YES
    export CLANG_ANALYZER_SECURITY_KEYCHAIN_API=YES
    export CLANG_ANALYZER_USE_AFTER_MOVE=YES_AGGRESSIVE
    export CLANG_BOUNDS_SAFETY_BRINGUP_MISSING_CHECKS=default
    export CLANG_BOUNDS_SAFETY_BRINGUP_MISSING_CHECKS_OPT_OUTS=
    export CLANG_CLANG_COVERAGE_MAPPING_LINKER_ARGS=NO
    export CLANG_COHORT_ARCHS=
    export CLANG_COLOR_DIAGNOSTICS=NO
    export CLANG_COVERAGE_MAPPING=NO
    export CLANG_COVERAGE_MAPPING_LINKER_ARGS=NO
    export CLANG_CXX_LANGUAGE_STANDARD=gnu++0x
    export CLANG_CXX_LIBRARY=libc++
    export CLANG_CXX_STANDARD_LIBRARY_HARDENING=
    export CLANG_DEBUG_INFORMATION_LEVEL=default
    export CLANG_DEBUG_MODULES=YES
    export CLANG_DIAGNOSTICS_FILE=/Users/jose/src/work/hydracamv2/build/ios-icon-profile-keepeyeonball-ipad/Build/Intermediates.noindex/Runner.build/Profile-iphoneos/Runner.build/Metal/.dia
    export CLANG_DISABLE_CXX_MODULES=YES
    export CLANG_ENABLE_APP_EXTENSION=NO
    export CLANG_ENABLE_BOUNDS_ATTRIBUTES=NO
    export CLANG_ENABLE_BOUNDS_SAFETY=NO
    export CLANG_ENABLE_CODE_COVERAGE=YES
    export CLANG_ENABLE_COMPILE_CACHE=
    export CLANG_ENABLE_CPLUSPLUS_TYPED_ALLOCATOR_SUPPORT=compiler-default
    export CLANG_ENABLE_CPP_STATIC_DESTRUCTORS=YES
    export CLANG_ENABLE_C_TYPED_ALLOCATOR_SUPPORT=compiler-default
    export CLANG_ENABLE_EXPLICIT_MODULES=YES
    export CLANG_ENABLE_MODULES=YES
    export CLANG_ENABLE_MODULE_DEBUGGING=YES
    export CLANG_ENABLE_MODULE_IMPLEMENTATION_OF=YES
    export CLANG_ENABLE_OBJC_ARC=YES
    export CLANG_ENABLE_OBJC_ARC_EXCEPTIONS=NO
    export CLANG_ENABLE_OBJC_WEAK=NO
    export CLANG_ENABLE_PREFIX_MAPPING=
    export CLANG_ENABLE_SECURITY_COMPILER_WARNINGS=NO
    export CLANG_ENABLE_STACK_ZERO_INIT=NO
    export CLANG_INDEX_STORE_COMPRESS=NO
    export CLANG_INDEX_STORE_ENABLE=YES
    export CLANG_INDEX_STORE_IGNORE_MACROS=NO
    export CLANG_INDEX_STORE_ONLY_PROJECT_FILES=NO
    export CLANG_INDEX_STORE_PATH=/Users/jose/src/work/hydracamv2/build/ios-icon-profile-keepeyeonball-ipad/Index.noindex/DataStore
    export CLANG_INSTRUMENT_FOR_OPTIMIZATION_PROFILING=NO
    export CLANG_LD_DYLIB_INSTALL_NAME=
    export CLANG_LD_EXPORT_GLOBAL_SYMBOLS=NO
    export CLANG_LD_SUPPRESS_WARNINGS=NO
    export CLANG_LD_THREAD_SANITIZER=
    export CLANG_LIBFUZZER=
    export CLANG_LINK_OBJC_RUNTIME=
    export CLANG_LINK_WITH_STANDARD_LIBRARIES=YES
    export CLANG_MACH_O_TYPE=mh_execute
    export CLANG_MACRO_BACKTRACE_LIMIT=0
    export CLANG_MODULES_AUTOLINK=YES
    export CLANG_MODULES_BUILD_SESSION_FILE=
    export CLANG_MODULES_DISABLE_PRIVATE_WARNING=NO
    export CLANG_MODULES_ENABLE_VERIFIER_TOOL=NO
    export CLANG_MODULES_IGNORE_MACROS=
    export CLANG_MODULES_PRUNE_AFTER=345600
    export CLANG_MODULES_PRUNE_INTERVAL=86400
    export CLANG_MODULES_VALIDATE_SYSTEM_HEADERS=NO
    export CLANG_MODULES_VERIFIER_VERBOSE_OUTPUT=NO
    export CLANG_MODULE_CACHE_PATH=/Users/jose/src/work/hydracamv2/build/ios-icon-profile-keepeyeonball-ipad/ModuleCache.noindex
    export CLANG_MODULE_LSV=NO
    export CLANG_OMIT_FRAME_POINTERS=compiler-default
    export CLANG_OPTIMIZATION_PROFILE_FILE=/Users/jose/src/work/hydracamv2/ios/OptimizationProfiles/Runner.profdata
    export CLANG_OTHER_PREFIX_MAPPINGS=
    export CLANG_RESOURCE_DIR_CLANG=
    export CLANG_RESOURCE_DIR_SWIFTC=
    export CLANG_RETAIN_COMMENTS_FROM_SYSTEM_HEADERS=NO
    export CLANG_SANITIZER_COVERAGE=
    export CLANG_SDKROOT_LINKER_INPUT=iphoneos26.5
    export CLANG_STATIC_ANALYZER_MODE=deep
    export CLANG_STATIC_ANALYZER_MODE_ACTION_deep=
    export CLANG_STATIC_ANALYZER_MODE_ACTION_shallow=Shallow
    export CLANG_STATIC_ANALYZER_MODE_ON_ANALYZE_ACTION=deep
    export CLANG_SYSTEM_FRAMEWORK_SEARCH_PATHS=
    export CLANG_TARGET_TRIPLE_ARCHS=undefined_arch
    export CLANG_THREAD_SANITIZER=
    export CLANG_TIDY_BUGPRONE_ASSERT_SIDE_EFFECT=YES
    export CLANG_TIDY_BUGPRONE_INFINITE_LOOP=YES
    export CLANG_TIDY_BUGPRONE_MOVE_FORWARDING_REFERENCE=YES
    export CLANG_TIDY_BUGPRONE_REDUNDANT_BRANCH_CONDITION=NO
    export CLANG_TIDY_MISC_REDUNDANT_EXPRESSION=NO
    export CLANG_TRIVIAL_AUTO_VAR_INIT=default
    export CLANG_UNDEFINED_BEHAVIOR_SANITIZER=
    export CLANG_UNDEFINED_BEHAVIOR_SANITIZER_INTEGER=NO
    export CLANG_UNDEFINED_BEHAVIOR_SANITIZER_NULLABILITY=NO
    export CLANG_UNDEFINED_BEHAVIOR_SANITIZER_TRAP_ON_SECURITY_ISSUES=NO
    export CLANG_UNDEFINED_BEHAVIOR_SANITIZER_TRAP_ON_SECURITY_ISSUES_OPT=YES
    export CLANG_USE_OPTIMIZATION_PROFILE=NO
    export CLANG_USE_RESPONSE_FILE=YES
    export CLANG_WARN_ASSIGN_ENUM=NO
    export CLANG_WARN_ATOMIC_IMPLICIT_SEQ_CST=NO
    export CLANG_WARN_BLOCK_CAPTURE_AUTORELEASING=YES
    export CLANG_WARN_BOOL_CONVERSION=YES
    export CLANG_WARN_COMMA=YES
    export CLANG_WARN_COMPLETION_HANDLER_MISUSE=NO
    export CLANG_WARN_CONSTANT_CONVERSION=YES
    export CLANG_WARN_CXX0X_EXTENSIONS=NO
    export CLANG_WARN_DELETE_NON_VIRTUAL_DTOR=YES
    export CLANG_WARN_DEPRECATED_OBJC_IMPLEMENTATIONS=YES
    export CLANG_WARN_DIRECT_OBJC_ISA_USAGE=YES_ERROR
    export CLANG_WARN_DOCUMENTATION_COMMENTS=NO
    export CLANG_WARN_EMPTY_BODY=YES
    export CLANG_WARN_ENUM_CONVERSION=YES
    export CLANG_WARN_FLOAT_CONVERSION=NO
    export CLANG_WARN_FRAMEWORK_INCLUDE_PRIVATE_FROM_PUBLIC=NO
    export CLANG_WARN_IMPLICIT_FALLTHROUGH=NO
    export CLANG_WARN_IMPLICIT_SIGN_CONVERSION=NO
    export CLANG_WARN_INFINITE_RECURSION=YES
    export CLANG_WARN_INT_CONVERSION=YES
    export CLANG_WARN_MISSING_NOESCAPE=YES
    export CLANG_WARN_NON_LITERAL_NULL_CONVERSION=YES
    export CLANG_WARN_NULLABLE_TO_NONNULL_CONVERSION=NO
    export CLANG_WARN_OBJC_EXPLICIT_OWNERSHIP_TYPE=NO
    export CLANG_WARN_OBJC_IMPLICIT_ATOMIC_PROPERTIES=NO
    export CLANG_WARN_OBJC_IMPLICIT_RETAIN_SELF=YES
    export CLANG_WARN_OBJC_INTERFACE_IVARS=NO
    export CLANG_WARN_OBJC_LITERAL_CONVERSION=YES
    export CLANG_WARN_OBJC_MISSING_PROPERTY_SYNTHESIS=NO
    export CLANG_WARN_OBJC_REPEATED_USE_OF_WEAK=NO
    export CLANG_WARN_OBJC_ROOT_CLASS=YES_ERROR
    export CLANG_WARN_PRAGMA_PACK=YES
    export CLANG_WARN_PRIVATE_MODULE=YES
    export CLANG_WARN_QUOTED_INCLUDE_IN_FRAMEWORK_HEADER=NO
    export CLANG_WARN_RANGE_LOOP_ANALYSIS=YES
    export CLANG_WARN_SEMICOLON_BEFORE_METHOD_BODY=NO
    export CLANG_WARN_STRICT_PROTOTYPES=YES
    export CLANG_WARN_SUSPICIOUS_IMPLICIT_CONVERSION=NO
    export CLANG_WARN_SUSPICIOUS_MOVE=YES
    export CLANG_WARN_UNGUARDED_AVAILABILITY=YES
    export CLANG_WARN_UNREACHABLE_CODE=YES
    export CLANG_WARN_UNSAFE_BUFFER_USAGE=DEFAULT
    export CLANG_WARN_VEXING_PARSE=YES
    export CLANG_WARN_XNU_TYPED_ALLOCATORS=DEFAULT
    export CLANG_WARN__ARC_BRIDGE_CAST_NONARC=YES
    export CLANG_WARN__DUPLICATE_METHOD_MATCH=YES
    export CLANG_WARN__EXIT_TIME_DESTRUCTORS=NO
    export CLANG_X86_VECTOR_INSTRUCTIONS=default
    export CLANG__INPUT_FILE_LIST_PATH__=
    export CLASS_FILE_DIR=/Users/jose/src/work/hydracamv2/build/ios-icon-profile-keepeyeonball-ipad/Build/Intermediates.noindex/Runner.build/Profile-iphoneos/Runner.build/JavaClasses
    export CLEAN_PRECOMPS=YES
    export CLONE_HEADERS=NO
    export COCOAPODS_PARALLEL_CODE_SIGN=true
    export CODESIGNING_FOLDER_PATH=/Users/jose/src/work/hydracamv2/build/ios-icon-profile-keepeyeonball-ipad/Build/Products/Profile-iphoneos/Runner.app
    export CODEX_CI=1
    export CODEX_INTERNAL_ORIGINATOR_OVERRIDE="Codex Desktop"
    export CODEX_SHELL=1
    export CODEX_THREAD_ID=019eaa13-8366-7a61-a196-117eb23dc3bc
    export CODE_SIGNING_ALLOWED=YES
    export CODE_SIGNING_REQUIRED=YES
    export CODE_SIGN_CONTEXT_CLASS=XCiPhoneOSCodeSignContext
    export CODE_SIGN_ENTITLEMENTS=
    export CODE_SIGN_IDENTITY="iPhone Developer"
    export CODE_SIGN_INJECT_BASE_ENTITLEMENTS=YES
    export CODE_SIGN_KEYCHAIN=
    export CODE_SIGN_LOCAL_EXECUTION_IDENTITY=
    export CODE_SIGN_RESOURCE_RULES_IN_BUNDLE=
    export CODE_SIGN_STYLE=Automatic
    export COHORT_ARCHS=
    export COHORT_BASE_ARCH=
    export COLORTERM=
    export COLOR_DIAGNOSTICS=NO
    export COMBINE_HIDPI_IMAGES=NO
    export COMMAND_MODE=unix2003
    export COMPILATION_CACHE_ENABLE_CACHING=
    export COMPILATION_CACHE_ENABLE_DIAGNOSTIC_REMARKS=
    export COMPILER_INDEX_STORE_ENABLE=Default
    export COMPOSITE_SDK_DIRS=/Users/jose/src/work/hydracamv2/build/ios-icon-profile-keepeyeonball-ipad/Build/Intermediates.noindex/CompositeSDKs
    export COMPRESS_PNG_FILES=YES
    export COMPRESS_TIFF_FILES_WHILE_COPYING=NO
    export CONFIGURATION=Profile
    export CONFIGURATION_BUILD_DIR=/Users/jose/src/work/hydracamv2/build/ios-icon-profile-keepeyeonball-ipad/Build/Products/Profile-iphoneos
    export CONFIGURATION_TEMP_DIR=/Users/jose/src/work/hydracamv2/build/ios-icon-profile-keepeyeonball-ipad/Build/Intermediates.noindex/Runner.build/Profile-iphoneos
    export CONTENTS_FOLDER_PATH=Runner.app
    export CONTENTS_FOLDER_PATH_SHALLOW_BUNDLE_NO=Runner.app/Contents
    export CONTENTS_FOLDER_PATH_SHALLOW_BUNDLE_YES=Runner.app
    export COPYING_PRESERVES_HFS_DATA=NO
    export COPY_HEADERS_RUN_UNIFDEF=NO
    export COPY_HEADERS_UNIFDEF_FLAGS=
    export COPY_PHASE_STRIP=NO
    export COREML_CODEGEN_LANGUAGE=Automatic
    export COREML_CODEGEN_SWIFT_GLOBAL_MODULE=NO
    export COREML_CODEGEN_SWIFT_VERSION=5.0
    export COREML_COMPILER_CONTAINER=bundle-resources
    export COREML_COMPILER_INFOPLIST_CONTENT_FILE=/Users/jose/src/work/hydracamv2/build/ios-icon-profile-keepeyeonball-ipad/Build/Intermediates.noindex/Runner.build/Profile-iphoneos/Runner.build/-CoreMLPartialInfo.plist
    export COREML_DEPLOYMENT_TARGET=13.0
    export COREML_DEPLOYMENT_TARGET__NO=13.0
    export COREML_DEPLOYMENT_TARGET__YES=13.0
    export COREML_PLATFORM_NAME=ios
    export COREML_PLATFORM_NAME__NO=ios
    export COREML_PLATFORM_NAME__YES=maccatalyst
    export CORRESPONDING_SIMULATOR_PLATFORM_DIR=/Applications/Xcode.app/Contents/Developer/Platforms/iPhoneSimulator.platform
    export CORRESPONDING_SIMULATOR_PLATFORM_NAME=iphonesimulator
    export CORRESPONDING_SIMULATOR_SDK_DIR=/Applications/Xcode.app/Contents/Developer/Platforms/iPhoneSimulator.platform/Developer/SDKs/iPhoneSimulator26.5.sdk
    export CORRESPONDING_SIMULATOR_SDK_NAME=iphonesimulator26.5
    export CP=/bin/cp
    export CPP_HEADERMAP_FILE=/Users/jose/src/work/hydracamv2/build/ios-icon-profile-keepeyeonball-ipad/Build/Intermediates.noindex/Runner.build/Profile-iphoneos/Runner.build/Runner.hmap
    export CPP_HEADERMAP_FILE_FOR_ALL_NON_FRAMEWORK_TARGET_HEADERS=/Users/jose/src/work/hydracamv2/build/ios-icon-profile-keepeyeonball-ipad/Build/Intermediates.noindex/Runner.build/Profile-iphoneos/Runner.build/Runner-all-non-framework-target-headers.hmap
    export CPP_HEADERMAP_FILE_FOR_ALL_TARGET_HEADERS=/Users/jose/src/work/hydracamv2/build/ios-icon-profile-keepeyeonball-ipad/Build/Intermediates.noindex/Runner.build/Profile-iphoneos/Runner.build/Runner-all-target-headers.hmap
    export CPP_HEADERMAP_FILE_FOR_GENERATED_FILES=/Users/jose/src/work/hydracamv2/build/ios-icon-profile-keepeyeonball-ipad/Build/Intermediates.noindex/Runner.build/Profile-iphoneos/Runner.build/Runner-generated-files.hmap
    export CPP_HEADERMAP_FILE_FOR_OWN_TARGET_HEADERS=/Users/jose/src/work/hydracamv2/build/ios-icon-profile-keepeyeonball-ipad/Build/Intermediates.noindex/Runner.build/Profile-iphoneos/Runner.build/Runner-own-target-headers.hmap
    export CPP_HEADERMAP_FILE_FOR_PROJECT_FILES=/Users/jose/src/work/hydracamv2/build/ios-icon-profile-keepeyeonball-ipad/Build/Intermediates.noindex/Runner.build/Profile-iphoneos/Runner.build/Runner-project-headers.hmap
    export CPP_HEADERMAP_PRODUCT_HEADERS_VFS_FILE=/Users/jose/src/work/hydracamv2/build/ios-icon-profile-keepeyeonball-ipad/Build/Intermediates.noindex/Runner.build/Profile-iphoneos/Runner--VFS-iphoneos/all-product-headers.yaml
    export CPP_HEADER_SYMLINKS_DIR=/Users/jose/src/work/hydracamv2/build/ios-icon-profile-keepeyeonball-ipad/Build/Intermediates.noindex/Runner.build/Profile-iphoneos/Runner.build/Runner.hdrs
    export CREATE_INFOPLIST_SECTION_IN_BINARY=NO
    export CURRENT_ARCH=undefined_arch
    export CURRENT_PROJECT_VERSION=16
    export CURRENT_VARIANT=normal
    export CURRENT_VERSION=
    export C_COMPILER_LAUNCHER=
    export CodeSignEntitlements=
    export CodeSignResourceRules=
    export DART_DEFINES=SFlEUkFDQU1fQVVUT01BVElPTj10cnVl,SFlEUkFDQU1fQVVUT01BVElPTl9QT1JUPTQ3NjI=,RkxVVFRFUl9WRVJTSU9OPTMuNDQuMQ==,RkxVVFRFUl9DSEFOTkVMPXN0YWJsZQ==,RkxVVFRFUl9HSVRfVVJMPWh0dHBzOi8vZ2l0aHViLmNvbS9mbHV0dGVyL2ZsdXR0ZXIuZ2l0,RkxVVFRFUl9GUkFNRVdPUktfUkVWSVNJT049OTI0MTM0YTQ0Yw==,RkxVVFRFUl9FTkdJTkVfUkVWSVNJT049YzQxNmFjZmViOA==,RkxVVFRFUl9EQVJUX1ZFUlNJT049My4xMi4x
    export DART_OBFUSCATION=false
    export DEAD_CODE_STRIPPING=YES
    export DEBUGGING_SYMBOLS=YES
    export DEBUG_INFORMATION_FORMAT=dwarf-with-dsym
    export DEBUG_INFORMATION_VERSION=compiler-default
    export DEFAULT_COMPILER=com.apple.compilers.llvm.clang.1_0
    export DEFAULT_DEXT_INSTALL_PATH=/System/Library/DriverExtensions
    export DEFAULT_KEXT_INSTALL_PATH=/System/Library/Extensions
    export DEFAULT_SSE_LEVEL_3_NO=default
    export DEFAULT_SSE_LEVEL_3_SUPPLEMENTAL_NO=default
    export DEFAULT_SSE_LEVEL_3_SUPPLEMENTAL_YES=ssse3
    export DEFAULT_SSE_LEVEL_3_YES=sse3
    export DEFAULT_SSE_LEVEL_4_1_NO=default
    export DEFAULT_SSE_LEVEL_4_1_YES=sse4.1
    export DEFAULT_SSE_LEVEL_4_2_NO=default
    export DEFAULT_SSE_LEVEL_4_2_YES=sse4.2
    export DEFINES_MODULE=NO
    export DEPLOYMENT_LOCATION=NO
    export DEPLOYMENT_POSTPROCESSING=NO
    export DEPLOYMENT_TARGET=13.0
    export DEPLOYMENT_TARGET_SETTING_NAME=IPHONEOS_DEPLOYMENT_TARGET
    export DEPLOYMENT_TARGET_SUGGESTED_VALUES="12.0 12.1 12.2 12.3 12.4 13.0 13.1 13.2 13.3 13.4 13.5 13.6 14.0 14.1 14.2 14.3 14.4 14.5 14.6 14.7 15.0 15.1 15.2 15.3 15.4 15.5 15.6 16.0 16.1 16.2 16.3 16.4 16.5 16.6 17.0 17.1 17.2 17.3 17.4 17.5 17.6 18.0 18.1 18.2 18.3 18.4 18.5 18.6 26.0 26.2 26.3 26.4 26.5"
    export DERIVED_DATA_DIR=/Users/jose/src/work/hydracamv2/build/ios-icon-profile-keepeyeonball-ipad
    export DERIVED_DATA_PATH=build/ios-icon-profile-keepeyeonball-ipad
    export DERIVED_FILES_DIR=/Users/jose/src/work/hydracamv2/build/ios-icon-profile-keepeyeonball-ipad/Build/Intermediates.noindex/Runner.build/Profile-iphoneos/Runner.build/DerivedSources
    export DERIVED_FILE_DIR=/Users/jose/src/work/hydracamv2/build/ios-icon-profile-keepeyeonball-ipad/Build/Intermediates.noindex/Runner.build/Profile-iphoneos/Runner.build/DerivedSources
    export DERIVED_PATHS=
    export DERIVED_SOURCES_DIR=/Users/jose/src/work/hydracamv2/build/ios-icon-profile-keepeyeonball-ipad/Build/Intermediates.noindex/Runner.build/Profile-iphoneos/Runner.build/DerivedSources
    export DERIVE_MACCATALYST_PRODUCT_BUNDLE_IDENTIFIER=NO
    export DEVELOPER_APPLICATIONS_DIR=/Applications/Xcode.app/Contents/Developer/Applications
    export DEVELOPER_BIN_DIR=/Applications/Xcode.app/Contents/Developer/usr/bin
    export DEVELOPER_DIR=/Applications/Xcode.app/Contents/Developer
    export DEVELOPER_FRAMEWORKS_DIR=/Applications/Xcode.app/Contents/Developer/Library/Frameworks
    export DEVELOPER_FRAMEWORKS_DIR_QUOTED=/Applications/Xcode.app/Contents/Developer/Library/Frameworks
    export DEVELOPER_LIBRARY_DIR=/Applications/Xcode.app/Contents/Developer/Library
    export DEVELOPER_SDK_DIR=/Applications/Xcode.app/Contents/Developer/Platforms/MacOSX.platform/Developer/SDKs
    export DEVELOPER_TOOLS_DIR=/Applications/Xcode.app/Contents/Developer/Tools
    export DEVELOPER_USR_DIR=/Applications/Xcode.app/Contents/Developer/usr
    export DEVELOPMENT_ASSET_PATHS=
    export DEVELOPMENT_LANGUAGE=en
    export DEVELOPMENT_TEAM=4RRY2QT7H8
    export DEVICE_NAME="iPad (5)"
    export DIFF=/usr/bin/diff
    export DISABLE_AUTO_UPDATE=true
    export DOCC_ANALYZE_DIAGNOSTICS=NO
    export DOCC_ARCHIVE_PATH=/Users/jose/src/work/hydracamv2/build/ios-icon-profile-keepeyeonball-ipad/Build/Products/Profile-iphoneos/Runner.doccarchive
    export DOCC_CATALOG_DISPLAY_NAME=Runner
    export DOCC_CATALOG_IDENTIFIER=com.keepeyeonball
    export DOCC_DIAGNOSTICS_FILE=/Users/jose/src/work/hydracamv2/build/ios-icon-profile-keepeyeonball-ipad/Build/Intermediates.noindex/Runner.build/Profile-iphoneos/Runner.build/Runner-diagnostics.json
    export DOCC_EMIT_FIXITS=YES
    export DOCC_ENABLE_CXX_SUPPORT=YES
    export DOCC_EXEC=docc
    export DOCC_EXTRACT_EXTENSION_SYMBOLS=YES
    export DOCC_EXTRACT_OBJC_INFO_FOR_SWIFT_SYMBOLS=NO
    export DOCC_EXTRACT_SPI_DOCUMENTATION=NO
    export DOCC_EXTRACT_SWIFT_INFO_FOR_OBJC_SYMBOLS=NO
    export DOCC_HOSTING_BASE_PATH=
    export DOCC_IDE_CONSOLE_OUTPUT=YES
    export DOCC_MINIMUM_ACCESS_LEVEL=none
    export DOCC_OUTPUT_DIGEST_INFORMATION=NO
    export DOCC_OUTPUT_DIR=/Users/jose/src/work/hydracamv2/build/ios-icon-profile-keepeyeonball-ipad/Build/Products/Profile-iphoneos
    export DOCC_OUTPUT_NAVIGATOR_INDEX=YES
    export DOCC_PRETTY_PRINT=NO
    export DOCC_SKIP_INHERITED_DOCS=NO
    export DOCC_SKIP_SYNTHESIZED_MEMBERS=NO
    export DOCC_TEMPLATE_PATH=
    export DOCC_TRANSFORM_FOR_STATIC_HOSTING=YES
    export DOCUMENTATION_FOLDER_PATH=Runner.app/en.lproj/Documentation
    export DONT_GENERATE_INFOPLIST_FILE=NO
    export DRIVERKIT_DEPLOYMENT_TARGET=20.4
    export DSTROOT=/tmp/Runner.dst
    export DSYMUTIL_DSYM_SEARCH_PATHS=
    export DSYMUTIL_QUIET_OPERATION=NO
    export DSYMUTIL_VARIANT_SUFFIX=
    export DSYMUTIL_VERBOSE=NO
    export DTRACE_OTHER_FLAGS=
    export DTRACE_OUTPUT_FILE_TYPE=Header
    export DT_TOOLCHAIN_DIR=/Applications/Xcode.app/Contents/Developer/Toolchains/XcodeDefault.xctoolchain
    export DUMP_DEPENDENCIES=NO
    export DUMP_DEPENDENCIES_OUTPUT_PATH=/Users/jose/src/work/hydracamv2/build/ios-icon-profile-keepeyeonball-ipad/Build/Intermediates.noindex/Runner.build/Profile-iphoneos/Runner.build/Runner-BuildDependencyInfo.json
    export DWARF_DSYM_FILE_NAME=Runner.app.dSYM
    export DWARF_DSYM_FILE_SHOULD_ACCOMPANY_PRODUCT=NO
    export DWARF_DSYM_FOLDER_PATH=/Users/jose/src/work/hydracamv2/build/ios-icon-profile-keepeyeonball-ipad/Build/Products/Profile-iphoneos
    export DYLIB_COMPATIBILITY_VERSION=
    export DYLIB_CURRENT_VERSION=
    export DYLIB_INSTALL_NAME_BASE=
    export EAGER_COMPILATION_ALLOW_SCRIPTS=NO
    export EAGER_LINKING=NO
    export EFFECTIVE_PLATFORM_NAME=-iphoneos
    export EFFECTIVE_PLATFORM_SUFFIX=os
    export EFFECTIVE_TOOLCHAINS_DIRS=/Applications/Xcode.app/Contents/Developer/Toolchains/XcodeDefault.xctoolchain
    export EMBEDDED_CONTENT_CONTAINS_SWIFT=NO
    export EMBEDDED_PROFILE_NAME=embedded.mobileprovision
    export EMBED_ASSET_PACKS_IN_PRODUCT_BUNDLE=NO
    export ENABLE_APPINTENTS_DEPLOYMENT_AWARE_PROCESSING=YES
    export ENABLE_APPLE_KEXT_CODE_GENERATION=NO
    export ENABLE_APP_SANDBOX=NO
    export ENABLE_ASSISTANT_INTENTS_PROVIDER_VALIDATION=YES
    export ENABLE_BITCODE=NO
    export ENABLE_CODE_COVERAGE=YES
    export ENABLE_COHORT_ARCHS=NO
    export ENABLE_CPLUSPLUS_BOUNDS_SAFE_BUFFERS=NO
    export ENABLE_C_BOUNDS_SAFETY=NO
    export ENABLE_DEBUG_DYLIB=YES
    export ENABLE_DEFAULT_HEADER_SEARCH_PATHS=YES
    export ENABLE_DEFAULT_SEARCH_PATHS=YES
    export ENABLE_ENHANCED_SECURITY=NO
    export ENABLE_FILE_ACCESS_DOWNLOADS_FOLDER=
    export ENABLE_FILE_ACCESS_MOVIES_FOLDER=
    export ENABLE_FILE_ACCESS_MUSIC_FOLDER=
    export ENABLE_FILE_ACCESS_PICTURE_FOLDER=
    export ENABLE_HARDENED_RUNTIME=NO
    export ENABLE_HEADER_DEPENDENCIES=YES
    export ENABLE_INCOMING_NETWORK_CONNECTIONS=NO
    export ENABLE_INCREMENTAL_DISTILL=NO
    export ENABLE_MODULE_VERIFIER=YES
    export ENABLE_NS_ASSERTIONS=NO
    export ENABLE_ONLY_ACTIVE_RESOURCES=YES
    export ENABLE_ON_DEMAND_RESOURCES=YES
    export ENABLE_OUTGOING_NETWORK_CONNECTIONS=NO
    export ENABLE_POINTER_AUTHENTICATION=NO
    export ENABLE_PREVIEWS=
    export ENABLE_RESOURCE_ACCESS_AUDIO_INPUT=NO
    export ENABLE_RESOURCE_ACCESS_BLUETOOTH=NO
    export ENABLE_RESOURCE_ACCESS_CALENDARS=NO
    export ENABLE_RESOURCE_ACCESS_CAMERA=NO
    export ENABLE_RESOURCE_ACCESS_CONTACTS=NO
    export ENABLE_RESOURCE_ACCESS_LOCATION=NO
    export ENABLE_RESOURCE_ACCESS_PHOTO_LIBRARY=NO
    export ENABLE_RESOURCE_ACCESS_PRINTING=NO
    export ENABLE_RESOURCE_ACCESS_USB=NO
    export ENABLE_SDK_IMPORTS=NO
    export ENABLE_SECURITY_COMPILER_WARNINGS=NO
    export ENABLE_STRICT_OBJC_MSGSEND=YES
    export ENABLE_SWIFT_6_UPCOMING_FEATURES_IN_SWIFT_VERSION_6_0=YES
    export ENABLE_SYSTEM_SANITIZERS=
    export ENABLE_TESTABILITY=NO
    export ENABLE_TESTING_SEARCH_PATHS=NO
    export ENABLE_USER_SCRIPT_SANDBOXING=NO
    export ENABLE_USER_SELECTED_FILES=
    export ENFORCE_VALID_ARCHS=YES
    export ENTITLEMENTS_ALLOWED=YES
    export ENTITLEMENTS_DESTINATION=Signature
    export ENTITLEMENTS_REQUIRED=NO
    export EXCLUDED_ARCHS=armv7
    export EXCLUDED_EXPLICIT_TARGET_DEPENDENCIES=
    export EXCLUDED_INSTALLSRC_SUBDIRECTORY_PATTERNS=".DS_Store .svn .git .hg CVS"
    export EXCLUDED_RECURSIVE_SEARCH_PATH_SUBDIRECTORIES="*.nib *.lproj *.framework *.gch *.xcode* *.xcassets *.icon (*) .DS_Store CVS .svn .git .hg *.pbproj *.pbxproj"
    export EXCLUDED_SOURCE_FILE_NAMES=
    export EXECUTABLES_FOLDER_PATH=Runner.app/Executables
    export EXECUTABLE_EXTENSION=
    export EXECUTABLE_FOLDER_PATH=Runner.app
    export EXECUTABLE_FOLDER_PATH_SHALLOW_BUNDLE_NO=Runner.app/MacOS
    export EXECUTABLE_FOLDER_PATH_SHALLOW_BUNDLE_YES=Runner.app
    export EXECUTABLE_NAME=Runner
    export EXECUTABLE_PATH=Runner.app/Runner
    export EXECUTABLE_PREFIX=
    export EXECUTABLE_SUFFIX=
    export EXECUTABLE_VARIANT_SUFFIX=
    export EXPORTED_SYMBOLS_FILE=
    export EXTENSIONS_FOLDER_PATH=Runner.app/Extensions
    export ExpandBuildSettings=
    export FILE_LIST=/Users/jose/src/work/hydracamv2/build/ios-icon-profile-keepeyeonball-ipad/Build/Intermediates.noindex/Runner.build/Profile-iphoneos/Runner.build/Objects/LinkFileList
    export FIXED_FILES_DIR=/Users/jose/src/work/hydracamv2/build/ios-icon-profile-keepeyeonball-ipad/Build/Intermediates.noindex/Runner.build/Profile-iphoneos/Runner.build/FixedFiles
    export FLUTTER_APPLICATION_PATH=/Users/jose/src/work/hydracamv2
    export FLUTTER_BUILD_DIR=build
    export FLUTTER_BUILD_NAME=1.4.0
    export FLUTTER_BUILD_NUMBER=16
    export FLUTTER_FRAMEWORK_SWIFT_PACKAGE_PATH=/Users/jose/src/work/hydracamv2/ios/Flutter/ephemeral/Packages/.packages/FlutterFramework
    export FLUTTER_ROOT=/opt/homebrew/Caskroom/flutter/3.29.3/flutter
    export FLUTTER_TARGET=lib/main.dart
    export FPATH="/Users/jose/.oh-my-zsh/plugins/z:/Users/jose/.oh-my-zsh/plugins/flutter:/Users/jose/.oh-my-zsh/plugins/git:/Users/jose/.oh-my-zsh/functions:/Users/jose/.oh-my-zsh/completions:/Users/jose/.oh-my-zsh/custom/functions:/Users/jose/.oh-my-zsh/custom/completions:/Users/jose/.oh-my-zsh/cache/completions:/opt/homebrew/share/zsh/site-functions:/usr/local/share/zsh/site-functions:/usr/share/zsh/site-functions:/usr/share/zsh/5.9/functions"
    export FRAMEWORKS_FOLDER_PATH=Runner.app/Frameworks
    export FRAMEWORK_FLAG_PREFIX=-framework
    export FRAMEWORK_SEARCH_PATHS=" \"/Users/jose/src/work/hydracamv2/build/ios-icon-profile-keepeyeonball-ipad/Build/Products/Profile-iphoneos/disk_space_plus\" \"/Users/jose/src/work/hydracamv2/build/ios-icon-profile-keepeyeonball-ipad/Build/Products/Profile-iphoneos/permission_handler_apple\" \"/Users/jose/src/work/hydracamv2/build/ios-icon-profile-keepeyeonball-ipad/Build/Products/Profile-iphoneos/photo_manager\""
    export FRAMEWORK_VERSION=A
    export FULL_PRODUCT_NAME=Runner.app
    export FUSE_BUILD_PHASES=YES
    export FUSE_BUILD_SCRIPT_PHASES=NO
    export GCC3_VERSION=3.3
    export GCC_CHAR_IS_UNSIGNED_CHAR=NO
    export GCC_CW_ASM_SYNTAX=YES
    export GCC_C_LANGUAGE_STANDARD=gnu99
    export GCC_DEBUG_INFORMATION_FORMAT=dwarf-with-dsym
    export GCC_DEBUG_INFORMATION_VERSION=compiler-default
    export GCC_DYNAMIC_NO_PIC=NO
    export GCC_ENABLE_ASM_KEYWORD=YES
    export GCC_ENABLE_BUILTIN_FUNCTIONS=YES
    export GCC_ENABLE_CPP_EXCEPTIONS=YES
    export GCC_ENABLE_CPP_RTTI=YES
    export GCC_ENABLE_EXCEPTIONS=NO
    export GCC_ENABLE_FLOATING_POINT_LIBRARY_CALLS=NO
    export GCC_ENABLE_KERNEL_DEVELOPMENT=NO
    export GCC_ENABLE_OBJC_EXCEPTIONS=YES
    export GCC_ENABLE_PASCAL_STRINGS=YES
    export GCC_ENABLE_SSE3_EXTENSIONS=NO
    export GCC_ENABLE_SSE41_EXTENSIONS=NO
    export GCC_ENABLE_SSE42_EXTENSIONS=NO
    export GCC_ENABLE_SUPPLEMENTAL_SSE3_INSTRUCTIONS=NO
    export GCC_ENABLE_TRIGRAPHS=NO
    export GCC_FAST_MATH=NO
    export GCC_GENERATE_DEBUGGING_SYMBOLS=YES
    export GCC_GENERATE_TEST_COVERAGE_FILES=NO
    export GCC_INCREASE_PRECOMPILED_HEADER_SHARING=NO
    export GCC_INLINES_ARE_PRIVATE_EXTERN=YES
    export GCC_INPUT_FILETYPE=automatic
    export GCC_INSTRUMENT_PROGRAM_FLOW_ARCS=NO
    export GCC_LINK_WITH_DYNAMIC_LIBRARIES=YES
    export GCC_NO_COMMON_BLOCKS=YES
    export GCC_OBJC_ABI_VERSION=
    export GCC_OBJC_LEGACY_DISPATCH=NO
    export GCC_OPERATION=compile
    export GCC_OPTIMIZATION_LEVEL=s
    export GCC_PFE_FILE_C_DIALECTS="c objective-c c++ objective-c++"
    export GCC_PRECOMPILE_PREFIX_HEADER=
    export GCC_PREFIX_HEADER=
    export GCC_PREPROCESSOR_DEFINITIONS=" COCOAPODS=1"
    export GCC_PREPROCESSOR_DEFINITIONS_NOT_USED_IN_PRECOMPS=
    export GCC_PRODUCT_TYPE_PREPROCESSOR_DEFINITIONS=
    export GCC_REUSE_STRINGS=YES
    export GCC_SHORT_ENUMS=NO
    export GCC_STRICT_ALIASING=YES
    export GCC_SYMBOLS_PRIVATE_EXTERN=YES
    export GCC_THREADSAFE_STATICS=YES
    export GCC_THUMB_SUPPORT=YES
    export GCC_TREAT_IMPLICIT_FUNCTION_DECLARATIONS_AS_ERRORS=NO
    export GCC_TREAT_INCOMPATIBLE_POINTER_TYPE_WARNINGS_AS_ERRORS=NO
    export GCC_TREAT_WARNINGS_AS_ERRORS=NO
    export GCC_UNROLL_LOOPS=NO
    export GCC_USE_GCC3_PFE_SUPPORT=
    export GCC_USE_STANDARD_INCLUDE_SEARCHING=YES
    export GCC_VERSION=
    export GCC_VERSION_IDENTIFIER=
    export GCC_WARN_64_TO_32_BIT_CONVERSION=YES
    export GCC_WARN_ABOUT_DEPRECATED_FUNCTIONS=YES
    export GCC_WARN_ABOUT_INVALID_OFFSETOF_MACRO=YES
    export GCC_WARN_ABOUT_MISSING_FIELD_INITIALIZERS=NO
    export GCC_WARN_ABOUT_MISSING_NEWLINE=NO
    export GCC_WARN_ABOUT_MISSING_PROTOTYPES=NO
    export GCC_WARN_ABOUT_POINTER_SIGNEDNESS=YES
    export GCC_WARN_ABOUT_RETURN_TYPE=YES_ERROR
    export GCC_WARN_ALLOW_INCOMPLETE_PROTOCOL=YES
    export GCC_WARN_CHECK_SWITCH_STATEMENTS=YES
    export GCC_WARN_FOUR_CHARACTER_CONSTANTS=NO
    export GCC_WARN_HIDDEN_VIRTUAL_FUNCTIONS=NO
    export GCC_WARN_INHIBIT_ALL_WARNINGS=NO
    export GCC_WARN_INITIALIZER_NOT_FULLY_BRACKETED=NO
    export GCC_WARN_MISSING_PARENTHESES=YES
    export GCC_WARN_MULTIPLE_DEFINITION_TYPES_FOR_SELECTOR=NO
    export GCC_WARN_NON_VIRTUAL_DESTRUCTOR=NO
    export GCC_WARN_PEDANTIC=NO
    export GCC_WARN_SHADOW=NO
    export GCC_WARN_SIGN_COMPARE=NO
    export GCC_WARN_STRICT_SELECTOR_MATCH=NO
    export GCC_WARN_TYPECHECK_CALLS_TO_PRINTF=YES
    export GCC_WARN_UNDECLARED_SELECTOR=YES
    export GCC_WARN_UNINITIALIZED_AUTOS=YES_AGGRESSIVE
    export GCC_WARN_UNKNOWN_PRAGMAS=NO
    export GCC_WARN_UNUSED_FUNCTION=YES
    export GCC_WARN_UNUSED_LABEL=NO
    export GCC_WARN_UNUSED_PARAMETER=NO
    export GCC_WARN_UNUSED_VALUE=YES
    export GCC_WARN_UNUSED_VARIABLE=YES
    export GENERATED_MODULEMAP_DIR=/Users/jose/src/work/hydracamv2/build/ios-icon-profile-keepeyeonball-ipad/Build/Intermediates.noindex/GeneratedModuleMaps-iphoneos
    export GENERATE_INFOPLIST_FILE=NO
    export GENERATE_INTERMEDIATE_TEXT_BASED_STUBS=YES
    export GENERATE_PKGINFO_FILE=YES
    export GENERATE_PRELINK_OBJECT_FILE=NO
    export GENERATE_PROFILING_CODE=NO
    export GENERATE_TEXT_BASED_STUBS=NO
    export GH_PAGER=cat
    export GID=20
    export GIT_PAGER=cat
    export GLOBAL_CFLAGS=
    export GROUP=staff
    export GeneratedPkgInfoFile=
    export HEADERMAP_FILE_FORMAT=traditional
    export HEADERMAP_INCLUDES_FLAT_ENTRIES_FOR_TARGET_BEING_BUILT=YES
    export HEADERMAP_INCLUDES_FRAMEWORK_ENTRIES_FOR_ALL_PRODUCT_TYPES=YES
    export HEADERMAP_INCLUDES_FRAMEWORK_ENTRIES_FOR_TARGETS_NOT_BEING_BUILT=YES
    export HEADERMAP_INCLUDES_NONPUBLIC_NONPRIVATE_HEADERS=YES
    export HEADERMAP_INCLUDES_PROJECT_HEADERS=YES
    export HEADERMAP_USES_FRAMEWORK_PREFIX_ENTRIES=YES
    export HEADERMAP_USES_VFS=NO
    export HEADER_DEPENDENCIES=
    export HEADER_SEARCH_PATHS=" \"/Users/jose/src/work/hydracamv2/build/ios-icon-profile-keepeyeonball-ipad/Build/Products/Profile-iphoneos/disk_space_plus/disk_space_plus.framework/Headers\" \"/Users/jose/src/work/hydracamv2/build/ios-icon-profile-keepeyeonball-ipad/Build/Products/Profile-iphoneos/permission_handler_apple/permission_handler_apple.framework/Headers\" \"/Users/jose/src/work/hydracamv2/build/ios-icon-profile-keepeyeonball-ipad/Build/Products/Profile-iphoneos/photo_manager/photo_manager.framework/Headers\""
    export HOME=/Users/jose
    export HOMEBREW_CELLAR=/opt/homebrew/Cellar
    export HOMEBREW_PREFIX=/opt/homebrew
    export HOMEBREW_REPOSITORY=/opt/homebrew
    export HOST_ARCH=arm64e
    export IBC_COMPILATION_MODE_FOR_IOS=
    export IBC_COMPILER_AUTO_ACTIVATE_CUSTOM_FONTS=YES
    export IBC_COMPILER_USE_NIBKEYEDARCHIVER_FOR_MACOS=NO
    export IBC_ERRORS=YES
    export IBC_EXEC=ibtool
    export IBC_FLATTEN_NIBS=YES
    export IBC_MODULE=Runner
    export IBC_NOTICES=YES
    export IBC_OTHER_FLAGS=
    export IBC_OVERRIDING_PLUGINS_AND_FRAMEWORKS_DIR=
    export IBC_PLUGINS=
    export IBC_PLUGIN_SEARCH_PATHS=
    export IBC_REGIONS_AND_STRINGS_FILES=
    export IBC_STRIP_NIBS=YES
    export IBC_WARNINGS=YES
    export IBSC_COMPILATION_MODE_FOR_IOS=
    export IBSC_COMPILER_AUTO_ACTIVATE_CUSTOM_FONTS=YES
    export IBSC_COMPILER_USE_NIBKEYEDARCHIVER_FOR_MACOS=NO
    export IBSC_ERRORS=YES
    export IBSC_FLATTEN_NIBS=YES
    export IBSC_MODULE=Runner
    export IBSC_NOTICES=YES
    export IBSC_OTHER_FLAGS=
    export IBSC_REGIONS_AND_STRINGS_FILES=
    export IBSC_STRIP_NIBS=YES
    export IBSC_WARNINGS=YES
    export ICONV=/usr/bin/iconv
    export IIG_CXX_LANGUAGE_STANDARD=gnu++0x
    export IIG_DERIVED_FILE_DIR=/Users/jose/src/work/hydracamv2/build/ios-icon-profile-keepeyeonball-ipad/Build/Intermediates.noindex/Runner.build/Profile-iphoneos/Runner.build/DerivedSources/Runner
    export IIG_EXEC=iig
    export IIG_FRAMEWORK_NAME=Runner
    export IIG_HEADERS_DIR=/Users/jose/src/work/hydracamv2/build/ios-icon-profile-keepeyeonball-ipad/Build/Intermediates.noindex/Runner.build/Profile-iphoneos/Runner.build/DerivedSources/Runner
    export IIG_IMPLEMENTATION_DIR=/Users/jose/src/work/hydracamv2/build/ios-icon-profile-keepeyeonball-ipad/Build/Intermediates.noindex/Runner.build/Profile-iphoneos/Runner.build/DerivedSources/Runner
    export IIG_PREPROCESSOR_DEFINITIONS=__IIG=1
    export IMPLICIT_DEPENDENCY_DOMAIN=default
    export INCLUDED_EXPLICIT_TARGET_DEPENDENCIES=
    export INCLUDED_RECURSIVE_SEARCH_PATH_SUBDIRECTORIES=
    export INCLUDED_SOURCE_FILE_NAMES=
    export INDEX_DATA_STORE_DIR=/Users/jose/src/work/hydracamv2/build/ios-icon-profile-keepeyeonball-ipad/Index.noindex/DataStore
    export INDEX_ENABLE_DATA_STORE=YES
    export INDEX_PRECOMPS_DIR=/Users/jose/src/work/hydracamv2/build/ios-icon-profile-keepeyeonball-ipad/Index.noindex/PrecompiledHeaders
    export INDEX_STORE_COMPRESS=NO
    export INDEX_STORE_ONLY_PROJECT_FILES=NO
    export INFOPATH="/opt/homebrew/share/info:/opt/homebrew/share/info:"
    export INFOPLIST_ENABLE_CFBUNDLEICONS_MERGE=YES
    export INFOPLIST_EXPAND_BUILD_SETTINGS=YES
    export INFOPLIST_FILE=Runner/Info.plist
    export INFOPLIST_KEY_CFBundleDisplayName=
    export INFOPLIST_KEY_CLKComplicationPrincipalClass=
    export INFOPLIST_KEY_GCSupportsControllerUserInteraction=
    export INFOPLIST_KEY_GCSupportsGameMode=
    export INFOPLIST_KEY_ITSAppUsesNonExemptEncryption=
    export INFOPLIST_KEY_ITSEncryptionExportComplianceCode=
    export INFOPLIST_KEY_LSApplicationCategoryType=
    export INFOPLIST_KEY_LSBackgroundOnly=
    export INFOPLIST_KEY_LSSupportsOpeningDocumentsInPlace=
    export INFOPLIST_KEY_LSUIElement=
    export INFOPLIST_KEY_MetalCaptureEnabled=
    export INFOPLIST_KEY_NFCReaderUsageDescription=
    export INFOPLIST_KEY_NSAccessoryTrackingUsageDescription=
    export INFOPLIST_KEY_NSAppDataUsageDescription=
    export INFOPLIST_KEY_NSAppleEventsUsageDescription=
    export INFOPLIST_KEY_NSAppleMusicUsageDescription=
    export INFOPLIST_KEY_NSBluetoothAlwaysUsageDescription=
    export INFOPLIST_KEY_NSBluetoothPeripheralUsageDescription=
    export INFOPLIST_KEY_NSBluetoothWhileInUseUsageDescription=
    export INFOPLIST_KEY_NSCalendarsFullAccessUsageDescription=
    export INFOPLIST_KEY_NSCalendarsUsageDescription=
    export INFOPLIST_KEY_NSCalendarsWriteOnlyAccessUsageDescription=
    export INFOPLIST_KEY_NSCameraUsageDescription=
    export INFOPLIST_KEY_NSContactsUsageDescription=
    export INFOPLIST_KEY_NSCriticalMessagingUsageDescription=
    export INFOPLIST_KEY_NSDesktopFolderUsageDescription=
    export INFOPLIST_KEY_NSDocumentsFolderUsageDescription=
    export INFOPLIST_KEY_NSDownloadsFolderUsageDescription=
    export INFOPLIST_KEY_NSFaceIDUsageDescription=
    export INFOPLIST_KEY_NSFallDetectionUsageDescription=
    export INFOPLIST_KEY_NSFileProviderDomainUsageDescription=
    export INFOPLIST_KEY_NSFileProviderPresenceUsageDescription=
    export INFOPLIST_KEY_NSFinancialDataUsageDescription=
    export INFOPLIST_KEY_NSFocusStatusUsageDescription=
    export INFOPLIST_KEY_NSGKFriendListUsageDescription=
    export INFOPLIST_KEY_NSHandsTrackingUsageDescription=
    export INFOPLIST_KEY_NSHealthClinicalHealthRecordsShareUsageDescription=
    export INFOPLIST_KEY_NSHealthShareUsageDescription=
    export INFOPLIST_KEY_NSHealthUpdateUsageDescription=
    export INFOPLIST_KEY_NSHomeKitUsageDescription=
    export INFOPLIST_KEY_NSHumanReadableCopyright=
    export INFOPLIST_KEY_NSIdentityUsageDescription=
    export INFOPLIST_KEY_NSLocalNetworkUsageDescription=
    export INFOPLIST_KEY_NSLocationAlwaysAndWhenInUseUsageDescription=
    export INFOPLIST_KEY_NSLocationAlwaysUsageDescription=
    export INFOPLIST_KEY_NSLocationTemporaryUsageDescriptionDictionary=
    export INFOPLIST_KEY_NSLocationUsageDescription=
    export INFOPLIST_KEY_NSLocationWhenInUseUsageDescription=
    export INFOPLIST_KEY_NSMainCameraUsageDescription=
    export INFOPLIST_KEY_NSMainNibFile=
    export INFOPLIST_KEY_NSMainStoryboardFile=
    export INFOPLIST_KEY_NSMicrophoneUsageDescription=
    export INFOPLIST_KEY_NSMotionUsageDescription=
    export INFOPLIST_KEY_NSNearbyInteractionAllowOnceUsageDescription=
    export INFOPLIST_KEY_NSNearbyInteractionUsageDescription=
    export INFOPLIST_KEY_NSNetworkVolumesUsageDescription=
    export INFOPLIST_KEY_NSPhotoLibraryAddUsageDescription=
    export INFOPLIST_KEY_NSPhotoLibraryUsageDescription=
    export INFOPLIST_KEY_NSPrincipalClass=
    export INFOPLIST_KEY_NSRemindersFullAccessUsageDescription=
    export INFOPLIST_KEY_NSRemindersUsageDescription=
    export INFOPLIST_KEY_NSRemovableVolumesUsageDescription=
    export INFOPLIST_KEY_NSSensorKitPrivacyPolicyURL=
    export INFOPLIST_KEY_NSSensorKitUsageDescription=
    export INFOPLIST_KEY_NSSiriUsageDescription=
    export INFOPLIST_KEY_NSSpeechRecognitionUsageDescription=
    export INFOPLIST_KEY_NSStickerSharingLevel=
    export INFOPLIST_KEY_NSSupportsLiveActivities=
    export INFOPLIST_KEY_NSSupportsLiveActivitiesFrequentUpdates=
    export INFOPLIST_KEY_NSSystemAdministrationUsageDescription=
    export INFOPLIST_KEY_NSSystemExtensionUsageDescription=
    export INFOPLIST_KEY_NSUserTrackingUsageDescription=
    export INFOPLIST_KEY_NSVideoSubscriberAccountUsageDescription=
    export INFOPLIST_KEY_NSVoIPUsageDescription=
    export INFOPLIST_KEY_NSWorldSensingUsageDescription=
    export INFOPLIST_KEY_OSBundleUsageDescription=
    export INFOPLIST_KEY_UIApplicationSceneManifest_Generation=
    export INFOPLIST_KEY_UIApplicationSupportsIndirectInputEvents=
    export INFOPLIST_KEY_UILaunchScreen_Generation=
    export INFOPLIST_KEY_UILaunchStoryboardName=
    export INFOPLIST_KEY_UIMainStoryboardFile=
    export INFOPLIST_KEY_UIRequiresFullScreen=
    export INFOPLIST_KEY_UIStatusBarHidden=
    export INFOPLIST_KEY_UIStatusBarStyle=
    export INFOPLIST_KEY_UISupportsDocumentBrowser=
    export INFOPLIST_KEY_UIUserInterfaceStyle=
    export INFOPLIST_KEY_WKCompanionAppBundleIdentifier=
    export INFOPLIST_KEY_WKExtensionDelegateClassName=
    export INFOPLIST_KEY_WKRunsIndependentlyOfCompanionApp=
    export INFOPLIST_KEY_WKWatchOnly=
    export INFOPLIST_OTHER_PREPROCESSOR_FLAGS=
    export INFOPLIST_OUTPUT_FORMAT=binary
    export INFOPLIST_PATH=Runner.app/Info.plist
    export INFOPLIST_PREFIX_HEADER=
    export INFOPLIST_PREPROCESS=NO
    export INFOPLIST_PREPROCESSOR_DEFINITIONS=
    export INFOSTRINGS_PATH=Runner.app/en.lproj/InfoPlist.strings
    export INIT_ROUTINE=
    export INLINE_PRIVATE_FRAMEWORKS=NO
    export INSTALLAPI_IGNORE_SKIP_INSTALL=YES
    export INSTALLHDRS_COPY_PHASE=NO
    export INSTALLHDRS_SCRIPT_PHASE=NO
    export INSTALL_DIR=/tmp/Runner.dst/Applications
    export INSTALL_GROUP=staff
    export INSTALL_MODE_FLAG=u+w,go-w,a+rX
    export INSTALL_OWNER=jose
    export INSTALL_PATH=/Applications
    export INSTALL_ROOT=/tmp/Runner.dst
    export INSTRUMENTS_PACKAGE_BUILDER=instrumentbuilder
    export INSTRUMENTS_PACKAGE_BUILDER_DEPENDENCY_INFO_FILE=/Users/jose/src/work/hydracamv2/build/ios-icon-profile-keepeyeonball-ipad/Build/Intermediates.noindex/Runner.build/Profile-iphoneos/Runner.build/instruments-package-builder.dependencies
    export INSTRUMENTS_PACKAGE_BUILDER_LINKED_PACKAGES=
    export INSTRUMENTS_PACKAGE_BUILDER_NO_SYSTEM_SEARCH=NO
    export INSTRUMENTS_PACKAGE_BUILDER_SEARCH_PATHS=/Users/jose/src/work/hydracamv2/build/ios-icon-profile-keepeyeonball-ipad/Build/Products/Profile-iphoneos
    export INSTRUMENTS_PACKAGE_BUILDER_VERSION_OVERRIDE=
    export INTENTS_CODEGEN_LANGUAGE=Automatic
    export IOS_DEVICE=0A947DBD-A462-5BAA-AB84-17F143D41619
    export IOS_XCODE_DESTINATION_ID=8b406aa5c597eab4c4dfd9908f4a09b10a89ec63
    export IPHONEOS_DEPLOYMENT_TARGET=13.0
    export IS_MACCATALYST=
    export InfoPlistPath=
    export JAVAC_DEFAULT_FLAGS="-J-Xms64m -J-XX:NewSize=4M -J-Dfile.encoding=UTF8"
    export JAVA_APP_STUB=/System/Library/Frameworks/JavaVM.framework/Resources/MacOS/JavaApplicationStub
    export JAVA_ARCHIVE_CLASSES=YES
    export JAVA_ARCHIVE_TYPE=JAR
    export JAVA_COMPILER=/usr/bin/javac
    export JAVA_FOLDER_PATH=Runner.app/Java
    export JAVA_FRAMEWORK_JARS=
    export JAVA_FRAMEWORK_RESOURCES_DIRS=Resources
    export JAVA_JAR_FLAGS=cv
    export JAVA_SOURCE_SUBDIR=.
    export JAVA_USE_DEPENDENCIES=YES
    export JAVA_ZIP_FLAGS=-urg
    export JIKES_DEFAULT_FLAGS="+E +OLDCSO"
    export KASAN_CFLAGS_CLASSIC="-DKASAN=1 -DKASAN_CLASSIC=1 -fsanitize=address -mllvm -asan-globals-live-support -mllvm -asan-force-dynamic-shadow"
    export KASAN_CFLAGS_TBI="-DKASAN=1 -DKASAN_TBI=1 -fsanitize=kernel-hwaddress -mllvm -hwasan-recover=0 -mllvm -hwasan-instrument-atomics=0 -mllvm -hwasan-instrument-stack=1 -mllvm -hwasan-generate-tags-with-calls=1 -mllvm -hwasan-instrument-with-calls=1 -mllvm -hwasan-use-short-granules=0 -mllvm -hwasan-memory-access-callback-prefix=__asan_"
    export KASAN_DEFAULT_CFLAGS="-DKASAN=1 -DKASAN_CLASSIC=1 -fsanitize=address -mllvm -asan-globals-live-support -mllvm -asan-force-dynamic-shadow"
    export KEEP_PRIVATE_EXTERNS=NO
    export KEXT_CFLAGS=
    export KEXT_CPLUSPLUSFLAGS=
    export LANG=C.UTF-8
    export LAUNCH_CONSTRAINT_PARENT=
    export LAUNCH_CONSTRAINT_RESPONSIBLE=
    export LAUNCH_CONSTRAINT_SELF=
    export LC_ALL=C.UTF-8
    export LC_CTYPE=C.UTF-8
    export LD_ADDRESS_SANITIZER=-fsanitize=address
    export LD_ADDRESS_SANITIZER_clang=-fsanitize=address
    export LD_ADDRESS_SANITIZER_swiftc=-sanitize=address
    export LD_ADD_MERGEABLE_DEBUG_HOOK=
    export LD_CLIENT_NAME=
    export LD_COHORT_ARCHS=
    export LD_DEBUG_VARIANT=YES
    export LD_DEPENDENCY_INFO_FILE=/undefined_arch/Runner_dependency_info.dat
    export LD_DETERMINISTIC_MODE=YES
    export LD_DONT_RUN_DEDUPLICATION=YES
    export LD_DYLIB_ALLOWABLE_CLIENTS=
    export LD_DYLIB_INSTALL_NAME=
    export LD_ENTITLEMENTS_SECTION=
    export LD_ENTITLEMENTS_SECTION_DER=
    export LD_ENTRY_POINT=
    export LD_ENVIRONMENT=
    export LD_EXPORT_GLOBAL_SYMBOLS=NO
    export LD_EXPORT_SYMBOLS=YES
    export LD_FINAL_OUTPUT_FILE=/Applications/Runner.app/Runner
    export LD_FLAGS=
    export LD_GENERATE_MAP_FILE=NO
    export LD_LTO_OBJECT_FILE=/undefined_arch/Runner_lto.o
    export LD_MAKE_MERGEABLE=NO
    export LD_MAP_FILE_PATH=/Users/jose/src/work/hydracamv2/build/ios-icon-profile-keepeyeonball-ipad/Build/Intermediates.noindex/Runner.build/Profile-iphoneos/Runner.build/Runner-LinkMap-normal-undefined_arch.txt
    export LD_NO_PIE=NO
    export LD_OBJC_ABI_VERSION=
    export LD_OBJC_RUNTIME_ARGS=-fobjc-link-runtime
    export LD_OBJC_RUNTIME_ARGS_clang=-fobjc-link-runtime
    export LD_OBJC_RUNTIME_ARGS_swiftc=-link-objc-runtime
    export LD_OPTIMIZATION_LEVEL=s
    export LD_QUOTE_LINKER_ARGUMENTS_FOR_COMPILER_DRIVER=YES
    export LD_RUNPATH_SEARCH_PATHS=" /usr/lib/swift '@executable_path/Frameworks' '@loader_path/Frameworks' @executable_path/Frameworks"
    export LD_RUNPATH_SEARCH_PATHS_YES="@loader_path/../Frameworks"
    export LD_SDK_IMPORTS_FILE=/undefined_arch/Runner_normal_undefined_arch_sdk_imports.json
    export LD_SHARED_CACHE_ELIGIBLE=Automatic
    export LD_SKIP_MERGEABLE_LIBRARY_BUNDLE_HOOK=NO
    export LD_SUPPRESS_WARNINGS=NO
    export LD_TARGET_TRIPLE_ARCHS=undefined_arch
    export LD_THREAD_SANITIZER=
    export LD_WARN_DUPLICATE_LIBRARIES=NO
    export LD_WARN_UNUSED_DYLIBS=NO
    export LEGACY_DEVELOPER_DIR=/Applications/Xcode.app/Contents/Developer/PlugIns/Xcode3Core.ideplugin/Contents/SharedSupport/Developer
    export LESS=-R
    export LEX=lex
    export LEXFLAGS=
    export LEX_CASE_INSENSITIVE_SCANNER=NO
    export LEX_INSERT_LINE_DIRECTIVES=YES
    export LEX_SUPPRESS_DEFAULT_RULE=NO
    export LEX_SUPPRESS_WARNINGS=NO
    export LIBRARY_DEXT_INSTALL_PATH=/Library/DriverExtensions
    export LIBRARY_FLAG_NOSPACE=YES
    export LIBRARY_FLAG_PREFIX=-l
    export LIBRARY_KEXT_INSTALL_PATH=/Library/Extensions
    export LIBRARY_LOAD_CONSTRAINT=
    export LIBRARY_SEARCH_PATHS=" \"/Applications/Xcode.app/Contents/Developer/Toolchains/XcodeDefault.xctoolchain/usr/lib/swift/iphoneos\" /usr/lib/swift"
    export LIBTOOL=libtool
    export LIBTOOL_ARCH=undefined_arch
    export LIBTOOL_COHORT_ARCHS=
    export LIBTOOL_DEPENDENCY_INFO_FILE=/undefined_arch/Runner_libtool_dependency_info.dat
    export LIBTOOL_DEPLOYMENT_TARGET=13.0
    export LIBTOOL_DETERMINISTIC_MODE=YES
    export LIBTOOL_FILE_LIST_FORMAT=unescapedNewlineSeparated
    export LIBTOOL_USE_RESPONSE_FILE=YES
    export LINKER_DISPLAYS_MANGLED_NAMES=NO
    export LINKER_DRIVER=clang
    export LINKER_FILE_LIST_FORMAT=unescapedNewlineSeparated
    export LINKER_FILE_LIST_FORMAT_clang=unescapedNewlineSeparated
    export LINKER_FILE_LIST_FORMAT_swiftc=unixShellQuotedSpaceSeparated
    export LINKER_LIBRARY_FLAGS=
    export LINKER_RESPONSE_FILE_FORMAT=unixShellQuotedSpaceSeparated
    export LINK_WITH_STANDARD_LIBRARIES=YES
    export LLVM_IMPLICIT_AGGRESSIVE_OPTIMIZATIONS=NO
    export LLVM_LTO=NO
    export LLVM_OPTIMIZATION_LEVEL_VAL_0=NO
    export LLVM_OPTIMIZATION_LEVEL_VAL_1=NO
    export LLVM_OPTIMIZATION_LEVEL_VAL_2=NO
    export LLVM_OPTIMIZATION_LEVEL_VAL_3=NO
    export LLVM_OPTIMIZATION_LEVEL_VAL_fast=YES
    export LLVM_OPTIMIZATION_LEVEL_VAL_s=NO
    export LLVM_OPTIMIZATION_LEVEL_VAL_z=NO
    export LLVM_TARGET_TRIPLE_OS_VERSION=ios13.0
    export LLVM_TARGET_TRIPLE_SUFFIX=
    export LLVM_TARGET_TRIPLE_VENDOR=apple
    export LM_AUX_CONST_METADATA_LIST_PATH=
    export LM_AUX_INTENTS_METADATA_FILES_LIST_PATH=/Users/jose/src/work/hydracamv2/build/ios-icon-profile-keepeyeonball-ipad/Build/Intermediates.noindex/Runner.build/Profile-iphoneos/Runner.build/Runner.DependencyMetadataFileList
    export LM_AUX_INTENTS_STATIC_METADATA_FILES_LIST_PATH=/Users/jose/src/work/hydracamv2/build/ios-icon-profile-keepeyeonball-ipad/Build/Intermediates.noindex/Runner.build/Profile-iphoneos/Runner.build/Runner.DependencyStaticMetadataFileList
    export LM_BINARY_PATH=
    export LM_BUNDLE_IDENTIFIER=com.keepeyeonball
    export LM_COMPILE_TIME_EXTRACTION=YES
    export LM_DEPENDENCY_FILES=
    export LM_ENABLE_APP_NAME_OVERRIDE=NO
    export LM_ENABLE_ASSISTANT_INTENT_APP_NAME_OVERRIDE=NO
    export LM_ENABLE_LINK_GENERATION=YES
    export LM_ENABLE_STRING_VALIDATION=YES
    export LM_FILTER_WARNINGS=NO
    export LM_FORCE_LINK_GENERATION=NO
    export LM_FORCE_METADATA_OUTPUT=NO
    export LM_NO_APP_SHORTCUT_LOCALIZATION=YES
    export LM_OUTPUT_DIR=
    export LM_STRINGSDATA_FILES=
    export LOCALIZABLE_CONTENT_DIR=
    export LOCALIZATION_EXPORT_SUPPORTED=YES
    export LOCALIZATION_PREFERS_STRING_CATALOGS=NO
    export LOCALIZED_RESOURCES_FOLDER_PATH=Runner.app/en.lproj
    export LOCALIZED_STRING_CODE_COMMENTS=NO
    export LOCALIZED_STRING_MACRO_NAMES="NSLocalizedString CFCopyLocalizedString"
    export LOCALIZED_STRING_SWIFTUI_SUPPORT=YES
    export LOCAL_ADMIN_APPS_DIR=/Applications/Utilities
    export LOCAL_APPS_DIR=/Applications
    export LOCAL_DEVELOPER_DIR=/Library/Developer
    export LOCAL_DEVELOPER_EXECUTABLES_DIR=
    export LOCAL_LIBRARY_DIR=/Library
    export LOCROOT=
    export LOCSYMROOT=
    export LOGNAME=jose
    export LOG_FORMAT=json
    export LSCOLORS=Gxfxcxdxbxegedabagacad
    export LS_COLORS="di=1;36:ln=35:so=32:pi=33:ex=31:bd=34;46:cd=34;43:su=30;41:sg=30;46:tw=30;42:ow=30;43"
    export MACH_O_TYPE=mh_execute
    export MACOSX_DEPLOYMENT_TARGET=11.5
    export MACOS_CREATOR=
    export MACOS_CREATOR_ARG=
    export MACOS_TYPE=
    export MACOS_TYPE_ARG=
    export MAC_OS_X_PRODUCT_BUILD_VERSION=25E253
    export MAC_OS_X_VERSION_ACTUAL=260401
    export MAC_OS_X_VERSION_MAJOR=260000
    export MAC_OS_X_VERSION_MAX_ALLOWED=
    export MAC_OS_X_VERSION_MINOR=260400
    export MAC_OS_X_VERSION_MIN_REQUIRED=
    export MAKE_MERGEABLE=NO
    export MANPATH="/Applications/Xcode.app/Contents/Developer/Platforms/MacOSX.platform/Developer/SDKs/MacOSX.sdk/usr/share/man:/Applications/Xcode.app/Contents/Developer/Platforms/MacOSX.platform/usr/share/man:/Applications/Xcode.app/Contents/Developer/usr/share/man:/Applications/Xcode.app/Contents/Developer/Toolchains/XcodeDefault.xctoolchain/usr/share/man:"
    export MAPC_MODULE=Runner
    export MAPC_NO_WARNINGS=NO
    export MARKETING_VERSION=
    export MERGEABLE_LIBRARY=NO
    export MERGED_BINARY_TYPE=none
    export MERGE_LINKED_LIBRARIES=NO
    export METAL_INDEX_STORE_ONLY_PROJECT_FILES=NO
    export METAL_LIBRARY_FILE_BASE=default
    export METAL_LIBRARY_OUTPUT_DIR=/Users/jose/src/work/hydracamv2/build/ios-icon-profile-keepeyeonball-ipad/Build/Products/Profile-iphoneos/Runner.app
    export MIG_DEPLOYMENT_TARGET=13.0
    export MIG_EXEC=mig
    export MODULEMAP_FILE=
    export MODULEMAP_PRIVATE_FILE=
    export MODULES_FOLDER_PATH=Runner.app/Modules
    export MODULES_VERIFIER_EXEC=modules-verifier
    export MODULE_CACHE_DIR=/Users/jose/src/work/hydracamv2/build/ios-icon-profile-keepeyeonball-ipad/ModuleCache.noindex
    export MODULE_DEPENDENCIES=
    export MODULE_NAME=
    export MODULE_START=
    export MODULE_STOP=
    export MODULE_VERIFIER_LSV=NO
    export MODULE_VERIFIER_SUPPORTED_LANGUAGES=objective-c
    export MODULE_VERIFIER_SUPPORTED_LANGUAGE_STANDARDS="gnu99 gnu++11"
    export MODULE_VERIFIER_TARGET_TRIPLE_ARCHS=arm64
    export MODULE_VERIFIER_VERBOSE=NO
    export MODULE_VERSION=
    export MOMC_MODULE=Runner
    export MOMC_NO_DELETE_RULE_WARNINGS=NO
    export MOMC_NO_INVERSE_RELATIONSHIP_WARNINGS=NO
    export MOMC_NO_MAX_PROPERTY_COUNT_WARNINGS=NO
    export MOMC_NO_WARNINGS=NO
    export MOMC_OUTPUT_SUFFIX=
    export MOMC_OUTPUT_SUFFIX__xcdatamodel=.mom
    export MOMC_OUTPUT_SUFFIX__xcdatamodeld=.momd
    export MOMC_SUPPRESS_INVERSE_TRANSIENT_ERROR=NO
    export MTLCOMPILER_DEPENDENCY_INFO_FILE=/Users/jose/src/work/hydracamv2/build/ios-icon-profile-keepeyeonball-ipad/Build/Intermediates.noindex/Runner.build/Profile-iphoneos/Runner.build/Metal/.dat
    export MTLCOMPILER_OUTPUT_FILE=/Users/jose/src/work/hydracamv2/build/ios-icon-profile-keepeyeonball-ipad/Build/Intermediates.noindex/Runner.build/Profile-iphoneos/Runner.build/Metal/.air
    export MTLLINKER_ALTERNATE_LINKER=
    export MTLLINKER_INCLUDE_SOURCE=
    export MTLLINKER_OUTPUT_FILE=
    export MTLLINKER_TARGET_TRIPLE=
    export MTL_COMPILER_FLAGS=
    export MTL_ENABLE_DEBUG_INFO=NO
    export MTL_ENABLE_INDEX_STORE=YES
    export MTL_ENABLE_MODULES=STDLIB
    export MTL_FAST_MATH=YES
    export MTL_FRAMEWORK_SEARCH_PATH_BUILT_PRODUCTS_DIR=
    export MTL_HEADER_SEARCH_PATHS=
    export MTL_HEADER_SEARCH_PATH_BUILT_PRODUCTS_DIR=
    export MTL_IGNORE_WARNINGS=NO
    export MTL_INDEX_STORE_PATH=/Users/jose/src/work/hydracamv2/build/ios-icon-profile-keepeyeonball-ipad/Index.noindex/DataStore
    export MTL_LANGUAGE_REVISION=UseDeploymentTarget
    export MTL_LANGUAGE_REVISION_dialect=ios
    export MTL_LANGUAGE_REVISION_dialect_macosx=macos
    export MTL_LANGUAGE_REVISION_optgen=UseDeploymentTarget
    export MTL_MATH_FP32_FUNCTIONS=FAST
    export MTL_MATH_FP32_FUNCTIONS_derived_NO=PRECISE
    export MTL_MATH_MODE=FAST
    export MTL_MATH_MODE_derived_NO=SAFE
    export MTL_OPTIMIZATION_LEVEL=default
    export MTL_TARGET_TRIPLE=air64-apple-ios13.0
    export MTL_TREAT_WARNINGS_AS_ERRORS=NO
    export MallocNanoZone=0
    export NATIVE_ARCH=arm64e
    export NATIVE_ARCH_32_BIT=i386
    export NATIVE_ARCH_64_BIT=arm64e
    export NATIVE_ARCH_ACTUAL=arm64e
    export NO_COLOR=1
    export NO_COMMON=YES
    export OBJECT_FILE_ASSEMBLER_LINKER_RESPONSE_FILE_FORMAT=unixShellQuotedSpaceSeparated
    export OBJECT_FILE_DIR=/Users/jose/src/work/hydracamv2/build/ios-icon-profile-keepeyeonball-ipad/Build/Intermediates.noindex/Runner.build/Profile-iphoneos/Runner.build/Objects
    export OBJROOT=/Users/jose/src/work/hydracamv2/build/ios-icon-profile-keepeyeonball-ipad/Build/Intermediates.noindex
    export ONLY_ACTIVE_ARCH=NO
    export OPENCLC=/System/Library/Frameworks/OpenCL.framework/Libraries/openclc
    export OPENCL_ARCHS="i386 x86_64 gpu_32 gpu_64"
    export OPENCL_AUTO_VECTORIZE_ENABLE=YES
    export OPENCL_COMPILER_VERSION=CL1.1
    export OPENCL_DENORMS_ARE_ZERO=NO
    export OPENCL_DOUBLE_AS_SINGLE=NO
    export OPENCL_FAST_RELAXED_MATH=NO
    export OPENCL_MAD_ENABLE=NO
    export OPENCL_OPTIMIZATION_LEVEL=s
    export OPTIMIZATION_CFLAGS=
    export ORDER_FILE=
    export OS=MACOS
    export OSAC=/usr/bin/osacompile
    export OSACOMPILE_EXECUTE_ONLY=NO
    export OSLogRateLimit=64
    export OTHER_CLANG_MODULES_VERIFIER_FLAGS=
    export OTHER_CODE_SIGN_FLAGS=
    export OTHER_CPLUSPLUSFLAGS=
    export OTHER_IIG_CFLAGS=
    export OTHER_IIG_FLAGS=
    export OTHER_LDFLAGS=" -ObjC -framework \"PhotosUI\" -framework \"disk_space_plus\" -framework \"permission_handler_apple\" -framework \"photo_manager\""
    export OTHER_LDRFLAGS=" -ObjC -framework \"PhotosUI\" -framework \"disk_space_plus\" -framework \"permission_handler_apple\" -framework \"photo_manager\""
    export OTHER_LIBTOOLFLAGS=
    export OTHER_MIGFLAGS=
    export OTHER_MODULE_VERIFIER_FLAGS=" \"-F/Users/jose/src/work/hydracamv2/build/ios-icon-profile-keepeyeonball-ipad/Build/Products/Profile-iphoneos/Flutter\" \"-F/Users/jose/src/work/hydracamv2/build/ios-icon-profile-keepeyeonball-ipad/Build/Products/Profile-iphoneos/disk_space_plus\" \"-F/Users/jose/src/work/hydracamv2/build/ios-icon-profile-keepeyeonball-ipad/Build/Products/Profile-iphoneos/permission_handler_apple\" \"-F/Users/jose/src/work/hydracamv2/build/ios-icon-profile-keepeyeonball-ipad/Build/Products/Profile-iphoneos/photo_manager\""
    export OTHER_OSACOMPILEFLAGS=
    export OTHER_OSAFLAGS=
    export OTHER_PRECOMP_CFLAGS=
    export OTHER_RESMERGERFLAGS=
    export OTHER_REZFLAGS=
    export OTHER_SWIFT_FLAGS=" -D COCOAPODS"
    export OTHER_SWIFT_STDLIB_TOOL_FLAGS=
    export OTHER_TAPI_FLAGS=
    export OutputFormat=
    export PACKAGE_CONFIG=/Users/jose/src/work/hydracamv2/.dart_tool/package_config.json
    export PACKAGE_TYPE=com.apple.package-type.wrapper.application
    export PAGER=less
    export PASCAL_STRINGS=YES
    export PATH="/Applications/Xcode.app/Contents/Developer/usr/bin:/Users/jose/.codex/tmp/arg0/codex-arg0p17LK3:/Users/jose/Library/Android/sdk/platform-tools:/Users/jose/Library/Android/sdk/emulator:/Users/jose/Library/Android/sdk/cmdline-tools/latest/bin:/Users/jose/.antigravity-ide/antigravity-ide/bin:/Users/jose/.opencode/bin:/Users/jose/.antigravity/antigravity/bin:/Users/jose/.antigravity/antigravity/bin:/opt/homebrew/lib/ruby/gems/3.4.0/bin:/opt/homebrew/opt/ruby/bin:/Library/Frameworks/Python.framework/Versions/3.13/bin:/opt/homebrew/bin:/opt/homebrew/sbin:/usr/local/bin:/System/Cryptexes/App/usr/bin:/usr/bin:/bin:/usr/sbin:/sbin:/var/run/com.apple.security.cryptexd/codex.system/bootstrap/usr/local/bin:/var/run/com.apple.security.cryptexd/codex.system/bootstrap/usr/bin:/var/run/com.apple.security.cryptexd/codex.system/bootstrap/usr/appleinternal/bin:/opt/pkg/env/active/bin:/opt/pmk/env/global/bin:/Library/Apple/usr/bin:/usr/local/share/dotnet:~/.dotnet/tools:/opt/homebrew/opt/ruby/bin:/opt/homebrew/lib/ruby/gems/3.4.0/bin:/Users/jose/Library/Application:/Users/jose/.local/bin:/Users/jose/.lmstudio/bin:/Users/jose/.local/bin:/Applications/Codex.app/Contents/Resources"
    export PATH_PREFIXES_EXCLUDED_FROM_HEADER_DEPENDENCIES="/usr/include /usr/local/include /System/Library/Frameworks /System/Library/PrivateFrameworks /Applications/Xcode.app/Contents/Developer/Headers /Applications/Xcode.app/Contents/Developer/SDKs /Applications/Xcode.app/Contents/Developer/Platforms"
    export PBDEVELOPMENTPLIST_PATH=Runner.app/pbdevelopment.plist
    export PBXCP_BITCODE_STRIP_MODE=
    export PBXCP_BITCODE_STRIP_TOOL=
    export PBXCP_EXCLUDE_SUBPATHS=
    export PBXCP_IGNORE_MISSING_INPUTS=NO
    export PBXCP_INCLUDE_ONLY_SUBPATHS=
    export PBXCP_STRIP_BITCODE=NO
    export PBXCP_STRIP_SUBPATHS=
    export PBXCP_STRIP_TOOL=
    export PBXCP_STRIP_UNSIGNED_BINARIES=NO
    export PER_ARCH_MODULE_FILE_DIR=/Modules
    export PFE_FILE_C_DIALECTS=
    export PKGINFO_PATH=Runner.app/PkgInfo
    export PLATFORM_DEVELOPER_APPLICATIONS_DIR=/Applications/Xcode.app/Contents/Developer/Platforms/iPhoneOS.platform/Developer/Applications
    export PLATFORM_DEVELOPER_BIN_DIR=/Applications/Xcode.app/Contents/Developer/Platforms/iPhoneOS.platform/Developer/usr/bin
    export PLATFORM_DEVELOPER_LIBRARY_DIR=/Applications/Xcode.app/Contents/Developer/Platforms/iPhoneOS.platform/Developer/Library
    export PLATFORM_DEVELOPER_SDK_DIR=/Applications/Xcode.app/Contents/Developer/Platforms/iPhoneOS.platform/Developer/SDKs
    export PLATFORM_DEVELOPER_TOOLS_DIR=/Applications/Xcode.app/Contents/Developer/Platforms/iPhoneOS.platform/Developer/Tools
    export PLATFORM_DEVELOPER_USR_DIR=/Applications/Xcode.app/Contents/Developer/Platforms/iPhoneOS.platform/Developer/usr
    export PLATFORM_DIR=/Applications/Xcode.app/Contents/Developer/Platforms/iPhoneOS.platform
    export PLATFORM_DISPLAY_NAME=iOS
    export PLATFORM_NAME=iphoneos
    export PLATFORM_PREFERRED_ARCH=undefined_arch
    export PLATFORM_PRODUCT_BUILD_VERSION=23F73
    export PLIST_FILE_OUTPUT_FORMAT=binary
    export PLUGINS_FOLDER_PATH=Runner.app/PlugIns
    export PODS_BUILD_DIR=/Users/jose/src/work/hydracamv2/build/ios-icon-profile-keepeyeonball-ipad/Build/Products
    export PODS_CONFIGURATION_BUILD_DIR=/Users/jose/src/work/hydracamv2/build/ios-icon-profile-keepeyeonball-ipad/Build/Products/Profile-iphoneos
    export PODS_PODFILE_DIR_PATH=/Users/jose/src/work/hydracamv2/ios/.
    export PODS_ROOT=/Users/jose/src/work/hydracamv2/ios/Pods
    export PODS_XCFRAMEWORKS_BUILD_DIR=/Users/jose/src/work/hydracamv2/build/ios-icon-profile-keepeyeonball-ipad/Build/Products/Profile-iphoneos/XCFrameworkIntermediates
    export PRECOMPILE_PREFIX_HEADER=
    export PRECOMPS_INCLUDE_HEADERS_FROM_BUILT_PRODUCTS_DIR=YES
    export PRECOMP_DESTINATION_DIR=/Users/jose/src/work/hydracamv2/build/ios-icon-profile-keepeyeonball-ipad/Build/Intermediates.noindex/Runner.build/Profile-iphoneos/Runner.build/PrefixHeaders
    export PREFIX_CFLAG_BASE=
    export PREFIX_FLAGS=
    export PREFIX_HEADER=
    export PREFIX_REFERENCE=
    export PRELINK_FLAGS=
    export PRELINK_LIBS=
    export PRIVATE_HEADERS_FOLDER_PATH=Runner.app/PrivateHeaders
    export PROCESSED_INFOPLIST_PATH=/Users/jose/src/work/hydracamv2/build/ios-icon-profile-keepeyeonball-ipad/Build/Intermediates.noindex/Runner.build/Profile-iphoneos/Runner.build/Objects-normal/undefined_arch/Processed-Info.plist
    export PRODUCT_BUNDLE_IDENTIFIER=com.keepeyeonball
    export PRODUCT_BUNDLE_PACKAGE_TYPE=APPL
    export PRODUCT_DEFINITION_PLIST=
    export PRODUCT_MODULE_NAME=Runner
    export PRODUCT_NAME=Runner
    export PRODUCT_TYPE=com.apple.product-type.application
    export PRODUCT_TYPE_SWIFT_STDLIB_TOOL_FLAGS=
    export PROFILING_CODE=NO
    export PROJECT=Runner
    export PROJECT_DERIVED_FILE_DIR=/Users/jose/src/work/hydracamv2/build/ios-icon-profile-keepeyeonball-ipad/Build/Intermediates.noindex/Runner.build/DerivedSources
    export PROJECT_DIR=/Users/jose/src/work/hydracamv2/ios
    export PROJECT_FILE_PATH=/Users/jose/src/work/hydracamv2/ios/Runner.xcodeproj
    export PROJECT_NAME=Runner
    export PROJECT_TEMP_DIR=/Users/jose/src/work/hydracamv2/build/ios-icon-profile-keepeyeonball-ipad/Build/Intermediates.noindex/Runner.build
    export PROJECT_TEMP_ROOT=/Users/jose/src/work/hydracamv2/build/ios-icon-profile-keepeyeonball-ipad/Build/Intermediates.noindex
    export PROVISIONING_PROFILE=
    export PROVISIONING_PROFILE_DESTINATION_PATH=/Users/jose/src/work/hydracamv2/build/ios-icon-profile-keepeyeonball-ipad/Build/Products/Profile-iphoneos/Runner.app
    export PROVISIONING_PROFILE_REQUIRED=YES
    export PROVISIONING_PROFILE_REQUIRED_YES_YES=YES
    export PROVISIONING_PROFILE_SPECIFIER=
    export PROVISIONING_PROFILE_SUPPORTED=YES
    export PUBLIC_HEADERS_FOLDER_PATH=Runner.app/Headers
    export PWD=/Users/jose/src/work/hydracamv2
    export REALITYASSET_DEPLOYMENT_TARGET=13.0
    export RECURSIVE_SEARCH_PATHS_FOLLOW_SYMLINKS=YES
    export REFERENCEOBJECT_STRIP_USDZ=NO
    export REGISTER_APP_GROUPS=
    export REMOVE_CVS_FROM_RESOURCES=YES
    export REMOVE_GIT_FROM_RESOURCES=YES
    export REMOVE_HEADERS_FROM_EMBEDDED_BUNDLES=YES
    export REMOVE_HEADER_DIRECTORIES=NO
    export REMOVE_HG_FROM_RESOURCES=YES
    export REMOVE_STATIC_EXECUTABLES_FROM_EMBEDDED_BUNDLES=YES
    export REMOVE_SVN_FROM_RESOURCES=YES
    export RESCHEDULE_INDEPENDENT_HEADERS_PHASES=YES
    export RESMERGER_SOURCES_FORK=auto
    export RESOURCES_PLATFORM_NAME=
    export RESOURCES_UI_FRAMEWORK_FAMILY=
    export RESOURCE_RULES_PLIST_PATH=
    export RETAIN_RAW_BINARIES=
    export REZ_COLLECTOR_DIR=/Users/jose/src/work/hydracamv2/build/ios-icon-profile-keepeyeonball-ipad/Build/Intermediates.noindex/Runner.build/Profile-iphoneos/Runner.build/ResourceManagerResources
    export REZ_EXECUTABLE=
    export REZ_OBJECTS_DIR=/Users/jose/src/work/hydracamv2/build/ios-icon-profile-keepeyeonball-ipad/Build/Intermediates.noindex/Runner.build/Profile-iphoneos/Runner.build/ResourceManagerResources/Objects
    export REZ_PREFIX_FILE=
    export REZ_PREPROCESSOR_DEFINITIONS=
    export REZ_PREPROCESSOR_UNDEFINITIONS=
    export REZ_RESOLVE_ALIASES=Always
    export REZ_RESOURCE_MAP_READ_ONLY=NO
    export REZ_SCRIPT_TYPE=Roman
    export REZ_SEARCH_PATHS=
    export REZ_SHOW_DEBUG_OUTPUT=NO
    export REZ_SUPPRESS_REDECLARED_RESOURCE_TYPE_WARNINGS=NO
    export RUNTIME_EXCEPTION_ALLOW_DYLD_ENVIRONMENT_VARIABLES=NO
    export RUNTIME_EXCEPTION_ALLOW_JIT=NO
    export RUNTIME_EXCEPTION_ALLOW_UNSIGNED_EXECUTABLE_MEMORY=NO
    export RUNTIME_EXCEPTION_DEBUGGING_TOOL=NO
    export RUNTIME_EXCEPTION_DISABLE_EXECUTABLE_PAGE_PROTECTION=NO
    export RUNTIME_EXCEPTION_DISABLE_LIBRARY_VALIDATION=NO
    export RUN_CLANG_STATIC_ANALYZER=YES
    export RUN_DESTINATION_DEVICE_ECID=4003463842304166
    export RUN_DESTINATION_DEVICE_MODEL=iPad7,5
    export RUN_DESTINATION_DEVICE_NAME="iPad (5)"
    export RUN_DESTINATION_DEVICE_OS_VERSION=17.7.11
    export RUN_DESTINATION_DEVICE_PLATFORM_IDENTIFIER=com.apple.platform.iphoneos
    export RUN_DESTINATION_DEVICE_PLATFORM_NAME=iphoneos
    export RUN_DESTINATION_DEVICE_UDID=8b406aa5c597eab4c4dfd9908f4a09b10a89ec63
    export RUN_DESTINATION_DEVICE_UUID=0A947DBD-A462-5BAA-AB84-17F143D41619
    export RUN_DOCUMENTATION_COMPILER=NO
    export RUST_LOG=warn
    export RemoveFile=
    export SCAN_ALL_SOURCE_FILES_FOR_INCLUDES=NO
    export SCENEKIT_DEPLOYMENT_TARGET=13.0
    export SCHEME_ACTION_NAME="Run Prepare Flutter Framework Script"
    export SCHEME_NAME=Runner
    export SCRIPTS_FOLDER_PATH=Runner.app/Scripts
    export SDKDB_TO_SYMGRAPH_EXEC=/Applications/Xcode.app/Contents/Developer/../SharedFrameworks/CoreDocumentation.framework/Resources/sdkdb_to_symgraph
    export SDKROOT=iphoneos26.5
    export SDK_DIR=/Applications/Xcode.app/Contents/Developer/Platforms/iPhoneOS.platform/Developer/SDKs/iPhoneOS26.5.sdk
    export SDK_DIR_iphoneos26_5=/Applications/Xcode.app/Contents/Developer/Platforms/iPhoneOS.platform/Developer/SDKs/iPhoneOS26.5.sdk
    export SDK_NAME=iphoneos26.5
    export SDK_NAMES=iphoneos26.5
    export SDK_PRODUCT_BUILD_VERSION=23F73
    export SDK_STAT_CACHE_ENABLE=YES
    export SDK_STAT_CACHE_VERBOSE_LOGGING=NO
    export SDK_VERSION=26.5
    export SDK_VERSION_ACTUAL=260500
    export SDK_VERSION_MAJOR=260000
    export SDK_VERSION_MINOR=260500
    export SECTORDER_FLAGS=
    export SED=/usr/bin/sed
    export SEPARATE_STRIP=NO
    export SEPARATE_SYMBOL_EDIT=NO
    export SETTING_DefaultValue_NO_NO=NO
    export SETTING_DefaultValue_NO_YES=YES
    export SETTING_DefaultValue_YES_NO=YES
    export SETTING_DefaultValue_YES_YES=YES
    export SETTING_DefaultValue__=NO
    export SET_DIR_MODE_OWNER_GROUP=YES
    export SET_FILE_MODE_OWNER_GROUP=NO
    export SHALLOW_BUNDLE=YES
    export SHALLOW_BUNDLE_PLATFORM=
    export SHALLOW_BUNDLE_TRIPLE=ios
    export SHALLOW_BUNDLE_ios_macabi=NO
    export SHALLOW_BUNDLE_macos=NO
    export SHARED_DERIVED_FILE_DIR=/Users/jose/src/work/hydracamv2/build/ios-icon-profile-keepeyeonball-ipad/Build/Products/Profile-iphoneos/DerivedSources
    export SHARED_FRAMEWORKS_FOLDER_PATH=Runner.app/SharedFrameworks
    export SHARED_PRECOMPS_DIR=/Users/jose/src/work/hydracamv2/build/ios-icon-profile-keepeyeonball-ipad/Build/Intermediates.noindex/PrecompiledHeaders
    export SHARED_SUPPORT_FOLDER_PATH=Runner.app/SharedSupport
    export SHELL=/bin/zsh
    export SHLVL=2
    export SKIP_INSTALL=NO
    export SKIP_MERGEABLE_LIBRARY_BUNDLE_HOOK=NO
    export SOURCE_ROOT=/Users/jose/src/work/hydracamv2/ios
    export SRCROOT=/Users/jose/src/work/hydracamv2/ios
    export SSH_AUTH_SOCK=/var/run/com.apple.launchd.p4PwkDhMLA/Listeners
    export STORYBOARD_COMPILER_INFOPLIST_CONTENT_FILE=/Users/jose/src/work/hydracamv2/build/ios-icon-profile-keepeyeonball-ipad/Build/Intermediates.noindex/Runner.build/Profile-iphoneos/Runner.build/-SBPartialInfo.plist
    export STRINGSDATA_DIR=/undefined_arch
    export STRINGSDATA_ROOT=/Users/jose/src/work/hydracamv2/build/ios-icon-profile-keepeyeonball-ipad/Build/Intermediates.noindex/Runner.build/Profile-iphoneos/Runner.build
    export STRINGS_FILE_INFOPLIST_RENAME=YES
    export STRINGS_FILE_INPUT_ENCODING=
    export STRINGS_FILE_OUTPUT_ENCODING=binary
    export STRINGS_FILE_OUTPUT_FILENAME=
    export STRING_CATALOG_GENERATE_SYMBOLS=NO
    export STRIPFLAGS=
    export STRIP_BITCODE_FROM_COPIED_FILES=YES
    export STRIP_DETERMINISTIC_MODE=YES
    export STRIP_INSTALLED_PRODUCT=YES
    export STRIP_PNG_TEXT=YES
    export STRIP_STYLE=all
    export STRIP_SWIFT_SYMBOLS=YES
    export SUPPORTED_DEVICE_FAMILIES=1,2
    export SUPPORTED_PLATFORMS=iphoneos
    export SUPPORTS_MACCATALYST=NO
    export SUPPORTS_MAC_DESIGNED_FOR_IPHONE_IPAD=YES
    export SUPPORTS_ON_DEMAND_RESOURCES=YES
    export SUPPORTS_TEXT_BASED_API=NO
    export SUPPORTS_XR_DESIGNED_FOR_IPHONE_IPAD=YES
    export SUPPRESS_WARNINGS=NO
    export SWIFTC_ALTERNATE_LINKER=
    export SWIFTC_CLANG_COVERAGE_MAPPING_LINKER_ARGS=NO
    export SWIFTC_LD_DYLIB_INSTALL_NAME=
    export SWIFTC_LD_EXPORT_GLOBAL_SYMBOLS=NO
    export SWIFTC_LD_SUPPRESS_WARNINGS=NO
    export SWIFTC_LD_THREAD_SANITIZER=
    export SWIFTC_LINK_WITH_STANDARD_LIBRARIES=YES
    export SWIFTC_MACH_O_TYPE=mh_execute
    export SWIFTC_PASS_SDKROOT=YES
    export SWIFTC_RESOURCE_DIR=
    export SWIFTC_SDKROOT_LINKER_INPUT=iphoneos26.5
    export SWIFTC_SYSTEM_FRAMEWORK_SEARCH_PATHS=
    export SWIFTC__INPUT_FILE_LIST_PATH__=
    export SWIFT_ACTIVE_COMPILATION_CONDITIONS=
    export SWIFT_ADDITIONAL_LINKER_ARGS_OUTPUT_PATH=/Runner-linker-args.resp
    export SWIFT_ADDRESS_SANITIZER=
    export SWIFT_ADDRESS_SANITIZER_ALLOW_ERROR_RECOVERY=
    export SWIFT_ALLOW_INSTALL_OBJC_HEADER=YES
    export SWIFT_API_DIGESTER_MODE=abi
    export SWIFT_APPROACHABLE_CONCURRENCY=NO
    export SWIFT_AUTOLINK_EXTRACT_OUTPUT_PATH=/Runner-swiftbuild.autolink
    export SWIFT_BRIDGING_HEADER_IS_INTERNAL=NO
    export SWIFT_CLANG_CXX_LANGUAGE_STANDARD=objc-gnu++0x
    export SWIFT_CLANG_CXX_STANDARD_LIBRARY_HARDENING=
    export SWIFT_COHORT_ARCHS=
    export SWIFT_COMPILATION_MODE=singlefile
    export SWIFT_CROSS_MODULE_OPTIMIZATION=NO
    export SWIFT_DEBUG_INFORMATION_FORMAT=dwarf-with-dsym
    export SWIFT_DEBUG_INFORMATION_VERSION=compiler-default
    export SWIFT_DEFAULT_ACTOR_ISOLATION=nonisolated
    export SWIFT_DEPLOYMENT_TARGET=13.0
    export SWIFT_DISABLE_SAFETY_CHECKS=NO
    export SWIFT_EAGER_MODULE_EMISSION_IN_WMO=YES
    export SWIFT_EMIT_LOC_STRINGS=NO
    export SWIFT_EMIT_MODULE_INTERFACE=NO
    export SWIFT_ENABLE_APP_EXTENSION=NO
    export SWIFT_ENABLE_BARE_SLASH_REGEX=YES
    export SWIFT_ENABLE_BATCH_MODE=YES
    export SWIFT_ENABLE_COMPILE_CACHE=
    export SWIFT_ENABLE_EMIT_CONST_VALUES=YES
    export SWIFT_ENABLE_EXPLICIT_MODULES=
    export SWIFT_ENABLE_INCREMENTAL_COMPILATION=YES
    export SWIFT_ENABLE_LAYOUT_STRING_VALUE_WITNESSES=NO
    export SWIFT_ENABLE_LIBRARY_EVOLUTION=NO
    export SWIFT_ENABLE_OPAQUE_TYPE_ERASURE=NO
    export SWIFT_ENABLE_PREFIX_MAPPING=
    export SWIFT_ENABLE_TESTABILITY=NO
    export SWIFT_ENFORCE_EXCLUSIVE_ACCESS=default
    export SWIFT_EXEC=swiftc
    export SWIFT_EXPERIMENTAL_FEATURE_DEBUG_DESCRIPTION_MACRO=YES
    export SWIFT_GENERATE_ADDITIONAL_LINKER_ARGS=
    export SWIFT_INDEX_STORE_COMPRESS=NO
    export SWIFT_INDEX_STORE_ENABLE=YES
    export SWIFT_INDEX_STORE_ONLY_PROJECT_FILES=NO
    export SWIFT_INDEX_STORE_PATH=/Users/jose/src/work/hydracamv2/build/ios-icon-profile-keepeyeonball-ipad/Index.noindex/DataStore
    export SWIFT_INSTALL_MODULE=YES
    export SWIFT_INSTALL_MODULE_ABI_DESCRIPTOR=YES
    export SWIFT_INSTALL_OBJC_HEADER=YES
    export SWIFT_LIBFUZZER=
    export SWIFT_LIBRARIES_ONLY=NO
    export SWIFT_LIBRARY_PATH=
    export SWIFT_LINK_OBJC_RUNTIME=
    export SWIFT_LTO=NO
    export SWIFT_MODULES_AUTOLINK=YES
    export SWIFT_MODULE_ALIASES=
    export SWIFT_MODULE_NAME=Runner
    export SWIFT_OBJC_BRIDGING_HEADER=Runner/Runner-Bridging-Header.h
    export SWIFT_OBJC_INTERFACE_HEADER_NAME=Runner-Swift.h
    export SWIFT_OBJC_INTEROP_MODE=objc
    export SWIFT_OMIT_FRAME_POINTERS=compiler-default
    export SWIFT_OPTIMIZATION_LEVEL=-O
    export SWIFT_OTHER_PREFIX_MAPPINGS=
    export SWIFT_OVERLOAD_PREBUILT_MODULE_CACHE_PATH=
    export SWIFT_PACKAGE_NAME=
    export SWIFT_PLATFORM_TARGET_PREFIX=ios
    export SWIFT_PRECOMPILE_BRIDGING_HEADER=YES
    export SWIFT_REFLECTION_METADATA_LEVEL=all
    export SWIFT_RESOURCE_DIR=
    export SWIFT_RESPONSE_FILE_PATH=
    export SWIFT_SERIALIZE_DEBUGGING_OPTIONS=YES
    export SWIFT_SKIP_AUTOLINKING_ALL_FRAMEWORKS=NO
    export SWIFT_STDLIB=swiftCore
    export SWIFT_STDLIB_TOOL_ACTION=
    export SWIFT_STDLIB_TOOL_CODE_SIGN_IDENTITY=
    export SWIFT_STDLIB_TOOL_DESTINATION_DIR=/Users/jose/src/work/hydracamv2/build/ios-icon-profile-keepeyeonball-ipad/Build/Products/Profile-iphoneos/Runner.app/Frameworks
    export SWIFT_STDLIB_TOOL_EXECUTABLE_TO_SCAN=
    export SWIFT_STDLIB_TOOL_FOLDERS_TO_SCAN=
    export SWIFT_STDLIB_TOOL_KEYCHAIN=
    export SWIFT_STDLIB_TOOL_OTHER_CODE_SIGN_FLAGS=
    export SWIFT_STDLIB_TOOL_SOURCE_LIBRARIES=
    export SWIFT_STDLIB_TOOL_STRIP_BITCODE=YES
    export SWIFT_STDLIB_TOOL_TOOLCHAINS=/Applications/Xcode.app/Contents/Developer/Toolchains/XcodeDefault.xctoolchain
    export SWIFT_STDLIB_TOOL_UNSIGNED_DESTINATION_DIR=
    export SWIFT_STDLIB_TOOL_VERBOSITY=verbose
    export SWIFT_STRICT_CONCURRENCY=minimal
    export SWIFT_STRICT_CONCURRENCY_DEFAULT=minimal
    export SWIFT_STRICT_CONCURRENCY_IN_SWIFT_VERSION_6_0=complete
    export SWIFT_STRICT_MEMORY_SAFETY=NO
    export SWIFT_SUPPRESS_WARNINGS=NO
    export SWIFT_SYSTEM_INCLUDE_PATHS=
    export SWIFT_TARGET_TRIPLE=undefined_arch-apple-ios13.0
    export SWIFT_THREAD_SANITIZER=
    export SWIFT_TREAT_WARNINGS_AS_ERRORS=NO
    export SWIFT_UPCOMING_FEATURE_6_0=NO
    export SWIFT_UPCOMING_FEATURE_CONCISE_MAGIC_FILE=NO
    export SWIFT_UPCOMING_FEATURE_DEPRECATE_APPLICATION_MAIN=NO
    export SWIFT_UPCOMING_FEATURE_DISABLE_OUTWARD_ACTOR_ISOLATION=NO
    export SWIFT_UPCOMING_FEATURE_DYNAMIC_ACTOR_ISOLATION=NO
    export SWIFT_UPCOMING_FEATURE_EXISTENTIAL_ANY=No
    export SWIFT_UPCOMING_FEATURE_FORWARD_TRAILING_CLOSURES=NO
    export SWIFT_UPCOMING_FEATURE_GLOBAL_ACTOR_ISOLATED_TYPES_USABILITY=NO
    export SWIFT_UPCOMING_FEATURE_GLOBAL_CONCURRENCY=NO
    export SWIFT_UPCOMING_FEATURE_IMPLICIT_OPEN_EXISTENTIALS=NO
    export SWIFT_UPCOMING_FEATURE_IMPORT_OBJC_FORWARD_DECLS=NO
    export SWIFT_UPCOMING_FEATURE_INFER_ISOLATED_CONFORMANCES=NO
    export SWIFT_UPCOMING_FEATURE_INFER_SENDABLE_FROM_CAPTURES=NO
    export SWIFT_UPCOMING_FEATURE_INTERNAL_IMPORTS_BY_DEFAULT=NO
    export SWIFT_UPCOMING_FEATURE_ISOLATED_DEFAULT_VALUES=NO
    export SWIFT_UPCOMING_FEATURE_MEMBER_IMPORT_VISIBILITY=NO
    export SWIFT_UPCOMING_FEATURE_NONFROZEN_ENUM_EXHAUSTIVITY=NO
    export SWIFT_UPCOMING_FEATURE_NONISOLATED_NONSENDING_BY_DEFAULT=NO
    export SWIFT_UPCOMING_FEATURE_REGION_BASED_ISOLATION=NO
    export SWIFT_USE_PARALLEL_WHOLE_MODULE_OPTIMIZATION=YES
    export SWIFT_USE_PARALLEL_WMO_TARGETS=YES
    export SWIFT_VALIDATE_CLANG_MODULES_ONCE_PER_BUILD_SESSION=YES
    export SWIFT_VERSION=5.0
    export SWIFT_WARNINGS_AS_ERRORS_GROUPS=
    export SWIFT_WARNINGS_AS_WARNINGS_GROUPS=
    export SWIFT_WHOLE_MODULE_OPTIMIZATION=NO
    export SYMBOL_GRAPH_EXTRACTOR_EXEC=swift-symbolgraph-extract
    export SYMBOL_GRAPH_EXTRACTOR_MODULE_CACHE_PATH=/Users/jose/src/work/hydracamv2/build/ios-icon-profile-keepeyeonball-ipad/ModuleCache.noindex
    export SYMBOL_GRAPH_EXTRACTOR_MODULE_NAME=Runner
    export SYMBOL_GRAPH_EXTRACTOR_OUTPUT_BASE=/Users/jose/src/work/hydracamv2/build/ios-icon-profile-keepeyeonball-ipad/Build/Intermediates.noindex/Runner.build/Profile-iphoneos/Runner.build/symbol-graph
    export SYMBOL_GRAPH_EXTRACTOR_OUTPUT_DIR=/Users/jose/src/work/hydracamv2/build/ios-icon-profile-keepeyeonball-ipad/Build/Intermediates.noindex/Runner.build/Profile-iphoneos/Runner.build/symbol-graph/swift/undefined_arch-apple-ios13.0
    export SYMBOL_GRAPH_EXTRACTOR_SDK=iphoneos26.5
    export SYMBOL_GRAPH_EXTRACTOR_SEARCH_PATHS=
    export SYMBOL_GRAPH_EXTRACTOR_SWIFT_VERSION=5.0
    export SYMBOL_GRAPH_EXTRACTOR_TARGET_TRIPLE=undefined_arch-apple-ios13.0
    export SYMBOL_HEADER=
    export SYMROOT=/Users/jose/src/work/hydracamv2/build/ios-icon-profile-keepeyeonball-ipad/Build/Products
    export SYSTEM_ADMIN_APPS_DIR=/Applications/Utilities
    export SYSTEM_APPS_DIR=/Applications
    export SYSTEM_CORE_SERVICES_DIR=/System/Library/CoreServices
    export SYSTEM_DEMOS_DIR=/Applications/Extras
    export SYSTEM_DEVELOPER_APPS_DIR=/Applications/Xcode.app/Contents/Developer/Applications
    export SYSTEM_DEVELOPER_BIN_DIR=/Applications/Xcode.app/Contents/Developer/usr/bin
    export SYSTEM_DEVELOPER_DEMOS_DIR="/Applications/Xcode.app/Contents/Developer/Applications/Utilities/Built Examples"
    export SYSTEM_DEVELOPER_DIR=/Applications/Xcode.app/Contents/Developer
    export SYSTEM_DEVELOPER_DOC_DIR="/Applications/Xcode.app/Contents/Developer/ADC Reference Library"
    export SYSTEM_DEVELOPER_EXECUTABLES_DIR=
    export SYSTEM_DEVELOPER_GRAPHICS_TOOLS_DIR="/Applications/Xcode.app/Contents/Developer/Applications/Graphics Tools"
    export SYSTEM_DEVELOPER_JAVA_TOOLS_DIR="/Applications/Xcode.app/Contents/Developer/Applications/Java Tools"
    export SYSTEM_DEVELOPER_PERFORMANCE_TOOLS_DIR="/Applications/Xcode.app/Contents/Developer/Applications/Performance Tools"
    export SYSTEM_DEVELOPER_RELEASENOTES_DIR="/Applications/Xcode.app/Contents/Developer/ADC Reference Library/releasenotes"
    export SYSTEM_DEVELOPER_TOOLS=/Applications/Xcode.app/Contents/Developer/Tools
    export SYSTEM_DEVELOPER_TOOLS_DOC_DIR="/Applications/Xcode.app/Contents/Developer/ADC Reference Library/documentation/DeveloperTools"
    export SYSTEM_DEVELOPER_TOOLS_RELEASENOTES_DIR="/Applications/Xcode.app/Contents/Developer/ADC Reference Library/releasenotes/DeveloperTools"
    export SYSTEM_DEVELOPER_USR_DIR=/Applications/Xcode.app/Contents/Developer/usr
    export SYSTEM_DEVELOPER_UTILITIES_DIR=/Applications/Xcode.app/Contents/Developer/Applications/Utilities
    export SYSTEM_DEXT_INSTALL_PATH=/System/Library/DriverExtensions
    export SYSTEM_DOCUMENTATION_DIR=/Library/Documentation
    export SYSTEM_EXTENSIONS_FOLDER_PATH=Runner.app/SystemExtensions
    export SYSTEM_EXTENSIONS_FOLDER_PATH_SHALLOW_BUNDLE_NO=Runner.app/Library/SystemExtensions
    export SYSTEM_EXTENSIONS_FOLDER_PATH_SHALLOW_BUNDLE_YES=Runner.app/SystemExtensions
    export SYSTEM_FRAMEWORK_SEARCH_PATHS=
    export SYSTEM_HEADER_SEARCH_PATHS=
    export SYSTEM_KEXT_INSTALL_PATH=/System/Library/Extensions
    export SYSTEM_LIBRARY_DIR=/System/Library
    export SYSTEM_LIBRARY_EXECUTABLES_DIR=
    export ShallowBundle=YES
    export SigningCert=
    export SkipEmbeddedFrameworksValidation=
    export TAPI_APPLICATION_EXTENSION_API_ONLY=NO
    export TAPI_DEMANGLE=YES
    export TAPI_DYLIB_ALLOWABLE_CLIENTS=
    export TAPI_DYLIB_COMPATIBILITY_VERSION=
    export TAPI_DYLIB_CURRENT_VERSION=
    export TAPI_DYLIB_INSTALL_NAME=
    export TAPI_EMIT_PROFILING_SYMBOLS=YES
    export TAPI_ENABLE_MODULES=NO
    export TAPI_ENABLE_PROJECT_HEADERS=NO
    export TAPI_ENABLE_VERIFICATION_MODE=YES
    export TAPI_EXCLUDE_PRIVATE_HEADERS=
    export TAPI_EXCLUDE_PROJECT_HEADERS=
    export TAPI_EXCLUDE_PUBLIC_HEADERS=
    export TAPI_EXEC=tapi
    export TAPI_EXTRACT_API_ENABLE_MODULES=YES
    export TAPI_EXTRACT_API_ENABLE_OBJC_ARC=YES
    export TAPI_EXTRACT_API_MODULE_CACHE_PATH=/Users/jose/src/work/hydracamv2/build/ios-icon-profile-keepeyeonball-ipad/ModuleCache.noindex
    export TAPI_EXTRACT_API_OUTPUT_DIR=/Users/jose/src/work/hydracamv2/build/ios-icon-profile-keepeyeonball-ipad/Build/Intermediates.noindex/Runner.build/Profile-iphoneos/Runner.build/symbol-graph/clang/undefined_arch-apple-ios13.0
    export TAPI_EXTRACT_API_SDKDB_OUTPUT_PATH=/Users/jose/src/work/hydracamv2/build/ios-icon-profile-keepeyeonball-ipad/Build/Intermediates.noindex/Runner.build/Profile-iphoneos/Runner.build/symbol-graph/clang/undefined_arch-apple-ios13.0/Runner.sdkdb
    export TAPI_EXTRACT_API_SEARCH_PATHS=
    export TAPI_EXTRACT_API_SYSTEM_ROOT=iphoneos26.5
    export TAPI_EXTRACT_API_TARGET_TRIPLE=undefined_arch-apple-ios13.0
    export TAPI_EXTRA_PRIVATE_HEADERS=
    export TAPI_EXTRA_PROJECT_HEADERS=
    export TAPI_EXTRA_PUBLIC_HEADERS=
    export TAPI_FRAMEWORK_SEARCH_PATHS=" \"/Users/jose/src/work/hydracamv2/build/ios-icon-profile-keepeyeonball-ipad/Build/Products/Profile-iphoneos/disk_space_plus\" \"/Users/jose/src/work/hydracamv2/build/ios-icon-profile-keepeyeonball-ipad/Build/Products/Profile-iphoneos/permission_handler_apple\" \"/Users/jose/src/work/hydracamv2/build/ios-icon-profile-keepeyeonball-ipad/Build/Products/Profile-iphoneos/photo_manager\""
    export TAPI_HEADER_SEARCH_PATHS=" \"/Users/jose/src/work/hydracamv2/build/ios-icon-profile-keepeyeonball-ipad/Build/Products/Profile-iphoneos/disk_space_plus/disk_space_plus.framework/Headers\" \"/Users/jose/src/work/hydracamv2/build/ios-icon-profile-keepeyeonball-ipad/Build/Products/Profile-iphoneos/permission_handler_apple/permission_handler_apple.framework/Headers\" \"/Users/jose/src/work/hydracamv2/build/ios-icon-profile-keepeyeonball-ipad/Build/Products/Profile-iphoneos/photo_manager/photo_manager.framework/Headers\""
    export TAPI_LANGUAGE=objective-c
    export TAPI_LANGUAGE_STANDARD=compiler-default
    export TAPI_LIBRARY_SEARCH_PATHS=" \"/Applications/Xcode.app/Contents/Developer/Toolchains/XcodeDefault.xctoolchain/usr/lib/swift/iphoneos\" /usr/lib/swift"
    export TAPI_MODULES_VALIDATE_SYSTEM_HEADERS=NO
    export TAPI_MODULE_CACHE_PATH=/Users/jose/src/work/hydracamv2/build/ios-icon-profile-keepeyeonball-ipad/ModuleCache.noindex
    export TAPI_PREPROCESSOR_DEFINITIONS=" COCOAPODS=1 "
    export TAPI_PRODUCT_TYPE=com.apple.product-type.application
    export TAPI_READ_DSYM=YES
    export TAPI_REEXPORTED_FRAMEWORK_INSTALL_NAMES=
    export TAPI_REEXPORTED_FRAMEWORK_NAMES=
    export TAPI_REEXPORTED_LIBRARY_INSTALL_NAMES=
    export TAPI_REEXPORTED_LIBRARY_NAMES=
    export TAPI_REEXPORTED_LIBRARY_PATHS=
    export TAPI_RUNPATH_SEARCH_PATHS=" /usr/lib/swift '@executable_path/Frameworks' '@loader_path/Frameworks' @executable_path/Frameworks"
    export TAPI_SHARED_CACHE_ELIGIBLE=Automatic
    export TAPI_SYSTEM_FRAMEWORK_SEARCH_PATHS=
    export TAPI_SYSTEM_HEADER_SEARCH_PATHS=
    export TAPI_TARGET_TRIPLE_ARCHS=arm64
    export TAPI_USE_SRCROOT=YES
    export TAPI_VERIFY_AGAINST=
    export TAPI_VERIFY_MODE=Pedantic
    export TARGETED_DEVICE_FAMILY=1,2
    export TARGETNAME=Runner
    export TARGET_BUILD_DIR=/Users/jose/src/work/hydracamv2/build/ios-icon-profile-keepeyeonball-ipad/Build/Products/Profile-iphoneos
    export TARGET_BUILD_SUBPATH=
    export TARGET_DEVICE_IDENTIFIER=8b406aa5c597eab4c4dfd9908f4a09b10a89ec63
    export TARGET_DEVICE_MODEL=iPad7,5
    export TARGET_DEVICE_OS_VERSION=17.7.11
    export TARGET_DEVICE_PLATFORM_NAME=iphoneos
    export TARGET_NAME=Runner
    export TARGET_TEMP_DIR=/Users/jose/src/work/hydracamv2/build/ios-icon-profile-keepeyeonball-ipad/Build/Intermediates.noindex/Runner.build/Profile-iphoneos/Runner.build
    export TEMP_DIR=/Users/jose/src/work/hydracamv2/build/ios-icon-profile-keepeyeonball-ipad/Build/Intermediates.noindex/Runner.build/Profile-iphoneos/Runner.build
    export TEMP_FILES_DIR=/Users/jose/src/work/hydracamv2/build/ios-icon-profile-keepeyeonball-ipad/Build/Intermediates.noindex/Runner.build/Profile-iphoneos/Runner.build
    export TEMP_FILE_DIR=/Users/jose/src/work/hydracamv2/build/ios-icon-profile-keepeyeonball-ipad/Build/Intermediates.noindex/Runner.build/Profile-iphoneos/Runner.build
    export TEMP_ROOT=/Users/jose/src/work/hydracamv2/build/ios-icon-profile-keepeyeonball-ipad/Build/Intermediates.noindex
    export TEMP_SANDBOX_DIR=/Users/jose/src/work/hydracamv2/build/ios-icon-profile-keepeyeonball-ipad/Build/Intermediates.noindex/TemporaryTaskSandboxes
    export TERM=dumb
    export TEST_FRAMEWORK_SEARCH_PATHS=" /Applications/Xcode.app/Contents/Developer/Platforms/iPhoneOS.platform/Developer/Library/Frameworks iphoneos26.5/Developer/Library/Frameworks"
    export TEST_HOST=
    export TEST_LIBRARY_SEARCH_PATHS=" /Applications/Xcode.app/Contents/Developer/Platforms/iPhoneOS.platform/Developer/usr/lib"
    export TEXTURE_ATLAS_ENABLE_WARNINGS=Yes
    export TEXTURE_ATLAS_FORMAT=RGBA8888_PNG
    export TEXTURE_ATLAS_MAXIMUM_SIZE=2048x2048
    export TMPDIR=/var/folders/6s/dp27g8gn26j9mp36sjfxb9tw0000gn/T/
    export TOOLCHAINS=
    export TOOLCHAIN_DIR=/Applications/Xcode.app/Contents/Developer/Toolchains/XcodeDefault.xctoolchain
    export TRACK_WIDGET_CREATION=false
    export TREAT_MISSING_BASELINES_AS_TEST_FAILURES=NO
    export TREAT_MISSING_SCRIPT_PHASE_OUTPUTS_AS_ERRORS=NO
    export TREE_SHAKE_ICONS=true
    export TVOS_DEPLOYMENT_TARGET=15.6
    export UID=501
    export UNEXPORTED_SYMBOLS_FILE=
    export UNINSTALLED_PRODUCTS_DIR=/Users/jose/src/work/hydracamv2/build/ios-icon-profile-keepeyeonball-ipad/Build/Intermediates.noindex/UninstalledProducts
    export UNLOCALIZED_RESOURCES_FOLDER_PATH=Runner.app
    export UNLOCALIZED_RESOURCES_FOLDER_PATH_SHALLOW_BUNDLE_NO=Runner.app/Resources
    export UNLOCALIZED_RESOURCES_FOLDER_PATH_SHALLOW_BUNDLE_YES=Runner.app
    export UNSTRIPPED_PRODUCT=NO
    export USER=jose
    export USER_APPS_DIR=/Users/jose/Applications
    export USER_LIBRARY_DIR=/Users/jose/Library
    export USE_DYNAMIC_NO_PIC=YES
    export USE_GCC3_PFE_SUPPORT=
    export USE_HEADERMAP=YES
    export USE_HEADER_SYMLINKS=NO
    export USE_RECURSIVE_SCRIPT_INPUTS_IN_SCRIPT_PHASES=YES
    export USE_SDK_TOOLCHAINS=YES
    export VALIDATE_PLIST_FILES_WHILE_COPYING=NO
    export VALIDATE_PRODUCT=YES
    export VALIDATE_STRINGS_FILES_WHILE_COPYING=YES
    export VALID_ARCHS="arm64e arm64"
    export VERBOSE_PBXCP=NO
    export VERSIONING_STUB=
    export VERSIONING_SYSTEM=apple-generic
    export VERSIONPLIST_PATH=Runner.app/version.plist
    export VERSIONS_FOLDER_PATH=
    export VERSION_INFO_BUILDER=jose
    export VERSION_INFO_EXPORT_DECL=
    export VERSION_INFO_FILE=Runner_vers.c
    export VERSION_INFO_PREFIX=
    export VERSION_INFO_STRING="\"@(#)PROGRAM:Runner  PROJECT:Runner-16\""
    export VERSION_INFO_SUFFIX=
    export ValidateForStore=YES
    export WARNING_CFLAGS=
    export WATCHOS_DEPLOYMENT_TARGET=8.7
    export WATCH_BUILT_PRODUCTS_DIR=/Users/jose/src/work/hydracamv2/build/ios-icon-profile-keepeyeonball-ipad/Build/Products/Profile-watchos
    export WORKSPACE_PATH=/Users/jose/src/work/hydracamv2/ios/Runner.xcworkspace
    export WRAPPER_EXTENSION=app
    export WRAPPER_NAME=Runner.app
    export WRAPPER_PREFIX=
    export WRAPPER_SUFFIX=.app
    export WRAP_ASSET_PACKS_IN_SEPARATE_DIRECTORIES=NO
    export XCODE_APP_SUPPORT_DIR=/Applications/Xcode.app/Contents/Developer/Library/Xcode
    export XCODE_DEVELOPER_DIR_PATH=
    export XCODE_PRODUCT_BUILD_VERSION=17F42
    export XCODE_VERSION_ACTUAL=2650
    export XCODE_VERSION_MAJOR=2600
    export XCODE_VERSION_MINOR=2650
    export XCSTRINGS_FORCE_BUILD_ALL_STRINGS=NO
    export XCSTRINGS_LANGUAGES_TO_COMPILE=
    export XIB_COMPILER_INFOPLIST_CONTENT_FILE=/Users/jose/src/work/hydracamv2/build/ios-icon-profile-keepeyeonball-ipad/Build/Intermediates.noindex/Runner.build/Profile-iphoneos/Runner.build/-PartialInfo.plist
    export XPCSERVICES_FOLDER_PATH=Runner.app/XPCServices
    export XPC_FLAGS=0x0
    export XPC_SERVICE_NAME=0
    export XROS_DEPLOYMENT_TARGET=1.3
    export YACC=yacc
    export YACCFLAGS=
    export YACC_GENERATED_FILE_STEM=Standard
    export YACC_GENERATE_DEBUGGING_DIRECTIVES=NO
    export YACC_INSERT_LINE_DIRECTIVES=YES
    export ZSH=/Users/jose/.oh-my-zsh
    export ZSH_TMUX_AUTOSTART=false
    export ZSH_TMUX_AUTOSTARTED=true
    export _=/usr/bin/xcodebuild
    export _CLANG_ENABLE_TYPED_ALLOCATOR_SUPPORT_DEFAULT=compiler-default
    export _CLANG_ENABLE_TYPED_ALLOCATOR_SUPPORT_DEFAULT_ENHANCED_SECURITY_NO=compiler-default
    export _CLANG_ENABLE_TYPED_ALLOCATOR_SUPPORT_DEFAULT_ENHANCED_SECURITY_YES=YES
    export _CLANG_TRIVIAL_AUTO_VAR_INIT_DEFAULT=default
    export _CLANG_TRIVIAL_AUTO_VAR_INIT_DEFAULT_ENABLE_ZERO_INIT_NO=default
    export _CLANG_TRIVIAL_AUTO_VAR_INIT_DEFAULT_ENABLE_ZERO_INIT_YES=zero
    export _DISCOVER_COMMAND_LINE_LINKER_INPUTS=YES
    export _DISCOVER_COMMAND_LINE_LINKER_INPUTS_INCLUDE_WL=YES
    export _LD_MULTIARCH=YES
    export _PREFIXED_SWIFT_VERSION=_5.0
    export _REZ_PREFIX_FILE=/Users/jose/src/work/hydracamv2/ios/
    export _UNSAFE_BUFFER_USAGE_DEFAULT=DEFAULT
    export _UNSAFE_BUFFER_USAGE_DEFAULT_ENABLE_SAFE_BUFFERS_NO=DEFAULT
    export _UNSAFE_BUFFER_USAGE_DEFAULT_ENABLE_SAFE_BUFFERS_YES=YES_ERROR
    export _WRAPPER_CONTENTS_DIR=
    export _WRAPPER_CONTENTS_DIR_SHALLOW_BUNDLE_NO=/Contents
    export _WRAPPER_PARENT_PATH=
    export _WRAPPER_PARENT_PATH_SHALLOW_BUNDLE_NO=/..
    export _WRAPPER_RESOURCES_DIR=
    export _WRAPPER_RESOURCES_DIR_SHALLOW_BUNDLE_NO=/Resources
    export __CFBundleIdentifier=com.openai.codex
    export __CF_USER_TEXT_ENCODING="0x1F5:0x0:0x0"
    export __CLANG_ANALYZER_DIVIDE_BY_ZERO_NO_SILENCE_STRING=core.DivideZero
    export __CLANG_ANALYZER_DIVIDE_BY_ZERO_YES_SILENCE_STRING=.
    export __CLANG_ANALYZER_NULL_DEREFERENCE_NO_SILENCE_STRING=core.NullDereference
    export __CLANG_ANALYZER_NULL_DEREFERENCE_YES_SILENCE_STRING=.
    export __CLANG_ANALYZER_SILENCE_CHECKERS=YES
    export __CLANG_ANALYZER_SILENCE_CHECKERS_LIST=".;."
    export __CPP_PREFIX_HEADER=
    export __CREATE_INFOPLIST_SECTION_IN_BINARY=NO
    export __DIAGNOSE_DEPRECATED_ARCHS=YES
    export __ENHANCED_SECURITY_OR_BOUNDS_SAFE_BUFFERS=NO
    export __ENHANCED_SECURITY_OR_BOUNDS_SAFE_BUFFERS_NO_NO=NO
    export __ENHANCED_SECURITY_OR_BOUNDS_SAFE_BUFFERS_NO_YES=YES
    export __ENHANCED_SECURITY_OR_BOUNDS_SAFE_BUFFERS_YES_NO=YES
    export __ENHANCED_SECURITY_OR_BOUNDS_SAFE_BUFFERS_YES_YES=YES
    export __IIG_DEPLOYMENT_TARGET__=13.0
    export __IIG_FRAMEWORK_NAME__=com.apple.product-type.application
    export __INPUT_FILE_LIST_PATH__=
    export __IS_NOT_MACOS=YES
    export __IS_NOT_MACOS_macosx=NO
    export __IS_NOT_SIMULATOR=YES
    export __IS_NOT_SIMULATOR_simulator=NO
    export __LIBRARY_HARDENING_DEFAULT_VALUE=
    export __LIBRARY_HARDENING_DEFAULT_VALUE_OPT_LEVEL_0_ENHANCED_SECURITY_OR_BOUNDS_SAFE_BUFFERS_NO=debug
    export __LIBRARY_HARDENING_DEFAULT_VALUE_OPT_LEVEL_0_ENHANCED_SECURITY_OR_BOUNDS_SAFE_BUFFERS_YES=debug
    export __LIBRARY_HARDENING_DEFAULT_VALUE_OPT_LEVEL_1_ENHANCED_SECURITY_OR_BOUNDS_SAFE_BUFFERS_YES=fast
    export __LIBRARY_HARDENING_DEFAULT_VALUE_OPT_LEVEL_2_ENHANCED_SECURITY_OR_BOUNDS_SAFE_BUFFERS_YES=fast
    export __LIBRARY_HARDENING_DEFAULT_VALUE_OPT_LEVEL_3_ENHANCED_SECURITY_OR_BOUNDS_SAFE_BUFFERS_YES=fast
    export __LIBRARY_HARDENING_DEFAULT_VALUE_OPT_LEVEL_fast_ENHANCED_SECURITY_OR_BOUNDS_SAFE_BUFFERS_YES=fast
    export __LIBRARY_HARDENING_DEFAULT_VALUE_OPT_LEVEL_s_ENHANCED_SECURITY_OR_BOUNDS_SAFE_BUFFERS_YES=fast
    export __LIBRARY_HARDENING_DEFAULT_VALUE_OPT_LEVEL_z_ENHANCED_SECURITY_OR_BOUNDS_SAFE_BUFFERS_YES=fast
    export __OTHER_IIG_CFLAGS__=YES
    export __SWIFT_ENFORCE_EXCLUSIVE_ACCESS_DEBUG_ENFORCEMENT_DEBUG=YES
    export __SWIFT_ENFORCE_EXCLUSIVE_ACCESS_DEBUG_ENFORCEMENT_RELEASE=YES
    export __infoplist_absolute__=/Users/jose/src/work/hydracamv2/build/ios-icon-profile-keepeyeonball-ipad/Build/Products/Profile-iphoneos/Runner.app
    export __infoplist_subpath__=Info.plist
    export __no_validate_extension__=YES
    export _exclude_ds_store_files_=
    export _resolve_src_symlinks_=
    export arch=undefined_arch
    export build_file_compiler_flags=
    export diagnostic_message_length=0
    export mig_generate_client_sources=YES
    export mig_generate_server_sources=NO
    export print_note_include_stack=YES
    export variant=normal
    /bin/sh -c /var/folders/6s/dp27g8gn26j9mp36sjfxb9tw0000gn/T/SchemeScriptAction-AhxHOM.sh
Warning: unknown environment variable SWIFT_DEBUG_INFORMATION_FORMAT
Warning: unknown environment variable SWIFT_DEBUG_INFORMATION_VERSION
Warning: unknown environment variable SWIFT_DEBUG_INFORMATION_FORMAT
Warning: unknown environment variable SWIFT_DEBUG_INFORMATION_VERSION
Warning: unknown environment variable SWIFT_DEBUG_INFORMATION_FORMAT
Warning: unknown environment variable SWIFT_DEBUG_INFORMATION_VERSION
Warning: unknown environment variable SWIFT_DEBUG_INFORMATION_FORMAT
Warning: unknown environment variable SWIFT_DEBUG_INFORMATION_VERSION

CreateBuildRequest

SendProjectDescription

CreateBuildOperation

** CLEAN SUCCEEDED **

Run pre-actions

SchemeAction Run\ Prepare\ Flutter\ Framework\ Script /var/folders/6s/dp27g8gn26j9mp36sjfxb9tw0000gn/T/SchemeScriptAction-qWg46U.sh
    cd /var/folders/6s/dp27g8gn26j9mp36sjfxb9tw0000gn/T/
    export ACTION=build
    export ADDITIONAL_SDKS=
    export AD_HOC_CODE_SIGNING_ALLOWED=NO
    export AGGREGATE_TRACKED_DOMAINS=YES
    export ALLOW_BUILD_REQUEST_OVERRIDES=NO
    export ALLOW_TARGET_PLATFORM_SPECIALIZATION=NO
    export ALL_OTHER_LDFLAGS="   -ObjC -framework \"PhotosUI\" -framework \"disk_space_plus\" -framework \"permission_handler_apple\" -framework \"photo_manager\"    "
    export ALL_OTHER_LIBTOOLFLAGS="    "
    export ALTERNATE_GROUP=staff
    export ALTERNATE_LINKER=
    export ALTERNATE_MODE=u+w,go-w,a+rX
    export ALTERNATE_OWNER=jose
    export ALTERNATE_PERMISSIONS_FILES=
    export ALTERNATIVE_DISTRIBUTION_WEB=NO
    export ALWAYS_EMBED_SWIFT_STANDARD_LIBRARIES=YES
    export ALWAYS_SEARCH_USER_PATHS=NO
    export ALWAYS_USE_SEPARATE_HEADERMAPS=NO
    export ANDROID_HOME=/Users/jose/Library/Android/sdk
    export APPLE_INTERNAL_DEVELOPER_DIR=/AppleInternal/Developer
    export APPLE_INTERNAL_DIR=/AppleInternal
    export APPLE_INTERNAL_DOCUMENTATION_DIR=/AppleInternal/Documentation
    export APPLE_INTERNAL_LIBRARY_DIR=/AppleInternal/Library
    export APPLE_INTERNAL_TOOLS=/AppleInternal/Developer/Tools
    export APPLICATION_EXTENSION_API_ONLY=NO
    export APPLY_RULES_IN_COPY_FILES=NO
    export APPLY_RULES_IN_COPY_HEADERS=NO
    export APP_INTENTS_DEPLOYMENT_POSTPROCESSING=NO
    export APP_INTENTS_DEPLOYMENT_TARGET=13.0
    export APP_INTENTS_METADATA_PATH=/Metadata.appintents
    export APP_INTENTS_PLATFORM_FAMILY=
    export APP_PLAYGROUND_ASSET_CATALOG_GENERATOR=appleProductTypesTool
    export APP_PLAYGROUND_GENERATED_ASSET_CATALOG_APPICON_NAME=AppIcon
    export APP_PLAYGROUND_GENERATED_ASSET_CATALOG_FILE=/Users/jose/src/work/hydracamv2/build/ios-icon-profile-keepeyeonball-ipad/Build/Intermediates.noindex/Runner.build/Profile-iphoneos/Runner.build/DerivedSources/AppPlaygroundDefaultAssetCatalog.xcassets
    export APP_PLAYGROUND_GENERATED_ASSET_CATALOG_GLOBAL_ACCENT_COLOR_NAME=
    export APP_PLAYGROUND_GENERATED_ASSET_CATALOG_PLACEHOLDER_APPICON=
    export APP_PLAYGROUND_GENERATED_ASSET_CATALOG_PRESET_ACCENT_COLOR=
    export APP_PLAYGROUND_GENERATE_ASSET_CATALOG=NO
    export APP_SHORTCUTS_ENABLE_FLEXIBLE_MATCHING=YES
    export ARCHS=arm64
    export ARCHS_BASE=arm64
    export ARCHS_STANDARD=arm64
    export ARCHS_STANDARD_32_64_BIT="armv7 arm64"
    export ARCHS_STANDARD_32_BIT=armv7
    export ARCHS_STANDARD_64_BIT=arm64
    export ARCHS_STANDARD_INCLUDING_64_BIT=arm64
    export ARCHS_UNIVERSAL_IPHONE_OS="armv7 arm64"
    export ARC_LINKER_ARG_LINKER_DRIVER=-fobjc-arc
    export ARC_LINKER_ARG_LINKER_DRIVER_clang=-fobjc-arc
    export ARC_LINKER_ARG_LINKER_DRIVER_swiftc=
    export ASSETCATALOG_COMPILER_APPICON_NAME=AppIcon
    export ASSETCATALOG_COMPILER_BUNDLE_IDENTIFIER=com.keepeyeonball
    export ASSETCATALOG_COMPILER_COMPLICATION_NAME=
    export ASSETCATALOG_COMPILER_COMPRESS_PNGS=YES
    export ASSETCATALOG_COMPILER_DEPENDENCY_INFO_FILE=/Users/jose/src/work/hydracamv2/build/ios-icon-profile-keepeyeonball-ipad/Build/Intermediates.noindex/Runner.build/Profile-iphoneos/Runner.build/assetcatalog_dependencies
    export ASSETCATALOG_COMPILER_ENABLE_ON_DEMAND_RESOURCES=YES
    export ASSETCATALOG_COMPILER_FLATTENED_APP_ICON_PATH=
    export ASSETCATALOG_COMPILER_GENERATE_ASSET_SYMBOLS=YES
    export ASSETCATALOG_COMPILER_GENERATE_ASSET_SYMBOL_BACKWARDS_DEPLOYMENT_SUPPORT=
    export ASSETCATALOG_COMPILER_GENERATE_ASSET_SYMBOL_ERRORS=YES
    export ASSETCATALOG_COMPILER_GENERATE_ASSET_SYMBOL_FRAMEWORKS="SwiftUI UIKit AppKit"
    export ASSETCATALOG_COMPILER_GENERATE_ASSET_SYMBOL_INDEX_PATH=/Users/jose/src/work/hydracamv2/build/ios-icon-profile-keepeyeonball-ipad/Build/Intermediates.noindex/Runner.build/Profile-iphoneos/Runner.build/DerivedSources/GeneratedAssetSymbols-Index.plist
    export ASSETCATALOG_COMPILER_GENERATE_ASSET_SYMBOL_WARNINGS=YES
    export ASSETCATALOG_COMPILER_GENERATE_OBJC_ASSET_SYMBOLS_PATH=/Users/jose/src/work/hydracamv2/build/ios-icon-profile-keepeyeonball-ipad/Build/Intermediates.noindex/Runner.build/Profile-iphoneos/Runner.build/DerivedSources/GeneratedAssetSymbols.h
    export ASSETCATALOG_COMPILER_GENERATE_SWIFT_ASSET_SYMBOLS_PATH=/Users/jose/src/work/hydracamv2/build/ios-icon-profile-keepeyeonball-ipad/Build/Intermediates.noindex/Runner.build/Profile-iphoneos/Runner.build/DerivedSources/GeneratedAssetSymbols.swift
    export ASSETCATALOG_COMPILER_GENERATE_SWIFT_ASSET_SYMBOL_EXTENSIONS=YES
    export ASSETCATALOG_COMPILER_GLOBAL_ACCENT_COLOR_NAME=
    export ASSETCATALOG_COMPILER_INCLUDED_LANGUAGES=
    export ASSETCATALOG_COMPILER_INCLUDE_ALL_APPICON_ASSETS=NO
    export ASSETCATALOG_COMPILER_INCLUDE_INFOPLIST_LOCALIZATIONS=YES
    export ASSETCATALOG_COMPILER_INCLUDE_STICKER_CONTENT=NO
    export ASSETCATALOG_COMPILER_INFOPLIST_CONTENT_FILE=/Users/jose/src/work/hydracamv2/build/ios-icon-profile-keepeyeonball-ipad/Build/Intermediates.noindex/Runner.build/Profile-iphoneos/Runner.build/assetcatalog_generated_info.plist
    export ASSETCATALOG_COMPILER_LAUNCHIMAGE_NAME=
    export ASSETCATALOG_COMPILER_LEADERBOARD_IDENTIFIER_PREFIX=
    export ASSETCATALOG_COMPILER_LEADERBOARD_SET_IDENTIFIER_PREFIX=
    export ASSETCATALOG_COMPILER_OPTIMIZATION=
    export ASSETCATALOG_COMPILER_OUTPUT_DIR=
    export ASSETCATALOG_COMPILER_SKIP_APP_STORE_DEPLOYMENT=
    export ASSETCATALOG_COMPILER_STANDALONE_ICON_BEHAVIOR=default
    export ASSETCATALOG_COMPILER_STICKER_PACK_IDENTIFIER_PREFIX=
    export ASSETCATALOG_COMPILER_STICKER_PACK_STRINGS=
    export ASSETCATALOG_COMPILER_TARGET_STICKERS_ICON_ROLE=
    export ASSETCATALOG_COMPILER_WIDGET_BACKGROUND_COLOR_NAME=
    export ASSETCATALOG_EXEC=actool
    export ASSETCATALOG_FILTER_FOR_DEVICE_MODEL=iPad7,5
    export ASSETCATALOG_FILTER_FOR_DEVICE_OS_VERSION=17.7.11
    export ASSETCATALOG_FILTER_FOR_THINNING_DEVICE_CONFIGURATION=iPad7,5
    export ASSETCATALOG_LIGHTWEIGHT_ASSET_RUNTIME_MODE=default
    export ASSETCATALOG_NOTICES=YES
    export ASSETCATALOG_OTHER_FLAGS=
    export ASSETCATALOG_OUTPUT_FORMAT=human-readable-text
    export ASSETCATALOG_WARNINGS=YES
    export ASSET_PACK_MANIFEST_URL_PREFIX=
    export AUTOMATICALLY_MERGE_DEPENDENCIES=NO
    export AUTOMATION_APPLE_EVENTS=NO
    export AVAILABLE_PLATFORMS="appletvos appletvsimulator driverkit iphoneos iphonesimulator macosx watchos watchsimulator xros xrsimulator"
    export AdditionalInfoFileKeys=
    export AdditionalInfoFileValues=
    export BUILD_ACTIVE_RESOURCES_ONLY=YES
    export BUILD_COMPONENTS=
    export BUILD_DIR=/Users/jose/src/work/hydracamv2/build/ios-icon-profile-keepeyeonball-ipad/Build/Products
    export BUILD_LIBRARY_FOR_DISTRIBUTION=NO
    export BUILD_ONLY_KNOWN_LOCALIZATIONS=NO
    export BUILD_ROOT=/Users/jose/src/work/hydracamv2/build/ios-icon-profile-keepeyeonball-ipad/Build/Products
    export BUILD_STYLE=Profile
    export BUILD_VARIANTS=normal
    export BUILT_PRODUCTS_DIR=/Users/jose/src/work/hydracamv2/build/ios-icon-profile-keepeyeonball-ipad/Build/Products/Profile-iphoneos
    export BUNDLE_CONTENTS_FOLDER_PATH=
    export BUNDLE_CONTENTS_FOLDER_PATH_deep=Contents/
    export BUNDLE_EXECUTABLE_FOLDER_NAME_deep=MacOS
    export BUNDLE_EXECUTABLE_FOLDER_PATH=
    export BUNDLE_EXTENSIONS_FOLDER_PATH=Extensions
    export BUNDLE_FORMAT=shallow
    export BUNDLE_FRAMEWORKS_FOLDER_PATH=Frameworks
    export BUNDLE_LOADER=
    export BUNDLE_PLUGINS_FOLDER_PATH=PlugIns
    export BUNDLE_PRIVATE_HEADERS_FOLDER_PATH=PrivateHeaders
    export BUNDLE_PUBLIC_HEADERS_FOLDER_PATH=Headers
    export CACHE_ROOT=/var/folders/6s/dp27g8gn26j9mp36sjfxb9tw0000gn/C/com.apple.DeveloperTools/26.5-17F42/Xcode
    export CC=
    export CCHROOT=/var/folders/6s/dp27g8gn26j9mp36sjfxb9tw0000gn/C/com.apple.DeveloperTools/26.5-17F42/Xcode
    export CHMOD=/bin/chmod
    export CHOWN=chown
    export CLANG_ADDRESS_SANITIZER=
    export CLANG_ADDRESS_SANITIZER_ALLOW_ERROR_RECOVERY=
    export CLANG_ADDRESS_SANITIZER_CONTAINER_OVERFLOW=NO
    export CLANG_ADDRESS_SANITIZER_USE_AFTER_SCOPE=NO
    export CLANG_ALLOW_NON_MODULAR_INCLUDES_IN_FRAMEWORK_MODULES=NO
    export CLANG_ALTERNATE_LINKER=
    export CLANG_ANALYZER_DEADCODE_DEADSTORES=YES
    export CLANG_ANALYZER_DEFINES=-D__clang_analyzer__
    export CLANG_ANALYZER_DIVIDE_BY_ZERO=YES
    export CLANG_ANALYZER_EXEC=clang
    export CLANG_ANALYZER_GCD=YES
    export CLANG_ANALYZER_GCD_PERFORMANCE=NO
    export CLANG_ANALYZER_LIBKERN_RETAIN_COUNT=YES
    export CLANG_ANALYZER_LOCALIZABILITY_EMPTY_CONTEXT=NO
    export CLANG_ANALYZER_LOCALIZABILITY_NONLOCALIZED=NO
    export CLANG_ANALYZER_MALLOC=YES
    export CLANG_ANALYZER_MEMORY_MANAGEMENT=YES
    export CLANG_ANALYZER_MIG_CONVENTIONS=YES
    export CLANG_ANALYZER_NONNULL=YES
    export CLANG_ANALYZER_NULL_DEREFERENCE=YES
    export CLANG_ANALYZER_NUMBER_OBJECT_CONVERSION=YES
    export CLANG_ANALYZER_OBJC_ATSYNC=YES
    export CLANG_ANALYZER_OBJC_COLLECTIONS=YES
    export CLANG_ANALYZER_OBJC_DEALLOC=YES
    export CLANG_ANALYZER_OBJC_GENERICS=YES
    export CLANG_ANALYZER_OBJC_INCOMP_METHOD_TYPES=YES
    export CLANG_ANALYZER_OBJC_NSCFERROR=YES
    export CLANG_ANALYZER_OBJC_RETAIN_COUNT=YES
    export CLANG_ANALYZER_OBJC_SELF_INIT=YES
    export CLANG_ANALYZER_OBJC_UNUSED_IVARS=YES
    export CLANG_ANALYZER_OSOBJECT_C_STYLE_CAST=NO
    export CLANG_ANALYZER_OUTPUT=plist-multi-file
    export CLANG_ANALYZER_OUTPUT_DIR=/Users/jose/src/work/hydracamv2/build/ios-icon-profile-keepeyeonball-ipad/Build/Intermediates.noindex/Runner.build/Profile-iphoneos/Runner.build
    export CLANG_ANALYZER_REPORT_MAIN_SOURCE_FILE=YES
    export CLANG_ANALYZER_SECURITY_BUFFER_OVERFLOW_EXPERIMENTAL=NO
    export CLANG_ANALYZER_SECURITY_FLOATLOOPCOUNTER=NO
    export CLANG_ANALYZER_SECURITY_INSECUREAPI_GETPW_GETS=YES
    export CLANG_ANALYZER_SECURITY_INSECUREAPI_MKSTEMP=YES
    export CLANG_ANALYZER_SECURITY_INSECUREAPI_RAND=NO
    export CLANG_ANALYZER_SECURITY_INSECUREAPI_STRCPY=NO
    export CLANG_ANALYZER_SECURITY_INSECUREAPI_UNCHECKEDRETURN=YES
    export CLANG_ANALYZER_SECURITY_INSECUREAPI_VFORK=YES
    export CLANG_ANALYZER_SECURITY_KEYCHAIN_API=YES
    export CLANG_ANALYZER_USE_AFTER_MOVE=YES_AGGRESSIVE
    export CLANG_BOUNDS_SAFETY_BRINGUP_MISSING_CHECKS=default
    export CLANG_BOUNDS_SAFETY_BRINGUP_MISSING_CHECKS_OPT_OUTS=
    export CLANG_CLANG_COVERAGE_MAPPING_LINKER_ARGS=NO
    export CLANG_COHORT_ARCHS=
    export CLANG_COLOR_DIAGNOSTICS=NO
    export CLANG_COVERAGE_MAPPING=NO
    export CLANG_COVERAGE_MAPPING_LINKER_ARGS=NO
    export CLANG_CXX_LANGUAGE_STANDARD=gnu++0x
    export CLANG_CXX_LIBRARY=libc++
    export CLANG_CXX_STANDARD_LIBRARY_HARDENING=
    export CLANG_DEBUG_INFORMATION_LEVEL=default
    export CLANG_DEBUG_MODULES=YES
    export CLANG_DIAGNOSTICS_FILE=/Users/jose/src/work/hydracamv2/build/ios-icon-profile-keepeyeonball-ipad/Build/Intermediates.noindex/Runner.build/Profile-iphoneos/Runner.build/Metal/.dia
    export CLANG_DISABLE_CXX_MODULES=YES
    export CLANG_ENABLE_APP_EXTENSION=NO
    export CLANG_ENABLE_BOUNDS_ATTRIBUTES=NO
    export CLANG_ENABLE_BOUNDS_SAFETY=NO
    export CLANG_ENABLE_CODE_COVERAGE=YES
    export CLANG_ENABLE_COMPILE_CACHE=
    export CLANG_ENABLE_CPLUSPLUS_TYPED_ALLOCATOR_SUPPORT=compiler-default
    export CLANG_ENABLE_CPP_STATIC_DESTRUCTORS=YES
    export CLANG_ENABLE_C_TYPED_ALLOCATOR_SUPPORT=compiler-default
    export CLANG_ENABLE_EXPLICIT_MODULES=YES
    export CLANG_ENABLE_MODULES=YES
    export CLANG_ENABLE_MODULE_DEBUGGING=YES
    export CLANG_ENABLE_MODULE_IMPLEMENTATION_OF=YES
    export CLANG_ENABLE_OBJC_ARC=YES
    export CLANG_ENABLE_OBJC_ARC_EXCEPTIONS=NO
    export CLANG_ENABLE_OBJC_WEAK=NO
    export CLANG_ENABLE_PREFIX_MAPPING=
    export CLANG_ENABLE_SECURITY_COMPILER_WARNINGS=NO
    export CLANG_ENABLE_STACK_ZERO_INIT=NO
    export CLANG_INDEX_STORE_COMPRESS=NO
    export CLANG_INDEX_STORE_ENABLE=YES
    export CLANG_INDEX_STORE_IGNORE_MACROS=NO
    export CLANG_INDEX_STORE_ONLY_PROJECT_FILES=NO
    export CLANG_INDEX_STORE_PATH=/Users/jose/src/work/hydracamv2/build/ios-icon-profile-keepeyeonball-ipad/Index.noindex/DataStore
    export CLANG_INSTRUMENT_FOR_OPTIMIZATION_PROFILING=NO
    export CLANG_LD_DYLIB_INSTALL_NAME=
    export CLANG_LD_EXPORT_GLOBAL_SYMBOLS=NO
    export CLANG_LD_SUPPRESS_WARNINGS=NO
    export CLANG_LD_THREAD_SANITIZER=
    export CLANG_LIBFUZZER=
    export CLANG_LINK_OBJC_RUNTIME=
    export CLANG_LINK_WITH_STANDARD_LIBRARIES=YES
    export CLANG_MACH_O_TYPE=mh_execute
    export CLANG_MACRO_BACKTRACE_LIMIT=0
    export CLANG_MODULES_AUTOLINK=YES
    export CLANG_MODULES_BUILD_SESSION_FILE=
    export CLANG_MODULES_DISABLE_PRIVATE_WARNING=NO
    export CLANG_MODULES_ENABLE_VERIFIER_TOOL=NO
    export CLANG_MODULES_IGNORE_MACROS=
    export CLANG_MODULES_PRUNE_AFTER=345600
    export CLANG_MODULES_PRUNE_INTERVAL=86400
    export CLANG_MODULES_VALIDATE_SYSTEM_HEADERS=NO
    export CLANG_MODULES_VERIFIER_VERBOSE_OUTPUT=NO
    export CLANG_MODULE_CACHE_PATH=/Users/jose/src/work/hydracamv2/build/ios-icon-profile-keepeyeonball-ipad/ModuleCache.noindex
    export CLANG_MODULE_LSV=NO
    export CLANG_OMIT_FRAME_POINTERS=compiler-default
    export CLANG_OPTIMIZATION_PROFILE_FILE=/Users/jose/src/work/hydracamv2/ios/OptimizationProfiles/Runner.profdata
    export CLANG_OTHER_PREFIX_MAPPINGS=
    export CLANG_RESOURCE_DIR_CLANG=
    export CLANG_RESOURCE_DIR_SWIFTC=
    export CLANG_RETAIN_COMMENTS_FROM_SYSTEM_HEADERS=NO
    export CLANG_SANITIZER_COVERAGE=
    export CLANG_SDKROOT_LINKER_INPUT=iphoneos26.5
    export CLANG_STATIC_ANALYZER_MODE=shallow
    export CLANG_STATIC_ANALYZER_MODE_ACTION_deep=
    export CLANG_STATIC_ANALYZER_MODE_ACTION_shallow=Shallow
    export CLANG_STATIC_ANALYZER_MODE_ON_ANALYZE_ACTION=deep
    export CLANG_SYSTEM_FRAMEWORK_SEARCH_PATHS=
    export CLANG_TARGET_TRIPLE_ARCHS=undefined_arch
    export CLANG_THREAD_SANITIZER=
    export CLANG_TIDY_BUGPRONE_ASSERT_SIDE_EFFECT=YES
    export CLANG_TIDY_BUGPRONE_INFINITE_LOOP=YES
    export CLANG_TIDY_BUGPRONE_MOVE_FORWARDING_REFERENCE=YES
    export CLANG_TIDY_BUGPRONE_REDUNDANT_BRANCH_CONDITION=NO
    export CLANG_TIDY_MISC_REDUNDANT_EXPRESSION=NO
    export CLANG_TRIVIAL_AUTO_VAR_INIT=default
    export CLANG_UNDEFINED_BEHAVIOR_SANITIZER=
    export CLANG_UNDEFINED_BEHAVIOR_SANITIZER_INTEGER=NO
    export CLANG_UNDEFINED_BEHAVIOR_SANITIZER_NULLABILITY=NO
    export CLANG_UNDEFINED_BEHAVIOR_SANITIZER_TRAP_ON_SECURITY_ISSUES=NO
    export CLANG_UNDEFINED_BEHAVIOR_SANITIZER_TRAP_ON_SECURITY_ISSUES_OPT=YES
    export CLANG_USE_OPTIMIZATION_PROFILE=NO
    export CLANG_USE_RESPONSE_FILE=YES
    export CLANG_WARN_ASSIGN_ENUM=NO
    export CLANG_WARN_ATOMIC_IMPLICIT_SEQ_CST=NO
    export CLANG_WARN_BLOCK_CAPTURE_AUTORELEASING=YES
    export CLANG_WARN_BOOL_CONVERSION=YES
    export CLANG_WARN_COMMA=YES
    export CLANG_WARN_COMPLETION_HANDLER_MISUSE=NO
    export CLANG_WARN_CONSTANT_CONVERSION=YES
    export CLANG_WARN_CXX0X_EXTENSIONS=NO
    export CLANG_WARN_DELETE_NON_VIRTUAL_DTOR=YES
    export CLANG_WARN_DEPRECATED_OBJC_IMPLEMENTATIONS=YES
    export CLANG_WARN_DIRECT_OBJC_ISA_USAGE=YES_ERROR
    export CLANG_WARN_DOCUMENTATION_COMMENTS=NO
    export CLANG_WARN_EMPTY_BODY=YES
    export CLANG_WARN_ENUM_CONVERSION=YES
    export CLANG_WARN_FLOAT_CONVERSION=NO
    export CLANG_WARN_FRAMEWORK_INCLUDE_PRIVATE_FROM_PUBLIC=NO
    export CLANG_WARN_IMPLICIT_FALLTHROUGH=NO
    export CLANG_WARN_IMPLICIT_SIGN_CONVERSION=NO
    export CLANG_WARN_INFINITE_RECURSION=YES
    export CLANG_WARN_INT_CONVERSION=YES
    export CLANG_WARN_MISSING_NOESCAPE=YES
    export CLANG_WARN_NON_LITERAL_NULL_CONVERSION=YES
    export CLANG_WARN_NULLABLE_TO_NONNULL_CONVERSION=NO
    export CLANG_WARN_OBJC_EXPLICIT_OWNERSHIP_TYPE=NO
    export CLANG_WARN_OBJC_IMPLICIT_ATOMIC_PROPERTIES=NO
    export CLANG_WARN_OBJC_IMPLICIT_RETAIN_SELF=YES
    export CLANG_WARN_OBJC_INTERFACE_IVARS=NO
    export CLANG_WARN_OBJC_LITERAL_CONVERSION=YES
    export CLANG_WARN_OBJC_MISSING_PROPERTY_SYNTHESIS=NO
    export CLANG_WARN_OBJC_REPEATED_USE_OF_WEAK=NO
    export CLANG_WARN_OBJC_ROOT_CLASS=YES_ERROR
    export CLANG_WARN_PRAGMA_PACK=YES
    export CLANG_WARN_PRIVATE_MODULE=YES
    export CLANG_WARN_QUOTED_INCLUDE_IN_FRAMEWORK_HEADER=NO
    export CLANG_WARN_RANGE_LOOP_ANALYSIS=YES
    export CLANG_WARN_SEMICOLON_BEFORE_METHOD_BODY=NO
    export CLANG_WARN_STRICT_PROTOTYPES=YES
    export CLANG_WARN_SUSPICIOUS_IMPLICIT_CONVERSION=NO
    export CLANG_WARN_SUSPICIOUS_MOVE=YES
    export CLANG_WARN_UNGUARDED_AVAILABILITY=YES
    export CLANG_WARN_UNREACHABLE_CODE=YES
    export CLANG_WARN_UNSAFE_BUFFER_USAGE=DEFAULT
    export CLANG_WARN_VEXING_PARSE=YES
    export CLANG_WARN_XNU_TYPED_ALLOCATORS=DEFAULT
    export CLANG_WARN__ARC_BRIDGE_CAST_NONARC=YES
    export CLANG_WARN__DUPLICATE_METHOD_MATCH=YES
    export CLANG_WARN__EXIT_TIME_DESTRUCTORS=NO
    export CLANG_X86_VECTOR_INSTRUCTIONS=default
    export CLANG__INPUT_FILE_LIST_PATH__=
    export CLASS_FILE_DIR=/Users/jose/src/work/hydracamv2/build/ios-icon-profile-keepeyeonball-ipad/Build/Intermediates.noindex/Runner.build/Profile-iphoneos/Runner.build/JavaClasses
    export CLEAN_PRECOMPS=YES
    export CLONE_HEADERS=NO
    export COCOAPODS_PARALLEL_CODE_SIGN=true
    export CODESIGNING_FOLDER_PATH=/Users/jose/src/work/hydracamv2/build/ios-icon-profile-keepeyeonball-ipad/Build/Products/Profile-iphoneos/Runner.app
    export CODEX_CI=1
    export CODEX_INTERNAL_ORIGINATOR_OVERRIDE="Codex Desktop"
    export CODEX_SHELL=1
    export CODEX_THREAD_ID=019eaa13-8366-7a61-a196-117eb23dc3bc
    export CODE_SIGNING_ALLOWED=YES
    export CODE_SIGNING_REQUIRED=YES
    export CODE_SIGN_CONTEXT_CLASS=XCiPhoneOSCodeSignContext
    export CODE_SIGN_ENTITLEMENTS=
    export CODE_SIGN_IDENTITY="iPhone Developer"
    export CODE_SIGN_INJECT_BASE_ENTITLEMENTS=YES
    export CODE_SIGN_KEYCHAIN=
    export CODE_SIGN_LOCAL_EXECUTION_IDENTITY=
    export CODE_SIGN_RESOURCE_RULES_IN_BUNDLE=
    export CODE_SIGN_STYLE=Automatic
    export COHORT_ARCHS=
    export COHORT_BASE_ARCH=
    export COLORTERM=
    export COLOR_DIAGNOSTICS=NO
    export COMBINE_HIDPI_IMAGES=NO
    export COMMAND_MODE=unix2003
    export COMPILATION_CACHE_ENABLE_CACHING=
    export COMPILATION_CACHE_ENABLE_DIAGNOSTIC_REMARKS=
    export COMPILER_INDEX_STORE_ENABLE=Default
    export COMPOSITE_SDK_DIRS=/Users/jose/src/work/hydracamv2/build/ios-icon-profile-keepeyeonball-ipad/Build/Intermediates.noindex/CompositeSDKs
    export COMPRESS_PNG_FILES=YES
    export COMPRESS_TIFF_FILES_WHILE_COPYING=NO
    export CONFIGURATION=Profile
    export CONFIGURATION_BUILD_DIR=/Users/jose/src/work/hydracamv2/build/ios-icon-profile-keepeyeonball-ipad/Build/Products/Profile-iphoneos
    export CONFIGURATION_TEMP_DIR=/Users/jose/src/work/hydracamv2/build/ios-icon-profile-keepeyeonball-ipad/Build/Intermediates.noindex/Runner.build/Profile-iphoneos
    export CONTENTS_FOLDER_PATH=Runner.app
    export CONTENTS_FOLDER_PATH_SHALLOW_BUNDLE_NO=Runner.app/Contents
    export CONTENTS_FOLDER_PATH_SHALLOW_BUNDLE_YES=Runner.app
    export COPYING_PRESERVES_HFS_DATA=NO
    export COPY_HEADERS_RUN_UNIFDEF=NO
    export COPY_HEADERS_UNIFDEF_FLAGS=
    export COPY_PHASE_STRIP=NO
    export COREML_CODEGEN_LANGUAGE=Automatic
    export COREML_CODEGEN_SWIFT_GLOBAL_MODULE=NO
    export COREML_CODEGEN_SWIFT_VERSION=5.0
    export COREML_COMPILER_CONTAINER=bundle-resources
    export COREML_COMPILER_INFOPLIST_CONTENT_FILE=/Users/jose/src/work/hydracamv2/build/ios-icon-profile-keepeyeonball-ipad/Build/Intermediates.noindex/Runner.build/Profile-iphoneos/Runner.build/-CoreMLPartialInfo.plist
    export COREML_DEPLOYMENT_TARGET=13.0
    export COREML_DEPLOYMENT_TARGET__NO=13.0
    export COREML_DEPLOYMENT_TARGET__YES=13.0
    export COREML_PLATFORM_NAME=ios
    export COREML_PLATFORM_NAME__NO=ios
    export COREML_PLATFORM_NAME__YES=maccatalyst
    export CORRESPONDING_SIMULATOR_PLATFORM_DIR=/Applications/Xcode.app/Contents/Developer/Platforms/iPhoneSimulator.platform
    export CORRESPONDING_SIMULATOR_PLATFORM_NAME=iphonesimulator
    export CORRESPONDING_SIMULATOR_SDK_DIR=/Applications/Xcode.app/Contents/Developer/Platforms/iPhoneSimulator.platform/Developer/SDKs/iPhoneSimulator26.5.sdk
    export CORRESPONDING_SIMULATOR_SDK_NAME=iphonesimulator26.5
    export CP=/bin/cp
    export CPP_HEADERMAP_FILE=/Users/jose/src/work/hydracamv2/build/ios-icon-profile-keepeyeonball-ipad/Build/Intermediates.noindex/Runner.build/Profile-iphoneos/Runner.build/Runner.hmap
    export CPP_HEADERMAP_FILE_FOR_ALL_NON_FRAMEWORK_TARGET_HEADERS=/Users/jose/src/work/hydracamv2/build/ios-icon-profile-keepeyeonball-ipad/Build/Intermediates.noindex/Runner.build/Profile-iphoneos/Runner.build/Runner-all-non-framework-target-headers.hmap
    export CPP_HEADERMAP_FILE_FOR_ALL_TARGET_HEADERS=/Users/jose/src/work/hydracamv2/build/ios-icon-profile-keepeyeonball-ipad/Build/Intermediates.noindex/Runner.build/Profile-iphoneos/Runner.build/Runner-all-target-headers.hmap
    export CPP_HEADERMAP_FILE_FOR_GENERATED_FILES=/Users/jose/src/work/hydracamv2/build/ios-icon-profile-keepeyeonball-ipad/Build/Intermediates.noindex/Runner.build/Profile-iphoneos/Runner.build/Runner-generated-files.hmap
    export CPP_HEADERMAP_FILE_FOR_OWN_TARGET_HEADERS=/Users/jose/src/work/hydracamv2/build/ios-icon-profile-keepeyeonball-ipad/Build/Intermediates.noindex/Runner.build/Profile-iphoneos/Runner.build/Runner-own-target-headers.hmap
    export CPP_HEADERMAP_FILE_FOR_PROJECT_FILES=/Users/jose/src/work/hydracamv2/build/ios-icon-profile-keepeyeonball-ipad/Build/Intermediates.noindex/Runner.build/Profile-iphoneos/Runner.build/Runner-project-headers.hmap
    export CPP_HEADERMAP_PRODUCT_HEADERS_VFS_FILE=/Users/jose/src/work/hydracamv2/build/ios-icon-profile-keepeyeonball-ipad/Build/Intermediates.noindex/Runner.build/Profile-iphoneos/Runner--VFS-iphoneos/all-product-headers.yaml
    export CPP_HEADER_SYMLINKS_DIR=/Users/jose/src/work/hydracamv2/build/ios-icon-profile-keepeyeonball-ipad/Build/Intermediates.noindex/Runner.build/Profile-iphoneos/Runner.build/Runner.hdrs
    export CREATE_INFOPLIST_SECTION_IN_BINARY=NO
    export CURRENT_ARCH=undefined_arch
    export CURRENT_PROJECT_VERSION=16
    export CURRENT_VARIANT=normal
    export CURRENT_VERSION=
    export C_COMPILER_LAUNCHER=
    export CodeSignEntitlements=
    export CodeSignResourceRules=
    export DART_DEFINES=SFlEUkFDQU1fQVVUT01BVElPTj10cnVl,SFlEUkFDQU1fQVVUT01BVElPTl9QT1JUPTQ3NjI=,RkxVVFRFUl9WRVJTSU9OPTMuNDQuMQ==,RkxVVFRFUl9DSEFOTkVMPXN0YWJsZQ==,RkxVVFRFUl9HSVRfVVJMPWh0dHBzOi8vZ2l0aHViLmNvbS9mbHV0dGVyL2ZsdXR0ZXIuZ2l0,RkxVVFRFUl9GUkFNRVdPUktfUkVWSVNJT049OTI0MTM0YTQ0Yw==,RkxVVFRFUl9FTkdJTkVfUkVWSVNJT049YzQxNmFjZmViOA==,RkxVVFRFUl9EQVJUX1ZFUlNJT049My4xMi4x
    export DART_OBFUSCATION=false
    export DEAD_CODE_STRIPPING=YES
    export DEBUGGING_SYMBOLS=YES
    export DEBUG_INFORMATION_FORMAT=dwarf-with-dsym
    export DEBUG_INFORMATION_VERSION=compiler-default
    export DEFAULT_COMPILER=com.apple.compilers.llvm.clang.1_0
    export DEFAULT_DEXT_INSTALL_PATH=/System/Library/DriverExtensions
    export DEFAULT_KEXT_INSTALL_PATH=/System/Library/Extensions
    export DEFAULT_SSE_LEVEL_3_NO=default
    export DEFAULT_SSE_LEVEL_3_SUPPLEMENTAL_NO=default
    export DEFAULT_SSE_LEVEL_3_SUPPLEMENTAL_YES=ssse3
    export DEFAULT_SSE_LEVEL_3_YES=sse3
    export DEFAULT_SSE_LEVEL_4_1_NO=default
    export DEFAULT_SSE_LEVEL_4_1_YES=sse4.1
    export DEFAULT_SSE_LEVEL_4_2_NO=default
    export DEFAULT_SSE_LEVEL_4_2_YES=sse4.2
    export DEFINES_MODULE=NO
    export DEPLOYMENT_LOCATION=NO
    export DEPLOYMENT_POSTPROCESSING=NO
    export DEPLOYMENT_TARGET=13.0
    export DEPLOYMENT_TARGET_SETTING_NAME=IPHONEOS_DEPLOYMENT_TARGET
    export DEPLOYMENT_TARGET_SUGGESTED_VALUES="12.0 12.1 12.2 12.3 12.4 13.0 13.1 13.2 13.3 13.4 13.5 13.6 14.0 14.1 14.2 14.3 14.4 14.5 14.6 14.7 15.0 15.1 15.2 15.3 15.4 15.5 15.6 16.0 16.1 16.2 16.3 16.4 16.5 16.6 17.0 17.1 17.2 17.3 17.4 17.5 17.6 18.0 18.1 18.2 18.3 18.4 18.5 18.6 26.0 26.2 26.3 26.4 26.5"
    export DERIVED_DATA_DIR=/Users/jose/src/work/hydracamv2/build/ios-icon-profile-keepeyeonball-ipad
    export DERIVED_DATA_PATH=build/ios-icon-profile-keepeyeonball-ipad
    export DERIVED_FILES_DIR=/Users/jose/src/work/hydracamv2/build/ios-icon-profile-keepeyeonball-ipad/Build/Intermediates.noindex/Runner.build/Profile-iphoneos/Runner.build/DerivedSources
    export DERIVED_FILE_DIR=/Users/jose/src/work/hydracamv2/build/ios-icon-profile-keepeyeonball-ipad/Build/Intermediates.noindex/Runner.build/Profile-iphoneos/Runner.build/DerivedSources
    export DERIVED_PATHS=
    export DERIVED_SOURCES_DIR=/Users/jose/src/work/hydracamv2/build/ios-icon-profile-keepeyeonball-ipad/Build/Intermediates.noindex/Runner.build/Profile-iphoneos/Runner.build/DerivedSources
    export DERIVE_MACCATALYST_PRODUCT_BUNDLE_IDENTIFIER=NO
    export DEVELOPER_APPLICATIONS_DIR=/Applications/Xcode.app/Contents/Developer/Applications
    export DEVELOPER_BIN_DIR=/Applications/Xcode.app/Contents/Developer/usr/bin
    export DEVELOPER_DIR=/Applications/Xcode.app/Contents/Developer
    export DEVELOPER_FRAMEWORKS_DIR=/Applications/Xcode.app/Contents/Developer/Library/Frameworks
    export DEVELOPER_FRAMEWORKS_DIR_QUOTED=/Applications/Xcode.app/Contents/Developer/Library/Frameworks
    export DEVELOPER_LIBRARY_DIR=/Applications/Xcode.app/Contents/Developer/Library
    export DEVELOPER_SDK_DIR=/Applications/Xcode.app/Contents/Developer/Platforms/MacOSX.platform/Developer/SDKs
    export DEVELOPER_TOOLS_DIR=/Applications/Xcode.app/Contents/Developer/Tools
    export DEVELOPER_USR_DIR=/Applications/Xcode.app/Contents/Developer/usr
    export DEVELOPMENT_ASSET_PATHS=
    export DEVELOPMENT_LANGUAGE=en
    export DEVELOPMENT_TEAM=4RRY2QT7H8
    export DEVICE_NAME="iPad (5)"
    export DIFF=/usr/bin/diff
    export DISABLE_AUTO_UPDATE=true
    export DOCC_ANALYZE_DIAGNOSTICS=NO
    export DOCC_ARCHIVE_PATH=/Users/jose/src/work/hydracamv2/build/ios-icon-profile-keepeyeonball-ipad/Build/Products/Profile-iphoneos/Runner.doccarchive
    export DOCC_CATALOG_DISPLAY_NAME=Runner
    export DOCC_CATALOG_IDENTIFIER=com.keepeyeonball
    export DOCC_DIAGNOSTICS_FILE=/Users/jose/src/work/hydracamv2/build/ios-icon-profile-keepeyeonball-ipad/Build/Intermediates.noindex/Runner.build/Profile-iphoneos/Runner.build/Runner-diagnostics.json
    export DOCC_EMIT_FIXITS=YES
    export DOCC_ENABLE_CXX_SUPPORT=YES
    export DOCC_EXEC=docc
    export DOCC_EXTRACT_EXTENSION_SYMBOLS=YES
    export DOCC_EXTRACT_OBJC_INFO_FOR_SWIFT_SYMBOLS=NO
    export DOCC_EXTRACT_SPI_DOCUMENTATION=NO
    export DOCC_EXTRACT_SWIFT_INFO_FOR_OBJC_SYMBOLS=NO
    export DOCC_HOSTING_BASE_PATH=
    export DOCC_IDE_CONSOLE_OUTPUT=YES
    export DOCC_MINIMUM_ACCESS_LEVEL=none
    export DOCC_OUTPUT_DIGEST_INFORMATION=NO
    export DOCC_OUTPUT_DIR=/Users/jose/src/work/hydracamv2/build/ios-icon-profile-keepeyeonball-ipad/Build/Products/Profile-iphoneos
    export DOCC_OUTPUT_NAVIGATOR_INDEX=YES
    export DOCC_PRETTY_PRINT=NO
    export DOCC_SKIP_INHERITED_DOCS=NO
    export DOCC_SKIP_SYNTHESIZED_MEMBERS=NO
    export DOCC_TEMPLATE_PATH=
    export DOCC_TRANSFORM_FOR_STATIC_HOSTING=YES
    export DOCUMENTATION_FOLDER_PATH=Runner.app/en.lproj/Documentation
    export DONT_GENERATE_INFOPLIST_FILE=NO
    export DRIVERKIT_DEPLOYMENT_TARGET=20.4
    export DSTROOT=/tmp/Runner.dst
    export DSYMUTIL_DSYM_SEARCH_PATHS=
    export DSYMUTIL_QUIET_OPERATION=NO
    export DSYMUTIL_VARIANT_SUFFIX=
    export DSYMUTIL_VERBOSE=NO
    export DTRACE_OTHER_FLAGS=
    export DTRACE_OUTPUT_FILE_TYPE=Header
    export DT_TOOLCHAIN_DIR=/Applications/Xcode.app/Contents/Developer/Toolchains/XcodeDefault.xctoolchain
    export DUMP_DEPENDENCIES=NO
    export DUMP_DEPENDENCIES_OUTPUT_PATH=/Users/jose/src/work/hydracamv2/build/ios-icon-profile-keepeyeonball-ipad/Build/Intermediates.noindex/Runner.build/Profile-iphoneos/Runner.build/Runner-BuildDependencyInfo.json
    export DWARF_DSYM_FILE_NAME=Runner.app.dSYM
    export DWARF_DSYM_FILE_SHOULD_ACCOMPANY_PRODUCT=NO
    export DWARF_DSYM_FOLDER_PATH=/Users/jose/src/work/hydracamv2/build/ios-icon-profile-keepeyeonball-ipad/Build/Products/Profile-iphoneos
    export DYLIB_COMPATIBILITY_VERSION=
    export DYLIB_CURRENT_VERSION=
    export DYLIB_INSTALL_NAME_BASE=
    export EAGER_COMPILATION_ALLOW_SCRIPTS=NO
    export EAGER_LINKING=NO
    export EFFECTIVE_PLATFORM_NAME=-iphoneos
    export EFFECTIVE_PLATFORM_SUFFIX=os
    export EFFECTIVE_TOOLCHAINS_DIRS=/Applications/Xcode.app/Contents/Developer/Toolchains/XcodeDefault.xctoolchain
    export EMBEDDED_CONTENT_CONTAINS_SWIFT=NO
    export EMBEDDED_PROFILE_NAME=embedded.mobileprovision
    export EMBED_ASSET_PACKS_IN_PRODUCT_BUNDLE=NO
    export ENABLE_APPINTENTS_DEPLOYMENT_AWARE_PROCESSING=YES
    export ENABLE_APPLE_KEXT_CODE_GENERATION=NO
    export ENABLE_APP_SANDBOX=NO
    export ENABLE_ASSISTANT_INTENTS_PROVIDER_VALIDATION=YES
    export ENABLE_BITCODE=NO
    export ENABLE_CODE_COVERAGE=YES
    export ENABLE_COHORT_ARCHS=NO
    export ENABLE_CPLUSPLUS_BOUNDS_SAFE_BUFFERS=NO
    export ENABLE_C_BOUNDS_SAFETY=NO
    export ENABLE_DEBUG_DYLIB=YES
    export ENABLE_DEFAULT_HEADER_SEARCH_PATHS=YES
    export ENABLE_DEFAULT_SEARCH_PATHS=YES
    export ENABLE_ENHANCED_SECURITY=NO
    export ENABLE_FILE_ACCESS_DOWNLOADS_FOLDER=
    export ENABLE_FILE_ACCESS_MOVIES_FOLDER=
    export ENABLE_FILE_ACCESS_MUSIC_FOLDER=
    export ENABLE_FILE_ACCESS_PICTURE_FOLDER=
    export ENABLE_HARDENED_RUNTIME=NO
    export ENABLE_HEADER_DEPENDENCIES=YES
    export ENABLE_INCOMING_NETWORK_CONNECTIONS=NO
    export ENABLE_INCREMENTAL_DISTILL=NO
    export ENABLE_MODULE_VERIFIER=YES
    export ENABLE_NS_ASSERTIONS=NO
    export ENABLE_ONLY_ACTIVE_RESOURCES=YES
    export ENABLE_ON_DEMAND_RESOURCES=YES
    export ENABLE_OUTGOING_NETWORK_CONNECTIONS=NO
    export ENABLE_POINTER_AUTHENTICATION=NO
    export ENABLE_PREVIEWS=
    export ENABLE_RESOURCE_ACCESS_AUDIO_INPUT=NO
    export ENABLE_RESOURCE_ACCESS_BLUETOOTH=NO
    export ENABLE_RESOURCE_ACCESS_CALENDARS=NO
    export ENABLE_RESOURCE_ACCESS_CAMERA=NO
    export ENABLE_RESOURCE_ACCESS_CONTACTS=NO
    export ENABLE_RESOURCE_ACCESS_LOCATION=NO
    export ENABLE_RESOURCE_ACCESS_PHOTO_LIBRARY=NO
    export ENABLE_RESOURCE_ACCESS_PRINTING=NO
    export ENABLE_RESOURCE_ACCESS_USB=NO
    export ENABLE_SDK_IMPORTS=NO
    export ENABLE_SECURITY_COMPILER_WARNINGS=NO
    export ENABLE_STRICT_OBJC_MSGSEND=YES
    export ENABLE_SWIFT_6_UPCOMING_FEATURES_IN_SWIFT_VERSION_6_0=YES
    export ENABLE_SYSTEM_SANITIZERS=
    export ENABLE_TESTABILITY=NO
    export ENABLE_TESTING_SEARCH_PATHS=NO
    export ENABLE_USER_SCRIPT_SANDBOXING=NO
    export ENABLE_USER_SELECTED_FILES=
    export ENFORCE_VALID_ARCHS=YES
    export ENTITLEMENTS_ALLOWED=YES
    export ENTITLEMENTS_DESTINATION=Signature
    export ENTITLEMENTS_REQUIRED=NO
    export EXCLUDED_ARCHS=armv7
    export EXCLUDED_EXPLICIT_TARGET_DEPENDENCIES=
    export EXCLUDED_INSTALLSRC_SUBDIRECTORY_PATTERNS=".DS_Store .svn .git .hg CVS"
    export EXCLUDED_RECURSIVE_SEARCH_PATH_SUBDIRECTORIES="*.nib *.lproj *.framework *.gch *.xcode* *.xcassets *.icon (*) .DS_Store CVS .svn .git .hg *.pbproj *.pbxproj"
    export EXCLUDED_SOURCE_FILE_NAMES=
    export EXECUTABLES_FOLDER_PATH=Runner.app/Executables
    export EXECUTABLE_EXTENSION=
    export EXECUTABLE_FOLDER_PATH=Runner.app
    export EXECUTABLE_FOLDER_PATH_SHALLOW_BUNDLE_NO=Runner.app/MacOS
    export EXECUTABLE_FOLDER_PATH_SHALLOW_BUNDLE_YES=Runner.app
    export EXECUTABLE_NAME=Runner
    export EXECUTABLE_PATH=Runner.app/Runner
    export EXECUTABLE_PREFIX=
    export EXECUTABLE_SUFFIX=
    export EXECUTABLE_VARIANT_SUFFIX=
    export EXPORTED_SYMBOLS_FILE=
    export EXTENSIONS_FOLDER_PATH=Runner.app/Extensions
    export ExpandBuildSettings=
    export FILE_LIST=/Users/jose/src/work/hydracamv2/build/ios-icon-profile-keepeyeonball-ipad/Build/Intermediates.noindex/Runner.build/Profile-iphoneos/Runner.build/Objects/LinkFileList
    export FIXED_FILES_DIR=/Users/jose/src/work/hydracamv2/build/ios-icon-profile-keepeyeonball-ipad/Build/Intermediates.noindex/Runner.build/Profile-iphoneos/Runner.build/FixedFiles
    export FLUTTER_APPLICATION_PATH=/Users/jose/src/work/hydracamv2
    export FLUTTER_BUILD_DIR=build
    export FLUTTER_BUILD_NAME=1.4.0
    export FLUTTER_BUILD_NUMBER=16
    export FLUTTER_FRAMEWORK_SWIFT_PACKAGE_PATH=/Users/jose/src/work/hydracamv2/ios/Flutter/ephemeral/Packages/.packages/FlutterFramework
    export FLUTTER_ROOT=/opt/homebrew/Caskroom/flutter/3.29.3/flutter
    export FLUTTER_TARGET=lib/main.dart
    export FPATH="/Users/jose/.oh-my-zsh/plugins/z:/Users/jose/.oh-my-zsh/plugins/flutter:/Users/jose/.oh-my-zsh/plugins/git:/Users/jose/.oh-my-zsh/functions:/Users/jose/.oh-my-zsh/completions:/Users/jose/.oh-my-zsh/custom/functions:/Users/jose/.oh-my-zsh/custom/completions:/Users/jose/.oh-my-zsh/cache/completions:/opt/homebrew/share/zsh/site-functions:/usr/local/share/zsh/site-functions:/usr/share/zsh/site-functions:/usr/share/zsh/5.9/functions"
    export FRAMEWORKS_FOLDER_PATH=Runner.app/Frameworks
    export FRAMEWORK_FLAG_PREFIX=-framework
    export FRAMEWORK_SEARCH_PATHS=" \"/Users/jose/src/work/hydracamv2/build/ios-icon-profile-keepeyeonball-ipad/Build/Products/Profile-iphoneos/disk_space_plus\" \"/Users/jose/src/work/hydracamv2/build/ios-icon-profile-keepeyeonball-ipad/Build/Products/Profile-iphoneos/permission_handler_apple\" \"/Users/jose/src/work/hydracamv2/build/ios-icon-profile-keepeyeonball-ipad/Build/Products/Profile-iphoneos/photo_manager\""
    export FRAMEWORK_VERSION=A
    export FULL_PRODUCT_NAME=Runner.app
    export FUSE_BUILD_PHASES=YES
    export FUSE_BUILD_SCRIPT_PHASES=NO
    export GCC3_VERSION=3.3
    export GCC_CHAR_IS_UNSIGNED_CHAR=NO
    export GCC_CW_ASM_SYNTAX=YES
    export GCC_C_LANGUAGE_STANDARD=gnu99
    export GCC_DEBUG_INFORMATION_FORMAT=dwarf-with-dsym
    export GCC_DEBUG_INFORMATION_VERSION=compiler-default
    export GCC_DYNAMIC_NO_PIC=NO
    export GCC_ENABLE_ASM_KEYWORD=YES
    export GCC_ENABLE_BUILTIN_FUNCTIONS=YES
    export GCC_ENABLE_CPP_EXCEPTIONS=YES
    export GCC_ENABLE_CPP_RTTI=YES
    export GCC_ENABLE_EXCEPTIONS=NO
    export GCC_ENABLE_FLOATING_POINT_LIBRARY_CALLS=NO
    export GCC_ENABLE_KERNEL_DEVELOPMENT=NO
    export GCC_ENABLE_OBJC_EXCEPTIONS=YES
    export GCC_ENABLE_PASCAL_STRINGS=YES
    export GCC_ENABLE_SSE3_EXTENSIONS=NO
    export GCC_ENABLE_SSE41_EXTENSIONS=NO
    export GCC_ENABLE_SSE42_EXTENSIONS=NO
    export GCC_ENABLE_SUPPLEMENTAL_SSE3_INSTRUCTIONS=NO
    export GCC_ENABLE_TRIGRAPHS=NO
    export GCC_FAST_MATH=NO
    export GCC_GENERATE_DEBUGGING_SYMBOLS=YES
    export GCC_GENERATE_TEST_COVERAGE_FILES=NO
    export GCC_INCREASE_PRECOMPILED_HEADER_SHARING=NO
    export GCC_INLINES_ARE_PRIVATE_EXTERN=YES
    export GCC_INPUT_FILETYPE=automatic
    export GCC_INSTRUMENT_PROGRAM_FLOW_ARCS=NO
    export GCC_LINK_WITH_DYNAMIC_LIBRARIES=YES
    export GCC_NO_COMMON_BLOCKS=YES
    export GCC_OBJC_ABI_VERSION=
    export GCC_OBJC_LEGACY_DISPATCH=NO
    export GCC_OPERATION=compile
    export GCC_OPTIMIZATION_LEVEL=s
    export GCC_PFE_FILE_C_DIALECTS="c objective-c c++ objective-c++"
    export GCC_PRECOMPILE_PREFIX_HEADER=
    export GCC_PREFIX_HEADER=
    export GCC_PREPROCESSOR_DEFINITIONS=" COCOAPODS=1"
    export GCC_PREPROCESSOR_DEFINITIONS_NOT_USED_IN_PRECOMPS=
    export GCC_PRODUCT_TYPE_PREPROCESSOR_DEFINITIONS=
    export GCC_REUSE_STRINGS=YES
    export GCC_SHORT_ENUMS=NO
    export GCC_STRICT_ALIASING=YES
    export GCC_SYMBOLS_PRIVATE_EXTERN=YES
    export GCC_THREADSAFE_STATICS=YES
    export GCC_THUMB_SUPPORT=YES
    export GCC_TREAT_IMPLICIT_FUNCTION_DECLARATIONS_AS_ERRORS=NO
    export GCC_TREAT_INCOMPATIBLE_POINTER_TYPE_WARNINGS_AS_ERRORS=NO
    export GCC_TREAT_WARNINGS_AS_ERRORS=NO
    export GCC_UNROLL_LOOPS=NO
    export GCC_USE_GCC3_PFE_SUPPORT=
    export GCC_USE_STANDARD_INCLUDE_SEARCHING=YES
    export GCC_VERSION=
    export GCC_VERSION_IDENTIFIER=
    export GCC_WARN_64_TO_32_BIT_CONVERSION=YES
    export GCC_WARN_ABOUT_DEPRECATED_FUNCTIONS=YES
    export GCC_WARN_ABOUT_INVALID_OFFSETOF_MACRO=YES
    export GCC_WARN_ABOUT_MISSING_FIELD_INITIALIZERS=NO
    export GCC_WARN_ABOUT_MISSING_NEWLINE=NO
    export GCC_WARN_ABOUT_MISSING_PROTOTYPES=NO
    export GCC_WARN_ABOUT_POINTER_SIGNEDNESS=YES
    export GCC_WARN_ABOUT_RETURN_TYPE=YES_ERROR
    export GCC_WARN_ALLOW_INCOMPLETE_PROTOCOL=YES
    export GCC_WARN_CHECK_SWITCH_STATEMENTS=YES
    export GCC_WARN_FOUR_CHARACTER_CONSTANTS=NO
    export GCC_WARN_HIDDEN_VIRTUAL_FUNCTIONS=NO
    export GCC_WARN_INHIBIT_ALL_WARNINGS=NO
    export GCC_WARN_INITIALIZER_NOT_FULLY_BRACKETED=NO
    export GCC_WARN_MISSING_PARENTHESES=YES
    export GCC_WARN_MULTIPLE_DEFINITION_TYPES_FOR_SELECTOR=NO
    export GCC_WARN_NON_VIRTUAL_DESTRUCTOR=NO
    export GCC_WARN_PEDANTIC=NO
    export GCC_WARN_SHADOW=NO
    export GCC_WARN_SIGN_COMPARE=NO
    export GCC_WARN_STRICT_SELECTOR_MATCH=NO
    export GCC_WARN_TYPECHECK_CALLS_TO_PRINTF=YES
    export GCC_WARN_UNDECLARED_SELECTOR=YES
    export GCC_WARN_UNINITIALIZED_AUTOS=YES_AGGRESSIVE
    export GCC_WARN_UNKNOWN_PRAGMAS=NO
    export GCC_WARN_UNUSED_FUNCTION=YES
    export GCC_WARN_UNUSED_LABEL=NO
    export GCC_WARN_UNUSED_PARAMETER=NO
    export GCC_WARN_UNUSED_VALUE=YES
    export GCC_WARN_UNUSED_VARIABLE=YES
    export GENERATED_MODULEMAP_DIR=/Users/jose/src/work/hydracamv2/build/ios-icon-profile-keepeyeonball-ipad/Build/Intermediates.noindex/GeneratedModuleMaps-iphoneos
    export GENERATE_INFOPLIST_FILE=NO
    export GENERATE_INTERMEDIATE_TEXT_BASED_STUBS=YES
    export GENERATE_PKGINFO_FILE=YES
    export GENERATE_PRELINK_OBJECT_FILE=NO
    export GENERATE_PROFILING_CODE=NO
    export GENERATE_TEXT_BASED_STUBS=NO
    export GH_PAGER=cat
    export GID=20
    export GIT_PAGER=cat
    export GLOBAL_CFLAGS=
    export GROUP=staff
    export GeneratedPkgInfoFile=
    export HEADERMAP_FILE_FORMAT=traditional
    export HEADERMAP_INCLUDES_FLAT_ENTRIES_FOR_TARGET_BEING_BUILT=YES
    export HEADERMAP_INCLUDES_FRAMEWORK_ENTRIES_FOR_ALL_PRODUCT_TYPES=YES
    export HEADERMAP_INCLUDES_FRAMEWORK_ENTRIES_FOR_TARGETS_NOT_BEING_BUILT=YES
    export HEADERMAP_INCLUDES_NONPUBLIC_NONPRIVATE_HEADERS=YES
    export HEADERMAP_INCLUDES_PROJECT_HEADERS=YES
    export HEADERMAP_USES_FRAMEWORK_PREFIX_ENTRIES=YES
    export HEADERMAP_USES_VFS=NO
    export HEADER_DEPENDENCIES=
    export HEADER_SEARCH_PATHS=" \"/Users/jose/src/work/hydracamv2/build/ios-icon-profile-keepeyeonball-ipad/Build/Products/Profile-iphoneos/disk_space_plus/disk_space_plus.framework/Headers\" \"/Users/jose/src/work/hydracamv2/build/ios-icon-profile-keepeyeonball-ipad/Build/Products/Profile-iphoneos/permission_handler_apple/permission_handler_apple.framework/Headers\" \"/Users/jose/src/work/hydracamv2/build/ios-icon-profile-keepeyeonball-ipad/Build/Products/Profile-iphoneos/photo_manager/photo_manager.framework/Headers\""
    export HOME=/Users/jose
    export HOMEBREW_CELLAR=/opt/homebrew/Cellar
    export HOMEBREW_PREFIX=/opt/homebrew
    export HOMEBREW_REPOSITORY=/opt/homebrew
    export HOST_ARCH=arm64e
    export IBC_COMPILATION_MODE_FOR_IOS=
    export IBC_COMPILER_AUTO_ACTIVATE_CUSTOM_FONTS=YES
    export IBC_COMPILER_USE_NIBKEYEDARCHIVER_FOR_MACOS=NO
    export IBC_ERRORS=YES
    export IBC_EXEC=ibtool
    export IBC_FLATTEN_NIBS=YES
    export IBC_MODULE=Runner
    export IBC_NOTICES=YES
    export IBC_OTHER_FLAGS=
    export IBC_OVERRIDING_PLUGINS_AND_FRAMEWORKS_DIR=
    export IBC_PLUGINS=
    export IBC_PLUGIN_SEARCH_PATHS=
    export IBC_REGIONS_AND_STRINGS_FILES=
    export IBC_STRIP_NIBS=YES
    export IBC_WARNINGS=YES
    export IBSC_COMPILATION_MODE_FOR_IOS=
    export IBSC_COMPILER_AUTO_ACTIVATE_CUSTOM_FONTS=YES
    export IBSC_COMPILER_USE_NIBKEYEDARCHIVER_FOR_MACOS=NO
    export IBSC_ERRORS=YES
    export IBSC_FLATTEN_NIBS=YES
    export IBSC_MODULE=Runner
    export IBSC_NOTICES=YES
    export IBSC_OTHER_FLAGS=
    export IBSC_REGIONS_AND_STRINGS_FILES=
    export IBSC_STRIP_NIBS=YES
    export IBSC_WARNINGS=YES
    export ICONV=/usr/bin/iconv
    export IIG_CXX_LANGUAGE_STANDARD=gnu++0x
    export IIG_DERIVED_FILE_DIR=/Users/jose/src/work/hydracamv2/build/ios-icon-profile-keepeyeonball-ipad/Build/Intermediates.noindex/Runner.build/Profile-iphoneos/Runner.build/DerivedSources/Runner
    export IIG_EXEC=iig
    export IIG_FRAMEWORK_NAME=Runner
    export IIG_HEADERS_DIR=/Users/jose/src/work/hydracamv2/build/ios-icon-profile-keepeyeonball-ipad/Build/Intermediates.noindex/Runner.build/Profile-iphoneos/Runner.build/DerivedSources/Runner
    export IIG_IMPLEMENTATION_DIR=/Users/jose/src/work/hydracamv2/build/ios-icon-profile-keepeyeonball-ipad/Build/Intermediates.noindex/Runner.build/Profile-iphoneos/Runner.build/DerivedSources/Runner
    export IIG_PREPROCESSOR_DEFINITIONS=__IIG=1
    export IMPLICIT_DEPENDENCY_DOMAIN=default
    export INCLUDED_EXPLICIT_TARGET_DEPENDENCIES=
    export INCLUDED_RECURSIVE_SEARCH_PATH_SUBDIRECTORIES=
    export INCLUDED_SOURCE_FILE_NAMES=
    export INDEX_DATA_STORE_DIR=/Users/jose/src/work/hydracamv2/build/ios-icon-profile-keepeyeonball-ipad/Index.noindex/DataStore
    export INDEX_ENABLE_DATA_STORE=YES
    export INDEX_PRECOMPS_DIR=/Users/jose/src/work/hydracamv2/build/ios-icon-profile-keepeyeonball-ipad/Index.noindex/PrecompiledHeaders
    export INDEX_STORE_COMPRESS=NO
    export INDEX_STORE_ONLY_PROJECT_FILES=NO
    export INFOPATH="/opt/homebrew/share/info:/opt/homebrew/share/info:"
    export INFOPLIST_ENABLE_CFBUNDLEICONS_MERGE=YES
    export INFOPLIST_EXPAND_BUILD_SETTINGS=YES
    export INFOPLIST_FILE=Runner/Info.plist
    export INFOPLIST_KEY_CFBundleDisplayName=
    export INFOPLIST_KEY_CLKComplicationPrincipalClass=
    export INFOPLIST_KEY_GCSupportsControllerUserInteraction=
    export INFOPLIST_KEY_GCSupportsGameMode=
    export INFOPLIST_KEY_ITSAppUsesNonExemptEncryption=
    export INFOPLIST_KEY_ITSEncryptionExportComplianceCode=
    export INFOPLIST_KEY_LSApplicationCategoryType=
    export INFOPLIST_KEY_LSBackgroundOnly=
    export INFOPLIST_KEY_LSSupportsOpeningDocumentsInPlace=
    export INFOPLIST_KEY_LSUIElement=
    export INFOPLIST_KEY_MetalCaptureEnabled=
    export INFOPLIST_KEY_NFCReaderUsageDescription=
    export INFOPLIST_KEY_NSAccessoryTrackingUsageDescription=
    export INFOPLIST_KEY_NSAppDataUsageDescription=
    export INFOPLIST_KEY_NSAppleEventsUsageDescription=
    export INFOPLIST_KEY_NSAppleMusicUsageDescription=
    export INFOPLIST_KEY_NSBluetoothAlwaysUsageDescription=
    export INFOPLIST_KEY_NSBluetoothPeripheralUsageDescription=
    export INFOPLIST_KEY_NSBluetoothWhileInUseUsageDescription=
    export INFOPLIST_KEY_NSCalendarsFullAccessUsageDescription=
    export INFOPLIST_KEY_NSCalendarsUsageDescription=
    export INFOPLIST_KEY_NSCalendarsWriteOnlyAccessUsageDescription=
    export INFOPLIST_KEY_NSCameraUsageDescription=
    export INFOPLIST_KEY_NSContactsUsageDescription=
    export INFOPLIST_KEY_NSCriticalMessagingUsageDescription=
    export INFOPLIST_KEY_NSDesktopFolderUsageDescription=
    export INFOPLIST_KEY_NSDocumentsFolderUsageDescription=
    export INFOPLIST_KEY_NSDownloadsFolderUsageDescription=
    export INFOPLIST_KEY_NSFaceIDUsageDescription=
    export INFOPLIST_KEY_NSFallDetectionUsageDescription=
    export INFOPLIST_KEY_NSFileProviderDomainUsageDescription=
    export INFOPLIST_KEY_NSFileProviderPresenceUsageDescription=
    export INFOPLIST_KEY_NSFinancialDataUsageDescription=
    export INFOPLIST_KEY_NSFocusStatusUsageDescription=
    export INFOPLIST_KEY_NSGKFriendListUsageDescription=
    export INFOPLIST_KEY_NSHandsTrackingUsageDescription=
    export INFOPLIST_KEY_NSHealthClinicalHealthRecordsShareUsageDescription=
    export INFOPLIST_KEY_NSHealthShareUsageDescription=
    export INFOPLIST_KEY_NSHealthUpdateUsageDescription=
    export INFOPLIST_KEY_NSHomeKitUsageDescription=
    export INFOPLIST_KEY_NSHumanReadableCopyright=
    export INFOPLIST_KEY_NSIdentityUsageDescription=
    export INFOPLIST_KEY_NSLocalNetworkUsageDescription=
    export INFOPLIST_KEY_NSLocationAlwaysAndWhenInUseUsageDescription=
    export INFOPLIST_KEY_NSLocationAlwaysUsageDescription=
    export INFOPLIST_KEY_NSLocationTemporaryUsageDescriptionDictionary=
    export INFOPLIST_KEY_NSLocationUsageDescription=
    export INFOPLIST_KEY_NSLocationWhenInUseUsageDescription=
    export INFOPLIST_KEY_NSMainCameraUsageDescription=
    export INFOPLIST_KEY_NSMainNibFile=
    export INFOPLIST_KEY_NSMainStoryboardFile=
    export INFOPLIST_KEY_NSMicrophoneUsageDescription=
    export INFOPLIST_KEY_NSMotionUsageDescription=
    export INFOPLIST_KEY_NSNearbyInteractionAllowOnceUsageDescription=
    export INFOPLIST_KEY_NSNearbyInteractionUsageDescription=
    export INFOPLIST_KEY_NSNetworkVolumesUsageDescription=
    export INFOPLIST_KEY_NSPhotoLibraryAddUsageDescription=
    export INFOPLIST_KEY_NSPhotoLibraryUsageDescription=
    export INFOPLIST_KEY_NSPrincipalClass=
    export INFOPLIST_KEY_NSRemindersFullAccessUsageDescription=
    export INFOPLIST_KEY_NSRemindersUsageDescription=
    export INFOPLIST_KEY_NSRemovableVolumesUsageDescription=
    export INFOPLIST_KEY_NSSensorKitPrivacyPolicyURL=
    export INFOPLIST_KEY_NSSensorKitUsageDescription=
    export INFOPLIST_KEY_NSSiriUsageDescription=
    export INFOPLIST_KEY_NSSpeechRecognitionUsageDescription=
    export INFOPLIST_KEY_NSStickerSharingLevel=
    export INFOPLIST_KEY_NSSupportsLiveActivities=
    export INFOPLIST_KEY_NSSupportsLiveActivitiesFrequentUpdates=
    export INFOPLIST_KEY_NSSystemAdministrationUsageDescription=
    export INFOPLIST_KEY_NSSystemExtensionUsageDescription=
    export INFOPLIST_KEY_NSUserTrackingUsageDescription=
    export INFOPLIST_KEY_NSVideoSubscriberAccountUsageDescription=
    export INFOPLIST_KEY_NSVoIPUsageDescription=
    export INFOPLIST_KEY_NSWorldSensingUsageDescription=
    export INFOPLIST_KEY_OSBundleUsageDescription=
    export INFOPLIST_KEY_UIApplicationSceneManifest_Generation=
    export INFOPLIST_KEY_UIApplicationSupportsIndirectInputEvents=
    export INFOPLIST_KEY_UILaunchScreen_Generation=
    export INFOPLIST_KEY_UILaunchStoryboardName=
    export INFOPLIST_KEY_UIMainStoryboardFile=
    export INFOPLIST_KEY_UIRequiresFullScreen=
    export INFOPLIST_KEY_UIStatusBarHidden=
    export INFOPLIST_KEY_UIStatusBarStyle=
    export INFOPLIST_KEY_UISupportsDocumentBrowser=
    export INFOPLIST_KEY_UIUserInterfaceStyle=
    export INFOPLIST_KEY_WKCompanionAppBundleIdentifier=
    export INFOPLIST_KEY_WKExtensionDelegateClassName=
    export INFOPLIST_KEY_WKRunsIndependentlyOfCompanionApp=
    export INFOPLIST_KEY_WKWatchOnly=
    export INFOPLIST_OTHER_PREPROCESSOR_FLAGS=
    export INFOPLIST_OUTPUT_FORMAT=binary
    export INFOPLIST_PATH=Runner.app/Info.plist
    export INFOPLIST_PREFIX_HEADER=
    export INFOPLIST_PREPROCESS=NO
    export INFOPLIST_PREPROCESSOR_DEFINITIONS=
    export INFOSTRINGS_PATH=Runner.app/en.lproj/InfoPlist.strings
    export INIT_ROUTINE=
    export INLINE_PRIVATE_FRAMEWORKS=NO
    export INSTALLAPI_IGNORE_SKIP_INSTALL=YES
    export INSTALLHDRS_COPY_PHASE=NO
    export INSTALLHDRS_SCRIPT_PHASE=NO
    export INSTALL_DIR=/tmp/Runner.dst/Applications
    export INSTALL_GROUP=staff
    export INSTALL_MODE_FLAG=u+w,go-w,a+rX
    export INSTALL_OWNER=jose
    export INSTALL_PATH=/Applications
    export INSTALL_ROOT=/tmp/Runner.dst
    export INSTRUMENTS_PACKAGE_BUILDER=instrumentbuilder
    export INSTRUMENTS_PACKAGE_BUILDER_DEPENDENCY_INFO_FILE=/Users/jose/src/work/hydracamv2/build/ios-icon-profile-keepeyeonball-ipad/Build/Intermediates.noindex/Runner.build/Profile-iphoneos/Runner.build/instruments-package-builder.dependencies
    export INSTRUMENTS_PACKAGE_BUILDER_LINKED_PACKAGES=
    export INSTRUMENTS_PACKAGE_BUILDER_NO_SYSTEM_SEARCH=NO
    export INSTRUMENTS_PACKAGE_BUILDER_SEARCH_PATHS=/Users/jose/src/work/hydracamv2/build/ios-icon-profile-keepeyeonball-ipad/Build/Products/Profile-iphoneos
    export INSTRUMENTS_PACKAGE_BUILDER_VERSION_OVERRIDE=
    export INTENTS_CODEGEN_LANGUAGE=Automatic
    export IOS_DEVICE=0A947DBD-A462-5BAA-AB84-17F143D41619
    export IOS_XCODE_DESTINATION_ID=8b406aa5c597eab4c4dfd9908f4a09b10a89ec63
    export IPHONEOS_DEPLOYMENT_TARGET=13.0
    export IS_MACCATALYST=
    export InfoPlistPath=
    export JAVAC_DEFAULT_FLAGS="-J-Xms64m -J-XX:NewSize=4M -J-Dfile.encoding=UTF8"
    export JAVA_APP_STUB=/System/Library/Frameworks/JavaVM.framework/Resources/MacOS/JavaApplicationStub
    export JAVA_ARCHIVE_CLASSES=YES
    export JAVA_ARCHIVE_TYPE=JAR
    export JAVA_COMPILER=/usr/bin/javac
    export JAVA_FOLDER_PATH=Runner.app/Java
    export JAVA_FRAMEWORK_JARS=
    export JAVA_FRAMEWORK_RESOURCES_DIRS=Resources
    export JAVA_JAR_FLAGS=cv
    export JAVA_SOURCE_SUBDIR=.
    export JAVA_USE_DEPENDENCIES=YES
    export JAVA_ZIP_FLAGS=-urg
    export JIKES_DEFAULT_FLAGS="+E +OLDCSO"
    export KASAN_CFLAGS_CLASSIC="-DKASAN=1 -DKASAN_CLASSIC=1 -fsanitize=address -mllvm -asan-globals-live-support -mllvm -asan-force-dynamic-shadow"
    export KASAN_CFLAGS_TBI="-DKASAN=1 -DKASAN_TBI=1 -fsanitize=kernel-hwaddress -mllvm -hwasan-recover=0 -mllvm -hwasan-instrument-atomics=0 -mllvm -hwasan-instrument-stack=1 -mllvm -hwasan-generate-tags-with-calls=1 -mllvm -hwasan-instrument-with-calls=1 -mllvm -hwasan-use-short-granules=0 -mllvm -hwasan-memory-access-callback-prefix=__asan_"
    export KASAN_DEFAULT_CFLAGS="-DKASAN=1 -DKASAN_CLASSIC=1 -fsanitize=address -mllvm -asan-globals-live-support -mllvm -asan-force-dynamic-shadow"
    export KEEP_PRIVATE_EXTERNS=NO
    export KEXT_CFLAGS=
    export KEXT_CPLUSPLUSFLAGS=
    export LANG=C.UTF-8
    export LAUNCH_CONSTRAINT_PARENT=
    export LAUNCH_CONSTRAINT_RESPONSIBLE=
    export LAUNCH_CONSTRAINT_SELF=
    export LC_ALL=C.UTF-8
    export LC_CTYPE=C.UTF-8
    export LD_ADDRESS_SANITIZER=-fsanitize=address
    export LD_ADDRESS_SANITIZER_clang=-fsanitize=address
    export LD_ADDRESS_SANITIZER_swiftc=-sanitize=address
    export LD_ADD_MERGEABLE_DEBUG_HOOK=
    export LD_CLIENT_NAME=
    export LD_COHORT_ARCHS=
    export LD_DEBUG_VARIANT=YES
    export LD_DEPENDENCY_INFO_FILE=/undefined_arch/Runner_dependency_info.dat
    export LD_DETERMINISTIC_MODE=YES
    export LD_DONT_RUN_DEDUPLICATION=YES
    export LD_DYLIB_ALLOWABLE_CLIENTS=
    export LD_DYLIB_INSTALL_NAME=
    export LD_ENTITLEMENTS_SECTION=
    export LD_ENTITLEMENTS_SECTION_DER=
    export LD_ENTRY_POINT=
    export LD_ENVIRONMENT=
    export LD_EXPORT_GLOBAL_SYMBOLS=NO
    export LD_EXPORT_SYMBOLS=YES
    export LD_FINAL_OUTPUT_FILE=/Applications/Runner.app/Runner
    export LD_FLAGS=
    export LD_GENERATE_MAP_FILE=NO
    export LD_LTO_OBJECT_FILE=/undefined_arch/Runner_lto.o
    export LD_MAKE_MERGEABLE=NO
    export LD_MAP_FILE_PATH=/Users/jose/src/work/hydracamv2/build/ios-icon-profile-keepeyeonball-ipad/Build/Intermediates.noindex/Runner.build/Profile-iphoneos/Runner.build/Runner-LinkMap-normal-undefined_arch.txt
    export LD_NO_PIE=NO
    export LD_OBJC_ABI_VERSION=
    export LD_OBJC_RUNTIME_ARGS=-fobjc-link-runtime
    export LD_OBJC_RUNTIME_ARGS_clang=-fobjc-link-runtime
    export LD_OBJC_RUNTIME_ARGS_swiftc=-link-objc-runtime
    export LD_OPTIMIZATION_LEVEL=s
    export LD_QUOTE_LINKER_ARGUMENTS_FOR_COMPILER_DRIVER=YES
    export LD_RUNPATH_SEARCH_PATHS=" /usr/lib/swift '@executable_path/Frameworks' '@loader_path/Frameworks' @executable_path/Frameworks"
    export LD_RUNPATH_SEARCH_PATHS_YES="@loader_path/../Frameworks"
    export LD_SDK_IMPORTS_FILE=/undefined_arch/Runner_normal_undefined_arch_sdk_imports.json
    export LD_SHARED_CACHE_ELIGIBLE=Automatic
    export LD_SKIP_MERGEABLE_LIBRARY_BUNDLE_HOOK=NO
    export LD_SUPPRESS_WARNINGS=NO
    export LD_TARGET_TRIPLE_ARCHS=undefined_arch
    export LD_THREAD_SANITIZER=
    export LD_WARN_DUPLICATE_LIBRARIES=NO
    export LD_WARN_UNUSED_DYLIBS=NO
    export LEGACY_DEVELOPER_DIR=/Applications/Xcode.app/Contents/Developer/PlugIns/Xcode3Core.ideplugin/Contents/SharedSupport/Developer
    export LESS=-R
    export LEX=lex
    export LEXFLAGS=
    export LEX_CASE_INSENSITIVE_SCANNER=NO
    export LEX_INSERT_LINE_DIRECTIVES=YES
    export LEX_SUPPRESS_DEFAULT_RULE=NO
    export LEX_SUPPRESS_WARNINGS=NO
    export LIBRARY_DEXT_INSTALL_PATH=/Library/DriverExtensions
    export LIBRARY_FLAG_NOSPACE=YES
    export LIBRARY_FLAG_PREFIX=-l
    export LIBRARY_KEXT_INSTALL_PATH=/Library/Extensions
    export LIBRARY_LOAD_CONSTRAINT=
    export LIBRARY_SEARCH_PATHS=" \"/Applications/Xcode.app/Contents/Developer/Toolchains/XcodeDefault.xctoolchain/usr/lib/swift/iphoneos\" /usr/lib/swift"
    export LIBTOOL=libtool
    export LIBTOOL_ARCH=undefined_arch
    export LIBTOOL_COHORT_ARCHS=
    export LIBTOOL_DEPENDENCY_INFO_FILE=/undefined_arch/Runner_libtool_dependency_info.dat
    export LIBTOOL_DEPLOYMENT_TARGET=13.0
    export LIBTOOL_DETERMINISTIC_MODE=YES
    export LIBTOOL_FILE_LIST_FORMAT=unescapedNewlineSeparated
    export LIBTOOL_USE_RESPONSE_FILE=YES
    export LINKER_DISPLAYS_MANGLED_NAMES=NO
    export LINKER_DRIVER=clang
    export LINKER_FILE_LIST_FORMAT=unescapedNewlineSeparated
    export LINKER_FILE_LIST_FORMAT_clang=unescapedNewlineSeparated
    export LINKER_FILE_LIST_FORMAT_swiftc=unixShellQuotedSpaceSeparated
    export LINKER_LIBRARY_FLAGS=
    export LINKER_RESPONSE_FILE_FORMAT=unixShellQuotedSpaceSeparated
    export LINK_WITH_STANDARD_LIBRARIES=YES
    export LLVM_IMPLICIT_AGGRESSIVE_OPTIMIZATIONS=NO
    export LLVM_LTO=NO
    export LLVM_OPTIMIZATION_LEVEL_VAL_0=NO
    export LLVM_OPTIMIZATION_LEVEL_VAL_1=NO
    export LLVM_OPTIMIZATION_LEVEL_VAL_2=NO
    export LLVM_OPTIMIZATION_LEVEL_VAL_3=NO
    export LLVM_OPTIMIZATION_LEVEL_VAL_fast=YES
    export LLVM_OPTIMIZATION_LEVEL_VAL_s=NO
    export LLVM_OPTIMIZATION_LEVEL_VAL_z=NO
    export LLVM_TARGET_TRIPLE_OS_VERSION=ios13.0
    export LLVM_TARGET_TRIPLE_SUFFIX=
    export LLVM_TARGET_TRIPLE_VENDOR=apple
    export LM_AUX_CONST_METADATA_LIST_PATH=
    export LM_AUX_INTENTS_METADATA_FILES_LIST_PATH=/Users/jose/src/work/hydracamv2/build/ios-icon-profile-keepeyeonball-ipad/Build/Intermediates.noindex/Runner.build/Profile-iphoneos/Runner.build/Runner.DependencyMetadataFileList
    export LM_AUX_INTENTS_STATIC_METADATA_FILES_LIST_PATH=/Users/jose/src/work/hydracamv2/build/ios-icon-profile-keepeyeonball-ipad/Build/Intermediates.noindex/Runner.build/Profile-iphoneos/Runner.build/Runner.DependencyStaticMetadataFileList
    export LM_BINARY_PATH=
    export LM_BUNDLE_IDENTIFIER=com.keepeyeonball
    export LM_COMPILE_TIME_EXTRACTION=YES
    export LM_DEPENDENCY_FILES=
    export LM_ENABLE_APP_NAME_OVERRIDE=NO
    export LM_ENABLE_ASSISTANT_INTENT_APP_NAME_OVERRIDE=NO
    export LM_ENABLE_LINK_GENERATION=YES
    export LM_ENABLE_STRING_VALIDATION=YES
    export LM_FILTER_WARNINGS=NO
    export LM_FORCE_LINK_GENERATION=NO
    export LM_FORCE_METADATA_OUTPUT=NO
    export LM_NO_APP_SHORTCUT_LOCALIZATION=YES
    export LM_OUTPUT_DIR=
    export LM_STRINGSDATA_FILES=
    export LOCALIZABLE_CONTENT_DIR=
    export LOCALIZATION_EXPORT_SUPPORTED=YES
    export LOCALIZATION_PREFERS_STRING_CATALOGS=NO
    export LOCALIZED_RESOURCES_FOLDER_PATH=Runner.app/en.lproj
    export LOCALIZED_STRING_CODE_COMMENTS=NO
    export LOCALIZED_STRING_MACRO_NAMES="NSLocalizedString CFCopyLocalizedString"
    export LOCALIZED_STRING_SWIFTUI_SUPPORT=YES
    export LOCAL_ADMIN_APPS_DIR=/Applications/Utilities
    export LOCAL_APPS_DIR=/Applications
    export LOCAL_DEVELOPER_DIR=/Library/Developer
    export LOCAL_DEVELOPER_EXECUTABLES_DIR=
    export LOCAL_LIBRARY_DIR=/Library
    export LOCROOT=
    export LOCSYMROOT=
    export LOGNAME=jose
    export LOG_FORMAT=json
    export LSCOLORS=Gxfxcxdxbxegedabagacad
    export LS_COLORS="di=1;36:ln=35:so=32:pi=33:ex=31:bd=34;46:cd=34;43:su=30;41:sg=30;46:tw=30;42:ow=30;43"
    export MACH_O_TYPE=mh_execute
    export MACOSX_DEPLOYMENT_TARGET=11.5
    export MACOS_CREATOR=
    export MACOS_CREATOR_ARG=
    export MACOS_TYPE=
    export MACOS_TYPE_ARG=
    export MAC_OS_X_PRODUCT_BUILD_VERSION=25E253
    export MAC_OS_X_VERSION_ACTUAL=260401
    export MAC_OS_X_VERSION_MAJOR=260000
    export MAC_OS_X_VERSION_MAX_ALLOWED=
    export MAC_OS_X_VERSION_MINOR=260400
    export MAC_OS_X_VERSION_MIN_REQUIRED=
    export MAKE_MERGEABLE=NO
    export MANPATH="/Applications/Xcode.app/Contents/Developer/Platforms/MacOSX.platform/Developer/SDKs/MacOSX.sdk/usr/share/man:/Applications/Xcode.app/Contents/Developer/Platforms/MacOSX.platform/usr/share/man:/Applications/Xcode.app/Contents/Developer/usr/share/man:/Applications/Xcode.app/Contents/Developer/Toolchains/XcodeDefault.xctoolchain/usr/share/man:"
    export MAPC_MODULE=Runner
    export MAPC_NO_WARNINGS=NO
    export MARKETING_VERSION=
    export MERGEABLE_LIBRARY=NO
    export MERGED_BINARY_TYPE=none
    export MERGE_LINKED_LIBRARIES=NO
    export METAL_INDEX_STORE_ONLY_PROJECT_FILES=NO
    export METAL_LIBRARY_FILE_BASE=default
    export METAL_LIBRARY_OUTPUT_DIR=/Users/jose/src/work/hydracamv2/build/ios-icon-profile-keepeyeonball-ipad/Build/Products/Profile-iphoneos/Runner.app
    export MIG_DEPLOYMENT_TARGET=13.0
    export MIG_EXEC=mig
    export MODULEMAP_FILE=
    export MODULEMAP_PRIVATE_FILE=
    export MODULES_FOLDER_PATH=Runner.app/Modules
    export MODULES_VERIFIER_EXEC=modules-verifier
    export MODULE_CACHE_DIR=/Users/jose/src/work/hydracamv2/build/ios-icon-profile-keepeyeonball-ipad/ModuleCache.noindex
    export MODULE_DEPENDENCIES=
    export MODULE_NAME=
    export MODULE_START=
    export MODULE_STOP=
    export MODULE_VERIFIER_LSV=NO
    export MODULE_VERIFIER_SUPPORTED_LANGUAGES=objective-c
    export MODULE_VERIFIER_SUPPORTED_LANGUAGE_STANDARDS="gnu99 gnu++11"
    export MODULE_VERIFIER_TARGET_TRIPLE_ARCHS=arm64
    export MODULE_VERIFIER_VERBOSE=NO
    export MODULE_VERSION=
    export MOMC_MODULE=Runner
    export MOMC_NO_DELETE_RULE_WARNINGS=NO
    export MOMC_NO_INVERSE_RELATIONSHIP_WARNINGS=NO
    export MOMC_NO_MAX_PROPERTY_COUNT_WARNINGS=NO
    export MOMC_NO_WARNINGS=NO
    export MOMC_OUTPUT_SUFFIX=
    export MOMC_OUTPUT_SUFFIX__xcdatamodel=.mom
    export MOMC_OUTPUT_SUFFIX__xcdatamodeld=.momd
    export MOMC_SUPPRESS_INVERSE_TRANSIENT_ERROR=NO
    export MTLCOMPILER_DEPENDENCY_INFO_FILE=/Users/jose/src/work/hydracamv2/build/ios-icon-profile-keepeyeonball-ipad/Build/Intermediates.noindex/Runner.build/Profile-iphoneos/Runner.build/Metal/.dat
    export MTLCOMPILER_OUTPUT_FILE=/Users/jose/src/work/hydracamv2/build/ios-icon-profile-keepeyeonball-ipad/Build/Intermediates.noindex/Runner.build/Profile-iphoneos/Runner.build/Metal/.air
    export MTLLINKER_ALTERNATE_LINKER=
    export MTLLINKER_INCLUDE_SOURCE=
    export MTLLINKER_OUTPUT_FILE=
    export MTLLINKER_TARGET_TRIPLE=
    export MTL_COMPILER_FLAGS=
    export MTL_ENABLE_DEBUG_INFO=NO
    export MTL_ENABLE_INDEX_STORE=YES
    export MTL_ENABLE_MODULES=STDLIB
    export MTL_FAST_MATH=YES
    export MTL_FRAMEWORK_SEARCH_PATH_BUILT_PRODUCTS_DIR=
    export MTL_HEADER_SEARCH_PATHS=
    export MTL_HEADER_SEARCH_PATH_BUILT_PRODUCTS_DIR=
    export MTL_IGNORE_WARNINGS=NO
    export MTL_INDEX_STORE_PATH=/Users/jose/src/work/hydracamv2/build/ios-icon-profile-keepeyeonball-ipad/Index.noindex/DataStore
    export MTL_LANGUAGE_REVISION=UseDeploymentTarget
    export MTL_LANGUAGE_REVISION_dialect=ios
    export MTL_LANGUAGE_REVISION_dialect_macosx=macos
    export MTL_LANGUAGE_REVISION_optgen=UseDeploymentTarget
    export MTL_MATH_FP32_FUNCTIONS=FAST
    export MTL_MATH_FP32_FUNCTIONS_derived_NO=PRECISE
    export MTL_MATH_MODE=FAST
    export MTL_MATH_MODE_derived_NO=SAFE
    export MTL_OPTIMIZATION_LEVEL=default
    export MTL_TARGET_TRIPLE=air64-apple-ios13.0
    export MTL_TREAT_WARNINGS_AS_ERRORS=NO
    export MallocNanoZone=0
    export NATIVE_ARCH=arm64e
    export NATIVE_ARCH_32_BIT=i386
    export NATIVE_ARCH_64_BIT=arm64e
    export NATIVE_ARCH_ACTUAL=arm64e
    export NO_COLOR=1
    export NO_COMMON=YES
    export OBJECT_FILE_ASSEMBLER_LINKER_RESPONSE_FILE_FORMAT=unixShellQuotedSpaceSeparated
    export OBJECT_FILE_DIR=/Users/jose/src/work/hydracamv2/build/ios-icon-profile-keepeyeonball-ipad/Build/Intermediates.noindex/Runner.build/Profile-iphoneos/Runner.build/Objects
    export OBJROOT=/Users/jose/src/work/hydracamv2/build/ios-icon-profile-keepeyeonball-ipad/Build/Intermediates.noindex
    export ONLY_ACTIVE_ARCH=NO
    export OPENCLC=/System/Library/Frameworks/OpenCL.framework/Libraries/openclc
    export OPENCL_ARCHS="i386 x86_64 gpu_32 gpu_64"
    export OPENCL_AUTO_VECTORIZE_ENABLE=YES
    export OPENCL_COMPILER_VERSION=CL1.1
    export OPENCL_DENORMS_ARE_ZERO=NO
    export OPENCL_DOUBLE_AS_SINGLE=NO
    export OPENCL_FAST_RELAXED_MATH=NO
    export OPENCL_MAD_ENABLE=NO
    export OPENCL_OPTIMIZATION_LEVEL=s
    export OPTIMIZATION_CFLAGS=
    export ORDER_FILE=
    export OS=MACOS
    export OSAC=/usr/bin/osacompile
    export OSACOMPILE_EXECUTE_ONLY=NO
    export OSLogRateLimit=64
    export OTHER_CLANG_MODULES_VERIFIER_FLAGS=
    export OTHER_CODE_SIGN_FLAGS=
    export OTHER_CPLUSPLUSFLAGS=
    export OTHER_IIG_CFLAGS=
    export OTHER_IIG_FLAGS=
    export OTHER_LDFLAGS=" -ObjC -framework \"PhotosUI\" -framework \"disk_space_plus\" -framework \"permission_handler_apple\" -framework \"photo_manager\""
    export OTHER_LDRFLAGS=" -ObjC -framework \"PhotosUI\" -framework \"disk_space_plus\" -framework \"permission_handler_apple\" -framework \"photo_manager\""
    export OTHER_LIBTOOLFLAGS=
    export OTHER_MIGFLAGS=
    export OTHER_MODULE_VERIFIER_FLAGS=" \"-F/Users/jose/src/work/hydracamv2/build/ios-icon-profile-keepeyeonball-ipad/Build/Products/Profile-iphoneos/Flutter\" \"-F/Users/jose/src/work/hydracamv2/build/ios-icon-profile-keepeyeonball-ipad/Build/Products/Profile-iphoneos/disk_space_plus\" \"-F/Users/jose/src/work/hydracamv2/build/ios-icon-profile-keepeyeonball-ipad/Build/Products/Profile-iphoneos/permission_handler_apple\" \"-F/Users/jose/src/work/hydracamv2/build/ios-icon-profile-keepeyeonball-ipad/Build/Products/Profile-iphoneos/photo_manager\""
    export OTHER_OSACOMPILEFLAGS=
    export OTHER_OSAFLAGS=
    export OTHER_PRECOMP_CFLAGS=
    export OTHER_RESMERGERFLAGS=
    export OTHER_REZFLAGS=
    export OTHER_SWIFT_FLAGS=" -D COCOAPODS"
    export OTHER_SWIFT_STDLIB_TOOL_FLAGS=
    export OTHER_TAPI_FLAGS=
    export OutputFormat=
    export PACKAGE_CONFIG=/Users/jose/src/work/hydracamv2/.dart_tool/package_config.json
    export PACKAGE_TYPE=com.apple.package-type.wrapper.application
    export PAGER=less
    export PASCAL_STRINGS=YES
    export PATH="/Applications/Xcode.app/Contents/Developer/usr/bin:/Users/jose/.codex/tmp/arg0/codex-arg0p17LK3:/Users/jose/Library/Android/sdk/platform-tools:/Users/jose/Library/Android/sdk/emulator:/Users/jose/Library/Android/sdk/cmdline-tools/latest/bin:/Users/jose/.antigravity-ide/antigravity-ide/bin:/Users/jose/.opencode/bin:/Users/jose/.antigravity/antigravity/bin:/Users/jose/.antigravity/antigravity/bin:/opt/homebrew/lib/ruby/gems/3.4.0/bin:/opt/homebrew/opt/ruby/bin:/Library/Frameworks/Python.framework/Versions/3.13/bin:/opt/homebrew/bin:/opt/homebrew/sbin:/usr/local/bin:/System/Cryptexes/App/usr/bin:/usr/bin:/bin:/usr/sbin:/sbin:/var/run/com.apple.security.cryptexd/codex.system/bootstrap/usr/local/bin:/var/run/com.apple.security.cryptexd/codex.system/bootstrap/usr/bin:/var/run/com.apple.security.cryptexd/codex.system/bootstrap/usr/appleinternal/bin:/opt/pkg/env/active/bin:/opt/pmk/env/global/bin:/Library/Apple/usr/bin:/usr/local/share/dotnet:~/.dotnet/tools:/opt/homebrew/opt/ruby/bin:/opt/homebrew/lib/ruby/gems/3.4.0/bin:/Users/jose/Library/Application:/Users/jose/.local/bin:/Users/jose/.lmstudio/bin:/Users/jose/.local/bin:/Applications/Codex.app/Contents/Resources"
    export PATH_PREFIXES_EXCLUDED_FROM_HEADER_DEPENDENCIES="/usr/include /usr/local/include /System/Library/Frameworks /System/Library/PrivateFrameworks /Applications/Xcode.app/Contents/Developer/Headers /Applications/Xcode.app/Contents/Developer/SDKs /Applications/Xcode.app/Contents/Developer/Platforms"
    export PBDEVELOPMENTPLIST_PATH=Runner.app/pbdevelopment.plist
    export PBXCP_BITCODE_STRIP_MODE=
    export PBXCP_BITCODE_STRIP_TOOL=
    export PBXCP_EXCLUDE_SUBPATHS=
    export PBXCP_IGNORE_MISSING_INPUTS=NO
    export PBXCP_INCLUDE_ONLY_SUBPATHS=
    export PBXCP_STRIP_BITCODE=NO
    export PBXCP_STRIP_SUBPATHS=
    export PBXCP_STRIP_TOOL=
    export PBXCP_STRIP_UNSIGNED_BINARIES=NO
    export PER_ARCH_MODULE_FILE_DIR=/Modules
    export PFE_FILE_C_DIALECTS=
    export PKGINFO_PATH=Runner.app/PkgInfo
    export PLATFORM_DEVELOPER_APPLICATIONS_DIR=/Applications/Xcode.app/Contents/Developer/Platforms/iPhoneOS.platform/Developer/Applications
    export PLATFORM_DEVELOPER_BIN_DIR=/Applications/Xcode.app/Contents/Developer/Platforms/iPhoneOS.platform/Developer/usr/bin
    export PLATFORM_DEVELOPER_LIBRARY_DIR=/Applications/Xcode.app/Contents/Developer/Platforms/iPhoneOS.platform/Developer/Library
    export PLATFORM_DEVELOPER_SDK_DIR=/Applications/Xcode.app/Contents/Developer/Platforms/iPhoneOS.platform/Developer/SDKs
    export PLATFORM_DEVELOPER_TOOLS_DIR=/Applications/Xcode.app/Contents/Developer/Platforms/iPhoneOS.platform/Developer/Tools
    export PLATFORM_DEVELOPER_USR_DIR=/Applications/Xcode.app/Contents/Developer/Platforms/iPhoneOS.platform/Developer/usr
    export PLATFORM_DIR=/Applications/Xcode.app/Contents/Developer/Platforms/iPhoneOS.platform
    export PLATFORM_DISPLAY_NAME=iOS
    export PLATFORM_NAME=iphoneos
    export PLATFORM_PREFERRED_ARCH=undefined_arch
    export PLATFORM_PRODUCT_BUILD_VERSION=23F73
    export PLIST_FILE_OUTPUT_FORMAT=binary
    export PLUGINS_FOLDER_PATH=Runner.app/PlugIns
    export PODS_BUILD_DIR=/Users/jose/src/work/hydracamv2/build/ios-icon-profile-keepeyeonball-ipad/Build/Products
    export PODS_CONFIGURATION_BUILD_DIR=/Users/jose/src/work/hydracamv2/build/ios-icon-profile-keepeyeonball-ipad/Build/Products/Profile-iphoneos
    export PODS_PODFILE_DIR_PATH=/Users/jose/src/work/hydracamv2/ios/.
    export PODS_ROOT=/Users/jose/src/work/hydracamv2/ios/Pods
    export PODS_XCFRAMEWORKS_BUILD_DIR=/Users/jose/src/work/hydracamv2/build/ios-icon-profile-keepeyeonball-ipad/Build/Products/Profile-iphoneos/XCFrameworkIntermediates
    export PRECOMPILE_PREFIX_HEADER=
    export PRECOMPS_INCLUDE_HEADERS_FROM_BUILT_PRODUCTS_DIR=YES
    export PRECOMP_DESTINATION_DIR=/Users/jose/src/work/hydracamv2/build/ios-icon-profile-keepeyeonball-ipad/Build/Intermediates.noindex/Runner.build/Profile-iphoneos/Runner.build/PrefixHeaders
    export PREFIX_CFLAG_BASE=
    export PREFIX_FLAGS=
    export PREFIX_HEADER=
    export PREFIX_REFERENCE=
    export PRELINK_FLAGS=
    export PRELINK_LIBS=
    export PRIVATE_HEADERS_FOLDER_PATH=Runner.app/PrivateHeaders
    export PROCESSED_INFOPLIST_PATH=/Users/jose/src/work/hydracamv2/build/ios-icon-profile-keepeyeonball-ipad/Build/Intermediates.noindex/Runner.build/Profile-iphoneos/Runner.build/Objects-normal/undefined_arch/Processed-Info.plist
    export PRODUCT_BUNDLE_IDENTIFIER=com.keepeyeonball
    export PRODUCT_BUNDLE_PACKAGE_TYPE=APPL
    export PRODUCT_DEFINITION_PLIST=
    export PRODUCT_MODULE_NAME=Runner
    export PRODUCT_NAME=Runner
    export PRODUCT_TYPE=com.apple.product-type.application
    export PRODUCT_TYPE_SWIFT_STDLIB_TOOL_FLAGS=
    export PROFILING_CODE=NO
    export PROJECT=Runner
    export PROJECT_DERIVED_FILE_DIR=/Users/jose/src/work/hydracamv2/build/ios-icon-profile-keepeyeonball-ipad/Build/Intermediates.noindex/Runner.build/DerivedSources
    export PROJECT_DIR=/Users/jose/src/work/hydracamv2/ios
    export PROJECT_FILE_PATH=/Users/jose/src/work/hydracamv2/ios/Runner.xcodeproj
    export PROJECT_NAME=Runner
    export PROJECT_TEMP_DIR=/Users/jose/src/work/hydracamv2/build/ios-icon-profile-keepeyeonball-ipad/Build/Intermediates.noindex/Runner.build
    export PROJECT_TEMP_ROOT=/Users/jose/src/work/hydracamv2/build/ios-icon-profile-keepeyeonball-ipad/Build/Intermediates.noindex
    export PROVISIONING_PROFILE=
    export PROVISIONING_PROFILE_DESTINATION_PATH=/Users/jose/src/work/hydracamv2/build/ios-icon-profile-keepeyeonball-ipad/Build/Products/Profile-iphoneos/Runner.app
    export PROVISIONING_PROFILE_REQUIRED=YES
    export PROVISIONING_PROFILE_REQUIRED_YES_YES=YES
    export PROVISIONING_PROFILE_SPECIFIER=
    export PROVISIONING_PROFILE_SUPPORTED=YES
    export PUBLIC_HEADERS_FOLDER_PATH=Runner.app/Headers
    export PWD=/Users/jose/src/work/hydracamv2
    export REALITYASSET_DEPLOYMENT_TARGET=13.0
    export RECURSIVE_SEARCH_PATHS_FOLLOW_SYMLINKS=YES
    export REFERENCEOBJECT_STRIP_USDZ=NO
    export REGISTER_APP_GROUPS=
    export REMOVE_CVS_FROM_RESOURCES=YES
    export REMOVE_GIT_FROM_RESOURCES=YES
    export REMOVE_HEADERS_FROM_EMBEDDED_BUNDLES=YES
    export REMOVE_HEADER_DIRECTORIES=NO
    export REMOVE_HG_FROM_RESOURCES=YES
    export REMOVE_STATIC_EXECUTABLES_FROM_EMBEDDED_BUNDLES=YES
    export REMOVE_SVN_FROM_RESOURCES=YES
    export RESCHEDULE_INDEPENDENT_HEADERS_PHASES=YES
    export RESMERGER_SOURCES_FORK=auto
    export RESOURCES_PLATFORM_NAME=
    export RESOURCES_UI_FRAMEWORK_FAMILY=
    export RESOURCE_RULES_PLIST_PATH=
    export RETAIN_RAW_BINARIES=
    export REZ_COLLECTOR_DIR=/Users/jose/src/work/hydracamv2/build/ios-icon-profile-keepeyeonball-ipad/Build/Intermediates.noindex/Runner.build/Profile-iphoneos/Runner.build/ResourceManagerResources
    export REZ_EXECUTABLE=
    export REZ_OBJECTS_DIR=/Users/jose/src/work/hydracamv2/build/ios-icon-profile-keepeyeonball-ipad/Build/Intermediates.noindex/Runner.build/Profile-iphoneos/Runner.build/ResourceManagerResources/Objects
    export REZ_PREFIX_FILE=
    export REZ_PREPROCESSOR_DEFINITIONS=
    export REZ_PREPROCESSOR_UNDEFINITIONS=
    export REZ_RESOLVE_ALIASES=Always
    export REZ_RESOURCE_MAP_READ_ONLY=NO
    export REZ_SCRIPT_TYPE=Roman
    export REZ_SEARCH_PATHS=
    export REZ_SHOW_DEBUG_OUTPUT=NO
    export REZ_SUPPRESS_REDECLARED_RESOURCE_TYPE_WARNINGS=NO
    export RUNTIME_EXCEPTION_ALLOW_DYLD_ENVIRONMENT_VARIABLES=NO
    export RUNTIME_EXCEPTION_ALLOW_JIT=NO
    export RUNTIME_EXCEPTION_ALLOW_UNSIGNED_EXECUTABLE_MEMORY=NO
    export RUNTIME_EXCEPTION_DEBUGGING_TOOL=NO
    export RUNTIME_EXCEPTION_DISABLE_EXECUTABLE_PAGE_PROTECTION=NO
    export RUNTIME_EXCEPTION_DISABLE_LIBRARY_VALIDATION=NO
    export RUN_CLANG_STATIC_ANALYZER=NO
    export RUN_DESTINATION_DEVICE_ECID=4003463842304166
    export RUN_DESTINATION_DEVICE_MODEL=iPad7,5
    export RUN_DESTINATION_DEVICE_NAME="iPad (5)"
    export RUN_DESTINATION_DEVICE_OS_VERSION=17.7.11
    export RUN_DESTINATION_DEVICE_PLATFORM_IDENTIFIER=com.apple.platform.iphoneos
    export RUN_DESTINATION_DEVICE_PLATFORM_NAME=iphoneos
    export RUN_DESTINATION_DEVICE_UDID=8b406aa5c597eab4c4dfd9908f4a09b10a89ec63
    export RUN_DESTINATION_DEVICE_UUID=0A947DBD-A462-5BAA-AB84-17F143D41619
    export RUN_DOCUMENTATION_COMPILER=NO
    export RUST_LOG=warn
    export RemoveFile=
    export SCAN_ALL_SOURCE_FILES_FOR_INCLUDES=NO
    export SCENEKIT_DEPLOYMENT_TARGET=13.0
    export SCHEME_ACTION_NAME="Run Prepare Flutter Framework Script"
    export SCHEME_NAME=Runner
    export SCRIPTS_FOLDER_PATH=Runner.app/Scripts
    export SDKDB_TO_SYMGRAPH_EXEC=/Applications/Xcode.app/Contents/Developer/../SharedFrameworks/CoreDocumentation.framework/Resources/sdkdb_to_symgraph
    export SDKROOT=iphoneos26.5
    export SDK_DIR=/Applications/Xcode.app/Contents/Developer/Platforms/iPhoneOS.platform/Developer/SDKs/iPhoneOS26.5.sdk
    export SDK_DIR_iphoneos26_5=/Applications/Xcode.app/Contents/Developer/Platforms/iPhoneOS.platform/Developer/SDKs/iPhoneOS26.5.sdk
    export SDK_NAME=iphoneos26.5
    export SDK_NAMES=iphoneos26.5
    export SDK_PRODUCT_BUILD_VERSION=23F73
    export SDK_STAT_CACHE_ENABLE=YES
    export SDK_STAT_CACHE_VERBOSE_LOGGING=NO
    export SDK_VERSION=26.5
    export SDK_VERSION_ACTUAL=260500
    export SDK_VERSION_MAJOR=260000
    export SDK_VERSION_MINOR=260500
    export SECTORDER_FLAGS=
    export SED=/usr/bin/sed
    export SEPARATE_STRIP=NO
    export SEPARATE_SYMBOL_EDIT=NO
    export SETTING_DefaultValue_NO_NO=NO
    export SETTING_DefaultValue_NO_YES=YES
    export SETTING_DefaultValue_YES_NO=YES
    export SETTING_DefaultValue_YES_YES=YES
    export SETTING_DefaultValue__=NO
    export SET_DIR_MODE_OWNER_GROUP=YES
    export SET_FILE_MODE_OWNER_GROUP=NO
    export SHALLOW_BUNDLE=YES
    export SHALLOW_BUNDLE_PLATFORM=
    export SHALLOW_BUNDLE_TRIPLE=ios
    export SHALLOW_BUNDLE_ios_macabi=NO
    export SHALLOW_BUNDLE_macos=NO
    export SHARED_DERIVED_FILE_DIR=/Users/jose/src/work/hydracamv2/build/ios-icon-profile-keepeyeonball-ipad/Build/Products/Profile-iphoneos/DerivedSources
    export SHARED_FRAMEWORKS_FOLDER_PATH=Runner.app/SharedFrameworks
    export SHARED_PRECOMPS_DIR=/Users/jose/src/work/hydracamv2/build/ios-icon-profile-keepeyeonball-ipad/Build/Intermediates.noindex/PrecompiledHeaders
    export SHARED_SUPPORT_FOLDER_PATH=Runner.app/SharedSupport
    export SHELL=/bin/zsh
    export SHLVL=2
    export SKIP_INSTALL=NO
    export SKIP_MERGEABLE_LIBRARY_BUNDLE_HOOK=NO
    export SOURCE_ROOT=/Users/jose/src/work/hydracamv2/ios
    export SRCROOT=/Users/jose/src/work/hydracamv2/ios
    export SSH_AUTH_SOCK=/var/run/com.apple.launchd.p4PwkDhMLA/Listeners
    export STORYBOARD_COMPILER_INFOPLIST_CONTENT_FILE=/Users/jose/src/work/hydracamv2/build/ios-icon-profile-keepeyeonball-ipad/Build/Intermediates.noindex/Runner.build/Profile-iphoneos/Runner.build/-SBPartialInfo.plist
    export STRINGSDATA_DIR=/undefined_arch
    export STRINGSDATA_ROOT=/Users/jose/src/work/hydracamv2/build/ios-icon-profile-keepeyeonball-ipad/Build/Intermediates.noindex/Runner.build/Profile-iphoneos/Runner.build
    export STRINGS_FILE_INFOPLIST_RENAME=YES
    export STRINGS_FILE_INPUT_ENCODING=
    export STRINGS_FILE_OUTPUT_ENCODING=binary
    export STRINGS_FILE_OUTPUT_FILENAME=
    export STRING_CATALOG_GENERATE_SYMBOLS=NO
    export STRIPFLAGS=
    export STRIP_BITCODE_FROM_COPIED_FILES=YES
    export STRIP_DETERMINISTIC_MODE=YES
    export STRIP_INSTALLED_PRODUCT=YES
    export STRIP_PNG_TEXT=YES
    export STRIP_STYLE=all
    export STRIP_SWIFT_SYMBOLS=YES
    export SUPPORTED_DEVICE_FAMILIES=1,2
    export SUPPORTED_PLATFORMS=iphoneos
    export SUPPORTS_MACCATALYST=NO
    export SUPPORTS_MAC_DESIGNED_FOR_IPHONE_IPAD=YES
    export SUPPORTS_ON_DEMAND_RESOURCES=YES
    export SUPPORTS_TEXT_BASED_API=NO
    export SUPPORTS_XR_DESIGNED_FOR_IPHONE_IPAD=YES
    export SUPPRESS_WARNINGS=NO
    export SWIFTC_ALTERNATE_LINKER=
    export SWIFTC_CLANG_COVERAGE_MAPPING_LINKER_ARGS=NO
    export SWIFTC_LD_DYLIB_INSTALL_NAME=
    export SWIFTC_LD_EXPORT_GLOBAL_SYMBOLS=NO
    export SWIFTC_LD_SUPPRESS_WARNINGS=NO
    export SWIFTC_LD_THREAD_SANITIZER=
    export SWIFTC_LINK_WITH_STANDARD_LIBRARIES=YES
    export SWIFTC_MACH_O_TYPE=mh_execute
    export SWIFTC_PASS_SDKROOT=YES
    export SWIFTC_RESOURCE_DIR=
    export SWIFTC_SDKROOT_LINKER_INPUT=iphoneos26.5
    export SWIFTC_SYSTEM_FRAMEWORK_SEARCH_PATHS=
    export SWIFTC__INPUT_FILE_LIST_PATH__=
    export SWIFT_ACTIVE_COMPILATION_CONDITIONS=
    export SWIFT_ADDITIONAL_LINKER_ARGS_OUTPUT_PATH=/Runner-linker-args.resp
    export SWIFT_ADDRESS_SANITIZER=
    export SWIFT_ADDRESS_SANITIZER_ALLOW_ERROR_RECOVERY=
    export SWIFT_ALLOW_INSTALL_OBJC_HEADER=YES
    export SWIFT_API_DIGESTER_MODE=abi
    export SWIFT_APPROACHABLE_CONCURRENCY=NO
    export SWIFT_AUTOLINK_EXTRACT_OUTPUT_PATH=/Runner-swiftbuild.autolink
    export SWIFT_BRIDGING_HEADER_IS_INTERNAL=NO
    export SWIFT_CLANG_CXX_LANGUAGE_STANDARD=objc-gnu++0x
    export SWIFT_CLANG_CXX_STANDARD_LIBRARY_HARDENING=
    export SWIFT_COHORT_ARCHS=
    export SWIFT_COMPILATION_MODE=singlefile
    export SWIFT_CROSS_MODULE_OPTIMIZATION=NO
    export SWIFT_DEBUG_INFORMATION_FORMAT=dwarf-with-dsym
    export SWIFT_DEBUG_INFORMATION_VERSION=compiler-default
    export SWIFT_DEFAULT_ACTOR_ISOLATION=nonisolated
    export SWIFT_DEPLOYMENT_TARGET=13.0
    export SWIFT_DISABLE_SAFETY_CHECKS=NO
    export SWIFT_EAGER_MODULE_EMISSION_IN_WMO=YES
    export SWIFT_EMIT_LOC_STRINGS=NO
    export SWIFT_EMIT_MODULE_INTERFACE=NO
    export SWIFT_ENABLE_APP_EXTENSION=NO
    export SWIFT_ENABLE_BARE_SLASH_REGEX=YES
    export SWIFT_ENABLE_BATCH_MODE=YES
    export SWIFT_ENABLE_COMPILE_CACHE=
    export SWIFT_ENABLE_EMIT_CONST_VALUES=YES
    export SWIFT_ENABLE_EXPLICIT_MODULES=
    export SWIFT_ENABLE_INCREMENTAL_COMPILATION=YES
    export SWIFT_ENABLE_LAYOUT_STRING_VALUE_WITNESSES=NO
    export SWIFT_ENABLE_LIBRARY_EVOLUTION=NO
    export SWIFT_ENABLE_OPAQUE_TYPE_ERASURE=NO
    export SWIFT_ENABLE_PREFIX_MAPPING=
    export SWIFT_ENABLE_TESTABILITY=NO
    export SWIFT_ENFORCE_EXCLUSIVE_ACCESS=default
    export SWIFT_EXEC=swiftc
    export SWIFT_EXPERIMENTAL_FEATURE_DEBUG_DESCRIPTION_MACRO=YES
    export SWIFT_GENERATE_ADDITIONAL_LINKER_ARGS=
    export SWIFT_INDEX_STORE_COMPRESS=NO
    export SWIFT_INDEX_STORE_ENABLE=YES
    export SWIFT_INDEX_STORE_ONLY_PROJECT_FILES=NO
    export SWIFT_INDEX_STORE_PATH=/Users/jose/src/work/hydracamv2/build/ios-icon-profile-keepeyeonball-ipad/Index.noindex/DataStore
    export SWIFT_INSTALL_MODULE=YES
    export SWIFT_INSTALL_MODULE_ABI_DESCRIPTOR=YES
    export SWIFT_INSTALL_OBJC_HEADER=YES
    export SWIFT_LIBFUZZER=
    export SWIFT_LIBRARIES_ONLY=NO
    export SWIFT_LIBRARY_PATH=
    export SWIFT_LINK_OBJC_RUNTIME=
    export SWIFT_LTO=NO
    export SWIFT_MODULES_AUTOLINK=YES
    export SWIFT_MODULE_ALIASES=
    export SWIFT_MODULE_NAME=Runner
    export SWIFT_OBJC_BRIDGING_HEADER=Runner/Runner-Bridging-Header.h
    export SWIFT_OBJC_INTERFACE_HEADER_NAME=Runner-Swift.h
    export SWIFT_OBJC_INTEROP_MODE=objc
    export SWIFT_OMIT_FRAME_POINTERS=compiler-default
    export SWIFT_OPTIMIZATION_LEVEL=-O
    export SWIFT_OTHER_PREFIX_MAPPINGS=
    export SWIFT_OVERLOAD_PREBUILT_MODULE_CACHE_PATH=
    export SWIFT_PACKAGE_NAME=
    export SWIFT_PLATFORM_TARGET_PREFIX=ios
    export SWIFT_PRECOMPILE_BRIDGING_HEADER=YES
    export SWIFT_REFLECTION_METADATA_LEVEL=all
    export SWIFT_RESOURCE_DIR=
    export SWIFT_RESPONSE_FILE_PATH=
    export SWIFT_SERIALIZE_DEBUGGING_OPTIONS=YES
    export SWIFT_SKIP_AUTOLINKING_ALL_FRAMEWORKS=NO
    export SWIFT_STDLIB=swiftCore
    export SWIFT_STDLIB_TOOL_ACTION=
    export SWIFT_STDLIB_TOOL_CODE_SIGN_IDENTITY=
    export SWIFT_STDLIB_TOOL_DESTINATION_DIR=/Users/jose/src/work/hydracamv2/build/ios-icon-profile-keepeyeonball-ipad/Build/Products/Profile-iphoneos/Runner.app/Frameworks
    export SWIFT_STDLIB_TOOL_EXECUTABLE_TO_SCAN=
    export SWIFT_STDLIB_TOOL_FOLDERS_TO_SCAN=
    export SWIFT_STDLIB_TOOL_KEYCHAIN=
    export SWIFT_STDLIB_TOOL_OTHER_CODE_SIGN_FLAGS=
    export SWIFT_STDLIB_TOOL_SOURCE_LIBRARIES=
    export SWIFT_STDLIB_TOOL_STRIP_BITCODE=YES
    export SWIFT_STDLIB_TOOL_TOOLCHAINS=/Applications/Xcode.app/Contents/Developer/Toolchains/XcodeDefault.xctoolchain
    export SWIFT_STDLIB_TOOL_UNSIGNED_DESTINATION_DIR=
    export SWIFT_STDLIB_TOOL_VERBOSITY=verbose
    export SWIFT_STRICT_CONCURRENCY=minimal
    export SWIFT_STRICT_CONCURRENCY_DEFAULT=minimal
    export SWIFT_STRICT_CONCURRENCY_IN_SWIFT_VERSION_6_0=complete
    export SWIFT_STRICT_MEMORY_SAFETY=NO
    export SWIFT_SUPPRESS_WARNINGS=NO
    export SWIFT_SYSTEM_INCLUDE_PATHS=
    export SWIFT_TARGET_TRIPLE=undefined_arch-apple-ios13.0
    export SWIFT_THREAD_SANITIZER=
    export SWIFT_TREAT_WARNINGS_AS_ERRORS=NO
    export SWIFT_UPCOMING_FEATURE_6_0=NO
    export SWIFT_UPCOMING_FEATURE_CONCISE_MAGIC_FILE=NO
    export SWIFT_UPCOMING_FEATURE_DEPRECATE_APPLICATION_MAIN=NO
    export SWIFT_UPCOMING_FEATURE_DISABLE_OUTWARD_ACTOR_ISOLATION=NO
    export SWIFT_UPCOMING_FEATURE_DYNAMIC_ACTOR_ISOLATION=NO
    export SWIFT_UPCOMING_FEATURE_EXISTENTIAL_ANY=No
    export SWIFT_UPCOMING_FEATURE_FORWARD_TRAILING_CLOSURES=NO
    export SWIFT_UPCOMING_FEATURE_GLOBAL_ACTOR_ISOLATED_TYPES_USABILITY=NO
    export SWIFT_UPCOMING_FEATURE_GLOBAL_CONCURRENCY=NO
    export SWIFT_UPCOMING_FEATURE_IMPLICIT_OPEN_EXISTENTIALS=NO
    export SWIFT_UPCOMING_FEATURE_IMPORT_OBJC_FORWARD_DECLS=NO
    export SWIFT_UPCOMING_FEATURE_INFER_ISOLATED_CONFORMANCES=NO
    export SWIFT_UPCOMING_FEATURE_INFER_SENDABLE_FROM_CAPTURES=NO
    export SWIFT_UPCOMING_FEATURE_INTERNAL_IMPORTS_BY_DEFAULT=NO
    export SWIFT_UPCOMING_FEATURE_ISOLATED_DEFAULT_VALUES=NO
    export SWIFT_UPCOMING_FEATURE_MEMBER_IMPORT_VISIBILITY=NO
    export SWIFT_UPCOMING_FEATURE_NONFROZEN_ENUM_EXHAUSTIVITY=NO
    export SWIFT_UPCOMING_FEATURE_NONISOLATED_NONSENDING_BY_DEFAULT=NO
    export SWIFT_UPCOMING_FEATURE_REGION_BASED_ISOLATION=NO
    export SWIFT_USE_PARALLEL_WHOLE_MODULE_OPTIMIZATION=YES
    export SWIFT_USE_PARALLEL_WMO_TARGETS=YES
    export SWIFT_VALIDATE_CLANG_MODULES_ONCE_PER_BUILD_SESSION=YES
    export SWIFT_VERSION=5.0
    export SWIFT_WARNINGS_AS_ERRORS_GROUPS=
    export SWIFT_WARNINGS_AS_WARNINGS_GROUPS=
    export SWIFT_WHOLE_MODULE_OPTIMIZATION=NO
    export SYMBOL_GRAPH_EXTRACTOR_EXEC=swift-symbolgraph-extract
    export SYMBOL_GRAPH_EXTRACTOR_MODULE_CACHE_PATH=/Users/jose/src/work/hydracamv2/build/ios-icon-profile-keepeyeonball-ipad/ModuleCache.noindex
    export SYMBOL_GRAPH_EXTRACTOR_MODULE_NAME=Runner
    export SYMBOL_GRAPH_EXTRACTOR_OUTPUT_BASE=/Users/jose/src/work/hydracamv2/build/ios-icon-profile-keepeyeonball-ipad/Build/Intermediates.noindex/Runner.build/Profile-iphoneos/Runner.build/symbol-graph
    export SYMBOL_GRAPH_EXTRACTOR_OUTPUT_DIR=/Users/jose/src/work/hydracamv2/build/ios-icon-profile-keepeyeonball-ipad/Build/Intermediates.noindex/Runner.build/Profile-iphoneos/Runner.build/symbol-graph/swift/undefined_arch-apple-ios13.0
    export SYMBOL_GRAPH_EXTRACTOR_SDK=iphoneos26.5
    export SYMBOL_GRAPH_EXTRACTOR_SEARCH_PATHS=
    export SYMBOL_GRAPH_EXTRACTOR_SWIFT_VERSION=5.0
    export SYMBOL_GRAPH_EXTRACTOR_TARGET_TRIPLE=undefined_arch-apple-ios13.0
    export SYMBOL_HEADER=
    export SYMROOT=/Users/jose/src/work/hydracamv2/build/ios-icon-profile-keepeyeonball-ipad/Build/Products
    export SYSTEM_ADMIN_APPS_DIR=/Applications/Utilities
    export SYSTEM_APPS_DIR=/Applications
    export SYSTEM_CORE_SERVICES_DIR=/System/Library/CoreServices
    export SYSTEM_DEMOS_DIR=/Applications/Extras
    export SYSTEM_DEVELOPER_APPS_DIR=/Applications/Xcode.app/Contents/Developer/Applications
    export SYSTEM_DEVELOPER_BIN_DIR=/Applications/Xcode.app/Contents/Developer/usr/bin
    export SYSTEM_DEVELOPER_DEMOS_DIR="/Applications/Xcode.app/Contents/Developer/Applications/Utilities/Built Examples"
    export SYSTEM_DEVELOPER_DIR=/Applications/Xcode.app/Contents/Developer
    export SYSTEM_DEVELOPER_DOC_DIR="/Applications/Xcode.app/Contents/Developer/ADC Reference Library"
    export SYSTEM_DEVELOPER_EXECUTABLES_DIR=
    export SYSTEM_DEVELOPER_GRAPHICS_TOOLS_DIR="/Applications/Xcode.app/Contents/Developer/Applications/Graphics Tools"
    export SYSTEM_DEVELOPER_JAVA_TOOLS_DIR="/Applications/Xcode.app/Contents/Developer/Applications/Java Tools"
    export SYSTEM_DEVELOPER_PERFORMANCE_TOOLS_DIR="/Applications/Xcode.app/Contents/Developer/Applications/Performance Tools"
    export SYSTEM_DEVELOPER_RELEASENOTES_DIR="/Applications/Xcode.app/Contents/Developer/ADC Reference Library/releasenotes"
    export SYSTEM_DEVELOPER_TOOLS=/Applications/Xcode.app/Contents/Developer/Tools
    export SYSTEM_DEVELOPER_TOOLS_DOC_DIR="/Applications/Xcode.app/Contents/Developer/ADC Reference Library/documentation/DeveloperTools"
    export SYSTEM_DEVELOPER_TOOLS_RELEASENOTES_DIR="/Applications/Xcode.app/Contents/Developer/ADC Reference Library/releasenotes/DeveloperTools"
    export SYSTEM_DEVELOPER_USR_DIR=/Applications/Xcode.app/Contents/Developer/usr
    export SYSTEM_DEVELOPER_UTILITIES_DIR=/Applications/Xcode.app/Contents/Developer/Applications/Utilities
    export SYSTEM_DEXT_INSTALL_PATH=/System/Library/DriverExtensions
    export SYSTEM_DOCUMENTATION_DIR=/Library/Documentation
    export SYSTEM_EXTENSIONS_FOLDER_PATH=Runner.app/SystemExtensions
    export SYSTEM_EXTENSIONS_FOLDER_PATH_SHALLOW_BUNDLE_NO=Runner.app/Library/SystemExtensions
    export SYSTEM_EXTENSIONS_FOLDER_PATH_SHALLOW_BUNDLE_YES=Runner.app/SystemExtensions
    export SYSTEM_FRAMEWORK_SEARCH_PATHS=
    export SYSTEM_HEADER_SEARCH_PATHS=
    export SYSTEM_KEXT_INSTALL_PATH=/System/Library/Extensions
    export SYSTEM_LIBRARY_DIR=/System/Library
    export SYSTEM_LIBRARY_EXECUTABLES_DIR=
    export ShallowBundle=YES
    export SigningCert=
    export SkipEmbeddedFrameworksValidation=
    export TAPI_APPLICATION_EXTENSION_API_ONLY=NO
    export TAPI_DEMANGLE=YES
    export TAPI_DYLIB_ALLOWABLE_CLIENTS=
    export TAPI_DYLIB_COMPATIBILITY_VERSION=
    export TAPI_DYLIB_CURRENT_VERSION=
    export TAPI_DYLIB_INSTALL_NAME=
    export TAPI_EMIT_PROFILING_SYMBOLS=YES
    export TAPI_ENABLE_MODULES=NO
    export TAPI_ENABLE_PROJECT_HEADERS=NO
    export TAPI_ENABLE_VERIFICATION_MODE=YES
    export TAPI_EXCLUDE_PRIVATE_HEADERS=
    export TAPI_EXCLUDE_PROJECT_HEADERS=
    export TAPI_EXCLUDE_PUBLIC_HEADERS=
    export TAPI_EXEC=tapi
    export TAPI_EXTRACT_API_ENABLE_MODULES=YES
    export TAPI_EXTRACT_API_ENABLE_OBJC_ARC=YES
    export TAPI_EXTRACT_API_MODULE_CACHE_PATH=/Users/jose/src/work/hydracamv2/build/ios-icon-profile-keepeyeonball-ipad/ModuleCache.noindex
    export TAPI_EXTRACT_API_OUTPUT_DIR=/Users/jose/src/work/hydracamv2/build/ios-icon-profile-keepeyeonball-ipad/Build/Intermediates.noindex/Runner.build/Profile-iphoneos/Runner.build/symbol-graph/clang/undefined_arch-apple-ios13.0
    export TAPI_EXTRACT_API_SDKDB_OUTPUT_PATH=/Users/jose/src/work/hydracamv2/build/ios-icon-profile-keepeyeonball-ipad/Build/Intermediates.noindex/Runner.build/Profile-iphoneos/Runner.build/symbol-graph/clang/undefined_arch-apple-ios13.0/Runner.sdkdb
    export TAPI_EXTRACT_API_SEARCH_PATHS=
    export TAPI_EXTRACT_API_SYSTEM_ROOT=iphoneos26.5
    export TAPI_EXTRACT_API_TARGET_TRIPLE=undefined_arch-apple-ios13.0
    export TAPI_EXTRA_PRIVATE_HEADERS=
    export TAPI_EXTRA_PROJECT_HEADERS=
    export TAPI_EXTRA_PUBLIC_HEADERS=
    export TAPI_FRAMEWORK_SEARCH_PATHS=" \"/Users/jose/src/work/hydracamv2/build/ios-icon-profile-keepeyeonball-ipad/Build/Products/Profile-iphoneos/disk_space_plus\" \"/Users/jose/src/work/hydracamv2/build/ios-icon-profile-keepeyeonball-ipad/Build/Products/Profile-iphoneos/permission_handler_apple\" \"/Users/jose/src/work/hydracamv2/build/ios-icon-profile-keepeyeonball-ipad/Build/Products/Profile-iphoneos/photo_manager\""
    export TAPI_HEADER_SEARCH_PATHS=" \"/Users/jose/src/work/hydracamv2/build/ios-icon-profile-keepeyeonball-ipad/Build/Products/Profile-iphoneos/disk_space_plus/disk_space_plus.framework/Headers\" \"/Users/jose/src/work/hydracamv2/build/ios-icon-profile-keepeyeonball-ipad/Build/Products/Profile-iphoneos/permission_handler_apple/permission_handler_apple.framework/Headers\" \"/Users/jose/src/work/hydracamv2/build/ios-icon-profile-keepeyeonball-ipad/Build/Products/Profile-iphoneos/photo_manager/photo_manager.framework/Headers\""
    export TAPI_LANGUAGE=objective-c
    export TAPI_LANGUAGE_STANDARD=compiler-default
    export TAPI_LIBRARY_SEARCH_PATHS=" \"/Applications/Xcode.app/Contents/Developer/Toolchains/XcodeDefault.xctoolchain/usr/lib/swift/iphoneos\" /usr/lib/swift"
    export TAPI_MODULES_VALIDATE_SYSTEM_HEADERS=NO
    export TAPI_MODULE_CACHE_PATH=/Users/jose/src/work/hydracamv2/build/ios-icon-profile-keepeyeonball-ipad/ModuleCache.noindex
    export TAPI_PREPROCESSOR_DEFINITIONS=" COCOAPODS=1 "
    export TAPI_PRODUCT_TYPE=com.apple.product-type.application
    export TAPI_READ_DSYM=YES
    export TAPI_REEXPORTED_FRAMEWORK_INSTALL_NAMES=
    export TAPI_REEXPORTED_FRAMEWORK_NAMES=
    export TAPI_REEXPORTED_LIBRARY_INSTALL_NAMES=
    export TAPI_REEXPORTED_LIBRARY_NAMES=
    export TAPI_REEXPORTED_LIBRARY_PATHS=
    export TAPI_RUNPATH_SEARCH_PATHS=" /usr/lib/swift '@executable_path/Frameworks' '@loader_path/Frameworks' @executable_path/Frameworks"
    export TAPI_SHARED_CACHE_ELIGIBLE=Automatic
    export TAPI_SYSTEM_FRAMEWORK_SEARCH_PATHS=
    export TAPI_SYSTEM_HEADER_SEARCH_PATHS=
    export TAPI_TARGET_TRIPLE_ARCHS=arm64
    export TAPI_USE_SRCROOT=YES
    export TAPI_VERIFY_AGAINST=
    export TAPI_VERIFY_MODE=Pedantic
    export TARGETED_DEVICE_FAMILY=1,2
    export TARGETNAME=Runner
    export TARGET_BUILD_DIR=/Users/jose/src/work/hydracamv2/build/ios-icon-profile-keepeyeonball-ipad/Build/Products/Profile-iphoneos
    export TARGET_BUILD_SUBPATH=
    export TARGET_DEVICE_IDENTIFIER=8b406aa5c597eab4c4dfd9908f4a09b10a89ec63
    export TARGET_DEVICE_MODEL=iPad7,5
    export TARGET_DEVICE_OS_VERSION=17.7.11
    export TARGET_DEVICE_PLATFORM_NAME=iphoneos
    export TARGET_NAME=Runner
    export TARGET_TEMP_DIR=/Users/jose/src/work/hydracamv2/build/ios-icon-profile-keepeyeonball-ipad/Build/Intermediates.noindex/Runner.build/Profile-iphoneos/Runner.build
    export TEMP_DIR=/Users/jose/src/work/hydracamv2/build/ios-icon-profile-keepeyeonball-ipad/Build/Intermediates.noindex/Runner.build/Profile-iphoneos/Runner.build
    export TEMP_FILES_DIR=/Users/jose/src/work/hydracamv2/build/ios-icon-profile-keepeyeonball-ipad/Build/Intermediates.noindex/Runner.build/Profile-iphoneos/Runner.build
    export TEMP_FILE_DIR=/Users/jose/src/work/hydracamv2/build/ios-icon-profile-keepeyeonball-ipad/Build/Intermediates.noindex/Runner.build/Profile-iphoneos/Runner.build
    export TEMP_ROOT=/Users/jose/src/work/hydracamv2/build/ios-icon-profile-keepeyeonball-ipad/Build/Intermediates.noindex
    export TEMP_SANDBOX_DIR=/Users/jose/src/work/hydracamv2/build/ios-icon-profile-keepeyeonball-ipad/Build/Intermediates.noindex/TemporaryTaskSandboxes
    export TERM=dumb
    export TEST_FRAMEWORK_SEARCH_PATHS=" /Applications/Xcode.app/Contents/Developer/Platforms/iPhoneOS.platform/Developer/Library/Frameworks iphoneos26.5/Developer/Library/Frameworks"
    export TEST_HOST=
    export TEST_LIBRARY_SEARCH_PATHS=" /Applications/Xcode.app/Contents/Developer/Platforms/iPhoneOS.platform/Developer/usr/lib"
    export TEXTURE_ATLAS_ENABLE_WARNINGS=Yes
    export TEXTURE_ATLAS_FORMAT=RGBA8888_PNG
    export TEXTURE_ATLAS_MAXIMUM_SIZE=2048x2048
    export TMPDIR=/var/folders/6s/dp27g8gn26j9mp36sjfxb9tw0000gn/T/
    export TOOLCHAINS=
    export TOOLCHAIN_DIR=/Applications/Xcode.app/Contents/Developer/Toolchains/XcodeDefault.xctoolchain
    export TRACK_WIDGET_CREATION=false
    export TREAT_MISSING_BASELINES_AS_TEST_FAILURES=NO
    export TREAT_MISSING_SCRIPT_PHASE_OUTPUTS_AS_ERRORS=NO
    export TREE_SHAKE_ICONS=true
    export TVOS_DEPLOYMENT_TARGET=15.6
    export UID=501
    export UNEXPORTED_SYMBOLS_FILE=
    export UNINSTALLED_PRODUCTS_DIR=/Users/jose/src/work/hydracamv2/build/ios-icon-profile-keepeyeonball-ipad/Build/Intermediates.noindex/UninstalledProducts
    export UNLOCALIZED_RESOURCES_FOLDER_PATH=Runner.app
    export UNLOCALIZED_RESOURCES_FOLDER_PATH_SHALLOW_BUNDLE_NO=Runner.app/Resources
    export UNLOCALIZED_RESOURCES_FOLDER_PATH_SHALLOW_BUNDLE_YES=Runner.app
    export UNSTRIPPED_PRODUCT=NO
    export USER=jose
    export USER_APPS_DIR=/Users/jose/Applications
    export USER_LIBRARY_DIR=/Users/jose/Library
    export USE_DYNAMIC_NO_PIC=YES
    export USE_GCC3_PFE_SUPPORT=
    export USE_HEADERMAP=YES
    export USE_HEADER_SYMLINKS=NO
    export USE_RECURSIVE_SCRIPT_INPUTS_IN_SCRIPT_PHASES=YES
    export USE_SDK_TOOLCHAINS=YES
    export VALIDATE_PLIST_FILES_WHILE_COPYING=NO
    export VALIDATE_PRODUCT=YES
    export VALIDATE_STRINGS_FILES_WHILE_COPYING=YES
    export VALID_ARCHS="arm64e arm64"
    export VERBOSE_PBXCP=NO
    export VERSIONING_STUB=
    export VERSIONING_SYSTEM=apple-generic
    export VERSIONPLIST_PATH=Runner.app/version.plist
    export VERSIONS_FOLDER_PATH=
    export VERSION_INFO_BUILDER=jose
    export VERSION_INFO_EXPORT_DECL=
    export VERSION_INFO_FILE=Runner_vers.c
    export VERSION_INFO_PREFIX=
    export VERSION_INFO_STRING="\"@(#)PROGRAM:Runner  PROJECT:Runner-16\""
    export VERSION_INFO_SUFFIX=
    export ValidateForStore=YES
    export WARNING_CFLAGS=
    export WATCHOS_DEPLOYMENT_TARGET=8.7
    export WATCH_BUILT_PRODUCTS_DIR=/Users/jose/src/work/hydracamv2/build/ios-icon-profile-keepeyeonball-ipad/Build/Products/Profile-watchos
    export WORKSPACE_PATH=/Users/jose/src/work/hydracamv2/ios/Runner.xcworkspace
    export WRAPPER_EXTENSION=app
    export WRAPPER_NAME=Runner.app
    export WRAPPER_PREFIX=
    export WRAPPER_SUFFIX=.app
    export WRAP_ASSET_PACKS_IN_SEPARATE_DIRECTORIES=NO
    export XCODE_APP_SUPPORT_DIR=/Applications/Xcode.app/Contents/Developer/Library/Xcode
    export XCODE_DEVELOPER_DIR_PATH=
    export XCODE_PRODUCT_BUILD_VERSION=17F42
    export XCODE_VERSION_ACTUAL=2650
    export XCODE_VERSION_MAJOR=2600
    export XCODE_VERSION_MINOR=2650
    export XCSTRINGS_FORCE_BUILD_ALL_STRINGS=NO
    export XCSTRINGS_LANGUAGES_TO_COMPILE=
    export XIB_COMPILER_INFOPLIST_CONTENT_FILE=/Users/jose/src/work/hydracamv2/build/ios-icon-profile-keepeyeonball-ipad/Build/Intermediates.noindex/Runner.build/Profile-iphoneos/Runner.build/-PartialInfo.plist
    export XPCSERVICES_FOLDER_PATH=Runner.app/XPCServices
    export XPC_FLAGS=0x0
    export XPC_SERVICE_NAME=0
    export XROS_DEPLOYMENT_TARGET=1.3
    export YACC=yacc
    export YACCFLAGS=
    export YACC_GENERATED_FILE_STEM=Standard
    export YACC_GENERATE_DEBUGGING_DIRECTIVES=NO
    export YACC_INSERT_LINE_DIRECTIVES=YES
    export ZSH=/Users/jose/.oh-my-zsh
    export ZSH_TMUX_AUTOSTART=false
    export ZSH_TMUX_AUTOSTARTED=true
    export _=/usr/bin/xcodebuild
    export _CLANG_ENABLE_TYPED_ALLOCATOR_SUPPORT_DEFAULT=compiler-default
    export _CLANG_ENABLE_TYPED_ALLOCATOR_SUPPORT_DEFAULT_ENHANCED_SECURITY_NO=compiler-default
    export _CLANG_ENABLE_TYPED_ALLOCATOR_SUPPORT_DEFAULT_ENHANCED_SECURITY_YES=YES
    export _CLANG_TRIVIAL_AUTO_VAR_INIT_DEFAULT=default
    export _CLANG_TRIVIAL_AUTO_VAR_INIT_DEFAULT_ENABLE_ZERO_INIT_NO=default
    export _CLANG_TRIVIAL_AUTO_VAR_INIT_DEFAULT_ENABLE_ZERO_INIT_YES=zero
    export _DISCOVER_COMMAND_LINE_LINKER_INPUTS=YES
    export _DISCOVER_COMMAND_LINE_LINKER_INPUTS_INCLUDE_WL=YES
    export _LD_MULTIARCH=YES
    export _PREFIXED_SWIFT_VERSION=_5.0
    export _REZ_PREFIX_FILE=/Users/jose/src/work/hydracamv2/ios/
    export _UNSAFE_BUFFER_USAGE_DEFAULT=DEFAULT
    export _UNSAFE_BUFFER_USAGE_DEFAULT_ENABLE_SAFE_BUFFERS_NO=DEFAULT
    export _UNSAFE_BUFFER_USAGE_DEFAULT_ENABLE_SAFE_BUFFERS_YES=YES_ERROR
    export _WRAPPER_CONTENTS_DIR=
    export _WRAPPER_CONTENTS_DIR_SHALLOW_BUNDLE_NO=/Contents
    export _WRAPPER_PARENT_PATH=
    export _WRAPPER_PARENT_PATH_SHALLOW_BUNDLE_NO=/..
    export _WRAPPER_RESOURCES_DIR=
    export _WRAPPER_RESOURCES_DIR_SHALLOW_BUNDLE_NO=/Resources
    export __CFBundleIdentifier=com.openai.codex
    export __CF_USER_TEXT_ENCODING="0x1F5:0x0:0x0"
    export __CLANG_ANALYZER_DIVIDE_BY_ZERO_NO_SILENCE_STRING=core.DivideZero
    export __CLANG_ANALYZER_DIVIDE_BY_ZERO_YES_SILENCE_STRING=.
    export __CLANG_ANALYZER_NULL_DEREFERENCE_NO_SILENCE_STRING=core.NullDereference
    export __CLANG_ANALYZER_NULL_DEREFERENCE_YES_SILENCE_STRING=.
    export __CLANG_ANALYZER_SILENCE_CHECKERS=YES
    export __CLANG_ANALYZER_SILENCE_CHECKERS_LIST=".;."
    export __CPP_PREFIX_HEADER=
    export __CREATE_INFOPLIST_SECTION_IN_BINARY=NO
    export __DIAGNOSE_DEPRECATED_ARCHS=YES
    export __ENHANCED_SECURITY_OR_BOUNDS_SAFE_BUFFERS=NO
    export __ENHANCED_SECURITY_OR_BOUNDS_SAFE_BUFFERS_NO_NO=NO
    export __ENHANCED_SECURITY_OR_BOUNDS_SAFE_BUFFERS_NO_YES=YES
    export __ENHANCED_SECURITY_OR_BOUNDS_SAFE_BUFFERS_YES_NO=YES
    export __ENHANCED_SECURITY_OR_BOUNDS_SAFE_BUFFERS_YES_YES=YES
    export __IIG_DEPLOYMENT_TARGET__=13.0
    export __IIG_FRAMEWORK_NAME__=com.apple.product-type.application
    export __INPUT_FILE_LIST_PATH__=
    export __IS_NOT_MACOS=YES
    export __IS_NOT_MACOS_macosx=NO
    export __IS_NOT_SIMULATOR=YES
    export __IS_NOT_SIMULATOR_simulator=NO
    export __LIBRARY_HARDENING_DEFAULT_VALUE=
    export __LIBRARY_HARDENING_DEFAULT_VALUE_OPT_LEVEL_0_ENHANCED_SECURITY_OR_BOUNDS_SAFE_BUFFERS_NO=debug
    export __LIBRARY_HARDENING_DEFAULT_VALUE_OPT_LEVEL_0_ENHANCED_SECURITY_OR_BOUNDS_SAFE_BUFFERS_YES=debug
    export __LIBRARY_HARDENING_DEFAULT_VALUE_OPT_LEVEL_1_ENHANCED_SECURITY_OR_BOUNDS_SAFE_BUFFERS_YES=fast
    export __LIBRARY_HARDENING_DEFAULT_VALUE_OPT_LEVEL_2_ENHANCED_SECURITY_OR_BOUNDS_SAFE_BUFFERS_YES=fast
    export __LIBRARY_HARDENING_DEFAULT_VALUE_OPT_LEVEL_3_ENHANCED_SECURITY_OR_BOUNDS_SAFE_BUFFERS_YES=fast
    export __LIBRARY_HARDENING_DEFAULT_VALUE_OPT_LEVEL_fast_ENHANCED_SECURITY_OR_BOUNDS_SAFE_BUFFERS_YES=fast
    export __LIBRARY_HARDENING_DEFAULT_VALUE_OPT_LEVEL_s_ENHANCED_SECURITY_OR_BOUNDS_SAFE_BUFFERS_YES=fast
    export __LIBRARY_HARDENING_DEFAULT_VALUE_OPT_LEVEL_z_ENHANCED_SECURITY_OR_BOUNDS_SAFE_BUFFERS_YES=fast
    export __OTHER_IIG_CFLAGS__=YES
    export __SWIFT_ENFORCE_EXCLUSIVE_ACCESS_DEBUG_ENFORCEMENT_DEBUG=YES
    export __SWIFT_ENFORCE_EXCLUSIVE_ACCESS_DEBUG_ENFORCEMENT_RELEASE=YES
    export __infoplist_absolute__=/Users/jose/src/work/hydracamv2/build/ios-icon-profile-keepeyeonball-ipad/Build/Products/Profile-iphoneos/Runner.app
    export __infoplist_subpath__=Info.plist
    export __no_validate_extension__=YES
    export _exclude_ds_store_files_=
    export _resolve_src_symlinks_=
    export arch=undefined_arch
    export build_file_compiler_flags=
    export diagnostic_message_length=0
    export mig_generate_client_sources=YES
    export mig_generate_server_sources=NO
    export print_note_include_stack=YES
    export variant=normal
    /bin/sh -c /var/folders/6s/dp27g8gn26j9mp36sjfxb9tw0000gn/T/SchemeScriptAction-qWg46U.sh
Warning: unknown environment variable SWIFT_DEBUG_INFORMATION_FORMAT
Warning: unknown environment variable SWIFT_DEBUG_INFORMATION_VERSION
Warning: unknown environment variable SWIFT_DEBUG_INFORMATION_FORMAT
Warning: unknown environment variable SWIFT_DEBUG_INFORMATION_VERSION
Warning: unknown environment variable SWIFT_DEBUG_INFORMATION_FORMAT
Warning: unknown environment variable SWIFT_DEBUG_INFORMATION_VERSION
Warning: unknown environment variable SWIFT_DEBUG_INFORMATION_FORMAT
Warning: unknown environment variable SWIFT_DEBUG_INFORMATION_VERSION
Warning: unknown environment variable SWIFT_DEBUG_INFORMATION_FORMAT
Warning: unknown environment variable SWIFT_DEBUG_INFORMATION_VERSION
Warning: unknown environment variable SWIFT_DEBUG_INFORMATION_FORMAT
Warning: unknown environment variable SWIFT_DEBUG_INFORMATION_VERSION
Warning: unknown environment variable SWIFT_DEBUG_INFORMATION_FORMAT
Warning: unknown environment variable SWIFT_DEBUG_INFORMATION_VERSION
Warning: unknown environment variable SWIFT_DEBUG_INFORMATION_FORMAT
Warning: unknown environment variable SWIFT_DEBUG_INFORMATION_VERSION

ComputePackagePrebuildTargetDependencyGraph

Prepare packages

CreateBuildRequest

SendProjectDescription

CreateBuildOperation

ComputeTargetDependencyGraph
note: Building targets in dependency order
note: Target dependency graph (64 targets)
    Target 'Runner' in project 'Runner'
        ➜ Implicit dependency on target 'Pods-Runner' in project 'Pods' via file 'Pods_Runner.framework' in build phase 'Link Binary'
        ➜ Implicit dependency on target 'disk_space_plus' in project 'Pods' via options '-framework disk_space_plus' in build setting 'OTHER_LDFLAGS'
        ➜ Implicit dependency on target 'permission_handler_apple' in project 'Pods' via options '-framework permission_handler_apple' in build setting 'OTHER_LDFLAGS'
        ➜ Implicit dependency on target 'photo_manager' in project 'Pods' via options '-framework photo_manager' in build setting 'OTHER_LDFLAGS'
        ➜ Explicit dependency on target 'FlutterGeneratedPluginSwiftPackage' in project 'FlutterGeneratedPluginSwiftPackage'
    Target 'FlutterGeneratedPluginSwiftPackage' in project 'FlutterGeneratedPluginSwiftPackage'
        ➜ Explicit dependency on target 'FlutterGeneratedPluginSwiftPackage' in project 'FlutterGeneratedPluginSwiftPackage'
        ➜ Explicit dependency on target 'integration-test' in project 'integration_test'
        ➜ Explicit dependency on target 'wakelock-plus' in project 'wakelock_plus'
        ➜ Explicit dependency on target 'package-info-plus' in project 'package_info_plus'
        ➜ Explicit dependency on target 'video-player-avfoundation' in project 'video_player_avfoundation'
        ➜ Explicit dependency on target 'shared-preferences-foundation' in project 'shared_preferences_foundation'
        ➜ Explicit dependency on target 'sensors-plus' in project 'sensors_plus'
        ➜ Explicit dependency on target 'path-provider-foundation' in project 'path_provider_foundation'
        ➜ Explicit dependency on target 'network-info-plus' in project 'network_info_plus'
        ➜ Explicit dependency on target 'geolocator-apple' in project 'geolocator_apple'
        ➜ Explicit dependency on target 'flutter-secure-storage-darwin' in project 'flutter_secure_storage_darwin'
        ➜ Explicit dependency on target 'flutter-appauth' in project 'flutter_appauth'
        ➜ Explicit dependency on target 'device-info-plus' in project 'device_info_plus'
        ➜ Explicit dependency on target 'connectivity-plus' in project 'connectivity_plus'
        ➜ Explicit dependency on target 'camera-avfoundation' in project 'camera_avfoundation'
        ➜ Explicit dependency on target 'battery-plus' in project 'battery_plus'
        ➜ Explicit dependency on target 'FlutterFramework' in project 'FlutterFramework'
    Target 'FlutterGeneratedPluginSwiftPackage' in project 'FlutterGeneratedPluginSwiftPackage'
        ➜ Explicit dependency on target 'integration-test' in project 'integration_test'
        ➜ Explicit dependency on target 'wakelock-plus' in project 'wakelock_plus'
        ➜ Explicit dependency on target 'package-info-plus' in project 'package_info_plus'
        ➜ Explicit dependency on target 'video-player-avfoundation' in project 'video_player_avfoundation'
        ➜ Explicit dependency on target 'shared-preferences-foundation' in project 'shared_preferences_foundation'
        ➜ Explicit dependency on target 'sensors-plus' in project 'sensors_plus'
        ➜ Explicit dependency on target 'path-provider-foundation' in project 'path_provider_foundation'
        ➜ Explicit dependency on target 'network-info-plus' in project 'network_info_plus'
        ➜ Explicit dependency on target 'geolocator-apple' in project 'geolocator_apple'
        ➜ Explicit dependency on target 'flutter-secure-storage-darwin' in project 'flutter_secure_storage_darwin'
        ➜ Explicit dependency on target 'flutter-appauth' in project 'flutter_appauth'
        ➜ Explicit dependency on target 'device-info-plus' in project 'device_info_plus'
        ➜ Explicit dependency on target 'connectivity-plus' in project 'connectivity_plus'
        ➜ Explicit dependency on target 'camera-avfoundation' in project 'camera_avfoundation'
        ➜ Explicit dependency on target 'battery-plus' in project 'battery_plus'
        ➜ Explicit dependency on target 'FlutterFramework' in project 'FlutterFramework'
    Target 'battery-plus' in project 'battery_plus'
        ➜ Explicit dependency on target 'battery_plus' in project 'battery_plus'
        ➜ Explicit dependency on target 'battery_plus_battery_plus' in project 'battery_plus'
    Target 'battery_plus' in project 'battery_plus'
        ➜ Explicit dependency on target 'battery_plus_battery_plus' in project 'battery_plus'
    Target 'battery_plus_battery_plus' in project 'battery_plus' (no dependencies)
    Target 'camera-avfoundation' in project 'camera_avfoundation'
        ➜ Explicit dependency on target 'camera_avfoundation' in project 'camera_avfoundation'
        ➜ Explicit dependency on target 'camera_avfoundation_objc' in project 'camera_avfoundation'
        ➜ Explicit dependency on target 'camera_avfoundation_camera_avfoundation' in project 'camera_avfoundation'
        ➜ Explicit dependency on target 'camera_avfoundation_camera_avfoundation_objc' in project 'camera_avfoundation'
    Target 'camera_avfoundation' in project 'camera_avfoundation'
        ➜ Explicit dependency on target 'camera_avfoundation_camera_avfoundation' in project 'camera_avfoundation'
        ➜ Explicit dependency on target 'camera_avfoundation_objc' in project 'camera_avfoundation'
    Target 'camera_avfoundation_objc' in project 'camera_avfoundation'
        ➜ Explicit dependency on target 'camera_avfoundation_camera_avfoundation_objc' in project 'camera_avfoundation'
    Target 'camera_avfoundation_camera_avfoundation_objc' in project 'camera_avfoundation' (no dependencies)
    Target 'camera_avfoundation_camera_avfoundation' in project 'camera_avfoundation' (no dependencies)
    Target 'connectivity-plus' in project 'connectivity_plus'
        ➜ Explicit dependency on target 'connectivity_plus' in project 'connectivity_plus'
        ➜ Explicit dependency on target 'connectivity_plus_connectivity_plus' in project 'connectivity_plus'
    Target 'connectivity_plus' in project 'connectivity_plus'
        ➜ Explicit dependency on target 'connectivity_plus_connectivity_plus' in project 'connectivity_plus'
    Target 'connectivity_plus_connectivity_plus' in project 'connectivity_plus' (no dependencies)
    Target 'device-info-plus' in project 'device_info_plus'
        ➜ Explicit dependency on target 'device_info_plus' in project 'device_info_plus'
        ➜ Explicit dependency on target 'device_info_plus_device_info_plus' in project 'device_info_plus'
    Target 'device_info_plus' in project 'device_info_plus'
        ➜ Explicit dependency on target 'device_info_plus_device_info_plus' in project 'device_info_plus'
    Target 'device_info_plus_device_info_plus' in project 'device_info_plus' (no dependencies)
    Target 'flutter-appauth' in project 'flutter_appauth'
        ➜ Explicit dependency on target 'flutter_appauth' in project 'flutter_appauth'
        ➜ Explicit dependency on target 'flutter_appauth_flutter_appauth' in project 'flutter_appauth'
        ➜ Explicit dependency on target 'AppAuth' in project 'AppAuth'
    Target 'flutter_appauth' in project 'flutter_appauth'
        ➜ Explicit dependency on target 'flutter_appauth_flutter_appauth' in project 'flutter_appauth'
        ➜ Explicit dependency on target 'AppAuth' in project 'AppAuth'
    Target 'AppAuth' in project 'AppAuth'
        ➜ Explicit dependency on target 'AppAuth' in project 'AppAuth'
        ➜ Explicit dependency on target 'AppAuth_AppAuth' in project 'AppAuth'
        ➜ Explicit dependency on target 'AppAuthCore' in project 'AppAuth'
    Target 'AppAuth' in project 'AppAuth'
        ➜ Explicit dependency on target 'AppAuth_AppAuth' in project 'AppAuth'
        ➜ Explicit dependency on target 'AppAuthCore' in project 'AppAuth'
    Target 'AppAuthCore' in project 'AppAuth'
        ➜ Explicit dependency on target 'AppAuth_AppAuthCore' in project 'AppAuth'
    Target 'AppAuth_AppAuthCore' in project 'AppAuth' (no dependencies)
    Target 'AppAuth_AppAuth' in project 'AppAuth' (no dependencies)
    Target 'flutter_appauth_flutter_appauth' in project 'flutter_appauth' (no dependencies)
    Target 'flutter-secure-storage-darwin' in project 'flutter_secure_storage_darwin'
        ➜ Explicit dependency on target 'flutter_secure_storage_darwin' in project 'flutter_secure_storage_darwin'
        ➜ Explicit dependency on target 'flutter_secure_storage_darwin_flutter_secure_storage_darwin' in project 'flutter_secure_storage_darwin'
    Target 'flutter_secure_storage_darwin' in project 'flutter_secure_storage_darwin'
        ➜ Explicit dependency on target 'flutter_secure_storage_darwin_flutter_secure_storage_darwin' in project 'flutter_secure_storage_darwin'
    Target 'flutter_secure_storage_darwin_flutter_secure_storage_darwin' in project 'flutter_secure_storage_darwin' (no dependencies)
    Target 'geolocator-apple' in project 'geolocator_apple'
        ➜ Explicit dependency on target 'geolocator_apple' in project 'geolocator_apple'
        ➜ Explicit dependency on target 'geolocator_apple_geolocator_apple' in project 'geolocator_apple'
    Target 'geolocator_apple' in project 'geolocator_apple'
        ➜ Explicit dependency on target 'geolocator_apple_geolocator_apple' in project 'geolocator_apple'
    Target 'geolocator_apple_geolocator_apple' in project 'geolocator_apple' (no dependencies)
    Target 'network-info-plus' in project 'network_info_plus'
        ➜ Explicit dependency on target 'network_info_plus' in project 'network_info_plus'
        ➜ Explicit dependency on target 'network_info_plus_network_info_plus' in project 'network_info_plus'
    Target 'network_info_plus' in project 'network_info_plus'
        ➜ Explicit dependency on target 'network_info_plus_network_info_plus' in project 'network_info_plus'
    Target 'network_info_plus_network_info_plus' in project 'network_info_plus' (no dependencies)
    Target 'path-provider-foundation' in project 'path_provider_foundation'
        ➜ Explicit dependency on target 'path_provider_foundation' in project 'path_provider_foundation'
        ➜ Explicit dependency on target 'path_provider_foundation_path_provider_foundation' in project 'path_provider_foundation'
    Target 'path_provider_foundation' in project 'path_provider_foundation'
        ➜ Explicit dependency on target 'path_provider_foundation_path_provider_foundation' in project 'path_provider_foundation'
    Target 'path_provider_foundation_path_provider_foundation' in project 'path_provider_foundation' (no dependencies)
    Target 'sensors-plus' in project 'sensors_plus'
        ➜ Explicit dependency on target 'sensors_plus' in project 'sensors_plus'
        ➜ Explicit dependency on target 'sensors_plus_sensors_plus' in project 'sensors_plus'
    Target 'sensors_plus' in project 'sensors_plus'
        ➜ Explicit dependency on target 'sensors_plus_sensors_plus' in project 'sensors_plus'
    Target 'sensors_plus_sensors_plus' in project 'sensors_plus' (no dependencies)
    Target 'shared-preferences-foundation' in project 'shared_preferences_foundation'
        ➜ Explicit dependency on target 'shared_preferences_foundation' in project 'shared_preferences_foundation'
        ➜ Explicit dependency on target 'shared_preferences_foundation_shared_preferences_foundation' in project 'shared_preferences_foundation'
    Target 'shared_preferences_foundation' in project 'shared_preferences_foundation'
        ➜ Explicit dependency on target 'shared_preferences_foundation_shared_preferences_foundation' in project 'shared_preferences_foundation'
    Target 'shared_preferences_foundation_shared_preferences_foundation' in project 'shared_preferences_foundation' (no dependencies)
    Target 'video-player-avfoundation' in project 'video_player_avfoundation'
        ➜ Explicit dependency on target 'video_player_avfoundation' in project 'video_player_avfoundation'
        ➜ Explicit dependency on target 'video_player_avfoundation_video_player_avfoundation' in project 'video_player_avfoundation'
        ➜ Explicit dependency on target 'video_player_avfoundation_ios' in project 'video_player_avfoundation'
    Target 'video_player_avfoundation' in project 'video_player_avfoundation'
        ➜ Explicit dependency on target 'video_player_avfoundation_video_player_avfoundation' in project 'video_player_avfoundation'
        ➜ Explicit dependency on target 'video_player_avfoundation_ios' in project 'video_player_avfoundation'
    Target 'video_player_avfoundation_ios' in project 'video_player_avfoundation' (no dependencies)
    Target 'video_player_avfoundation_video_player_avfoundation' in project 'video_player_avfoundation' (no dependencies)
    Target 'package-info-plus' in project 'package_info_plus'
        ➜ Explicit dependency on target 'package_info_plus' in project 'package_info_plus'
        ➜ Explicit dependency on target 'package_info_plus_package_info_plus' in project 'package_info_plus'
    Target 'package_info_plus' in project 'package_info_plus'
        ➜ Explicit dependency on target 'package_info_plus_package_info_plus' in project 'package_info_plus'
    Target 'package_info_plus_package_info_plus' in project 'package_info_plus' (no dependencies)
    Target 'wakelock-plus' in project 'wakelock_plus'
        ➜ Explicit dependency on target 'wakelock_plus' in project 'wakelock_plus'
        ➜ Explicit dependency on target 'wakelock_plus_wakelock_plus' in project 'wakelock_plus'
    Target 'wakelock_plus' in project 'wakelock_plus'
        ➜ Explicit dependency on target 'wakelock_plus_wakelock_plus' in project 'wakelock_plus'
    Target 'wakelock_plus_wakelock_plus' in project 'wakelock_plus' (no dependencies)
    Target 'integration-test' in project 'integration_test'
        ➜ Explicit dependency on target 'integration_test' in project 'integration_test'
        ➜ Explicit dependency on target 'FlutterFramework' in project 'FlutterFramework'
    Target 'integration_test' in project 'integration_test'
        ➜ Explicit dependency on target 'FlutterFramework' in project 'FlutterFramework'
    Target 'FlutterFramework' in project 'FlutterFramework'
        ➜ Explicit dependency on target 'FlutterFramework' in project 'FlutterFramework'
    Target 'FlutterFramework' in project 'FlutterFramework' (no dependencies)
    Target 'Pods-Runner' in project 'Pods'
        ➜ Explicit dependency on target 'Flutter' in project 'Pods'
        ➜ Explicit dependency on target 'disk_space_plus' in project 'Pods'
        ➜ Explicit dependency on target 'permission_handler_apple' in project 'Pods'
        ➜ Explicit dependency on target 'photo_manager' in project 'Pods'
    Target 'photo_manager' in project 'Pods'
        ➜ Explicit dependency on target 'Flutter' in project 'Pods'
        ➜ Explicit dependency on target 'photo_manager-photo_manager_privacy' in project 'Pods'
    Target 'photo_manager-photo_manager_privacy' in project 'Pods' (no dependencies)
    Target 'permission_handler_apple' in project 'Pods'
        ➜ Explicit dependency on target 'Flutter' in project 'Pods'
        ➜ Explicit dependency on target 'permission_handler_apple-permission_handler_apple_privacy' in project 'Pods'
    Target 'permission_handler_apple-permission_handler_apple_privacy' in project 'Pods' (no dependencies)
    Target 'disk_space_plus' in project 'Pods'
        ➜ Explicit dependency on target 'Flutter' in project 'Pods'
    Target 'Flutter' in project 'Pods' (no dependencies)

GatherProvisioningInputs

CreateBuildDescription

ExecuteExternalTool /Applications/Xcode.app/Contents/Developer/Toolchains/XcodeDefault.xctoolchain/usr/bin/clang -v -E -dM -arch arm64 -isysroot /Applications/Xcode.app/Contents/Developer/Platforms/iPhoneOS.platform/Developer/SDKs/iPhoneOS26.5.sdk -x c -c /dev/null

ExecuteExternalTool /Applications/Xcode.app/Contents/Developer/Toolchains/XcodeDefault.xctoolchain/usr/bin/swiftc --version

ExecuteExternalTool /Applications/Xcode.app/Contents/Developer/Toolchains/XcodeDefault.xctoolchain/usr/bin/clang -v -E -dM -arch arm64 -isysroot /Applications/Xcode.app/Contents/Developer/Platforms/iPhoneOS.platform/Developer/SDKs/iPhoneOS26.5.sdk -x objective-c -c /dev/null

ExecuteExternalTool /Applications/Xcode.app/Contents/Developer/Toolchains/XcodeDefault.xctoolchain/usr/bin/clang -v -E -dM -isysroot /Applications/Xcode.app/Contents/Developer/Platforms/iPhoneOS.platform/Developer/SDKs/iPhoneOS26.5.sdk -x c -c /dev/null

ExecuteExternalTool /Applications/Xcode.app/Contents/Developer/usr/bin/ibtool --version --output-format xml1

ExecuteExternalTool /Applications/Xcode.app/Contents/Developer/Toolchains/XcodeDefault.xctoolchain/usr/bin/ld -version_details

ExecuteExternalTool /Applications/Xcode.app/Contents/Developer/usr/bin/actool --print-asset-tag-combinations --output-format xml1 /Users/jose/src/work/hydracamv2/ios/Runner/Assets.xcassets

ExecuteExternalTool /Applications/Xcode.app/Contents/Developer/Toolchains/XcodeDefault.xctoolchain/usr/bin/libtool -V

ExecuteExternalTool /Applications/Xcode.app/Contents/Developer/usr/bin/actool --version --output-format xml1

Build description signature: 1e0f7e10185585b21bbb91845a0a354c
Build description path: /Users/jose/src/work/hydracamv2/build/ios-icon-profile-keepeyeonball-ipad/Build/Intermediates.noindex/XCBuildData/1e0f7e10185585b21bbb91845a0a354c.xcbuilddata
/Users/jose/src/work/hydracamv2/ios/Runner.xcodeproj: error: No Accounts: Add a new account in Accounts settings. (in target 'Runner' from project 'Runner')
/Users/jose/src/work/hydracamv2/ios/Runner.xcodeproj: error: No signing certificate "iOS Development" found: No "iOS Development" signing certificate matching team ID "4RRY2QT7H8" with a private key was found. (in target 'Runner' from project 'Runner')
warning: Run script build phase 'Run Script' will be run during every build because it does not specify any outputs. To address this issue, either add output dependencies to the script phase, or configure it to run in every build by unchecking "Based on dependency analysis" in the script phase. (in target 'Runner' from project 'Runner')
note: Run script build phase 'Run Script' will be run during every build because the option to run the script phase "Based on dependency analysis" is unchecked. (in target 'Runner' from project 'Runner')
note: Run script build phase 'Thin Binary' will be run during every build because the option to run the script phase "Based on dependency analysis" is unchecked. (in target 'Runner' from project 'Runner')

[stderr]
The following plugins do not support Swift Package Manager for ios:
  - photo_manager
  - permission_handler_apple
  - disk_space_plus
This will become an error in a future version of Flutter. Please contact the plugin maintainers to request Swift Package Manager adoption.
The following plugins do not support Swift Package Manager for macos:
  - photo_manager
This will become an error in a future version of Flutter. Please contact the plugin maintainers to request Swift Package Manager adoption.
** BUILD FAILED **


The following build commands failed:
	Building workspace Runner with scheme Runner and configuration Profile
(1 failure)
[exit-code] 65

$ env IOS_XCODE_DESTINATION_ID=00008101-000A68811E43001E IOS_DEVICE=AB1E2F45-61B1-5FBD-972A-940EA7EC8B0A DERIVED_DATA_PATH=build/ios-icon-profile-keepeyeonball-iphone scripts/ios_icon_launch_dev.sh
Gathering device information…
Current device information:
• identifier: AB1E2F45-61B1-5FBD-972A-940EA7EC8B0A
• tags:
▿ hardwareProperties:
    • cpuType: arm64e (type: 16777228, subtype: 2)
    • deviceType: iPhone
    • ecid: 2929653534883870
    • hardwareModel: D53pAP
    • internalStorageCapacity: 128000000000
    • isProductionFused: true
    • marketingName: iPhone 12 Pro
    • platform: iOS
    • productType: iPhone13,3
    • reality: physical
    • serialNumber: DNPG14XM0D8X
    ▿ supportedCPUTypes:
        • arm64e (type: 16777228, subtype: 2)
        • arm64 (type: 16777228, subtype: 0)
    • supportedDeviceFamilies: [1]
    • thinningProductType: iPhone13,3
    • udid: 00008101-000A68811E43001E
▿ deviceProperties:
    • bootState: booted
    • ddiServicesAvailable: true
    • developerModeStatus: enabled
    • hasInternalOSBuild: false
    • name: José Ramón’s iPhone
    • osBuildUpdate: 23F77
    • osVersionNumber: 26.5
    • rootFileSystemIsWritable: false
    • screenViewingURL: devices://device/open?id=AB1E2F45-61B1-5FBD-972A-940EA7EC8B0A
    • bootedFromSnapshot: true
    • bootedSnapshotName: com.apple.os.update-0EAA0C08366E211502996BFB5CE48855904691C0E958C22BF9DC668F0184F9B7
    • supportsCheckedAllocations: false
▿ connectionProperties:
    • authenticationType: manualPairing
    • isMobileDeviceOnly: false
    • lastConnectionDate: 2026-06-09 02:00:00 +0000
    ▿ localHostnames:
        • Jose-Ramons-iPhone.coredevice.local
        • AB1E2F45-61B1-5FBD-972A-940EA7EC8B0A.coredevice.local
        • 00008101-000A68811E43001E.coredevice.local
    ▿ potentialHostnames:
        • Jose-Ramons-iPhone.coredevice.local
        • AB1E2F45-61B1-5FBD-972A-940EA7EC8B0A.coredevice.local
        • 00008101-000A68811E43001E.coredevice.local
    • pairingState: paired
    • transportType: localNetwork
    • tunnelTransportProtocol: tcp
    • tunnelIPAddress: fd77:314b:4ba4::1
    • tunnelState: connected
▿ capabilities:
    • Acquire Usage Assertion (com.apple.coredevice.feature.acquireusageassertion)
    • Application Control (com.apple.coredevice.feature.applicationcontrol)
    • Capture Sysdiagnose (com.apple.coredevice.feature.capturesysdiagnose)
    • Create Service Connection (com.apple.dt.serviceconnection.create)
    • Create Service Socket (com.apple.dt.servicesocket.create)
    • Disable Developer Disk Image Services (com.apple.coredevice.feature.disableddiservices)
    • Disconnect from Device (com.apple.coredevice.feature.disconnectdevice)
    • Fetch Application Icons (com.apple.coredevice.feature.fetchappicons)
    • Fetch AuthListing Identifiers (com.apple.coredevice.feature.getauthlistingidentifiers)
    • Fetch Developer Disk Image Services Metadata (com.apple.coredevice.feature.fetchddimetadata)
    • Fetch Extended Device Info (com.apple.coredevice.feature.getdeviceinfo)
    • Get Display Information (com.apple.coredevice.feature.getdisplayinfo)
    • Get Lock State (com.apple.coredevice.feature.getlockstate)
    • Install Application (com.apple.coredevice.feature.installapp)
    • Install Root (com.apple.coredevice.feature.installroot)
    • Launch Application (com.apple.coredevice.feature.launchapplication)
    • List Files (com.apple.coredevice.feature.listFiles)
    • List Roots (com.apple.coredevice.feature.listroots)
    • Modify Tags (com.apple.coredevice.feature.tags)
    • Modify credentials for default users for a device (com.apple.coredevice.feature.default.user.credentials)
    • Monitor Process for Termination (com.apple.coredevice.feature.monitorprocesstermination)
    • Post Darwin Notification (com.apple.dt.customer.postdarwinnotification)
    • Process Control (com.apple.coredevice.feature.processcontrol)
    • Query MobileGestalt (com.apple.coredevice.feature.querymobilegestalt)
    • Reboot Device (com.apple.coredevice.feature.rebootdevice)
    • Send Memory Warning to Process (com.apple.coredevice.feature.sendmemorywarningtoprocess)
    • Send Signal to Process (com.apple.coredevice.feature.sendsignaltoprocess)
    • Service Hub Profile (com.apple.dt.profile)
    • Spawn Executable (com.apple.coredevice.feature.spawnexecutable)
    • Stream Application List (com.apple.coredevice.feature.streamapplist)
    • Stream Process List (com.apple.coredevice.feature.streamprocesslist)
    • Transfer Files (com.apple.coredevice.feature.transferFiles)
    • Uninstall Application (com.apple.coredevice.feature.uninstallapp)
    • Uninstall Root (com.apple.coredevice.feature.uninstallroot)
    • Unpair Device (com.apple.coredevice.feature.unpairdevice)
    • View Device Screen (com.apple.coredevice.feature.viewdevicescreen)
• visibilityClass: default
Resolving dependencies...
Downloading packages...
  archive 4.0.7 (4.0.9 available)
  async 2.12.0 (2.13.1 available)
  camera 0.11.4 (0.12.0+1 available)
  camera_android_camerax 0.6.30 (0.7.2+1 available)
  camera_avfoundation 0.9.23+2 (0.10.1 available)
  camera_platform_interface 2.12.0 (2.13.0 available)
  camera_web 0.3.5 (0.3.5+3 available)
  checked_yaml 2.0.3 (2.0.4 available)
  cli_util 0.4.2 (0.5.1 available)
  connectivity_plus 7.0.0 (7.1.1 available)
  connectivity_plus_platform_interface 2.0.1 (2.1.0 available)
  cross_file 0.3.5 (0.3.5+2 available)
  cupertino_icons 1.0.8 (1.0.9 available)
  dbus 0.7.11 (0.7.14 available)
  device_info_plus 12.2.0 (13.1.0 available)
  device_info_plus_platform_interface 7.0.3 (8.1.0 available)
  ffi 2.1.4 (2.2.0 available)
  flutter_appauth 11.0.0 (12.0.1 available)
  flutter_appauth_platform_interface 11.0.0 (12.0.1 available)
  flutter_lints 5.0.0 (6.0.0 available)
  flutter_plugin_android_lifecycle 2.0.31 (2.0.35 available)
  flutter_secure_storage_darwin 0.3.2 (0.4.0 available)
  flutter_secure_storage_windows 4.1.0 (4.2.2 available)
  geolocator_linux 0.2.3 (0.2.5 available)
  geolocator_platform_interface 4.2.6 (4.2.7 available)
  image 4.5.4 (4.9.1 available)
  json_annotation 4.9.0 (4.12.0 available)
  lints 5.1.1 (6.1.0 available)
  matcher 0.12.19 (0.12.20 available)
  meta 1.18.0 (1.18.3 available)
  mocktail 1.0.4 (1.0.5 available)
  network_info_plus 7.0.0 (8.1.0 available)
  network_info_plus_platform_interface 2.0.2 (3.1.0 available)
  package_info_plus 8.3.1 (10.1.0 available)
  package_info_plus_platform_interface 3.2.1 (4.1.0 available)
  path_provider_android 2.2.19 (2.3.1 available)
  path_provider_foundation 2.4.2 (2.6.0 available)
  permission_handler 12.0.1 (12.0.3 available)
  permission_handler_apple 9.4.7 (9.4.9 available)
  petitparser 6.1.0 (7.0.2 available)
  photo_manager 3.7.1 (3.9.0 available)
  posix 6.0.3 (6.5.0 available)
  process 5.0.3 (5.0.5 available)
  shared_preferences 2.5.3 (2.5.5 available)
  shared_preferences_android 2.4.13 (2.4.25 available)
  shared_preferences_foundation 2.5.4 (2.5.6 available)
  shared_preferences_platform_interface 2.4.1 (2.4.2 available)
  source_span 1.10.1 (1.10.2 available)
  test_api 0.7.11 (0.7.12 available)
  uuid 4.5.2 (4.5.3 available)
  vector_math 2.2.0 (2.4.0 available)
  video_player 2.10.1 (2.11.1 available)
  video_player_android 2.8.15 (2.9.6 available)
  video_player_avfoundation 2.8.4 (2.9.7 available)
  video_player_platform_interface 6.6.0 (6.7.0 available)
  vm_service 14.3.1 (15.2.0 available)
  wakelock_plus 1.3.3 (1.6.1 available)
  wakelock_plus_platform_interface 1.3.0 (1.5.1 available)
  webdriver 3.0.4 (3.1.0 available)
  win32 5.13.0 (6.3.0 available)
  win32_registry 2.1.0 (3.0.3 available)
  xml 6.5.0 (7.0.1 available)
Got dependencies!
62 packages have newer versions incompatible with dependency constraints.
Try `flutter pub outdated` for more information.
Command line invocation:
    /Applications/Xcode.app/Contents/Developer/usr/bin/xcodebuild -workspace ios/Runner.xcworkspace -scheme Runner -configuration Profile -destination id=00008101-000A68811E43001E -derivedDataPath build/ios-icon-profile-keepeyeonball-iphone -allowProvisioningUpdates -allowProvisioningDeviceRegistration CODE_SIGN_STYLE=Automatic DEVELOPMENT_TEAM=4RRY2QT7H8 clean build

Build settings from command line:
    CODE_SIGN_STYLE = Automatic
    DEVELOPMENT_TEAM = 4RRY2QT7H8

Resolve Package Graph

Fetching from https://github.com/openid/AppAuth-iOS (cached)

Creating working copy of package ‘AppAuth-iOS’

Checking out 2.0.0 of package ‘AppAuth-iOS’

Resolve Package Graph


Resolved source packages:
  connectivity_plus: /Users/jose/src/work/hydracamv2/ios/Flutter/ephemeral/Packages/.packages/connectivity_plus-7.0.0 @ local
  integration_test: /Users/jose/src/work/hydracamv2/ios/Flutter/ephemeral/Packages/.packages/integration_test @ local
  sensors_plus: /Users/jose/src/work/hydracamv2/ios/Flutter/ephemeral/Packages/.packages/sensors_plus-7.0.0 @ local
  flutter_secure_storage_darwin: /Users/jose/src/work/hydracamv2/ios/Flutter/ephemeral/Packages/.packages/flutter_secure_storage_darwin-0.3.2 @ local
  wakelock_plus: /Users/jose/src/work/hydracamv2/ios/Flutter/ephemeral/Packages/.packages/wakelock_plus-1.3.3 @ local
  device_info_plus: /Users/jose/src/work/hydracamv2/ios/Flutter/ephemeral/Packages/.packages/device_info_plus-12.2.0 @ local
  battery_plus: /Users/jose/src/work/hydracamv2/ios/Flutter/ephemeral/Packages/.packages/battery_plus-7.0.0 @ local
  geolocator_apple: /Users/jose/src/work/hydracamv2/ios/Flutter/ephemeral/Packages/.packages/geolocator_apple-2.3.13 @ local
  path_provider_foundation: /Users/jose/src/work/hydracamv2/ios/Flutter/ephemeral/Packages/.packages/path_provider_foundation-2.4.2 @ local
  FlutterGeneratedPluginSwiftPackage: /Users/jose/src/work/hydracamv2/ios/Flutter/ephemeral/Packages/FlutterGeneratedPluginSwiftPackage
  network_info_plus: /Users/jose/src/work/hydracamv2/ios/Flutter/ephemeral/Packages/.packages/network_info_plus-7.0.0 @ local
  FlutterFramework: /Users/jose/src/work/hydracamv2/ios/Flutter/ephemeral/Packages/.packages/FlutterFramework @ local
  AppAuth: https://github.com/openid/AppAuth-iOS @ 2.0.0
  shared_preferences_foundation: /Users/jose/src/work/hydracamv2/ios/Flutter/ephemeral/Packages/.packages/shared_preferences_foundation-2.5.4 @ local
  video_player_avfoundation: /Users/jose/src/work/hydracamv2/ios/Flutter/ephemeral/Packages/.packages/video_player_avfoundation-2.8.4 @ local
  flutter_appauth: /Users/jose/src/work/hydracamv2/ios/Flutter/ephemeral/Packages/.packages/flutter_appauth-11.0.0 @ local
  camera_avfoundation: /Users/jose/src/work/hydracamv2/ios/Flutter/ephemeral/Packages/.packages/camera_avfoundation-0.9.23+2 @ local
  package_info_plus: /Users/jose/src/work/hydracamv2/ios/Flutter/ephemeral/Packages/.packages/package_info_plus-8.3.1 @ local

Run pre-actions

SchemeAction Run\ Prepare\ Flutter\ Framework\ Script /var/folders/6s/dp27g8gn26j9mp36sjfxb9tw0000gn/T/SchemeScriptAction-gCubAs.sh
    cd /var/folders/6s/dp27g8gn26j9mp36sjfxb9tw0000gn/T/
    export ACTION=clean
    export ADDITIONAL_SDKS=
    export AD_HOC_CODE_SIGNING_ALLOWED=NO
    export AGGREGATE_TRACKED_DOMAINS=YES
    export ALLOW_BUILD_REQUEST_OVERRIDES=NO
    export ALLOW_TARGET_PLATFORM_SPECIALIZATION=NO
    export ALL_OTHER_LDFLAGS="   -ObjC -framework \"PhotosUI\" -framework \"disk_space_plus\" -framework \"permission_handler_apple\" -framework \"photo_manager\"    "
    export ALL_OTHER_LIBTOOLFLAGS="    "
    export ALTERNATE_GROUP=staff
    export ALTERNATE_LINKER=
    export ALTERNATE_MODE=u+w,go-w,a+rX
    export ALTERNATE_OWNER=jose
    export ALTERNATE_PERMISSIONS_FILES=
    export ALTERNATIVE_DISTRIBUTION_WEB=NO
    export ALWAYS_EMBED_SWIFT_STANDARD_LIBRARIES=YES
    export ALWAYS_SEARCH_USER_PATHS=NO
    export ALWAYS_USE_SEPARATE_HEADERMAPS=NO
    export ANDROID_HOME=/Users/jose/Library/Android/sdk
    export APPLE_INTERNAL_DEVELOPER_DIR=/AppleInternal/Developer
    export APPLE_INTERNAL_DIR=/AppleInternal
    export APPLE_INTERNAL_DOCUMENTATION_DIR=/AppleInternal/Documentation
    export APPLE_INTERNAL_LIBRARY_DIR=/AppleInternal/Library
    export APPLE_INTERNAL_TOOLS=/AppleInternal/Developer/Tools
    export APPLICATION_EXTENSION_API_ONLY=NO
    export APPLY_RULES_IN_COPY_FILES=NO
    export APPLY_RULES_IN_COPY_HEADERS=NO
    export APP_INTENTS_DEPLOYMENT_POSTPROCESSING=NO
    export APP_INTENTS_DEPLOYMENT_TARGET=13.0
    export APP_INTENTS_METADATA_PATH=/Metadata.appintents
    export APP_INTENTS_PLATFORM_FAMILY=
    export APP_PLAYGROUND_ASSET_CATALOG_GENERATOR=appleProductTypesTool
    export APP_PLAYGROUND_GENERATED_ASSET_CATALOG_APPICON_NAME=AppIcon
    export APP_PLAYGROUND_GENERATED_ASSET_CATALOG_FILE=/Users/jose/src/work/hydracamv2/build/ios-icon-profile-keepeyeonball-iphone/Build/Intermediates.noindex/Runner.build/Profile-iphoneos/Runner.build/DerivedSources/AppPlaygroundDefaultAssetCatalog.xcassets
    export APP_PLAYGROUND_GENERATED_ASSET_CATALOG_GLOBAL_ACCENT_COLOR_NAME=
    export APP_PLAYGROUND_GENERATED_ASSET_CATALOG_PLACEHOLDER_APPICON=
    export APP_PLAYGROUND_GENERATED_ASSET_CATALOG_PRESET_ACCENT_COLOR=
    export APP_PLAYGROUND_GENERATE_ASSET_CATALOG=NO
    export APP_SHORTCUTS_ENABLE_FLEXIBLE_MATCHING=YES
    export ARCHS=arm64
    export ARCHS_BASE=arm64
    export ARCHS_STANDARD=arm64
    export ARCHS_STANDARD_32_64_BIT="armv7 arm64"
    export ARCHS_STANDARD_32_BIT=armv7
    export ARCHS_STANDARD_64_BIT=arm64
    export ARCHS_STANDARD_INCLUDING_64_BIT=arm64
    export ARCHS_UNIVERSAL_IPHONE_OS="armv7 arm64"
    export ARC_LINKER_ARG_LINKER_DRIVER=-fobjc-arc
    export ARC_LINKER_ARG_LINKER_DRIVER_clang=-fobjc-arc
    export ARC_LINKER_ARG_LINKER_DRIVER_swiftc=
    export ASSETCATALOG_COMPILER_APPICON_NAME=AppIcon
    export ASSETCATALOG_COMPILER_BUNDLE_IDENTIFIER=com.keepeyeonball
    export ASSETCATALOG_COMPILER_COMPLICATION_NAME=
    export ASSETCATALOG_COMPILER_COMPRESS_PNGS=YES
    export ASSETCATALOG_COMPILER_DEPENDENCY_INFO_FILE=/Users/jose/src/work/hydracamv2/build/ios-icon-profile-keepeyeonball-iphone/Build/Intermediates.noindex/Runner.build/Profile-iphoneos/Runner.build/assetcatalog_dependencies
    export ASSETCATALOG_COMPILER_ENABLE_ON_DEMAND_RESOURCES=YES
    export ASSETCATALOG_COMPILER_FLATTENED_APP_ICON_PATH=
    export ASSETCATALOG_COMPILER_GENERATE_ASSET_SYMBOLS=YES
    export ASSETCATALOG_COMPILER_GENERATE_ASSET_SYMBOL_BACKWARDS_DEPLOYMENT_SUPPORT=
    export ASSETCATALOG_COMPILER_GENERATE_ASSET_SYMBOL_ERRORS=YES
    export ASSETCATALOG_COMPILER_GENERATE_ASSET_SYMBOL_FRAMEWORKS="SwiftUI UIKit AppKit"
    export ASSETCATALOG_COMPILER_GENERATE_ASSET_SYMBOL_INDEX_PATH=/Users/jose/src/work/hydracamv2/build/ios-icon-profile-keepeyeonball-iphone/Build/Intermediates.noindex/Runner.build/Profile-iphoneos/Runner.build/DerivedSources/GeneratedAssetSymbols-Index.plist
    export ASSETCATALOG_COMPILER_GENERATE_ASSET_SYMBOL_WARNINGS=YES
    export ASSETCATALOG_COMPILER_GENERATE_OBJC_ASSET_SYMBOLS_PATH=/Users/jose/src/work/hydracamv2/build/ios-icon-profile-keepeyeonball-iphone/Build/Intermediates.noindex/Runner.build/Profile-iphoneos/Runner.build/DerivedSources/GeneratedAssetSymbols.h
    export ASSETCATALOG_COMPILER_GENERATE_SWIFT_ASSET_SYMBOLS_PATH=/Users/jose/src/work/hydracamv2/build/ios-icon-profile-keepeyeonball-iphone/Build/Intermediates.noindex/Runner.build/Profile-iphoneos/Runner.build/DerivedSources/GeneratedAssetSymbols.swift
    export ASSETCATALOG_COMPILER_GENERATE_SWIFT_ASSET_SYMBOL_EXTENSIONS=YES
    export ASSETCATALOG_COMPILER_GLOBAL_ACCENT_COLOR_NAME=
    export ASSETCATALOG_COMPILER_INCLUDED_LANGUAGES=
    export ASSETCATALOG_COMPILER_INCLUDE_ALL_APPICON_ASSETS=NO
    export ASSETCATALOG_COMPILER_INCLUDE_INFOPLIST_LOCALIZATIONS=YES
    export ASSETCATALOG_COMPILER_INCLUDE_STICKER_CONTENT=NO
    export ASSETCATALOG_COMPILER_INFOPLIST_CONTENT_FILE=/Users/jose/src/work/hydracamv2/build/ios-icon-profile-keepeyeonball-iphone/Build/Intermediates.noindex/Runner.build/Profile-iphoneos/Runner.build/assetcatalog_generated_info.plist
    export ASSETCATALOG_COMPILER_LAUNCHIMAGE_NAME=
    export ASSETCATALOG_COMPILER_LEADERBOARD_IDENTIFIER_PREFIX=
    export ASSETCATALOG_COMPILER_LEADERBOARD_SET_IDENTIFIER_PREFIX=
    export ASSETCATALOG_COMPILER_OPTIMIZATION=
    export ASSETCATALOG_COMPILER_OUTPUT_DIR=
    export ASSETCATALOG_COMPILER_SKIP_APP_STORE_DEPLOYMENT=
    export ASSETCATALOG_COMPILER_STANDALONE_ICON_BEHAVIOR=default
    export ASSETCATALOG_COMPILER_STICKER_PACK_IDENTIFIER_PREFIX=
    export ASSETCATALOG_COMPILER_STICKER_PACK_STRINGS=
    export ASSETCATALOG_COMPILER_TARGET_STICKERS_ICON_ROLE=
    export ASSETCATALOG_COMPILER_WIDGET_BACKGROUND_COLOR_NAME=
    export ASSETCATALOG_EXEC=actool
    export ASSETCATALOG_FILTER_FOR_DEVICE_MODEL=iPhone13,3
    export ASSETCATALOG_FILTER_FOR_DEVICE_OS_VERSION=26.5
    export ASSETCATALOG_FILTER_FOR_THINNING_DEVICE_CONFIGURATION=iPhone13,3
    export ASSETCATALOG_LIGHTWEIGHT_ASSET_RUNTIME_MODE=default
    export ASSETCATALOG_NOTICES=YES
    export ASSETCATALOG_OTHER_FLAGS=
    export ASSETCATALOG_OUTPUT_FORMAT=human-readable-text
    export ASSETCATALOG_WARNINGS=YES
    export ASSET_PACK_MANIFEST_URL_PREFIX=
    export AUTOMATICALLY_MERGE_DEPENDENCIES=NO
    export AUTOMATION_APPLE_EVENTS=NO
    export AVAILABLE_PLATFORMS="appletvos appletvsimulator driverkit iphoneos iphonesimulator macosx watchos watchsimulator xros xrsimulator"
    export AdditionalInfoFileKeys=
    export AdditionalInfoFileValues=
    export BUILD_ACTIVE_RESOURCES_ONLY=YES
    export BUILD_COMPONENTS=
    export BUILD_DIR=/Users/jose/src/work/hydracamv2/build/ios-icon-profile-keepeyeonball-iphone/Build/Products
    export BUILD_LIBRARY_FOR_DISTRIBUTION=NO
    export BUILD_ONLY_KNOWN_LOCALIZATIONS=NO
    export BUILD_ROOT=/Users/jose/src/work/hydracamv2/build/ios-icon-profile-keepeyeonball-iphone/Build/Products
    export BUILD_STYLE=Profile
    export BUILD_VARIANTS=normal
    export BUILT_PRODUCTS_DIR=/Users/jose/src/work/hydracamv2/build/ios-icon-profile-keepeyeonball-iphone/Build/Products/Profile-iphoneos
    export BUNDLE_CONTENTS_FOLDER_PATH=
    export BUNDLE_CONTENTS_FOLDER_PATH_deep=Contents/
    export BUNDLE_EXECUTABLE_FOLDER_NAME_deep=MacOS
    export BUNDLE_EXECUTABLE_FOLDER_PATH=
    export BUNDLE_EXTENSIONS_FOLDER_PATH=Extensions
    export BUNDLE_FORMAT=shallow
    export BUNDLE_FRAMEWORKS_FOLDER_PATH=Frameworks
    export BUNDLE_LOADER=
    export BUNDLE_PLUGINS_FOLDER_PATH=PlugIns
    export BUNDLE_PRIVATE_HEADERS_FOLDER_PATH=PrivateHeaders
    export BUNDLE_PUBLIC_HEADERS_FOLDER_PATH=Headers
    export CACHE_ROOT=/var/folders/6s/dp27g8gn26j9mp36sjfxb9tw0000gn/C/com.apple.DeveloperTools/26.5-17F42/Xcode
    export CC=
    export CCHROOT=/var/folders/6s/dp27g8gn26j9mp36sjfxb9tw0000gn/C/com.apple.DeveloperTools/26.5-17F42/Xcode
    export CHMOD=/bin/chmod
    export CHOWN=chown
    export CLANG_ADDRESS_SANITIZER=
    export CLANG_ADDRESS_SANITIZER_ALLOW_ERROR_RECOVERY=
    export CLANG_ADDRESS_SANITIZER_CONTAINER_OVERFLOW=NO
    export CLANG_ADDRESS_SANITIZER_USE_AFTER_SCOPE=NO
    export CLANG_ALLOW_NON_MODULAR_INCLUDES_IN_FRAMEWORK_MODULES=NO
    export CLANG_ALTERNATE_LINKER=
    export CLANG_ANALYZER_DEADCODE_DEADSTORES=YES
    export CLANG_ANALYZER_DEFINES=-D__clang_analyzer__
    export CLANG_ANALYZER_DIVIDE_BY_ZERO=YES
    export CLANG_ANALYZER_EXEC=clang
    export CLANG_ANALYZER_GCD=YES
    export CLANG_ANALYZER_GCD_PERFORMANCE=NO
    export CLANG_ANALYZER_LIBKERN_RETAIN_COUNT=YES
    export CLANG_ANALYZER_LOCALIZABILITY_EMPTY_CONTEXT=NO
    export CLANG_ANALYZER_LOCALIZABILITY_NONLOCALIZED=NO
    export CLANG_ANALYZER_MALLOC=YES
    export CLANG_ANALYZER_MEMORY_MANAGEMENT=YES
    export CLANG_ANALYZER_MIG_CONVENTIONS=YES
    export CLANG_ANALYZER_NONNULL=YES
    export CLANG_ANALYZER_NULL_DEREFERENCE=YES
    export CLANG_ANALYZER_NUMBER_OBJECT_CONVERSION=YES
    export CLANG_ANALYZER_OBJC_ATSYNC=YES
    export CLANG_ANALYZER_OBJC_COLLECTIONS=YES
    export CLANG_ANALYZER_OBJC_DEALLOC=YES
    export CLANG_ANALYZER_OBJC_GENERICS=YES
    export CLANG_ANALYZER_OBJC_INCOMP_METHOD_TYPES=YES
    export CLANG_ANALYZER_OBJC_NSCFERROR=YES
    export CLANG_ANALYZER_OBJC_RETAIN_COUNT=YES
    export CLANG_ANALYZER_OBJC_SELF_INIT=YES
    export CLANG_ANALYZER_OBJC_UNUSED_IVARS=YES
    export CLANG_ANALYZER_OSOBJECT_C_STYLE_CAST=NO
    export CLANG_ANALYZER_OUTPUT=plist-multi-file
    export CLANG_ANALYZER_OUTPUT_DIR=/Users/jose/src/work/hydracamv2/build/ios-icon-profile-keepeyeonball-iphone/Build/Intermediates.noindex/Runner.build/Profile-iphoneos/Runner.build
    export CLANG_ANALYZER_REPORT_MAIN_SOURCE_FILE=YES
    export CLANG_ANALYZER_SECURITY_BUFFER_OVERFLOW_EXPERIMENTAL=NO
    export CLANG_ANALYZER_SECURITY_FLOATLOOPCOUNTER=NO
    export CLANG_ANALYZER_SECURITY_INSECUREAPI_GETPW_GETS=YES
    export CLANG_ANALYZER_SECURITY_INSECUREAPI_MKSTEMP=YES
    export CLANG_ANALYZER_SECURITY_INSECUREAPI_RAND=NO
    export CLANG_ANALYZER_SECURITY_INSECUREAPI_STRCPY=NO
    export CLANG_ANALYZER_SECURITY_INSECUREAPI_UNCHECKEDRETURN=YES
    export CLANG_ANALYZER_SECURITY_INSECUREAPI_VFORK=YES
    export CLANG_ANALYZER_SECURITY_KEYCHAIN_API=YES
    export CLANG_ANALYZER_USE_AFTER_MOVE=YES_AGGRESSIVE
    export CLANG_BOUNDS_SAFETY_BRINGUP_MISSING_CHECKS=default
    export CLANG_BOUNDS_SAFETY_BRINGUP_MISSING_CHECKS_OPT_OUTS=
    export CLANG_CLANG_COVERAGE_MAPPING_LINKER_ARGS=NO
    export CLANG_COHORT_ARCHS=
    export CLANG_COLOR_DIAGNOSTICS=NO
    export CLANG_COVERAGE_MAPPING=NO
    export CLANG_COVERAGE_MAPPING_LINKER_ARGS=NO
    export CLANG_CXX_LANGUAGE_STANDARD=gnu++0x
    export CLANG_CXX_LIBRARY=libc++
    export CLANG_CXX_STANDARD_LIBRARY_HARDENING=
    export CLANG_DEBUG_INFORMATION_LEVEL=default
    export CLANG_DEBUG_MODULES=YES
    export CLANG_DIAGNOSTICS_FILE=/Users/jose/src/work/hydracamv2/build/ios-icon-profile-keepeyeonball-iphone/Build/Intermediates.noindex/Runner.build/Profile-iphoneos/Runner.build/Metal/.dia
    export CLANG_DISABLE_CXX_MODULES=YES
    export CLANG_ENABLE_APP_EXTENSION=NO
    export CLANG_ENABLE_BOUNDS_ATTRIBUTES=NO
    export CLANG_ENABLE_BOUNDS_SAFETY=NO
    export CLANG_ENABLE_CODE_COVERAGE=YES
    export CLANG_ENABLE_COMPILE_CACHE=
    export CLANG_ENABLE_CPLUSPLUS_TYPED_ALLOCATOR_SUPPORT=compiler-default
    export CLANG_ENABLE_CPP_STATIC_DESTRUCTORS=YES
    export CLANG_ENABLE_C_TYPED_ALLOCATOR_SUPPORT=compiler-default
    export CLANG_ENABLE_EXPLICIT_MODULES=YES
    export CLANG_ENABLE_MODULES=YES
    export CLANG_ENABLE_MODULE_DEBUGGING=YES
    export CLANG_ENABLE_MODULE_IMPLEMENTATION_OF=YES
    export CLANG_ENABLE_OBJC_ARC=YES
    export CLANG_ENABLE_OBJC_ARC_EXCEPTIONS=NO
    export CLANG_ENABLE_OBJC_WEAK=NO
    export CLANG_ENABLE_PREFIX_MAPPING=
    export CLANG_ENABLE_SECURITY_COMPILER_WARNINGS=NO
    export CLANG_ENABLE_STACK_ZERO_INIT=NO
    export CLANG_INDEX_STORE_COMPRESS=NO
    export CLANG_INDEX_STORE_ENABLE=YES
    export CLANG_INDEX_STORE_IGNORE_MACROS=NO
    export CLANG_INDEX_STORE_ONLY_PROJECT_FILES=NO
    export CLANG_INDEX_STORE_PATH=/Users/jose/src/work/hydracamv2/build/ios-icon-profile-keepeyeonball-iphone/Index.noindex/DataStore
    export CLANG_INSTRUMENT_FOR_OPTIMIZATION_PROFILING=NO
    export CLANG_LD_DYLIB_INSTALL_NAME=
    export CLANG_LD_EXPORT_GLOBAL_SYMBOLS=NO
    export CLANG_LD_SUPPRESS_WARNINGS=NO
    export CLANG_LD_THREAD_SANITIZER=
    export CLANG_LIBFUZZER=
    export CLANG_LINK_OBJC_RUNTIME=
    export CLANG_LINK_WITH_STANDARD_LIBRARIES=YES
    export CLANG_MACH_O_TYPE=mh_execute
    export CLANG_MACRO_BACKTRACE_LIMIT=0
    export CLANG_MODULES_AUTOLINK=YES
    export CLANG_MODULES_BUILD_SESSION_FILE=
    export CLANG_MODULES_DISABLE_PRIVATE_WARNING=NO
    export CLANG_MODULES_ENABLE_VERIFIER_TOOL=NO
    export CLANG_MODULES_IGNORE_MACROS=
    export CLANG_MODULES_PRUNE_AFTER=345600
    export CLANG_MODULES_PRUNE_INTERVAL=86400
    export CLANG_MODULES_VALIDATE_SYSTEM_HEADERS=NO
    export CLANG_MODULES_VERIFIER_VERBOSE_OUTPUT=NO
    export CLANG_MODULE_CACHE_PATH=/Users/jose/src/work/hydracamv2/build/ios-icon-profile-keepeyeonball-iphone/ModuleCache.noindex
    export CLANG_MODULE_LSV=NO
    export CLANG_OMIT_FRAME_POINTERS=compiler-default
    export CLANG_OPTIMIZATION_PROFILE_FILE=/Users/jose/src/work/hydracamv2/ios/OptimizationProfiles/Runner.profdata
    export CLANG_OTHER_PREFIX_MAPPINGS=
    export CLANG_RESOURCE_DIR_CLANG=
    export CLANG_RESOURCE_DIR_SWIFTC=
    export CLANG_RETAIN_COMMENTS_FROM_SYSTEM_HEADERS=NO
    export CLANG_SANITIZER_COVERAGE=
    export CLANG_SDKROOT_LINKER_INPUT=iphoneos26.5
    export CLANG_STATIC_ANALYZER_MODE=deep
    export CLANG_STATIC_ANALYZER_MODE_ACTION_deep=
    export CLANG_STATIC_ANALYZER_MODE_ACTION_shallow=Shallow
    export CLANG_STATIC_ANALYZER_MODE_ON_ANALYZE_ACTION=deep
    export CLANG_SYSTEM_FRAMEWORK_SEARCH_PATHS=
    export CLANG_TARGET_TRIPLE_ARCHS=undefined_arch
    export CLANG_THREAD_SANITIZER=
    export CLANG_TIDY_BUGPRONE_ASSERT_SIDE_EFFECT=YES
    export CLANG_TIDY_BUGPRONE_INFINITE_LOOP=YES
    export CLANG_TIDY_BUGPRONE_MOVE_FORWARDING_REFERENCE=YES
    export CLANG_TIDY_BUGPRONE_REDUNDANT_BRANCH_CONDITION=NO
    export CLANG_TIDY_MISC_REDUNDANT_EXPRESSION=NO
    export CLANG_TRIVIAL_AUTO_VAR_INIT=default
    export CLANG_UNDEFINED_BEHAVIOR_SANITIZER=
    export CLANG_UNDEFINED_BEHAVIOR_SANITIZER_INTEGER=NO
    export CLANG_UNDEFINED_BEHAVIOR_SANITIZER_NULLABILITY=NO
    export CLANG_UNDEFINED_BEHAVIOR_SANITIZER_TRAP_ON_SECURITY_ISSUES=NO
    export CLANG_UNDEFINED_BEHAVIOR_SANITIZER_TRAP_ON_SECURITY_ISSUES_OPT=YES
    export CLANG_USE_OPTIMIZATION_PROFILE=NO
    export CLANG_USE_RESPONSE_FILE=YES
    export CLANG_WARN_ASSIGN_ENUM=NO
    export CLANG_WARN_ATOMIC_IMPLICIT_SEQ_CST=NO
    export CLANG_WARN_BLOCK_CAPTURE_AUTORELEASING=YES
    export CLANG_WARN_BOOL_CONVERSION=YES
    export CLANG_WARN_COMMA=YES
    export CLANG_WARN_COMPLETION_HANDLER_MISUSE=NO
    export CLANG_WARN_CONSTANT_CONVERSION=YES
    export CLANG_WARN_CXX0X_EXTENSIONS=NO
    export CLANG_WARN_DELETE_NON_VIRTUAL_DTOR=YES
    export CLANG_WARN_DEPRECATED_OBJC_IMPLEMENTATIONS=YES
    export CLANG_WARN_DIRECT_OBJC_ISA_USAGE=YES_ERROR
    export CLANG_WARN_DOCUMENTATION_COMMENTS=NO
    export CLANG_WARN_EMPTY_BODY=YES
    export CLANG_WARN_ENUM_CONVERSION=YES
    export CLANG_WARN_FLOAT_CONVERSION=NO
    export CLANG_WARN_FRAMEWORK_INCLUDE_PRIVATE_FROM_PUBLIC=NO
    export CLANG_WARN_IMPLICIT_FALLTHROUGH=NO
    export CLANG_WARN_IMPLICIT_SIGN_CONVERSION=NO
    export CLANG_WARN_INFINITE_RECURSION=YES
    export CLANG_WARN_INT_CONVERSION=YES
    export CLANG_WARN_MISSING_NOESCAPE=YES
    export CLANG_WARN_NON_LITERAL_NULL_CONVERSION=YES
    export CLANG_WARN_NULLABLE_TO_NONNULL_CONVERSION=NO
    export CLANG_WARN_OBJC_EXPLICIT_OWNERSHIP_TYPE=NO
    export CLANG_WARN_OBJC_IMPLICIT_ATOMIC_PROPERTIES=NO
    export CLANG_WARN_OBJC_IMPLICIT_RETAIN_SELF=YES
    export CLANG_WARN_OBJC_INTERFACE_IVARS=NO
    export CLANG_WARN_OBJC_LITERAL_CONVERSION=YES
    export CLANG_WARN_OBJC_MISSING_PROPERTY_SYNTHESIS=NO
    export CLANG_WARN_OBJC_REPEATED_USE_OF_WEAK=NO
    export CLANG_WARN_OBJC_ROOT_CLASS=YES_ERROR
    export CLANG_WARN_PRAGMA_PACK=YES
    export CLANG_WARN_PRIVATE_MODULE=YES
    export CLANG_WARN_QUOTED_INCLUDE_IN_FRAMEWORK_HEADER=NO
    export CLANG_WARN_RANGE_LOOP_ANALYSIS=YES
    export CLANG_WARN_SEMICOLON_BEFORE_METHOD_BODY=NO
    export CLANG_WARN_STRICT_PROTOTYPES=YES
    export CLANG_WARN_SUSPICIOUS_IMPLICIT_CONVERSION=NO
    export CLANG_WARN_SUSPICIOUS_MOVE=YES
    export CLANG_WARN_UNGUARDED_AVAILABILITY=YES
    export CLANG_WARN_UNREACHABLE_CODE=YES
    export CLANG_WARN_UNSAFE_BUFFER_USAGE=DEFAULT
    export CLANG_WARN_VEXING_PARSE=YES
    export CLANG_WARN_XNU_TYPED_ALLOCATORS=DEFAULT
    export CLANG_WARN__ARC_BRIDGE_CAST_NONARC=YES
    export CLANG_WARN__DUPLICATE_METHOD_MATCH=YES
    export CLANG_WARN__EXIT_TIME_DESTRUCTORS=NO
    export CLANG_X86_VECTOR_INSTRUCTIONS=default
    export CLANG__INPUT_FILE_LIST_PATH__=
    export CLASS_FILE_DIR=/Users/jose/src/work/hydracamv2/build/ios-icon-profile-keepeyeonball-iphone/Build/Intermediates.noindex/Runner.build/Profile-iphoneos/Runner.build/JavaClasses
    export CLEAN_PRECOMPS=YES
    export CLONE_HEADERS=NO
    export COCOAPODS_PARALLEL_CODE_SIGN=true
    export CODESIGNING_FOLDER_PATH=/Users/jose/src/work/hydracamv2/build/ios-icon-profile-keepeyeonball-iphone/Build/Products/Profile-iphoneos/Runner.app
    export CODEX_CI=1
    export CODEX_INTERNAL_ORIGINATOR_OVERRIDE="Codex Desktop"
    export CODEX_SHELL=1
    export CODEX_THREAD_ID=019eaa13-8366-7a61-a196-117eb23dc3bc
    export CODE_SIGNING_ALLOWED=YES
    export CODE_SIGNING_REQUIRED=YES
    export CODE_SIGN_CONTEXT_CLASS=XCiPhoneOSCodeSignContext
    export CODE_SIGN_ENTITLEMENTS=
    export CODE_SIGN_IDENTITY="iPhone Developer"
    export CODE_SIGN_INJECT_BASE_ENTITLEMENTS=YES
    export CODE_SIGN_KEYCHAIN=
    export CODE_SIGN_LOCAL_EXECUTION_IDENTITY=
    export CODE_SIGN_RESOURCE_RULES_IN_BUNDLE=
    export CODE_SIGN_STYLE=Automatic
    export COHORT_ARCHS=
    export COHORT_BASE_ARCH=
    export COLORTERM=
    export COLOR_DIAGNOSTICS=NO
    export COMBINE_HIDPI_IMAGES=NO
    export COMMAND_MODE=unix2003
    export COMPILATION_CACHE_ENABLE_CACHING=
    export COMPILATION_CACHE_ENABLE_DIAGNOSTIC_REMARKS=
    export COMPILER_INDEX_STORE_ENABLE=Default
    export COMPOSITE_SDK_DIRS=/Users/jose/src/work/hydracamv2/build/ios-icon-profile-keepeyeonball-iphone/Build/Intermediates.noindex/CompositeSDKs
    export COMPRESS_PNG_FILES=YES
    export COMPRESS_TIFF_FILES_WHILE_COPYING=NO
    export CONFIGURATION=Profile
    export CONFIGURATION_BUILD_DIR=/Users/jose/src/work/hydracamv2/build/ios-icon-profile-keepeyeonball-iphone/Build/Products/Profile-iphoneos
    export CONFIGURATION_TEMP_DIR=/Users/jose/src/work/hydracamv2/build/ios-icon-profile-keepeyeonball-iphone/Build/Intermediates.noindex/Runner.build/Profile-iphoneos
    export CONTENTS_FOLDER_PATH=Runner.app
    export CONTENTS_FOLDER_PATH_SHALLOW_BUNDLE_NO=Runner.app/Contents
    export CONTENTS_FOLDER_PATH_SHALLOW_BUNDLE_YES=Runner.app
    export COPYING_PRESERVES_HFS_DATA=NO
    export COPY_HEADERS_RUN_UNIFDEF=NO
    export COPY_HEADERS_UNIFDEF_FLAGS=
    export COPY_PHASE_STRIP=NO
    export COREML_CODEGEN_LANGUAGE=Automatic
    export COREML_CODEGEN_SWIFT_GLOBAL_MODULE=NO
    export COREML_CODEGEN_SWIFT_VERSION=5.0
    export COREML_COMPILER_CONTAINER=bundle-resources
    export COREML_COMPILER_INFOPLIST_CONTENT_FILE=/Users/jose/src/work/hydracamv2/build/ios-icon-profile-keepeyeonball-iphone/Build/Intermediates.noindex/Runner.build/Profile-iphoneos/Runner.build/-CoreMLPartialInfo.plist
    export COREML_DEPLOYMENT_TARGET=13.0
    export COREML_DEPLOYMENT_TARGET__NO=13.0
    export COREML_DEPLOYMENT_TARGET__YES=13.0
    export COREML_PLATFORM_NAME=ios
    export COREML_PLATFORM_NAME__NO=ios
    export COREML_PLATFORM_NAME__YES=maccatalyst
    export CORRESPONDING_SIMULATOR_PLATFORM_DIR=/Applications/Xcode.app/Contents/Developer/Platforms/iPhoneSimulator.platform
    export CORRESPONDING_SIMULATOR_PLATFORM_NAME=iphonesimulator
    export CORRESPONDING_SIMULATOR_SDK_DIR=/Applications/Xcode.app/Contents/Developer/Platforms/iPhoneSimulator.platform/Developer/SDKs/iPhoneSimulator26.5.sdk
    export CORRESPONDING_SIMULATOR_SDK_NAME=iphonesimulator26.5
    export CP=/bin/cp
    export CPP_HEADERMAP_FILE=/Users/jose/src/work/hydracamv2/build/ios-icon-profile-keepeyeonball-iphone/Build/Intermediates.noindex/Runner.build/Profile-iphoneos/Runner.build/Runner.hmap
    export CPP_HEADERMAP_FILE_FOR_ALL_NON_FRAMEWORK_TARGET_HEADERS=/Users/jose/src/work/hydracamv2/build/ios-icon-profile-keepeyeonball-iphone/Build/Intermediates.noindex/Runner.build/Profile-iphoneos/Runner.build/Runner-all-non-framework-target-headers.hmap
    export CPP_HEADERMAP_FILE_FOR_ALL_TARGET_HEADERS=/Users/jose/src/work/hydracamv2/build/ios-icon-profile-keepeyeonball-iphone/Build/Intermediates.noindex/Runner.build/Profile-iphoneos/Runner.build/Runner-all-target-headers.hmap
    export CPP_HEADERMAP_FILE_FOR_GENERATED_FILES=/Users/jose/src/work/hydracamv2/build/ios-icon-profile-keepeyeonball-iphone/Build/Intermediates.noindex/Runner.build/Profile-iphoneos/Runner.build/Runner-generated-files.hmap
    export CPP_HEADERMAP_FILE_FOR_OWN_TARGET_HEADERS=/Users/jose/src/work/hydracamv2/build/ios-icon-profile-keepeyeonball-iphone/Build/Intermediates.noindex/Runner.build/Profile-iphoneos/Runner.build/Runner-own-target-headers.hmap
    export CPP_HEADERMAP_FILE_FOR_PROJECT_FILES=/Users/jose/src/work/hydracamv2/build/ios-icon-profile-keepeyeonball-iphone/Build/Intermediates.noindex/Runner.build/Profile-iphoneos/Runner.build/Runner-project-headers.hmap
    export CPP_HEADERMAP_PRODUCT_HEADERS_VFS_FILE=/Users/jose/src/work/hydracamv2/build/ios-icon-profile-keepeyeonball-iphone/Build/Intermediates.noindex/Runner.build/Profile-iphoneos/Runner--VFS-iphoneos/all-product-headers.yaml
    export CPP_HEADER_SYMLINKS_DIR=/Users/jose/src/work/hydracamv2/build/ios-icon-profile-keepeyeonball-iphone/Build/Intermediates.noindex/Runner.build/Profile-iphoneos/Runner.build/Runner.hdrs
    export CREATE_INFOPLIST_SECTION_IN_BINARY=NO
    export CURRENT_ARCH=undefined_arch
    export CURRENT_PROJECT_VERSION=16
    export CURRENT_VARIANT=normal
    export CURRENT_VERSION=
    export C_COMPILER_LAUNCHER=
    export CodeSignEntitlements=
    export CodeSignResourceRules=
    export DART_DEFINES=SFlEUkFDQU1fQVVUT01BVElPTj10cnVl,SFlEUkFDQU1fQVVUT01BVElPTl9QT1JUPTQ3NjI=,RkxVVFRFUl9WRVJTSU9OPTMuNDQuMQ==,RkxVVFRFUl9DSEFOTkVMPXN0YWJsZQ==,RkxVVFRFUl9HSVRfVVJMPWh0dHBzOi8vZ2l0aHViLmNvbS9mbHV0dGVyL2ZsdXR0ZXIuZ2l0,RkxVVFRFUl9GUkFNRVdPUktfUkVWSVNJT049OTI0MTM0YTQ0Yw==,RkxVVFRFUl9FTkdJTkVfUkVWSVNJT049YzQxNmFjZmViOA==,RkxVVFRFUl9EQVJUX1ZFUlNJT049My4xMi4x
    export DART_OBFUSCATION=false
    export DEAD_CODE_STRIPPING=YES
    export DEBUGGING_SYMBOLS=YES
    export DEBUG_INFORMATION_FORMAT=dwarf-with-dsym
    export DEBUG_INFORMATION_VERSION=compiler-default
    export DEFAULT_COMPILER=com.apple.compilers.llvm.clang.1_0
    export DEFAULT_DEXT_INSTALL_PATH=/System/Library/DriverExtensions
    export DEFAULT_KEXT_INSTALL_PATH=/System/Library/Extensions
    export DEFAULT_SSE_LEVEL_3_NO=default
    export DEFAULT_SSE_LEVEL_3_SUPPLEMENTAL_NO=default
    export DEFAULT_SSE_LEVEL_3_SUPPLEMENTAL_YES=ssse3
    export DEFAULT_SSE_LEVEL_3_YES=sse3
    export DEFAULT_SSE_LEVEL_4_1_NO=default
    export DEFAULT_SSE_LEVEL_4_1_YES=sse4.1
    export DEFAULT_SSE_LEVEL_4_2_NO=default
    export DEFAULT_SSE_LEVEL_4_2_YES=sse4.2
    export DEFINES_MODULE=NO
    export DEPLOYMENT_LOCATION=NO
    export DEPLOYMENT_POSTPROCESSING=NO
    export DEPLOYMENT_TARGET=13.0
    export DEPLOYMENT_TARGET_SETTING_NAME=IPHONEOS_DEPLOYMENT_TARGET
    export DEPLOYMENT_TARGET_SUGGESTED_VALUES="12.0 12.1 12.2 12.3 12.4 13.0 13.1 13.2 13.3 13.4 13.5 13.6 14.0 14.1 14.2 14.3 14.4 14.5 14.6 14.7 15.0 15.1 15.2 15.3 15.4 15.5 15.6 16.0 16.1 16.2 16.3 16.4 16.5 16.6 17.0 17.1 17.2 17.3 17.4 17.5 17.6 18.0 18.1 18.2 18.3 18.4 18.5 18.6 26.0 26.2 26.3 26.4 26.5"
    export DERIVED_DATA_DIR=/Users/jose/src/work/hydracamv2/build/ios-icon-profile-keepeyeonball-iphone
    export DERIVED_DATA_PATH=build/ios-icon-profile-keepeyeonball-iphone
    export DERIVED_FILES_DIR=/Users/jose/src/work/hydracamv2/build/ios-icon-profile-keepeyeonball-iphone/Build/Intermediates.noindex/Runner.build/Profile-iphoneos/Runner.build/DerivedSources
    export DERIVED_FILE_DIR=/Users/jose/src/work/hydracamv2/build/ios-icon-profile-keepeyeonball-iphone/Build/Intermediates.noindex/Runner.build/Profile-iphoneos/Runner.build/DerivedSources
    export DERIVED_PATHS=
    export DERIVED_SOURCES_DIR=/Users/jose/src/work/hydracamv2/build/ios-icon-profile-keepeyeonball-iphone/Build/Intermediates.noindex/Runner.build/Profile-iphoneos/Runner.build/DerivedSources
    export DERIVE_MACCATALYST_PRODUCT_BUNDLE_IDENTIFIER=NO
    export DEVELOPER_APPLICATIONS_DIR=/Applications/Xcode.app/Contents/Developer/Applications
    export DEVELOPER_BIN_DIR=/Applications/Xcode.app/Contents/Developer/usr/bin
    export DEVELOPER_DIR=/Applications/Xcode.app/Contents/Developer
    export DEVELOPER_FRAMEWORKS_DIR=/Applications/Xcode.app/Contents/Developer/Library/Frameworks
    export DEVELOPER_FRAMEWORKS_DIR_QUOTED=/Applications/Xcode.app/Contents/Developer/Library/Frameworks
    export DEVELOPER_LIBRARY_DIR=/Applications/Xcode.app/Contents/Developer/Library
    export DEVELOPER_SDK_DIR=/Applications/Xcode.app/Contents/Developer/Platforms/MacOSX.platform/Developer/SDKs
    export DEVELOPER_TOOLS_DIR=/Applications/Xcode.app/Contents/Developer/Tools
    export DEVELOPER_USR_DIR=/Applications/Xcode.app/Contents/Developer/usr
    export DEVELOPMENT_ASSET_PATHS=
    export DEVELOPMENT_LANGUAGE=en
    export DEVELOPMENT_TEAM=4RRY2QT7H8
    export DEVICE_NAME="José Ramón’s iPhone"
    export DIFF=/usr/bin/diff
    export DISABLE_AUTO_UPDATE=true
    export DOCC_ANALYZE_DIAGNOSTICS=NO
    export DOCC_ARCHIVE_PATH=/Users/jose/src/work/hydracamv2/build/ios-icon-profile-keepeyeonball-iphone/Build/Products/Profile-iphoneos/Runner.doccarchive
    export DOCC_CATALOG_DISPLAY_NAME=Runner
    export DOCC_CATALOG_IDENTIFIER=com.keepeyeonball
    export DOCC_DIAGNOSTICS_FILE=/Users/jose/src/work/hydracamv2/build/ios-icon-profile-keepeyeonball-iphone/Build/Intermediates.noindex/Runner.build/Profile-iphoneos/Runner.build/Runner-diagnostics.json
    export DOCC_EMIT_FIXITS=YES
    export DOCC_ENABLE_CXX_SUPPORT=YES
    export DOCC_EXEC=docc
    export DOCC_EXTRACT_EXTENSION_SYMBOLS=YES
    export DOCC_EXTRACT_OBJC_INFO_FOR_SWIFT_SYMBOLS=NO
    export DOCC_EXTRACT_SPI_DOCUMENTATION=NO
    export DOCC_EXTRACT_SWIFT_INFO_FOR_OBJC_SYMBOLS=NO
    export DOCC_HOSTING_BASE_PATH=
    export DOCC_IDE_CONSOLE_OUTPUT=YES
    export DOCC_MINIMUM_ACCESS_LEVEL=none
    export DOCC_OUTPUT_DIGEST_INFORMATION=NO
    export DOCC_OUTPUT_DIR=/Users/jose/src/work/hydracamv2/build/ios-icon-profile-keepeyeonball-iphone/Build/Products/Profile-iphoneos
    export DOCC_OUTPUT_NAVIGATOR_INDEX=YES
    export DOCC_PRETTY_PRINT=NO
    export DOCC_SKIP_INHERITED_DOCS=NO
    export DOCC_SKIP_SYNTHESIZED_MEMBERS=NO
    export DOCC_TEMPLATE_PATH=
    export DOCC_TRANSFORM_FOR_STATIC_HOSTING=YES
    export DOCUMENTATION_FOLDER_PATH=Runner.app/en.lproj/Documentation
    export DONT_GENERATE_INFOPLIST_FILE=NO
    export DRIVERKIT_DEPLOYMENT_TARGET=20.4
    export DSTROOT=/tmp/Runner.dst
    export DSYMUTIL_DSYM_SEARCH_PATHS=
    export DSYMUTIL_QUIET_OPERATION=NO
    export DSYMUTIL_VARIANT_SUFFIX=
    export DSYMUTIL_VERBOSE=NO
    export DTRACE_OTHER_FLAGS=
    export DTRACE_OUTPUT_FILE_TYPE=Header
    export DT_TOOLCHAIN_DIR=/Applications/Xcode.app/Contents/Developer/Toolchains/XcodeDefault.xctoolchain
    export DUMP_DEPENDENCIES=NO
    export DUMP_DEPENDENCIES_OUTPUT_PATH=/Users/jose/src/work/hydracamv2/build/ios-icon-profile-keepeyeonball-iphone/Build/Intermediates.noindex/Runner.build/Profile-iphoneos/Runner.build/Runner-BuildDependencyInfo.json
    export DWARF_DSYM_FILE_NAME=Runner.app.dSYM
    export DWARF_DSYM_FILE_SHOULD_ACCOMPANY_PRODUCT=NO
    export DWARF_DSYM_FOLDER_PATH=/Users/jose/src/work/hydracamv2/build/ios-icon-profile-keepeyeonball-iphone/Build/Products/Profile-iphoneos
    export DYLIB_COMPATIBILITY_VERSION=
    export DYLIB_CURRENT_VERSION=
    export DYLIB_INSTALL_NAME_BASE=
    export EAGER_COMPILATION_ALLOW_SCRIPTS=NO
    export EAGER_LINKING=NO
    export EFFECTIVE_PLATFORM_NAME=-iphoneos
    export EFFECTIVE_PLATFORM_SUFFIX=os
    export EFFECTIVE_TOOLCHAINS_DIRS=/Applications/Xcode.app/Contents/Developer/Toolchains/XcodeDefault.xctoolchain
    export EMBEDDED_CONTENT_CONTAINS_SWIFT=NO
    export EMBEDDED_PROFILE_NAME=embedded.mobileprovision
    export EMBED_ASSET_PACKS_IN_PRODUCT_BUNDLE=NO
    export ENABLE_APPINTENTS_DEPLOYMENT_AWARE_PROCESSING=YES
    export ENABLE_APPLE_KEXT_CODE_GENERATION=NO
    export ENABLE_APP_SANDBOX=NO
    export ENABLE_ASSISTANT_INTENTS_PROVIDER_VALIDATION=YES
    export ENABLE_BITCODE=NO
    export ENABLE_CODE_COVERAGE=YES
    export ENABLE_COHORT_ARCHS=NO
    export ENABLE_CPLUSPLUS_BOUNDS_SAFE_BUFFERS=NO
    export ENABLE_C_BOUNDS_SAFETY=NO
    export ENABLE_DEBUG_DYLIB=YES
    export ENABLE_DEFAULT_HEADER_SEARCH_PATHS=YES
    export ENABLE_DEFAULT_SEARCH_PATHS=YES
    export ENABLE_ENHANCED_SECURITY=NO
    export ENABLE_FILE_ACCESS_DOWNLOADS_FOLDER=
    export ENABLE_FILE_ACCESS_MOVIES_FOLDER=
    export ENABLE_FILE_ACCESS_MUSIC_FOLDER=
    export ENABLE_FILE_ACCESS_PICTURE_FOLDER=
    export ENABLE_HARDENED_RUNTIME=NO
    export ENABLE_HEADER_DEPENDENCIES=YES
    export ENABLE_INCOMING_NETWORK_CONNECTIONS=NO
    export ENABLE_INCREMENTAL_DISTILL=NO
    export ENABLE_MODULE_VERIFIER=YES
    export ENABLE_NS_ASSERTIONS=NO
    export ENABLE_ONLY_ACTIVE_RESOURCES=YES
    export ENABLE_ON_DEMAND_RESOURCES=YES
    export ENABLE_OUTGOING_NETWORK_CONNECTIONS=NO
    export ENABLE_POINTER_AUTHENTICATION=NO
    export ENABLE_PREVIEWS=
    export ENABLE_RESOURCE_ACCESS_AUDIO_INPUT=NO
    export ENABLE_RESOURCE_ACCESS_BLUETOOTH=NO
    export ENABLE_RESOURCE_ACCESS_CALENDARS=NO
    export ENABLE_RESOURCE_ACCESS_CAMERA=NO
    export ENABLE_RESOURCE_ACCESS_CONTACTS=NO
    export ENABLE_RESOURCE_ACCESS_LOCATION=NO
    export ENABLE_RESOURCE_ACCESS_PHOTO_LIBRARY=NO
    export ENABLE_RESOURCE_ACCESS_PRINTING=NO
    export ENABLE_RESOURCE_ACCESS_USB=NO
    export ENABLE_SDK_IMPORTS=NO
    export ENABLE_SECURITY_COMPILER_WARNINGS=NO
    export ENABLE_STRICT_OBJC_MSGSEND=YES
    export ENABLE_SWIFT_6_UPCOMING_FEATURES_IN_SWIFT_VERSION_6_0=YES
    export ENABLE_SYSTEM_SANITIZERS=
    export ENABLE_TESTABILITY=NO
    export ENABLE_TESTING_SEARCH_PATHS=NO
    export ENABLE_USER_SCRIPT_SANDBOXING=NO
    export ENABLE_USER_SELECTED_FILES=
    export ENFORCE_VALID_ARCHS=YES
    export ENTITLEMENTS_ALLOWED=YES
    export ENTITLEMENTS_DESTINATION=Signature
    export ENTITLEMENTS_REQUIRED=NO
    export EXCLUDED_ARCHS=armv7
    export EXCLUDED_EXPLICIT_TARGET_DEPENDENCIES=
    export EXCLUDED_INSTALLSRC_SUBDIRECTORY_PATTERNS=".DS_Store .svn .git .hg CVS"
    export EXCLUDED_RECURSIVE_SEARCH_PATH_SUBDIRECTORIES="*.nib *.lproj *.framework *.gch *.xcode* *.xcassets *.icon (*) .DS_Store CVS .svn .git .hg *.pbproj *.pbxproj"
    export EXCLUDED_SOURCE_FILE_NAMES=
    export EXECUTABLES_FOLDER_PATH=Runner.app/Executables
    export EXECUTABLE_EXTENSION=
    export EXECUTABLE_FOLDER_PATH=Runner.app
    export EXECUTABLE_FOLDER_PATH_SHALLOW_BUNDLE_NO=Runner.app/MacOS
    export EXECUTABLE_FOLDER_PATH_SHALLOW_BUNDLE_YES=Runner.app
    export EXECUTABLE_NAME=Runner
    export EXECUTABLE_PATH=Runner.app/Runner
    export EXECUTABLE_PREFIX=
    export EXECUTABLE_SUFFIX=
    export EXECUTABLE_VARIANT_SUFFIX=
    export EXPORTED_SYMBOLS_FILE=
    export EXTENSIONS_FOLDER_PATH=Runner.app/Extensions
    export ExpandBuildSettings=
    export FILE_LIST=/Users/jose/src/work/hydracamv2/build/ios-icon-profile-keepeyeonball-iphone/Build/Intermediates.noindex/Runner.build/Profile-iphoneos/Runner.build/Objects/LinkFileList
    export FIXED_FILES_DIR=/Users/jose/src/work/hydracamv2/build/ios-icon-profile-keepeyeonball-iphone/Build/Intermediates.noindex/Runner.build/Profile-iphoneos/Runner.build/FixedFiles
    export FLUTTER_APPLICATION_PATH=/Users/jose/src/work/hydracamv2
    export FLUTTER_BUILD_DIR=build
    export FLUTTER_BUILD_NAME=1.4.0
    export FLUTTER_BUILD_NUMBER=16
    export FLUTTER_FRAMEWORK_SWIFT_PACKAGE_PATH=/Users/jose/src/work/hydracamv2/ios/Flutter/ephemeral/Packages/.packages/FlutterFramework
    export FLUTTER_ROOT=/opt/homebrew/Caskroom/flutter/3.29.3/flutter
    export FLUTTER_TARGET=lib/main.dart
    export FPATH="/Users/jose/.oh-my-zsh/plugins/z:/Users/jose/.oh-my-zsh/plugins/flutter:/Users/jose/.oh-my-zsh/plugins/git:/Users/jose/.oh-my-zsh/functions:/Users/jose/.oh-my-zsh/completions:/Users/jose/.oh-my-zsh/custom/functions:/Users/jose/.oh-my-zsh/custom/completions:/Users/jose/.oh-my-zsh/cache/completions:/opt/homebrew/share/zsh/site-functions:/usr/local/share/zsh/site-functions:/usr/share/zsh/site-functions:/usr/share/zsh/5.9/functions"
    export FRAMEWORKS_FOLDER_PATH=Runner.app/Frameworks
    export FRAMEWORK_FLAG_PREFIX=-framework
    export FRAMEWORK_SEARCH_PATHS=" \"/Users/jose/src/work/hydracamv2/build/ios-icon-profile-keepeyeonball-iphone/Build/Products/Profile-iphoneos/disk_space_plus\" \"/Users/jose/src/work/hydracamv2/build/ios-icon-profile-keepeyeonball-iphone/Build/Products/Profile-iphoneos/permission_handler_apple\" \"/Users/jose/src/work/hydracamv2/build/ios-icon-profile-keepeyeonball-iphone/Build/Products/Profile-iphoneos/photo_manager\""
    export FRAMEWORK_VERSION=A
    export FULL_PRODUCT_NAME=Runner.app
    export FUSE_BUILD_PHASES=YES
    export FUSE_BUILD_SCRIPT_PHASES=NO
    export GCC3_VERSION=3.3
    export GCC_CHAR_IS_UNSIGNED_CHAR=NO
    export GCC_CW_ASM_SYNTAX=YES
    export GCC_C_LANGUAGE_STANDARD=gnu99
    export GCC_DEBUG_INFORMATION_FORMAT=dwarf-with-dsym
    export GCC_DEBUG_INFORMATION_VERSION=compiler-default
    export GCC_DYNAMIC_NO_PIC=NO
    export GCC_ENABLE_ASM_KEYWORD=YES
    export GCC_ENABLE_BUILTIN_FUNCTIONS=YES
    export GCC_ENABLE_CPP_EXCEPTIONS=YES
    export GCC_ENABLE_CPP_RTTI=YES
    export GCC_ENABLE_EXCEPTIONS=NO
    export GCC_ENABLE_FLOATING_POINT_LIBRARY_CALLS=NO
    export GCC_ENABLE_KERNEL_DEVELOPMENT=NO
    export GCC_ENABLE_OBJC_EXCEPTIONS=YES
    export GCC_ENABLE_PASCAL_STRINGS=YES
    export GCC_ENABLE_SSE3_EXTENSIONS=NO
    export GCC_ENABLE_SSE41_EXTENSIONS=NO
    export GCC_ENABLE_SSE42_EXTENSIONS=NO
    export GCC_ENABLE_SUPPLEMENTAL_SSE3_INSTRUCTIONS=NO
    export GCC_ENABLE_TRIGRAPHS=NO
    export GCC_FAST_MATH=NO
    export GCC_GENERATE_DEBUGGING_SYMBOLS=YES
    export GCC_GENERATE_TEST_COVERAGE_FILES=NO
    export GCC_INCREASE_PRECOMPILED_HEADER_SHARING=NO
    export GCC_INLINES_ARE_PRIVATE_EXTERN=YES
    export GCC_INPUT_FILETYPE=automatic
    export GCC_INSTRUMENT_PROGRAM_FLOW_ARCS=NO
    export GCC_LINK_WITH_DYNAMIC_LIBRARIES=YES
    export GCC_NO_COMMON_BLOCKS=YES
    export GCC_OBJC_ABI_VERSION=
    export GCC_OBJC_LEGACY_DISPATCH=NO
    export GCC_OPERATION=compile
    export GCC_OPTIMIZATION_LEVEL=s
    export GCC_PFE_FILE_C_DIALECTS="c objective-c c++ objective-c++"
    export GCC_PRECOMPILE_PREFIX_HEADER=
    export GCC_PREFIX_HEADER=
    export GCC_PREPROCESSOR_DEFINITIONS=" COCOAPODS=1"
    export GCC_PREPROCESSOR_DEFINITIONS_NOT_USED_IN_PRECOMPS=
    export GCC_PRODUCT_TYPE_PREPROCESSOR_DEFINITIONS=
    export GCC_REUSE_STRINGS=YES
    export GCC_SHORT_ENUMS=NO
    export GCC_STRICT_ALIASING=YES
    export GCC_SYMBOLS_PRIVATE_EXTERN=YES
    export GCC_THREADSAFE_STATICS=YES
    export GCC_THUMB_SUPPORT=YES
    export GCC_TREAT_IMPLICIT_FUNCTION_DECLARATIONS_AS_ERRORS=NO
    export GCC_TREAT_INCOMPATIBLE_POINTER_TYPE_WARNINGS_AS_ERRORS=NO
    export GCC_TREAT_WARNINGS_AS_ERRORS=NO
    export GCC_UNROLL_LOOPS=NO
    export GCC_USE_GCC3_PFE_SUPPORT=
    export GCC_USE_STANDARD_INCLUDE_SEARCHING=YES
    export GCC_VERSION=
    export GCC_VERSION_IDENTIFIER=
    export GCC_WARN_64_TO_32_BIT_CONVERSION=YES
    export GCC_WARN_ABOUT_DEPRECATED_FUNCTIONS=YES
    export GCC_WARN_ABOUT_INVALID_OFFSETOF_MACRO=YES
    export GCC_WARN_ABOUT_MISSING_FIELD_INITIALIZERS=NO
    export GCC_WARN_ABOUT_MISSING_NEWLINE=NO
    export GCC_WARN_ABOUT_MISSING_PROTOTYPES=NO
    export GCC_WARN_ABOUT_POINTER_SIGNEDNESS=YES
    export GCC_WARN_ABOUT_RETURN_TYPE=YES_ERROR
    export GCC_WARN_ALLOW_INCOMPLETE_PROTOCOL=YES
    export GCC_WARN_CHECK_SWITCH_STATEMENTS=YES
    export GCC_WARN_FOUR_CHARACTER_CONSTANTS=NO
    export GCC_WARN_HIDDEN_VIRTUAL_FUNCTIONS=NO
    export GCC_WARN_INHIBIT_ALL_WARNINGS=NO
    export GCC_WARN_INITIALIZER_NOT_FULLY_BRACKETED=NO
    export GCC_WARN_MISSING_PARENTHESES=YES
    export GCC_WARN_MULTIPLE_DEFINITION_TYPES_FOR_SELECTOR=NO
    export GCC_WARN_NON_VIRTUAL_DESTRUCTOR=NO
    export GCC_WARN_PEDANTIC=NO
    export GCC_WARN_SHADOW=NO
    export GCC_WARN_SIGN_COMPARE=NO
    export GCC_WARN_STRICT_SELECTOR_MATCH=NO
    export GCC_WARN_TYPECHECK_CALLS_TO_PRINTF=YES
    export GCC_WARN_UNDECLARED_SELECTOR=YES
    export GCC_WARN_UNINITIALIZED_AUTOS=YES_AGGRESSIVE
    export GCC_WARN_UNKNOWN_PRAGMAS=NO
    export GCC_WARN_UNUSED_FUNCTION=YES
    export GCC_WARN_UNUSED_LABEL=NO
    export GCC_WARN_UNUSED_PARAMETER=NO
    export GCC_WARN_UNUSED_VALUE=YES
    export GCC_WARN_UNUSED_VARIABLE=YES
    export GENERATED_MODULEMAP_DIR=/Users/jose/src/work/hydracamv2/build/ios-icon-profile-keepeyeonball-iphone/Build/Intermediates.noindex/GeneratedModuleMaps-iphoneos
    export GENERATE_INFOPLIST_FILE=NO
    export GENERATE_INTERMEDIATE_TEXT_BASED_STUBS=YES
    export GENERATE_PKGINFO_FILE=YES
    export GENERATE_PRELINK_OBJECT_FILE=NO
    export GENERATE_PROFILING_CODE=NO
    export GENERATE_TEXT_BASED_STUBS=NO
    export GH_PAGER=cat
    export GID=20
    export GIT_PAGER=cat
    export GLOBAL_CFLAGS=
    export GROUP=staff
    export GeneratedPkgInfoFile=
    export HEADERMAP_FILE_FORMAT=traditional
    export HEADERMAP_INCLUDES_FLAT_ENTRIES_FOR_TARGET_BEING_BUILT=YES
    export HEADERMAP_INCLUDES_FRAMEWORK_ENTRIES_FOR_ALL_PRODUCT_TYPES=YES
    export HEADERMAP_INCLUDES_FRAMEWORK_ENTRIES_FOR_TARGETS_NOT_BEING_BUILT=YES
    export HEADERMAP_INCLUDES_NONPUBLIC_NONPRIVATE_HEADERS=YES
    export HEADERMAP_INCLUDES_PROJECT_HEADERS=YES
    export HEADERMAP_USES_FRAMEWORK_PREFIX_ENTRIES=YES
    export HEADERMAP_USES_VFS=NO
    export HEADER_DEPENDENCIES=
    export HEADER_SEARCH_PATHS=" \"/Users/jose/src/work/hydracamv2/build/ios-icon-profile-keepeyeonball-iphone/Build/Products/Profile-iphoneos/disk_space_plus/disk_space_plus.framework/Headers\" \"/Users/jose/src/work/hydracamv2/build/ios-icon-profile-keepeyeonball-iphone/Build/Products/Profile-iphoneos/permission_handler_apple/permission_handler_apple.framework/Headers\" \"/Users/jose/src/work/hydracamv2/build/ios-icon-profile-keepeyeonball-iphone/Build/Products/Profile-iphoneos/photo_manager/photo_manager.framework/Headers\""
    export HOME=/Users/jose
    export HOMEBREW_CELLAR=/opt/homebrew/Cellar
    export HOMEBREW_PREFIX=/opt/homebrew
    export HOMEBREW_REPOSITORY=/opt/homebrew
    export HOST_ARCH=arm64e
    export IBC_COMPILATION_MODE_FOR_IOS=
    export IBC_COMPILER_AUTO_ACTIVATE_CUSTOM_FONTS=YES
    export IBC_COMPILER_USE_NIBKEYEDARCHIVER_FOR_MACOS=NO
    export IBC_ERRORS=YES
    export IBC_EXEC=ibtool
    export IBC_FLATTEN_NIBS=YES
    export IBC_MODULE=Runner
    export IBC_NOTICES=YES
    export IBC_OTHER_FLAGS=
    export IBC_OVERRIDING_PLUGINS_AND_FRAMEWORKS_DIR=
    export IBC_PLUGINS=
    export IBC_PLUGIN_SEARCH_PATHS=
    export IBC_REGIONS_AND_STRINGS_FILES=
    export IBC_STRIP_NIBS=YES
    export IBC_WARNINGS=YES
    export IBSC_COMPILATION_MODE_FOR_IOS=
    export IBSC_COMPILER_AUTO_ACTIVATE_CUSTOM_FONTS=YES
    export IBSC_COMPILER_USE_NIBKEYEDARCHIVER_FOR_MACOS=NO
    export IBSC_ERRORS=YES
    export IBSC_FLATTEN_NIBS=YES
    export IBSC_MODULE=Runner
    export IBSC_NOTICES=YES
    export IBSC_OTHER_FLAGS=
    export IBSC_REGIONS_AND_STRINGS_FILES=
    export IBSC_STRIP_NIBS=YES
    export IBSC_WARNINGS=YES
    export ICONV=/usr/bin/iconv
    export IIG_CXX_LANGUAGE_STANDARD=gnu++0x
    export IIG_DERIVED_FILE_DIR=/Users/jose/src/work/hydracamv2/build/ios-icon-profile-keepeyeonball-iphone/Build/Intermediates.noindex/Runner.build/Profile-iphoneos/Runner.build/DerivedSources/Runner
    export IIG_EXEC=iig
    export IIG_FRAMEWORK_NAME=Runner
    export IIG_HEADERS_DIR=/Users/jose/src/work/hydracamv2/build/ios-icon-profile-keepeyeonball-iphone/Build/Intermediates.noindex/Runner.build/Profile-iphoneos/Runner.build/DerivedSources/Runner
    export IIG_IMPLEMENTATION_DIR=/Users/jose/src/work/hydracamv2/build/ios-icon-profile-keepeyeonball-iphone/Build/Intermediates.noindex/Runner.build/Profile-iphoneos/Runner.build/DerivedSources/Runner
    export IIG_PREPROCESSOR_DEFINITIONS=__IIG=1
    export IMPLICIT_DEPENDENCY_DOMAIN=default
    export INCLUDED_EXPLICIT_TARGET_DEPENDENCIES=
    export INCLUDED_RECURSIVE_SEARCH_PATH_SUBDIRECTORIES=
    export INCLUDED_SOURCE_FILE_NAMES=
    export INDEX_DATA_STORE_DIR=/Users/jose/src/work/hydracamv2/build/ios-icon-profile-keepeyeonball-iphone/Index.noindex/DataStore
    export INDEX_ENABLE_DATA_STORE=YES
    export INDEX_PRECOMPS_DIR=/Users/jose/src/work/hydracamv2/build/ios-icon-profile-keepeyeonball-iphone/Index.noindex/PrecompiledHeaders
    export INDEX_STORE_COMPRESS=NO
    export INDEX_STORE_ONLY_PROJECT_FILES=NO
    export INFOPATH="/opt/homebrew/share/info:/opt/homebrew/share/info:"
    export INFOPLIST_ENABLE_CFBUNDLEICONS_MERGE=YES
    export INFOPLIST_EXPAND_BUILD_SETTINGS=YES
    export INFOPLIST_FILE=Runner/Info.plist
    export INFOPLIST_KEY_CFBundleDisplayName=
    export INFOPLIST_KEY_CLKComplicationPrincipalClass=
    export INFOPLIST_KEY_GCSupportsControllerUserInteraction=
    export INFOPLIST_KEY_GCSupportsGameMode=
    export INFOPLIST_KEY_ITSAppUsesNonExemptEncryption=
    export INFOPLIST_KEY_ITSEncryptionExportComplianceCode=
    export INFOPLIST_KEY_LSApplicationCategoryType=
    export INFOPLIST_KEY_LSBackgroundOnly=
    export INFOPLIST_KEY_LSSupportsOpeningDocumentsInPlace=
    export INFOPLIST_KEY_LSUIElement=
    export INFOPLIST_KEY_MetalCaptureEnabled=
    export INFOPLIST_KEY_NFCReaderUsageDescription=
    export INFOPLIST_KEY_NSAccessoryTrackingUsageDescription=
    export INFOPLIST_KEY_NSAppDataUsageDescription=
    export INFOPLIST_KEY_NSAppleEventsUsageDescription=
    export INFOPLIST_KEY_NSAppleMusicUsageDescription=
    export INFOPLIST_KEY_NSBluetoothAlwaysUsageDescription=
    export INFOPLIST_KEY_NSBluetoothPeripheralUsageDescription=
    export INFOPLIST_KEY_NSBluetoothWhileInUseUsageDescription=
    export INFOPLIST_KEY_NSCalendarsFullAccessUsageDescription=
    export INFOPLIST_KEY_NSCalendarsUsageDescription=
    export INFOPLIST_KEY_NSCalendarsWriteOnlyAccessUsageDescription=
    export INFOPLIST_KEY_NSCameraUsageDescription=
    export INFOPLIST_KEY_NSContactsUsageDescription=
    export INFOPLIST_KEY_NSCriticalMessagingUsageDescription=
    export INFOPLIST_KEY_NSDesktopFolderUsageDescription=
    export INFOPLIST_KEY_NSDocumentsFolderUsageDescription=
    export INFOPLIST_KEY_NSDownloadsFolderUsageDescription=
    export INFOPLIST_KEY_NSFaceIDUsageDescription=
    export INFOPLIST_KEY_NSFallDetectionUsageDescription=
    export INFOPLIST_KEY_NSFileProviderDomainUsageDescription=
    export INFOPLIST_KEY_NSFileProviderPresenceUsageDescription=
    export INFOPLIST_KEY_NSFinancialDataUsageDescription=
    export INFOPLIST_KEY_NSFocusStatusUsageDescription=
    export INFOPLIST_KEY_NSGKFriendListUsageDescription=
    export INFOPLIST_KEY_NSHandsTrackingUsageDescription=
    export INFOPLIST_KEY_NSHealthClinicalHealthRecordsShareUsageDescription=
    export INFOPLIST_KEY_NSHealthShareUsageDescription=
    export INFOPLIST_KEY_NSHealthUpdateUsageDescription=
    export INFOPLIST_KEY_NSHomeKitUsageDescription=
    export INFOPLIST_KEY_NSHumanReadableCopyright=
    export INFOPLIST_KEY_NSIdentityUsageDescription=
    export INFOPLIST_KEY_NSLocalNetworkUsageDescription=
    export INFOPLIST_KEY_NSLocationAlwaysAndWhenInUseUsageDescription=
    export INFOPLIST_KEY_NSLocationAlwaysUsageDescription=
    export INFOPLIST_KEY_NSLocationTemporaryUsageDescriptionDictionary=
    export INFOPLIST_KEY_NSLocationUsageDescription=
    export INFOPLIST_KEY_NSLocationWhenInUseUsageDescription=
    export INFOPLIST_KEY_NSMainCameraUsageDescription=
    export INFOPLIST_KEY_NSMainNibFile=
    export INFOPLIST_KEY_NSMainStoryboardFile=
    export INFOPLIST_KEY_NSMicrophoneUsageDescription=
    export INFOPLIST_KEY_NSMotionUsageDescription=
    export INFOPLIST_KEY_NSNearbyInteractionAllowOnceUsageDescription=
    export INFOPLIST_KEY_NSNearbyInteractionUsageDescription=
    export INFOPLIST_KEY_NSNetworkVolumesUsageDescription=
    export INFOPLIST_KEY_NSPhotoLibraryAddUsageDescription=
    export INFOPLIST_KEY_NSPhotoLibraryUsageDescription=
    export INFOPLIST_KEY_NSPrincipalClass=
    export INFOPLIST_KEY_NSRemindersFullAccessUsageDescription=
    export INFOPLIST_KEY_NSRemindersUsageDescription=
    export INFOPLIST_KEY_NSRemovableVolumesUsageDescription=
    export INFOPLIST_KEY_NSSensorKitPrivacyPolicyURL=
    export INFOPLIST_KEY_NSSensorKitUsageDescription=
    export INFOPLIST_KEY_NSSiriUsageDescription=
    export INFOPLIST_KEY_NSSpeechRecognitionUsageDescription=
    export INFOPLIST_KEY_NSStickerSharingLevel=
    export INFOPLIST_KEY_NSSupportsLiveActivities=
    export INFOPLIST_KEY_NSSupportsLiveActivitiesFrequentUpdates=
    export INFOPLIST_KEY_NSSystemAdministrationUsageDescription=
    export INFOPLIST_KEY_NSSystemExtensionUsageDescription=
    export INFOPLIST_KEY_NSUserTrackingUsageDescription=
    export INFOPLIST_KEY_NSVideoSubscriberAccountUsageDescription=
    export INFOPLIST_KEY_NSVoIPUsageDescription=
    export INFOPLIST_KEY_NSWorldSensingUsageDescription=
    export INFOPLIST_KEY_OSBundleUsageDescription=
    export INFOPLIST_KEY_UIApplicationSceneManifest_Generation=
    export INFOPLIST_KEY_UIApplicationSupportsIndirectInputEvents=
    export INFOPLIST_KEY_UILaunchScreen_Generation=
    export INFOPLIST_KEY_UILaunchStoryboardName=
    export INFOPLIST_KEY_UIMainStoryboardFile=
    export INFOPLIST_KEY_UIRequiresFullScreen=
    export INFOPLIST_KEY_UIStatusBarHidden=
    export INFOPLIST_KEY_UIStatusBarStyle=
    export INFOPLIST_KEY_UISupportsDocumentBrowser=
    export INFOPLIST_KEY_UIUserInterfaceStyle=
    export INFOPLIST_KEY_WKCompanionAppBundleIdentifier=
    export INFOPLIST_KEY_WKExtensionDelegateClassName=
    export INFOPLIST_KEY_WKRunsIndependentlyOfCompanionApp=
    export INFOPLIST_KEY_WKWatchOnly=
    export INFOPLIST_OTHER_PREPROCESSOR_FLAGS=
    export INFOPLIST_OUTPUT_FORMAT=binary
    export INFOPLIST_PATH=Runner.app/Info.plist
    export INFOPLIST_PREFIX_HEADER=
    export INFOPLIST_PREPROCESS=NO
    export INFOPLIST_PREPROCESSOR_DEFINITIONS=
    export INFOSTRINGS_PATH=Runner.app/en.lproj/InfoPlist.strings
    export INIT_ROUTINE=
    export INLINE_PRIVATE_FRAMEWORKS=NO
    export INSTALLAPI_IGNORE_SKIP_INSTALL=YES
    export INSTALLHDRS_COPY_PHASE=NO
    export INSTALLHDRS_SCRIPT_PHASE=NO
    export INSTALL_DIR=/tmp/Runner.dst/Applications
    export INSTALL_GROUP=staff
    export INSTALL_MODE_FLAG=u+w,go-w,a+rX
    export INSTALL_OWNER=jose
    export INSTALL_PATH=/Applications
    export INSTALL_ROOT=/tmp/Runner.dst
    export INSTRUMENTS_PACKAGE_BUILDER=instrumentbuilder
    export INSTRUMENTS_PACKAGE_BUILDER_DEPENDENCY_INFO_FILE=/Users/jose/src/work/hydracamv2/build/ios-icon-profile-keepeyeonball-iphone/Build/Intermediates.noindex/Runner.build/Profile-iphoneos/Runner.build/instruments-package-builder.dependencies
    export INSTRUMENTS_PACKAGE_BUILDER_LINKED_PACKAGES=
    export INSTRUMENTS_PACKAGE_BUILDER_NO_SYSTEM_SEARCH=NO
    export INSTRUMENTS_PACKAGE_BUILDER_SEARCH_PATHS=/Users/jose/src/work/hydracamv2/build/ios-icon-profile-keepeyeonball-iphone/Build/Products/Profile-iphoneos
    export INSTRUMENTS_PACKAGE_BUILDER_VERSION_OVERRIDE=
    export INTENTS_CODEGEN_LANGUAGE=Automatic
    export IOS_DEVICE=AB1E2F45-61B1-5FBD-972A-940EA7EC8B0A
    export IOS_XCODE_DESTINATION_ID=00008101-000A68811E43001E
    export IPHONEOS_DEPLOYMENT_TARGET=13.0
    export IS_MACCATALYST=
    export InfoPlistPath=
    export JAVAC_DEFAULT_FLAGS="-J-Xms64m -J-XX:NewSize=4M -J-Dfile.encoding=UTF8"
    export JAVA_APP_STUB=/System/Library/Frameworks/JavaVM.framework/Resources/MacOS/JavaApplicationStub
    export JAVA_ARCHIVE_CLASSES=YES
    export JAVA_ARCHIVE_TYPE=JAR
    export JAVA_COMPILER=/usr/bin/javac
    export JAVA_FOLDER_PATH=Runner.app/Java
    export JAVA_FRAMEWORK_JARS=
    export JAVA_FRAMEWORK_RESOURCES_DIRS=Resources
    export JAVA_JAR_FLAGS=cv
    export JAVA_SOURCE_SUBDIR=.
    export JAVA_USE_DEPENDENCIES=YES
    export JAVA_ZIP_FLAGS=-urg
    export JIKES_DEFAULT_FLAGS="+E +OLDCSO"
    export KASAN_CFLAGS_CLASSIC="-DKASAN=1 -DKASAN_CLASSIC=1 -fsanitize=address -mllvm -asan-globals-live-support -mllvm -asan-force-dynamic-shadow"
    export KASAN_CFLAGS_TBI="-DKASAN=1 -DKASAN_TBI=1 -fsanitize=kernel-hwaddress -mllvm -hwasan-recover=0 -mllvm -hwasan-instrument-atomics=0 -mllvm -hwasan-instrument-stack=1 -mllvm -hwasan-generate-tags-with-calls=1 -mllvm -hwasan-instrument-with-calls=1 -mllvm -hwasan-use-short-granules=0 -mllvm -hwasan-memory-access-callback-prefix=__asan_"
    export KASAN_DEFAULT_CFLAGS="-DKASAN=1 -DKASAN_CLASSIC=1 -fsanitize=address -mllvm -asan-globals-live-support -mllvm -asan-force-dynamic-shadow"
    export KEEP_PRIVATE_EXTERNS=NO
    export KEXT_CFLAGS=
    export KEXT_CPLUSPLUSFLAGS=
    export LANG=C.UTF-8
    export LAUNCH_CONSTRAINT_PARENT=
    export LAUNCH_CONSTRAINT_RESPONSIBLE=
    export LAUNCH_CONSTRAINT_SELF=
    export LC_ALL=C.UTF-8
    export LC_CTYPE=C.UTF-8
    export LD_ADDRESS_SANITIZER=-fsanitize=address
    export LD_ADDRESS_SANITIZER_clang=-fsanitize=address
    export LD_ADDRESS_SANITIZER_swiftc=-sanitize=address
    export LD_ADD_MERGEABLE_DEBUG_HOOK=
    export LD_CLIENT_NAME=
    export LD_COHORT_ARCHS=
    export LD_DEBUG_VARIANT=YES
    export LD_DEPENDENCY_INFO_FILE=/undefined_arch/Runner_dependency_info.dat
    export LD_DETERMINISTIC_MODE=YES
    export LD_DONT_RUN_DEDUPLICATION=YES
    export LD_DYLIB_ALLOWABLE_CLIENTS=
    export LD_DYLIB_INSTALL_NAME=
    export LD_ENTITLEMENTS_SECTION=
    export LD_ENTITLEMENTS_SECTION_DER=
    export LD_ENTRY_POINT=
    export LD_ENVIRONMENT=
    export LD_EXPORT_GLOBAL_SYMBOLS=NO
    export LD_EXPORT_SYMBOLS=YES
    export LD_FINAL_OUTPUT_FILE=/Applications/Runner.app/Runner
    export LD_FLAGS=
    export LD_GENERATE_MAP_FILE=NO
    export LD_LTO_OBJECT_FILE=/undefined_arch/Runner_lto.o
    export LD_MAKE_MERGEABLE=NO
    export LD_MAP_FILE_PATH=/Users/jose/src/work/hydracamv2/build/ios-icon-profile-keepeyeonball-iphone/Build/Intermediates.noindex/Runner.build/Profile-iphoneos/Runner.build/Runner-LinkMap-normal-undefined_arch.txt
    export LD_NO_PIE=NO
    export LD_OBJC_ABI_VERSION=
    export LD_OBJC_RUNTIME_ARGS=-fobjc-link-runtime
    export LD_OBJC_RUNTIME_ARGS_clang=-fobjc-link-runtime
    export LD_OBJC_RUNTIME_ARGS_swiftc=-link-objc-runtime
    export LD_OPTIMIZATION_LEVEL=s
    export LD_QUOTE_LINKER_ARGUMENTS_FOR_COMPILER_DRIVER=YES
    export LD_RUNPATH_SEARCH_PATHS=" /usr/lib/swift '@executable_path/Frameworks' '@loader_path/Frameworks' @executable_path/Frameworks"
    export LD_RUNPATH_SEARCH_PATHS_YES="@loader_path/../Frameworks"
    export LD_SDK_IMPORTS_FILE=/undefined_arch/Runner_normal_undefined_arch_sdk_imports.json
    export LD_SHARED_CACHE_ELIGIBLE=Automatic
    export LD_SKIP_MERGEABLE_LIBRARY_BUNDLE_HOOK=NO
    export LD_SUPPRESS_WARNINGS=NO
    export LD_TARGET_TRIPLE_ARCHS=undefined_arch
    export LD_THREAD_SANITIZER=
    export LD_WARN_DUPLICATE_LIBRARIES=NO
    export LD_WARN_UNUSED_DYLIBS=NO
    export LEGACY_DEVELOPER_DIR=/Applications/Xcode.app/Contents/Developer/PlugIns/Xcode3Core.ideplugin/Contents/SharedSupport/Developer
    export LESS=-R
    export LEX=lex
    export LEXFLAGS=
    export LEX_CASE_INSENSITIVE_SCANNER=NO
    export LEX_INSERT_LINE_DIRECTIVES=YES
    export LEX_SUPPRESS_DEFAULT_RULE=NO
    export LEX_SUPPRESS_WARNINGS=NO
    export LIBRARY_DEXT_INSTALL_PATH=/Library/DriverExtensions
    export LIBRARY_FLAG_NOSPACE=YES
    export LIBRARY_FLAG_PREFIX=-l
    export LIBRARY_KEXT_INSTALL_PATH=/Library/Extensions
    export LIBRARY_LOAD_CONSTRAINT=
    export LIBRARY_SEARCH_PATHS=" \"/Applications/Xcode.app/Contents/Developer/Toolchains/XcodeDefault.xctoolchain/usr/lib/swift/iphoneos\" /usr/lib/swift"
    export LIBTOOL=libtool
    export LIBTOOL_ARCH=undefined_arch
    export LIBTOOL_COHORT_ARCHS=
    export LIBTOOL_DEPENDENCY_INFO_FILE=/undefined_arch/Runner_libtool_dependency_info.dat
    export LIBTOOL_DEPLOYMENT_TARGET=13.0
    export LIBTOOL_DETERMINISTIC_MODE=YES
    export LIBTOOL_FILE_LIST_FORMAT=unescapedNewlineSeparated
    export LIBTOOL_USE_RESPONSE_FILE=YES
    export LINKER_DISPLAYS_MANGLED_NAMES=NO
    export LINKER_DRIVER=clang
    export LINKER_FILE_LIST_FORMAT=unescapedNewlineSeparated
    export LINKER_FILE_LIST_FORMAT_clang=unescapedNewlineSeparated
    export LINKER_FILE_LIST_FORMAT_swiftc=unixShellQuotedSpaceSeparated
    export LINKER_LIBRARY_FLAGS=
    export LINKER_RESPONSE_FILE_FORMAT=unixShellQuotedSpaceSeparated
    export LINK_WITH_STANDARD_LIBRARIES=YES
    export LLVM_IMPLICIT_AGGRESSIVE_OPTIMIZATIONS=NO
    export LLVM_LTO=NO
    export LLVM_OPTIMIZATION_LEVEL_VAL_0=NO
    export LLVM_OPTIMIZATION_LEVEL_VAL_1=NO
    export LLVM_OPTIMIZATION_LEVEL_VAL_2=NO
    export LLVM_OPTIMIZATION_LEVEL_VAL_3=NO
    export LLVM_OPTIMIZATION_LEVEL_VAL_fast=YES
    export LLVM_OPTIMIZATION_LEVEL_VAL_s=NO
    export LLVM_OPTIMIZATION_LEVEL_VAL_z=NO
    export LLVM_TARGET_TRIPLE_OS_VERSION=ios13.0
    export LLVM_TARGET_TRIPLE_SUFFIX=
    export LLVM_TARGET_TRIPLE_VENDOR=apple
    export LM_AUX_CONST_METADATA_LIST_PATH=
    export LM_AUX_INTENTS_METADATA_FILES_LIST_PATH=/Users/jose/src/work/hydracamv2/build/ios-icon-profile-keepeyeonball-iphone/Build/Intermediates.noindex/Runner.build/Profile-iphoneos/Runner.build/Runner.DependencyMetadataFileList
    export LM_AUX_INTENTS_STATIC_METADATA_FILES_LIST_PATH=/Users/jose/src/work/hydracamv2/build/ios-icon-profile-keepeyeonball-iphone/Build/Intermediates.noindex/Runner.build/Profile-iphoneos/Runner.build/Runner.DependencyStaticMetadataFileList
    export LM_BINARY_PATH=
    export LM_BUNDLE_IDENTIFIER=com.keepeyeonball
    export LM_COMPILE_TIME_EXTRACTION=YES
    export LM_DEPENDENCY_FILES=
    export LM_ENABLE_APP_NAME_OVERRIDE=NO
    export LM_ENABLE_ASSISTANT_INTENT_APP_NAME_OVERRIDE=NO
    export LM_ENABLE_LINK_GENERATION=YES
    export LM_ENABLE_STRING_VALIDATION=YES
    export LM_FILTER_WARNINGS=NO
    export LM_FORCE_LINK_GENERATION=NO
    export LM_FORCE_METADATA_OUTPUT=NO
    export LM_NO_APP_SHORTCUT_LOCALIZATION=YES
    export LM_OUTPUT_DIR=
    export LM_STRINGSDATA_FILES=
    export LOCALIZABLE_CONTENT_DIR=
    export LOCALIZATION_EXPORT_SUPPORTED=YES
    export LOCALIZATION_PREFERS_STRING_CATALOGS=NO
    export LOCALIZED_RESOURCES_FOLDER_PATH=Runner.app/en.lproj
    export LOCALIZED_STRING_CODE_COMMENTS=NO
    export LOCALIZED_STRING_MACRO_NAMES="NSLocalizedString CFCopyLocalizedString"
    export LOCALIZED_STRING_SWIFTUI_SUPPORT=YES
    export LOCAL_ADMIN_APPS_DIR=/Applications/Utilities
    export LOCAL_APPS_DIR=/Applications
    export LOCAL_DEVELOPER_DIR=/Library/Developer
    export LOCAL_DEVELOPER_EXECUTABLES_DIR=
    export LOCAL_LIBRARY_DIR=/Library
    export LOCROOT=
    export LOCSYMROOT=
    export LOGNAME=jose
    export LOG_FORMAT=json
    export LSCOLORS=Gxfxcxdxbxegedabagacad
    export LS_COLORS="di=1;36:ln=35:so=32:pi=33:ex=31:bd=34;46:cd=34;43:su=30;41:sg=30;46:tw=30;42:ow=30;43"
    export MACH_O_TYPE=mh_execute
    export MACOSX_DEPLOYMENT_TARGET=11.5
    export MACOS_CREATOR=
    export MACOS_CREATOR_ARG=
    export MACOS_TYPE=
    export MACOS_TYPE_ARG=
    export MAC_OS_X_PRODUCT_BUILD_VERSION=25E253
    export MAC_OS_X_VERSION_ACTUAL=260401
    export MAC_OS_X_VERSION_MAJOR=260000
    export MAC_OS_X_VERSION_MAX_ALLOWED=
    export MAC_OS_X_VERSION_MINOR=260400
    export MAC_OS_X_VERSION_MIN_REQUIRED=
    export MAKE_MERGEABLE=NO
    export MANPATH="/Applications/Xcode.app/Contents/Developer/Platforms/MacOSX.platform/Developer/SDKs/MacOSX.sdk/usr/share/man:/Applications/Xcode.app/Contents/Developer/Platforms/MacOSX.platform/usr/share/man:/Applications/Xcode.app/Contents/Developer/usr/share/man:/Applications/Xcode.app/Contents/Developer/Toolchains/XcodeDefault.xctoolchain/usr/share/man:"
    export MAPC_MODULE=Runner
    export MAPC_NO_WARNINGS=NO
    export MARKETING_VERSION=
    export MERGEABLE_LIBRARY=NO
    export MERGED_BINARY_TYPE=none
    export MERGE_LINKED_LIBRARIES=NO
    export METAL_INDEX_STORE_ONLY_PROJECT_FILES=NO
    export METAL_LIBRARY_FILE_BASE=default
    export METAL_LIBRARY_OUTPUT_DIR=/Users/jose/src/work/hydracamv2/build/ios-icon-profile-keepeyeonball-iphone/Build/Products/Profile-iphoneos/Runner.app
    export MIG_DEPLOYMENT_TARGET=13.0
    export MIG_EXEC=mig
    export MODULEMAP_FILE=
    export MODULEMAP_PRIVATE_FILE=
    export MODULES_FOLDER_PATH=Runner.app/Modules
    export MODULES_VERIFIER_EXEC=modules-verifier
    export MODULE_CACHE_DIR=/Users/jose/src/work/hydracamv2/build/ios-icon-profile-keepeyeonball-iphone/ModuleCache.noindex
    export MODULE_DEPENDENCIES=
    export MODULE_NAME=
    export MODULE_START=
    export MODULE_STOP=
    export MODULE_VERIFIER_LSV=NO
    export MODULE_VERIFIER_SUPPORTED_LANGUAGES=objective-c
    export MODULE_VERIFIER_SUPPORTED_LANGUAGE_STANDARDS="gnu99 gnu++11"
    export MODULE_VERIFIER_TARGET_TRIPLE_ARCHS=arm64
    export MODULE_VERIFIER_VERBOSE=NO
    export MODULE_VERSION=
    export MOMC_MODULE=Runner
    export MOMC_NO_DELETE_RULE_WARNINGS=NO
    export MOMC_NO_INVERSE_RELATIONSHIP_WARNINGS=NO
    export MOMC_NO_MAX_PROPERTY_COUNT_WARNINGS=NO
    export MOMC_NO_WARNINGS=NO
    export MOMC_OUTPUT_SUFFIX=
    export MOMC_OUTPUT_SUFFIX__xcdatamodel=.mom
    export MOMC_OUTPUT_SUFFIX__xcdatamodeld=.momd
    export MOMC_SUPPRESS_INVERSE_TRANSIENT_ERROR=NO
    export MTLCOMPILER_DEPENDENCY_INFO_FILE=/Users/jose/src/work/hydracamv2/build/ios-icon-profile-keepeyeonball-iphone/Build/Intermediates.noindex/Runner.build/Profile-iphoneos/Runner.build/Metal/.dat
    export MTLCOMPILER_OUTPUT_FILE=/Users/jose/src/work/hydracamv2/build/ios-icon-profile-keepeyeonball-iphone/Build/Intermediates.noindex/Runner.build/Profile-iphoneos/Runner.build/Metal/.air
    export MTLLINKER_ALTERNATE_LINKER=
    export MTLLINKER_INCLUDE_SOURCE=
    export MTLLINKER_OUTPUT_FILE=
    export MTLLINKER_TARGET_TRIPLE=
    export MTL_COMPILER_FLAGS=
    export MTL_ENABLE_DEBUG_INFO=NO
    export MTL_ENABLE_INDEX_STORE=YES
    export MTL_ENABLE_MODULES=STDLIB
    export MTL_FAST_MATH=YES
    export MTL_FRAMEWORK_SEARCH_PATH_BUILT_PRODUCTS_DIR=
    export MTL_HEADER_SEARCH_PATHS=
    export MTL_HEADER_SEARCH_PATH_BUILT_PRODUCTS_DIR=
    export MTL_IGNORE_WARNINGS=NO
    export MTL_INDEX_STORE_PATH=/Users/jose/src/work/hydracamv2/build/ios-icon-profile-keepeyeonball-iphone/Index.noindex/DataStore
    export MTL_LANGUAGE_REVISION=UseDeploymentTarget
    export MTL_LANGUAGE_REVISION_dialect=ios
    export MTL_LANGUAGE_REVISION_dialect_macosx=macos
    export MTL_LANGUAGE_REVISION_optgen=UseDeploymentTarget
    export MTL_MATH_FP32_FUNCTIONS=FAST
    export MTL_MATH_FP32_FUNCTIONS_derived_NO=PRECISE
    export MTL_MATH_MODE=FAST
    export MTL_MATH_MODE_derived_NO=SAFE
    export MTL_OPTIMIZATION_LEVEL=default
    export MTL_TARGET_TRIPLE=air64-apple-ios13.0
    export MTL_TREAT_WARNINGS_AS_ERRORS=NO
    export MallocNanoZone=0
    export NATIVE_ARCH=arm64e
    export NATIVE_ARCH_32_BIT=i386
    export NATIVE_ARCH_64_BIT=arm64e
    export NATIVE_ARCH_ACTUAL=arm64e
    export NO_COLOR=1
    export NO_COMMON=YES
    export OBJECT_FILE_ASSEMBLER_LINKER_RESPONSE_FILE_FORMAT=unixShellQuotedSpaceSeparated
    export OBJECT_FILE_DIR=/Users/jose/src/work/hydracamv2/build/ios-icon-profile-keepeyeonball-iphone/Build/Intermediates.noindex/Runner.build/Profile-iphoneos/Runner.build/Objects
    export OBJROOT=/Users/jose/src/work/hydracamv2/build/ios-icon-profile-keepeyeonball-iphone/Build/Intermediates.noindex
    export ONLY_ACTIVE_ARCH=NO
    export OPENCLC=/System/Library/Frameworks/OpenCL.framework/Libraries/openclc
    export OPENCL_ARCHS="i386 x86_64 gpu_32 gpu_64"
    export OPENCL_AUTO_VECTORIZE_ENABLE=YES
    export OPENCL_COMPILER_VERSION=CL1.1
    export OPENCL_DENORMS_ARE_ZERO=NO
    export OPENCL_DOUBLE_AS_SINGLE=NO
    export OPENCL_FAST_RELAXED_MATH=NO
    export OPENCL_MAD_ENABLE=NO
    export OPENCL_OPTIMIZATION_LEVEL=s
    export OPTIMIZATION_CFLAGS=
    export ORDER_FILE=
    export OS=MACOS
    export OSAC=/usr/bin/osacompile
    export OSACOMPILE_EXECUTE_ONLY=NO
    export OSLogRateLimit=64
    export OTHER_CLANG_MODULES_VERIFIER_FLAGS=
    export OTHER_CODE_SIGN_FLAGS=
    export OTHER_CPLUSPLUSFLAGS=
    export OTHER_IIG_CFLAGS=
    export OTHER_IIG_FLAGS=
    export OTHER_LDFLAGS=" -ObjC -framework \"PhotosUI\" -framework \"disk_space_plus\" -framework \"permission_handler_apple\" -framework \"photo_manager\""
    export OTHER_LDRFLAGS=" -ObjC -framework \"PhotosUI\" -framework \"disk_space_plus\" -framework \"permission_handler_apple\" -framework \"photo_manager\""
    export OTHER_LIBTOOLFLAGS=
    export OTHER_MIGFLAGS=
    export OTHER_MODULE_VERIFIER_FLAGS=" \"-F/Users/jose/src/work/hydracamv2/build/ios-icon-profile-keepeyeonball-iphone/Build/Products/Profile-iphoneos/Flutter\" \"-F/Users/jose/src/work/hydracamv2/build/ios-icon-profile-keepeyeonball-iphone/Build/Products/Profile-iphoneos/disk_space_plus\" \"-F/Users/jose/src/work/hydracamv2/build/ios-icon-profile-keepeyeonball-iphone/Build/Products/Profile-iphoneos/permission_handler_apple\" \"-F/Users/jose/src/work/hydracamv2/build/ios-icon-profile-keepeyeonball-iphone/Build/Products/Profile-iphoneos/photo_manager\""
    export OTHER_OSACOMPILEFLAGS=
    export OTHER_OSAFLAGS=
    export OTHER_PRECOMP_CFLAGS=
    export OTHER_RESMERGERFLAGS=
    export OTHER_REZFLAGS=
    export OTHER_SWIFT_FLAGS=" -D COCOAPODS"
    export OTHER_SWIFT_STDLIB_TOOL_FLAGS=
    export OTHER_TAPI_FLAGS=
    export OutputFormat=
    export PACKAGE_CONFIG=/Users/jose/src/work/hydracamv2/.dart_tool/package_config.json
    export PACKAGE_TYPE=com.apple.package-type.wrapper.application
    export PAGER=less
    export PASCAL_STRINGS=YES
    export PATH="/Applications/Xcode.app/Contents/Developer/usr/bin:/Users/jose/.codex/tmp/arg0/codex-arg0p17LK3:/Users/jose/Library/Android/sdk/platform-tools:/Users/jose/Library/Android/sdk/emulator:/Users/jose/Library/Android/sdk/cmdline-tools/latest/bin:/Users/jose/.antigravity-ide/antigravity-ide/bin:/Users/jose/.opencode/bin:/Users/jose/.antigravity/antigravity/bin:/Users/jose/.antigravity/antigravity/bin:/opt/homebrew/lib/ruby/gems/3.4.0/bin:/opt/homebrew/opt/ruby/bin:/Library/Frameworks/Python.framework/Versions/3.13/bin:/opt/homebrew/bin:/opt/homebrew/sbin:/usr/local/bin:/System/Cryptexes/App/usr/bin:/usr/bin:/bin:/usr/sbin:/sbin:/var/run/com.apple.security.cryptexd/codex.system/bootstrap/usr/local/bin:/var/run/com.apple.security.cryptexd/codex.system/bootstrap/usr/bin:/var/run/com.apple.security.cryptexd/codex.system/bootstrap/usr/appleinternal/bin:/opt/pkg/env/active/bin:/opt/pmk/env/global/bin:/Library/Apple/usr/bin:/usr/local/share/dotnet:~/.dotnet/tools:/opt/homebrew/opt/ruby/bin:/opt/homebrew/lib/ruby/gems/3.4.0/bin:/Users/jose/Library/Application:/Users/jose/.local/bin:/Users/jose/.lmstudio/bin:/Users/jose/.local/bin:/Applications/Codex.app/Contents/Resources"
    export PATH_PREFIXES_EXCLUDED_FROM_HEADER_DEPENDENCIES="/usr/include /usr/local/include /System/Library/Frameworks /System/Library/PrivateFrameworks /Applications/Xcode.app/Contents/Developer/Headers /Applications/Xcode.app/Contents/Developer/SDKs /Applications/Xcode.app/Contents/Developer/Platforms"
    export PBDEVELOPMENTPLIST_PATH=Runner.app/pbdevelopment.plist
    export PBXCP_BITCODE_STRIP_MODE=
    export PBXCP_BITCODE_STRIP_TOOL=
    export PBXCP_EXCLUDE_SUBPATHS=
    export PBXCP_IGNORE_MISSING_INPUTS=NO
    export PBXCP_INCLUDE_ONLY_SUBPATHS=
    export PBXCP_STRIP_BITCODE=NO
    export PBXCP_STRIP_SUBPATHS=
    export PBXCP_STRIP_TOOL=
    export PBXCP_STRIP_UNSIGNED_BINARIES=NO
    export PER_ARCH_MODULE_FILE_DIR=/Modules
    export PFE_FILE_C_DIALECTS=
    export PKGINFO_PATH=Runner.app/PkgInfo
    export PLATFORM_DEVELOPER_APPLICATIONS_DIR=/Applications/Xcode.app/Contents/Developer/Platforms/iPhoneOS.platform/Developer/Applications
    export PLATFORM_DEVELOPER_BIN_DIR=/Applications/Xcode.app/Contents/Developer/Platforms/iPhoneOS.platform/Developer/usr/bin
    export PLATFORM_DEVELOPER_LIBRARY_DIR=/Applications/Xcode.app/Contents/Developer/Platforms/iPhoneOS.platform/Developer/Library
    export PLATFORM_DEVELOPER_SDK_DIR=/Applications/Xcode.app/Contents/Developer/Platforms/iPhoneOS.platform/Developer/SDKs
    export PLATFORM_DEVELOPER_TOOLS_DIR=/Applications/Xcode.app/Contents/Developer/Platforms/iPhoneOS.platform/Developer/Tools
    export PLATFORM_DEVELOPER_USR_DIR=/Applications/Xcode.app/Contents/Developer/Platforms/iPhoneOS.platform/Developer/usr
    export PLATFORM_DIR=/Applications/Xcode.app/Contents/Developer/Platforms/iPhoneOS.platform
    export PLATFORM_DISPLAY_NAME=iOS
    export PLATFORM_NAME=iphoneos
    export PLATFORM_PREFERRED_ARCH=undefined_arch
    export PLATFORM_PRODUCT_BUILD_VERSION=23F73
    export PLIST_FILE_OUTPUT_FORMAT=binary
    export PLUGINS_FOLDER_PATH=Runner.app/PlugIns
    export PODS_BUILD_DIR=/Users/jose/src/work/hydracamv2/build/ios-icon-profile-keepeyeonball-iphone/Build/Products
    export PODS_CONFIGURATION_BUILD_DIR=/Users/jose/src/work/hydracamv2/build/ios-icon-profile-keepeyeonball-iphone/Build/Products/Profile-iphoneos
    export PODS_PODFILE_DIR_PATH=/Users/jose/src/work/hydracamv2/ios/.
    export PODS_ROOT=/Users/jose/src/work/hydracamv2/ios/Pods
    export PODS_XCFRAMEWORKS_BUILD_DIR=/Users/jose/src/work/hydracamv2/build/ios-icon-profile-keepeyeonball-iphone/Build/Products/Profile-iphoneos/XCFrameworkIntermediates
    export PRECOMPILE_PREFIX_HEADER=
    export PRECOMPS_INCLUDE_HEADERS_FROM_BUILT_PRODUCTS_DIR=YES
    export PRECOMP_DESTINATION_DIR=/Users/jose/src/work/hydracamv2/build/ios-icon-profile-keepeyeonball-iphone/Build/Intermediates.noindex/Runner.build/Profile-iphoneos/Runner.build/PrefixHeaders
    export PREFIX_CFLAG_BASE=
    export PREFIX_FLAGS=
    export PREFIX_HEADER=
    export PREFIX_REFERENCE=
    export PRELINK_FLAGS=
    export PRELINK_LIBS=
    export PRIVATE_HEADERS_FOLDER_PATH=Runner.app/PrivateHeaders
    export PROCESSED_INFOPLIST_PATH=/Users/jose/src/work/hydracamv2/build/ios-icon-profile-keepeyeonball-iphone/Build/Intermediates.noindex/Runner.build/Profile-iphoneos/Runner.build/Objects-normal/undefined_arch/Processed-Info.plist
    export PRODUCT_BUNDLE_IDENTIFIER=com.keepeyeonball
    export PRODUCT_BUNDLE_PACKAGE_TYPE=APPL
    export PRODUCT_DEFINITION_PLIST=
    export PRODUCT_MODULE_NAME=Runner
    export PRODUCT_NAME=Runner
    export PRODUCT_TYPE=com.apple.product-type.application
    export PRODUCT_TYPE_SWIFT_STDLIB_TOOL_FLAGS=
    export PROFILING_CODE=NO
    export PROJECT=Runner
    export PROJECT_DERIVED_FILE_DIR=/Users/jose/src/work/hydracamv2/build/ios-icon-profile-keepeyeonball-iphone/Build/Intermediates.noindex/Runner.build/DerivedSources
    export PROJECT_DIR=/Users/jose/src/work/hydracamv2/ios
    export PROJECT_FILE_PATH=/Users/jose/src/work/hydracamv2/ios/Runner.xcodeproj
    export PROJECT_NAME=Runner
    export PROJECT_TEMP_DIR=/Users/jose/src/work/hydracamv2/build/ios-icon-profile-keepeyeonball-iphone/Build/Intermediates.noindex/Runner.build
    export PROJECT_TEMP_ROOT=/Users/jose/src/work/hydracamv2/build/ios-icon-profile-keepeyeonball-iphone/Build/Intermediates.noindex
    export PROVISIONING_PROFILE=
    export PROVISIONING_PROFILE_DESTINATION_PATH=/Users/jose/src/work/hydracamv2/build/ios-icon-profile-keepeyeonball-iphone/Build/Products/Profile-iphoneos/Runner.app
    export PROVISIONING_PROFILE_REQUIRED=YES
    export PROVISIONING_PROFILE_REQUIRED_YES_YES=YES
    export PROVISIONING_PROFILE_SPECIFIER=
    export PROVISIONING_PROFILE_SUPPORTED=YES
    export PUBLIC_HEADERS_FOLDER_PATH=Runner.app/Headers
    export PWD=/Users/jose/src/work/hydracamv2
    export REALITYASSET_DEPLOYMENT_TARGET=13.0
    export RECURSIVE_SEARCH_PATHS_FOLLOW_SYMLINKS=YES
    export REFERENCEOBJECT_STRIP_USDZ=NO
    export REGISTER_APP_GROUPS=
    export REMOVE_CVS_FROM_RESOURCES=YES
    export REMOVE_GIT_FROM_RESOURCES=YES
    export REMOVE_HEADERS_FROM_EMBEDDED_BUNDLES=YES
    export REMOVE_HEADER_DIRECTORIES=NO
    export REMOVE_HG_FROM_RESOURCES=YES
    export REMOVE_STATIC_EXECUTABLES_FROM_EMBEDDED_BUNDLES=YES
    export REMOVE_SVN_FROM_RESOURCES=YES
    export RESCHEDULE_INDEPENDENT_HEADERS_PHASES=YES
    export RESMERGER_SOURCES_FORK=auto
    export RESOURCES_PLATFORM_NAME=
    export RESOURCES_UI_FRAMEWORK_FAMILY=
    export RESOURCE_RULES_PLIST_PATH=
    export RETAIN_RAW_BINARIES=
    export REZ_COLLECTOR_DIR=/Users/jose/src/work/hydracamv2/build/ios-icon-profile-keepeyeonball-iphone/Build/Intermediates.noindex/Runner.build/Profile-iphoneos/Runner.build/ResourceManagerResources
    export REZ_EXECUTABLE=
    export REZ_OBJECTS_DIR=/Users/jose/src/work/hydracamv2/build/ios-icon-profile-keepeyeonball-iphone/Build/Intermediates.noindex/Runner.build/Profile-iphoneos/Runner.build/ResourceManagerResources/Objects
    export REZ_PREFIX_FILE=
    export REZ_PREPROCESSOR_DEFINITIONS=
    export REZ_PREPROCESSOR_UNDEFINITIONS=
    export REZ_RESOLVE_ALIASES=Always
    export REZ_RESOURCE_MAP_READ_ONLY=NO
    export REZ_SCRIPT_TYPE=Roman
    export REZ_SEARCH_PATHS=
    export REZ_SHOW_DEBUG_OUTPUT=NO
    export REZ_SUPPRESS_REDECLARED_RESOURCE_TYPE_WARNINGS=NO
    export RUNTIME_EXCEPTION_ALLOW_DYLD_ENVIRONMENT_VARIABLES=NO
    export RUNTIME_EXCEPTION_ALLOW_JIT=NO
    export RUNTIME_EXCEPTION_ALLOW_UNSIGNED_EXECUTABLE_MEMORY=NO
    export RUNTIME_EXCEPTION_DEBUGGING_TOOL=NO
    export RUNTIME_EXCEPTION_DISABLE_EXECUTABLE_PAGE_PROTECTION=NO
    export RUNTIME_EXCEPTION_DISABLE_LIBRARY_VALIDATION=NO
    export RUN_CLANG_STATIC_ANALYZER=YES
    export RUN_DESTINATION_DEVICE_ECID=2929653534883870
    export RUN_DESTINATION_DEVICE_MODEL=iPhone13,3
    export RUN_DESTINATION_DEVICE_NAME="José Ramón’s iPhone"
    export RUN_DESTINATION_DEVICE_OS_VERSION=26.5
    export RUN_DESTINATION_DEVICE_PLATFORM_IDENTIFIER=com.apple.platform.iphoneos
    export RUN_DESTINATION_DEVICE_PLATFORM_NAME=iphoneos
    export RUN_DESTINATION_DEVICE_UDID=00008101-000A68811E43001E
    export RUN_DESTINATION_DEVICE_UUID=AB1E2F45-61B1-5FBD-972A-940EA7EC8B0A
    export RUN_DOCUMENTATION_COMPILER=NO
    export RUST_LOG=warn
    export RemoveFile=
    export SCAN_ALL_SOURCE_FILES_FOR_INCLUDES=NO
    export SCENEKIT_DEPLOYMENT_TARGET=13.0
    export SCHEME_ACTION_NAME="Run Prepare Flutter Framework Script"
    export SCHEME_NAME=Runner
    export SCRIPTS_FOLDER_PATH=Runner.app/Scripts
    export SDKDB_TO_SYMGRAPH_EXEC=/Applications/Xcode.app/Contents/Developer/../SharedFrameworks/CoreDocumentation.framework/Resources/sdkdb_to_symgraph
    export SDKROOT=iphoneos26.5
    export SDK_DIR=/Applications/Xcode.app/Contents/Developer/Platforms/iPhoneOS.platform/Developer/SDKs/iPhoneOS26.5.sdk
    export SDK_DIR_iphoneos26_5=/Applications/Xcode.app/Contents/Developer/Platforms/iPhoneOS.platform/Developer/SDKs/iPhoneOS26.5.sdk
    export SDK_NAME=iphoneos26.5
    export SDK_NAMES=iphoneos26.5
    export SDK_PRODUCT_BUILD_VERSION=23F73
    export SDK_STAT_CACHE_ENABLE=YES
    export SDK_STAT_CACHE_VERBOSE_LOGGING=NO
    export SDK_VERSION=26.5
    export SDK_VERSION_ACTUAL=260500
    export SDK_VERSION_MAJOR=260000
    export SDK_VERSION_MINOR=260500
    export SECTORDER_FLAGS=
    export SED=/usr/bin/sed
    export SEPARATE_STRIP=NO
    export SEPARATE_SYMBOL_EDIT=NO
    export SETTING_DefaultValue_NO_NO=NO
    export SETTING_DefaultValue_NO_YES=YES
    export SETTING_DefaultValue_YES_NO=YES
    export SETTING_DefaultValue_YES_YES=YES
    export SETTING_DefaultValue__=NO
    export SET_DIR_MODE_OWNER_GROUP=YES
    export SET_FILE_MODE_OWNER_GROUP=NO
    export SHALLOW_BUNDLE=YES
    export SHALLOW_BUNDLE_PLATFORM=
    export SHALLOW_BUNDLE_TRIPLE=ios
    export SHALLOW_BUNDLE_ios_macabi=NO
    export SHALLOW_BUNDLE_macos=NO
    export SHARED_DERIVED_FILE_DIR=/Users/jose/src/work/hydracamv2/build/ios-icon-profile-keepeyeonball-iphone/Build/Products/Profile-iphoneos/DerivedSources
    export SHARED_FRAMEWORKS_FOLDER_PATH=Runner.app/SharedFrameworks
    export SHARED_PRECOMPS_DIR=/Users/jose/src/work/hydracamv2/build/ios-icon-profile-keepeyeonball-iphone/Build/Intermediates.noindex/PrecompiledHeaders
    export SHARED_SUPPORT_FOLDER_PATH=Runner.app/SharedSupport
    export SHELL=/bin/zsh
    export SHLVL=2
    export SKIP_INSTALL=NO
    export SKIP_MERGEABLE_LIBRARY_BUNDLE_HOOK=NO
    export SOURCE_ROOT=/Users/jose/src/work/hydracamv2/ios
    export SRCROOT=/Users/jose/src/work/hydracamv2/ios
    export SSH_AUTH_SOCK=/var/run/com.apple.launchd.p4PwkDhMLA/Listeners
    export STORYBOARD_COMPILER_INFOPLIST_CONTENT_FILE=/Users/jose/src/work/hydracamv2/build/ios-icon-profile-keepeyeonball-iphone/Build/Intermediates.noindex/Runner.build/Profile-iphoneos/Runner.build/-SBPartialInfo.plist
    export STRINGSDATA_DIR=/undefined_arch
    export STRINGSDATA_ROOT=/Users/jose/src/work/hydracamv2/build/ios-icon-profile-keepeyeonball-iphone/Build/Intermediates.noindex/Runner.build/Profile-iphoneos/Runner.build
    export STRINGS_FILE_INFOPLIST_RENAME=YES
    export STRINGS_FILE_INPUT_ENCODING=
    export STRINGS_FILE_OUTPUT_ENCODING=binary
    export STRINGS_FILE_OUTPUT_FILENAME=
    export STRING_CATALOG_GENERATE_SYMBOLS=NO
    export STRIPFLAGS=
    export STRIP_BITCODE_FROM_COPIED_FILES=YES
    export STRIP_DETERMINISTIC_MODE=YES
    export STRIP_INSTALLED_PRODUCT=YES
    export STRIP_PNG_TEXT=YES
    export STRIP_STYLE=all
    export STRIP_SWIFT_SYMBOLS=YES
    export SUPPORTED_DEVICE_FAMILIES=1,2
    export SUPPORTED_PLATFORMS=iphoneos
    export SUPPORTS_MACCATALYST=NO
    export SUPPORTS_MAC_DESIGNED_FOR_IPHONE_IPAD=YES
    export SUPPORTS_ON_DEMAND_RESOURCES=YES
    export SUPPORTS_TEXT_BASED_API=NO
    export SUPPORTS_XR_DESIGNED_FOR_IPHONE_IPAD=YES
    export SUPPRESS_WARNINGS=NO
    export SWIFTC_ALTERNATE_LINKER=
    export SWIFTC_CLANG_COVERAGE_MAPPING_LINKER_ARGS=NO
    export SWIFTC_LD_DYLIB_INSTALL_NAME=
    export SWIFTC_LD_EXPORT_GLOBAL_SYMBOLS=NO
    export SWIFTC_LD_SUPPRESS_WARNINGS=NO
    export SWIFTC_LD_THREAD_SANITIZER=
    export SWIFTC_LINK_WITH_STANDARD_LIBRARIES=YES
    export SWIFTC_MACH_O_TYPE=mh_execute
    export SWIFTC_PASS_SDKROOT=YES
    export SWIFTC_RESOURCE_DIR=
    export SWIFTC_SDKROOT_LINKER_INPUT=iphoneos26.5
    export SWIFTC_SYSTEM_FRAMEWORK_SEARCH_PATHS=
    export SWIFTC__INPUT_FILE_LIST_PATH__=
    export SWIFT_ACTIVE_COMPILATION_CONDITIONS=
    export SWIFT_ADDITIONAL_LINKER_ARGS_OUTPUT_PATH=/Runner-linker-args.resp
    export SWIFT_ADDRESS_SANITIZER=
    export SWIFT_ADDRESS_SANITIZER_ALLOW_ERROR_RECOVERY=
    export SWIFT_ALLOW_INSTALL_OBJC_HEADER=YES
    export SWIFT_API_DIGESTER_MODE=abi
    export SWIFT_APPROACHABLE_CONCURRENCY=NO
    export SWIFT_AUTOLINK_EXTRACT_OUTPUT_PATH=/Runner-swiftbuild.autolink
    export SWIFT_BRIDGING_HEADER_IS_INTERNAL=NO
    export SWIFT_CLANG_CXX_LANGUAGE_STANDARD=objc-gnu++0x
    export SWIFT_CLANG_CXX_STANDARD_LIBRARY_HARDENING=
    export SWIFT_COHORT_ARCHS=
    export SWIFT_COMPILATION_MODE=singlefile
    export SWIFT_CROSS_MODULE_OPTIMIZATION=NO
    export SWIFT_DEBUG_INFORMATION_FORMAT=dwarf-with-dsym
    export SWIFT_DEBUG_INFORMATION_VERSION=compiler-default
    export SWIFT_DEFAULT_ACTOR_ISOLATION=nonisolated
    export SWIFT_DEPLOYMENT_TARGET=13.0
    export SWIFT_DISABLE_SAFETY_CHECKS=NO
    export SWIFT_EAGER_MODULE_EMISSION_IN_WMO=YES
    export SWIFT_EMIT_LOC_STRINGS=NO
    export SWIFT_EMIT_MODULE_INTERFACE=NO
    export SWIFT_ENABLE_APP_EXTENSION=NO
    export SWIFT_ENABLE_BARE_SLASH_REGEX=YES
    export SWIFT_ENABLE_BATCH_MODE=YES
    export SWIFT_ENABLE_COMPILE_CACHE=
    export SWIFT_ENABLE_EMIT_CONST_VALUES=YES
    export SWIFT_ENABLE_EXPLICIT_MODULES=
    export SWIFT_ENABLE_INCREMENTAL_COMPILATION=YES
    export SWIFT_ENABLE_LAYOUT_STRING_VALUE_WITNESSES=NO
    export SWIFT_ENABLE_LIBRARY_EVOLUTION=NO
    export SWIFT_ENABLE_OPAQUE_TYPE_ERASURE=NO
    export SWIFT_ENABLE_PREFIX_MAPPING=
    export SWIFT_ENABLE_TESTABILITY=NO
    export SWIFT_ENFORCE_EXCLUSIVE_ACCESS=default
    export SWIFT_EXEC=swiftc
    export SWIFT_EXPERIMENTAL_FEATURE_DEBUG_DESCRIPTION_MACRO=YES
    export SWIFT_GENERATE_ADDITIONAL_LINKER_ARGS=
    export SWIFT_INDEX_STORE_COMPRESS=NO
    export SWIFT_INDEX_STORE_ENABLE=YES
    export SWIFT_INDEX_STORE_ONLY_PROJECT_FILES=NO
    export SWIFT_INDEX_STORE_PATH=/Users/jose/src/work/hydracamv2/build/ios-icon-profile-keepeyeonball-iphone/Index.noindex/DataStore
    export SWIFT_INSTALL_MODULE=YES
    export SWIFT_INSTALL_MODULE_ABI_DESCRIPTOR=YES
    export SWIFT_INSTALL_OBJC_HEADER=YES
    export SWIFT_LIBFUZZER=
    export SWIFT_LIBRARIES_ONLY=NO
    export SWIFT_LIBRARY_PATH=
    export SWIFT_LINK_OBJC_RUNTIME=
    export SWIFT_LTO=NO
    export SWIFT_MODULES_AUTOLINK=YES
    export SWIFT_MODULE_ALIASES=
    export SWIFT_MODULE_NAME=Runner
    export SWIFT_OBJC_BRIDGING_HEADER=Runner/Runner-Bridging-Header.h
    export SWIFT_OBJC_INTERFACE_HEADER_NAME=Runner-Swift.h
    export SWIFT_OBJC_INTEROP_MODE=objc
    export SWIFT_OMIT_FRAME_POINTERS=compiler-default
    export SWIFT_OPTIMIZATION_LEVEL=-O
    export SWIFT_OTHER_PREFIX_MAPPINGS=
    export SWIFT_OVERLOAD_PREBUILT_MODULE_CACHE_PATH=
    export SWIFT_PACKAGE_NAME=
    export SWIFT_PLATFORM_TARGET_PREFIX=ios
    export SWIFT_PRECOMPILE_BRIDGING_HEADER=YES
    export SWIFT_REFLECTION_METADATA_LEVEL=all
    export SWIFT_RESOURCE_DIR=
    export SWIFT_RESPONSE_FILE_PATH=
    export SWIFT_SERIALIZE_DEBUGGING_OPTIONS=YES
    export SWIFT_SKIP_AUTOLINKING_ALL_FRAMEWORKS=NO
    export SWIFT_STDLIB=swiftCore
    export SWIFT_STDLIB_TOOL_ACTION=
    export SWIFT_STDLIB_TOOL_CODE_SIGN_IDENTITY=
    export SWIFT_STDLIB_TOOL_DESTINATION_DIR=/Users/jose/src/work/hydracamv2/build/ios-icon-profile-keepeyeonball-iphone/Build/Products/Profile-iphoneos/Runner.app/Frameworks
    export SWIFT_STDLIB_TOOL_EXECUTABLE_TO_SCAN=
    export SWIFT_STDLIB_TOOL_FOLDERS_TO_SCAN=
    export SWIFT_STDLIB_TOOL_KEYCHAIN=
    export SWIFT_STDLIB_TOOL_OTHER_CODE_SIGN_FLAGS=
    export SWIFT_STDLIB_TOOL_SOURCE_LIBRARIES=
    export SWIFT_STDLIB_TOOL_STRIP_BITCODE=YES
    export SWIFT_STDLIB_TOOL_TOOLCHAINS=/Applications/Xcode.app/Contents/Developer/Toolchains/XcodeDefault.xctoolchain
    export SWIFT_STDLIB_TOOL_UNSIGNED_DESTINATION_DIR=
    export SWIFT_STDLIB_TOOL_VERBOSITY=verbose
    export SWIFT_STRICT_CONCURRENCY=minimal
    export SWIFT_STRICT_CONCURRENCY_DEFAULT=minimal
    export SWIFT_STRICT_CONCURRENCY_IN_SWIFT_VERSION_6_0=complete
    export SWIFT_STRICT_MEMORY_SAFETY=NO
    export SWIFT_SUPPRESS_WARNINGS=NO
    export SWIFT_SYSTEM_INCLUDE_PATHS=
    export SWIFT_TARGET_TRIPLE=undefined_arch-apple-ios13.0
    export SWIFT_THREAD_SANITIZER=
    export SWIFT_TREAT_WARNINGS_AS_ERRORS=NO
    export SWIFT_UPCOMING_FEATURE_6_0=NO
    export SWIFT_UPCOMING_FEATURE_CONCISE_MAGIC_FILE=NO
    export SWIFT_UPCOMING_FEATURE_DEPRECATE_APPLICATION_MAIN=NO
    export SWIFT_UPCOMING_FEATURE_DISABLE_OUTWARD_ACTOR_ISOLATION=NO
    export SWIFT_UPCOMING_FEATURE_DYNAMIC_ACTOR_ISOLATION=NO
    export SWIFT_UPCOMING_FEATURE_EXISTENTIAL_ANY=No
    export SWIFT_UPCOMING_FEATURE_FORWARD_TRAILING_CLOSURES=NO
    export SWIFT_UPCOMING_FEATURE_GLOBAL_ACTOR_ISOLATED_TYPES_USABILITY=NO
    export SWIFT_UPCOMING_FEATURE_GLOBAL_CONCURRENCY=NO
    export SWIFT_UPCOMING_FEATURE_IMPLICIT_OPEN_EXISTENTIALS=NO
    export SWIFT_UPCOMING_FEATURE_IMPORT_OBJC_FORWARD_DECLS=NO
    export SWIFT_UPCOMING_FEATURE_INFER_ISOLATED_CONFORMANCES=NO
    export SWIFT_UPCOMING_FEATURE_INFER_SENDABLE_FROM_CAPTURES=NO
    export SWIFT_UPCOMING_FEATURE_INTERNAL_IMPORTS_BY_DEFAULT=NO
    export SWIFT_UPCOMING_FEATURE_ISOLATED_DEFAULT_VALUES=NO
    export SWIFT_UPCOMING_FEATURE_MEMBER_IMPORT_VISIBILITY=NO
    export SWIFT_UPCOMING_FEATURE_NONFROZEN_ENUM_EXHAUSTIVITY=NO
    export SWIFT_UPCOMING_FEATURE_NONISOLATED_NONSENDING_BY_DEFAULT=NO
    export SWIFT_UPCOMING_FEATURE_REGION_BASED_ISOLATION=NO
    export SWIFT_USE_PARALLEL_WHOLE_MODULE_OPTIMIZATION=YES
    export SWIFT_USE_PARALLEL_WMO_TARGETS=YES
    export SWIFT_VALIDATE_CLANG_MODULES_ONCE_PER_BUILD_SESSION=YES
    export SWIFT_VERSION=5.0
    export SWIFT_WARNINGS_AS_ERRORS_GROUPS=
    export SWIFT_WARNINGS_AS_WARNINGS_GROUPS=
    export SWIFT_WHOLE_MODULE_OPTIMIZATION=NO
    export SYMBOL_GRAPH_EXTRACTOR_EXEC=swift-symbolgraph-extract
    export SYMBOL_GRAPH_EXTRACTOR_MODULE_CACHE_PATH=/Users/jose/src/work/hydracamv2/build/ios-icon-profile-keepeyeonball-iphone/ModuleCache.noindex
    export SYMBOL_GRAPH_EXTRACTOR_MODULE_NAME=Runner
    export SYMBOL_GRAPH_EXTRACTOR_OUTPUT_BASE=/Users/jose/src/work/hydracamv2/build/ios-icon-profile-keepeyeonball-iphone/Build/Intermediates.noindex/Runner.build/Profile-iphoneos/Runner.build/symbol-graph
    export SYMBOL_GRAPH_EXTRACTOR_OUTPUT_DIR=/Users/jose/src/work/hydracamv2/build/ios-icon-profile-keepeyeonball-iphone/Build/Intermediates.noindex/Runner.build/Profile-iphoneos/Runner.build/symbol-graph/swift/undefined_arch-apple-ios13.0
    export SYMBOL_GRAPH_EXTRACTOR_SDK=iphoneos26.5
    export SYMBOL_GRAPH_EXTRACTOR_SEARCH_PATHS=
    export SYMBOL_GRAPH_EXTRACTOR_SWIFT_VERSION=5.0
    export SYMBOL_GRAPH_EXTRACTOR_TARGET_TRIPLE=undefined_arch-apple-ios13.0
    export SYMBOL_HEADER=
    export SYMROOT=/Users/jose/src/work/hydracamv2/build/ios-icon-profile-keepeyeonball-iphone/Build/Products
    export SYSTEM_ADMIN_APPS_DIR=/Applications/Utilities
    export SYSTEM_APPS_DIR=/Applications
    export SYSTEM_CORE_SERVICES_DIR=/System/Library/CoreServices
    export SYSTEM_DEMOS_DIR=/Applications/Extras
    export SYSTEM_DEVELOPER_APPS_DIR=/Applications/Xcode.app/Contents/Developer/Applications
    export SYSTEM_DEVELOPER_BIN_DIR=/Applications/Xcode.app/Contents/Developer/usr/bin
    export SYSTEM_DEVELOPER_DEMOS_DIR="/Applications/Xcode.app/Contents/Developer/Applications/Utilities/Built Examples"
    export SYSTEM_DEVELOPER_DIR=/Applications/Xcode.app/Contents/Developer
    export SYSTEM_DEVELOPER_DOC_DIR="/Applications/Xcode.app/Contents/Developer/ADC Reference Library"
    export SYSTEM_DEVELOPER_EXECUTABLES_DIR=
    export SYSTEM_DEVELOPER_GRAPHICS_TOOLS_DIR="/Applications/Xcode.app/Contents/Developer/Applications/Graphics Tools"
    export SYSTEM_DEVELOPER_JAVA_TOOLS_DIR="/Applications/Xcode.app/Contents/Developer/Applications/Java Tools"
    export SYSTEM_DEVELOPER_PERFORMANCE_TOOLS_DIR="/Applications/Xcode.app/Contents/Developer/Applications/Performance Tools"
    export SYSTEM_DEVELOPER_RELEASENOTES_DIR="/Applications/Xcode.app/Contents/Developer/ADC Reference Library/releasenotes"
    export SYSTEM_DEVELOPER_TOOLS=/Applications/Xcode.app/Contents/Developer/Tools
    export SYSTEM_DEVELOPER_TOOLS_DOC_DIR="/Applications/Xcode.app/Contents/Developer/ADC Reference Library/documentation/DeveloperTools"
    export SYSTEM_DEVELOPER_TOOLS_RELEASENOTES_DIR="/Applications/Xcode.app/Contents/Developer/ADC Reference Library/releasenotes/DeveloperTools"
    export SYSTEM_DEVELOPER_USR_DIR=/Applications/Xcode.app/Contents/Developer/usr
    export SYSTEM_DEVELOPER_UTILITIES_DIR=/Applications/Xcode.app/Contents/Developer/Applications/Utilities
    export SYSTEM_DEXT_INSTALL_PATH=/System/Library/DriverExtensions
    export SYSTEM_DOCUMENTATION_DIR=/Library/Documentation
    export SYSTEM_EXTENSIONS_FOLDER_PATH=Runner.app/SystemExtensions
    export SYSTEM_EXTENSIONS_FOLDER_PATH_SHALLOW_BUNDLE_NO=Runner.app/Library/SystemExtensions
    export SYSTEM_EXTENSIONS_FOLDER_PATH_SHALLOW_BUNDLE_YES=Runner.app/SystemExtensions
    export SYSTEM_FRAMEWORK_SEARCH_PATHS=
    export SYSTEM_HEADER_SEARCH_PATHS=
    export SYSTEM_KEXT_INSTALL_PATH=/System/Library/Extensions
    export SYSTEM_LIBRARY_DIR=/System/Library
    export SYSTEM_LIBRARY_EXECUTABLES_DIR=
    export ShallowBundle=YES
    export SigningCert=
    export SkipEmbeddedFrameworksValidation=
    export TAPI_APPLICATION_EXTENSION_API_ONLY=NO
    export TAPI_DEMANGLE=YES
    export TAPI_DYLIB_ALLOWABLE_CLIENTS=
    export TAPI_DYLIB_COMPATIBILITY_VERSION=
    export TAPI_DYLIB_CURRENT_VERSION=
    export TAPI_DYLIB_INSTALL_NAME=
    export TAPI_EMIT_PROFILING_SYMBOLS=YES
    export TAPI_ENABLE_MODULES=NO
    export TAPI_ENABLE_PROJECT_HEADERS=NO
    export TAPI_ENABLE_VERIFICATION_MODE=YES
    export TAPI_EXCLUDE_PRIVATE_HEADERS=
    export TAPI_EXCLUDE_PROJECT_HEADERS=
    export TAPI_EXCLUDE_PUBLIC_HEADERS=
    export TAPI_EXEC=tapi
    export TAPI_EXTRACT_API_ENABLE_MODULES=YES
    export TAPI_EXTRACT_API_ENABLE_OBJC_ARC=YES
    export TAPI_EXTRACT_API_MODULE_CACHE_PATH=/Users/jose/src/work/hydracamv2/build/ios-icon-profile-keepeyeonball-iphone/ModuleCache.noindex
    export TAPI_EXTRACT_API_OUTPUT_DIR=/Users/jose/src/work/hydracamv2/build/ios-icon-profile-keepeyeonball-iphone/Build/Intermediates.noindex/Runner.build/Profile-iphoneos/Runner.build/symbol-graph/clang/undefined_arch-apple-ios13.0
    export TAPI_EXTRACT_API_SDKDB_OUTPUT_PATH=/Users/jose/src/work/hydracamv2/build/ios-icon-profile-keepeyeonball-iphone/Build/Intermediates.noindex/Runner.build/Profile-iphoneos/Runner.build/symbol-graph/clang/undefined_arch-apple-ios13.0/Runner.sdkdb
    export TAPI_EXTRACT_API_SEARCH_PATHS=
    export TAPI_EXTRACT_API_SYSTEM_ROOT=iphoneos26.5
    export TAPI_EXTRACT_API_TARGET_TRIPLE=undefined_arch-apple-ios13.0
    export TAPI_EXTRA_PRIVATE_HEADERS=
    export TAPI_EXTRA_PROJECT_HEADERS=
    export TAPI_EXTRA_PUBLIC_HEADERS=
    export TAPI_FRAMEWORK_SEARCH_PATHS=" \"/Users/jose/src/work/hydracamv2/build/ios-icon-profile-keepeyeonball-iphone/Build/Products/Profile-iphoneos/disk_space_plus\" \"/Users/jose/src/work/hydracamv2/build/ios-icon-profile-keepeyeonball-iphone/Build/Products/Profile-iphoneos/permission_handler_apple\" \"/Users/jose/src/work/hydracamv2/build/ios-icon-profile-keepeyeonball-iphone/Build/Products/Profile-iphoneos/photo_manager\""
    export TAPI_HEADER_SEARCH_PATHS=" \"/Users/jose/src/work/hydracamv2/build/ios-icon-profile-keepeyeonball-iphone/Build/Products/Profile-iphoneos/disk_space_plus/disk_space_plus.framework/Headers\" \"/Users/jose/src/work/hydracamv2/build/ios-icon-profile-keepeyeonball-iphone/Build/Products/Profile-iphoneos/permission_handler_apple/permission_handler_apple.framework/Headers\" \"/Users/jose/src/work/hydracamv2/build/ios-icon-profile-keepeyeonball-iphone/Build/Products/Profile-iphoneos/photo_manager/photo_manager.framework/Headers\""
    export TAPI_LANGUAGE=objective-c
    export TAPI_LANGUAGE_STANDARD=compiler-default
    export TAPI_LIBRARY_SEARCH_PATHS=" \"/Applications/Xcode.app/Contents/Developer/Toolchains/XcodeDefault.xctoolchain/usr/lib/swift/iphoneos\" /usr/lib/swift"
    export TAPI_MODULES_VALIDATE_SYSTEM_HEADERS=NO
    export TAPI_MODULE_CACHE_PATH=/Users/jose/src/work/hydracamv2/build/ios-icon-profile-keepeyeonball-iphone/ModuleCache.noindex
    export TAPI_PREPROCESSOR_DEFINITIONS=" COCOAPODS=1 "
    export TAPI_PRODUCT_TYPE=com.apple.product-type.application
    export TAPI_READ_DSYM=YES
    export TAPI_REEXPORTED_FRAMEWORK_INSTALL_NAMES=
    export TAPI_REEXPORTED_FRAMEWORK_NAMES=
    export TAPI_REEXPORTED_LIBRARY_INSTALL_NAMES=
    export TAPI_REEXPORTED_LIBRARY_NAMES=
    export TAPI_REEXPORTED_LIBRARY_PATHS=
    export TAPI_RUNPATH_SEARCH_PATHS=" /usr/lib/swift '@executable_path/Frameworks' '@loader_path/Frameworks' @executable_path/Frameworks"
    export TAPI_SHARED_CACHE_ELIGIBLE=Automatic
    export TAPI_SYSTEM_FRAMEWORK_SEARCH_PATHS=
    export TAPI_SYSTEM_HEADER_SEARCH_PATHS=
    export TAPI_TARGET_TRIPLE_ARCHS=arm64
    export TAPI_USE_SRCROOT=YES
    export TAPI_VERIFY_AGAINST=
    export TAPI_VERIFY_MODE=Pedantic
    export TARGETED_DEVICE_FAMILY=1,2
    export TARGETNAME=Runner
    export TARGET_BUILD_DIR=/Users/jose/src/work/hydracamv2/build/ios-icon-profile-keepeyeonball-iphone/Build/Products/Profile-iphoneos
    export TARGET_BUILD_SUBPATH=
    export TARGET_DEVICE_IDENTIFIER=00008101-000A68811E43001E
    export TARGET_DEVICE_MODEL=iPhone13,3
    export TARGET_DEVICE_OS_VERSION=26.5
    export TARGET_DEVICE_PLATFORM_NAME=iphoneos
    export TARGET_NAME=Runner
    export TARGET_TEMP_DIR=/Users/jose/src/work/hydracamv2/build/ios-icon-profile-keepeyeonball-iphone/Build/Intermediates.noindex/Runner.build/Profile-iphoneos/Runner.build
    export TEMP_DIR=/Users/jose/src/work/hydracamv2/build/ios-icon-profile-keepeyeonball-iphone/Build/Intermediates.noindex/Runner.build/Profile-iphoneos/Runner.build
    export TEMP_FILES_DIR=/Users/jose/src/work/hydracamv2/build/ios-icon-profile-keepeyeonball-iphone/Build/Intermediates.noindex/Runner.build/Profile-iphoneos/Runner.build
    export TEMP_FILE_DIR=/Users/jose/src/work/hydracamv2/build/ios-icon-profile-keepeyeonball-iphone/Build/Intermediates.noindex/Runner.build/Profile-iphoneos/Runner.build
    export TEMP_ROOT=/Users/jose/src/work/hydracamv2/build/ios-icon-profile-keepeyeonball-iphone/Build/Intermediates.noindex
    export TEMP_SANDBOX_DIR=/Users/jose/src/work/hydracamv2/build/ios-icon-profile-keepeyeonball-iphone/Build/Intermediates.noindex/TemporaryTaskSandboxes
    export TERM=dumb
    export TEST_FRAMEWORK_SEARCH_PATHS=" /Applications/Xcode.app/Contents/Developer/Platforms/iPhoneOS.platform/Developer/Library/Frameworks iphoneos26.5/Developer/Library/Frameworks"
    export TEST_HOST=
    export TEST_LIBRARY_SEARCH_PATHS=" /Applications/Xcode.app/Contents/Developer/Platforms/iPhoneOS.platform/Developer/usr/lib"
    export TEXTURE_ATLAS_ENABLE_WARNINGS=Yes
    export TEXTURE_ATLAS_FORMAT=RGBA8888_PNG
    export TEXTURE_ATLAS_MAXIMUM_SIZE=2048x2048
    export TMPDIR=/var/folders/6s/dp27g8gn26j9mp36sjfxb9tw0000gn/T/
    export TOOLCHAINS=
    export TOOLCHAIN_DIR=/Applications/Xcode.app/Contents/Developer/Toolchains/XcodeDefault.xctoolchain
    export TRACK_WIDGET_CREATION=false
    export TREAT_MISSING_BASELINES_AS_TEST_FAILURES=NO
    export TREAT_MISSING_SCRIPT_PHASE_OUTPUTS_AS_ERRORS=NO
    export TREE_SHAKE_ICONS=true
    export TVOS_DEPLOYMENT_TARGET=15.6
    export UID=501
    export UNEXPORTED_SYMBOLS_FILE=
    export UNINSTALLED_PRODUCTS_DIR=/Users/jose/src/work/hydracamv2/build/ios-icon-profile-keepeyeonball-iphone/Build/Intermediates.noindex/UninstalledProducts
    export UNLOCALIZED_RESOURCES_FOLDER_PATH=Runner.app
    export UNLOCALIZED_RESOURCES_FOLDER_PATH_SHALLOW_BUNDLE_NO=Runner.app/Resources
    export UNLOCALIZED_RESOURCES_FOLDER_PATH_SHALLOW_BUNDLE_YES=Runner.app
    export UNSTRIPPED_PRODUCT=NO
    export USER=jose
    export USER_APPS_DIR=/Users/jose/Applications
    export USER_LIBRARY_DIR=/Users/jose/Library
    export USE_DYNAMIC_NO_PIC=YES
    export USE_GCC3_PFE_SUPPORT=
    export USE_HEADERMAP=YES
    export USE_HEADER_SYMLINKS=NO
    export USE_RECURSIVE_SCRIPT_INPUTS_IN_SCRIPT_PHASES=YES
    export USE_SDK_TOOLCHAINS=YES
    export VALIDATE_PLIST_FILES_WHILE_COPYING=NO
    export VALIDATE_PRODUCT=YES
    export VALIDATE_STRINGS_FILES_WHILE_COPYING=YES
    export VALID_ARCHS="arm64e arm64"
    export VERBOSE_PBXCP=NO
    export VERSIONING_STUB=
    export VERSIONING_SYSTEM=apple-generic
    export VERSIONPLIST_PATH=Runner.app/version.plist
    export VERSIONS_FOLDER_PATH=
    export VERSION_INFO_BUILDER=jose
    export VERSION_INFO_EXPORT_DECL=
    export VERSION_INFO_FILE=Runner_vers.c
    export VERSION_INFO_PREFIX=
    export VERSION_INFO_STRING="\"@(#)PROGRAM:Runner  PROJECT:Runner-16\""
    export VERSION_INFO_SUFFIX=
    export ValidateForStore=YES
    export WARNING_CFLAGS=
    export WATCHOS_DEPLOYMENT_TARGET=8.7
    export WATCH_BUILT_PRODUCTS_DIR=/Users/jose/src/work/hydracamv2/build/ios-icon-profile-keepeyeonball-iphone/Build/Products/Profile-watchos
    export WORKSPACE_PATH=/Users/jose/src/work/hydracamv2/ios/Runner.xcworkspace
    export WRAPPER_EXTENSION=app
    export WRAPPER_NAME=Runner.app
    export WRAPPER_PREFIX=
    export WRAPPER_SUFFIX=.app
    export WRAP_ASSET_PACKS_IN_SEPARATE_DIRECTORIES=NO
    export XCODE_APP_SUPPORT_DIR=/Applications/Xcode.app/Contents/Developer/Library/Xcode
    export XCODE_DEVELOPER_DIR_PATH=
    export XCODE_PRODUCT_BUILD_VERSION=17F42
    export XCODE_VERSION_ACTUAL=2650
    export XCODE_VERSION_MAJOR=2600
    export XCODE_VERSION_MINOR=2650
    export XCSTRINGS_FORCE_BUILD_ALL_STRINGS=NO
    export XCSTRINGS_LANGUAGES_TO_COMPILE=
    export XIB_COMPILER_INFOPLIST_CONTENT_FILE=/Users/jose/src/work/hydracamv2/build/ios-icon-profile-keepeyeonball-iphone/Build/Intermediates.noindex/Runner.build/Profile-iphoneos/Runner.build/-PartialInfo.plist
    export XPCSERVICES_FOLDER_PATH=Runner.app/XPCServices
    export XPC_FLAGS=0x0
    export XPC_SERVICE_NAME=0
    export XROS_DEPLOYMENT_TARGET=1.3
    export YACC=yacc
    export YACCFLAGS=
    export YACC_GENERATED_FILE_STEM=Standard
    export YACC_GENERATE_DEBUGGING_DIRECTIVES=NO
    export YACC_INSERT_LINE_DIRECTIVES=YES
    export ZSH=/Users/jose/.oh-my-zsh
    export ZSH_TMUX_AUTOSTART=false
    export ZSH_TMUX_AUTOSTARTED=true
    export _=/usr/bin/xcodebuild
    export _CLANG_ENABLE_TYPED_ALLOCATOR_SUPPORT_DEFAULT=compiler-default
    export _CLANG_ENABLE_TYPED_ALLOCATOR_SUPPORT_DEFAULT_ENHANCED_SECURITY_NO=compiler-default
    export _CLANG_ENABLE_TYPED_ALLOCATOR_SUPPORT_DEFAULT_ENHANCED_SECURITY_YES=YES
    export _CLANG_TRIVIAL_AUTO_VAR_INIT_DEFAULT=default
    export _CLANG_TRIVIAL_AUTO_VAR_INIT_DEFAULT_ENABLE_ZERO_INIT_NO=default
    export _CLANG_TRIVIAL_AUTO_VAR_INIT_DEFAULT_ENABLE_ZERO_INIT_YES=zero
    export _DISCOVER_COMMAND_LINE_LINKER_INPUTS=YES
    export _DISCOVER_COMMAND_LINE_LINKER_INPUTS_INCLUDE_WL=YES
    export _LD_MULTIARCH=YES
    export _PREFIXED_SWIFT_VERSION=_5.0
    export _REZ_PREFIX_FILE=/Users/jose/src/work/hydracamv2/ios/
    export _UNSAFE_BUFFER_USAGE_DEFAULT=DEFAULT
    export _UNSAFE_BUFFER_USAGE_DEFAULT_ENABLE_SAFE_BUFFERS_NO=DEFAULT
    export _UNSAFE_BUFFER_USAGE_DEFAULT_ENABLE_SAFE_BUFFERS_YES=YES_ERROR
    export _WRAPPER_CONTENTS_DIR=
    export _WRAPPER_CONTENTS_DIR_SHALLOW_BUNDLE_NO=/Contents
    export _WRAPPER_PARENT_PATH=
    export _WRAPPER_PARENT_PATH_SHALLOW_BUNDLE_NO=/..
    export _WRAPPER_RESOURCES_DIR=
    export _WRAPPER_RESOURCES_DIR_SHALLOW_BUNDLE_NO=/Resources
    export __CFBundleIdentifier=com.openai.codex
    export __CF_USER_TEXT_ENCODING="0x1F5:0x0:0x0"
    export __CLANG_ANALYZER_DIVIDE_BY_ZERO_NO_SILENCE_STRING=core.DivideZero
    export __CLANG_ANALYZER_DIVIDE_BY_ZERO_YES_SILENCE_STRING=.
    export __CLANG_ANALYZER_NULL_DEREFERENCE_NO_SILENCE_STRING=core.NullDereference
    export __CLANG_ANALYZER_NULL_DEREFERENCE_YES_SILENCE_STRING=.
    export __CLANG_ANALYZER_SILENCE_CHECKERS=YES
    export __CLANG_ANALYZER_SILENCE_CHECKERS_LIST=".;."
    export __CPP_PREFIX_HEADER=
    export __CREATE_INFOPLIST_SECTION_IN_BINARY=NO
    export __DIAGNOSE_DEPRECATED_ARCHS=YES
    export __ENHANCED_SECURITY_OR_BOUNDS_SAFE_BUFFERS=NO
    export __ENHANCED_SECURITY_OR_BOUNDS_SAFE_BUFFERS_NO_NO=NO
    export __ENHANCED_SECURITY_OR_BOUNDS_SAFE_BUFFERS_NO_YES=YES
    export __ENHANCED_SECURITY_OR_BOUNDS_SAFE_BUFFERS_YES_NO=YES
    export __ENHANCED_SECURITY_OR_BOUNDS_SAFE_BUFFERS_YES_YES=YES
    export __IIG_DEPLOYMENT_TARGET__=13.0
    export __IIG_FRAMEWORK_NAME__=com.apple.product-type.application
    export __INPUT_FILE_LIST_PATH__=
    export __IS_NOT_MACOS=YES
    export __IS_NOT_MACOS_macosx=NO
    export __IS_NOT_SIMULATOR=YES
    export __IS_NOT_SIMULATOR_simulator=NO
    export __LIBRARY_HARDENING_DEFAULT_VALUE=
    export __LIBRARY_HARDENING_DEFAULT_VALUE_OPT_LEVEL_0_ENHANCED_SECURITY_OR_BOUNDS_SAFE_BUFFERS_NO=debug
    export __LIBRARY_HARDENING_DEFAULT_VALUE_OPT_LEVEL_0_ENHANCED_SECURITY_OR_BOUNDS_SAFE_BUFFERS_YES=debug
    export __LIBRARY_HARDENING_DEFAULT_VALUE_OPT_LEVEL_1_ENHANCED_SECURITY_OR_BOUNDS_SAFE_BUFFERS_YES=fast
    export __LIBRARY_HARDENING_DEFAULT_VALUE_OPT_LEVEL_2_ENHANCED_SECURITY_OR_BOUNDS_SAFE_BUFFERS_YES=fast
    export __LIBRARY_HARDENING_DEFAULT_VALUE_OPT_LEVEL_3_ENHANCED_SECURITY_OR_BOUNDS_SAFE_BUFFERS_YES=fast
    export __LIBRARY_HARDENING_DEFAULT_VALUE_OPT_LEVEL_fast_ENHANCED_SECURITY_OR_BOUNDS_SAFE_BUFFERS_YES=fast
    export __LIBRARY_HARDENING_DEFAULT_VALUE_OPT_LEVEL_s_ENHANCED_SECURITY_OR_BOUNDS_SAFE_BUFFERS_YES=fast
    export __LIBRARY_HARDENING_DEFAULT_VALUE_OPT_LEVEL_z_ENHANCED_SECURITY_OR_BOUNDS_SAFE_BUFFERS_YES=fast
    export __OTHER_IIG_CFLAGS__=YES
    export __SWIFT_ENFORCE_EXCLUSIVE_ACCESS_DEBUG_ENFORCEMENT_DEBUG=YES
    export __SWIFT_ENFORCE_EXCLUSIVE_ACCESS_DEBUG_ENFORCEMENT_RELEASE=YES
    export __infoplist_absolute__=/Users/jose/src/work/hydracamv2/build/ios-icon-profile-keepeyeonball-iphone/Build/Products/Profile-iphoneos/Runner.app
    export __infoplist_subpath__=Info.plist
    export __no_validate_extension__=YES
    export _exclude_ds_store_files_=
    export _resolve_src_symlinks_=
    export arch=undefined_arch
    export build_file_compiler_flags=
    export diagnostic_message_length=0
    export mig_generate_client_sources=YES
    export mig_generate_server_sources=NO
    export print_note_include_stack=YES
    export variant=normal
    /bin/sh -c /var/folders/6s/dp27g8gn26j9mp36sjfxb9tw0000gn/T/SchemeScriptAction-gCubAs.sh
Warning: unknown environment variable SWIFT_DEBUG_INFORMATION_FORMAT
Warning: unknown environment variable SWIFT_DEBUG_INFORMATION_VERSION
Warning: unknown environment variable SWIFT_DEBUG_INFORMATION_FORMAT
Warning: unknown environment variable SWIFT_DEBUG_INFORMATION_VERSION
Warning: unknown environment variable SWIFT_DEBUG_INFORMATION_FORMAT
Warning: unknown environment variable SWIFT_DEBUG_INFORMATION_VERSION
Warning: unknown environment variable SWIFT_DEBUG_INFORMATION_FORMAT
Warning: unknown environment variable SWIFT_DEBUG_INFORMATION_VERSION

CreateBuildRequest

SendProjectDescription

CreateBuildOperation

** CLEAN SUCCEEDED **

Run pre-actions

SchemeAction Run\ Prepare\ Flutter\ Framework\ Script /var/folders/6s/dp27g8gn26j9mp36sjfxb9tw0000gn/T/SchemeScriptAction-ge19DJ.sh
    cd /var/folders/6s/dp27g8gn26j9mp36sjfxb9tw0000gn/T/
    export ACTION=build
    export ADDITIONAL_SDKS=
    export AD_HOC_CODE_SIGNING_ALLOWED=NO
    export AGGREGATE_TRACKED_DOMAINS=YES
    export ALLOW_BUILD_REQUEST_OVERRIDES=NO
    export ALLOW_TARGET_PLATFORM_SPECIALIZATION=NO
    export ALL_OTHER_LDFLAGS="   -ObjC -framework \"PhotosUI\" -framework \"disk_space_plus\" -framework \"permission_handler_apple\" -framework \"photo_manager\"    "
    export ALL_OTHER_LIBTOOLFLAGS="    "
    export ALTERNATE_GROUP=staff
    export ALTERNATE_LINKER=
    export ALTERNATE_MODE=u+w,go-w,a+rX
    export ALTERNATE_OWNER=jose
    export ALTERNATE_PERMISSIONS_FILES=
    export ALTERNATIVE_DISTRIBUTION_WEB=NO
    export ALWAYS_EMBED_SWIFT_STANDARD_LIBRARIES=YES
    export ALWAYS_SEARCH_USER_PATHS=NO
    export ALWAYS_USE_SEPARATE_HEADERMAPS=NO
    export ANDROID_HOME=/Users/jose/Library/Android/sdk
    export APPLE_INTERNAL_DEVELOPER_DIR=/AppleInternal/Developer
    export APPLE_INTERNAL_DIR=/AppleInternal
    export APPLE_INTERNAL_DOCUMENTATION_DIR=/AppleInternal/Documentation
    export APPLE_INTERNAL_LIBRARY_DIR=/AppleInternal/Library
    export APPLE_INTERNAL_TOOLS=/AppleInternal/Developer/Tools
    export APPLICATION_EXTENSION_API_ONLY=NO
    export APPLY_RULES_IN_COPY_FILES=NO
    export APPLY_RULES_IN_COPY_HEADERS=NO
    export APP_INTENTS_DEPLOYMENT_POSTPROCESSING=NO
    export APP_INTENTS_DEPLOYMENT_TARGET=13.0
    export APP_INTENTS_METADATA_PATH=/Metadata.appintents
    export APP_INTENTS_PLATFORM_FAMILY=
    export APP_PLAYGROUND_ASSET_CATALOG_GENERATOR=appleProductTypesTool
    export APP_PLAYGROUND_GENERATED_ASSET_CATALOG_APPICON_NAME=AppIcon
    export APP_PLAYGROUND_GENERATED_ASSET_CATALOG_FILE=/Users/jose/src/work/hydracamv2/build/ios-icon-profile-keepeyeonball-iphone/Build/Intermediates.noindex/Runner.build/Profile-iphoneos/Runner.build/DerivedSources/AppPlaygroundDefaultAssetCatalog.xcassets
    export APP_PLAYGROUND_GENERATED_ASSET_CATALOG_GLOBAL_ACCENT_COLOR_NAME=
    export APP_PLAYGROUND_GENERATED_ASSET_CATALOG_PLACEHOLDER_APPICON=
    export APP_PLAYGROUND_GENERATED_ASSET_CATALOG_PRESET_ACCENT_COLOR=
    export APP_PLAYGROUND_GENERATE_ASSET_CATALOG=NO
    export APP_SHORTCUTS_ENABLE_FLEXIBLE_MATCHING=YES
    export ARCHS=arm64
    export ARCHS_BASE=arm64
    export ARCHS_STANDARD=arm64
    export ARCHS_STANDARD_32_64_BIT="armv7 arm64"
    export ARCHS_STANDARD_32_BIT=armv7
    export ARCHS_STANDARD_64_BIT=arm64
    export ARCHS_STANDARD_INCLUDING_64_BIT=arm64
    export ARCHS_UNIVERSAL_IPHONE_OS="armv7 arm64"
    export ARC_LINKER_ARG_LINKER_DRIVER=-fobjc-arc
    export ARC_LINKER_ARG_LINKER_DRIVER_clang=-fobjc-arc
    export ARC_LINKER_ARG_LINKER_DRIVER_swiftc=
    export ASSETCATALOG_COMPILER_APPICON_NAME=AppIcon
    export ASSETCATALOG_COMPILER_BUNDLE_IDENTIFIER=com.keepeyeonball
    export ASSETCATALOG_COMPILER_COMPLICATION_NAME=
    export ASSETCATALOG_COMPILER_COMPRESS_PNGS=YES
    export ASSETCATALOG_COMPILER_DEPENDENCY_INFO_FILE=/Users/jose/src/work/hydracamv2/build/ios-icon-profile-keepeyeonball-iphone/Build/Intermediates.noindex/Runner.build/Profile-iphoneos/Runner.build/assetcatalog_dependencies
    export ASSETCATALOG_COMPILER_ENABLE_ON_DEMAND_RESOURCES=YES
    export ASSETCATALOG_COMPILER_FLATTENED_APP_ICON_PATH=
    export ASSETCATALOG_COMPILER_GENERATE_ASSET_SYMBOLS=YES
    export ASSETCATALOG_COMPILER_GENERATE_ASSET_SYMBOL_BACKWARDS_DEPLOYMENT_SUPPORT=
    export ASSETCATALOG_COMPILER_GENERATE_ASSET_SYMBOL_ERRORS=YES
    export ASSETCATALOG_COMPILER_GENERATE_ASSET_SYMBOL_FRAMEWORKS="SwiftUI UIKit AppKit"
    export ASSETCATALOG_COMPILER_GENERATE_ASSET_SYMBOL_INDEX_PATH=/Users/jose/src/work/hydracamv2/build/ios-icon-profile-keepeyeonball-iphone/Build/Intermediates.noindex/Runner.build/Profile-iphoneos/Runner.build/DerivedSources/GeneratedAssetSymbols-Index.plist
    export ASSETCATALOG_COMPILER_GENERATE_ASSET_SYMBOL_WARNINGS=YES
    export ASSETCATALOG_COMPILER_GENERATE_OBJC_ASSET_SYMBOLS_PATH=/Users/jose/src/work/hydracamv2/build/ios-icon-profile-keepeyeonball-iphone/Build/Intermediates.noindex/Runner.build/Profile-iphoneos/Runner.build/DerivedSources/GeneratedAssetSymbols.h
    export ASSETCATALOG_COMPILER_GENERATE_SWIFT_ASSET_SYMBOLS_PATH=/Users/jose/src/work/hydracamv2/build/ios-icon-profile-keepeyeonball-iphone/Build/Intermediates.noindex/Runner.build/Profile-iphoneos/Runner.build/DerivedSources/GeneratedAssetSymbols.swift
    export ASSETCATALOG_COMPILER_GENERATE_SWIFT_ASSET_SYMBOL_EXTENSIONS=YES
    export ASSETCATALOG_COMPILER_GLOBAL_ACCENT_COLOR_NAME=
    export ASSETCATALOG_COMPILER_INCLUDED_LANGUAGES=
    export ASSETCATALOG_COMPILER_INCLUDE_ALL_APPICON_ASSETS=NO
    export ASSETCATALOG_COMPILER_INCLUDE_INFOPLIST_LOCALIZATIONS=YES
    export ASSETCATALOG_COMPILER_INCLUDE_STICKER_CONTENT=NO
    export ASSETCATALOG_COMPILER_INFOPLIST_CONTENT_FILE=/Users/jose/src/work/hydracamv2/build/ios-icon-profile-keepeyeonball-iphone/Build/Intermediates.noindex/Runner.build/Profile-iphoneos/Runner.build/assetcatalog_generated_info.plist
    export ASSETCATALOG_COMPILER_LAUNCHIMAGE_NAME=
    export ASSETCATALOG_COMPILER_LEADERBOARD_IDENTIFIER_PREFIX=
    export ASSETCATALOG_COMPILER_LEADERBOARD_SET_IDENTIFIER_PREFIX=
    export ASSETCATALOG_COMPILER_OPTIMIZATION=
    export ASSETCATALOG_COMPILER_OUTPUT_DIR=
    export ASSETCATALOG_COMPILER_SKIP_APP_STORE_DEPLOYMENT=
    export ASSETCATALOG_COMPILER_STANDALONE_ICON_BEHAVIOR=default
    export ASSETCATALOG_COMPILER_STICKER_PACK_IDENTIFIER_PREFIX=
    export ASSETCATALOG_COMPILER_STICKER_PACK_STRINGS=
    export ASSETCATALOG_COMPILER_TARGET_STICKERS_ICON_ROLE=
    export ASSETCATALOG_COMPILER_WIDGET_BACKGROUND_COLOR_NAME=
    export ASSETCATALOG_EXEC=actool
    export ASSETCATALOG_FILTER_FOR_DEVICE_MODEL=iPhone13,3
    export ASSETCATALOG_FILTER_FOR_DEVICE_OS_VERSION=26.5
    export ASSETCATALOG_FILTER_FOR_THINNING_DEVICE_CONFIGURATION=iPhone13,3
    export ASSETCATALOG_LIGHTWEIGHT_ASSET_RUNTIME_MODE=default
    export ASSETCATALOG_NOTICES=YES
    export ASSETCATALOG_OTHER_FLAGS=
    export ASSETCATALOG_OUTPUT_FORMAT=human-readable-text
    export ASSETCATALOG_WARNINGS=YES
    export ASSET_PACK_MANIFEST_URL_PREFIX=
    export AUTOMATICALLY_MERGE_DEPENDENCIES=NO
    export AUTOMATION_APPLE_EVENTS=NO
    export AVAILABLE_PLATFORMS="appletvos appletvsimulator driverkit iphoneos iphonesimulator macosx watchos watchsimulator xros xrsimulator"
    export AdditionalInfoFileKeys=
    export AdditionalInfoFileValues=
    export BUILD_ACTIVE_RESOURCES_ONLY=YES
    export BUILD_COMPONENTS=
    export BUILD_DIR=/Users/jose/src/work/hydracamv2/build/ios-icon-profile-keepeyeonball-iphone/Build/Products
    export BUILD_LIBRARY_FOR_DISTRIBUTION=NO
    export BUILD_ONLY_KNOWN_LOCALIZATIONS=NO
    export BUILD_ROOT=/Users/jose/src/work/hydracamv2/build/ios-icon-profile-keepeyeonball-iphone/Build/Products
    export BUILD_STYLE=Profile
    export BUILD_VARIANTS=normal
    export BUILT_PRODUCTS_DIR=/Users/jose/src/work/hydracamv2/build/ios-icon-profile-keepeyeonball-iphone/Build/Products/Profile-iphoneos
    export BUNDLE_CONTENTS_FOLDER_PATH=
    export BUNDLE_CONTENTS_FOLDER_PATH_deep=Contents/
    export BUNDLE_EXECUTABLE_FOLDER_NAME_deep=MacOS
    export BUNDLE_EXECUTABLE_FOLDER_PATH=
    export BUNDLE_EXTENSIONS_FOLDER_PATH=Extensions
    export BUNDLE_FORMAT=shallow
    export BUNDLE_FRAMEWORKS_FOLDER_PATH=Frameworks
    export BUNDLE_LOADER=
    export BUNDLE_PLUGINS_FOLDER_PATH=PlugIns
    export BUNDLE_PRIVATE_HEADERS_FOLDER_PATH=PrivateHeaders
    export BUNDLE_PUBLIC_HEADERS_FOLDER_PATH=Headers
    export CACHE_ROOT=/var/folders/6s/dp27g8gn26j9mp36sjfxb9tw0000gn/C/com.apple.DeveloperTools/26.5-17F42/Xcode
    export CC=
    export CCHROOT=/var/folders/6s/dp27g8gn26j9mp36sjfxb9tw0000gn/C/com.apple.DeveloperTools/26.5-17F42/Xcode
    export CHMOD=/bin/chmod
    export CHOWN=chown
    export CLANG_ADDRESS_SANITIZER=
    export CLANG_ADDRESS_SANITIZER_ALLOW_ERROR_RECOVERY=
    export CLANG_ADDRESS_SANITIZER_CONTAINER_OVERFLOW=NO
    export CLANG_ADDRESS_SANITIZER_USE_AFTER_SCOPE=NO
    export CLANG_ALLOW_NON_MODULAR_INCLUDES_IN_FRAMEWORK_MODULES=NO
    export CLANG_ALTERNATE_LINKER=
    export CLANG_ANALYZER_DEADCODE_DEADSTORES=YES
    export CLANG_ANALYZER_DEFINES=-D__clang_analyzer__
    export CLANG_ANALYZER_DIVIDE_BY_ZERO=YES
    export CLANG_ANALYZER_EXEC=clang
    export CLANG_ANALYZER_GCD=YES
    export CLANG_ANALYZER_GCD_PERFORMANCE=NO
    export CLANG_ANALYZER_LIBKERN_RETAIN_COUNT=YES
    export CLANG_ANALYZER_LOCALIZABILITY_EMPTY_CONTEXT=NO
    export CLANG_ANALYZER_LOCALIZABILITY_NONLOCALIZED=NO
    export CLANG_ANALYZER_MALLOC=YES
    export CLANG_ANALYZER_MEMORY_MANAGEMENT=YES
    export CLANG_ANALYZER_MIG_CONVENTIONS=YES
    export CLANG_ANALYZER_NONNULL=YES
    export CLANG_ANALYZER_NULL_DEREFERENCE=YES
    export CLANG_ANALYZER_NUMBER_OBJECT_CONVERSION=YES
    export CLANG_ANALYZER_OBJC_ATSYNC=YES
    export CLANG_ANALYZER_OBJC_COLLECTIONS=YES
    export CLANG_ANALYZER_OBJC_DEALLOC=YES
    export CLANG_ANALYZER_OBJC_GENERICS=YES
    export CLANG_ANALYZER_OBJC_INCOMP_METHOD_TYPES=YES
    export CLANG_ANALYZER_OBJC_NSCFERROR=YES
    export CLANG_ANALYZER_OBJC_RETAIN_COUNT=YES
    export CLANG_ANALYZER_OBJC_SELF_INIT=YES
    export CLANG_ANALYZER_OBJC_UNUSED_IVARS=YES
    export CLANG_ANALYZER_OSOBJECT_C_STYLE_CAST=NO
    export CLANG_ANALYZER_OUTPUT=plist-multi-file
    export CLANG_ANALYZER_OUTPUT_DIR=/Users/jose/src/work/hydracamv2/build/ios-icon-profile-keepeyeonball-iphone/Build/Intermediates.noindex/Runner.build/Profile-iphoneos/Runner.build
    export CLANG_ANALYZER_REPORT_MAIN_SOURCE_FILE=YES
    export CLANG_ANALYZER_SECURITY_BUFFER_OVERFLOW_EXPERIMENTAL=NO
    export CLANG_ANALYZER_SECURITY_FLOATLOOPCOUNTER=NO
    export CLANG_ANALYZER_SECURITY_INSECUREAPI_GETPW_GETS=YES
    export CLANG_ANALYZER_SECURITY_INSECUREAPI_MKSTEMP=YES
    export CLANG_ANALYZER_SECURITY_INSECUREAPI_RAND=NO
    export CLANG_ANALYZER_SECURITY_INSECUREAPI_STRCPY=NO
    export CLANG_ANALYZER_SECURITY_INSECUREAPI_UNCHECKEDRETURN=YES
    export CLANG_ANALYZER_SECURITY_INSECUREAPI_VFORK=YES
    export CLANG_ANALYZER_SECURITY_KEYCHAIN_API=YES
    export CLANG_ANALYZER_USE_AFTER_MOVE=YES_AGGRESSIVE
    export CLANG_BOUNDS_SAFETY_BRINGUP_MISSING_CHECKS=default
    export CLANG_BOUNDS_SAFETY_BRINGUP_MISSING_CHECKS_OPT_OUTS=
    export CLANG_CLANG_COVERAGE_MAPPING_LINKER_ARGS=NO
    export CLANG_COHORT_ARCHS=
    export CLANG_COLOR_DIAGNOSTICS=NO
    export CLANG_COVERAGE_MAPPING=NO
    export CLANG_COVERAGE_MAPPING_LINKER_ARGS=NO
    export CLANG_CXX_LANGUAGE_STANDARD=gnu++0x
    export CLANG_CXX_LIBRARY=libc++
    export CLANG_CXX_STANDARD_LIBRARY_HARDENING=
    export CLANG_DEBUG_INFORMATION_LEVEL=default
    export CLANG_DEBUG_MODULES=YES
    export CLANG_DIAGNOSTICS_FILE=/Users/jose/src/work/hydracamv2/build/ios-icon-profile-keepeyeonball-iphone/Build/Intermediates.noindex/Runner.build/Profile-iphoneos/Runner.build/Metal/.dia
    export CLANG_DISABLE_CXX_MODULES=YES
    export CLANG_ENABLE_APP_EXTENSION=NO
    export CLANG_ENABLE_BOUNDS_ATTRIBUTES=NO
    export CLANG_ENABLE_BOUNDS_SAFETY=NO
    export CLANG_ENABLE_CODE_COVERAGE=YES
    export CLANG_ENABLE_COMPILE_CACHE=
    export CLANG_ENABLE_CPLUSPLUS_TYPED_ALLOCATOR_SUPPORT=compiler-default
    export CLANG_ENABLE_CPP_STATIC_DESTRUCTORS=YES
    export CLANG_ENABLE_C_TYPED_ALLOCATOR_SUPPORT=compiler-default
    export CLANG_ENABLE_EXPLICIT_MODULES=YES
    export CLANG_ENABLE_MODULES=YES
    export CLANG_ENABLE_MODULE_DEBUGGING=YES
    export CLANG_ENABLE_MODULE_IMPLEMENTATION_OF=YES
    export CLANG_ENABLE_OBJC_ARC=YES
    export CLANG_ENABLE_OBJC_ARC_EXCEPTIONS=NO
    export CLANG_ENABLE_OBJC_WEAK=NO
    export CLANG_ENABLE_PREFIX_MAPPING=
    export CLANG_ENABLE_SECURITY_COMPILER_WARNINGS=NO
    export CLANG_ENABLE_STACK_ZERO_INIT=NO
    export CLANG_INDEX_STORE_COMPRESS=NO
    export CLANG_INDEX_STORE_ENABLE=YES
    export CLANG_INDEX_STORE_IGNORE_MACROS=NO
    export CLANG_INDEX_STORE_ONLY_PROJECT_FILES=NO
    export CLANG_INDEX_STORE_PATH=/Users/jose/src/work/hydracamv2/build/ios-icon-profile-keepeyeonball-iphone/Index.noindex/DataStore
    export CLANG_INSTRUMENT_FOR_OPTIMIZATION_PROFILING=NO
    export CLANG_LD_DYLIB_INSTALL_NAME=
    export CLANG_LD_EXPORT_GLOBAL_SYMBOLS=NO
    export CLANG_LD_SUPPRESS_WARNINGS=NO
    export CLANG_LD_THREAD_SANITIZER=
    export CLANG_LIBFUZZER=
    export CLANG_LINK_OBJC_RUNTIME=
    export CLANG_LINK_WITH_STANDARD_LIBRARIES=YES
    export CLANG_MACH_O_TYPE=mh_execute
    export CLANG_MACRO_BACKTRACE_LIMIT=0
    export CLANG_MODULES_AUTOLINK=YES
    export CLANG_MODULES_BUILD_SESSION_FILE=
    export CLANG_MODULES_DISABLE_PRIVATE_WARNING=NO
    export CLANG_MODULES_ENABLE_VERIFIER_TOOL=NO
    export CLANG_MODULES_IGNORE_MACROS=
    export CLANG_MODULES_PRUNE_AFTER=345600
    export CLANG_MODULES_PRUNE_INTERVAL=86400
    export CLANG_MODULES_VALIDATE_SYSTEM_HEADERS=NO
    export CLANG_MODULES_VERIFIER_VERBOSE_OUTPUT=NO
    export CLANG_MODULE_CACHE_PATH=/Users/jose/src/work/hydracamv2/build/ios-icon-profile-keepeyeonball-iphone/ModuleCache.noindex
    export CLANG_MODULE_LSV=NO
    export CLANG_OMIT_FRAME_POINTERS=compiler-default
    export CLANG_OPTIMIZATION_PROFILE_FILE=/Users/jose/src/work/hydracamv2/ios/OptimizationProfiles/Runner.profdata
    export CLANG_OTHER_PREFIX_MAPPINGS=
    export CLANG_RESOURCE_DIR_CLANG=
    export CLANG_RESOURCE_DIR_SWIFTC=
    export CLANG_RETAIN_COMMENTS_FROM_SYSTEM_HEADERS=NO
    export CLANG_SANITIZER_COVERAGE=
    export CLANG_SDKROOT_LINKER_INPUT=iphoneos26.5
    export CLANG_STATIC_ANALYZER_MODE=shallow
    export CLANG_STATIC_ANALYZER_MODE_ACTION_deep=
    export CLANG_STATIC_ANALYZER_MODE_ACTION_shallow=Shallow
    export CLANG_STATIC_ANALYZER_MODE_ON_ANALYZE_ACTION=deep
    export CLANG_SYSTEM_FRAMEWORK_SEARCH_PATHS=
    export CLANG_TARGET_TRIPLE_ARCHS=undefined_arch
    export CLANG_THREAD_SANITIZER=
    export CLANG_TIDY_BUGPRONE_ASSERT_SIDE_EFFECT=YES
    export CLANG_TIDY_BUGPRONE_INFINITE_LOOP=YES
    export CLANG_TIDY_BUGPRONE_MOVE_FORWARDING_REFERENCE=YES
    export CLANG_TIDY_BUGPRONE_REDUNDANT_BRANCH_CONDITION=NO
    export CLANG_TIDY_MISC_REDUNDANT_EXPRESSION=NO
    export CLANG_TRIVIAL_AUTO_VAR_INIT=default
    export CLANG_UNDEFINED_BEHAVIOR_SANITIZER=
    export CLANG_UNDEFINED_BEHAVIOR_SANITIZER_INTEGER=NO
    export CLANG_UNDEFINED_BEHAVIOR_SANITIZER_NULLABILITY=NO
    export CLANG_UNDEFINED_BEHAVIOR_SANITIZER_TRAP_ON_SECURITY_ISSUES=NO
    export CLANG_UNDEFINED_BEHAVIOR_SANITIZER_TRAP_ON_SECURITY_ISSUES_OPT=YES
    export CLANG_USE_OPTIMIZATION_PROFILE=NO
    export CLANG_USE_RESPONSE_FILE=YES
    export CLANG_WARN_ASSIGN_ENUM=NO
    export CLANG_WARN_ATOMIC_IMPLICIT_SEQ_CST=NO
    export CLANG_WARN_BLOCK_CAPTURE_AUTORELEASING=YES
    export CLANG_WARN_BOOL_CONVERSION=YES
    export CLANG_WARN_COMMA=YES
    export CLANG_WARN_COMPLETION_HANDLER_MISUSE=NO
    export CLANG_WARN_CONSTANT_CONVERSION=YES
    export CLANG_WARN_CXX0X_EXTENSIONS=NO
    export CLANG_WARN_DELETE_NON_VIRTUAL_DTOR=YES
    export CLANG_WARN_DEPRECATED_OBJC_IMPLEMENTATIONS=YES
    export CLANG_WARN_DIRECT_OBJC_ISA_USAGE=YES_ERROR
    export CLANG_WARN_DOCUMENTATION_COMMENTS=NO
    export CLANG_WARN_EMPTY_BODY=YES
    export CLANG_WARN_ENUM_CONVERSION=YES
    export CLANG_WARN_FLOAT_CONVERSION=NO
    export CLANG_WARN_FRAMEWORK_INCLUDE_PRIVATE_FROM_PUBLIC=NO
    export CLANG_WARN_IMPLICIT_FALLTHROUGH=NO
    export CLANG_WARN_IMPLICIT_SIGN_CONVERSION=NO
    export CLANG_WARN_INFINITE_RECURSION=YES
    export CLANG_WARN_INT_CONVERSION=YES
    export CLANG_WARN_MISSING_NOESCAPE=YES
    export CLANG_WARN_NON_LITERAL_NULL_CONVERSION=YES
    export CLANG_WARN_NULLABLE_TO_NONNULL_CONVERSION=NO
    export CLANG_WARN_OBJC_EXPLICIT_OWNERSHIP_TYPE=NO
    export CLANG_WARN_OBJC_IMPLICIT_ATOMIC_PROPERTIES=NO
    export CLANG_WARN_OBJC_IMPLICIT_RETAIN_SELF=YES
    export CLANG_WARN_OBJC_INTERFACE_IVARS=NO
    export CLANG_WARN_OBJC_LITERAL_CONVERSION=YES
    export CLANG_WARN_OBJC_MISSING_PROPERTY_SYNTHESIS=NO
    export CLANG_WARN_OBJC_REPEATED_USE_OF_WEAK=NO
    export CLANG_WARN_OBJC_ROOT_CLASS=YES_ERROR
    export CLANG_WARN_PRAGMA_PACK=YES
    export CLANG_WARN_PRIVATE_MODULE=YES
    export CLANG_WARN_QUOTED_INCLUDE_IN_FRAMEWORK_HEADER=NO
    export CLANG_WARN_RANGE_LOOP_ANALYSIS=YES
    export CLANG_WARN_SEMICOLON_BEFORE_METHOD_BODY=NO
    export CLANG_WARN_STRICT_PROTOTYPES=YES
    export CLANG_WARN_SUSPICIOUS_IMPLICIT_CONVERSION=NO
    export CLANG_WARN_SUSPICIOUS_MOVE=YES
    export CLANG_WARN_UNGUARDED_AVAILABILITY=YES
    export CLANG_WARN_UNREACHABLE_CODE=YES
    export CLANG_WARN_UNSAFE_BUFFER_USAGE=DEFAULT
    export CLANG_WARN_VEXING_PARSE=YES
    export CLANG_WARN_XNU_TYPED_ALLOCATORS=DEFAULT
    export CLANG_WARN__ARC_BRIDGE_CAST_NONARC=YES
    export CLANG_WARN__DUPLICATE_METHOD_MATCH=YES
    export CLANG_WARN__EXIT_TIME_DESTRUCTORS=NO
    export CLANG_X86_VECTOR_INSTRUCTIONS=default
    export CLANG__INPUT_FILE_LIST_PATH__=
    export CLASS_FILE_DIR=/Users/jose/src/work/hydracamv2/build/ios-icon-profile-keepeyeonball-iphone/Build/Intermediates.noindex/Runner.build/Profile-iphoneos/Runner.build/JavaClasses
    export CLEAN_PRECOMPS=YES
    export CLONE_HEADERS=NO
    export COCOAPODS_PARALLEL_CODE_SIGN=true
    export CODESIGNING_FOLDER_PATH=/Users/jose/src/work/hydracamv2/build/ios-icon-profile-keepeyeonball-iphone/Build/Products/Profile-iphoneos/Runner.app
    export CODEX_CI=1
    export CODEX_INTERNAL_ORIGINATOR_OVERRIDE="Codex Desktop"
    export CODEX_SHELL=1
    export CODEX_THREAD_ID=019eaa13-8366-7a61-a196-117eb23dc3bc
    export CODE_SIGNING_ALLOWED=YES
    export CODE_SIGNING_REQUIRED=YES
    export CODE_SIGN_CONTEXT_CLASS=XCiPhoneOSCodeSignContext
    export CODE_SIGN_ENTITLEMENTS=
    export CODE_SIGN_IDENTITY="iPhone Developer"
    export CODE_SIGN_INJECT_BASE_ENTITLEMENTS=YES
    export CODE_SIGN_KEYCHAIN=
    export CODE_SIGN_LOCAL_EXECUTION_IDENTITY=
    export CODE_SIGN_RESOURCE_RULES_IN_BUNDLE=
    export CODE_SIGN_STYLE=Automatic
    export COHORT_ARCHS=
    export COHORT_BASE_ARCH=
    export COLORTERM=
    export COLOR_DIAGNOSTICS=NO
    export COMBINE_HIDPI_IMAGES=NO
    export COMMAND_MODE=unix2003
    export COMPILATION_CACHE_ENABLE_CACHING=
    export COMPILATION_CACHE_ENABLE_DIAGNOSTIC_REMARKS=
    export COMPILER_INDEX_STORE_ENABLE=Default
    export COMPOSITE_SDK_DIRS=/Users/jose/src/work/hydracamv2/build/ios-icon-profile-keepeyeonball-iphone/Build/Intermediates.noindex/CompositeSDKs
    export COMPRESS_PNG_FILES=YES
    export COMPRESS_TIFF_FILES_WHILE_COPYING=NO
    export CONFIGURATION=Profile
    export CONFIGURATION_BUILD_DIR=/Users/jose/src/work/hydracamv2/build/ios-icon-profile-keepeyeonball-iphone/Build/Products/Profile-iphoneos
    export CONFIGURATION_TEMP_DIR=/Users/jose/src/work/hydracamv2/build/ios-icon-profile-keepeyeonball-iphone/Build/Intermediates.noindex/Runner.build/Profile-iphoneos
    export CONTENTS_FOLDER_PATH=Runner.app
    export CONTENTS_FOLDER_PATH_SHALLOW_BUNDLE_NO=Runner.app/Contents
    export CONTENTS_FOLDER_PATH_SHALLOW_BUNDLE_YES=Runner.app
    export COPYING_PRESERVES_HFS_DATA=NO
    export COPY_HEADERS_RUN_UNIFDEF=NO
    export COPY_HEADERS_UNIFDEF_FLAGS=
    export COPY_PHASE_STRIP=NO
    export COREML_CODEGEN_LANGUAGE=Automatic
    export COREML_CODEGEN_SWIFT_GLOBAL_MODULE=NO
    export COREML_CODEGEN_SWIFT_VERSION=5.0
    export COREML_COMPILER_CONTAINER=bundle-resources
    export COREML_COMPILER_INFOPLIST_CONTENT_FILE=/Users/jose/src/work/hydracamv2/build/ios-icon-profile-keepeyeonball-iphone/Build/Intermediates.noindex/Runner.build/Profile-iphoneos/Runner.build/-CoreMLPartialInfo.plist
    export COREML_DEPLOYMENT_TARGET=13.0
    export COREML_DEPLOYMENT_TARGET__NO=13.0
    export COREML_DEPLOYMENT_TARGET__YES=13.0
    export COREML_PLATFORM_NAME=ios
    export COREML_PLATFORM_NAME__NO=ios
    export COREML_PLATFORM_NAME__YES=maccatalyst
    export CORRESPONDING_SIMULATOR_PLATFORM_DIR=/Applications/Xcode.app/Contents/Developer/Platforms/iPhoneSimulator.platform
    export CORRESPONDING_SIMULATOR_PLATFORM_NAME=iphonesimulator
    export CORRESPONDING_SIMULATOR_SDK_DIR=/Applications/Xcode.app/Contents/Developer/Platforms/iPhoneSimulator.platform/Developer/SDKs/iPhoneSimulator26.5.sdk
    export CORRESPONDING_SIMULATOR_SDK_NAME=iphonesimulator26.5
    export CP=/bin/cp
    export CPP_HEADERMAP_FILE=/Users/jose/src/work/hydracamv2/build/ios-icon-profile-keepeyeonball-iphone/Build/Intermediates.noindex/Runner.build/Profile-iphoneos/Runner.build/Runner.hmap
    export CPP_HEADERMAP_FILE_FOR_ALL_NON_FRAMEWORK_TARGET_HEADERS=/Users/jose/src/work/hydracamv2/build/ios-icon-profile-keepeyeonball-iphone/Build/Intermediates.noindex/Runner.build/Profile-iphoneos/Runner.build/Runner-all-non-framework-target-headers.hmap
    export CPP_HEADERMAP_FILE_FOR_ALL_TARGET_HEADERS=/Users/jose/src/work/hydracamv2/build/ios-icon-profile-keepeyeonball-iphone/Build/Intermediates.noindex/Runner.build/Profile-iphoneos/Runner.build/Runner-all-target-headers.hmap
    export CPP_HEADERMAP_FILE_FOR_GENERATED_FILES=/Users/jose/src/work/hydracamv2/build/ios-icon-profile-keepeyeonball-iphone/Build/Intermediates.noindex/Runner.build/Profile-iphoneos/Runner.build/Runner-generated-files.hmap
    export CPP_HEADERMAP_FILE_FOR_OWN_TARGET_HEADERS=/Users/jose/src/work/hydracamv2/build/ios-icon-profile-keepeyeonball-iphone/Build/Intermediates.noindex/Runner.build/Profile-iphoneos/Runner.build/Runner-own-target-headers.hmap
    export CPP_HEADERMAP_FILE_FOR_PROJECT_FILES=/Users/jose/src/work/hydracamv2/build/ios-icon-profile-keepeyeonball-iphone/Build/Intermediates.noindex/Runner.build/Profile-iphoneos/Runner.build/Runner-project-headers.hmap
    export CPP_HEADERMAP_PRODUCT_HEADERS_VFS_FILE=/Users/jose/src/work/hydracamv2/build/ios-icon-profile-keepeyeonball-iphone/Build/Intermediates.noindex/Runner.build/Profile-iphoneos/Runner--VFS-iphoneos/all-product-headers.yaml
    export CPP_HEADER_SYMLINKS_DIR=/Users/jose/src/work/hydracamv2/build/ios-icon-profile-keepeyeonball-iphone/Build/Intermediates.noindex/Runner.build/Profile-iphoneos/Runner.build/Runner.hdrs
    export CREATE_INFOPLIST_SECTION_IN_BINARY=NO
    export CURRENT_ARCH=undefined_arch
    export CURRENT_PROJECT_VERSION=16
    export CURRENT_VARIANT=normal
    export CURRENT_VERSION=
    export C_COMPILER_LAUNCHER=
    export CodeSignEntitlements=
    export CodeSignResourceRules=
    export DART_DEFINES=SFlEUkFDQU1fQVVUT01BVElPTj10cnVl,SFlEUkFDQU1fQVVUT01BVElPTl9QT1JUPTQ3NjI=,RkxVVFRFUl9WRVJTSU9OPTMuNDQuMQ==,RkxVVFRFUl9DSEFOTkVMPXN0YWJsZQ==,RkxVVFRFUl9HSVRfVVJMPWh0dHBzOi8vZ2l0aHViLmNvbS9mbHV0dGVyL2ZsdXR0ZXIuZ2l0,RkxVVFRFUl9GUkFNRVdPUktfUkVWSVNJT049OTI0MTM0YTQ0Yw==,RkxVVFRFUl9FTkdJTkVfUkVWSVNJT049YzQxNmFjZmViOA==,RkxVVFRFUl9EQVJUX1ZFUlNJT049My4xMi4x
    export DART_OBFUSCATION=false
    export DEAD_CODE_STRIPPING=YES
    export DEBUGGING_SYMBOLS=YES
    export DEBUG_INFORMATION_FORMAT=dwarf-with-dsym
    export DEBUG_INFORMATION_VERSION=compiler-default
    export DEFAULT_COMPILER=com.apple.compilers.llvm.clang.1_0
    export DEFAULT_DEXT_INSTALL_PATH=/System/Library/DriverExtensions
    export DEFAULT_KEXT_INSTALL_PATH=/System/Library/Extensions
    export DEFAULT_SSE_LEVEL_3_NO=default
    export DEFAULT_SSE_LEVEL_3_SUPPLEMENTAL_NO=default
    export DEFAULT_SSE_LEVEL_3_SUPPLEMENTAL_YES=ssse3
    export DEFAULT_SSE_LEVEL_3_YES=sse3
    export DEFAULT_SSE_LEVEL_4_1_NO=default
    export DEFAULT_SSE_LEVEL_4_1_YES=sse4.1
    export DEFAULT_SSE_LEVEL_4_2_NO=default
    export DEFAULT_SSE_LEVEL_4_2_YES=sse4.2
    export DEFINES_MODULE=NO
    export DEPLOYMENT_LOCATION=NO
    export DEPLOYMENT_POSTPROCESSING=NO
    export DEPLOYMENT_TARGET=13.0
    export DEPLOYMENT_TARGET_SETTING_NAME=IPHONEOS_DEPLOYMENT_TARGET
    export DEPLOYMENT_TARGET_SUGGESTED_VALUES="12.0 12.1 12.2 12.3 12.4 13.0 13.1 13.2 13.3 13.4 13.5 13.6 14.0 14.1 14.2 14.3 14.4 14.5 14.6 14.7 15.0 15.1 15.2 15.3 15.4 15.5 15.6 16.0 16.1 16.2 16.3 16.4 16.5 16.6 17.0 17.1 17.2 17.3 17.4 17.5 17.6 18.0 18.1 18.2 18.3 18.4 18.5 18.6 26.0 26.2 26.3 26.4 26.5"
    export DERIVED_DATA_DIR=/Users/jose/src/work/hydracamv2/build/ios-icon-profile-keepeyeonball-iphone
    export DERIVED_DATA_PATH=build/ios-icon-profile-keepeyeonball-iphone
    export DERIVED_FILES_DIR=/Users/jose/src/work/hydracamv2/build/ios-icon-profile-keepeyeonball-iphone/Build/Intermediates.noindex/Runner.build/Profile-iphoneos/Runner.build/DerivedSources
    export DERIVED_FILE_DIR=/Users/jose/src/work/hydracamv2/build/ios-icon-profile-keepeyeonball-iphone/Build/Intermediates.noindex/Runner.build/Profile-iphoneos/Runner.build/DerivedSources
    export DERIVED_PATHS=
    export DERIVED_SOURCES_DIR=/Users/jose/src/work/hydracamv2/build/ios-icon-profile-keepeyeonball-iphone/Build/Intermediates.noindex/Runner.build/Profile-iphoneos/Runner.build/DerivedSources
    export DERIVE_MACCATALYST_PRODUCT_BUNDLE_IDENTIFIER=NO
    export DEVELOPER_APPLICATIONS_DIR=/Applications/Xcode.app/Contents/Developer/Applications
    export DEVELOPER_BIN_DIR=/Applications/Xcode.app/Contents/Developer/usr/bin
    export DEVELOPER_DIR=/Applications/Xcode.app/Contents/Developer
    export DEVELOPER_FRAMEWORKS_DIR=/Applications/Xcode.app/Contents/Developer/Library/Frameworks
    export DEVELOPER_FRAMEWORKS_DIR_QUOTED=/Applications/Xcode.app/Contents/Developer/Library/Frameworks
    export DEVELOPER_LIBRARY_DIR=/Applications/Xcode.app/Contents/Developer/Library
    export DEVELOPER_SDK_DIR=/Applications/Xcode.app/Contents/Developer/Platforms/MacOSX.platform/Developer/SDKs
    export DEVELOPER_TOOLS_DIR=/Applications/Xcode.app/Contents/Developer/Tools
    export DEVELOPER_USR_DIR=/Applications/Xcode.app/Contents/Developer/usr
    export DEVELOPMENT_ASSET_PATHS=
    export DEVELOPMENT_LANGUAGE=en
    export DEVELOPMENT_TEAM=4RRY2QT7H8
    export DEVICE_NAME="José Ramón’s iPhone"
    export DIFF=/usr/bin/diff
    export DISABLE_AUTO_UPDATE=true
    export DOCC_ANALYZE_DIAGNOSTICS=NO
    export DOCC_ARCHIVE_PATH=/Users/jose/src/work/hydracamv2/build/ios-icon-profile-keepeyeonball-iphone/Build/Products/Profile-iphoneos/Runner.doccarchive
    export DOCC_CATALOG_DISPLAY_NAME=Runner
    export DOCC_CATALOG_IDENTIFIER=com.keepeyeonball
    export DOCC_DIAGNOSTICS_FILE=/Users/jose/src/work/hydracamv2/build/ios-icon-profile-keepeyeonball-iphone/Build/Intermediates.noindex/Runner.build/Profile-iphoneos/Runner.build/Runner-diagnostics.json
    export DOCC_EMIT_FIXITS=YES
    export DOCC_ENABLE_CXX_SUPPORT=YES
    export DOCC_EXEC=docc
    export DOCC_EXTRACT_EXTENSION_SYMBOLS=YES
    export DOCC_EXTRACT_OBJC_INFO_FOR_SWIFT_SYMBOLS=NO
    export DOCC_EXTRACT_SPI_DOCUMENTATION=NO
    export DOCC_EXTRACT_SWIFT_INFO_FOR_OBJC_SYMBOLS=NO
    export DOCC_HOSTING_BASE_PATH=
    export DOCC_IDE_CONSOLE_OUTPUT=YES
    export DOCC_MINIMUM_ACCESS_LEVEL=none
    export DOCC_OUTPUT_DIGEST_INFORMATION=NO
    export DOCC_OUTPUT_DIR=/Users/jose/src/work/hydracamv2/build/ios-icon-profile-keepeyeonball-iphone/Build/Products/Profile-iphoneos
    export DOCC_OUTPUT_NAVIGATOR_INDEX=YES
    export DOCC_PRETTY_PRINT=NO
    export DOCC_SKIP_INHERITED_DOCS=NO
    export DOCC_SKIP_SYNTHESIZED_MEMBERS=NO
    export DOCC_TEMPLATE_PATH=
    export DOCC_TRANSFORM_FOR_STATIC_HOSTING=YES
    export DOCUMENTATION_FOLDER_PATH=Runner.app/en.lproj/Documentation
    export DONT_GENERATE_INFOPLIST_FILE=NO
    export DRIVERKIT_DEPLOYMENT_TARGET=20.4
    export DSTROOT=/tmp/Runner.dst
    export DSYMUTIL_DSYM_SEARCH_PATHS=
    export DSYMUTIL_QUIET_OPERATION=NO
    export DSYMUTIL_VARIANT_SUFFIX=
    export DSYMUTIL_VERBOSE=NO
    export DTRACE_OTHER_FLAGS=
    export DTRACE_OUTPUT_FILE_TYPE=Header
    export DT_TOOLCHAIN_DIR=/Applications/Xcode.app/Contents/Developer/Toolchains/XcodeDefault.xctoolchain
    export DUMP_DEPENDENCIES=NO
    export DUMP_DEPENDENCIES_OUTPUT_PATH=/Users/jose/src/work/hydracamv2/build/ios-icon-profile-keepeyeonball-iphone/Build/Intermediates.noindex/Runner.build/Profile-iphoneos/Runner.build/Runner-BuildDependencyInfo.json
    export DWARF_DSYM_FILE_NAME=Runner.app.dSYM
    export DWARF_DSYM_FILE_SHOULD_ACCOMPANY_PRODUCT=NO
    export DWARF_DSYM_FOLDER_PATH=/Users/jose/src/work/hydracamv2/build/ios-icon-profile-keepeyeonball-iphone/Build/Products/Profile-iphoneos
    export DYLIB_COMPATIBILITY_VERSION=
    export DYLIB_CURRENT_VERSION=
    export DYLIB_INSTALL_NAME_BASE=
    export EAGER_COMPILATION_ALLOW_SCRIPTS=NO
    export EAGER_LINKING=NO
    export EFFECTIVE_PLATFORM_NAME=-iphoneos
    export EFFECTIVE_PLATFORM_SUFFIX=os
    export EFFECTIVE_TOOLCHAINS_DIRS=/Applications/Xcode.app/Contents/Developer/Toolchains/XcodeDefault.xctoolchain
    export EMBEDDED_CONTENT_CONTAINS_SWIFT=NO
    export EMBEDDED_PROFILE_NAME=embedded.mobileprovision
    export EMBED_ASSET_PACKS_IN_PRODUCT_BUNDLE=NO
    export ENABLE_APPINTENTS_DEPLOYMENT_AWARE_PROCESSING=YES
    export ENABLE_APPLE_KEXT_CODE_GENERATION=NO
    export ENABLE_APP_SANDBOX=NO
    export ENABLE_ASSISTANT_INTENTS_PROVIDER_VALIDATION=YES
    export ENABLE_BITCODE=NO
    export ENABLE_CODE_COVERAGE=YES
    export ENABLE_COHORT_ARCHS=NO
    export ENABLE_CPLUSPLUS_BOUNDS_SAFE_BUFFERS=NO
    export ENABLE_C_BOUNDS_SAFETY=NO
    export ENABLE_DEBUG_DYLIB=YES
    export ENABLE_DEFAULT_HEADER_SEARCH_PATHS=YES
    export ENABLE_DEFAULT_SEARCH_PATHS=YES
    export ENABLE_ENHANCED_SECURITY=NO
    export ENABLE_FILE_ACCESS_DOWNLOADS_FOLDER=
    export ENABLE_FILE_ACCESS_MOVIES_FOLDER=
    export ENABLE_FILE_ACCESS_MUSIC_FOLDER=
    export ENABLE_FILE_ACCESS_PICTURE_FOLDER=
    export ENABLE_HARDENED_RUNTIME=NO
    export ENABLE_HEADER_DEPENDENCIES=YES
    export ENABLE_INCOMING_NETWORK_CONNECTIONS=NO
    export ENABLE_INCREMENTAL_DISTILL=NO
    export ENABLE_MODULE_VERIFIER=YES
    export ENABLE_NS_ASSERTIONS=NO
    export ENABLE_ONLY_ACTIVE_RESOURCES=YES
    export ENABLE_ON_DEMAND_RESOURCES=YES
    export ENABLE_OUTGOING_NETWORK_CONNECTIONS=NO
    export ENABLE_POINTER_AUTHENTICATION=NO
    export ENABLE_PREVIEWS=
    export ENABLE_RESOURCE_ACCESS_AUDIO_INPUT=NO
    export ENABLE_RESOURCE_ACCESS_BLUETOOTH=NO
    export ENABLE_RESOURCE_ACCESS_CALENDARS=NO
    export ENABLE_RESOURCE_ACCESS_CAMERA=NO
    export ENABLE_RESOURCE_ACCESS_CONTACTS=NO
    export ENABLE_RESOURCE_ACCESS_LOCATION=NO
    export ENABLE_RESOURCE_ACCESS_PHOTO_LIBRARY=NO
    export ENABLE_RESOURCE_ACCESS_PRINTING=NO
    export ENABLE_RESOURCE_ACCESS_USB=NO
    export ENABLE_SDK_IMPORTS=NO
    export ENABLE_SECURITY_COMPILER_WARNINGS=NO
    export ENABLE_STRICT_OBJC_MSGSEND=YES
    export ENABLE_SWIFT_6_UPCOMING_FEATURES_IN_SWIFT_VERSION_6_0=YES
    export ENABLE_SYSTEM_SANITIZERS=
    export ENABLE_TESTABILITY=NO
    export ENABLE_TESTING_SEARCH_PATHS=NO
    export ENABLE_USER_SCRIPT_SANDBOXING=NO
    export ENABLE_USER_SELECTED_FILES=
    export ENFORCE_VALID_ARCHS=YES
    export ENTITLEMENTS_ALLOWED=YES
    export ENTITLEMENTS_DESTINATION=Signature
    export ENTITLEMENTS_REQUIRED=NO
    export EXCLUDED_ARCHS=armv7
    export EXCLUDED_EXPLICIT_TARGET_DEPENDENCIES=
    export EXCLUDED_INSTALLSRC_SUBDIRECTORY_PATTERNS=".DS_Store .svn .git .hg CVS"
    export EXCLUDED_RECURSIVE_SEARCH_PATH_SUBDIRECTORIES="*.nib *.lproj *.framework *.gch *.xcode* *.xcassets *.icon (*) .DS_Store CVS .svn .git .hg *.pbproj *.pbxproj"
    export EXCLUDED_SOURCE_FILE_NAMES=
    export EXECUTABLES_FOLDER_PATH=Runner.app/Executables
    export EXECUTABLE_EXTENSION=
    export EXECUTABLE_FOLDER_PATH=Runner.app
    export EXECUTABLE_FOLDER_PATH_SHALLOW_BUNDLE_NO=Runner.app/MacOS
    export EXECUTABLE_FOLDER_PATH_SHALLOW_BUNDLE_YES=Runner.app
    export EXECUTABLE_NAME=Runner
    export EXECUTABLE_PATH=Runner.app/Runner
    export EXECUTABLE_PREFIX=
    export EXECUTABLE_SUFFIX=
    export EXECUTABLE_VARIANT_SUFFIX=
    export EXPORTED_SYMBOLS_FILE=
    export EXTENSIONS_FOLDER_PATH=Runner.app/Extensions
    export ExpandBuildSettings=
    export FILE_LIST=/Users/jose/src/work/hydracamv2/build/ios-icon-profile-keepeyeonball-iphone/Build/Intermediates.noindex/Runner.build/Profile-iphoneos/Runner.build/Objects/LinkFileList
    export FIXED_FILES_DIR=/Users/jose/src/work/hydracamv2/build/ios-icon-profile-keepeyeonball-iphone/Build/Intermediates.noindex/Runner.build/Profile-iphoneos/Runner.build/FixedFiles
    export FLUTTER_APPLICATION_PATH=/Users/jose/src/work/hydracamv2
    export FLUTTER_BUILD_DIR=build
    export FLUTTER_BUILD_NAME=1.4.0
    export FLUTTER_BUILD_NUMBER=16
    export FLUTTER_FRAMEWORK_SWIFT_PACKAGE_PATH=/Users/jose/src/work/hydracamv2/ios/Flutter/ephemeral/Packages/.packages/FlutterFramework
    export FLUTTER_ROOT=/opt/homebrew/Caskroom/flutter/3.29.3/flutter
    export FLUTTER_TARGET=lib/main.dart
    export FPATH="/Users/jose/.oh-my-zsh/plugins/z:/Users/jose/.oh-my-zsh/plugins/flutter:/Users/jose/.oh-my-zsh/plugins/git:/Users/jose/.oh-my-zsh/functions:/Users/jose/.oh-my-zsh/completions:/Users/jose/.oh-my-zsh/custom/functions:/Users/jose/.oh-my-zsh/custom/completions:/Users/jose/.oh-my-zsh/cache/completions:/opt/homebrew/share/zsh/site-functions:/usr/local/share/zsh/site-functions:/usr/share/zsh/site-functions:/usr/share/zsh/5.9/functions"
    export FRAMEWORKS_FOLDER_PATH=Runner.app/Frameworks
    export FRAMEWORK_FLAG_PREFIX=-framework
    export FRAMEWORK_SEARCH_PATHS=" \"/Users/jose/src/work/hydracamv2/build/ios-icon-profile-keepeyeonball-iphone/Build/Products/Profile-iphoneos/disk_space_plus\" \"/Users/jose/src/work/hydracamv2/build/ios-icon-profile-keepeyeonball-iphone/Build/Products/Profile-iphoneos/permission_handler_apple\" \"/Users/jose/src/work/hydracamv2/build/ios-icon-profile-keepeyeonball-iphone/Build/Products/Profile-iphoneos/photo_manager\""
    export FRAMEWORK_VERSION=A
    export FULL_PRODUCT_NAME=Runner.app
    export FUSE_BUILD_PHASES=YES
    export FUSE_BUILD_SCRIPT_PHASES=NO
    export GCC3_VERSION=3.3
    export GCC_CHAR_IS_UNSIGNED_CHAR=NO
    export GCC_CW_ASM_SYNTAX=YES
    export GCC_C_LANGUAGE_STANDARD=gnu99
    export GCC_DEBUG_INFORMATION_FORMAT=dwarf-with-dsym
    export GCC_DEBUG_INFORMATION_VERSION=compiler-default
    export GCC_DYNAMIC_NO_PIC=NO
    export GCC_ENABLE_ASM_KEYWORD=YES
    export GCC_ENABLE_BUILTIN_FUNCTIONS=YES
    export GCC_ENABLE_CPP_EXCEPTIONS=YES
    export GCC_ENABLE_CPP_RTTI=YES
    export GCC_ENABLE_EXCEPTIONS=NO
    export GCC_ENABLE_FLOATING_POINT_LIBRARY_CALLS=NO
    export GCC_ENABLE_KERNEL_DEVELOPMENT=NO
    export GCC_ENABLE_OBJC_EXCEPTIONS=YES
    export GCC_ENABLE_PASCAL_STRINGS=YES
    export GCC_ENABLE_SSE3_EXTENSIONS=NO
    export GCC_ENABLE_SSE41_EXTENSIONS=NO
    export GCC_ENABLE_SSE42_EXTENSIONS=NO
    export GCC_ENABLE_SUPPLEMENTAL_SSE3_INSTRUCTIONS=NO
    export GCC_ENABLE_TRIGRAPHS=NO
    export GCC_FAST_MATH=NO
    export GCC_GENERATE_DEBUGGING_SYMBOLS=YES
    export GCC_GENERATE_TEST_COVERAGE_FILES=NO
    export GCC_INCREASE_PRECOMPILED_HEADER_SHARING=NO
    export GCC_INLINES_ARE_PRIVATE_EXTERN=YES
    export GCC_INPUT_FILETYPE=automatic
    export GCC_INSTRUMENT_PROGRAM_FLOW_ARCS=NO
    export GCC_LINK_WITH_DYNAMIC_LIBRARIES=YES
    export GCC_NO_COMMON_BLOCKS=YES
    export GCC_OBJC_ABI_VERSION=
    export GCC_OBJC_LEGACY_DISPATCH=NO
    export GCC_OPERATION=compile
    export GCC_OPTIMIZATION_LEVEL=s
    export GCC_PFE_FILE_C_DIALECTS="c objective-c c++ objective-c++"
    export GCC_PRECOMPILE_PREFIX_HEADER=
    export GCC_PREFIX_HEADER=
    export GCC_PREPROCESSOR_DEFINITIONS=" COCOAPODS=1"
    export GCC_PREPROCESSOR_DEFINITIONS_NOT_USED_IN_PRECOMPS=
    export GCC_PRODUCT_TYPE_PREPROCESSOR_DEFINITIONS=
    export GCC_REUSE_STRINGS=YES
    export GCC_SHORT_ENUMS=NO
    export GCC_STRICT_ALIASING=YES
    export GCC_SYMBOLS_PRIVATE_EXTERN=YES
    export GCC_THREADSAFE_STATICS=YES
    export GCC_THUMB_SUPPORT=YES
    export GCC_TREAT_IMPLICIT_FUNCTION_DECLARATIONS_AS_ERRORS=NO
    export GCC_TREAT_INCOMPATIBLE_POINTER_TYPE_WARNINGS_AS_ERRORS=NO
    export GCC_TREAT_WARNINGS_AS_ERRORS=NO
    export GCC_UNROLL_LOOPS=NO
    export GCC_USE_GCC3_PFE_SUPPORT=
    export GCC_USE_STANDARD_INCLUDE_SEARCHING=YES
    export GCC_VERSION=
    export GCC_VERSION_IDENTIFIER=
    export GCC_WARN_64_TO_32_BIT_CONVERSION=YES
    export GCC_WARN_ABOUT_DEPRECATED_FUNCTIONS=YES
    export GCC_WARN_ABOUT_INVALID_OFFSETOF_MACRO=YES
    export GCC_WARN_ABOUT_MISSING_FIELD_INITIALIZERS=NO
    export GCC_WARN_ABOUT_MISSING_NEWLINE=NO
    export GCC_WARN_ABOUT_MISSING_PROTOTYPES=NO
    export GCC_WARN_ABOUT_POINTER_SIGNEDNESS=YES
    export GCC_WARN_ABOUT_RETURN_TYPE=YES_ERROR
    export GCC_WARN_ALLOW_INCOMPLETE_PROTOCOL=YES
    export GCC_WARN_CHECK_SWITCH_STATEMENTS=YES
    export GCC_WARN_FOUR_CHARACTER_CONSTANTS=NO
    export GCC_WARN_HIDDEN_VIRTUAL_FUNCTIONS=NO
    export GCC_WARN_INHIBIT_ALL_WARNINGS=NO
    export GCC_WARN_INITIALIZER_NOT_FULLY_BRACKETED=NO
    export GCC_WARN_MISSING_PARENTHESES=YES
    export GCC_WARN_MULTIPLE_DEFINITION_TYPES_FOR_SELECTOR=NO
    export GCC_WARN_NON_VIRTUAL_DESTRUCTOR=NO
    export GCC_WARN_PEDANTIC=NO
    export GCC_WARN_SHADOW=NO
    export GCC_WARN_SIGN_COMPARE=NO
    export GCC_WARN_STRICT_SELECTOR_MATCH=NO
    export GCC_WARN_TYPECHECK_CALLS_TO_PRINTF=YES
    export GCC_WARN_UNDECLARED_SELECTOR=YES
    export GCC_WARN_UNINITIALIZED_AUTOS=YES_AGGRESSIVE
    export GCC_WARN_UNKNOWN_PRAGMAS=NO
    export GCC_WARN_UNUSED_FUNCTION=YES
    export GCC_WARN_UNUSED_LABEL=NO
    export GCC_WARN_UNUSED_PARAMETER=NO
    export GCC_WARN_UNUSED_VALUE=YES
    export GCC_WARN_UNUSED_VARIABLE=YES
    export GENERATED_MODULEMAP_DIR=/Users/jose/src/work/hydracamv2/build/ios-icon-profile-keepeyeonball-iphone/Build/Intermediates.noindex/GeneratedModuleMaps-iphoneos
    export GENERATE_INFOPLIST_FILE=NO
    export GENERATE_INTERMEDIATE_TEXT_BASED_STUBS=YES
    export GENERATE_PKGINFO_FILE=YES
    export GENERATE_PRELINK_OBJECT_FILE=NO
    export GENERATE_PROFILING_CODE=NO
    export GENERATE_TEXT_BASED_STUBS=NO
    export GH_PAGER=cat
    export GID=20
    export GIT_PAGER=cat
    export GLOBAL_CFLAGS=
    export GROUP=staff
    export GeneratedPkgInfoFile=
    export HEADERMAP_FILE_FORMAT=traditional
    export HEADERMAP_INCLUDES_FLAT_ENTRIES_FOR_TARGET_BEING_BUILT=YES
    export HEADERMAP_INCLUDES_FRAMEWORK_ENTRIES_FOR_ALL_PRODUCT_TYPES=YES
    export HEADERMAP_INCLUDES_FRAMEWORK_ENTRIES_FOR_TARGETS_NOT_BEING_BUILT=YES
    export HEADERMAP_INCLUDES_NONPUBLIC_NONPRIVATE_HEADERS=YES
    export HEADERMAP_INCLUDES_PROJECT_HEADERS=YES
    export HEADERMAP_USES_FRAMEWORK_PREFIX_ENTRIES=YES
    export HEADERMAP_USES_VFS=NO
    export HEADER_DEPENDENCIES=
    export HEADER_SEARCH_PATHS=" \"/Users/jose/src/work/hydracamv2/build/ios-icon-profile-keepeyeonball-iphone/Build/Products/Profile-iphoneos/disk_space_plus/disk_space_plus.framework/Headers\" \"/Users/jose/src/work/hydracamv2/build/ios-icon-profile-keepeyeonball-iphone/Build/Products/Profile-iphoneos/permission_handler_apple/permission_handler_apple.framework/Headers\" \"/Users/jose/src/work/hydracamv2/build/ios-icon-profile-keepeyeonball-iphone/Build/Products/Profile-iphoneos/photo_manager/photo_manager.framework/Headers\""
    export HOME=/Users/jose
    export HOMEBREW_CELLAR=/opt/homebrew/Cellar
    export HOMEBREW_PREFIX=/opt/homebrew
    export HOMEBREW_REPOSITORY=/opt/homebrew
    export HOST_ARCH=arm64e
    export IBC_COMPILATION_MODE_FOR_IOS=
    export IBC_COMPILER_AUTO_ACTIVATE_CUSTOM_FONTS=YES
    export IBC_COMPILER_USE_NIBKEYEDARCHIVER_FOR_MACOS=NO
    export IBC_ERRORS=YES
    export IBC_EXEC=ibtool
    export IBC_FLATTEN_NIBS=YES
    export IBC_MODULE=Runner
    export IBC_NOTICES=YES
    export IBC_OTHER_FLAGS=
    export IBC_OVERRIDING_PLUGINS_AND_FRAMEWORKS_DIR=
    export IBC_PLUGINS=
    export IBC_PLUGIN_SEARCH_PATHS=
    export IBC_REGIONS_AND_STRINGS_FILES=
    export IBC_STRIP_NIBS=YES
    export IBC_WARNINGS=YES
    export IBSC_COMPILATION_MODE_FOR_IOS=
    export IBSC_COMPILER_AUTO_ACTIVATE_CUSTOM_FONTS=YES
    export IBSC_COMPILER_USE_NIBKEYEDARCHIVER_FOR_MACOS=NO
    export IBSC_ERRORS=YES
    export IBSC_FLATTEN_NIBS=YES
    export IBSC_MODULE=Runner
    export IBSC_NOTICES=YES
    export IBSC_OTHER_FLAGS=
    export IBSC_REGIONS_AND_STRINGS_FILES=
    export IBSC_STRIP_NIBS=YES
    export IBSC_WARNINGS=YES
    export ICONV=/usr/bin/iconv
    export IIG_CXX_LANGUAGE_STANDARD=gnu++0x
    export IIG_DERIVED_FILE_DIR=/Users/jose/src/work/hydracamv2/build/ios-icon-profile-keepeyeonball-iphone/Build/Intermediates.noindex/Runner.build/Profile-iphoneos/Runner.build/DerivedSources/Runner
    export IIG_EXEC=iig
    export IIG_FRAMEWORK_NAME=Runner
    export IIG_HEADERS_DIR=/Users/jose/src/work/hydracamv2/build/ios-icon-profile-keepeyeonball-iphone/Build/Intermediates.noindex/Runner.build/Profile-iphoneos/Runner.build/DerivedSources/Runner
    export IIG_IMPLEMENTATION_DIR=/Users/jose/src/work/hydracamv2/build/ios-icon-profile-keepeyeonball-iphone/Build/Intermediates.noindex/Runner.build/Profile-iphoneos/Runner.build/DerivedSources/Runner
    export IIG_PREPROCESSOR_DEFINITIONS=__IIG=1
    export IMPLICIT_DEPENDENCY_DOMAIN=default
    export INCLUDED_EXPLICIT_TARGET_DEPENDENCIES=
    export INCLUDED_RECURSIVE_SEARCH_PATH_SUBDIRECTORIES=
    export INCLUDED_SOURCE_FILE_NAMES=
    export INDEX_DATA_STORE_DIR=/Users/jose/src/work/hydracamv2/build/ios-icon-profile-keepeyeonball-iphone/Index.noindex/DataStore
    export INDEX_ENABLE_DATA_STORE=YES
    export INDEX_PRECOMPS_DIR=/Users/jose/src/work/hydracamv2/build/ios-icon-profile-keepeyeonball-iphone/Index.noindex/PrecompiledHeaders
    export INDEX_STORE_COMPRESS=NO
    export INDEX_STORE_ONLY_PROJECT_FILES=NO
    export INFOPATH="/opt/homebrew/share/info:/opt/homebrew/share/info:"
    export INFOPLIST_ENABLE_CFBUNDLEICONS_MERGE=YES
    export INFOPLIST_EXPAND_BUILD_SETTINGS=YES
    export INFOPLIST_FILE=Runner/Info.plist
    export INFOPLIST_KEY_CFBundleDisplayName=
    export INFOPLIST_KEY_CLKComplicationPrincipalClass=
    export INFOPLIST_KEY_GCSupportsControllerUserInteraction=
    export INFOPLIST_KEY_GCSupportsGameMode=
    export INFOPLIST_KEY_ITSAppUsesNonExemptEncryption=
    export INFOPLIST_KEY_ITSEncryptionExportComplianceCode=
    export INFOPLIST_KEY_LSApplicationCategoryType=
    export INFOPLIST_KEY_LSBackgroundOnly=
    export INFOPLIST_KEY_LSSupportsOpeningDocumentsInPlace=
    export INFOPLIST_KEY_LSUIElement=
    export INFOPLIST_KEY_MetalCaptureEnabled=
    export INFOPLIST_KEY_NFCReaderUsageDescription=
    export INFOPLIST_KEY_NSAccessoryTrackingUsageDescription=
    export INFOPLIST_KEY_NSAppDataUsageDescription=
    export INFOPLIST_KEY_NSAppleEventsUsageDescription=
    export INFOPLIST_KEY_NSAppleMusicUsageDescription=
    export INFOPLIST_KEY_NSBluetoothAlwaysUsageDescription=
    export INFOPLIST_KEY_NSBluetoothPeripheralUsageDescription=
    export INFOPLIST_KEY_NSBluetoothWhileInUseUsageDescription=
    export INFOPLIST_KEY_NSCalendarsFullAccessUsageDescription=
    export INFOPLIST_KEY_NSCalendarsUsageDescription=
    export INFOPLIST_KEY_NSCalendarsWriteOnlyAccessUsageDescription=
    export INFOPLIST_KEY_NSCameraUsageDescription=
    export INFOPLIST_KEY_NSContactsUsageDescription=
    export INFOPLIST_KEY_NSCriticalMessagingUsageDescription=
    export INFOPLIST_KEY_NSDesktopFolderUsageDescription=
    export INFOPLIST_KEY_NSDocumentsFolderUsageDescription=
    export INFOPLIST_KEY_NSDownloadsFolderUsageDescription=
    export INFOPLIST_KEY_NSFaceIDUsageDescription=
    export INFOPLIST_KEY_NSFallDetectionUsageDescription=
    export INFOPLIST_KEY_NSFileProviderDomainUsageDescription=
    export INFOPLIST_KEY_NSFileProviderPresenceUsageDescription=
    export INFOPLIST_KEY_NSFinancialDataUsageDescription=
    export INFOPLIST_KEY_NSFocusStatusUsageDescription=
    export INFOPLIST_KEY_NSGKFriendListUsageDescription=
    export INFOPLIST_KEY_NSHandsTrackingUsageDescription=
    export INFOPLIST_KEY_NSHealthClinicalHealthRecordsShareUsageDescription=
    export INFOPLIST_KEY_NSHealthShareUsageDescription=
    export INFOPLIST_KEY_NSHealthUpdateUsageDescription=
    export INFOPLIST_KEY_NSHomeKitUsageDescription=
    export INFOPLIST_KEY_NSHumanReadableCopyright=
    export INFOPLIST_KEY_NSIdentityUsageDescription=
    export INFOPLIST_KEY_NSLocalNetworkUsageDescription=
    export INFOPLIST_KEY_NSLocationAlwaysAndWhenInUseUsageDescription=
    export INFOPLIST_KEY_NSLocationAlwaysUsageDescription=
    export INFOPLIST_KEY_NSLocationTemporaryUsageDescriptionDictionary=
    export INFOPLIST_KEY_NSLocationUsageDescription=
    export INFOPLIST_KEY_NSLocationWhenInUseUsageDescription=
    export INFOPLIST_KEY_NSMainCameraUsageDescription=
    export INFOPLIST_KEY_NSMainNibFile=
    export INFOPLIST_KEY_NSMainStoryboardFile=
    export INFOPLIST_KEY_NSMicrophoneUsageDescription=
    export INFOPLIST_KEY_NSMotionUsageDescription=
    export INFOPLIST_KEY_NSNearbyInteractionAllowOnceUsageDescription=
    export INFOPLIST_KEY_NSNearbyInteractionUsageDescription=
    export INFOPLIST_KEY_NSNetworkVolumesUsageDescription=
    export INFOPLIST_KEY_NSPhotoLibraryAddUsageDescription=
    export INFOPLIST_KEY_NSPhotoLibraryUsageDescription=
    export INFOPLIST_KEY_NSPrincipalClass=
    export INFOPLIST_KEY_NSRemindersFullAccessUsageDescription=
    export INFOPLIST_KEY_NSRemindersUsageDescription=
    export INFOPLIST_KEY_NSRemovableVolumesUsageDescription=
    export INFOPLIST_KEY_NSSensorKitPrivacyPolicyURL=
    export INFOPLIST_KEY_NSSensorKitUsageDescription=
    export INFOPLIST_KEY_NSSiriUsageDescription=
    export INFOPLIST_KEY_NSSpeechRecognitionUsageDescription=
    export INFOPLIST_KEY_NSStickerSharingLevel=
    export INFOPLIST_KEY_NSSupportsLiveActivities=
    export INFOPLIST_KEY_NSSupportsLiveActivitiesFrequentUpdates=
    export INFOPLIST_KEY_NSSystemAdministrationUsageDescription=
    export INFOPLIST_KEY_NSSystemExtensionUsageDescription=
    export INFOPLIST_KEY_NSUserTrackingUsageDescription=
    export INFOPLIST_KEY_NSVideoSubscriberAccountUsageDescription=
    export INFOPLIST_KEY_NSVoIPUsageDescription=
    export INFOPLIST_KEY_NSWorldSensingUsageDescription=
    export INFOPLIST_KEY_OSBundleUsageDescription=
    export INFOPLIST_KEY_UIApplicationSceneManifest_Generation=
    export INFOPLIST_KEY_UIApplicationSupportsIndirectInputEvents=
    export INFOPLIST_KEY_UILaunchScreen_Generation=
    export INFOPLIST_KEY_UILaunchStoryboardName=
    export INFOPLIST_KEY_UIMainStoryboardFile=
    export INFOPLIST_KEY_UIRequiresFullScreen=
    export INFOPLIST_KEY_UIStatusBarHidden=
    export INFOPLIST_KEY_UIStatusBarStyle=
    export INFOPLIST_KEY_UISupportsDocumentBrowser=
    export INFOPLIST_KEY_UIUserInterfaceStyle=
    export INFOPLIST_KEY_WKCompanionAppBundleIdentifier=
    export INFOPLIST_KEY_WKExtensionDelegateClassName=
    export INFOPLIST_KEY_WKRunsIndependentlyOfCompanionApp=
    export INFOPLIST_KEY_WKWatchOnly=
    export INFOPLIST_OTHER_PREPROCESSOR_FLAGS=
    export INFOPLIST_OUTPUT_FORMAT=binary
    export INFOPLIST_PATH=Runner.app/Info.plist
    export INFOPLIST_PREFIX_HEADER=
    export INFOPLIST_PREPROCESS=NO
    export INFOPLIST_PREPROCESSOR_DEFINITIONS=
    export INFOSTRINGS_PATH=Runner.app/en.lproj/InfoPlist.strings
    export INIT_ROUTINE=
    export INLINE_PRIVATE_FRAMEWORKS=NO
    export INSTALLAPI_IGNORE_SKIP_INSTALL=YES
    export INSTALLHDRS_COPY_PHASE=NO
    export INSTALLHDRS_SCRIPT_PHASE=NO
    export INSTALL_DIR=/tmp/Runner.dst/Applications
    export INSTALL_GROUP=staff
    export INSTALL_MODE_FLAG=u+w,go-w,a+rX
    export INSTALL_OWNER=jose
    export INSTALL_PATH=/Applications
    export INSTALL_ROOT=/tmp/Runner.dst
    export INSTRUMENTS_PACKAGE_BUILDER=instrumentbuilder
    export INSTRUMENTS_PACKAGE_BUILDER_DEPENDENCY_INFO_FILE=/Users/jose/src/work/hydracamv2/build/ios-icon-profile-keepeyeonball-iphone/Build/Intermediates.noindex/Runner.build/Profile-iphoneos/Runner.build/instruments-package-builder.dependencies
    export INSTRUMENTS_PACKAGE_BUILDER_LINKED_PACKAGES=
    export INSTRUMENTS_PACKAGE_BUILDER_NO_SYSTEM_SEARCH=NO
    export INSTRUMENTS_PACKAGE_BUILDER_SEARCH_PATHS=/Users/jose/src/work/hydracamv2/build/ios-icon-profile-keepeyeonball-iphone/Build/Products/Profile-iphoneos
    export INSTRUMENTS_PACKAGE_BUILDER_VERSION_OVERRIDE=
    export INTENTS_CODEGEN_LANGUAGE=Automatic
    export IOS_DEVICE=AB1E2F45-61B1-5FBD-972A-940EA7EC8B0A
    export IOS_XCODE_DESTINATION_ID=00008101-000A68811E43001E
    export IPHONEOS_DEPLOYMENT_TARGET=13.0
    export IS_MACCATALYST=
    export InfoPlistPath=
    export JAVAC_DEFAULT_FLAGS="-J-Xms64m -J-XX:NewSize=4M -J-Dfile.encoding=UTF8"
    export JAVA_APP_STUB=/System/Library/Frameworks/JavaVM.framework/Resources/MacOS/JavaApplicationStub
    export JAVA_ARCHIVE_CLASSES=YES
    export JAVA_ARCHIVE_TYPE=JAR
    export JAVA_COMPILER=/usr/bin/javac
    export JAVA_FOLDER_PATH=Runner.app/Java
    export JAVA_FRAMEWORK_JARS=
    export JAVA_FRAMEWORK_RESOURCES_DIRS=Resources
    export JAVA_JAR_FLAGS=cv
    export JAVA_SOURCE_SUBDIR=.
    export JAVA_USE_DEPENDENCIES=YES
    export JAVA_ZIP_FLAGS=-urg
    export JIKES_DEFAULT_FLAGS="+E +OLDCSO"
    export KASAN_CFLAGS_CLASSIC="-DKASAN=1 -DKASAN_CLASSIC=1 -fsanitize=address -mllvm -asan-globals-live-support -mllvm -asan-force-dynamic-shadow"
    export KASAN_CFLAGS_TBI="-DKASAN=1 -DKASAN_TBI=1 -fsanitize=kernel-hwaddress -mllvm -hwasan-recover=0 -mllvm -hwasan-instrument-atomics=0 -mllvm -hwasan-instrument-stack=1 -mllvm -hwasan-generate-tags-with-calls=1 -mllvm -hwasan-instrument-with-calls=1 -mllvm -hwasan-use-short-granules=0 -mllvm -hwasan-memory-access-callback-prefix=__asan_"
    export KASAN_DEFAULT_CFLAGS="-DKASAN=1 -DKASAN_CLASSIC=1 -fsanitize=address -mllvm -asan-globals-live-support -mllvm -asan-force-dynamic-shadow"
    export KEEP_PRIVATE_EXTERNS=NO
    export KEXT_CFLAGS=
    export KEXT_CPLUSPLUSFLAGS=
    export LANG=C.UTF-8
    export LAUNCH_CONSTRAINT_PARENT=
    export LAUNCH_CONSTRAINT_RESPONSIBLE=
    export LAUNCH_CONSTRAINT_SELF=
    export LC_ALL=C.UTF-8
    export LC_CTYPE=C.UTF-8
    export LD_ADDRESS_SANITIZER=-fsanitize=address
    export LD_ADDRESS_SANITIZER_clang=-fsanitize=address
    export LD_ADDRESS_SANITIZER_swiftc=-sanitize=address
    export LD_ADD_MERGEABLE_DEBUG_HOOK=
    export LD_CLIENT_NAME=
    export LD_COHORT_ARCHS=
    export LD_DEBUG_VARIANT=YES
    export LD_DEPENDENCY_INFO_FILE=/undefined_arch/Runner_dependency_info.dat
    export LD_DETERMINISTIC_MODE=YES
    export LD_DONT_RUN_DEDUPLICATION=YES
    export LD_DYLIB_ALLOWABLE_CLIENTS=
    export LD_DYLIB_INSTALL_NAME=
    export LD_ENTITLEMENTS_SECTION=
    export LD_ENTITLEMENTS_SECTION_DER=
    export LD_ENTRY_POINT=
    export LD_ENVIRONMENT=
    export LD_EXPORT_GLOBAL_SYMBOLS=NO
    export LD_EXPORT_SYMBOLS=YES
    export LD_FINAL_OUTPUT_FILE=/Applications/Runner.app/Runner
    export LD_FLAGS=
    export LD_GENERATE_MAP_FILE=NO
    export LD_LTO_OBJECT_FILE=/undefined_arch/Runner_lto.o
    export LD_MAKE_MERGEABLE=NO
    export LD_MAP_FILE_PATH=/Users/jose/src/work/hydracamv2/build/ios-icon-profile-keepeyeonball-iphone/Build/Intermediates.noindex/Runner.build/Profile-iphoneos/Runner.build/Runner-LinkMap-normal-undefined_arch.txt
    export LD_NO_PIE=NO
    export LD_OBJC_ABI_VERSION=
    export LD_OBJC_RUNTIME_ARGS=-fobjc-link-runtime
    export LD_OBJC_RUNTIME_ARGS_clang=-fobjc-link-runtime
    export LD_OBJC_RUNTIME_ARGS_swiftc=-link-objc-runtime
    export LD_OPTIMIZATION_LEVEL=s
    export LD_QUOTE_LINKER_ARGUMENTS_FOR_COMPILER_DRIVER=YES
    export LD_RUNPATH_SEARCH_PATHS=" /usr/lib/swift '@executable_path/Frameworks' '@loader_path/Frameworks' @executable_path/Frameworks"
    export LD_RUNPATH_SEARCH_PATHS_YES="@loader_path/../Frameworks"
    export LD_SDK_IMPORTS_FILE=/undefined_arch/Runner_normal_undefined_arch_sdk_imports.json
    export LD_SHARED_CACHE_ELIGIBLE=Automatic
    export LD_SKIP_MERGEABLE_LIBRARY_BUNDLE_HOOK=NO
    export LD_SUPPRESS_WARNINGS=NO
    export LD_TARGET_TRIPLE_ARCHS=undefined_arch
    export LD_THREAD_SANITIZER=
    export LD_WARN_DUPLICATE_LIBRARIES=NO
    export LD_WARN_UNUSED_DYLIBS=NO
    export LEGACY_DEVELOPER_DIR=/Applications/Xcode.app/Contents/Developer/PlugIns/Xcode3Core.ideplugin/Contents/SharedSupport/Developer
    export LESS=-R
    export LEX=lex
    export LEXFLAGS=
    export LEX_CASE_INSENSITIVE_SCANNER=NO
    export LEX_INSERT_LINE_DIRECTIVES=YES
    export LEX_SUPPRESS_DEFAULT_RULE=NO
    export LEX_SUPPRESS_WARNINGS=NO
    export LIBRARY_DEXT_INSTALL_PATH=/Library/DriverExtensions
    export LIBRARY_FLAG_NOSPACE=YES
    export LIBRARY_FLAG_PREFIX=-l
    export LIBRARY_KEXT_INSTALL_PATH=/Library/Extensions
    export LIBRARY_LOAD_CONSTRAINT=
    export LIBRARY_SEARCH_PATHS=" \"/Applications/Xcode.app/Contents/Developer/Toolchains/XcodeDefault.xctoolchain/usr/lib/swift/iphoneos\" /usr/lib/swift"
    export LIBTOOL=libtool
    export LIBTOOL_ARCH=undefined_arch
    export LIBTOOL_COHORT_ARCHS=
    export LIBTOOL_DEPENDENCY_INFO_FILE=/undefined_arch/Runner_libtool_dependency_info.dat
    export LIBTOOL_DEPLOYMENT_TARGET=13.0
    export LIBTOOL_DETERMINISTIC_MODE=YES
    export LIBTOOL_FILE_LIST_FORMAT=unescapedNewlineSeparated
    export LIBTOOL_USE_RESPONSE_FILE=YES
    export LINKER_DISPLAYS_MANGLED_NAMES=NO
    export LINKER_DRIVER=clang
    export LINKER_FILE_LIST_FORMAT=unescapedNewlineSeparated
    export LINKER_FILE_LIST_FORMAT_clang=unescapedNewlineSeparated
    export LINKER_FILE_LIST_FORMAT_swiftc=unixShellQuotedSpaceSeparated
    export LINKER_LIBRARY_FLAGS=
    export LINKER_RESPONSE_FILE_FORMAT=unixShellQuotedSpaceSeparated
    export LINK_WITH_STANDARD_LIBRARIES=YES
    export LLVM_IMPLICIT_AGGRESSIVE_OPTIMIZATIONS=NO
    export LLVM_LTO=NO
    export LLVM_OPTIMIZATION_LEVEL_VAL_0=NO
    export LLVM_OPTIMIZATION_LEVEL_VAL_1=NO
    export LLVM_OPTIMIZATION_LEVEL_VAL_2=NO
    export LLVM_OPTIMIZATION_LEVEL_VAL_3=NO
    export LLVM_OPTIMIZATION_LEVEL_VAL_fast=YES
    export LLVM_OPTIMIZATION_LEVEL_VAL_s=NO
    export LLVM_OPTIMIZATION_LEVEL_VAL_z=NO
    export LLVM_TARGET_TRIPLE_OS_VERSION=ios13.0
    export LLVM_TARGET_TRIPLE_SUFFIX=
    export LLVM_TARGET_TRIPLE_VENDOR=apple
    export LM_AUX_CONST_METADATA_LIST_PATH=
    export LM_AUX_INTENTS_METADATA_FILES_LIST_PATH=/Users/jose/src/work/hydracamv2/build/ios-icon-profile-keepeyeonball-iphone/Build/Intermediates.noindex/Runner.build/Profile-iphoneos/Runner.build/Runner.DependencyMetadataFileList
    export LM_AUX_INTENTS_STATIC_METADATA_FILES_LIST_PATH=/Users/jose/src/work/hydracamv2/build/ios-icon-profile-keepeyeonball-iphone/Build/Intermediates.noindex/Runner.build/Profile-iphoneos/Runner.build/Runner.DependencyStaticMetadataFileList
    export LM_BINARY_PATH=
    export LM_BUNDLE_IDENTIFIER=com.keepeyeonball
    export LM_COMPILE_TIME_EXTRACTION=YES
    export LM_DEPENDENCY_FILES=
    export LM_ENABLE_APP_NAME_OVERRIDE=NO
    export LM_ENABLE_ASSISTANT_INTENT_APP_NAME_OVERRIDE=NO
    export LM_ENABLE_LINK_GENERATION=YES
    export LM_ENABLE_STRING_VALIDATION=YES
    export LM_FILTER_WARNINGS=NO
    export LM_FORCE_LINK_GENERATION=NO
    export LM_FORCE_METADATA_OUTPUT=NO
    export LM_NO_APP_SHORTCUT_LOCALIZATION=YES
    export LM_OUTPUT_DIR=
    export LM_STRINGSDATA_FILES=
    export LOCALIZABLE_CONTENT_DIR=
    export LOCALIZATION_EXPORT_SUPPORTED=YES
    export LOCALIZATION_PREFERS_STRING_CATALOGS=NO
    export LOCALIZED_RESOURCES_FOLDER_PATH=Runner.app/en.lproj
    export LOCALIZED_STRING_CODE_COMMENTS=NO
    export LOCALIZED_STRING_MACRO_NAMES="NSLocalizedString CFCopyLocalizedString"
    export LOCALIZED_STRING_SWIFTUI_SUPPORT=YES
    export LOCAL_ADMIN_APPS_DIR=/Applications/Utilities
    export LOCAL_APPS_DIR=/Applications
    export LOCAL_DEVELOPER_DIR=/Library/Developer
    export LOCAL_DEVELOPER_EXECUTABLES_DIR=
    export LOCAL_LIBRARY_DIR=/Library
    export LOCROOT=
    export LOCSYMROOT=
    export LOGNAME=jose
    export LOG_FORMAT=json
    export LSCOLORS=Gxfxcxdxbxegedabagacad
    export LS_COLORS="di=1;36:ln=35:so=32:pi=33:ex=31:bd=34;46:cd=34;43:su=30;41:sg=30;46:tw=30;42:ow=30;43"
    export MACH_O_TYPE=mh_execute
    export MACOSX_DEPLOYMENT_TARGET=11.5
    export MACOS_CREATOR=
    export MACOS_CREATOR_ARG=
    export MACOS_TYPE=
    export MACOS_TYPE_ARG=
    export MAC_OS_X_PRODUCT_BUILD_VERSION=25E253
    export MAC_OS_X_VERSION_ACTUAL=260401
    export MAC_OS_X_VERSION_MAJOR=260000
    export MAC_OS_X_VERSION_MAX_ALLOWED=
    export MAC_OS_X_VERSION_MINOR=260400
    export MAC_OS_X_VERSION_MIN_REQUIRED=
    export MAKE_MERGEABLE=NO
    export MANPATH="/Applications/Xcode.app/Contents/Developer/Platforms/MacOSX.platform/Developer/SDKs/MacOSX.sdk/usr/share/man:/Applications/Xcode.app/Contents/Developer/Platforms/MacOSX.platform/usr/share/man:/Applications/Xcode.app/Contents/Developer/usr/share/man:/Applications/Xcode.app/Contents/Developer/Toolchains/XcodeDefault.xctoolchain/usr/share/man:"
    export MAPC_MODULE=Runner
    export MAPC_NO_WARNINGS=NO
    export MARKETING_VERSION=
    export MERGEABLE_LIBRARY=NO
    export MERGED_BINARY_TYPE=none
    export MERGE_LINKED_LIBRARIES=NO
    export METAL_INDEX_STORE_ONLY_PROJECT_FILES=NO
    export METAL_LIBRARY_FILE_BASE=default
    export METAL_LIBRARY_OUTPUT_DIR=/Users/jose/src/work/hydracamv2/build/ios-icon-profile-keepeyeonball-iphone/Build/Products/Profile-iphoneos/Runner.app
    export MIG_DEPLOYMENT_TARGET=13.0
    export MIG_EXEC=mig
    export MODULEMAP_FILE=
    export MODULEMAP_PRIVATE_FILE=
    export MODULES_FOLDER_PATH=Runner.app/Modules
    export MODULES_VERIFIER_EXEC=modules-verifier
    export MODULE_CACHE_DIR=/Users/jose/src/work/hydracamv2/build/ios-icon-profile-keepeyeonball-iphone/ModuleCache.noindex
    export MODULE_DEPENDENCIES=
    export MODULE_NAME=
    export MODULE_START=
    export MODULE_STOP=
    export MODULE_VERIFIER_LSV=NO
    export MODULE_VERIFIER_SUPPORTED_LANGUAGES=objective-c
    export MODULE_VERIFIER_SUPPORTED_LANGUAGE_STANDARDS="gnu99 gnu++11"
    export MODULE_VERIFIER_TARGET_TRIPLE_ARCHS=arm64
    export MODULE_VERIFIER_VERBOSE=NO
    export MODULE_VERSION=
    export MOMC_MODULE=Runner
    export MOMC_NO_DELETE_RULE_WARNINGS=NO
    export MOMC_NO_INVERSE_RELATIONSHIP_WARNINGS=NO
    export MOMC_NO_MAX_PROPERTY_COUNT_WARNINGS=NO
    export MOMC_NO_WARNINGS=NO
    export MOMC_OUTPUT_SUFFIX=
    export MOMC_OUTPUT_SUFFIX__xcdatamodel=.mom
    export MOMC_OUTPUT_SUFFIX__xcdatamodeld=.momd
    export MOMC_SUPPRESS_INVERSE_TRANSIENT_ERROR=NO
    export MTLCOMPILER_DEPENDENCY_INFO_FILE=/Users/jose/src/work/hydracamv2/build/ios-icon-profile-keepeyeonball-iphone/Build/Intermediates.noindex/Runner.build/Profile-iphoneos/Runner.build/Metal/.dat
    export MTLCOMPILER_OUTPUT_FILE=/Users/jose/src/work/hydracamv2/build/ios-icon-profile-keepeyeonball-iphone/Build/Intermediates.noindex/Runner.build/Profile-iphoneos/Runner.build/Metal/.air
    export MTLLINKER_ALTERNATE_LINKER=
    export MTLLINKER_INCLUDE_SOURCE=
    export MTLLINKER_OUTPUT_FILE=
    export MTLLINKER_TARGET_TRIPLE=
    export MTL_COMPILER_FLAGS=
    export MTL_ENABLE_DEBUG_INFO=NO
    export MTL_ENABLE_INDEX_STORE=YES
    export MTL_ENABLE_MODULES=STDLIB
    export MTL_FAST_MATH=YES
    export MTL_FRAMEWORK_SEARCH_PATH_BUILT_PRODUCTS_DIR=
    export MTL_HEADER_SEARCH_PATHS=
    export MTL_HEADER_SEARCH_PATH_BUILT_PRODUCTS_DIR=
    export MTL_IGNORE_WARNINGS=NO
    export MTL_INDEX_STORE_PATH=/Users/jose/src/work/hydracamv2/build/ios-icon-profile-keepeyeonball-iphone/Index.noindex/DataStore
    export MTL_LANGUAGE_REVISION=UseDeploymentTarget
    export MTL_LANGUAGE_REVISION_dialect=ios
    export MTL_LANGUAGE_REVISION_dialect_macosx=macos
    export MTL_LANGUAGE_REVISION_optgen=UseDeploymentTarget
    export MTL_MATH_FP32_FUNCTIONS=FAST
    export MTL_MATH_FP32_FUNCTIONS_derived_NO=PRECISE
    export MTL_MATH_MODE=FAST
    export MTL_MATH_MODE_derived_NO=SAFE
    export MTL_OPTIMIZATION_LEVEL=default
    export MTL_TARGET_TRIPLE=air64-apple-ios13.0
    export MTL_TREAT_WARNINGS_AS_ERRORS=NO
    export MallocNanoZone=0
    export NATIVE_ARCH=arm64e
    export NATIVE_ARCH_32_BIT=i386
    export NATIVE_ARCH_64_BIT=arm64e
    export NATIVE_ARCH_ACTUAL=arm64e
    export NO_COLOR=1
    export NO_COMMON=YES
    export OBJECT_FILE_ASSEMBLER_LINKER_RESPONSE_FILE_FORMAT=unixShellQuotedSpaceSeparated
    export OBJECT_FILE_DIR=/Users/jose/src/work/hydracamv2/build/ios-icon-profile-keepeyeonball-iphone/Build/Intermediates.noindex/Runner.build/Profile-iphoneos/Runner.build/Objects
    export OBJROOT=/Users/jose/src/work/hydracamv2/build/ios-icon-profile-keepeyeonball-iphone/Build/Intermediates.noindex
    export ONLY_ACTIVE_ARCH=NO
    export OPENCLC=/System/Library/Frameworks/OpenCL.framework/Libraries/openclc
    export OPENCL_ARCHS="i386 x86_64 gpu_32 gpu_64"
    export OPENCL_AUTO_VECTORIZE_ENABLE=YES
    export OPENCL_COMPILER_VERSION=CL1.1
    export OPENCL_DENORMS_ARE_ZERO=NO
    export OPENCL_DOUBLE_AS_SINGLE=NO
    export OPENCL_FAST_RELAXED_MATH=NO
    export OPENCL_MAD_ENABLE=NO
    export OPENCL_OPTIMIZATION_LEVEL=s
    export OPTIMIZATION_CFLAGS=
    export ORDER_FILE=
    export OS=MACOS
    export OSAC=/usr/bin/osacompile
    export OSACOMPILE_EXECUTE_ONLY=NO
    export OSLogRateLimit=64
    export OTHER_CLANG_MODULES_VERIFIER_FLAGS=
    export OTHER_CODE_SIGN_FLAGS=
    export OTHER_CPLUSPLUSFLAGS=
    export OTHER_IIG_CFLAGS=
    export OTHER_IIG_FLAGS=
    export OTHER_LDFLAGS=" -ObjC -framework \"PhotosUI\" -framework \"disk_space_plus\" -framework \"permission_handler_apple\" -framework \"photo_manager\""
    export OTHER_LDRFLAGS=" -ObjC -framework \"PhotosUI\" -framework \"disk_space_plus\" -framework \"permission_handler_apple\" -framework \"photo_manager\""
    export OTHER_LIBTOOLFLAGS=
    export OTHER_MIGFLAGS=
    export OTHER_MODULE_VERIFIER_FLAGS=" \"-F/Users/jose/src/work/hydracamv2/build/ios-icon-profile-keepeyeonball-iphone/Build/Products/Profile-iphoneos/Flutter\" \"-F/Users/jose/src/work/hydracamv2/build/ios-icon-profile-keepeyeonball-iphone/Build/Products/Profile-iphoneos/disk_space_plus\" \"-F/Users/jose/src/work/hydracamv2/build/ios-icon-profile-keepeyeonball-iphone/Build/Products/Profile-iphoneos/permission_handler_apple\" \"-F/Users/jose/src/work/hydracamv2/build/ios-icon-profile-keepeyeonball-iphone/Build/Products/Profile-iphoneos/photo_manager\""
    export OTHER_OSACOMPILEFLAGS=
    export OTHER_OSAFLAGS=
    export OTHER_PRECOMP_CFLAGS=
    export OTHER_RESMERGERFLAGS=
    export OTHER_REZFLAGS=
    export OTHER_SWIFT_FLAGS=" -D COCOAPODS"
    export OTHER_SWIFT_STDLIB_TOOL_FLAGS=
    export OTHER_TAPI_FLAGS=
    export OutputFormat=
    export PACKAGE_CONFIG=/Users/jose/src/work/hydracamv2/.dart_tool/package_config.json
    export PACKAGE_TYPE=com.apple.package-type.wrapper.application
    export PAGER=less
    export PASCAL_STRINGS=YES
    export PATH="/Applications/Xcode.app/Contents/Developer/usr/bin:/Users/jose/.codex/tmp/arg0/codex-arg0p17LK3:/Users/jose/Library/Android/sdk/platform-tools:/Users/jose/Library/Android/sdk/emulator:/Users/jose/Library/Android/sdk/cmdline-tools/latest/bin:/Users/jose/.antigravity-ide/antigravity-ide/bin:/Users/jose/.opencode/bin:/Users/jose/.antigravity/antigravity/bin:/Users/jose/.antigravity/antigravity/bin:/opt/homebrew/lib/ruby/gems/3.4.0/bin:/opt/homebrew/opt/ruby/bin:/Library/Frameworks/Python.framework/Versions/3.13/bin:/opt/homebrew/bin:/opt/homebrew/sbin:/usr/local/bin:/System/Cryptexes/App/usr/bin:/usr/bin:/bin:/usr/sbin:/sbin:/var/run/com.apple.security.cryptexd/codex.system/bootstrap/usr/local/bin:/var/run/com.apple.security.cryptexd/codex.system/bootstrap/usr/bin:/var/run/com.apple.security.cryptexd/codex.system/bootstrap/usr/appleinternal/bin:/opt/pkg/env/active/bin:/opt/pmk/env/global/bin:/Library/Apple/usr/bin:/usr/local/share/dotnet:~/.dotnet/tools:/opt/homebrew/opt/ruby/bin:/opt/homebrew/lib/ruby/gems/3.4.0/bin:/Users/jose/Library/Application:/Users/jose/.local/bin:/Users/jose/.lmstudio/bin:/Users/jose/.local/bin:/Applications/Codex.app/Contents/Resources"
    export PATH_PREFIXES_EXCLUDED_FROM_HEADER_DEPENDENCIES="/usr/include /usr/local/include /System/Library/Frameworks /System/Library/PrivateFrameworks /Applications/Xcode.app/Contents/Developer/Headers /Applications/Xcode.app/Contents/Developer/SDKs /Applications/Xcode.app/Contents/Developer/Platforms"
    export PBDEVELOPMENTPLIST_PATH=Runner.app/pbdevelopment.plist
    export PBXCP_BITCODE_STRIP_MODE=
    export PBXCP_BITCODE_STRIP_TOOL=
    export PBXCP_EXCLUDE_SUBPATHS=
    export PBXCP_IGNORE_MISSING_INPUTS=NO
    export PBXCP_INCLUDE_ONLY_SUBPATHS=
    export PBXCP_STRIP_BITCODE=NO
    export PBXCP_STRIP_SUBPATHS=
    export PBXCP_STRIP_TOOL=
    export PBXCP_STRIP_UNSIGNED_BINARIES=NO
    export PER_ARCH_MODULE_FILE_DIR=/Modules
    export PFE_FILE_C_DIALECTS=
    export PKGINFO_PATH=Runner.app/PkgInfo
    export PLATFORM_DEVELOPER_APPLICATIONS_DIR=/Applications/Xcode.app/Contents/Developer/Platforms/iPhoneOS.platform/Developer/Applications
    export PLATFORM_DEVELOPER_BIN_DIR=/Applications/Xcode.app/Contents/Developer/Platforms/iPhoneOS.platform/Developer/usr/bin
    export PLATFORM_DEVELOPER_LIBRARY_DIR=/Applications/Xcode.app/Contents/Developer/Platforms/iPhoneOS.platform/Developer/Library
    export PLATFORM_DEVELOPER_SDK_DIR=/Applications/Xcode.app/Contents/Developer/Platforms/iPhoneOS.platform/Developer/SDKs
    export PLATFORM_DEVELOPER_TOOLS_DIR=/Applications/Xcode.app/Contents/Developer/Platforms/iPhoneOS.platform/Developer/Tools
    export PLATFORM_DEVELOPER_USR_DIR=/Applications/Xcode.app/Contents/Developer/Platforms/iPhoneOS.platform/Developer/usr
    export PLATFORM_DIR=/Applications/Xcode.app/Contents/Developer/Platforms/iPhoneOS.platform
    export PLATFORM_DISPLAY_NAME=iOS
    export PLATFORM_NAME=iphoneos
    export PLATFORM_PREFERRED_ARCH=undefined_arch
    export PLATFORM_PRODUCT_BUILD_VERSION=23F73
    export PLIST_FILE_OUTPUT_FORMAT=binary
    export PLUGINS_FOLDER_PATH=Runner.app/PlugIns
    export PODS_BUILD_DIR=/Users/jose/src/work/hydracamv2/build/ios-icon-profile-keepeyeonball-iphone/Build/Products
    export PODS_CONFIGURATION_BUILD_DIR=/Users/jose/src/work/hydracamv2/build/ios-icon-profile-keepeyeonball-iphone/Build/Products/Profile-iphoneos
    export PODS_PODFILE_DIR_PATH=/Users/jose/src/work/hydracamv2/ios/.
    export PODS_ROOT=/Users/jose/src/work/hydracamv2/ios/Pods
    export PODS_XCFRAMEWORKS_BUILD_DIR=/Users/jose/src/work/hydracamv2/build/ios-icon-profile-keepeyeonball-iphone/Build/Products/Profile-iphoneos/XCFrameworkIntermediates
    export PRECOMPILE_PREFIX_HEADER=
    export PRECOMPS_INCLUDE_HEADERS_FROM_BUILT_PRODUCTS_DIR=YES
    export PRECOMP_DESTINATION_DIR=/Users/jose/src/work/hydracamv2/build/ios-icon-profile-keepeyeonball-iphone/Build/Intermediates.noindex/Runner.build/Profile-iphoneos/Runner.build/PrefixHeaders
    export PREFIX_CFLAG_BASE=
    export PREFIX_FLAGS=
    export PREFIX_HEADER=
    export PREFIX_REFERENCE=
    export PRELINK_FLAGS=
    export PRELINK_LIBS=
    export PRIVATE_HEADERS_FOLDER_PATH=Runner.app/PrivateHeaders
    export PROCESSED_INFOPLIST_PATH=/Users/jose/src/work/hydracamv2/build/ios-icon-profile-keepeyeonball-iphone/Build/Intermediates.noindex/Runner.build/Profile-iphoneos/Runner.build/Objects-normal/undefined_arch/Processed-Info.plist
    export PRODUCT_BUNDLE_IDENTIFIER=com.keepeyeonball
    export PRODUCT_BUNDLE_PACKAGE_TYPE=APPL
    export PRODUCT_DEFINITION_PLIST=
    export PRODUCT_MODULE_NAME=Runner
    export PRODUCT_NAME=Runner
    export PRODUCT_TYPE=com.apple.product-type.application
    export PRODUCT_TYPE_SWIFT_STDLIB_TOOL_FLAGS=
    export PROFILING_CODE=NO
    export PROJECT=Runner
    export PROJECT_DERIVED_FILE_DIR=/Users/jose/src/work/hydracamv2/build/ios-icon-profile-keepeyeonball-iphone/Build/Intermediates.noindex/Runner.build/DerivedSources
    export PROJECT_DIR=/Users/jose/src/work/hydracamv2/ios
    export PROJECT_FILE_PATH=/Users/jose/src/work/hydracamv2/ios/Runner.xcodeproj
    export PROJECT_NAME=Runner
    export PROJECT_TEMP_DIR=/Users/jose/src/work/hydracamv2/build/ios-icon-profile-keepeyeonball-iphone/Build/Intermediates.noindex/Runner.build
    export PROJECT_TEMP_ROOT=/Users/jose/src/work/hydracamv2/build/ios-icon-profile-keepeyeonball-iphone/Build/Intermediates.noindex
    export PROVISIONING_PROFILE=
    export PROVISIONING_PROFILE_DESTINATION_PATH=/Users/jose/src/work/hydracamv2/build/ios-icon-profile-keepeyeonball-iphone/Build/Products/Profile-iphoneos/Runner.app
    export PROVISIONING_PROFILE_REQUIRED=YES
    export PROVISIONING_PROFILE_REQUIRED_YES_YES=YES
    export PROVISIONING_PROFILE_SPECIFIER=
    export PROVISIONING_PROFILE_SUPPORTED=YES
    export PUBLIC_HEADERS_FOLDER_PATH=Runner.app/Headers
    export PWD=/Users/jose/src/work/hydracamv2
    export REALITYASSET_DEPLOYMENT_TARGET=13.0
    export RECURSIVE_SEARCH_PATHS_FOLLOW_SYMLINKS=YES
    export REFERENCEOBJECT_STRIP_USDZ=NO
    export REGISTER_APP_GROUPS=
    export REMOVE_CVS_FROM_RESOURCES=YES
    export REMOVE_GIT_FROM_RESOURCES=YES
    export REMOVE_HEADERS_FROM_EMBEDDED_BUNDLES=YES
    export REMOVE_HEADER_DIRECTORIES=NO
    export REMOVE_HG_FROM_RESOURCES=YES
    export REMOVE_STATIC_EXECUTABLES_FROM_EMBEDDED_BUNDLES=YES
    export REMOVE_SVN_FROM_RESOURCES=YES
    export RESCHEDULE_INDEPENDENT_HEADERS_PHASES=YES
    export RESMERGER_SOURCES_FORK=auto
    export RESOURCES_PLATFORM_NAME=
    export RESOURCES_UI_FRAMEWORK_FAMILY=
    export RESOURCE_RULES_PLIST_PATH=
    export RETAIN_RAW_BINARIES=
    export REZ_COLLECTOR_DIR=/Users/jose/src/work/hydracamv2/build/ios-icon-profile-keepeyeonball-iphone/Build/Intermediates.noindex/Runner.build/Profile-iphoneos/Runner.build/ResourceManagerResources
    export REZ_EXECUTABLE=
    export REZ_OBJECTS_DIR=/Users/jose/src/work/hydracamv2/build/ios-icon-profile-keepeyeonball-iphone/Build/Intermediates.noindex/Runner.build/Profile-iphoneos/Runner.build/ResourceManagerResources/Objects
    export REZ_PREFIX_FILE=
    export REZ_PREPROCESSOR_DEFINITIONS=
    export REZ_PREPROCESSOR_UNDEFINITIONS=
    export REZ_RESOLVE_ALIASES=Always
    export REZ_RESOURCE_MAP_READ_ONLY=NO
    export REZ_SCRIPT_TYPE=Roman
    export REZ_SEARCH_PATHS=
    export REZ_SHOW_DEBUG_OUTPUT=NO
    export REZ_SUPPRESS_REDECLARED_RESOURCE_TYPE_WARNINGS=NO
    export RUNTIME_EXCEPTION_ALLOW_DYLD_ENVIRONMENT_VARIABLES=NO
    export RUNTIME_EXCEPTION_ALLOW_JIT=NO
    export RUNTIME_EXCEPTION_ALLOW_UNSIGNED_EXECUTABLE_MEMORY=NO
    export RUNTIME_EXCEPTION_DEBUGGING_TOOL=NO
    export RUNTIME_EXCEPTION_DISABLE_EXECUTABLE_PAGE_PROTECTION=NO
    export RUNTIME_EXCEPTION_DISABLE_LIBRARY_VALIDATION=NO
    export RUN_CLANG_STATIC_ANALYZER=NO
    export RUN_DESTINATION_DEVICE_ECID=2929653534883870
    export RUN_DESTINATION_DEVICE_MODEL=iPhone13,3
    export RUN_DESTINATION_DEVICE_NAME="José Ramón’s iPhone"
    export RUN_DESTINATION_DEVICE_OS_VERSION=26.5
    export RUN_DESTINATION_DEVICE_PLATFORM_IDENTIFIER=com.apple.platform.iphoneos
    export RUN_DESTINATION_DEVICE_PLATFORM_NAME=iphoneos
    export RUN_DESTINATION_DEVICE_UDID=00008101-000A68811E43001E
    export RUN_DESTINATION_DEVICE_UUID=AB1E2F45-61B1-5FBD-972A-940EA7EC8B0A
    export RUN_DOCUMENTATION_COMPILER=NO
    export RUST_LOG=warn
    export RemoveFile=
    export SCAN_ALL_SOURCE_FILES_FOR_INCLUDES=NO
    export SCENEKIT_DEPLOYMENT_TARGET=13.0
    export SCHEME_ACTION_NAME="Run Prepare Flutter Framework Script"
    export SCHEME_NAME=Runner
    export SCRIPTS_FOLDER_PATH=Runner.app/Scripts
    export SDKDB_TO_SYMGRAPH_EXEC=/Applications/Xcode.app/Contents/Developer/../SharedFrameworks/CoreDocumentation.framework/Resources/sdkdb_to_symgraph
    export SDKROOT=iphoneos26.5
    export SDK_DIR=/Applications/Xcode.app/Contents/Developer/Platforms/iPhoneOS.platform/Developer/SDKs/iPhoneOS26.5.sdk
    export SDK_DIR_iphoneos26_5=/Applications/Xcode.app/Contents/Developer/Platforms/iPhoneOS.platform/Developer/SDKs/iPhoneOS26.5.sdk
    export SDK_NAME=iphoneos26.5
    export SDK_NAMES=iphoneos26.5
    export SDK_PRODUCT_BUILD_VERSION=23F73
    export SDK_STAT_CACHE_ENABLE=YES
    export SDK_STAT_CACHE_VERBOSE_LOGGING=NO
    export SDK_VERSION=26.5
    export SDK_VERSION_ACTUAL=260500
    export SDK_VERSION_MAJOR=260000
    export SDK_VERSION_MINOR=260500
    export SECTORDER_FLAGS=
    export SED=/usr/bin/sed
    export SEPARATE_STRIP=NO
    export SEPARATE_SYMBOL_EDIT=NO
    export SETTING_DefaultValue_NO_NO=NO
    export SETTING_DefaultValue_NO_YES=YES
    export SETTING_DefaultValue_YES_NO=YES
    export SETTING_DefaultValue_YES_YES=YES
    export SETTING_DefaultValue__=NO
    export SET_DIR_MODE_OWNER_GROUP=YES
    export SET_FILE_MODE_OWNER_GROUP=NO
    export SHALLOW_BUNDLE=YES
    export SHALLOW_BUNDLE_PLATFORM=
    export SHALLOW_BUNDLE_TRIPLE=ios
    export SHALLOW_BUNDLE_ios_macabi=NO
    export SHALLOW_BUNDLE_macos=NO
    export SHARED_DERIVED_FILE_DIR=/Users/jose/src/work/hydracamv2/build/ios-icon-profile-keepeyeonball-iphone/Build/Products/Profile-iphoneos/DerivedSources
    export SHARED_FRAMEWORKS_FOLDER_PATH=Runner.app/SharedFrameworks
    export SHARED_PRECOMPS_DIR=/Users/jose/src/work/hydracamv2/build/ios-icon-profile-keepeyeonball-iphone/Build/Intermediates.noindex/PrecompiledHeaders
    export SHARED_SUPPORT_FOLDER_PATH=Runner.app/SharedSupport
    export SHELL=/bin/zsh
    export SHLVL=2
    export SKIP_INSTALL=NO
    export SKIP_MERGEABLE_LIBRARY_BUNDLE_HOOK=NO
    export SOURCE_ROOT=/Users/jose/src/work/hydracamv2/ios
    export SRCROOT=/Users/jose/src/work/hydracamv2/ios
    export SSH_AUTH_SOCK=/var/run/com.apple.launchd.p4PwkDhMLA/Listeners
    export STORYBOARD_COMPILER_INFOPLIST_CONTENT_FILE=/Users/jose/src/work/hydracamv2/build/ios-icon-profile-keepeyeonball-iphone/Build/Intermediates.noindex/Runner.build/Profile-iphoneos/Runner.build/-SBPartialInfo.plist
    export STRINGSDATA_DIR=/undefined_arch
    export STRINGSDATA_ROOT=/Users/jose/src/work/hydracamv2/build/ios-icon-profile-keepeyeonball-iphone/Build/Intermediates.noindex/Runner.build/Profile-iphoneos/Runner.build
    export STRINGS_FILE_INFOPLIST_RENAME=YES
    export STRINGS_FILE_INPUT_ENCODING=
    export STRINGS_FILE_OUTPUT_ENCODING=binary
    export STRINGS_FILE_OUTPUT_FILENAME=
    export STRING_CATALOG_GENERATE_SYMBOLS=NO
    export STRIPFLAGS=
    export STRIP_BITCODE_FROM_COPIED_FILES=YES
    export STRIP_DETERMINISTIC_MODE=YES
    export STRIP_INSTALLED_PRODUCT=YES
    export STRIP_PNG_TEXT=YES
    export STRIP_STYLE=all
    export STRIP_SWIFT_SYMBOLS=YES
    export SUPPORTED_DEVICE_FAMILIES=1,2
    export SUPPORTED_PLATFORMS=iphoneos
    export SUPPORTS_MACCATALYST=NO
    export SUPPORTS_MAC_DESIGNED_FOR_IPHONE_IPAD=YES
    export SUPPORTS_ON_DEMAND_RESOURCES=YES
    export SUPPORTS_TEXT_BASED_API=NO
    export SUPPORTS_XR_DESIGNED_FOR_IPHONE_IPAD=YES
    export SUPPRESS_WARNINGS=NO
    export SWIFTC_ALTERNATE_LINKER=
    export SWIFTC_CLANG_COVERAGE_MAPPING_LINKER_ARGS=NO
    export SWIFTC_LD_DYLIB_INSTALL_NAME=
    export SWIFTC_LD_EXPORT_GLOBAL_SYMBOLS=NO
    export SWIFTC_LD_SUPPRESS_WARNINGS=NO
    export SWIFTC_LD_THREAD_SANITIZER=
    export SWIFTC_LINK_WITH_STANDARD_LIBRARIES=YES
    export SWIFTC_MACH_O_TYPE=mh_execute
    export SWIFTC_PASS_SDKROOT=YES
    export SWIFTC_RESOURCE_DIR=
    export SWIFTC_SDKROOT_LINKER_INPUT=iphoneos26.5
    export SWIFTC_SYSTEM_FRAMEWORK_SEARCH_PATHS=
    export SWIFTC__INPUT_FILE_LIST_PATH__=
    export SWIFT_ACTIVE_COMPILATION_CONDITIONS=
    export SWIFT_ADDITIONAL_LINKER_ARGS_OUTPUT_PATH=/Runner-linker-args.resp
    export SWIFT_ADDRESS_SANITIZER=
    export SWIFT_ADDRESS_SANITIZER_ALLOW_ERROR_RECOVERY=
    export SWIFT_ALLOW_INSTALL_OBJC_HEADER=YES
    export SWIFT_API_DIGESTER_MODE=abi
    export SWIFT_APPROACHABLE_CONCURRENCY=NO
    export SWIFT_AUTOLINK_EXTRACT_OUTPUT_PATH=/Runner-swiftbuild.autolink
    export SWIFT_BRIDGING_HEADER_IS_INTERNAL=NO
    export SWIFT_CLANG_CXX_LANGUAGE_STANDARD=objc-gnu++0x
    export SWIFT_CLANG_CXX_STANDARD_LIBRARY_HARDENING=
    export SWIFT_COHORT_ARCHS=
    export SWIFT_COMPILATION_MODE=singlefile
    export SWIFT_CROSS_MODULE_OPTIMIZATION=NO
    export SWIFT_DEBUG_INFORMATION_FORMAT=dwarf-with-dsym
    export SWIFT_DEBUG_INFORMATION_VERSION=compiler-default
    export SWIFT_DEFAULT_ACTOR_ISOLATION=nonisolated
    export SWIFT_DEPLOYMENT_TARGET=13.0
    export SWIFT_DISABLE_SAFETY_CHECKS=NO
    export SWIFT_EAGER_MODULE_EMISSION_IN_WMO=YES
    export SWIFT_EMIT_LOC_STRINGS=NO
    export SWIFT_EMIT_MODULE_INTERFACE=NO
    export SWIFT_ENABLE_APP_EXTENSION=NO
    export SWIFT_ENABLE_BARE_SLASH_REGEX=YES
    export SWIFT_ENABLE_BATCH_MODE=YES
    export SWIFT_ENABLE_COMPILE_CACHE=
    export SWIFT_ENABLE_EMIT_CONST_VALUES=YES
    export SWIFT_ENABLE_EXPLICIT_MODULES=
    export SWIFT_ENABLE_INCREMENTAL_COMPILATION=YES
    export SWIFT_ENABLE_LAYOUT_STRING_VALUE_WITNESSES=NO
    export SWIFT_ENABLE_LIBRARY_EVOLUTION=NO
    export SWIFT_ENABLE_OPAQUE_TYPE_ERASURE=NO
    export SWIFT_ENABLE_PREFIX_MAPPING=
    export SWIFT_ENABLE_TESTABILITY=NO
    export SWIFT_ENFORCE_EXCLUSIVE_ACCESS=default
    export SWIFT_EXEC=swiftc
    export SWIFT_EXPERIMENTAL_FEATURE_DEBUG_DESCRIPTION_MACRO=YES
    export SWIFT_GENERATE_ADDITIONAL_LINKER_ARGS=
    export SWIFT_INDEX_STORE_COMPRESS=NO
    export SWIFT_INDEX_STORE_ENABLE=YES
    export SWIFT_INDEX_STORE_ONLY_PROJECT_FILES=NO
    export SWIFT_INDEX_STORE_PATH=/Users/jose/src/work/hydracamv2/build/ios-icon-profile-keepeyeonball-iphone/Index.noindex/DataStore
    export SWIFT_INSTALL_MODULE=YES
    export SWIFT_INSTALL_MODULE_ABI_DESCRIPTOR=YES
    export SWIFT_INSTALL_OBJC_HEADER=YES
    export SWIFT_LIBFUZZER=
    export SWIFT_LIBRARIES_ONLY=NO
    export SWIFT_LIBRARY_PATH=
    export SWIFT_LINK_OBJC_RUNTIME=
    export SWIFT_LTO=NO
    export SWIFT_MODULES_AUTOLINK=YES
    export SWIFT_MODULE_ALIASES=
    export SWIFT_MODULE_NAME=Runner
    export SWIFT_OBJC_BRIDGING_HEADER=Runner/Runner-Bridging-Header.h
    export SWIFT_OBJC_INTERFACE_HEADER_NAME=Runner-Swift.h
    export SWIFT_OBJC_INTEROP_MODE=objc
    export SWIFT_OMIT_FRAME_POINTERS=compiler-default
    export SWIFT_OPTIMIZATION_LEVEL=-O
    export SWIFT_OTHER_PREFIX_MAPPINGS=
    export SWIFT_OVERLOAD_PREBUILT_MODULE_CACHE_PATH=
    export SWIFT_PACKAGE_NAME=
    export SWIFT_PLATFORM_TARGET_PREFIX=ios
    export SWIFT_PRECOMPILE_BRIDGING_HEADER=YES
    export SWIFT_REFLECTION_METADATA_LEVEL=all
    export SWIFT_RESOURCE_DIR=
    export SWIFT_RESPONSE_FILE_PATH=
    export SWIFT_SERIALIZE_DEBUGGING_OPTIONS=YES
    export SWIFT_SKIP_AUTOLINKING_ALL_FRAMEWORKS=NO
    export SWIFT_STDLIB=swiftCore
    export SWIFT_STDLIB_TOOL_ACTION=
    export SWIFT_STDLIB_TOOL_CODE_SIGN_IDENTITY=
    export SWIFT_STDLIB_TOOL_DESTINATION_DIR=/Users/jose/src/work/hydracamv2/build/ios-icon-profile-keepeyeonball-iphone/Build/Products/Profile-iphoneos/Runner.app/Frameworks
    export SWIFT_STDLIB_TOOL_EXECUTABLE_TO_SCAN=
    export SWIFT_STDLIB_TOOL_FOLDERS_TO_SCAN=
    export SWIFT_STDLIB_TOOL_KEYCHAIN=
    export SWIFT_STDLIB_TOOL_OTHER_CODE_SIGN_FLAGS=
    export SWIFT_STDLIB_TOOL_SOURCE_LIBRARIES=
    export SWIFT_STDLIB_TOOL_STRIP_BITCODE=YES
    export SWIFT_STDLIB_TOOL_TOOLCHAINS=/Applications/Xcode.app/Contents/Developer/Toolchains/XcodeDefault.xctoolchain
    export SWIFT_STDLIB_TOOL_UNSIGNED_DESTINATION_DIR=
    export SWIFT_STDLIB_TOOL_VERBOSITY=verbose
    export SWIFT_STRICT_CONCURRENCY=minimal
    export SWIFT_STRICT_CONCURRENCY_DEFAULT=minimal
    export SWIFT_STRICT_CONCURRENCY_IN_SWIFT_VERSION_6_0=complete
    export SWIFT_STRICT_MEMORY_SAFETY=NO
    export SWIFT_SUPPRESS_WARNINGS=NO
    export SWIFT_SYSTEM_INCLUDE_PATHS=
    export SWIFT_TARGET_TRIPLE=undefined_arch-apple-ios13.0
    export SWIFT_THREAD_SANITIZER=
    export SWIFT_TREAT_WARNINGS_AS_ERRORS=NO
    export SWIFT_UPCOMING_FEATURE_6_0=NO
    export SWIFT_UPCOMING_FEATURE_CONCISE_MAGIC_FILE=NO
    export SWIFT_UPCOMING_FEATURE_DEPRECATE_APPLICATION_MAIN=NO
    export SWIFT_UPCOMING_FEATURE_DISABLE_OUTWARD_ACTOR_ISOLATION=NO
    export SWIFT_UPCOMING_FEATURE_DYNAMIC_ACTOR_ISOLATION=NO
    export SWIFT_UPCOMING_FEATURE_EXISTENTIAL_ANY=No
    export SWIFT_UPCOMING_FEATURE_FORWARD_TRAILING_CLOSURES=NO
    export SWIFT_UPCOMING_FEATURE_GLOBAL_ACTOR_ISOLATED_TYPES_USABILITY=NO
    export SWIFT_UPCOMING_FEATURE_GLOBAL_CONCURRENCY=NO
    export SWIFT_UPCOMING_FEATURE_IMPLICIT_OPEN_EXISTENTIALS=NO
    export SWIFT_UPCOMING_FEATURE_IMPORT_OBJC_FORWARD_DECLS=NO
    export SWIFT_UPCOMING_FEATURE_INFER_ISOLATED_CONFORMANCES=NO
    export SWIFT_UPCOMING_FEATURE_INFER_SENDABLE_FROM_CAPTURES=NO
    export SWIFT_UPCOMING_FEATURE_INTERNAL_IMPORTS_BY_DEFAULT=NO
    export SWIFT_UPCOMING_FEATURE_ISOLATED_DEFAULT_VALUES=NO
    export SWIFT_UPCOMING_FEATURE_MEMBER_IMPORT_VISIBILITY=NO
    export SWIFT_UPCOMING_FEATURE_NONFROZEN_ENUM_EXHAUSTIVITY=NO
    export SWIFT_UPCOMING_FEATURE_NONISOLATED_NONSENDING_BY_DEFAULT=NO
    export SWIFT_UPCOMING_FEATURE_REGION_BASED_ISOLATION=NO
    export SWIFT_USE_PARALLEL_WHOLE_MODULE_OPTIMIZATION=YES
    export SWIFT_USE_PARALLEL_WMO_TARGETS=YES
    export SWIFT_VALIDATE_CLANG_MODULES_ONCE_PER_BUILD_SESSION=YES
    export SWIFT_VERSION=5.0
    export SWIFT_WARNINGS_AS_ERRORS_GROUPS=
    export SWIFT_WARNINGS_AS_WARNINGS_GROUPS=
    export SWIFT_WHOLE_MODULE_OPTIMIZATION=NO
    export SYMBOL_GRAPH_EXTRACTOR_EXEC=swift-symbolgraph-extract
    export SYMBOL_GRAPH_EXTRACTOR_MODULE_CACHE_PATH=/Users/jose/src/work/hydracamv2/build/ios-icon-profile-keepeyeonball-iphone/ModuleCache.noindex
    export SYMBOL_GRAPH_EXTRACTOR_MODULE_NAME=Runner
    export SYMBOL_GRAPH_EXTRACTOR_OUTPUT_BASE=/Users/jose/src/work/hydracamv2/build/ios-icon-profile-keepeyeonball-iphone/Build/Intermediates.noindex/Runner.build/Profile-iphoneos/Runner.build/symbol-graph
    export SYMBOL_GRAPH_EXTRACTOR_OUTPUT_DIR=/Users/jose/src/work/hydracamv2/build/ios-icon-profile-keepeyeonball-iphone/Build/Intermediates.noindex/Runner.build/Profile-iphoneos/Runner.build/symbol-graph/swift/undefined_arch-apple-ios13.0
    export SYMBOL_GRAPH_EXTRACTOR_SDK=iphoneos26.5
    export SYMBOL_GRAPH_EXTRACTOR_SEARCH_PATHS=
    export SYMBOL_GRAPH_EXTRACTOR_SWIFT_VERSION=5.0
    export SYMBOL_GRAPH_EXTRACTOR_TARGET_TRIPLE=undefined_arch-apple-ios13.0
    export SYMBOL_HEADER=
    export SYMROOT=/Users/jose/src/work/hydracamv2/build/ios-icon-profile-keepeyeonball-iphone/Build/Products
    export SYSTEM_ADMIN_APPS_DIR=/Applications/Utilities
    export SYSTEM_APPS_DIR=/Applications
    export SYSTEM_CORE_SERVICES_DIR=/System/Library/CoreServices
    export SYSTEM_DEMOS_DIR=/Applications/Extras
    export SYSTEM_DEVELOPER_APPS_DIR=/Applications/Xcode.app/Contents/Developer/Applications
    export SYSTEM_DEVELOPER_BIN_DIR=/Applications/Xcode.app/Contents/Developer/usr/bin
    export SYSTEM_DEVELOPER_DEMOS_DIR="/Applications/Xcode.app/Contents/Developer/Applications/Utilities/Built Examples"
    export SYSTEM_DEVELOPER_DIR=/Applications/Xcode.app/Contents/Developer
    export SYSTEM_DEVELOPER_DOC_DIR="/Applications/Xcode.app/Contents/Developer/ADC Reference Library"
    export SYSTEM_DEVELOPER_EXECUTABLES_DIR=
    export SYSTEM_DEVELOPER_GRAPHICS_TOOLS_DIR="/Applications/Xcode.app/Contents/Developer/Applications/Graphics Tools"
    export SYSTEM_DEVELOPER_JAVA_TOOLS_DIR="/Applications/Xcode.app/Contents/Developer/Applications/Java Tools"
    export SYSTEM_DEVELOPER_PERFORMANCE_TOOLS_DIR="/Applications/Xcode.app/Contents/Developer/Applications/Performance Tools"
    export SYSTEM_DEVELOPER_RELEASENOTES_DIR="/Applications/Xcode.app/Contents/Developer/ADC Reference Library/releasenotes"
    export SYSTEM_DEVELOPER_TOOLS=/Applications/Xcode.app/Contents/Developer/Tools
    export SYSTEM_DEVELOPER_TOOLS_DOC_DIR="/Applications/Xcode.app/Contents/Developer/ADC Reference Library/documentation/DeveloperTools"
    export SYSTEM_DEVELOPER_TOOLS_RELEASENOTES_DIR="/Applications/Xcode.app/Contents/Developer/ADC Reference Library/releasenotes/DeveloperTools"
    export SYSTEM_DEVELOPER_USR_DIR=/Applications/Xcode.app/Contents/Developer/usr
    export SYSTEM_DEVELOPER_UTILITIES_DIR=/Applications/Xcode.app/Contents/Developer/Applications/Utilities
    export SYSTEM_DEXT_INSTALL_PATH=/System/Library/DriverExtensions
    export SYSTEM_DOCUMENTATION_DIR=/Library/Documentation
    export SYSTEM_EXTENSIONS_FOLDER_PATH=Runner.app/SystemExtensions
    export SYSTEM_EXTENSIONS_FOLDER_PATH_SHALLOW_BUNDLE_NO=Runner.app/Library/SystemExtensions
    export SYSTEM_EXTENSIONS_FOLDER_PATH_SHALLOW_BUNDLE_YES=Runner.app/SystemExtensions
    export SYSTEM_FRAMEWORK_SEARCH_PATHS=
    export SYSTEM_HEADER_SEARCH_PATHS=
    export SYSTEM_KEXT_INSTALL_PATH=/System/Library/Extensions
    export SYSTEM_LIBRARY_DIR=/System/Library
    export SYSTEM_LIBRARY_EXECUTABLES_DIR=
    export ShallowBundle=YES
    export SigningCert=
    export SkipEmbeddedFrameworksValidation=
    export TAPI_APPLICATION_EXTENSION_API_ONLY=NO
    export TAPI_DEMANGLE=YES
    export TAPI_DYLIB_ALLOWABLE_CLIENTS=
    export TAPI_DYLIB_COMPATIBILITY_VERSION=
    export TAPI_DYLIB_CURRENT_VERSION=
    export TAPI_DYLIB_INSTALL_NAME=
    export TAPI_EMIT_PROFILING_SYMBOLS=YES
    export TAPI_ENABLE_MODULES=NO
    export TAPI_ENABLE_PROJECT_HEADERS=NO
    export TAPI_ENABLE_VERIFICATION_MODE=YES
    export TAPI_EXCLUDE_PRIVATE_HEADERS=
    export TAPI_EXCLUDE_PROJECT_HEADERS=
    export TAPI_EXCLUDE_PUBLIC_HEADERS=
    export TAPI_EXEC=tapi
    export TAPI_EXTRACT_API_ENABLE_MODULES=YES
    export TAPI_EXTRACT_API_ENABLE_OBJC_ARC=YES
    export TAPI_EXTRACT_API_MODULE_CACHE_PATH=/Users/jose/src/work/hydracamv2/build/ios-icon-profile-keepeyeonball-iphone/ModuleCache.noindex
    export TAPI_EXTRACT_API_OUTPUT_DIR=/Users/jose/src/work/hydracamv2/build/ios-icon-profile-keepeyeonball-iphone/Build/Intermediates.noindex/Runner.build/Profile-iphoneos/Runner.build/symbol-graph/clang/undefined_arch-apple-ios13.0
    export TAPI_EXTRACT_API_SDKDB_OUTPUT_PATH=/Users/jose/src/work/hydracamv2/build/ios-icon-profile-keepeyeonball-iphone/Build/Intermediates.noindex/Runner.build/Profile-iphoneos/Runner.build/symbol-graph/clang/undefined_arch-apple-ios13.0/Runner.sdkdb
    export TAPI_EXTRACT_API_SEARCH_PATHS=
    export TAPI_EXTRACT_API_SYSTEM_ROOT=iphoneos26.5
    export TAPI_EXTRACT_API_TARGET_TRIPLE=undefined_arch-apple-ios13.0
    export TAPI_EXTRA_PRIVATE_HEADERS=
    export TAPI_EXTRA_PROJECT_HEADERS=
    export TAPI_EXTRA_PUBLIC_HEADERS=
    export TAPI_FRAMEWORK_SEARCH_PATHS=" \"/Users/jose/src/work/hydracamv2/build/ios-icon-profile-keepeyeonball-iphone/Build/Products/Profile-iphoneos/disk_space_plus\" \"/Users/jose/src/work/hydracamv2/build/ios-icon-profile-keepeyeonball-iphone/Build/Products/Profile-iphoneos/permission_handler_apple\" \"/Users/jose/src/work/hydracamv2/build/ios-icon-profile-keepeyeonball-iphone/Build/Products/Profile-iphoneos/photo_manager\""
    export TAPI_HEADER_SEARCH_PATHS=" \"/Users/jose/src/work/hydracamv2/build/ios-icon-profile-keepeyeonball-iphone/Build/Products/Profile-iphoneos/disk_space_plus/disk_space_plus.framework/Headers\" \"/Users/jose/src/work/hydracamv2/build/ios-icon-profile-keepeyeonball-iphone/Build/Products/Profile-iphoneos/permission_handler_apple/permission_handler_apple.framework/Headers\" \"/Users/jose/src/work/hydracamv2/build/ios-icon-profile-keepeyeonball-iphone/Build/Products/Profile-iphoneos/photo_manager/photo_manager.framework/Headers\""
    export TAPI_LANGUAGE=objective-c
    export TAPI_LANGUAGE_STANDARD=compiler-default
    export TAPI_LIBRARY_SEARCH_PATHS=" \"/Applications/Xcode.app/Contents/Developer/Toolchains/XcodeDefault.xctoolchain/usr/lib/swift/iphoneos\" /usr/lib/swift"
    export TAPI_MODULES_VALIDATE_SYSTEM_HEADERS=NO
    export TAPI_MODULE_CACHE_PATH=/Users/jose/src/work/hydracamv2/build/ios-icon-profile-keepeyeonball-iphone/ModuleCache.noindex
    export TAPI_PREPROCESSOR_DEFINITIONS=" COCOAPODS=1 "
    export TAPI_PRODUCT_TYPE=com.apple.product-type.application
    export TAPI_READ_DSYM=YES
    export TAPI_REEXPORTED_FRAMEWORK_INSTALL_NAMES=
    export TAPI_REEXPORTED_FRAMEWORK_NAMES=
    export TAPI_REEXPORTED_LIBRARY_INSTALL_NAMES=
    export TAPI_REEXPORTED_LIBRARY_NAMES=
    export TAPI_REEXPORTED_LIBRARY_PATHS=
    export TAPI_RUNPATH_SEARCH_PATHS=" /usr/lib/swift '@executable_path/Frameworks' '@loader_path/Frameworks' @executable_path/Frameworks"
    export TAPI_SHARED_CACHE_ELIGIBLE=Automatic
    export TAPI_SYSTEM_FRAMEWORK_SEARCH_PATHS=
    export TAPI_SYSTEM_HEADER_SEARCH_PATHS=
    export TAPI_TARGET_TRIPLE_ARCHS=arm64
    export TAPI_USE_SRCROOT=YES
    export TAPI_VERIFY_AGAINST=
    export TAPI_VERIFY_MODE=Pedantic
    export TARGETED_DEVICE_FAMILY=1,2
    export TARGETNAME=Runner
    export TARGET_BUILD_DIR=/Users/jose/src/work/hydracamv2/build/ios-icon-profile-keepeyeonball-iphone/Build/Products/Profile-iphoneos
    export TARGET_BUILD_SUBPATH=
    export TARGET_DEVICE_IDENTIFIER=00008101-000A68811E43001E
    export TARGET_DEVICE_MODEL=iPhone13,3
    export TARGET_DEVICE_OS_VERSION=26.5
    export TARGET_DEVICE_PLATFORM_NAME=iphoneos
    export TARGET_NAME=Runner
    export TARGET_TEMP_DIR=/Users/jose/src/work/hydracamv2/build/ios-icon-profile-keepeyeonball-iphone/Build/Intermediates.noindex/Runner.build/Profile-iphoneos/Runner.build
    export TEMP_DIR=/Users/jose/src/work/hydracamv2/build/ios-icon-profile-keepeyeonball-iphone/Build/Intermediates.noindex/Runner.build/Profile-iphoneos/Runner.build
    export TEMP_FILES_DIR=/Users/jose/src/work/hydracamv2/build/ios-icon-profile-keepeyeonball-iphone/Build/Intermediates.noindex/Runner.build/Profile-iphoneos/Runner.build
    export TEMP_FILE_DIR=/Users/jose/src/work/hydracamv2/build/ios-icon-profile-keepeyeonball-iphone/Build/Intermediates.noindex/Runner.build/Profile-iphoneos/Runner.build
    export TEMP_ROOT=/Users/jose/src/work/hydracamv2/build/ios-icon-profile-keepeyeonball-iphone/Build/Intermediates.noindex
    export TEMP_SANDBOX_DIR=/Users/jose/src/work/hydracamv2/build/ios-icon-profile-keepeyeonball-iphone/Build/Intermediates.noindex/TemporaryTaskSandboxes
    export TERM=dumb
    export TEST_FRAMEWORK_SEARCH_PATHS=" /Applications/Xcode.app/Contents/Developer/Platforms/iPhoneOS.platform/Developer/Library/Frameworks iphoneos26.5/Developer/Library/Frameworks"
    export TEST_HOST=
    export TEST_LIBRARY_SEARCH_PATHS=" /Applications/Xcode.app/Contents/Developer/Platforms/iPhoneOS.platform/Developer/usr/lib"
    export TEXTURE_ATLAS_ENABLE_WARNINGS=Yes
    export TEXTURE_ATLAS_FORMAT=RGBA8888_PNG
    export TEXTURE_ATLAS_MAXIMUM_SIZE=2048x2048
    export TMPDIR=/var/folders/6s/dp27g8gn26j9mp36sjfxb9tw0000gn/T/
    export TOOLCHAINS=
    export TOOLCHAIN_DIR=/Applications/Xcode.app/Contents/Developer/Toolchains/XcodeDefault.xctoolchain
    export TRACK_WIDGET_CREATION=false
    export TREAT_MISSING_BASELINES_AS_TEST_FAILURES=NO
    export TREAT_MISSING_SCRIPT_PHASE_OUTPUTS_AS_ERRORS=NO
    export TREE_SHAKE_ICONS=true
    export TVOS_DEPLOYMENT_TARGET=15.6
    export UID=501
    export UNEXPORTED_SYMBOLS_FILE=
    export UNINSTALLED_PRODUCTS_DIR=/Users/jose/src/work/hydracamv2/build/ios-icon-profile-keepeyeonball-iphone/Build/Intermediates.noindex/UninstalledProducts
    export UNLOCALIZED_RESOURCES_FOLDER_PATH=Runner.app
    export UNLOCALIZED_RESOURCES_FOLDER_PATH_SHALLOW_BUNDLE_NO=Runner.app/Resources
    export UNLOCALIZED_RESOURCES_FOLDER_PATH_SHALLOW_BUNDLE_YES=Runner.app
    export UNSTRIPPED_PRODUCT=NO
    export USER=jose
    export USER_APPS_DIR=/Users/jose/Applications
    export USER_LIBRARY_DIR=/Users/jose/Library
    export USE_DYNAMIC_NO_PIC=YES
    export USE_GCC3_PFE_SUPPORT=
    export USE_HEADERMAP=YES
    export USE_HEADER_SYMLINKS=NO
    export USE_RECURSIVE_SCRIPT_INPUTS_IN_SCRIPT_PHASES=YES
    export USE_SDK_TOOLCHAINS=YES
    export VALIDATE_PLIST_FILES_WHILE_COPYING=NO
    export VALIDATE_PRODUCT=YES
    export VALIDATE_STRINGS_FILES_WHILE_COPYING=YES
    export VALID_ARCHS="arm64e arm64"
    export VERBOSE_PBXCP=NO
    export VERSIONING_STUB=
    export VERSIONING_SYSTEM=apple-generic
    export VERSIONPLIST_PATH=Runner.app/version.plist
    export VERSIONS_FOLDER_PATH=
    export VERSION_INFO_BUILDER=jose
    export VERSION_INFO_EXPORT_DECL=
    export VERSION_INFO_FILE=Runner_vers.c
    export VERSION_INFO_PREFIX=
    export VERSION_INFO_STRING="\"@(#)PROGRAM:Runner  PROJECT:Runner-16\""
    export VERSION_INFO_SUFFIX=
    export ValidateForStore=YES
    export WARNING_CFLAGS=
    export WATCHOS_DEPLOYMENT_TARGET=8.7
    export WATCH_BUILT_PRODUCTS_DIR=/Users/jose/src/work/hydracamv2/build/ios-icon-profile-keepeyeonball-iphone/Build/Products/Profile-watchos
    export WORKSPACE_PATH=/Users/jose/src/work/hydracamv2/ios/Runner.xcworkspace
    export WRAPPER_EXTENSION=app
    export WRAPPER_NAME=Runner.app
    export WRAPPER_PREFIX=
    export WRAPPER_SUFFIX=.app
    export WRAP_ASSET_PACKS_IN_SEPARATE_DIRECTORIES=NO
    export XCODE_APP_SUPPORT_DIR=/Applications/Xcode.app/Contents/Developer/Library/Xcode
    export XCODE_DEVELOPER_DIR_PATH=
    export XCODE_PRODUCT_BUILD_VERSION=17F42
    export XCODE_VERSION_ACTUAL=2650
    export XCODE_VERSION_MAJOR=2600
    export XCODE_VERSION_MINOR=2650
    export XCSTRINGS_FORCE_BUILD_ALL_STRINGS=NO
    export XCSTRINGS_LANGUAGES_TO_COMPILE=
    export XIB_COMPILER_INFOPLIST_CONTENT_FILE=/Users/jose/src/work/hydracamv2/build/ios-icon-profile-keepeyeonball-iphone/Build/Intermediates.noindex/Runner.build/Profile-iphoneos/Runner.build/-PartialInfo.plist
    export XPCSERVICES_FOLDER_PATH=Runner.app/XPCServices
    export XPC_FLAGS=0x0
    export XPC_SERVICE_NAME=0
    export XROS_DEPLOYMENT_TARGET=1.3
    export YACC=yacc
    export YACCFLAGS=
    export YACC_GENERATED_FILE_STEM=Standard
    export YACC_GENERATE_DEBUGGING_DIRECTIVES=NO
    export YACC_INSERT_LINE_DIRECTIVES=YES
    export ZSH=/Users/jose/.oh-my-zsh
    export ZSH_TMUX_AUTOSTART=false
    export ZSH_TMUX_AUTOSTARTED=true
    export _=/usr/bin/xcodebuild
    export _CLANG_ENABLE_TYPED_ALLOCATOR_SUPPORT_DEFAULT=compiler-default
    export _CLANG_ENABLE_TYPED_ALLOCATOR_SUPPORT_DEFAULT_ENHANCED_SECURITY_NO=compiler-default
    export _CLANG_ENABLE_TYPED_ALLOCATOR_SUPPORT_DEFAULT_ENHANCED_SECURITY_YES=YES
    export _CLANG_TRIVIAL_AUTO_VAR_INIT_DEFAULT=default
    export _CLANG_TRIVIAL_AUTO_VAR_INIT_DEFAULT_ENABLE_ZERO_INIT_NO=default
    export _CLANG_TRIVIAL_AUTO_VAR_INIT_DEFAULT_ENABLE_ZERO_INIT_YES=zero
    export _DISCOVER_COMMAND_LINE_LINKER_INPUTS=YES
    export _DISCOVER_COMMAND_LINE_LINKER_INPUTS_INCLUDE_WL=YES
    export _LD_MULTIARCH=YES
    export _PREFIXED_SWIFT_VERSION=_5.0
    export _REZ_PREFIX_FILE=/Users/jose/src/work/hydracamv2/ios/
    export _UNSAFE_BUFFER_USAGE_DEFAULT=DEFAULT
    export _UNSAFE_BUFFER_USAGE_DEFAULT_ENABLE_SAFE_BUFFERS_NO=DEFAULT
    export _UNSAFE_BUFFER_USAGE_DEFAULT_ENABLE_SAFE_BUFFERS_YES=YES_ERROR
    export _WRAPPER_CONTENTS_DIR=
    export _WRAPPER_CONTENTS_DIR_SHALLOW_BUNDLE_NO=/Contents
    export _WRAPPER_PARENT_PATH=
    export _WRAPPER_PARENT_PATH_SHALLOW_BUNDLE_NO=/..
    export _WRAPPER_RESOURCES_DIR=
    export _WRAPPER_RESOURCES_DIR_SHALLOW_BUNDLE_NO=/Resources
    export __CFBundleIdentifier=com.openai.codex
    export __CF_USER_TEXT_ENCODING="0x1F5:0x0:0x0"
    export __CLANG_ANALYZER_DIVIDE_BY_ZERO_NO_SILENCE_STRING=core.DivideZero
    export __CLANG_ANALYZER_DIVIDE_BY_ZERO_YES_SILENCE_STRING=.
    export __CLANG_ANALYZER_NULL_DEREFERENCE_NO_SILENCE_STRING=core.NullDereference
    export __CLANG_ANALYZER_NULL_DEREFERENCE_YES_SILENCE_STRING=.
    export __CLANG_ANALYZER_SILENCE_CHECKERS=YES
    export __CLANG_ANALYZER_SILENCE_CHECKERS_LIST=".;."
    export __CPP_PREFIX_HEADER=
    export __CREATE_INFOPLIST_SECTION_IN_BINARY=NO
    export __DIAGNOSE_DEPRECATED_ARCHS=YES
    export __ENHANCED_SECURITY_OR_BOUNDS_SAFE_BUFFERS=NO
    export __ENHANCED_SECURITY_OR_BOUNDS_SAFE_BUFFERS_NO_NO=NO
    export __ENHANCED_SECURITY_OR_BOUNDS_SAFE_BUFFERS_NO_YES=YES
    export __ENHANCED_SECURITY_OR_BOUNDS_SAFE_BUFFERS_YES_NO=YES
    export __ENHANCED_SECURITY_OR_BOUNDS_SAFE_BUFFERS_YES_YES=YES
    export __IIG_DEPLOYMENT_TARGET__=13.0
    export __IIG_FRAMEWORK_NAME__=com.apple.product-type.application
    export __INPUT_FILE_LIST_PATH__=
    export __IS_NOT_MACOS=YES
    export __IS_NOT_MACOS_macosx=NO
    export __IS_NOT_SIMULATOR=YES
    export __IS_NOT_SIMULATOR_simulator=NO
    export __LIBRARY_HARDENING_DEFAULT_VALUE=
    export __LIBRARY_HARDENING_DEFAULT_VALUE_OPT_LEVEL_0_ENHANCED_SECURITY_OR_BOUNDS_SAFE_BUFFERS_NO=debug
    export __LIBRARY_HARDENING_DEFAULT_VALUE_OPT_LEVEL_0_ENHANCED_SECURITY_OR_BOUNDS_SAFE_BUFFERS_YES=debug
    export __LIBRARY_HARDENING_DEFAULT_VALUE_OPT_LEVEL_1_ENHANCED_SECURITY_OR_BOUNDS_SAFE_BUFFERS_YES=fast
    export __LIBRARY_HARDENING_DEFAULT_VALUE_OPT_LEVEL_2_ENHANCED_SECURITY_OR_BOUNDS_SAFE_BUFFERS_YES=fast
    export __LIBRARY_HARDENING_DEFAULT_VALUE_OPT_LEVEL_3_ENHANCED_SECURITY_OR_BOUNDS_SAFE_BUFFERS_YES=fast
    export __LIBRARY_HARDENING_DEFAULT_VALUE_OPT_LEVEL_fast_ENHANCED_SECURITY_OR_BOUNDS_SAFE_BUFFERS_YES=fast
    export __LIBRARY_HARDENING_DEFAULT_VALUE_OPT_LEVEL_s_ENHANCED_SECURITY_OR_BOUNDS_SAFE_BUFFERS_YES=fast
    export __LIBRARY_HARDENING_DEFAULT_VALUE_OPT_LEVEL_z_ENHANCED_SECURITY_OR_BOUNDS_SAFE_BUFFERS_YES=fast
    export __OTHER_IIG_CFLAGS__=YES
    export __SWIFT_ENFORCE_EXCLUSIVE_ACCESS_DEBUG_ENFORCEMENT_DEBUG=YES
    export __SWIFT_ENFORCE_EXCLUSIVE_ACCESS_DEBUG_ENFORCEMENT_RELEASE=YES
    export __infoplist_absolute__=/Users/jose/src/work/hydracamv2/build/ios-icon-profile-keepeyeonball-iphone/Build/Products/Profile-iphoneos/Runner.app
    export __infoplist_subpath__=Info.plist
    export __no_validate_extension__=YES
    export _exclude_ds_store_files_=
    export _resolve_src_symlinks_=
    export arch=undefined_arch
    export build_file_compiler_flags=
    export diagnostic_message_length=0
    export mig_generate_client_sources=YES
    export mig_generate_server_sources=NO
    export print_note_include_stack=YES
    export variant=normal
    /bin/sh -c /var/folders/6s/dp27g8gn26j9mp36sjfxb9tw0000gn/T/SchemeScriptAction-ge19DJ.sh
Warning: unknown environment variable SWIFT_DEBUG_INFORMATION_FORMAT
Warning: unknown environment variable SWIFT_DEBUG_INFORMATION_VERSION
Warning: unknown environment variable SWIFT_DEBUG_INFORMATION_FORMAT
Warning: unknown environment variable SWIFT_DEBUG_INFORMATION_VERSION
Warning: unknown environment variable SWIFT_DEBUG_INFORMATION_FORMAT
Warning: unknown environment variable SWIFT_DEBUG_INFORMATION_VERSION
Warning: unknown environment variable SWIFT_DEBUG_INFORMATION_FORMAT
Warning: unknown environment variable SWIFT_DEBUG_INFORMATION_VERSION
Warning: unknown environment variable SWIFT_DEBUG_INFORMATION_FORMAT
Warning: unknown environment variable SWIFT_DEBUG_INFORMATION_VERSION
Warning: unknown environment variable SWIFT_DEBUG_INFORMATION_FORMAT
Warning: unknown environment variable SWIFT_DEBUG_INFORMATION_VERSION
Warning: unknown environment variable SWIFT_DEBUG_INFORMATION_FORMAT
Warning: unknown environment variable SWIFT_DEBUG_INFORMATION_VERSION
Warning: unknown environment variable SWIFT_DEBUG_INFORMATION_FORMAT
Warning: unknown environment variable SWIFT_DEBUG_INFORMATION_VERSION

ComputePackagePrebuildTargetDependencyGraph

Prepare packages

CreateBuildRequest

SendProjectDescription

CreateBuildOperation

ComputeTargetDependencyGraph
note: Building targets in dependency order
note: Target dependency graph (64 targets)
    Target 'Runner' in project 'Runner'
        ➜ Implicit dependency on target 'Pods-Runner' in project 'Pods' via file 'Pods_Runner.framework' in build phase 'Link Binary'
        ➜ Implicit dependency on target 'disk_space_plus' in project 'Pods' via options '-framework disk_space_plus' in build setting 'OTHER_LDFLAGS'
        ➜ Implicit dependency on target 'permission_handler_apple' in project 'Pods' via options '-framework permission_handler_apple' in build setting 'OTHER_LDFLAGS'
        ➜ Implicit dependency on target 'photo_manager' in project 'Pods' via options '-framework photo_manager' in build setting 'OTHER_LDFLAGS'
        ➜ Explicit dependency on target 'FlutterGeneratedPluginSwiftPackage' in project 'FlutterGeneratedPluginSwiftPackage'
    Target 'FlutterGeneratedPluginSwiftPackage' in project 'FlutterGeneratedPluginSwiftPackage'
        ➜ Explicit dependency on target 'FlutterGeneratedPluginSwiftPackage' in project 'FlutterGeneratedPluginSwiftPackage'
        ➜ Explicit dependency on target 'integration-test' in project 'integration_test'
        ➜ Explicit dependency on target 'wakelock-plus' in project 'wakelock_plus'
        ➜ Explicit dependency on target 'package-info-plus' in project 'package_info_plus'
        ➜ Explicit dependency on target 'video-player-avfoundation' in project 'video_player_avfoundation'
        ➜ Explicit dependency on target 'shared-preferences-foundation' in project 'shared_preferences_foundation'
        ➜ Explicit dependency on target 'sensors-plus' in project 'sensors_plus'
        ➜ Explicit dependency on target 'path-provider-foundation' in project 'path_provider_foundation'
        ➜ Explicit dependency on target 'network-info-plus' in project 'network_info_plus'
        ➜ Explicit dependency on target 'geolocator-apple' in project 'geolocator_apple'
        ➜ Explicit dependency on target 'flutter-secure-storage-darwin' in project 'flutter_secure_storage_darwin'
        ➜ Explicit dependency on target 'flutter-appauth' in project 'flutter_appauth'
        ➜ Explicit dependency on target 'device-info-plus' in project 'device_info_plus'
        ➜ Explicit dependency on target 'connectivity-plus' in project 'connectivity_plus'
        ➜ Explicit dependency on target 'camera-avfoundation' in project 'camera_avfoundation'
        ➜ Explicit dependency on target 'battery-plus' in project 'battery_plus'
        ➜ Explicit dependency on target 'FlutterFramework' in project 'FlutterFramework'
    Target 'FlutterGeneratedPluginSwiftPackage' in project 'FlutterGeneratedPluginSwiftPackage'
        ➜ Explicit dependency on target 'integration-test' in project 'integration_test'
        ➜ Explicit dependency on target 'wakelock-plus' in project 'wakelock_plus'
        ➜ Explicit dependency on target 'package-info-plus' in project 'package_info_plus'
        ➜ Explicit dependency on target 'video-player-avfoundation' in project 'video_player_avfoundation'
        ➜ Explicit dependency on target 'shared-preferences-foundation' in project 'shared_preferences_foundation'
        ➜ Explicit dependency on target 'sensors-plus' in project 'sensors_plus'
        ➜ Explicit dependency on target 'path-provider-foundation' in project 'path_provider_foundation'
        ➜ Explicit dependency on target 'network-info-plus' in project 'network_info_plus'
        ➜ Explicit dependency on target 'geolocator-apple' in project 'geolocator_apple'
        ➜ Explicit dependency on target 'flutter-secure-storage-darwin' in project 'flutter_secure_storage_darwin'
        ➜ Explicit dependency on target 'flutter-appauth' in project 'flutter_appauth'
        ➜ Explicit dependency on target 'device-info-plus' in project 'device_info_plus'
        ➜ Explicit dependency on target 'connectivity-plus' in project 'connectivity_plus'
        ➜ Explicit dependency on target 'camera-avfoundation' in project 'camera_avfoundation'
        ➜ Explicit dependency on target 'battery-plus' in project 'battery_plus'
        ➜ Explicit dependency on target 'FlutterFramework' in project 'FlutterFramework'
    Target 'battery-plus' in project 'battery_plus'
        ➜ Explicit dependency on target 'battery_plus' in project 'battery_plus'
        ➜ Explicit dependency on target 'battery_plus_battery_plus' in project 'battery_plus'
    Target 'battery_plus' in project 'battery_plus'
        ➜ Explicit dependency on target 'battery_plus_battery_plus' in project 'battery_plus'
    Target 'battery_plus_battery_plus' in project 'battery_plus' (no dependencies)
    Target 'camera-avfoundation' in project 'camera_avfoundation'
        ➜ Explicit dependency on target 'camera_avfoundation' in project 'camera_avfoundation'
        ➜ Explicit dependency on target 'camera_avfoundation_objc' in project 'camera_avfoundation'
        ➜ Explicit dependency on target 'camera_avfoundation_camera_avfoundation' in project 'camera_avfoundation'
        ➜ Explicit dependency on target 'camera_avfoundation_camera_avfoundation_objc' in project 'camera_avfoundation'
    Target 'camera_avfoundation' in project 'camera_avfoundation'
        ➜ Explicit dependency on target 'camera_avfoundation_camera_avfoundation' in project 'camera_avfoundation'
        ➜ Explicit dependency on target 'camera_avfoundation_objc' in project 'camera_avfoundation'
    Target 'camera_avfoundation_objc' in project 'camera_avfoundation'
        ➜ Explicit dependency on target 'camera_avfoundation_camera_avfoundation_objc' in project 'camera_avfoundation'
    Target 'camera_avfoundation_camera_avfoundation_objc' in project 'camera_avfoundation' (no dependencies)
    Target 'camera_avfoundation_camera_avfoundation' in project 'camera_avfoundation' (no dependencies)
    Target 'connectivity-plus' in project 'connectivity_plus'
        ➜ Explicit dependency on target 'connectivity_plus' in project 'connectivity_plus'
        ➜ Explicit dependency on target 'connectivity_plus_connectivity_plus' in project 'connectivity_plus'
    Target 'connectivity_plus' in project 'connectivity_plus'
        ➜ Explicit dependency on target 'connectivity_plus_connectivity_plus' in project 'connectivity_plus'
    Target 'connectivity_plus_connectivity_plus' in project 'connectivity_plus' (no dependencies)
    Target 'device-info-plus' in project 'device_info_plus'
        ➜ Explicit dependency on target 'device_info_plus' in project 'device_info_plus'
        ➜ Explicit dependency on target 'device_info_plus_device_info_plus' in project 'device_info_plus'
    Target 'device_info_plus' in project 'device_info_plus'
        ➜ Explicit dependency on target 'device_info_plus_device_info_plus' in project 'device_info_plus'
    Target 'device_info_plus_device_info_plus' in project 'device_info_plus' (no dependencies)
    Target 'flutter-appauth' in project 'flutter_appauth'
        ➜ Explicit dependency on target 'flutter_appauth' in project 'flutter_appauth'
        ➜ Explicit dependency on target 'flutter_appauth_flutter_appauth' in project 'flutter_appauth'
        ➜ Explicit dependency on target 'AppAuth' in project 'AppAuth'
    Target 'flutter_appauth' in project 'flutter_appauth'
        ➜ Explicit dependency on target 'flutter_appauth_flutter_appauth' in project 'flutter_appauth'
        ➜ Explicit dependency on target 'AppAuth' in project 'AppAuth'
    Target 'AppAuth' in project 'AppAuth'
        ➜ Explicit dependency on target 'AppAuth' in project 'AppAuth'
        ➜ Explicit dependency on target 'AppAuth_AppAuth' in project 'AppAuth'
        ➜ Explicit dependency on target 'AppAuthCore' in project 'AppAuth'
    Target 'AppAuth' in project 'AppAuth'
        ➜ Explicit dependency on target 'AppAuth_AppAuth' in project 'AppAuth'
        ➜ Explicit dependency on target 'AppAuthCore' in project 'AppAuth'
    Target 'AppAuthCore' in project 'AppAuth'
        ➜ Explicit dependency on target 'AppAuth_AppAuthCore' in project 'AppAuth'
    Target 'AppAuth_AppAuthCore' in project 'AppAuth' (no dependencies)
    Target 'AppAuth_AppAuth' in project 'AppAuth' (no dependencies)
    Target 'flutter_appauth_flutter_appauth' in project 'flutter_appauth' (no dependencies)
    Target 'flutter-secure-storage-darwin' in project 'flutter_secure_storage_darwin'
        ➜ Explicit dependency on target 'flutter_secure_storage_darwin' in project 'flutter_secure_storage_darwin'
        ➜ Explicit dependency on target 'flutter_secure_storage_darwin_flutter_secure_storage_darwin' in project 'flutter_secure_storage_darwin'
    Target 'flutter_secure_storage_darwin' in project 'flutter_secure_storage_darwin'
        ➜ Explicit dependency on target 'flutter_secure_storage_darwin_flutter_secure_storage_darwin' in project 'flutter_secure_storage_darwin'
    Target 'flutter_secure_storage_darwin_flutter_secure_storage_darwin' in project 'flutter_secure_storage_darwin' (no dependencies)
    Target 'geolocator-apple' in project 'geolocator_apple'
        ➜ Explicit dependency on target 'geolocator_apple' in project 'geolocator_apple'
        ➜ Explicit dependency on target 'geolocator_apple_geolocator_apple' in project 'geolocator_apple'
    Target 'geolocator_apple' in project 'geolocator_apple'
        ➜ Explicit dependency on target 'geolocator_apple_geolocator_apple' in project 'geolocator_apple'
    Target 'geolocator_apple_geolocator_apple' in project 'geolocator_apple' (no dependencies)
    Target 'network-info-plus' in project 'network_info_plus'
        ➜ Explicit dependency on target 'network_info_plus' in project 'network_info_plus'
        ➜ Explicit dependency on target 'network_info_plus_network_info_plus' in project 'network_info_plus'
    Target 'network_info_plus' in project 'network_info_plus'
        ➜ Explicit dependency on target 'network_info_plus_network_info_plus' in project 'network_info_plus'
    Target 'network_info_plus_network_info_plus' in project 'network_info_plus' (no dependencies)
    Target 'path-provider-foundation' in project 'path_provider_foundation'
        ➜ Explicit dependency on target 'path_provider_foundation' in project 'path_provider_foundation'
        ➜ Explicit dependency on target 'path_provider_foundation_path_provider_foundation' in project 'path_provider_foundation'
    Target 'path_provider_foundation' in project 'path_provider_foundation'
        ➜ Explicit dependency on target 'path_provider_foundation_path_provider_foundation' in project 'path_provider_foundation'
    Target 'path_provider_foundation_path_provider_foundation' in project 'path_provider_foundation' (no dependencies)
    Target 'sensors-plus' in project 'sensors_plus'
        ➜ Explicit dependency on target 'sensors_plus' in project 'sensors_plus'
        ➜ Explicit dependency on target 'sensors_plus_sensors_plus' in project 'sensors_plus'
    Target 'sensors_plus' in project 'sensors_plus'
        ➜ Explicit dependency on target 'sensors_plus_sensors_plus' in project 'sensors_plus'
    Target 'sensors_plus_sensors_plus' in project 'sensors_plus' (no dependencies)
    Target 'shared-preferences-foundation' in project 'shared_preferences_foundation'
        ➜ Explicit dependency on target 'shared_preferences_foundation' in project 'shared_preferences_foundation'
        ➜ Explicit dependency on target 'shared_preferences_foundation_shared_preferences_foundation' in project 'shared_preferences_foundation'
    Target 'shared_preferences_foundation' in project 'shared_preferences_foundation'
        ➜ Explicit dependency on target 'shared_preferences_foundation_shared_preferences_foundation' in project 'shared_preferences_foundation'
    Target 'shared_preferences_foundation_shared_preferences_foundation' in project 'shared_preferences_foundation' (no dependencies)
    Target 'video-player-avfoundation' in project 'video_player_avfoundation'
        ➜ Explicit dependency on target 'video_player_avfoundation' in project 'video_player_avfoundation'
        ➜ Explicit dependency on target 'video_player_avfoundation_video_player_avfoundation' in project 'video_player_avfoundation'
        ➜ Explicit dependency on target 'video_player_avfoundation_ios' in project 'video_player_avfoundation'
    Target 'video_player_avfoundation' in project 'video_player_avfoundation'
        ➜ Explicit dependency on target 'video_player_avfoundation_video_player_avfoundation' in project 'video_player_avfoundation'
        ➜ Explicit dependency on target 'video_player_avfoundation_ios' in project 'video_player_avfoundation'
    Target 'video_player_avfoundation_ios' in project 'video_player_avfoundation' (no dependencies)
    Target 'video_player_avfoundation_video_player_avfoundation' in project 'video_player_avfoundation' (no dependencies)
    Target 'package-info-plus' in project 'package_info_plus'
        ➜ Explicit dependency on target 'package_info_plus' in project 'package_info_plus'
        ➜ Explicit dependency on target 'package_info_plus_package_info_plus' in project 'package_info_plus'
    Target 'package_info_plus' in project 'package_info_plus'
        ➜ Explicit dependency on target 'package_info_plus_package_info_plus' in project 'package_info_plus'
    Target 'package_info_plus_package_info_plus' in project 'package_info_plus' (no dependencies)
    Target 'wakelock-plus' in project 'wakelock_plus'
        ➜ Explicit dependency on target 'wakelock_plus' in project 'wakelock_plus'
        ➜ Explicit dependency on target 'wakelock_plus_wakelock_plus' in project 'wakelock_plus'
    Target 'wakelock_plus' in project 'wakelock_plus'
        ➜ Explicit dependency on target 'wakelock_plus_wakelock_plus' in project 'wakelock_plus'
    Target 'wakelock_plus_wakelock_plus' in project 'wakelock_plus' (no dependencies)
    Target 'integration-test' in project 'integration_test'
        ➜ Explicit dependency on target 'integration_test' in project 'integration_test'
        ➜ Explicit dependency on target 'FlutterFramework' in project 'FlutterFramework'
    Target 'integration_test' in project 'integration_test'
        ➜ Explicit dependency on target 'FlutterFramework' in project 'FlutterFramework'
    Target 'FlutterFramework' in project 'FlutterFramework'
        ➜ Explicit dependency on target 'FlutterFramework' in project 'FlutterFramework'
    Target 'FlutterFramework' in project 'FlutterFramework' (no dependencies)
    Target 'Pods-Runner' in project 'Pods'
        ➜ Explicit dependency on target 'Flutter' in project 'Pods'
        ➜ Explicit dependency on target 'disk_space_plus' in project 'Pods'
        ➜ Explicit dependency on target 'permission_handler_apple' in project 'Pods'
        ➜ Explicit dependency on target 'photo_manager' in project 'Pods'
    Target 'photo_manager' in project 'Pods'
        ➜ Explicit dependency on target 'Flutter' in project 'Pods'
        ➜ Explicit dependency on target 'photo_manager-photo_manager_privacy' in project 'Pods'
    Target 'photo_manager-photo_manager_privacy' in project 'Pods' (no dependencies)
    Target 'permission_handler_apple' in project 'Pods'
        ➜ Explicit dependency on target 'Flutter' in project 'Pods'
        ➜ Explicit dependency on target 'permission_handler_apple-permission_handler_apple_privacy' in project 'Pods'
    Target 'permission_handler_apple-permission_handler_apple_privacy' in project 'Pods' (no dependencies)
    Target 'disk_space_plus' in project 'Pods'
        ➜ Explicit dependency on target 'Flutter' in project 'Pods'
    Target 'Flutter' in project 'Pods' (no dependencies)

GatherProvisioningInputs

CreateBuildDescription

ExecuteExternalTool /Applications/Xcode.app/Contents/Developer/Toolchains/XcodeDefault.xctoolchain/usr/bin/clang -v -E -dM -arch arm64 -isysroot /Applications/Xcode.app/Contents/Developer/Platforms/iPhoneOS.platform/Developer/SDKs/iPhoneOS26.5.sdk -x c -c /dev/null

ExecuteExternalTool /Applications/Xcode.app/Contents/Developer/Toolchains/XcodeDefault.xctoolchain/usr/bin/swiftc --version

ExecuteExternalTool /Applications/Xcode.app/Contents/Developer/Toolchains/XcodeDefault.xctoolchain/usr/bin/clang -v -E -dM -arch arm64 -isysroot /Applications/Xcode.app/Contents/Developer/Platforms/iPhoneOS.platform/Developer/SDKs/iPhoneOS26.5.sdk -x objective-c -c /dev/null

ExecuteExternalTool /Applications/Xcode.app/Contents/Developer/Toolchains/XcodeDefault.xctoolchain/usr/bin/clang -v -E -dM -isysroot /Applications/Xcode.app/Contents/Developer/Platforms/iPhoneOS.platform/Developer/SDKs/iPhoneOS26.5.sdk -x c -c /dev/null

ExecuteExternalTool /Applications/Xcode.app/Contents/Developer/Toolchains/XcodeDefault.xctoolchain/usr/bin/ld -version_details

ExecuteExternalTool /Applications/Xcode.app/Contents/Developer/Toolchains/XcodeDefault.xctoolchain/usr/bin/libtool -V

ExecuteExternalTool /Applications/Xcode.app/Contents/Developer/usr/bin/ibtool --version --output-format xml1

ExecuteExternalTool /Applications/Xcode.app/Contents/Developer/usr/bin/actool --print-asset-tag-combinations --output-format xml1 /Users/jose/src/work/hydracamv2/ios/Runner/Assets.xcassets

ExecuteExternalTool /Applications/Xcode.app/Contents/Developer/usr/bin/actool --version --output-format xml1

Build description signature: 6c63fce587e0c34021ac6ebdbb25cd91
Build description path: /Users/jose/src/work/hydracamv2/build/ios-icon-profile-keepeyeonball-iphone/Build/Intermediates.noindex/XCBuildData/6c63fce587e0c34021ac6ebdbb25cd91.xcbuilddata
/Users/jose/src/work/hydracamv2/ios/Runner.xcodeproj: error: No Accounts: Add a new account in Accounts settings. (in target 'Runner' from project 'Runner')
/Users/jose/src/work/hydracamv2/ios/Runner.xcodeproj: error: No signing certificate "iOS Development" found: No "iOS Development" signing certificate matching team ID "4RRY2QT7H8" with a private key was found. (in target 'Runner' from project 'Runner')
note: Run script build phase 'Run Script' will be run during every build because the option to run the script phase "Based on dependency analysis" is unchecked. (in target 'Runner' from project 'Runner')
warning: Run script build phase 'Run Script' will be run during every build because it does not specify any outputs. To address this issue, either add output dependencies to the script phase, or configure it to run in every build by unchecking "Based on dependency analysis" in the script phase. (in target 'Runner' from project 'Runner')
note: Run script build phase 'Thin Binary' will be run during every build because the option to run the script phase "Based on dependency analysis" is unchecked. (in target 'Runner' from project 'Runner')

[stderr]
The following plugins do not support Swift Package Manager for ios:
  - photo_manager
  - permission_handler_apple
  - disk_space_plus
This will become an error in a future version of Flutter. Please contact the plugin maintainers to request Swift Package Manager adoption.
The following plugins do not support Swift Package Manager for macos:
  - photo_manager
This will become an error in a future version of Flutter. Please contact the plugin maintainers to request Swift Package Manager adoption.
** BUILD FAILED **


The following build commands failed:
	Building workspace Runner with scheme Runner and configuration Profile
(1 failure)
[exit-code] 65

$ env
ANDROID_HOME=/Users/jose/Library/Android/sdk
CODEX_CI=1
CODEX_INTERNAL_ORIGINATOR_OVERRIDE=Codex Desktop
CODEX_SHELL=1
CODEX_THREAD_ID=019eaa13-8366-7a61-a196-117eb23dc3bc
COLORTERM=
COMMAND_MODE=unix2003
DISABLE_AUTO_UPDATE=true
FPATH=/Users/jose/.oh-my-zsh/plugins/z:/Users/jose/.oh-my-zsh/plugins/flutter:/Users/jose/.oh-my-zsh/plugins/git:/Users/jose/.oh-my-zsh/functions:/Users/jose/.oh-my-zsh/completions:/Users/jose/.oh-my-zsh/custom/functions:/Users/jose/.oh-my-zsh/custom/completions:/Users/jose/.oh-my-zsh/cache/completions:/opt/homebrew/share/zsh/site-functions:/usr/local/share/zsh/site-functions:/usr/share/zsh/site-functions:/usr/share/zsh/5.9/functions
GH_PAGER=cat
GIT_PAGER=cat
HOME=/Users/jose
HOMEBREW_CELLAR=/opt/homebrew/Cellar
HOMEBREW_PREFIX=/opt/homebrew
HOMEBREW_REPOSITORY=/opt/homebrew
INFOPATH=/opt/homebrew/share/info:/opt/homebrew/share/info:
LANG=C.UTF-8
LC_ALL=C.UTF-8
LC_CTYPE=C.UTF-8
LESS=-R
LOGNAME=jose
LOG_FORMAT=json
LSCOLORS=Gxfxcxdxbxegedabagacad
LS_COLORS=di=1;36:ln=35:so=32:pi=33:ex=31:bd=34;46:cd=34;43:su=30;41:sg=30;46:tw=30;42:ow=30;43
MallocNanoZone=0
NO_COLOR=1
OLDPWD=/Users/jose/src/work/hydracamv2
OSLogRateLimit=64
PAGER=less
PATH=/Users/jose/.codex/tmp/arg0/codex-arg0p17LK3:/Users/jose/Library/Android/sdk/platform-tools:/Users/jose/Library/Android/sdk/emulator:/Users/jose/Library/Android/sdk/cmdline-tools/latest/bin:/Users/jose/.antigravity-ide/antigravity-ide/bin:/Users/jose/.opencode/bin:/Users/jose/.antigravity/antigravity/bin:/Users/jose/.antigravity/antigravity/bin:/opt/homebrew/lib/ruby/gems/3.4.0/bin:/opt/homebrew/opt/ruby/bin:/Library/Frameworks/Python.framework/Versions/3.13/bin:/opt/homebrew/bin:/opt/homebrew/sbin:/usr/local/bin:/System/Cryptexes/App/usr/bin:/usr/bin:/bin:/usr/sbin:/sbin:/var/run/com.apple.security.cryptexd/codex.system/bootstrap/usr/local/bin:/var/run/com.apple.security.cryptexd/codex.system/bootstrap/usr/bin:/var/run/com.apple.security.cryptexd/codex.system/bootstrap/usr/appleinternal/bin:/opt/pkg/env/active/bin:/opt/pmk/env/global/bin:/Library/Apple/usr/bin:/usr/local/share/dotnet:~/.dotnet/tools:/opt/homebrew/opt/ruby/bin:/opt/homebrew/lib/ruby/gems/3.4.0/bin:/Users/jose/Library/Application:/Users/jose/.local/bin:/Users/jose/.lmstudio/bin:/Users/jose/.local/bin:/Applications/Codex.app/Contents/Resources
PWD=/Users/jose/src/work/hydracamv2
RUST_LOG=warn
SHELL=/bin/zsh
SHLVL=1
SSH_AUTH_SOCK=/var/run/com.apple.launchd.p4PwkDhMLA/Listeners
TERM=dumb
TMPDIR=/var/folders/6s/dp27g8gn26j9mp36sjfxb9tw0000gn/T/
USER=jose
XPC_FLAGS=0x0
XPC_SERVICE_NAME=0
ZSH=/Users/jose/.oh-my-zsh
ZSH_TMUX_AUTOSTART=false
ZSH_TMUX_AUTOSTARTED=true
__CFBundleIdentifier=com.openai.codex
__CF_USER_TEXT_ENCODING=0x1F5:0x0:0x0
_=/Library/Frameworks/Python.framework/Versions/3.13/bin/python3
[exit-code] 0

$ find . -maxdepth 4 -iname *AuthKey*.p8 -print
[exit-code] 0

$ xcrun devicectl device info lockState --device 0A947DBD-A462-5BAA-AB84-17F143D41619 --timeout 20
04:04:19  Acquired tunnel connection to device.
04:04:19  Acquired usage assertion.
Current device lock state:
• deviceIdentifier: 0A947DBD-A462-5BAA-AB84-17F143D41619
• passcodeRequired: false
• unlockedSinceBoot: true
[exit-code] 0

$ xcrun devicectl device info lockState --device AB1E2F45-61B1-5FBD-972A-940EA7EC8B0A --timeout 20
04:04:21  Acquired tunnel connection to device.
04:04:21  Acquired usage assertion.
Current device lock state:
• deviceIdentifier: AB1E2F45-61B1-5FBD-972A-940EA7EC8B0A
• passcodeRequired: false
• unlockedSinceBoot: true
[exit-code] 0
