# HydraCam evidence run command log

$ flutter pub get
Resolving dependencies...
Downloading packages...
  cli_util 0.4.2 (0.5.1 available)
  flutter_secure_storage_darwin 0.3.2 (0.4.0 available)
  image 4.8.0 (4.9.1 available)
  matcher 0.12.19 (0.12.20 available)
  meta 1.18.0 (1.18.3 available)
  package_config 2.2.0 (3.0.0 available)
  test_api 0.7.11 (0.7.12 available)
  vector_math 2.2.0 (2.4.0 available)
  xml 6.6.1 (7.0.1 available)
Got dependencies!
9 packages have newer versions incompatible with dependency constraints.
Try `flutter pub outdated` for more information.

[stderr]
The following plugins do not support Swift Package Manager for ios:
  - disk_space_plus
This will become an error in a future version of Flutter. Please contact the plugin maintainers to request Swift Package Manager adoption.
[exit-code] 0

$ flutter analyze --no-pub
Analyzing hydracamv2...
No issues found! (ran in 4.5s)
[exit-code] 0

$ flutter test --no-pub
00:00 +0: loading /Users/jose/src/work/hydracamv2/test/l10n/app_localizations_test.dart
00:00 +0: /Users/jose/src/work/hydracamv2/test/l10n/app_localizations_test.dart: seeded translations use locale-native spelling
00:00 +1: /Users/jose/src/work/hydracamv2/test/platform_setup_test.dart: Platform Setup Tests iOS Podfile should exist and be valid
00:00 +2: /Users/jose/src/work/hydracamv2/test/platform_setup_test.dart: Platform Setup Tests Android build.gradle should exist
00:00 +3: /Users/jose/src/work/hydracamv2/test/platform_setup_test.dart: Platform Setup Tests Web index.html should exist
00:00 +4: /Users/jose/src/work/hydracamv2/test/integration/two_device_sync_capture_test.dart: (setUpAll)
00:00 +4: /Users/jose/src/work/hydracamv2/test/integration/two_device_sync_capture_test.dart: real MasterServer + real SlaveClient calibrate and persist syncMetadata through a master-driven takePhoto
Log registered: {message: WebSocket Server successfully started on port 4040, timestamp: 2026-06-18 14:10:22.262783, function: null, file: null}
Log registered: {message: UploaderService: Resetting upload queue and state., timestamp: 2026-06-18 14:10:22.273477, function: null, file: null}
Log registered: {message: UploaderService: Reset completed., timestamp: 2026-06-18 14:10:22.274134, function: null, file: null}
Log registered: {message: Session started with GUID: integration-sync-session on device type: Slave, timestamp: 2026-06-18 14:10:22.274428, function: null, file: null}
Log registered: {message: Retrieved existing Device ID: slave-integration, timestamp: 2026-06-18 14:10:22.278460, function: null, file: null}
Log registered: {message: Attempting to connect to master WebSocket at ws://127.0.0.1:51734/ws with Device ID: slave-integration, timestamp: 2026-06-18 14:10:22.278764, function: null, file: null}
Log registered: {message: New WebSocket client connected., timestamp: 2026-06-18 14:10:22.287597, function: null, file: null}
Log registered: {message: Could not read slave app version diagnostics: MissingPluginException(No implementation found for method getAll on channel dev.fluttercommunity.plus/package_info), timestamp: 2026-06-18 14:10:22.291218, function: null, file: null}
Log registered: {message: Could not read slave hardware diagnostics: MissingPluginException(No implementation found for method getDeviceInfo on channel dev.fluttercommunity.plus/device_info), timestamp: 2026-06-18 14:10:22.294272, function: null, file: null}
Log registered: {message: Connected to WebSocket at ws://127.0.0.1:51734/ws, timestamp: 2026-06-18 14:10:22.296045, function: null, file: null}
Log registered: {message: Data received from slave: {type: deviceId, deviceId: slave-integration, sessionGuid: integration-sync-session, setupStatus: {cameraPerspectiveId: unknown, cameraPerspectiveLabel: Unknown, isLevel: false, sensorAvailable: false}}, timestamp: 2026-06-18 14:10:22.298895, function: null, file: null}
Log registered: {message: Data received from slave: {type: getSessionStatus, deviceId: slave-integration}, timestamp: 2026-06-18 14:10:22.300616, function: null, file: null}
Log registered: {message: Received getSessionStatus from slave-integration, timestamp: 2026-06-18 14:10:22.300730, function: null, file: null}
Log registered: {message: Sent sessionStatus to slave-integration: {"command":"sessionStatus","sessionGuid":"integration-sync-session"}, timestamp: 2026-06-18 14:10:22.301310, function: null, file: null}
Log registered: {message: Data received from slave: {type: timeSyncRequest, deviceId: slave-integration, id: 1:0, t0: 2026-06-18T12:10:22.296683Z}, timestamp: 2026-06-18 14:10:22.301792, function: null, file: null}
Log registered: {message: Data received from slave: {type: timeSyncRequest, deviceId: slave-integration, id: 1:1, t0: 2026-06-18T12:10:22.296868Z}, timestamp: 2026-06-18 14:10:22.302140, function: null, file: null}
Log registered: {message: Data received from slave: {type: timeSyncRequest, deviceId: slave-integration, id: 1:2, t0: 2026-06-18T12:10:22.296922Z}, timestamp: 2026-06-18 14:10:22.302352, function: null, file: null}
Log registered: {message: Data received from slave: {type: timeSyncRequest, deviceId: slave-integration, id: 1:3, t0: 2026-06-18T12:10:22.296970Z}, timestamp: 2026-06-18 14:10:22.302586, function: null, file: null}
Log registered: {message: Data received from slave: {type: timeSyncRequest, deviceId: slave-integration, id: 1:4, t0: 2026-06-18T12:10:22.297015Z}, timestamp: 2026-06-18 14:10:22.302768, function: null, file: null}
Log registered: {message: Data received from slave: {type: timeSyncRequest, deviceId: slave-integration, id: 1:5, t0: 2026-06-18T12:10:22.297060Z}, timestamp: 2026-06-18 14:10:22.303035, function: null, file: null}
Log registered: {message: Data received from slave: {type: timeSyncRequest, deviceId: slave-integration, id: 1:6, t0: 2026-06-18T12:10:22.297102Z}, timestamp: 2026-06-18 14:10:22.303366, function: null, file: null}
Log registered: {message: Data received from slave: {type: timeSyncRequest, deviceId: slave-integration, id: 1:7, t0: 2026-06-18T12:10:22.297143Z}, timestamp: 2026-06-18 14:10:22.303548, function: null, file: null}
Log registered: {message: Data received from slave: {type: heartbeat, deviceId: slave-integration, sessionGuid: integration-sync-session, timestamp: 2026-06-18T14:10:22.297760, setupStatus: {cameraPerspectiveId: unknown, cameraPerspectiveLabel: Unknown, isLevel: false, sensorAvailable: false}, sessionMedia: {photoCount: 0, videoCount: 0, pendingUploadCount: 0, uploadedCount: 0}}, timestamp: 2026-06-18 14:10:22.303740, function: null, file: null}
Log registered: {message: Registered new slave with deviceId: slave-integration, timestamp: 2026-06-18 14:10:22.304482, function: null, file: null}
Log registered: {message: Sent sessionStatus to slave-integration: {"command":"sessionStatus","sessionGuid":"integration-sync-session"}, timestamp: 2026-06-18 14:10:22.304675, function: null, file: null}
Log registered: {message: Received heartbeat from slave-integration, timestamp: 2026-06-18 14:10:22.304825, function: null, file: null}
Log registered: {message: Command received from master: {"command":"sessionStatus","sessionGuid":"integration-sync-session"}, timestamp: 2026-06-18 14:10:22.306422, function: null, file: null}
Log registered: {message: Command: {"command":"sessionStatus","sessionGuid":"integration-sync-session"}, timestamp: 2026-06-18 14:10:22.306620, function: null, file: null}
Log registered: {message: Session guid: integration-sync-session, timestamp: 2026-06-18 14:10:22.306694, function: null, file: null}
Log registered: {message: Session already active with GUID: integration-sync-session. Preserving existing media on rejoin as Slave., timestamp: 2026-06-18 14:10:22.306913, function: null, file: null}
Log registered: {message: Get token, timestamp: 2026-06-18 14:10:22.307409, function: null, file: null}
Log registered: {message: Fetch token, timestamp: 2026-06-18 14:10:22.307676, function: null, file: null}
Log registered: {message: Failed to fetch M2M token: , timestamp: 2026-06-18 14:10:22.316510, function: null, file: null}
Log registered: {message: Error on POST device/ReadyToTransmit: Exception: Failed to retrieve M2M token, timestamp: 2026-06-18 14:10:22.316731, function: null, file: null}
Log registered: {message: Failed to notify server: No response, timestamp: 2026-06-18 14:10:22.316811, function: null, file: null}
Log registered: {message: Clock synced to master: offset -2 ms, uncertainty 8 ms, RTT 15 ms, 8 samples, green., timestamp: 2026-06-18 14:10:22.318551, function: null, file: null}
Log registered: {message: Command received from master: {"command":"sessionStatus","sessionGuid":"integration-sync-session"}, timestamp: 2026-06-18 14:10:22.319684, function: null, file: null}
Log registered: {message: Command: {"command":"sessionStatus","sessionGuid":"integration-sync-session"}, timestamp: 2026-06-18 14:10:22.319815, function: null, file: null}
Log registered: {message: Session guid: integration-sync-session, timestamp: 2026-06-18 14:10:22.319886, function: null, file: null}
Log registered: {message: Session already active with GUID: integration-sync-session. Preserving existing media on rejoin as Slave., timestamp: 2026-06-18 14:10:22.319973, function: null, file: null}
Log registered: {message: Get token, timestamp: 2026-06-18 14:10:22.320065, function: null, file: null}
Log registered: {message: Fetch token, timestamp: 2026-06-18 14:10:22.320130, function: null, file: null}
Log registered: {message: Sending command takePhoto, timestamp: 2026-06-18 14:10:22.320529, function: null, file: null}
Log registered: {message: Command 'takePhoto' sent to slave with deviceId: slave-integration., timestamp: 2026-06-18 14:10:22.320895, function: null, file: null}
Log registered: {message: Failed to fetch M2M token: , timestamp: 2026-06-18 14:10:22.321377, function: null, file: null}
Log registered: {message: Error on POST device/ReadyToTransmit: Exception: Failed to retrieve M2M token, timestamp: 2026-06-18 14:10:22.321467, function: null, file: null}
Log registered: {message: Failed to notify server: No response, timestamp: 2026-06-18 14:10:22.321527, function: null, file: null}
Log registered: {message: Command received from master: takePhoto, timestamp: 2026-06-18 14:10:22.321988, function: null, file: null}
Log registered: {message: Mock camera ready for native controller mode on macOS., timestamp: 2026-06-18 14:10:22.323062, function: null, file: null}
Log registered: {message: Retrieved existing Device ID: slave-integration, timestamp: 2026-06-18 14:10:22.323889, function: null, file: null}
Log registered: {message: Mock photo saved to session path: /var/folders/6s/dp27g8gn26j9mp36sjfxb9tw0000gn/T/two_device_sync_docsX1AA9A/session_integration-sync-session/mock_1_2026-06-18T14-10-22-324852.jpg, timestamp: 2026-06-18 14:10:22.326336, function: null, file: null}
Log registered: {message: Retrieved existing Device ID: slave-integration, timestamp: 2026-06-18 14:10:22.326516, function: null, file: null}
Log registered: {message: Adding photo to upload queue: /var/folders/6s/dp27g8gn26j9mp36sjfxb9tw0000gn/T/two_device_sync_docsX1AA9A/session_integration-sync-session/mock_1_2026-06-18T14-10-22-324852.jpg, timestamp: 2026-06-18 14:10:22.327239, function: null, file: null}
Log registered: {message: Session metadata saved to /var/folders/6s/dp27g8gn26j9mp36sjfxb9tw0000gn/T/two_device_sync_docsX1AA9A/session_integration-sync-session/metadata.json, timestamp: 2026-06-18 14:10:22.330062, function: null, file: null}
Log registered: {message: Sync sidecar saved to /var/folders/6s/dp27g8gn26j9mp36sjfxb9tw0000gn/T/two_device_sync_docsX1AA9A/session_integration-sync-session/mock_1_2026-06-18T14-10-22-324852.jpg.sync.json, timestamp: 2026-06-18 14:10:22.330970, function: null, file: null}
Log registered: {message: [UploaderService] No uploaded media with valid durations. Returning zero duration., timestamp: 2026-06-18 14:10:22.331790, function: null, file: null}
Log registered: {message: Media added to upload queue: /var/folders/6s/dp27g8gn26j9mp36sjfxb9tw0000gn/T/two_device_sync_docsX1AA9A/session_integration-sync-session/mock_1_2026-06-18T14-10-22-324852.jpg, timestamp: 2026-06-18 14:10:22.331933, function: null, file: null}
Log registered: {message: Auto-upload is disabled. Media added to queue but not uploaded., timestamp: 2026-06-18 14:10:22.332075, function: null, file: null}
Log registered: {message: Connection closed, timestamp: 2026-06-18 14:10:22.347429, function: null, file: null}
Log registered: {message: WebSocket Server stopped, timestamp: 2026-06-18 14:10:22.349277, function: null, file: null}
Log registered: {message: Session metadata saved to /var/folders/6s/dp27g8gn26j9mp36sjfxb9tw0000gn/T/two_device_sync_docsX1AA9A/session_integration-sync-session/metadata.json, timestamp: 2026-06-18 14:10:22.354218, function: null, file: null}
Log registered: {message: UploaderService: Resetting upload queue and state., timestamp: 2026-06-18 14:10:22.354366, function: null, file: null}
Log registered: {message: UploaderService: Reset completed., timestamp: 2026-06-18 14:10:22.354448, function: null, file: null}
Log registered: {message: Session ended and uploader reset., timestamp: 2026-06-18 14:10:22.354526, function: null, file: null}
00:00 +5: /Users/jose/src/work/hydracamv2/test/integration/two_device_sync_capture_test.dart: (tearDownAll)
00:00 +5: /Users/jose/src/work/hydracamv2/test/platform/platform_behavior_test.dart: Platform Behavior Platform detection works
00:00 +6: /Users/jose/src/work/hydracamv2/test/platform/platform_behavior_test.dart: Platform Behavior Mobile-specific features Camera should be available on mobile
00:00 +7: /Users/jose/src/work/hydracamv2/test/platform/platform_behavior_test.dart: Platform Behavior Mobile-specific features Gallery saving should work on mobile
00:00 +8: /Users/jose/src/work/hydracamv2/test/platform/platform_behavior_test.dart: Platform Behavior Mobile-specific features Permissions are required on mobile
00:00 +9: /Users/jose/src/work/hydracamv2/test/platform/platform_behavior_test.dart: Platform Behavior Desktop-specific features Desktop may have limited camera support
00:00 +10: /Users/jose/src/work/hydracamv2/test/platform/platform_behavior_test.dart: Platform Behavior Desktop-specific features Desktop uses file system directly
00:00 +11: /Users/jose/src/work/hydracamv2/test/platform/platform_behavior_test.dart: Platform Behavior Desktop-specific features Desktop may not need runtime permissions
00:00 +12: /Users/jose/src/work/hydracamv2/test/platform/platform_behavior_test.dart: Cross-platform features Networking works on all platforms
00:00 +13: /Users/jose/src/work/hydracamv2/test/platform/platform_behavior_test.dart: Cross-platform features Storage management works on all platforms
00:00 +14: /Users/jose/src/work/hydracamv2/test/platform/platform_behavior_test.dart: Cross-platform features Session management is platform-agnostic
00:00 +15: /Users/jose/src/work/hydracamv2/test/platform/multi_device_orchestration_test.dart: (setUpAll)
00:00 +15: /Users/jose/src/work/hydracamv2/test/platform/multi_device_orchestration_test.dart: Photo Scenarios Scenario P1: single slave burst populates queue and metadata
Log registered: {message: UploaderService: Resetting upload queue and state., timestamp: 2026-06-18 14:10:22.509667, function: null, file: null}
Log registered: {message: UploaderService: Reset completed., timestamp: 2026-06-18 14:10:22.511833, function: null, file: null}
Log registered: {message: UploaderService: Resetting upload queue and state., timestamp: 2026-06-18 14:10:22.514817, function: null, file: null}
Log registered: {message: UploaderService: Reset completed., timestamp: 2026-06-18 14:10:22.514933, function: null, file: null}
Log registered: {message: Session started with GUID: session_p1 on device type: Master, timestamp: 2026-06-18 14:10:22.515183, function: null, file: null}
Log registered: {message: Adding photo to upload queue: /var/folders/6s/dp27g8gn26j9mp36sjfxb9tw0000gn/T/hydracam_multi_device_media0OUBEX/p1-0.jpg, timestamp: 2026-06-18 14:10:22.518345, function: null, file: null}
Log registered: {message: Session metadata saved to /var/folders/6s/dp27g8gn26j9mp36sjfxb9tw0000gn/T/hydracam_multi_device_docsCiI9yJ/session_session_p1/metadata.json, timestamp: 2026-06-18 14:10:22.524797, function: null, file: null}
Log registered: {message: [UploaderService] No uploaded media with valid durations. Returning zero duration., timestamp: 2026-06-18 14:10:22.525644, function: null, file: null}
Log registered: {message: Media added to upload queue: /var/folders/6s/dp27g8gn26j9mp36sjfxb9tw0000gn/T/hydracam_multi_device_media0OUBEX/p1-0.jpg, timestamp: 2026-06-18 14:10:22.525763, function: null, file: null}
Log registered: {message: Auto-upload is disabled. Media added to queue but not uploaded., timestamp: 2026-06-18 14:10:22.526602, function: null, file: null}
Log registered: {message: Adding photo to upload queue: /var/folders/6s/dp27g8gn26j9mp36sjfxb9tw0000gn/T/hydracam_multi_device_media0OUBEX/p1-1.jpg, timestamp: 2026-06-18 14:10:22.527022, function: null, file: null}
Log registered: {message: Session metadata saved to /var/folders/6s/dp27g8gn26j9mp36sjfxb9tw0000gn/T/hydracam_multi_device_docsCiI9yJ/session_session_p1/metadata.json, timestamp: 2026-06-18 14:10:22.527745, function: null, file: null}
Log registered: {message: [UploaderService] No uploaded media with valid durations. Returning zero duration., timestamp: 2026-06-18 14:10:22.527985, function: null, file: null}
Log registered: {message: Media added to upload queue: /var/folders/6s/dp27g8gn26j9mp36sjfxb9tw0000gn/T/hydracam_multi_device_media0OUBEX/p1-1.jpg, timestamp: 2026-06-18 14:10:22.528065, function: null, file: null}
Log registered: {message: Auto-upload is disabled. Media added to queue but not uploaded., timestamp: 2026-06-18 14:10:22.528164, function: null, file: null}
Log registered: {message: Adding photo to upload queue: /var/folders/6s/dp27g8gn26j9mp36sjfxb9tw0000gn/T/hydracam_multi_device_media0OUBEX/p1-2.jpg, timestamp: 2026-06-18 14:10:22.528567, function: null, file: null}
Log registered: {message: Session metadata saved to /var/folders/6s/dp27g8gn26j9mp36sjfxb9tw0000gn/T/hydracam_multi_device_docsCiI9yJ/session_session_p1/metadata.json, timestamp: 2026-06-18 14:10:22.529233, function: null, file: null}
Log registered: {message: [UploaderService] No uploaded media with valid durations. Returning zero duration., timestamp: 2026-06-18 14:10:22.529340, function: null, file: null}
Log registered: {message: Media added to upload queue: /var/folders/6s/dp27g8gn26j9mp36sjfxb9tw0000gn/T/hydracam_multi_device_media0OUBEX/p1-2.jpg, timestamp: 2026-06-18 14:10:22.529410, function: null, file: null}
Log registered: {message: Auto-upload is disabled. Media added to queue but not uploaded., timestamp: 2026-06-18 14:10:22.529515, function: null, file: null}
Log registered: {message: UploaderService: Resetting upload queue and state., timestamp: 2026-06-18 14:10:22.556813, function: null, file: null}
Log registered: {message: UploaderService: Reset completed., timestamp: 2026-06-18 14:10:22.556984, function: null, file: null}
Log registered: {message: Session metadata saved to /var/folders/6s/dp27g8gn26j9mp36sjfxb9tw0000gn/T/hydracam_multi_device_docsCiI9yJ/session_session_p1/metadata.json, timestamp: 2026-06-18 14:10:22.561064, function: null, file: null}
Log registered: {message: UploaderService: Resetting upload queue and state., timestamp: 2026-06-18 14:10:22.561233, function: null, file: null}
Log registered: {message: UploaderService: Reset completed., timestamp: 2026-06-18 14:10:22.561323, function: null, file: null}
Log registered: {message: Session ended and uploader reset., timestamp: 2026-06-18 14:10:22.561401, function: null, file: null}
00:01 +16: /Users/jose/src/work/hydracamv2/test/platform/multi_device_orchestration_test.dart: Photo Scenarios Scenario P2: two slaves contribute photos with unique device IDs
00:01 +16: /Users/jose/src/work/hydracamv2/test/platform/multi_device_orchestration_test.dart: Photo Scenarios Scenario P1: single slave burst populates queue and metadata
Trace persistence retry scheduled: PathNotFoundException: Cannot open file, path = '/var/folders/6s/dp27g8gn26j9mp36sjfxb9tw0000gn/T/hydracam_multi_device_docsCiI9yJ/logs/hydracam-trace-2026-06-18T14-10-22-523270.ndjson' (OS Error: No such file or directory, errno = 2)
00:01 +16: /Users/jose/src/work/hydracamv2/test/platform/multi_device_orchestration_test.dart: Photo Scenarios Scenario P2: two slaves contribute photos with unique device IDs
Log registered: {message: UploaderService: Resetting upload queue and state., timestamp: 2026-06-18 14:10:22.566167, function: null, file: null}
Log registered: {message: UploaderService: Reset completed., timestamp: 2026-06-18 14:10:22.566280, function: null, file: null}
Log registered: {message: UploaderService: Resetting upload queue and state., timestamp: 2026-06-18 14:10:22.566712, function: null, file: null}
Log registered: {message: UploaderService: Reset completed., timestamp: 2026-06-18 14:10:22.566787, function: null, file: null}
Log registered: {message: Session started with GUID: session_p2 on device type: Master, timestamp: 2026-06-18 14:10:22.566848, function: null, file: null}
Log registered: {message: Adding photo to upload queue: /var/folders/6s/dp27g8gn26j9mp36sjfxb9tw0000gn/T/hydracam_multi_device_medianEvYcG/p2-a.jpg, timestamp: 2026-06-18 14:10:22.567162, function: null, file: null}
Log registered: {message: Session metadata saved to /var/folders/6s/dp27g8gn26j9mp36sjfxb9tw0000gn/T/hydracam_multi_device_docsZj8rAQ/session_session_p2/metadata.json, timestamp: 2026-06-18 14:10:22.567914, function: null, file: null}
Log registered: {message: [UploaderService] No uploaded media with valid durations. Returning zero duration., timestamp: 2026-06-18 14:10:22.568051, function: null, file: null}
Log registered: {message: Media added to upload queue: /var/folders/6s/dp27g8gn26j9mp36sjfxb9tw0000gn/T/hydracam_multi_device_medianEvYcG/p2-a.jpg, timestamp: 2026-06-18 14:10:22.568119, function: null, file: null}
Log registered: {message: Auto-upload is disabled. Media added to queue but not uploaded., timestamp: 2026-06-18 14:10:22.568214, function: null, file: null}
Log registered: {message: Adding photo to upload queue: /var/folders/6s/dp27g8gn26j9mp36sjfxb9tw0000gn/T/hydracam_multi_device_medianEvYcG/p2-b.jpg, timestamp: 2026-06-18 14:10:22.568509, function: null, file: null}
Log registered: {message: Session metadata saved to /var/folders/6s/dp27g8gn26j9mp36sjfxb9tw0000gn/T/hydracam_multi_device_docsZj8rAQ/session_session_p2/metadata.json, timestamp: 2026-06-18 14:10:22.569182, function: null, file: null}
Log registered: {message: [UploaderService] No uploaded media with valid durations. Returning zero duration., timestamp: 2026-06-18 14:10:22.569306, function: null, file: null}
Log registered: {message: Media added to upload queue: /var/folders/6s/dp27g8gn26j9mp36sjfxb9tw0000gn/T/hydracam_multi_device_medianEvYcG/p2-b.jpg, timestamp: 2026-06-18 14:10:22.569369, function: null, file: null}
Log registered: {message: Auto-upload is disabled. Media added to queue but not uploaded., timestamp: 2026-06-18 14:10:22.569452, function: null, file: null}
00:01 +17: /Users/jose/src/work/hydracamv2/test/platform/multi_device_orchestration_test.dart: Photo Scenarios Scenario P2: two slaves contribute photos with unique device IDs
00:01 +18: /Users/jose/src/work/hydracamv2/test/platform/multi_device_orchestration_test.dart: Photo Scenarios Scenario P2: two slaves contribute photos with unique device IDs
Log registered: {message: UploaderService: Resetting upload queue and state., timestamp: 2026-06-18 14:10:22.592215, function: null, file: null}
Log registered: {message: UploaderService: Reset completed., timestamp: 2026-06-18 14:10:22.592359, function: null, file: null}
Log registered: {message: Session metadata saved to /var/folders/6s/dp27g8gn26j9mp36sjfxb9tw0000gn/T/hydracam_multi_device_docsZj8rAQ/session_session_p2/metadata.json, timestamp: 2026-06-18 14:10:22.593327, function: null, file: null}
Log registered: {message: UploaderService: Resetting upload queue and state., timestamp: 2026-06-18 14:10:22.593449, function: null, file: null}
Log registered: {message: UploaderService: Reset completed., timestamp: 2026-06-18 14:10:22.593512, function: null, file: null}
Log registered: {message: Session ended and uploader reset., timestamp: 2026-06-18 14:10:22.593565, function: null, file: null}
00:01 +19: /Users/jose/src/work/hydracamv2/test/models/capture_context_metadata_test.dart: MediaCaptureContext serializes perspective, level, camera, profile, and device metadata
00:01 +19: /Users/jose/src/work/hydracamv2/test/platform/multi_device_orchestration_test.dart: Photo Scenarios Scenario P3: round-robin commands respect device order
Log registered: {message: UploaderService: Resetting upload queue and state., timestamp: 2026-06-18 14:10:22.595277, function: null, file: null}
Log registered: {message: UploaderService: Reset completed., timestamp: 2026-06-18 14:10:22.595358, function: null, file: null}
00:01 +20: /Users/jose/src/work/hydracamv2/test/platform/multi_device_orchestration_test.dart: Photo Scenarios Scenario P3: round-robin commands respect device order
Log registered: {message: UploaderService: Resetting upload queue and state., timestamp: 2026-06-18 14:10:22.595787, function: null, file: null}
Log registered: {message: UploaderService: Reset completed., timestamp: 2026-06-18 14:10:22.595875, function: null, file: null}
Log registered: {message: Session started with GUID: session_p3 on device type: Master, timestamp: 2026-06-18 14:10:22.595935, function: null, file: null}
Log registered: {message: Adding photo to upload queue: /var/folders/6s/dp27g8gn26j9mp36sjfxb9tw0000gn/T/hydracam_multi_device_mediacLMlXP/slave-A.jpg, timestamp: 2026-06-18 14:10:22.596302, function: null, file: null}
00:01 +21: /Users/jose/src/work/hydracamv2/test/platform/multi_device_orchestration_test.dart: Photo Scenarios Scenario P3: round-robin commands respect device order
Log registered: {message: Session metadata saved to /var/folders/6s/dp27g8gn26j9mp36sjfxb9tw0000gn/T/hydracam_multi_device_docsUOZUTg/session_session_p3/metadata.json, timestamp: 2026-06-18 14:10:22.597041, function: null, file: null}
Log registered: {message: [UploaderService] No uploaded media with valid durations. Returning zero duration., timestamp: 2026-06-18 14:10:22.597154, function: null, file: null}
Log registered: {message: Media added to upload queue: /var/folders/6s/dp27g8gn26j9mp36sjfxb9tw0000gn/T/hydracam_multi_device_mediacLMlXP/slave-A.jpg, timestamp: 2026-06-18 14:10:22.597217, function: null, file: null}
Log registered: {message: Auto-upload is disabled. Media added to queue but not uploaded., timestamp: 2026-06-18 14:10:22.597577, function: null, file: null}
Log registered: {message: Adding photo to upload queue: /var/folders/6s/dp27g8gn26j9mp36sjfxb9tw0000gn/T/hydracam_multi_device_mediacLMlXP/slave-B.jpg, timestamp: 2026-06-18 14:10:22.597858, function: null, file: null}
Log registered: {message: Session metadata saved to /var/folders/6s/dp27g8gn26j9mp36sjfxb9tw0000gn/T/hydracam_multi_device_docsUOZUTg/session_session_p3/metadata.json, timestamp: 2026-06-18 14:10:22.598787, function: null, file: null}
Log registered: {message: [UploaderService] No uploaded media with valid durations. Returning zero duration., timestamp: 2026-06-18 14:10:22.598897, function: null, file: null}
Log registered: {message: Media added to upload queue: /var/folders/6s/dp27g8gn26j9mp36sjfxb9tw0000gn/T/hydracam_multi_device_mediacLMlXP/slave-B.jpg, timestamp: 2026-06-18 14:10:22.598957, function: null, file: null}
Log registered: {message: Auto-upload is disabled. Media added to queue but not uploaded., timestamp: 2026-06-18 14:10:22.599028, function: null, file: null}
Log registered: {message: Adding photo to upload queue: /var/folders/6s/dp27g8gn26j9mp36sjfxb9tw0000gn/T/hydracam_multi_device_mediacLMlXP/slave-C.jpg, timestamp: 2026-06-18 14:10:22.599321, function: null, file: null}
Log registered: {message: Session metadata saved to /var/folders/6s/dp27g8gn26j9mp36sjfxb9tw0000gn/T/hydracam_multi_device_docsUOZUTg/session_session_p3/metadata.json, timestamp: 2026-06-18 14:10:22.600013, function: null, file: null}
Log registered: {message: [UploaderService] No uploaded media with valid durations. Returning zero duration., timestamp: 2026-06-18 14:10:22.600160, function: null, file: null}
Log registered: {message: Media added to upload queue: /var/folders/6s/dp27g8gn26j9mp36sjfxb9tw0000gn/T/hydracam_multi_device_mediacLMlXP/slave-C.jpg, timestamp: 2026-06-18 14:10:22.600224, function: null, file: null}
Log registered: {message: Auto-upload is disabled. Media added to queue but not uploaded., timestamp: 2026-06-18 14:10:22.600305, function: null, file: null}
Log registered: {message: Adding photo to upload queue: /var/folders/6s/dp27g8gn26j9mp36sjfxb9tw0000gn/T/hydracam_multi_device_mediacLMlXP/slave-D.jpg, timestamp: 2026-06-18 14:10:22.600568, function: null, file: null}
Log registered: {message: Session metadata saved to /var/folders/6s/dp27g8gn26j9mp36sjfxb9tw0000gn/T/hydracam_multi_device_docsUOZUTg/session_session_p3/metadata.json, timestamp: 2026-06-18 14:10:22.601197, function: null, file: null}
Log registered: {message: [UploaderService] No uploaded media with valid durations. Returning zero duration., timestamp: 2026-06-18 14:10:22.601305, function: null, file: null}
Log registered: {message: Media added to upload queue: /var/folders/6s/dp27g8gn26j9mp36sjfxb9tw0000gn/T/hydracam_multi_device_mediacLMlXP/slave-D.jpg, timestamp: 2026-06-18 14:10:22.601363, function: null, file: null}
Log registered: {message: Auto-upload is disabled. Media added to queue but not uploaded., timestamp: 2026-06-18 14:10:22.601434, function: null, file: null}
Log registered: {message: UploaderService: Resetting upload queue and state., timestamp: 2026-06-18 14:10:22.624678, function: null, file: null}
Log registered: {message: UploaderService: Reset completed., timestamp: 2026-06-18 14:10:22.624873, function: null, file: null}
Log registered: {message: Session metadata saved to /var/folders/6s/dp27g8gn26j9mp36sjfxb9tw0000gn/T/hydracam_multi_device_docsUOZUTg/session_session_p3/metadata.json, timestamp: 2026-06-18 14:10:22.625800, function: null, file: null}
Log registered: {message: UploaderService: Resetting upload queue and state., timestamp: 2026-06-18 14:10:22.625939, function: null, file: null}
Log registered: {message: UploaderService: Reset completed., timestamp: 2026-06-18 14:10:22.626005, function: null, file: null}
Log registered: {message: Session ended and uploader reset., timestamp: 2026-06-18 14:10:22.626052, function: null, file: null}
00:01 +22: /Users/jose/src/work/hydracamv2/test/platform/multi_device_orchestration_test.dart: Photo Scenarios Scenario P4: master rotation resets session state
Log registered: {message: UploaderService: Resetting upload queue and state., timestamp: 2026-06-18 14:10:22.627869, function: null, file: null}
Log registered: {message: UploaderService: Reset completed., timestamp: 2026-06-18 14:10:22.627967, function: null, file: null}
Log registered: {message: UploaderService: Resetting upload queue and state., timestamp: 2026-06-18 14:10:22.628393, function: null, file: null}
Log registered: {message: UploaderService: Reset completed., timestamp: 2026-06-18 14:10:22.628468, function: null, file: null}
Log registered: {message: Session started with GUID: session_p4_a on device type: Master, timestamp: 2026-06-18 14:10:22.628518, function: null, file: null}
Log registered: {message: Adding photo to upload queue: /var/folders/6s/dp27g8gn26j9mp36sjfxb9tw0000gn/T/hydracam_multi_device_mediaZgKx0d/p4.jpg, timestamp: 2026-06-18 14:10:22.628823, function: null, file: null}
Log registered: {message: Session metadata saved to /var/folders/6s/dp27g8gn26j9mp36sjfxb9tw0000gn/T/hydracam_multi_device_docsGA5lhd/session_session_p4_a/metadata.json, timestamp: 2026-06-18 14:10:22.629666, function: null, file: null}
Log registered: {message: [UploaderService] No uploaded media with valid durations. Returning zero duration., timestamp: 2026-06-18 14:10:22.629810, function: null, file: null}
Log registered: {message: Media added to upload queue: /var/folders/6s/dp27g8gn26j9mp36sjfxb9tw0000gn/T/hydracam_multi_device_mediaZgKx0d/p4.jpg, timestamp: 2026-06-18 14:10:22.629876, function: null, file: null}
Log registered: {message: Auto-upload is disabled. Media added to queue but not uploaded., timestamp: 2026-06-18 14:10:22.629960, function: null, file: null}
00:01 +23: /Users/jose/src/work/hydracamv2/test/platform/multi_device_orchestration_test.dart: Photo Scenarios Scenario P4: master rotation resets session state
00:01 +24: /Users/jose/src/work/hydracamv2/test/platform/multi_device_orchestration_test.dart: Photo Scenarios Scenario P4: master rotation resets session state
Log registered: {message: Session metadata saved to /var/folders/6s/dp27g8gn26j9mp36sjfxb9tw0000gn/T/hydracam_multi_device_docsGA5lhd/session_session_p4_a/metadata.json, timestamp: 2026-06-18 14:10:22.654048, function: null, file: null}
Log registered: {message: UploaderService: Resetting upload queue and state., timestamp: 2026-06-18 14:10:22.654258, function: null, file: null}
Log registered: {message: UploaderService: Reset completed., timestamp: 2026-06-18 14:10:22.654328, function: null, file: null}
Log registered: {message: Session ended and uploader reset., timestamp: 2026-06-18 14:10:22.654375, function: null, file: null}
Log registered: {message: UploaderService: Resetting upload queue and state., timestamp: 2026-06-18 14:10:22.654426, function: null, file: null}
Log registered: {message: UploaderService: Reset completed., timestamp: 2026-06-18 14:10:22.654471, function: null, file: null}
Log registered: {message: UploaderService: Resetting upload queue and state., timestamp: 2026-06-18 14:10:22.654518, function: null, file: null}
Log registered: {message: UploaderService: Reset completed., timestamp: 2026-06-18 14:10:22.654566, function: null, file: null}
Log registered: {message: Session started with GUID: session_p4_b on device type: Master, timestamp: 2026-06-18 14:10:22.654613, function: null, file: null}
Log registered: {message: UploaderService: Resetting upload queue and state., timestamp: 2026-06-18 14:10:22.655029, function: null, file: null}
Log registered: {message: UploaderService: Reset completed., timestamp: 2026-06-18 14:10:22.655100, function: null, file: null}
Log registered: {message: Session metadata saved to /var/folders/6s/dp27g8gn26j9mp36sjfxb9tw0000gn/T/hydracam_multi_device_docsGA5lhd/session_session_p4_b/metadata.json, timestamp: 2026-06-18 14:10:22.655926, function: null, file: null}
Log registered: {message: UploaderService: Resetting upload queue and state., timestamp: 2026-06-18 14:10:22.656027, function: null, file: null}
Log registered: {message: UploaderService: Reset completed., timestamp: 2026-06-18 14:10:22.656083, function: null, file: null}
Log registered: {message: Session ended and uploader reset., timestamp: 2026-06-18 14:10:22.656131, function: null, file: null}
00:01 +25: /Users/jose/src/work/hydracamv2/test/platform/multi_device_orchestration_test.dart: Video Scenarios Scenario V1: single slave video stored in session
Log registered: {message: UploaderService: Resetting upload queue and state., timestamp: 2026-06-18 14:10:22.658065, function: null, file: null}
Log registered: {message: UploaderService: Reset completed., timestamp: 2026-06-18 14:10:22.658190, function: null, file: null}
Log registered: {message: UploaderService: Resetting upload queue and state., timestamp: 2026-06-18 14:10:22.658570, function: null, file: null}
Log registered: {message: UploaderService: Reset completed., timestamp: 2026-06-18 14:10:22.658632, function: null, file: null}
Log registered: {message: Session started with GUID: session_v1 on device type: Master, timestamp: 2026-06-18 14:10:22.658678, function: null, file: null}
Log registered: {message: Adding video to upload queue: /var/folders/6s/dp27g8gn26j9mp36sjfxb9tw0000gn/T/hydracam_multi_device_mediauHcYm1/v1.mp4, timestamp: 2026-06-18 14:10:22.659891, function: null, file: null}
Log registered: {message: Session metadata saved to /var/folders/6s/dp27g8gn26j9mp36sjfxb9tw0000gn/T/hydracam_multi_device_docsGah6qH/session_session_v1/metadata.json, timestamp: 2026-06-18 14:10:22.661258, function: null, file: null}
Log registered: {message: [UploaderService] No uploaded media with valid durations. Returning zero duration., timestamp: 2026-06-18 14:10:22.661444, function: null, file: null}
Log registered: {message: Media added to upload queue: /var/folders/6s/dp27g8gn26j9mp36sjfxb9tw0000gn/T/hydracam_multi_device_mediauHcYm1/v1.mp4, timestamp: 2026-06-18 14:10:22.661531, function: null, file: null}
Log registered: {message: Auto-upload is disabled. Media added to queue but not uploaded., timestamp: 2026-06-18 14:10:22.661615, function: null, file: null}
Log registered: {message: UploaderService: Resetting upload queue and state., timestamp: 2026-06-18 14:10:22.683829, function: null, file: null}
Log registered: {message: UploaderService: Reset completed., timestamp: 2026-06-18 14:10:22.684036, function: null, file: null}
Log registered: {message: Session metadata saved to /var/folders/6s/dp27g8gn26j9mp36sjfxb9tw0000gn/T/hydracam_multi_device_docsGah6qH/session_session_v1/metadata.json, timestamp: 2026-06-18 14:10:22.685300, function: null, file: null}
Log registered: {message: UploaderService: Resetting upload queue and state., timestamp: 2026-06-18 14:10:22.685454, function: null, file: null}
Log registered: {message: UploaderService: Reset completed., timestamp: 2026-06-18 14:10:22.685516, function: null, file: null}
Log registered: {message: Session ended and uploader reset., timestamp: 2026-06-18 14:10:22.685560, function: null, file: null}
00:01 +26: /Users/jose/src/work/hydracamv2/test/platform/multi_device_orchestration_test.dart: Video Scenarios Scenario V2: multiple slave videos persist metadata
Log registered: {message: UploaderService: Resetting upload queue and state., timestamp: 2026-06-18 14:10:22.689236, function: null, file: null}
Log registered: {message: UploaderService: Reset completed., timestamp: 2026-06-18 14:10:22.689302, function: null, file: null}
Log registered: {message: UploaderService: Resetting upload queue and state., timestamp: 2026-06-18 14:10:22.689702, function: null, file: null}
Log registered: {message: UploaderService: Reset completed., timestamp: 2026-06-18 14:10:22.689821, function: null, file: null}
Log registered: {message: Session started with GUID: session_v2 on device type: Master, timestamp: 2026-06-18 14:10:22.689873, function: null, file: null}
Log registered: {message: Adding video to upload queue: /var/folders/6s/dp27g8gn26j9mp36sjfxb9tw0000gn/T/hydracam_multi_device_media0EVges/v2-a.mp4, timestamp: 2026-06-18 14:10:22.690302, function: null, file: null}
Log registered: {message: Session metadata saved to /var/folders/6s/dp27g8gn26j9mp36sjfxb9tw0000gn/T/hydracam_multi_device_docsmtz4N2/session_session_v2/metadata.json, timestamp: 2026-06-18 14:10:22.691182, function: null, file: null}
Log registered: {message: [UploaderService] No uploaded media with valid durations. Returning zero duration., timestamp: 2026-06-18 14:10:22.691319, function: null, file: null}
Log registered: {message: Media added to upload queue: /var/folders/6s/dp27g8gn26j9mp36sjfxb9tw0000gn/T/hydracam_multi_device_media0EVges/v2-a.mp4, timestamp: 2026-06-18 14:10:22.691409, function: null, file: null}
Log registered: {message: Auto-upload is disabled. Media added to queue but not uploaded., timestamp: 2026-06-18 14:10:22.691623, function: null, file: null}
Log registered: {message: Adding video to upload queue: /var/folders/6s/dp27g8gn26j9mp36sjfxb9tw0000gn/T/hydracam_multi_device_media0EVges/v2-b.mp4, timestamp: 2026-06-18 14:10:22.691975, function: null, file: null}
Log registered: {message: Session metadata saved to /var/folders/6s/dp27g8gn26j9mp36sjfxb9tw0000gn/T/hydracam_multi_device_docsmtz4N2/session_session_v2/metadata.json, timestamp: 2026-06-18 14:10:22.692818, function: null, file: null}
Log registered: {message: [UploaderService] No uploaded media with valid durations. Returning zero duration., timestamp: 2026-06-18 14:10:22.692976, function: null, file: null}
Log registered: {message: Media added to upload queue: /var/folders/6s/dp27g8gn26j9mp36sjfxb9tw0000gn/T/hydracam_multi_device_media0EVges/v2-b.mp4, timestamp: 2026-06-18 14:10:22.693036, function: null, file: null}
Log registered: {message: Auto-upload is disabled. Media added to queue but not uploaded., timestamp: 2026-06-18 14:10:22.693119, function: null, file: null}
Log registered: {message: UploaderService: Resetting upload queue and state., timestamp: 2026-06-18 14:10:22.717002, function: null, file: null}
Log registered: {message: UploaderService: Reset completed., timestamp: 2026-06-18 14:10:22.717192, function: null, file: null}
Log registered: {message: Session metadata saved to /var/folders/6s/dp27g8gn26j9mp36sjfxb9tw0000gn/T/hydracam_multi_device_docsmtz4N2/session_session_v2/metadata.json, timestamp: 2026-06-18 14:10:22.718007, function: null, file: null}
Log registered: {message: UploaderService: Resetting upload queue and state., timestamp: 2026-06-18 14:10:22.718098, function: null, file: null}
Log registered: {message: UploaderService: Reset completed., timestamp: 2026-06-18 14:10:22.718150, function: null, file: null}
Log registered: {message: Session ended and uploader reset., timestamp: 2026-06-18 14:10:22.718194, function: null, file: null}
00:01 +27: /Users/jose/src/work/hydracamv2/test/platform/multi_device_orchestration_test.dart: Video Scenarios Scenario V3: scheduled starts preserve offsets
Log registered: {message: UploaderService: Resetting upload queue and state., timestamp: 2026-06-18 14:10:22.719884, function: null, file: null}
Log registered: {message: UploaderService: Reset completed., timestamp: 2026-06-18 14:10:22.720275, function: null, file: null}
Log registered: {message: UploaderService: Resetting upload queue and state., timestamp: 2026-06-18 14:10:22.721159, function: null, file: null}
Log registered: {message: UploaderService: Reset completed., timestamp: 2026-06-18 14:10:22.721267, function: null, file: null}
Log registered: {message: Session started with GUID: session_v3 on device type: Master, timestamp: 2026-06-18 14:10:22.721338, function: null, file: null}
Log registered: {message: Adding video to upload queue: /var/folders/6s/dp27g8gn26j9mp36sjfxb9tw0000gn/T/hydracam_multi_device_mediaDKBCxQ/v3-a.mp4, timestamp: 2026-06-18 14:10:22.722197, function: null, file: null}
Log registered: {message: Session metadata saved to /var/folders/6s/dp27g8gn26j9mp36sjfxb9tw0000gn/T/hydracam_multi_device_docsN08PIX/session_session_v3/metadata.json, timestamp: 2026-06-18 14:10:22.724344, function: null, file: null}
Log registered: {message: [UploaderService] No uploaded media with valid durations. Returning zero duration., timestamp: 2026-06-18 14:10:22.724655, function: null, file: null}
Log registered: {message: Media added to upload queue: /var/folders/6s/dp27g8gn26j9mp36sjfxb9tw0000gn/T/hydracam_multi_device_mediaDKBCxQ/v3-a.mp4, timestamp: 2026-06-18 14:10:22.724896, function: null, file: null}
Log registered: {message: Auto-upload is disabled. Media added to queue but not uploaded., timestamp: 2026-06-18 14:10:22.725083, function: null, file: null}
Log registered: {message: Adding video to upload queue: /var/folders/6s/dp27g8gn26j9mp36sjfxb9tw0000gn/T/hydracam_multi_device_mediaDKBCxQ/v3-b.mp4, timestamp: 2026-06-18 14:10:22.725454, function: null, file: null}
Log registered: {message: Session metadata saved to /var/folders/6s/dp27g8gn26j9mp36sjfxb9tw0000gn/T/hydracam_multi_device_docsN08PIX/session_session_v3/metadata.json, timestamp: 2026-06-18 14:10:22.726275, function: null, file: null}
Log registered: {message: [UploaderService] No uploaded media with valid durations. Returning zero duration., timestamp: 2026-06-18 14:10:22.726379, function: null, file: null}
Log registered: {message: Media added to upload queue: /var/folders/6s/dp27g8gn26j9mp36sjfxb9tw0000gn/T/hydracam_multi_device_mediaDKBCxQ/v3-b.mp4, timestamp: 2026-06-18 14:10:22.726430, function: null, file: null}
Log registered: {message: Auto-upload is disabled. Media added to queue but not uploaded., timestamp: 2026-06-18 14:10:22.726518, function: null, file: null}
Log registered: {message: Adding video to upload queue: /var/folders/6s/dp27g8gn26j9mp36sjfxb9tw0000gn/T/hydracam_multi_device_mediaDKBCxQ/v3-c.mp4, timestamp: 2026-06-18 14:10:22.733053, function: null, file: null}
Log registered: {message: Session metadata saved to /var/folders/6s/dp27g8gn26j9mp36sjfxb9tw0000gn/T/hydracam_multi_device_docsN08PIX/session_session_v3/metadata.json, timestamp: 2026-06-18 14:10:22.734093, function: null, file: null}
Log registered: {message: [UploaderService] No uploaded media with valid durations. Returning zero duration., timestamp: 2026-06-18 14:10:22.734204, function: null, file: null}
Log registered: {message: Media added to upload queue: /var/folders/6s/dp27g8gn26j9mp36sjfxb9tw0000gn/T/hydracam_multi_device_mediaDKBCxQ/v3-c.mp4, timestamp: 2026-06-18 14:10:22.734293, function: null, file: null}
Log registered: {message: Auto-upload is disabled. Media added to queue but not uploaded., timestamp: 2026-06-18 14:10:22.734367, function: null, file: null}
00:01 +28: /Users/jose/src/work/hydracamv2/test/platform/multi_device_orchestration_test.dart: Video Scenarios Scenario V3: scheduled starts preserve offsets
00:01 +29: /Users/jose/src/work/hydracamv2/test/platform/multi_device_orchestration_test.dart: Video Scenarios Scenario V3: scheduled starts preserve offsets
00:01 +30: /Users/jose/src/work/hydracamv2/test/platform/multi_device_orchestration_test.dart: Video Scenarios Scenario V3: scheduled starts preserve offsets
00:01 +31: /Users/jose/src/work/hydracamv2/test/platform/multi_device_orchestration_test.dart: Video Scenarios Scenario V3: scheduled starts preserve offsets
Log registered: {message: UploaderService: Resetting upload queue and state., timestamp: 2026-06-18 14:10:22.758093, function: null, file: null}
Log registered: {message: UploaderService: Reset completed., timestamp: 2026-06-18 14:10:22.758261, function: null, file: null}
Log registered: {message: Session metadata saved to /var/folders/6s/dp27g8gn26j9mp36sjfxb9tw0000gn/T/hydracam_multi_device_docsN08PIX/session_session_v3/metadata.json, timestamp: 2026-06-18 14:10:22.759274, function: null, file: null}
Log registered: {message: UploaderService: Resetting upload queue and state., timestamp: 2026-06-18 14:10:22.759396, function: null, file: null}
Log registered: {message: UploaderService: Reset completed., timestamp: 2026-06-18 14:10:22.759442, function: null, file: null}
Log registered: {message: Session ended and uploader reset., timestamp: 2026-06-18 14:10:22.759478, function: null, file: null}
00:01 +32: /Users/jose/src/work/hydracamv2/test/platform/multi_device_orchestration_test.dart: (tearDownAll)
00:01 +32: /Users/jose/src/work/hydracamv2/test/widget_test.dart: (setUpAll)
Log registered: {message: StorageService monitoring disabled - timer not started., timestamp: 2026-06-18 14:10:23.356196, function: null, file: null}
00:01 +32: /Users/jose/src/work/hydracamv2/test/widget_test.dart: HydraCamApp builds without crashing
Log registered: {message: Navigation decision: automationEnabled=false, config=null, automationMaster=false, automationStandby=false, automationSetupPreview=false, forceSlave=false, timestamp: 2026-06-18 14:10:23.498703, function: null, file: null}
Log registered: {message: Navigating to SlaveScreen(isAutoMode=true, preferredMasterIp=null, forceSlaveMode=false), timestamp: 2026-06-18 14:10:23.499016, function: null, file: null}
00:02 +33: /Users/jose/src/work/hydracamv2/test/widget_test.dart: HydraCamApp builds without crashing
Log registered: {message: StorageService monitoring disabled - timer not started., timestamp: 2026-06-18 14:10:23.844715, function: null, file: null}
Log registered: {message: BatteryService monitoring disabled - timer not started., timestamp: 2026-06-18 14:10:23.845231, function: null, file: null}
00:02 +34: /Users/jose/src/work/hydracamv2/test/widget_test.dart: HydraCamApp builds without crashing
00:02 +35: /Users/jose/src/work/hydracamv2/test/screens/session_details_screen_test.dart: session details metadata uses guid as primary session reference
00:02 +35: /Users/jose/src/work/hydracamv2/test/widget_test.dart: (setUpAll)
Trace file unavailable: MissingPluginException(No implementation found for method getApplicationDocumentsDirectory on channel plugins.flutter.io/path_provider)
00:02 +35: /Users/jose/src/work/hydracamv2/test/widget_test.dart: automation screenshot boundary survives route replacement
Log registered: {message: Navigation decision: automationEnabled=false, config=null, automationMaster=false, automationStandby=false, automationSetupPreview=false, forceSlave=false, timestamp: 2026-06-18 14:10:23.879436, function: null, file: null}
Log registered: {message: Navigating to SlaveScreen(isAutoMode=true, preferredMasterIp=null, forceSlaveMode=false), timestamp: 2026-06-18 14:10:23.879699, function: null, file: null}
00:02 +36: /Users/jose/src/work/hydracamv2/test/screens/capture_settings_screen_test.dart: settings screen shows capture settings instead of camera quality
00:02 +36: /Users/jose/src/work/hydracamv2/test/widget_test.dart: automation screenshot boundary survives route replacement
Log registered: {message: StorageService monitoring disabled - timer not started., timestamp: 2026-06-18 14:10:23.911812, function: null, file: null}
Log registered: {message: BatteryService monitoring disabled - timer not started., timestamp: 2026-06-18 14:10:23.912046, function: null, file: null}
00:02 +37: /Users/jose/src/work/hydracamv2/test/screens/capture_settings_screen_test.dart: settings screen shows capture settings instead of camera quality
00:02 +37: /Users/jose/src/work/hydracamv2/test/screens/session_details_screen_test.dart: load session action falls back to session id without guid
Log registered: {message: No metadata file found for session snapshot legacy-session-id, timestamp: 2026-06-18 14:10:24.006106, function: null, file: null}
00:02 +37: /Users/jose/src/work/hydracamv2/test/widget_test.dart: automation screenshot boundary survives route replacement
Log registered: {message: WebSocket Server stopped, timestamp: 2026-06-18 14:10:24.012723, function: null, file: null}
Log registered: {message: Stopped broadcasting master discovery message., timestamp: 2026-06-18 14:10:24.013152, function: null, file: null}
00:02 +38: /Users/jose/src/work/hydracamv2/test/screens/capture_settings_screen_test.dart: settings screen shows capture settings instead of camera quality
00:02 +39: /Users/jose/src/work/hydracamv2/test/screens/capture_settings_screen_test.dart: settings screen shows capture settings instead of camera quality
00:02 +40: /Users/jose/src/work/hydracamv2/test/screens/capture_settings_screen_test.dart: settings screen shows capture settings instead of camera quality
00:02 +40: /Users/jose/src/work/hydracamv2/test/screens/session_details_screen_test.dart: upload confirm action reports missing restored metadata
Log registered: {message: No metadata file found for session snapshot missing-upload-guid, timestamp: 2026-06-18 14:10:24.236678, function: null, file: null}
00:02 +41: /Users/jose/src/work/hydracamv2/test/screens/capture_settings_screen_test.dart: settings screen shows capture settings instead of camera quality
00:02 +42: /Users/jose/src/work/hydracamv2/test/screens/capture_settings_screen_test.dart: settings screen shows capture settings instead of camera quality
00:02 +43: /Users/jose/src/work/hydracamv2/test/screens/capture_settings_screen_test.dart: settings screen shows capture settings instead of camera quality
00:02 +44: /Users/jose/src/work/hydracamv2/test/screens/master_video_recording_screen_test.dart: recording preview exits when no recording is active and no controller exists
00:02 +44: /Users/jose/src/work/hydracamv2/test/screens/navigation_list_screens_test.dart: sports center and court lists use operational cards and badges
Log registered: {message: Get token, timestamp: 2026-06-18 14:10:24.528737, function: null, file: null}
00:03 +44: /Users/jose/src/work/hydracamv2/test/screens/master_video_recording_screen_test.dart: recording preview exits when no recording is active and no controller exists
Log registered: {message: Closing recording preview because no recording is active., timestamp: 2026-06-18 14:10:24.573150, function: null, file: null}
00:03 +44: /Users/jose/src/work/hydracamv2/test/screens/sessions_screen_test.dart: backend sessions list uses guid as primary session reference
Log registered: {message: Get token, timestamp: 2026-06-18 14:10:24.598236, function: null, file: null}
00:03 +44: /Users/jose/src/work/hydracamv2/test/screens/navigation_list_screens_test.dart: sports center and court lists use operational cards and badges
Log registered: {message: Parsed list (sportscenters): [{guid: sports-center-guid, name: Keepeyeonball Club, city: Berlin, numberOfCourts: 3}], timestamp: 2026-06-18 14:10:24.610409, function: null, file: null}
00:03 +45: /Users/jose/src/work/hydracamv2/test/screens/navigation_list_screens_test.dart: sports center and court lists use operational cards and badges
00:03 +45: /Users/jose/src/work/hydracamv2/test/screens/capture_settings_screen_test.dart: settings screen exposes disabled auto-record toggle
Log registered: {message: Updated autoRecordMode value to true, timestamp: 2026-06-18 14:10:24.629936, function: null, file: null}
00:03 +46: /Users/jose/src/work/hydracamv2/test/screens/navigation_list_screens_test.dart: sports center and court lists use operational cards and badges
00:03 +46: /Users/jose/src/work/hydracamv2/test/screens/sessions_screen_test.dart: backend sessions list uses guid as primary session reference
Log registered: {message: Parsed list (sessions): [{guid: backend-session-guid, sessionId: legacy-session-id, startTime: 2026-06-09T01:00:00Z, endTime: 2026-06-09T02:00:00Z}], timestamp: 2026-06-18 14:10:24.681431, function: null, file: null}
00:03 +47: /Users/jose/src/work/hydracamv2/test/screens/navigation_list_screens_test.dart: sports center and court lists use operational cards and badges
Log registered: {message: Get token, timestamp: 2026-06-18 14:10:24.757500, function: null, file: null}
00:03 +48: /Users/jose/src/work/hydracamv2/test/screens/navigation_list_screens_test.dart: sports center and court lists use operational cards and badges
Log registered: {message: Parsed list (courts): [{guid: court-guid, name: Court A, location: Main hall}], timestamp: 2026-06-18 14:10:24.798747, function: null, file: null}
00:03 +49: /Users/jose/src/work/hydracamv2/test/screens/navigation_list_screens_test.dart: sports center and court lists use operational cards and badges
00:03 +50: /Users/jose/src/work/hydracamv2/test/screens/capture_settings_screen_test.dart: settings language dropdown stores Polish override
00:03 +50: /Users/jose/src/work/hydracamv2/test/screens/navigation_list_screens_test.dart: court list fits compact width without overflow
Log registered: {message: Get token, timestamp: 2026-06-18 14:10:24.854307, function: null, file: null}
Log registered: {message: Parsed list (courts): [{guid: court-guid, name: A very long championship glass court name, location: Main hall near camera bridge}], timestamp: 2026-06-18 14:10:24.861567, function: null, file: null}
00:03 +51: /Users/jose/src/work/hydracamv2/test/screens/capture_settings_screen_test.dart: settings language dropdown stores Polish override
00:03 +51: /Users/jose/src/work/hydracamv2/test/screens/sessions_screen_test.dart: loading backend session reports guid as selected session
Log registered: {message: Get token, timestamp: 2026-06-18 14:10:24.886801, function: null, file: null}
Log registered: {message: Parsed list (sessions): [{guid: backend-session-guid, sessionId: legacy-session-id, startTime: 2026-06-09T01:00:00Z, endTime: 2026-06-09T02:00:00Z}], timestamp: 2026-06-18 14:10:24.896428, function: null, file: null}
00:03 +51: /Users/jose/src/work/hydracamv2/test/screens/capture_settings_screen_test.dart: settings language dropdown stores Polish override
Log registered: {message: Updated locale override to pl, timestamp: 2026-06-18 14:10:24.949981, function: null, file: null}
00:03 +51: /Users/jose/src/work/hydracamv2/test/screens/sessions_screen_test.dart: loading backend session reports guid as selected session
Log registered: {message: Loading session: {guid: backend-session-guid, sessionId: legacy-session-id, startTime: 2026-06-09T01:00:00Z, endTime: 2026-06-09T02:00:00Z}, timestamp: 2026-06-18 14:10:24.950843, function: _loadSession, file: sessions_screen.dart}
Log registered: {message: UploaderService: Resetting upload queue and state., timestamp: 2026-06-18 14:10:24.951797, function: null, file: null}
Log registered: {message: UploaderService: Reset completed., timestamp: 2026-06-18 14:10:24.952250, function: null, file: null}
Log registered: {message: Session started with GUID: backend-session-guid on device type: Master, timestamp: 2026-06-18 14:10:24.952574, function: null, file: null}
00:03 +52: /Users/jose/src/work/hydracamv2/test/screens/sessions_screen_test.dart: loading backend session reports guid as selected session
Log registered: {message: Session metadata saved to /var/folders/6s/dp27g8gn26j9mp36sjfxb9tw0000gn/T/sessions_screen_docsjLPLSH/session_backend-session-guid/metadata.json, timestamp: 2026-06-18 14:10:25.034321, function: null, file: null}
Log registered: {message: UploaderService: Resetting upload queue and state., timestamp: 2026-06-18 14:10:25.034550, function: null, file: null}
Log registered: {message: UploaderService: Reset completed., timestamp: 2026-06-18 14:10:25.034627, function: null, file: null}
Log registered: {message: Session ended and uploader reset., timestamp: 2026-06-18 14:10:25.034684, function: null, file: null}
00:03 +53: /Users/jose/src/work/hydracamv2/test/screens/media_selection_screen_test.dart: video tiles show nearest candidate session guid
00:03 +54: /Users/jose/src/work/hydracamv2/test/screens/login_screen_test.dart: desktop Auth0 login failure explains mobile-only support
00:03 +55: /Users/jose/src/work/hydracamv2/test/screens/login_screen_test.dart: desktop Auth0 login failure explains mobile-only support
Log registered: {message: Error during login: Unsupported operation: Auth0 interactive login is only supported on Android and iOS., timestamp: 2026-06-18 14:10:25.588504, function: null, file: null}
00:04 +56: /Users/jose/src/work/hydracamv2/test/screens/previous_sessions_screen_test.dart: stored media screen avoids local-session language
00:04 +56: /Users/jose/src/work/hydracamv2/test/screens/uploader_info_screen_test.dart: cancel action clears the current upload row
Log registered: {message: UploaderService: Resetting upload queue and state., timestamp: 2026-06-18 14:10:25.651764, function: null, file: null}
Log registered: {message: UploaderService: Reset completed., timestamp: 2026-06-18 14:10:25.654321, function: null, file: null}
00:04 +57: /Users/jose/src/work/hydracamv2/test/screens/previous_sessions_screen_test.dart: stored media screen avoids local-session language
00:04 +57: /Users/jose/src/work/hydracamv2/test/screens/uploader_info_screen_test.dart: cancel action clears the current upload row
Log registered: {message: UploaderService: Resetting upload queue and state., timestamp: 2026-06-18 14:10:25.761674, function: null, file: null}
Log registered: {message: UploaderService: Reset completed., timestamp: 2026-06-18 14:10:25.761979, function: null, file: null}
Log registered: {message: Session started with GUID: uploader-info-session-guid on device type: Slave, timestamp: 2026-06-18 14:10:25.762348, function: null, file: null}
00:04 +58: /Users/jose/src/work/hydracamv2/test/screens/uploader_info_screen_test.dart: cancel action clears the current upload row
00:04 +59: /Users/jose/src/work/hydracamv2/test/screens/uploader_info_screen_test.dart: cancel action clears the current upload row
00:04 +60: /Users/jose/src/work/hydracamv2/test/screens/uploader_info_screen_test.dart: cancel action clears the current upload row
00:04 +61: /Users/jose/src/work/hydracamv2/test/screens/uploader_info_screen_test.dart: cancel action clears the current upload row
00:04 +62: /Users/jose/src/work/hydracamv2/test/screens/uploader_info_screen_test.dart: cancel action clears the current upload row
00:04 +62 ~1: /Users/jose/src/work/hydracamv2/test/screens/uploader_info_screen_test.dart: cancel action clears the current upload row
00:04 +62 ~1: /Users/jose/src/work/hydracamv2/test/slave/slave_client_time_sync_test.dart: slave calibrates its clock from the master's timeSyncResponse replies
Log registered: {message: Retrieved existing Device ID: test-device, timestamp: 2026-06-18 14:10:25.841375, function: null, file: null}
Log registered: {message: Attempting to connect to master WebSocket at ws://127.0.0.1:51780/ws with Device ID: test-device, timestamp: 2026-06-18 14:10:25.844096, function: null, file: null}
00:04 +63 ~1: /Users/jose/src/work/hydracamv2/test/screens/uploader_info_screen_test.dart: cancel action clears the current upload row
00:04 +63 ~1: /Users/jose/src/work/hydracamv2/test/slave/slave_client_time_sync_test.dart: slave calibrates its clock from the master's timeSyncResponse replies
Log registered: {message: Could not read slave app version diagnostics: MissingPluginException(No implementation found for method getAll on channel dev.fluttercommunity.plus/package_info), timestamp: 2026-06-18 14:10:25.859316, function: null, file: null}
Trace file unavailable: MissingPluginException(No implementation found for method getApplicationDocumentsDirectory on channel plugins.flutter.io/path_provider)
Log registered: {message: Could not read slave hardware diagnostics: MissingPluginException(No implementation found for method getDeviceInfo on channel dev.fluttercommunity.plus/device_info), timestamp: 2026-06-18 14:10:25.861005, function: null, file: null}
Log registered: {message: Connected to WebSocket at ws://127.0.0.1:51780/ws, timestamp: 2026-06-18 14:10:25.863085, function: null, file: null}
Log registered: {message: Clock synced to master: offset 0 ms, uncertainty 2 ms, RTT 5 ms, 8 samples, green., timestamp: 2026-06-18 14:10:25.871905, function: null, file: null}
Log registered: {message: Connection closed, timestamp: 2026-06-18 14:10:25.874877, function: null, file: null}
00:04 +64 ~1: /Users/jose/src/work/hydracamv2/test/screens/uploader_info_screen_test.dart: cancel action clears the current upload row
00:04 +65 ~1: /Users/jose/src/work/hydracamv2/test/screens/uploader_info_screen_test.dart: cancel action clears the current upload row
00:04 +66 ~1: /Users/jose/src/work/hydracamv2/test/screens/uploader_info_screen_test.dart: cancel action clears the current upload row
00:04 +66 ~1: /Users/jose/src/work/hydracamv2/test/slave/slave_client_registration_test.dart: slave registers before waiting for network payload
Log registered: {message: Retrieved existing Device ID: test-device, timestamp: 2026-06-18 14:10:25.984701, function: null, file: null}
Log registered: {message: Attempting to connect to master WebSocket at ws://127.0.0.1:51785/ws with Device ID: test-device, timestamp: 2026-06-18 14:10:25.986955, function: null, file: null}
Log registered: {message: Could not read slave app version diagnostics: MissingPluginException(No implementation found for method getAll on channel dev.fluttercommunity.plus/package_info), timestamp: 2026-06-18 14:10:25.999253, function: null, file: null}
Trace file unavailable: MissingPluginException(No implementation found for method getApplicationDocumentsDirectory on channel plugins.flutter.io/path_provider)
Log registered: {message: Could not read slave hardware diagnostics: MissingPluginException(No implementation found for method getDeviceInfo on channel dev.fluttercommunity.plus/device_info), timestamp: 2026-06-18 14:10:26.000964, function: null, file: null}
Log registered: {message: Connected to WebSocket at ws://127.0.0.1:51785/ws, timestamp: 2026-06-18 14:10:26.003096, function: null, file: null}
Log registered: {message: Connection closed, timestamp: 2026-06-18 14:10:26.011104, function: null, file: null}
00:04 +67 ~1: /Users/jose/src/work/hydracamv2/test/screens/uploader_info_screen_test.dart: cancel action clears the current upload row
00:04 +67 ~1: /Users/jose/src/work/hydracamv2/test/slave/slave_client_registration_test.dart: slave registration includes app and hardware diagnostics
Log registered: {message: Retrieved existing Device ID: test-device, timestamp: 2026-06-18 14:10:26.018453, function: null, file: null}
Log registered: {message: Attempting to connect to master WebSocket at ws://127.0.0.1:51788/ws with Device ID: test-device, timestamp: 2026-06-18 14:10:26.018593, function: null, file: null}
Log registered: {message: Connected to WebSocket at ws://127.0.0.1:51788/ws, timestamp: 2026-06-18 14:10:26.019144, function: null, file: null}
00:04 +68 ~1: /Users/jose/src/work/hydracamv2/test/screens/uploader_info_screen_test.dart: cancel action clears the current upload row
00:04 +68 ~1: /Users/jose/src/work/hydracamv2/test/slave/slave_client_registration_test.dart: slave registration includes app and hardware diagnostics
Log registered: {message: Connection closed, timestamp: 2026-06-18 14:10:26.023819, function: null, file: null}
00:04 +69 ~1: /Users/jose/src/work/hydracamv2/test/screens/uploader_info_screen_test.dart: cancel action clears the current upload row
00:04 +69 ~1: /Users/jose/src/work/hydracamv2/test/slave/slave_client_registration_test.dart: slave heartbeat includes camera setup status when available
Log registered: {message: Retrieved existing Device ID: test-device, timestamp: 2026-06-18 14:10:26.027244, function: null, file: null}
Log registered: {message: Attempting to connect to master WebSocket at ws://127.0.0.1:51790/ws with Device ID: test-device, timestamp: 2026-06-18 14:10:26.027423, function: null, file: null}
Log registered: {message: Could not read slave app version diagnostics: MissingPluginException(No implementation found for method getAll on channel dev.fluttercommunity.plus/package_info), timestamp: 2026-06-18 14:10:26.029193, function: null, file: null}
Log registered: {message: Could not read slave hardware diagnostics: MissingPluginException(No implementation found for method getDeviceInfo on channel dev.fluttercommunity.plus/device_info), timestamp: 2026-06-18 14:10:26.031233, function: null, file: null}
Log registered: {message: Connected to WebSocket at ws://127.0.0.1:51790/ws, timestamp: 2026-06-18 14:10:26.032083, function: null, file: null}
Log registered: {message: Connection closed, timestamp: 2026-06-18 14:10:26.033535, function: null, file: null}
00:04 +70 ~1: /Users/jose/src/work/hydracamv2/test/screens/uploader_info_screen_test.dart: cancel action clears the current upload row
00:04 +70 ~1: /Users/jose/src/work/hydracamv2/test/slave/slave_client_registration_test.dart: slave heartbeat reports active session guid
Log registered: {message: UploaderService: Resetting upload queue and state., timestamp: 2026-06-18 14:10:26.057259, function: null, file: null}
Log registered: {message: UploaderService: Reset completed., timestamp: 2026-06-18 14:10:26.057824, function: null, file: null}
Log registered: {message: Session started with GUID: slave-session-guid on device type: Slave, timestamp: 2026-06-18 14:10:26.058185, function: null, file: null}
00:04 +70 ~1: /Users/jose/src/work/hydracamv2/test/screens/uploader_info_screen_test.dart: cancel action clears the current upload row
Log registered: {message: [UploaderService] Queue is empty. Returning zero duration., timestamp: 2026-06-18 14:10:26.068536, function: null, file: null}
Log registered: {message: Cancelled active upload: /var/folders/6s/dp27g8gn26j9mp36sjfxb9tw0000gn/T/uploader_info_screen_testnh5z4j/current-upload.mp4, timestamp: 2026-06-18 14:10:26.068871, function: null, file: null}
00:04 +70 ~1: /Users/jose/src/work/hydracamv2/test/slave/slave_client_registration_test.dart: slave heartbeat reports active session guid
Log registered: {message: Adding photo to upload queue: /var/folders/6s/dp27g8gn26j9mp36sjfxb9tw0000gn/T/slave-heartbeatymoI96/photo.jpg, timestamp: 2026-06-18 14:10:26.071272, function: null, file: null}
Log registered: {message: Error saving session metadata: MissingPluginException(No implementation found for method getApplicationDocumentsDirectory on channel plugins.flutter.io/path_provider), timestamp: 2026-06-18 14:10:26.073513, function: null, file: null}
Log registered: {message: [UploaderService] No uploaded media with valid durations. Returning zero duration., timestamp: 2026-06-18 14:10:26.074456, function: null, file: null}
Log registered: {message: Media added to upload queue: /var/folders/6s/dp27g8gn26j9mp36sjfxb9tw0000gn/T/slave-heartbeatymoI96/photo.jpg, timestamp: 2026-06-18 14:10:26.074598, function: null, file: null}
Log registered: {message: Auto-upload is disabled. Media added to queue but not uploaded., timestamp: 2026-06-18 14:10:26.074816, function: null, file: null}
Log registered: {message: Retrieved existing Device ID: test-device, timestamp: 2026-06-18 14:10:26.075202, function: null, file: null}
Log registered: {message: Attempting to connect to master WebSocket at ws://127.0.0.1:51792/ws with Device ID: test-device, timestamp: 2026-06-18 14:10:26.075273, function: null, file: null}
Log registered: {message: Could not read slave app version diagnostics: MissingPluginException(No implementation found for method getAll on channel dev.fluttercommunity.plus/package_info), timestamp: 2026-06-18 14:10:26.077427, function: null, file: null}
Log registered: {message: Could not read slave hardware diagnostics: MissingPluginException(No implementation found for method getDeviceInfo on channel dev.fluttercommunity.plus/device_info), timestamp: 2026-06-18 14:10:26.080754, function: null, file: null}
Log registered: {message: Connected to WebSocket at ws://127.0.0.1:51792/ws, timestamp: 2026-06-18 14:10:26.081258, function: null, file: null}
Log registered: {message: Connection closed, timestamp: 2026-06-18 14:10:26.083067, function: null, file: null}
Log registered: {message: Error saving session metadata: MissingPluginException(No implementation found for method getApplicationDocumentsDirectory on channel plugins.flutter.io/path_provider), timestamp: 2026-06-18 14:10:26.084864, function: null, file: null}
Log registered: {message: UploaderService: Resetting upload queue and state., timestamp: 2026-06-18 14:10:26.085048, function: null, file: null}
Log registered: {message: UploaderService: Reset completed., timestamp: 2026-06-18 14:10:26.085133, function: null, file: null}
Log registered: {message: Session ended and uploader reset., timestamp: 2026-06-18 14:10:26.085199, function: null, file: null}
00:04 +71 ~1: /Users/jose/src/work/hydracamv2/test/screens/uploader_info_screen_test.dart: cancel action clears the current upload row
00:04 +71 ~1: /Users/jose/src/work/hydracamv2/test/slave/slave_client_registration_test.dart: noSession preserves an active slave session and upload queue
Log registered: {message: UploaderService: Resetting upload queue and state., timestamp: 2026-06-18 14:10:26.089243, function: null, file: null}
Log registered: {message: UploaderService: Reset completed., timestamp: 2026-06-18 14:10:26.089436, function: null, file: null}
Log registered: {message: UploaderService: Resetting upload queue and state., timestamp: 2026-06-18 14:10:26.089571, function: null, file: null}
Log registered: {message: UploaderService: Reset completed., timestamp: 2026-06-18 14:10:26.089628, function: null, file: null}
Log registered: {message: Session started with GUID: slave-active-session on device type: Slave, timestamp: 2026-06-18 14:10:26.089680, function: null, file: null}
Log registered: {message: [UploaderService] No uploaded media with valid durations. Returning zero duration., timestamp: 2026-06-18 14:10:26.090242, function: null, file: null}
Log registered: {message: Media added to upload queue: /var/folders/6s/dp27g8gn26j9mp36sjfxb9tw0000gn/T/slave_no_sessionB1OYRd/queued-photo.jpg, timestamp: 2026-06-18 14:10:26.090312, function: null, file: null}
Log registered: {message: Auto-upload is disabled. Media added to queue but not uploaded., timestamp: 2026-06-18 14:10:26.090495, function: null, file: null}
Log registered: {message: Retrieved existing Device ID: test-device, timestamp: 2026-06-18 14:10:26.090992, function: null, file: null}
Log registered: {message: Attempting to connect to master WebSocket at ws://127.0.0.1:51794/ws with Device ID: test-device, timestamp: 2026-06-18 14:10:26.091066, function: null, file: null}
Log registered: {message: Could not read slave app version diagnostics: MissingPluginException(No implementation found for method getAll on channel dev.fluttercommunity.plus/package_info), timestamp: 2026-06-18 14:10:26.092687, function: null, file: null}
Log registered: {message: Could not read slave hardware diagnostics: MissingPluginException(No implementation found for method getDeviceInfo on channel dev.fluttercommunity.plus/device_info), timestamp: 2026-06-18 14:10:26.094518, function: null, file: null}
Log registered: {message: Connected to WebSocket at ws://127.0.0.1:51794/ws, timestamp: 2026-06-18 14:10:26.095036, function: null, file: null}
Log registered: {message: Command received from master: {"command":"noSession"}, timestamp: 2026-06-18 14:10:26.100138, function: null, file: null}
Log registered: {message: Master reported no active session; keeping active session slave-active-session until explicit sessionEnded., timestamp: 2026-06-18 14:10:26.101297, function: null, file: null}
Log registered: {message: Connection closed, timestamp: 2026-06-18 14:10:26.109563, function: null, file: null}
Log registered: {message: UploaderService: Resetting upload queue and state., timestamp: 2026-06-18 14:10:26.109900, function: null, file: null}
Log registered: {message: UploaderService: Reset completed., timestamp: 2026-06-18 14:10:26.109980, function: null, file: null}
Log registered: {message: Session metadata saved to /var/folders/6s/dp27g8gn26j9mp36sjfxb9tw0000gn/T/slave_client_docswT8LXb/session_slave-active-session/metadata.json, timestamp: 2026-06-18 14:10:26.112117, function: null, file: null}
Log registered: {message: UploaderService: Resetting upload queue and state., timestamp: 2026-06-18 14:10:26.112357, function: null, file: null}
Log registered: {message: UploaderService: Reset completed., timestamp: 2026-06-18 14:10:26.112456, function: null, file: null}
Log registered: {message: Session ended and uploader reset., timestamp: 2026-06-18 14:10:26.112505, function: null, file: null}
00:04 +72 ~1: /Users/jose/src/work/hydracamv2/test/screens/uploader_info_screen_test.dart: cancel action clears the current upload row
00:04 +72 ~1: /Users/jose/src/work/hydracamv2/test/slave/slave_client_registration_test.dart: conflicting sessionStatus preserves active slave session and queue
Log registered: {message: UploaderService: Resetting upload queue and state., timestamp: 2026-06-18 14:10:26.115362, function: null, file: null}
Log registered: {message: UploaderService: Reset completed., timestamp: 2026-06-18 14:10:26.115560, function: null, file: null}
Log registered: {message: UploaderService: Resetting upload queue and state., timestamp: 2026-06-18 14:10:26.115723, function: null, file: null}
Log registered: {message: UploaderService: Reset completed., timestamp: 2026-06-18 14:10:26.115785, function: null, file: null}
Log registered: {message: Session started with GUID: slave-active-session on device type: Slave, timestamp: 2026-06-18 14:10:26.115850, function: null, file: null}
Log registered: {message: [UploaderService] No uploaded media with valid durations. Returning zero duration., timestamp: 2026-06-18 14:10:26.116352, function: null, file: null}
Log registered: {message: Media added to upload queue: /var/folders/6s/dp27g8gn26j9mp36sjfxb9tw0000gn/T/slave_conflictWCc1la/queued-photo.jpg, timestamp: 2026-06-18 14:10:26.116437, function: null, file: null}
Log registered: {message: Auto-upload is disabled. Media added to queue but not uploaded., timestamp: 2026-06-18 14:10:26.116603, function: null, file: null}
Log registered: {message: Retrieved existing Device ID: test-device, timestamp: 2026-06-18 14:10:26.117094, function: null, file: null}
Log registered: {message: Attempting to connect to master WebSocket at ws://127.0.0.1:51796/ws with Device ID: test-device, timestamp: 2026-06-18 14:10:26.117276, function: null, file: null}
Log registered: {message: Could not read slave app version diagnostics: MissingPluginException(No implementation found for method getAll on channel dev.fluttercommunity.plus/package_info), timestamp: 2026-06-18 14:10:26.118679, function: null, file: null}
Log registered: {message: Could not read slave hardware diagnostics: MissingPluginException(No implementation found for method getDeviceInfo on channel dev.fluttercommunity.plus/device_info), timestamp: 2026-06-18 14:10:26.120108, function: null, file: null}
Log registered: {message: Connected to WebSocket at ws://127.0.0.1:51796/ws, timestamp: 2026-06-18 14:10:26.120594, function: null, file: null}
Log registered: {message: Command received from master: {"command":"sessionStatus","sessionGuid":"master-other-session"}, timestamp: 2026-06-18 14:10:26.122367, function: null, file: null}
Log registered: {message: Command: {"command":"sessionStatus","sessionGuid":"master-other-session"}, timestamp: 2026-06-18 14:10:26.122566, function: null, file: null}
Log registered: {message: Session guid: master-other-session, timestamp: 2026-06-18 14:10:26.122691, function: null, file: null}
Log registered: {message: Master session conflict: keeping active session slave-active-session instead of joining master-other-session., timestamp: 2026-06-18 14:10:26.122978, function: null, file: null}
Log registered: {message: Connection closed, timestamp: 2026-06-18 14:10:26.134483, function: null, file: null}
Log registered: {message: UploaderService: Resetting upload queue and state., timestamp: 2026-06-18 14:10:26.134762, function: null, file: null}
Log registered: {message: UploaderService: Reset completed., timestamp: 2026-06-18 14:10:26.134830, function: null, file: null}
Log registered: {message: Session metadata saved to /var/folders/6s/dp27g8gn26j9mp36sjfxb9tw0000gn/T/slave_client_docsdLxh7B/session_slave-active-session/metadata.json, timestamp: 2026-06-18 14:10:26.136262, function: null, file: null}
Log registered: {message: UploaderService: Resetting upload queue and state., timestamp: 2026-06-18 14:10:26.136432, function: null, file: null}
Log registered: {message: UploaderService: Reset completed., timestamp: 2026-06-18 14:10:26.136508, function: null, file: null}
Log registered: {message: Session ended and uploader reset., timestamp: 2026-06-18 14:10:26.136570, function: null, file: null}
00:04 +73 ~1: /Users/jose/src/work/hydracamv2/test/screens/uploader_info_screen_test.dart: cancel action clears the current upload row
00:04 +73 ~1: /Users/jose/src/work/hydracamv2/test/slave/slave_client_registration_test.dart: conflicting sessionStatus preserves active slave session and queue
Trace persistence retry scheduled: PathNotFoundException: Cannot open file, path = '/var/folders/6s/dp27g8gn26j9mp36sjfxb9tw0000gn/T/slave_client_docsdLxh7B/logs/hydracam-trace-2026-06-18T14-10-26-123424.ndjson' (OS Error: No such file or directory, errno = 2)
00:04 +73 ~1: /Users/jose/src/work/hydracamv2/test/slave/slave_client_registration_test.dart: auto-record starts recording when sessionStarted arrives
Log registered: {message: Retrieved existing Device ID: test-device, timestamp: 2026-06-18 14:10:26.139922, function: null, file: null}
Log registered: {message: Attempting to connect to master WebSocket at ws://127.0.0.1:51799/ws with Device ID: test-device, timestamp: 2026-06-18 14:10:26.140020, function: null, file: null}
Log registered: {message: Could not read slave app version diagnostics: MissingPluginException(No implementation found for method getAll on channel dev.fluttercommunity.plus/package_info), timestamp: 2026-06-18 14:10:26.141261, function: null, file: null}
Log registered: {message: Could not read slave hardware diagnostics: MissingPluginException(No implementation found for method getDeviceInfo on channel dev.fluttercommunity.plus/device_info), timestamp: 2026-06-18 14:10:26.142743, function: null, file: null}
Log registered: {message: Connected to WebSocket at ws://127.0.0.1:51799/ws, timestamp: 2026-06-18 14:10:26.143067, function: null, file: null}
Log registered: {message: Command received from master: {"command":"sessionStarted","sessionGuid":"auto-record-session"}, timestamp: 2026-06-18 14:10:26.144587, function: null, file: null}
Log registered: {message: Command: {"command":"sessionStarted","sessionGuid":"auto-record-session"}, timestamp: 2026-06-18 14:10:26.144770, function: null, file: null}
Log registered: {message: Session guid: auto-record-session, timestamp: 2026-06-18 14:10:26.144837, function: null, file: null}
Log registered: {message: UploaderService: Resetting upload queue and state., timestamp: 2026-06-18 14:10:26.144891, function: null, file: null}
Log registered: {message: UploaderService: Reset completed., timestamp: 2026-06-18 14:10:26.144936, function: null, file: null}
Log registered: {message: Session started with GUID: auto-record-session on device type: Slave, timestamp: 2026-06-18 14:10:26.144978, function: null, file: null}
Log registered: {message: Get token, timestamp: 2026-06-18 14:10:26.145603, function: null, file: null}
Log registered: {message: Fetch token, timestamp: 2026-06-18 14:10:26.145904, function: null, file: null}
00:04 +73 ~1: /Users/jose/src/work/hydracamv2/test/screens/uploader_info_screen_test.dart: cancel action clears the current upload row
Log registered: {message: Session metadata saved to /var/folders/6s/dp27g8gn26j9mp36sjfxb9tw0000gn/T/uploader_info_screen_docsKKs5NZ/session_uploader-info-session-guid/metadata.json, timestamp: 2026-06-18 14:10:26.146156, function: null, file: null}
Log registered: {message: UploaderService: Resetting upload queue and state., timestamp: 2026-06-18 14:10:26.146345, function: null, file: null}
Log registered: {message: UploaderService: Reset completed., timestamp: 2026-06-18 14:10:26.146417, function: null, file: null}
Log registered: {message: Session ended and uploader reset., timestamp: 2026-06-18 14:10:26.146473, function: null, file: null}
Log registered: {message: UploaderService: Resetting upload queue and state., timestamp: 2026-06-18 14:10:26.146538, function: null, file: null}
Log registered: {message: UploaderService: Reset completed., timestamp: 2026-06-18 14:10:26.146593, function: null, file: null}
00:04 +74 ~1: /Users/jose/src/work/hydracamv2/test/screens/role_selection_screen_test.dart: role selection is an operational capture entry surface
00:04 +74 ~1: /Users/jose/src/work/hydracamv2/test/screens/uploader_info_screen_test.dart: queued cancel action refreshes row as retryable cancellation
Log registered: {message: UploaderService: Resetting upload queue and state., timestamp: 2026-06-18 14:10:26.150187, function: null, file: null}
Log registered: {message: UploaderService: Reset completed., timestamp: 2026-06-18 14:10:26.150271, function: null, file: null}
00:04 +74 ~1: /Users/jose/src/work/hydracamv2/test/slave/slave_client_registration_test.dart: auto-record starts recording when sessionStarted arrives
Log registered: {message: Auto-record starting recording for active session auto-record-session., timestamp: 2026-06-18 14:10:26.151685, function: null, file: null}
Log registered: {message: Starting video recording, timestamp: 2026-06-18 14:10:26.152302, function: null, file: null}
Log registered: {message: Mock camera ready for native controller mode on macOS., timestamp: 2026-06-18 14:10:26.152893, function: null, file: null}
00:04 +74 ~1: /Users/jose/src/work/hydracamv2/test/screens/uploader_info_screen_test.dart: queued cancel action refreshes row as retryable cancellation
Log registered: {message: UploaderService: Resetting upload queue and state., timestamp: 2026-06-18 14:10:26.152901, function: null, file: null}
Log registered: {message: UploaderService: Reset completed., timestamp: 2026-06-18 14:10:26.153026, function: null, file: null}
Log registered: {message: Session started with GUID: uploader-info-queued-session-guid on device type: Slave, timestamp: 2026-06-18 14:10:26.153095, function: null, file: null}
Log registered: {message: [UploaderService] No uploaded media with valid durations. Returning zero duration., timestamp: 2026-06-18 14:10:26.154125, function: null, file: null}
Log registered: {message: Media added to upload queue: /var/folders/6s/dp27g8gn26j9mp36sjfxb9tw0000gn/T/uploader_info_screen_testdTJvXQ/queued-upload.mp4, timestamp: 2026-06-18 14:10:26.154288, function: null, file: null}
Log registered: {message: Auto-upload is disabled. Media added to queue but not uploaded., timestamp: 2026-06-18 14:10:26.155386, function: null, file: null}
00:04 +74 ~1: /Users/jose/src/work/hydracamv2/test/slave/slave_client_registration_test.dart: auto-record starts recording when sessionStarted arrives
Log registered: {message: Retrieved existing Device ID: test-device, timestamp: 2026-06-18 14:10:26.155517, function: null, file: null}
Log registered: {message: Mock video recording started for native controller mode., timestamp: 2026-06-18 14:10:26.155995, function: null, file: null}
Log registered: {message: Failed to fetch M2M token: , timestamp: 2026-06-18 14:10:26.156841, function: null, file: null}
Log registered: {message: Error on POST device/ReadyToTransmit: Exception: Failed to retrieve M2M token, timestamp: 2026-06-18 14:10:26.157110, function: null, file: null}
Log registered: {message: Failed to notify server: No response, timestamp: 2026-06-18 14:10:26.157318, function: null, file: null}
Log registered: {message: Connection closed, timestamp: 2026-06-18 14:10:26.157490, function: null, file: null}
Log registered: {message: Mock video saved to session path: /var/folders/6s/dp27g8gn26j9mp36sjfxb9tw0000gn/T/slave_client_docsntGLob/session_auto-record-session/mock_1_2026-06-18T14-10-26-158603.mp4, timestamp: 2026-06-18 14:10:26.160479, function: null, file: null}
Log registered: {message: Session metadata saved to /var/folders/6s/dp27g8gn26j9mp36sjfxb9tw0000gn/T/slave_client_docsntGLob/session_auto-record-session/metadata.json, timestamp: 2026-06-18 14:10:26.161480, function: null, file: null}
Log registered: {message: UploaderService: Resetting upload queue and state., timestamp: 2026-06-18 14:10:26.161664, function: null, file: null}
Log registered: {message: UploaderService: Reset completed., timestamp: 2026-06-18 14:10:26.161831, function: null, file: null}
Log registered: {message: Session ended and uploader reset., timestamp: 2026-06-18 14:10:26.161918, function: null, file: null}
00:04 +75 ~1: /Users/jose/src/work/hydracamv2/test/screens/role_selection_screen_test.dart: role selection is an operational capture entry surface
00:04 +75 ~1: /Users/jose/src/work/hydracamv2/test/slave/slave_client_registration_test.dart: startUploadingAll command starts pending upload queue
Log registered: {message: UploaderService: Resetting upload queue and state., timestamp: 2026-06-18 14:10:26.164237, function: null, file: null}
Log registered: {message: UploaderService: Reset completed., timestamp: 2026-06-18 14:10:26.164355, function: null, file: null}
Log registered: {message: UploaderService: Resetting upload queue and state., timestamp: 2026-06-18 14:10:26.164506, function: null, file: null}
Log registered: {message: UploaderService: Reset completed., timestamp: 2026-06-18 14:10:26.164633, function: null, file: null}
Log registered: {message: Session started with GUID: backend-upload-session on device type: Slave, timestamp: 2026-06-18 14:10:26.164685, function: null, file: null}
Log registered: {message: [UploaderService] No uploaded media with valid durations. Returning zero duration., timestamp: 2026-06-18 14:10:26.165102, function: null, file: null}
Log registered: {message: Media added to upload queue: /var/folders/6s/dp27g8gn26j9mp36sjfxb9tw0000gn/T/slave_upload_commandzn22Re/queued-photo.jpg, timestamp: 2026-06-18 14:10:26.165164, function: null, file: null}
Log registered: {message: Auto-upload is disabled. Media added to queue but not uploaded., timestamp: 2026-06-18 14:10:26.165309, function: null, file: null}
Log registered: {message: Retrieved existing Device ID: test-device, timestamp: 2026-06-18 14:10:26.165728, function: null, file: null}
Log registered: {message: Attempting to connect to master WebSocket at ws://127.0.0.1:51813/ws with Device ID: test-device, timestamp: 2026-06-18 14:10:26.165834, function: null, file: null}
Log registered: {message: Could not read slave app version diagnostics: MissingPluginException(No implementation found for method getAll on channel dev.fluttercommunity.plus/package_info), timestamp: 2026-06-18 14:10:26.167392, function: null, file: null}
Log registered: {message: Could not read slave hardware diagnostics: MissingPluginException(No implementation found for method getDeviceInfo on channel dev.fluttercommunity.plus/device_info), timestamp: 2026-06-18 14:10:26.168706, function: null, file: null}
Log registered: {message: Connected to WebSocket at ws://127.0.0.1:51813/ws, timestamp: 2026-06-18 14:10:26.169063, function: null, file: null}
Log registered: {message: Command received from master: {"command":"startUploadingAll"}, timestamp: 2026-06-18 14:10:26.171095, function: null, file: null}
Log registered: {message: Start-upload-all command received from master., timestamp: 2026-06-18 14:10:26.171459, function: null, file: null}
Log registered: {message: Manual upload initiated., timestamp: 2026-06-18 14:10:26.171601, function: null, file: null}
Log registered: {message: UploaderService: _startUploading called. _isUploading=false, queue length=1, timestamp: 2026-06-18 14:10:26.171817, function: null, file: null}
Log registered: {message: UploaderService: _processNextItem called. Queue length=1, timestamp: 2026-06-18 14:10:26.172292, function: null, file: null}
Log registered: {message: UploaderService: sessionGuid=backend-upload-session, timestamp: 2026-06-18 14:10:26.172463, function: null, file: null}
Log registered: {message: Upload file is not valid photo media: /var/folders/6s/dp27g8gn26j9mp36sjfxb9tw0000gn/T/slave_upload_commandzn22Re/queued-photo.jpg, timestamp: 2026-06-18 14:10:26.174561, function: null, file: null}
Log registered: {message: Failed to upload media: /var/folders/6s/dp27g8gn26j9mp36sjfxb9tw0000gn/T/slave_upload_commandzn22Re/queued-photo.jpg, timestamp: 2026-06-18 14:10:26.174724, function: null, file: null}
Log registered: {message: Session metadata saved to /var/folders/6s/dp27g8gn26j9mp36sjfxb9tw0000gn/T/slave_client_docsntGLob/session_backend-upload-session/metadata.json, timestamp: 2026-06-18 14:10:26.175833, function: null, file: null}
Log registered: {message: [UploaderService] Queue is empty. Returning zero duration., timestamp: 2026-06-18 14:10:26.176046, function: null, file: null}
Log registered: {message: UploaderService: _processNextItem called. Queue length=0, timestamp: 2026-06-18 14:10:26.176187, function: null, file: null}
Log registered: {message: UploaderService: Queue is empty. Uploading stopped., timestamp: 2026-06-18 14:10:26.176250, function: null, file: null}
Log registered: {message: Connection closed, timestamp: 2026-06-18 14:10:26.181492, function: null, file: null}
Log registered: {message: UploaderService: Resetting upload queue and state., timestamp: 2026-06-18 14:10:26.181759, function: null, file: null}
Log registered: {message: UploaderService: Reset completed., timestamp: 2026-06-18 14:10:26.181817, function: null, file: null}
Log registered: {message: Session metadata saved to /var/folders/6s/dp27g8gn26j9mp36sjfxb9tw0000gn/T/slave_client_docsntGLob/session_backend-upload-session/metadata.json, timestamp: 2026-06-18 14:10:26.183391, function: null, file: null}
Log registered: {message: UploaderService: Resetting upload queue and state., timestamp: 2026-06-18 14:10:26.183480, function: null, file: null}
Log registered: {message: UploaderService: Reset completed., timestamp: 2026-06-18 14:10:26.183524, function: null, file: null}
Log registered: {message: Session ended and uploader reset., timestamp: 2026-06-18 14:10:26.183558, function: null, file: null}
00:04 +76 ~1: /Users/jose/src/work/hydracamv2/test/screens/role_selection_screen_test.dart: role selection is an operational capture entry surface
00:04 +76 ~1: /Users/jose/src/work/hydracamv2/test/slave/slave_client_registration_test.dart: identifySlave command replies with identifyAck
Log registered: {message: UploaderService: Resetting upload queue and state., timestamp: 2026-06-18 14:10:26.185456, function: null, file: null}
Log registered: {message: UploaderService: Reset completed., timestamp: 2026-06-18 14:10:26.185574, function: null, file: null}
Log registered: {message: Session started with GUID: slave-session-guid on device type: Slave, timestamp: 2026-06-18 14:10:26.185632, function: null, file: null}
Log registered: {message: Adding photo to upload queue: /var/folders/6s/dp27g8gn26j9mp36sjfxb9tw0000gn/T/slave-identifyg312pG/photo.jpg, timestamp: 2026-06-18 14:10:26.186017, function: null, file: null}
Log registered: {message: Session metadata saved to /var/folders/6s/dp27g8gn26j9mp36sjfxb9tw0000gn/T/slave_client_docsntGLob/session_slave-session-guid/metadata.json, timestamp: 2026-06-18 14:10:26.187083, function: null, file: null}
Log registered: {message: [UploaderService] No uploaded media with valid durations. Returning zero duration., timestamp: 2026-06-18 14:10:26.187235, function: null, file: null}
Log registered: {message: Media added to upload queue: /var/folders/6s/dp27g8gn26j9mp36sjfxb9tw0000gn/T/slave-identifyg312pG/photo.jpg, timestamp: 2026-06-18 14:10:26.187293, function: null, file: null}
Log registered: {message: Auto-upload is disabled. Media added to queue but not uploaded., timestamp: 2026-06-18 14:10:26.187412, function: null, file: null}
Log registered: {message: Retrieved existing Device ID: test-device, timestamp: 2026-06-18 14:10:26.187774, function: null, file: null}
Log registered: {message: Attempting to connect to master WebSocket at ws://127.0.0.1:51815/ws with Device ID: test-device, timestamp: 2026-06-18 14:10:26.187851, function: null, file: null}
Log registered: {message: Could not read slave app version diagnostics: MissingPluginException(No implementation found for method getAll on channel dev.fluttercommunity.plus/package_info), timestamp: 2026-06-18 14:10:26.189176, function: null, file: null}
00:04 +76 ~1: /Users/jose/src/work/hydracamv2/test/screens/uploader_info_screen_test.dart: queued cancel action refreshes row as retryable cancellation
Log registered: {message: Session metadata saved to /var/folders/6s/dp27g8gn26j9mp36sjfxb9tw0000gn/T/uploader_info_screen_docsKKs5NZ/session_uploader-info-queued-session-guid/metadata.json, timestamp: 2026-06-18 14:10:26.189367, function: null, file: null}
Log registered: {message: [UploaderService] Queue is empty. Returning zero duration., timestamp: 2026-06-18 14:10:26.189589, function: null, file: null}
Log registered: {message: Cancelled pending upload: /var/folders/6s/dp27g8gn26j9mp36sjfxb9tw0000gn/T/uploader_info_screen_testdTJvXQ/queued-upload.mp4, timestamp: 2026-06-18 14:10:26.189677, function: null, file: null}
00:04 +76 ~1: /Users/jose/src/work/hydracamv2/test/slave/slave_client_registration_test.dart: identifySlave command replies with identifyAck
Log registered: {message: Could not read slave hardware diagnostics: MissingPluginException(No implementation found for method getDeviceInfo on channel dev.fluttercommunity.plus/device_info), timestamp: 2026-06-18 14:10:26.190674, function: null, file: null}
Log registered: {message: Connected to WebSocket at ws://127.0.0.1:51815/ws, timestamp: 2026-06-18 14:10:26.191117, function: null, file: null}
Log registered: {message: Command received from master: {"command":"identifySlave","requestId":"identify-test"}, timestamp: 2026-06-18 14:10:26.193363, function: null, file: null}
Log registered: {message: Sent identifyAck notification to master, timestamp: 2026-06-18 14:10:26.194062, function: null, file: null}
Log registered: {message: Connection closed, timestamp: 2026-06-18 14:10:26.194586, function: null, file: null}
Log registered: {message: Session metadata saved to /var/folders/6s/dp27g8gn26j9mp36sjfxb9tw0000gn/T/slave_client_docsntGLob/session_slave-session-guid/metadata.json, timestamp: 2026-06-18 14:10:26.196298, function: null, file: null}
Log registered: {message: UploaderService: Resetting upload queue and state., timestamp: 2026-06-18 14:10:26.196421, function: null, file: null}
Log registered: {message: UploaderService: Reset completed., timestamp: 2026-06-18 14:10:26.196478, function: null, file: null}
Log registered: {message: Session ended and uploader reset., timestamp: 2026-06-18 14:10:26.196517, function: null, file: null}
00:04 +77 ~1: /Users/jose/src/work/hydracamv2/test/screens/role_selection_screen_test.dart: role selection is an operational capture entry surface
00:04 +77 ~1: /Users/jose/src/work/hydracamv2/test/slave/slave_client_registration_test.dart: scheduled command applies master clock offset before countdown
Log registered: {message: Retrieved existing Device ID: test-device, timestamp: 2026-06-18 14:10:26.199356, function: null, file: null}
Log registered: {message: Attempting to connect to master WebSocket at ws://127.0.0.1:51821/ws with Device ID: test-device, timestamp: 2026-06-18 14:10:26.199472, function: null, file: null}
Log registered: {message: Could not read slave app version diagnostics: MissingPluginException(No implementation found for method getAll on channel dev.fluttercommunity.plus/package_info), timestamp: 2026-06-18 14:10:26.200668, function: null, file: null}
Log registered: {message: Could not read slave hardware diagnostics: MissingPluginException(No implementation found for method getDeviceInfo on channel dev.fluttercommunity.plus/device_info), timestamp: 2026-06-18 14:10:26.202279, function: null, file: null}
Log registered: {message: Connected to WebSocket at ws://127.0.0.1:51821/ws, timestamp: 2026-06-18 14:10:26.202858, function: null, file: null}
Log registered: {message: Command received from master: {"type":"scheduledCommand","command":"takePhoto","scheduledTime":"2026-06-08T20:35:05.000Z","masterTime":"2026-06-08T20:35:02.000Z"}, timestamp: 2026-06-18 14:10:26.204252, function: null, file: null}
Log registered: {message: Applied coarse fallback clock offset from master timestamp: 2000 ms., timestamp: 2026-06-18 14:10:26.205122, function: null, file: null}
Log registered: {message: Command 'takePhoto' scheduled for 2026-06-08 20:35:05.000Z., timestamp: 2026-06-18 14:10:26.205467, function: null, file: null}
Log registered: {message: Connection closed, timestamp: 2026-06-18 14:10:26.206099, function: null, file: null}
00:04 +78 ~1: /Users/jose/src/work/hydracamv2/test/screens/role_selection_screen_test.dart: role selection is an operational capture entry surface
00:04 +78 ~1: /Users/jose/src/work/hydracamv2/test/screens/uploader_info_screen_test.dart: queued cancel action refreshes row as retryable cancellation
Log registered: {message: Session metadata saved to /var/folders/6s/dp27g8gn26j9mp36sjfxb9tw0000gn/T/uploader_info_screen_docsKKs5NZ/session_uploader-info-queued-session-guid/metadata.json, timestamp: 2026-06-18 14:10:26.213225, function: null, file: null}
Log registered: {message: UploaderService: Resetting upload queue and state., timestamp: 2026-06-18 14:10:26.213445, function: null, file: null}
Log registered: {message: UploaderService: Reset completed., timestamp: 2026-06-18 14:10:26.213524, function: null, file: null}
Log registered: {message: Session ended and uploader reset., timestamp: 2026-06-18 14:10:26.213582, function: null, file: null}
Log registered: {message: UploaderService: Resetting upload queue and state., timestamp: 2026-06-18 14:10:26.213639, function: null, file: null}
Log registered: {message: UploaderService: Reset completed., timestamp: 2026-06-18 14:10:26.213689, function: null, file: null}
00:04 +79 ~1: /Users/jose/src/work/hydracamv2/test/screens/role_selection_screen_test.dart: role selection is an operational capture entry surface
00:04 +80 ~1: /Users/jose/src/work/hydracamv2/test/camera_singleton_initialization_test.dart: CameraServiceSingleton Initialization MasterScreen can be created when CameraServiceSingleton is initialized
00:04 +80 ~1: /Users/jose/src/work/hydracamv2/test/screens/uploader_info_screen_test.dart: summary shows pending queue and current upload
Log registered: {message: UploaderService: Resetting upload queue and state., timestamp: 2026-06-18 14:10:26.227426, function: null, file: null}
Log registered: {message: UploaderService: Reset completed., timestamp: 2026-06-18 14:10:26.227556, function: null, file: null}
Log registered: {message: UploaderService: Resetting upload queue and state., timestamp: 2026-06-18 14:10:26.229758, function: null, file: null}
Log registered: {message: UploaderService: Reset completed., timestamp: 2026-06-18 14:10:26.229885, function: null, file: null}
Log registered: {message: Session started with GUID: uploader-info-summary-guid on device type: Master, timestamp: 2026-06-18 14:10:26.230016, function: null, file: null}
Log registered: {message: [UploaderService] No uploaded media with valid durations. Returning zero duration., timestamp: 2026-06-18 14:10:26.230581, function: null, file: null}
Log registered: {message: Media added to upload queue: /var/folders/6s/dp27g8gn26j9mp36sjfxb9tw0000gn/T/uploader_info_screen_testz0NXPw/queued-upload.mp4, timestamp: 2026-06-18 14:10:26.230663, function: null, file: null}
Log registered: {message: Auto-upload is disabled. Media added to queue but not uploaded., timestamp: 2026-06-18 14:10:26.230815, function: null, file: null}
00:04 +81 ~1: /Users/jose/src/work/hydracamv2/test/camera_singleton_initialization_test.dart: CameraServiceSingleton Initialization MasterScreen can be created when CameraServiceSingleton is initialized
00:04 +81 ~1: /Users/jose/src/work/hydracamv2/test/screens/uploader_info_screen_test.dart: summary shows pending queue and current upload
Log registered: {message: Session metadata saved to /var/folders/6s/dp27g8gn26j9mp36sjfxb9tw0000gn/T/uploader_info_screen_docsKKs5NZ/session_uploader-info-summary-guid/metadata.json, timestamp: 2026-06-18 14:10:26.266692, function: null, file: null}
Log registered: {message: UploaderService: Resetting upload queue and state., timestamp: 2026-06-18 14:10:26.266924, function: null, file: null}
Log registered: {message: Cancelled in-flight API requests., timestamp: 2026-06-18 14:10:26.267296, function: null, file: null}
Log registered: {message: UploaderService: Reset completed., timestamp: 2026-06-18 14:10:26.267415, function: null, file: null}
Log registered: {message: Session ended and uploader reset., timestamp: 2026-06-18 14:10:26.267469, function: null, file: null}
Log registered: {message: UploaderService: Resetting upload queue and state., timestamp: 2026-06-18 14:10:26.267516, function: null, file: null}
Log registered: {message: UploaderService: Reset completed., timestamp: 2026-06-18 14:10:26.267559, function: null, file: null}
00:04 +82 ~1: /Users/jose/src/work/hydracamv2/test/camera_singleton_initialization_test.dart: CameraServiceSingleton Initialization MasterScreen can be created when CameraServiceSingleton is initialized
00:04 +82 ~1: /Users/jose/src/work/hydracamv2/test/screens/uploader_info_screen_test.dart: start uploads action drains the pending queue
Log registered: {message: UploaderService: Resetting upload queue and state., timestamp: 2026-06-18 14:10:26.268867, function: null, file: null}
Log registered: {message: UploaderService: Reset completed., timestamp: 2026-06-18 14:10:26.268958, function: null, file: null}
Log registered: {message: UploaderService: Resetting upload queue and state., timestamp: 2026-06-18 14:10:26.271059, function: null, file: null}
Log registered: {message: UploaderService: Reset completed., timestamp: 2026-06-18 14:10:26.271218, function: null, file: null}
Log registered: {message: Session started with GUID: uploader-info-start-guid on device type: Master, timestamp: 2026-06-18 14:10:26.271319, function: null, file: null}
Log registered: {message: [UploaderService] No uploaded media with valid durations. Returning zero duration., timestamp: 2026-06-18 14:10:26.271996, function: null, file: null}
Log registered: {message: Media added to upload queue: /var/folders/6s/dp27g8gn26j9mp36sjfxb9tw0000gn/T/uploader_info_screen_test6Kx0iV/queued-photo.jpg, timestamp: 2026-06-18 14:10:26.272113, function: null, file: null}
Log registered: {message: Auto-upload is disabled. Media added to queue but not uploaded., timestamp: 2026-06-18 14:10:26.272240, function: null, file: null}
00:04 +83 ~1: /Users/jose/src/work/hydracamv2/test/camera_singleton_initialization_test.dart: CameraServiceSingleton Initialization MasterScreen can be created when CameraServiceSingleton is initialized
00:04 +83 ~1: /Users/jose/src/work/hydracamv2/test/screens/uploader_info_screen_test.dart: start uploads action drains the pending queue
Log registered: {message: Manual upload initiated., timestamp: 2026-06-18 14:10:26.304717, function: null, file: null}
Log registered: {message: UploaderService: _startUploading called. _isUploading=false, queue length=1, timestamp: 2026-06-18 14:10:26.305004, function: null, file: null}
Log registered: {message: UploaderService: _processNextItem called. Queue length=1, timestamp: 2026-06-18 14:10:26.305435, function: null, file: null}
Log registered: {message: UploaderService: sessionGuid=uploader-info-start-guid, timestamp: 2026-06-18 14:10:26.305600, function: null, file: null}
Log registered: {message: Get token, timestamp: 2026-06-18 14:10:26.307253, function: null, file: null}
Log registered: {message: Media uploaded successfully, timestamp: 2026-06-18 14:10:26.317247, function: null, file: null}
Log registered: {message: Media uploaded: /var/folders/6s/dp27g8gn26j9mp36sjfxb9tw0000gn/T/uploader_info_screen_test6Kx0iV/queued-photo.jpg, timestamp: 2026-06-18 14:10:26.317539, function: null, file: null}
Log registered: {message: Session metadata saved to /var/folders/6s/dp27g8gn26j9mp36sjfxb9tw0000gn/T/uploader_info_screen_docsKKs5NZ/session_uploader-info-start-guid/metadata.json, timestamp: 2026-06-18 14:10:26.318326, function: null, file: null}
Log registered: {message: [UploaderService] Queue is empty. Returning zero duration., timestamp: 2026-06-18 14:10:26.318719, function: null, file: null}
Log registered: {message: UploaderService: _processNextItem called. Queue length=0, timestamp: 2026-06-18 14:10:26.318808, function: null, file: null}
Log registered: {message: UploaderService: Queue is empty. Uploading stopped., timestamp: 2026-06-18 14:10:26.318864, function: null, file: null}
Log registered: {message: Session metadata saved to /var/folders/6s/dp27g8gn26j9mp36sjfxb9tw0000gn/T/uploader_info_screen_docsKKs5NZ/session_uploader-info-start-guid/metadata.json, timestamp: 2026-06-18 14:10:26.334068, function: null, file: null}
Log registered: {message: UploaderService: Resetting upload queue and state., timestamp: 2026-06-18 14:10:26.334229, function: null, file: null}
Log registered: {message: UploaderService: Reset completed., timestamp: 2026-06-18 14:10:26.334330, function: null, file: null}
Log registered: {message: Session ended and uploader reset., timestamp: 2026-06-18 14:10:26.334448, function: null, file: null}
Log registered: {message: UploaderService: Resetting upload queue and state., timestamp: 2026-06-18 14:10:26.334513, function: null, file: null}
Log registered: {message: UploaderService: Reset completed., timestamp: 2026-06-18 14:10:26.334557, function: null, file: null}
00:04 +84 ~1: /Users/jose/src/work/hydracamv2/test/camera_singleton_initialization_test.dart: CameraServiceSingleton Initialization MasterScreen can be created when CameraServiceSingleton is initialized
Log registered: {message: WebSocket Server stopped, timestamp: 2026-06-18 14:10:26.334610, function: null, file: null}
Log registered: {message: Stopped broadcasting master discovery message., timestamp: 2026-06-18 14:10:26.336791, function: null, file: null}
00:04 +85 ~1: /Users/jose/src/work/hydracamv2/test/camera_singleton_initialization_test.dart: CameraServiceSingleton Initialization SlaveScreen can be created when CameraServiceSingleton is initialized
00:04 +86 ~1: /Users/jose/src/work/hydracamv2/test/camera_singleton_initialization_test.dart: CameraServiceSingleton Initialization Main app flow initializes CameraServiceSingleton early
00:04 +87 ~1: /Users/jose/src/work/hydracamv2/test/camera_singleton_initialization_test.dart: CameraServiceSingleton Initialization (tearDownAll)
00:04 +87 ~1: /Users/jose/src/work/hydracamv2/test/camera_singleton_initialization_test.dart: CameraServiceSingleton Error Prevention Accessing instance before initialization throws clear error
00:04 +88 ~1: /Users/jose/src/work/hydracamv2/test/camera_singleton_initialization_test.dart: CameraServiceSingleton Error Prevention MasterScreen initState accesses CameraServiceSingleton safely
Log registered: {message: WebSocket Server stopped, timestamp: 2026-06-18 14:10:26.436813, function: null, file: null}
Log registered: {message: Stopped broadcasting master discovery message., timestamp: 2026-06-18 14:10:26.437055, function: null, file: null}
00:04 +89 ~1: /Users/jose/src/work/hydracamv2/test/camera_singleton_initialization_test.dart: StorageService Nullable Messenger StorageService can be created with null messenger for early init
00:04 +90 ~1: /Users/jose/src/work/hydracamv2/test/camera_singleton_initialization_test.dart: StorageService Nullable Messenger StorageService handles null messenger gracefully
00:05 +91 ~1: /Users/jose/src/work/hydracamv2/test/master/master_time_sync_test.dart: master answers a timeSyncRequest with echoed id/t0 and its t1/t2
Log registered: {message: Data received from slave: {type: timeSyncRequest, deviceId: slave-a, id: 3:5, t0: 2026-01-01T00:00:00.000Z}, timestamp: 2026-06-18 14:10:27.054163, function: null, file: null}
Trace file unavailable: Binding has not yet been initialized.
The "instance" getter on the ServicesBinding binding mixin is only available once that binding has been initialized.
Typically, this is done by calling "WidgetsFlutterBinding.ensureInitialized()" or "runApp()" (the latter calls the former). Typically this call is done in the "void main()" method. The "ensureInitialized" method is idempotent; calling it multiple times is not harmful. After calling that method, the "instance" getter will return the binding.
In a test, one can call "TestWidgetsFlutterBinding.ensureInitialized()" as the first line in the test's "main()" method to initialize the binding.
If ServicesBinding is a custom binding mixin, there must also be a custom binding class, like WidgetsFlutterBinding, but that mixes in the selected binding, and that is the class that must be constructed before using the "instance" getter.
00:05 +92 ~1: /Users/jose/src/work/hydracamv2/test/slave/slave_screen_fast_connect_test.dart: forced preferred master connects without network readiness probe
Log registered: {message: Skipping slave network readiness for forced preferred master 192.168.178.153., timestamp: 2026-06-18 14:10:27.293772, function: null, file: null}
Log registered: {message: Connecting to master at IP: 192.168.178.153, timestamp: 2026-06-18 14:10:27.295774, function: null, file: null}
00:05 +92 ~1: /Users/jose/src/work/hydracamv2/test/master/master_screen_test.dart: (setUpAll)
Log registered: {message: StorageService monitoring disabled - timer not started., timestamp: 2026-06-18 14:10:27.328766, function: null, file: null}
00:05 +92 ~1: /Users/jose/src/work/hydracamv2/test/slave/slave_screen_fast_connect_test.dart: forced preferred master connects without network readiness probe
00:05 +93 ~1: /Users/jose/src/work/hydracamv2/test/slave/slave_screen_fast_connect_test.dart: forced preferred master connects without network readiness probe
00:05 +94 ~1: /Users/jose/src/work/hydracamv2/test/slave/slave_screen_fast_connect_test.dart: forced preferred master connects without network readiness probe
00:05 +95 ~1: /Users/jose/src/work/hydracamv2/test/slave/slave_screen_fast_connect_test.dart: forced preferred master connects without network readiness probe
00:05 +96 ~1: /Users/jose/src/work/hydracamv2/test/slave/slave_screen_fast_connect_test.dart: forced preferred master connects without network readiness probe
00:05 +97 ~1: /Users/jose/src/work/hydracamv2/test/slave/slave_screen_fast_connect_test.dart: forced preferred master connects without network readiness probe
00:05 +98 ~1: /Users/jose/src/work/hydracamv2/test/slave/slave_screen_fast_connect_test.dart: forced preferred master connects without network readiness probe
00:05 +99 ~1: /Users/jose/src/work/hydracamv2/test/slave/slave_screen_fast_connect_test.dart: forced preferred master connects without network readiness probe
00:05 +100 ~1: /Users/jose/src/work/hydracamv2/test/slave/slave_screen_fast_connect_test.dart: forced preferred master connects without network readiness probe
00:05 +101 ~1: /Users/jose/src/work/hydracamv2/test/slave/slave_screen_fast_connect_test.dart: forced preferred master connects without network readiness probe
00:05 +102 ~1: /Users/jose/src/work/hydracamv2/test/slave/slave_screen_fast_connect_test.dart: forced preferred master connects without network readiness probe
00:05 +102 ~1: /Users/jose/src/work/hydracamv2/test/master/master_announcer_test.dart: starts periodic discovery without real UDP and cancels on stop
Log registered: {message: Stopped broadcasting master discovery message., timestamp: 2026-06-18 14:10:27.399196, function: null, file: null}
Trace file unavailable: Binding has not yet been initialized.
The "instance" getter on the ServicesBinding binding mixin is only available once that binding has been initialized.
Typically, this is done by calling "WidgetsFlutterBinding.ensureInitialized()" or "runApp()" (the latter calls the former). Typically this call is done in the "void main()" method. The "ensureInitialized" method is idempotent; calling it multiple times is not harmful. After calling that method, the "instance" getter will return the binding.
In a test, one can call "TestWidgetsFlutterBinding.ensureInitialized()" as the first line in the test's "main()" method to initialize the binding.
If ServicesBinding is a custom binding mixin, there must also be a custom binding class, like WidgetsFlutterBinding, but that mixes in the selected binding, and that is the class that must be constructed before using the "instance" getter.
00:05 +103 ~1: /Users/jose/src/work/hydracamv2/test/slave/slave_screen_fast_connect_test.dart: forced preferred master connects without network readiness probe
00:05 +103 ~1: /Users/jose/src/work/hydracamv2/test/master/master_announcer_test.dart: broadcast errors do not stop later timer ticks
Log registered: {message: Error during broadcasting: Bad state: transient UDP failure, timestamp: 2026-06-18 14:10:27.414784, function: null, file: null}
Log registered: {message: Stopped broadcasting master discovery message., timestamp: 2026-06-18 14:10:27.415297, function: null, file: null}
00:05 +104 ~1: /Users/jose/src/work/hydracamv2/test/slave/slave_screen_fast_connect_test.dart: forced preferred master connects without network readiness probe
00:05 +105 ~1: /Users/jose/src/work/hydracamv2/test/slave/slave_screen_fast_connect_test.dart: forced preferred master connects without network readiness probe
00:05 +105 ~1: /Users/jose/src/work/hydracamv2/test/master/master_media_sync_metadata_test.dart: incoming photo message carries syncMetadata into stored CapturedPhoto
Log registered: {message: UploaderService: Resetting upload queue and state., timestamp: 2026-06-18 14:10:27.493418, function: null, file: null}
00:05 +106 ~1: /Users/jose/src/work/hydracamv2/test/slave/slave_screen_fast_connect_test.dart: forced preferred master connects without network readiness probe
00:05 +106 ~1: /Users/jose/src/work/hydracamv2/test/master/master_media_sync_metadata_test.dart: incoming photo message carries syncMetadata into stored CapturedPhoto
Log registered: {message: UploaderService: Reset completed., timestamp: 2026-06-18 14:10:27.496358, function: null, file: null}
Log registered: {message: Session started with GUID: sync-photo-guid on device type: Master, timestamp: 2026-06-18 14:10:27.497425, function: null, file: null}
Log registered: {message: Data received from slave: {type: photo, deviceId: slave-a, data: [255, 216, 255], captureDate: 2026-06-09T03:44:00.000Z, syncMetadata: {offsetMs: 42, minRoundTripMs: 8, uncertaintyMs: 3, confidence: green, sampleCount: 6, calibratedAt: 2026-06-09T03:40:00.000Z, calibrationAgeMs: 1200}}, timestamp: 2026-06-18 14:10:27.499123, function: null, file: null}
Log registered: {message: Save media locally, timestamp: 2026-06-18 14:10:27.499767, function: null, file: null}
00:05 +106 ~1: /Users/jose/src/work/hydracamv2/test/slave/slave_screen_fast_connect_test.dart: forced preferred master connects without network readiness probe
00:05 +106 ~1: /Users/jose/src/work/hydracamv2/test/master/master_media_sync_metadata_test.dart: incoming photo message carries syncMetadata into stored CapturedPhoto
Log registered: {message: Adding photo to upload queue: /var/folders/6s/dp27g8gn26j9mp36sjfxb9tw0000gn/T/master_media_sync_photo0riGjn/session_sync-photo-guid/media_1770000000789.jpg, timestamp: 2026-06-18 14:10:27.536016, function: null, file: null}
Log registered: {message: Session metadata saved to /var/folders/6s/dp27g8gn26j9mp36sjfxb9tw0000gn/T/master_server_docshWzr0c/session_sync-photo-guid/metadata.json, timestamp: 2026-06-18 14:10:27.538956, function: null, file: null}
Log registered: {message: Sync sidecar saved to /var/folders/6s/dp27g8gn26j9mp36sjfxb9tw0000gn/T/master_media_sync_photo0riGjn/session_sync-photo-guid/media_1770000000789.jpg.sync.json, timestamp: 2026-06-18 14:10:27.540490, function: null, file: null}
Log registered: {message: [UploaderService] No uploaded media with valid durations. Returning zero duration., timestamp: 2026-06-18 14:10:27.542676, function: null, file: null}
Log registered: {message: Media added to upload queue: /var/folders/6s/dp27g8gn26j9mp36sjfxb9tw0000gn/T/master_media_sync_photo0riGjn/session_sync-photo-guid/media_1770000000789.jpg, timestamp: 2026-06-18 14:10:27.542888, function: null, file: null}
Log registered: {message: Auto-upload is disabled. Media added to queue but not uploaded., timestamp: 2026-06-18 14:10:27.544296, function: null, file: null}
Log registered: {message: Photo from slave device (slave-a) received and stored at: /var/folders/6s/dp27g8gn26j9mp36sjfxb9tw0000gn/T/master_media_sync_photo0riGjn/session_sync-photo-guid/media_1770000000789.jpg, timestamp: 2026-06-18 14:10:27.544479, function: null, file: null}
00:05 +107 ~1: /Users/jose/src/work/hydracamv2/test/slave/slave_screen_fast_connect_test.dart: forced preferred master connects without network readiness probe
00:05 +108 ~1: /Users/jose/src/work/hydracamv2/test/slave/slave_screen_fast_connect_test.dart: forced preferred master connects without network readiness probe
00:05 +109 ~1: /Users/jose/src/work/hydracamv2/test/slave/slave_screen_fast_connect_test.dart: forced preferred master connects without network readiness probe
00:05 +109 ~1: /Users/jose/src/work/hydracamv2/test/master/master_media_sync_metadata_test.dart: incoming photo message carries syncMetadata into stored CapturedPhoto
Log registered: {message: Session metadata saved to /var/folders/6s/dp27g8gn26j9mp36sjfxb9tw0000gn/T/master_server_docshWzr0c/session_sync-photo-guid/metadata.json, timestamp: 2026-06-18 14:10:27.550038, function: null, file: null}
Log registered: {message: UploaderService: Resetting upload queue and state., timestamp: 2026-06-18 14:10:27.550217, function: null, file: null}
Log registered: {message: UploaderService: Reset completed., timestamp: 2026-06-18 14:10:27.550298, function: null, file: null}
Log registered: {message: Session ended and uploader reset., timestamp: 2026-06-18 14:10:27.550356, function: null, file: null}
00:05 +110 ~1: /Users/jose/src/work/hydracamv2/test/slave/slave_screen_fast_connect_test.dart: forced preferred master connects without network readiness probe
00:05 +110 ~1: /Users/jose/src/work/hydracamv2/test/master/master_media_sync_metadata_test.dart: incoming video message carries syncMetadata into stored CapturedVideo
Log registered: {message: UploaderService: Resetting upload queue and state., timestamp: 2026-06-18 14:10:27.552816, function: null, file: null}
Log registered: {message: UploaderService: Reset completed., timestamp: 2026-06-18 14:10:27.552969, function: null, file: null}
Log registered: {message: Session started with GUID: sync-video-guid on device type: Master, timestamp: 2026-06-18 14:10:27.553045, function: null, file: null}
Log registered: {message: Data received from slave: {type: video, deviceId: slave-a, data: [0, 0, 0, 24], startRecordingDate: 2026-06-09T03:44:00.000Z, endRecordingDate: 2026-06-09T03:45:00.000Z, syncMetadata: {offsetMs: 42, minRoundTripMs: 8, uncertaintyMs: 3, confidence: green, sampleCount: 6, calibratedAt: 2026-06-09T03:40:00.000Z, calibrationAgeMs: 1200}}, timestamp: 2026-06-18 14:10:27.553225, function: null, file: null}
Log registered: {message: Save media locally, timestamp: 2026-06-18 14:10:27.553316, function: null, file: null}
Log registered: {message: Adding video to upload queue: /var/folders/6s/dp27g8gn26j9mp36sjfxb9tw0000gn/T/master_media_sync_videoRn4vog/session_sync-video-guid/media_1770000000789.mp4, timestamp: 2026-06-18 14:10:27.555055, function: null, file: null}
Log registered: {message: Session metadata saved to /var/folders/6s/dp27g8gn26j9mp36sjfxb9tw0000gn/T/master_server_docsJqSFDE/session_sync-video-guid/metadata.json, timestamp: 2026-06-18 14:10:27.556375, function: null, file: null}
Log registered: {message: Sync sidecar saved to /var/folders/6s/dp27g8gn26j9mp36sjfxb9tw0000gn/T/master_media_sync_videoRn4vog/session_sync-video-guid/media_1770000000789.mp4.sync.json, timestamp: 2026-06-18 14:10:27.557302, function: null, file: null}
Log registered: {message: [UploaderService] No uploaded media with valid durations. Returning zero duration., timestamp: 2026-06-18 14:10:27.557496, function: null, file: null}
Log registered: {message: Media added to upload queue: /var/folders/6s/dp27g8gn26j9mp36sjfxb9tw0000gn/T/master_media_sync_videoRn4vog/session_sync-video-guid/media_1770000000789.mp4, timestamp: 2026-06-18 14:10:27.557598, function: null, file: null}
Log registered: {message: Auto-upload is disabled. Media added to queue but not uploaded., timestamp: 2026-06-18 14:10:27.557752, function: null, file: null}
Log registered: {message: Video from slave device (slave-a) received and stored at: /var/folders/6s/dp27g8gn26j9mp36sjfxb9tw0000gn/T/master_media_sync_videoRn4vog/session_sync-video-guid/media_1770000000789.mp4, timestamp: 2026-06-18 14:10:27.557816, function: null, file: null}
Log registered: {message: Session metadata saved to /var/folders/6s/dp27g8gn26j9mp36sjfxb9tw0000gn/T/master_server_docsJqSFDE/session_sync-video-guid/metadata.json, timestamp: 2026-06-18 14:10:27.559180, function: null, file: null}
Log registered: {message: UploaderService: Resetting upload queue and state., timestamp: 2026-06-18 14:10:27.559515, function: null, file: null}
Log registered: {message: UploaderService: Reset completed., timestamp: 2026-06-18 14:10:27.559663, function: null, file: null}
Log registered: {message: Session ended and uploader reset., timestamp: 2026-06-18 14:10:27.559739, function: null, file: null}
00:05 +111 ~1: /Users/jose/src/work/hydracamv2/test/slave/slave_screen_fast_connect_test.dart: forced preferred master connects without network readiness probe
00:05 +111 ~1: /Users/jose/src/work/hydracamv2/test/master/master_network_snapshot_cache_test.dart: pending server start closes immediately when stop is requested
Log registered: {message: WebSocket Server stopped, timestamp: 2026-06-18 14:10:27.558864, function: null, file: null}
00:05 +111 ~1: /Users/jose/src/work/hydracamv2/test/master/master_media_sync_metadata_test.dart: omitting syncMetadata leaves stored media syncMetadata null
Log registered: {message: UploaderService: Resetting upload queue and state., timestamp: 2026-06-18 14:10:27.562053, function: null, file: null}
Log registered: {message: UploaderService: Reset completed., timestamp: 2026-06-18 14:10:27.562203, function: null, file: null}
Log registered: {message: Session started with GUID: sync-absent-guid on device type: Master, timestamp: 2026-06-18 14:10:27.562275, function: null, file: null}
Log registered: {message: Data received from slave: {type: photo, deviceId: slave-a, data: [255, 216, 255], captureDate: 2026-06-09T03:44:00.000Z}, timestamp: 2026-06-18 14:10:27.562405, function: null, file: null}
Log registered: {message: Save media locally, timestamp: 2026-06-18 14:10:27.562484, function: null, file: null}
Log registered: {message: Adding photo to upload queue: /var/folders/6s/dp27g8gn26j9mp36sjfxb9tw0000gn/T/master_media_sync_absente8BrOZ/session_sync-absent-guid/media_1770000000789.jpg, timestamp: 2026-06-18 14:10:27.563823, function: null, file: null}
Log registered: {message: Session metadata saved to /var/folders/6s/dp27g8gn26j9mp36sjfxb9tw0000gn/T/master_server_docsoherIm/session_sync-absent-guid/metadata.json, timestamp: 2026-06-18 14:10:27.565065, function: null, file: null}
Log registered: {message: [UploaderService] No uploaded media with valid durations. Returning zero duration., timestamp: 2026-06-18 14:10:27.565204, function: null, file: null}
Log registered: {message: Media added to upload queue: /var/folders/6s/dp27g8gn26j9mp36sjfxb9tw0000gn/T/master_media_sync_absente8BrOZ/session_sync-absent-guid/media_1770000000789.jpg, timestamp: 2026-06-18 14:10:27.565272, function: null, file: null}
00:06 +111 ~1: /Users/jose/src/work/hydracamv2/test/master/master_network_snapshot_cache_test.dart: pending server start closes immediately when stop is requested
Log registered: {message: WebSocket Server startup cancelled because stop was requested., timestamp: 2026-06-18 14:10:27.565386, function: null, file: null}
00:06 +111 ~1: /Users/jose/src/work/hydracamv2/test/master/master_media_sync_metadata_test.dart: omitting syncMetadata leaves stored media syncMetadata null
Log registered: {message: Auto-upload is disabled. Media added to queue but not uploaded., timestamp: 2026-06-18 14:10:27.565505, function: null, file: null}
Log registered: {message: Photo from slave device (slave-a) received and stored at: /var/folders/6s/dp27g8gn26j9mp36sjfxb9tw0000gn/T/master_media_sync_absente8BrOZ/session_sync-absent-guid/media_1770000000789.jpg, timestamp: 2026-06-18 14:10:27.565616, function: null, file: null}
Log registered: {message: Session metadata saved to /var/folders/6s/dp27g8gn26j9mp36sjfxb9tw0000gn/T/master_server_docsoherIm/session_sync-absent-guid/metadata.json, timestamp: 2026-06-18 14:10:27.566906, function: null, file: null}
Log registered: {message: UploaderService: Resetting upload queue and state., timestamp: 2026-06-18 14:10:27.567050, function: null, file: null}
Log registered: {message: UploaderService: Reset completed., timestamp: 2026-06-18 14:10:27.567158, function: null, file: null}
Log registered: {message: Session ended and uploader reset., timestamp: 2026-06-18 14:10:27.567220, function: null, file: null}
00:06 +112 ~1: /Users/jose/src/work/hydracamv2/test/slave/slave_screen_fast_connect_test.dart: forced preferred master connects without network readiness probe
00:06 +113 ~1: /Users/jose/src/work/hydracamv2/test/slave/slave_screen_fast_connect_test.dart: forced preferred master connects without network readiness probe
00:06 +114 ~1: /Users/jose/src/work/hydracamv2/test/slave/slave_screen_fast_connect_test.dart: forced preferred master connects without network readiness probe
00:06 +115 ~1: /Users/jose/src/work/hydracamv2/test/slave/slave_screen_fast_connect_test.dart: forced preferred master connects without network readiness probe
00:06 +116 ~1: /Users/jose/src/work/hydracamv2/test/slave/slave_screen_fast_connect_test.dart: forced preferred master connects without network readiness probe
00:06 +117 ~1: /Users/jose/src/work/hydracamv2/test/slave/slave_screen_fast_connect_test.dart: forced preferred master connects without network readiness probe
00:06 +117 ~1: /Users/jose/src/work/hydracamv2/test/master/master_network_snapshot_cache_test.dart: incoming device registration sends current session status
Log registered: {message: Data received from slave: {type: deviceId, deviceId: slave-a, sessionGuid: slave-session-guid, network: {isWifiActive: true, ipAddress: 192.168.178.62, source: slave-test}}, timestamp: 2026-06-18 14:10:27.588548, function: null, file: null}
Log registered: {message: Registered new slave with deviceId: slave-a, timestamp: 2026-06-18 14:10:27.589271, function: null, file: null}
Log registered: {message: Sent noSession to slave-a, timestamp: 2026-06-18 14:10:27.590012, function: null, file: null}
00:06 +118 ~1: /Users/jose/src/work/hydracamv2/test/slave/slave_screen_fast_connect_test.dart: forced preferred master connects without network readiness probe
00:06 +118 ~1: /Users/jose/src/work/hydracamv2/test/master/master_network_snapshot_cache_test.dart: incoming device registration exposes app and hardware diagnostics
Log registered: {message: Data received from slave: {type: deviceId, deviceId: slave-a, appVersion: 1.4.0, appBuildNumber: 16, hardware: Samsung Galaxy S10e}, timestamp: 2026-06-18 14:10:27.592710, function: null, file: null}
Log registered: {message: Registered new slave with deviceId: slave-a, timestamp: 2026-06-18 14:10:27.593024, function: null, file: null}
Log registered: {message: Sent noSession to slave-a, timestamp: 2026-06-18 14:10:27.593130, function: null, file: null}
00:06 +119 ~1: /Users/jose/src/work/hydracamv2/test/slave/slave_screen_fast_connect_test.dart: forced preferred master connects without network readiness probe
00:06 +119 ~1: /Users/jose/src/work/hydracamv2/test/master/master_network_snapshot_cache_test.dart: incoming heartbeat preserves slave session media diagnostics
Log registered: {message: Data received from slave: {type: heartbeat, deviceId: slave-a, sessionGuid: slave-session-guid, sessionMedia: {photoCount: 1, videoCount: 0, pendingUploadCount: 1, uploadedCount: 0}}, timestamp: 2026-06-18 14:10:27.596342, function: null, file: null}
Log registered: {message: Received heartbeat from slave-a, timestamp: 2026-06-18 14:10:27.596757, function: null, file: null}
00:06 +120 ~1: /Users/jose/src/work/hydracamv2/test/slave/slave_screen_fast_connect_test.dart: forced preferred master connects without network readiness probe
00:06 +120 ~1: /Users/jose/src/work/hydracamv2/test/master/master_network_snapshot_cache_test.dart: incoming photo media is saved through session media storage
Log registered: {message: UploaderService: Resetting upload queue and state., timestamp: 2026-06-18 14:10:27.601955, function: null, file: null}
Log registered: {message: UploaderService: Reset completed., timestamp: 2026-06-18 14:10:27.602462, function: null, file: null}
Log registered: {message: Session started with GUID: server-media-guid on device type: Master, timestamp: 2026-06-18 14:10:27.602708, function: null, file: null}
Log registered: {message: Data received from slave: {type: photo, deviceId: slave-a, data: [255, 216, 255], captureDate: 2026-06-09T03:44:00.000Z}, timestamp: 2026-06-18 14:10:27.603066, function: null, file: null}
Log registered: {message: Save media locally, timestamp: 2026-06-18 14:10:27.603749, function: null, file: null}
Log registered: {message: Adding photo to upload queue: /var/folders/6s/dp27g8gn26j9mp36sjfxb9tw0000gn/T/master_received_mediaYBOyBi/session_server-media-guid/media_1770000000789.jpg, timestamp: 2026-06-18 14:10:27.606890, function: null, file: null}
Log registered: {message: Session metadata saved to /var/folders/6s/dp27g8gn26j9mp36sjfxb9tw0000gn/T/master_server_docsp0CTbd/session_server-media-guid/metadata.json, timestamp: 2026-06-18 14:10:27.609242, function: null, file: null}
Log registered: {message: [UploaderService] No uploaded media with valid durations. Returning zero duration., timestamp: 2026-06-18 14:10:27.610190, function: null, file: null}
Log registered: {message: Media added to upload queue: /var/folders/6s/dp27g8gn26j9mp36sjfxb9tw0000gn/T/master_received_mediaYBOyBi/session_server-media-guid/media_1770000000789.jpg, timestamp: 2026-06-18 14:10:27.610367, function: null, file: null}
Log registered: {message: Auto-upload is disabled. Media added to queue but not uploaded., timestamp: 2026-06-18 14:10:27.611387, function: null, file: null}
Log registered: {message: Photo from slave device (slave-a) received and stored at: /var/folders/6s/dp27g8gn26j9mp36sjfxb9tw0000gn/T/master_received_mediaYBOyBi/session_server-media-guid/media_1770000000789.jpg, timestamp: 2026-06-18 14:10:27.611516, function: null, file: null}
Log registered: {message: Session metadata saved to /var/folders/6s/dp27g8gn26j9mp36sjfxb9tw0000gn/T/master_server_docsp0CTbd/session_server-media-guid/metadata.json, timestamp: 2026-06-18 14:10:27.613997, function: null, file: null}
Log registered: {message: UploaderService: Resetting upload queue and state., timestamp: 2026-06-18 14:10:27.614181, function: null, file: null}
Log registered: {message: UploaderService: Reset completed., timestamp: 2026-06-18 14:10:27.614273, function: null, file: null}
Log registered: {message: Session ended and uploader reset., timestamp: 2026-06-18 14:10:27.614326, function: null, file: null}
00:06 +121 ~1: /Users/jose/src/work/hydracamv2/test/slave/slave_screen_fast_connect_test.dart: forced preferred master connects without network readiness probe
00:06 +121 ~1: /Users/jose/src/work/hydracamv2/test/master/master_network_snapshot_cache_test.dart: stale socket close does not remove current client registration
Log registered: {message: Client slave-a disconnected. Total clients: 0, timestamp: 2026-06-18 14:10:27.616722, function: null, file: null}
00:06 +122 ~1: /Users/jose/src/work/hydracamv2/test/slave/slave_screen_fast_connect_test.dart: forced preferred master connects without network readiness probe
00:06 +122 ~1: /Users/jose/src/work/hydracamv2/test/master/master_network_snapshot_cache_test.dart: master server retains disconnected device status after socket removal
Log registered: {message: Client slave-a disconnected. Total clients: 0, timestamp: 2026-06-18 14:10:27.618537, function: null, file: null}
00:06 +123 ~1: /Users/jose/src/work/hydracamv2/test/slave/slave_screen_fast_connect_test.dart: forced preferred master connects without network readiness probe
00:06 +123 ~1: /Users/jose/src/work/hydracamv2/test/master/master_network_snapshot_cache_test.dart: stopServer clears transport state without ending the active session
Log registered: {message: UploaderService: Resetting upload queue and state., timestamp: 2026-06-18 14:10:27.620229, function: null, file: null}
Log registered: {message: UploaderService: Reset completed., timestamp: 2026-06-18 14:10:27.620336, function: null, file: null}
Log registered: {message: Session started with GUID: stop-server-session-guid on device type: Master, timestamp: 2026-06-18 14:10:27.620399, function: null, file: null}
Log registered: {message: WebSocket Server stopped, timestamp: 2026-06-18 14:10:27.620698, function: null, file: null}
Log registered: {message: Capture session with GUID: stop-server-session-guid ended and stored in history., timestamp: 2026-06-18 14:10:27.621090, function: null, file: null}
Log registered: {message: Session metadata saved to /var/folders/6s/dp27g8gn26j9mp36sjfxb9tw0000gn/T/master_server_docswhpLw2/session_stop-server-session-guid/metadata.json, timestamp: 2026-06-18 14:10:27.622166, function: null, file: null}
Log registered: {message: UploaderService: Resetting upload queue and state., timestamp: 2026-06-18 14:10:27.622299, function: null, file: null}
Log registered: {message: UploaderService: Reset completed., timestamp: 2026-06-18 14:10:27.622361, function: null, file: null}
Log registered: {message: Session ended and uploader reset., timestamp: 2026-06-18 14:10:27.622411, function: null, file: null}
Log registered: {message: Command sent to 0 eligible connected slave(s): {"command":"sessionEnded"}, timestamp: 2026-06-18 14:10:27.623010, function: null, file: null}
00:06 +124 ~1: /Users/jose/src/work/hydracamv2/test/slave/slave_screen_fast_connect_test.dart: forced preferred master connects without network readiness probe
00:06 +125 ~1: /Users/jose/src/work/hydracamv2/test/slave/slave_screen_fast_connect_test.dart: forced preferred master connects without network readiness probe
00:06 +125 ~1: /Users/jose/src/work/hydracamv2/test/master/master_network_snapshot_cache_test.dart: master server orders connected devices before disconnected history
Log registered: {message: Client a-stale-slave disconnected. Total clients: 0, timestamp: 2026-06-18 14:10:27.625505, function: null, file: null}
00:06 +126 ~1: /Users/jose/src/work/hydracamv2/test/slave/slave_screen_fast_connect_test.dart: forced preferred master connects without network readiness probe
00:06 +126 ~1: /Users/jose/src/work/hydracamv2/test/master/master_network_snapshot_cache_test.dart: scheduled commands include master send time for slave clock offset
Log registered: {message: Scheduling command 'takePhoto' for 2026-06-08T20:35:05.000Z, timestamp: 2026-06-18 14:10:27.627144, function: null, file: null}
Log registered: {message: Scheduled command 'takePhoto' sent to slave with deviceId: slave-a., timestamp: 2026-06-18 14:10:27.627371, function: null, file: null}
00:06 +127 ~1: /Users/jose/src/work/hydracamv2/test/slave/slave_screen_fast_connect_test.dart: forced preferred master connects without network readiness probe
00:06 +127 ~1: /Users/jose/src/work/hydracamv2/test/master/master_network_snapshot_cache_test.dart: scheduled command for missing slave does not broadcast
Log registered: {message: Scheduling command 'takePhoto' for 2026-06-09T02:20:00.000Z, timestamp: 2026-06-18 14:10:27.634232, function: null, file: null}
Log registered: {message: Scheduled command 'takePhoto' not sent. Slave missing-slave is not connected., timestamp: 2026-06-18 14:10:27.634341, function: null, file: null}
00:06 +128 ~1: /Users/jose/src/work/hydracamv2/test/slave/slave_screen_fast_connect_test.dart: forced preferred master connects without network readiness probe
00:06 +128 ~1: /Users/jose/src/work/hydracamv2/test/master/master_network_snapshot_cache_test.dart: scheduled broadcast sends to all eligible connected slaves
Log registered: {message: Scheduling command 'startRecordingVideo' for 2026-06-09T02:20:00.000Z, timestamp: 2026-06-18 14:10:27.635890, function: null, file: null}
Log registered: {message: Scheduled command 'startRecordingVideo' sent to 2 eligible connected slave(s)., timestamp: 2026-06-18 14:10:27.636206, function: null, file: null}
00:06 +129 ~1: /Users/jose/src/work/hydracamv2/test/slave/slave_screen_fast_connect_test.dart: forced preferred master connects without network readiness probe
00:06 +130 ~1: /Users/jose/src/work/hydracamv2/test/master/master_screen_test.dart: start area uses service-session language
00:06 +130 ~1: /Users/jose/src/work/hydracamv2/test/master/master_network_snapshot_cache_test.dart: targeted command for missing slave does not broadcast
Log registered: {message: Sending command takePhoto, timestamp: 2026-06-18 14:10:27.637949, function: null, file: null}
Log registered: {message: Command 'takePhoto' not sent. Slave missing-slave is not connected., timestamp: 2026-06-18 14:10:27.638109, function: null, file: null}
00:06 +131 ~1: /Users/jose/src/work/hydracamv2/test/master/master_screen_test.dart: start area uses service-session language
00:06 +131 ~1: /Users/jose/src/work/hydracamv2/test/master/master_network_snapshot_cache_test.dart: targeted command only sends to the requested connected slave
Log registered: {message: Sending command takePhoto, timestamp: 2026-06-18 14:10:27.639627, function: null, file: null}
Log registered: {message: Command 'takePhoto' sent to slave with deviceId: slave-a., timestamp: 2026-06-18 14:10:27.639715, function: null, file: null}
00:06 +132 ~1: /Users/jose/src/work/hydracamv2/test/master/master_screen_test.dart: start area uses service-session language
00:06 +132 ~1: /Users/jose/src/work/hydracamv2/test/master/master_network_snapshot_cache_test.dart: broadcast command sends to all eligible connected slaves
Log registered: {message: Sending command stopRecordingVideo, timestamp: 2026-06-18 14:10:27.645938, function: null, file: null}
Log registered: {message: Command 'stopRecordingVideo' sent to 2 eligible connected slave(s)., timestamp: 2026-06-18 14:10:27.646090, function: null, file: null}
00:06 +133 ~1: /Users/jose/src/work/hydracamv2/test/master/master_screen_test.dart: start area uses service-session language
00:06 +133 ~1: /Users/jose/src/work/hydracamv2/test/master/master_network_snapshot_cache_test.dart: broadcast command skips slaves reporting a different session
Log registered: {message: UploaderService: Resetting upload queue and state., timestamp: 2026-06-18 14:10:27.647351, function: null, file: null}
Log registered: {message: UploaderService: Reset completed., timestamp: 2026-06-18 14:10:27.647483, function: null, file: null}
Log registered: {message: Session started with GUID: master-session-guid on device type: Master, timestamp: 2026-06-18 14:10:27.647544, function: null, file: null}
00:06 +133 ~1: /Users/jose/src/work/hydracamv2/test/slave/slave_screen_fast_connect_test.dart: slave app bar opens uploader info directly
Log registered: {message: Skipping slave network readiness for forced preferred master 192.168.178.153., timestamp: 2026-06-18 14:10:27.647537, function: null, file: null}
Log registered: {message: Connecting to master at IP: 192.168.178.153, timestamp: 2026-06-18 14:10:27.647818, function: null, file: null}
00:06 +133 ~1: /Users/jose/src/work/hydracamv2/test/master/master_network_snapshot_cache_test.dart: broadcast command skips slaves reporting a different session
Log registered: {message: Sending command takePhoto, timestamp: 2026-06-18 14:10:27.647768, function: null, file: null}
Log registered: {message: Command 'takePhoto' skipped for slave stale-session-slave due to session mismatch., timestamp: 2026-06-18 14:10:27.648172, function: null, file: null}
Log registered: {message: Command 'takePhoto' sent to 1 eligible connected slave(s)., timestamp: 2026-06-18 14:10:27.648295, function: null, file: null}
Log registered: {message: Session metadata saved to /var/folders/6s/dp27g8gn26j9mp36sjfxb9tw0000gn/T/master_server_docsP0En1i/session_master-session-guid/metadata.json, timestamp: 2026-06-18 14:10:27.649546, function: null, file: null}
Log registered: {message: UploaderService: Resetting upload queue and state., timestamp: 2026-06-18 14:10:27.649671, function: null, file: null}
Log registered: {message: UploaderService: Reset completed., timestamp: 2026-06-18 14:10:27.649721, function: null, file: null}
Log registered: {message: Session ended and uploader reset., timestamp: 2026-06-18 14:10:27.649769, function: null, file: null}
00:06 +134 ~1: /Users/jose/src/work/hydracamv2/test/master/master_screen_test.dart: start area uses service-session language
00:06 +134 ~1: /Users/jose/src/work/hydracamv2/test/master/master_network_snapshot_cache_test.dart: master sends identify command and records ack diagnostics
Log registered: {message: Identify command sent to slave with deviceId: slave-a., timestamp: 2026-06-18 14:10:27.651482, function: null, file: null}
Log registered: {message: Data received from slave: {type: identifyAck, deviceId: slave-a, requestId: identify-test, timestamp: 2026-06-08T21:35:01.000Z, sessionGuid: slave-session-guid, network: {isWifiActive: true, ipAddress: 192.168.178.64, source: identify-ack-test}, sessionMedia: {photoCount: 2, videoCount: 1, pendingUploadCount: 1, uploadedCount: 2}}, timestamp: 2026-06-18 14:10:27.651767, function: null, file: null}
Log registered: {message: Received identify acknowledgement from slave-a, timestamp: 2026-06-18 14:10:27.652467, function: null, file: null}
00:06 +135 ~1: /Users/jose/src/work/hydracamv2/test/master/master_screen_test.dart: start area uses service-session language
00:06 +135 ~1: /Users/jose/src/work/hydracamv2/test/master/master_network_snapshot_cache_test.dart: identify command still reaches slaves reporting a different session
Log registered: {message: UploaderService: Resetting upload queue and state., timestamp: 2026-06-18 14:10:27.654056, function: null, file: null}
Log registered: {message: UploaderService: Reset completed., timestamp: 2026-06-18 14:10:27.654144, function: null, file: null}
Log registered: {message: Session started with GUID: master-session-guid on device type: Master, timestamp: 2026-06-18 14:10:27.654193, function: null, file: null}
Log registered: {message: Identify command sent to slave with deviceId: stale-session-slave., timestamp: 2026-06-18 14:10:27.654392, function: null, file: null}
Log registered: {message: Session metadata saved to /var/folders/6s/dp27g8gn26j9mp36sjfxb9tw0000gn/T/master_server_docsQm4wV4/session_master-session-guid/metadata.json, timestamp: 2026-06-18 14:10:27.655536, function: null, file: null}
Log registered: {message: UploaderService: Resetting upload queue and state., timestamp: 2026-06-18 14:10:27.655676, function: null, file: null}
Log registered: {message: UploaderService: Reset completed., timestamp: 2026-06-18 14:10:27.655766, function: null, file: null}
Log registered: {message: Session ended and uploader reset., timestamp: 2026-06-18 14:10:27.655826, function: null, file: null}
00:06 +136 ~1: /Users/jose/src/work/hydracamv2/test/master/master_screen_test.dart: start area uses service-session language
00:06 +136 ~1: /Users/jose/src/work/hydracamv2/test/master/master_network_snapshot_cache_test.dart: pending identify becomes unavailable when the slave disconnects
Log registered: {message: Identify command sent to slave with deviceId: slave-a., timestamp: 2026-06-18 14:10:27.657476, function: null, file: null}
Log registered: {message: Client slave-a disconnected. Total clients: 0, timestamp: 2026-06-18 14:10:27.657613, function: null, file: null}
00:06 +137 ~1: /Users/jose/src/work/hydracamv2/test/master/master_screen_test.dart: start area uses service-session language
00:06 +138 ~1: /Users/jose/src/work/hydracamv2/test/master/master_screen_test.dart: start area uses service-session language
00:06 +139 ~1: /Users/jose/src/work/hydracamv2/test/master/master_screen_test.dart: start area uses service-session language
00:06 +139 ~1: /Users/jose/src/work/hydracamv2/test/slave/slave_screen_fast_connect_test.dart: connectivity stream errors are logged without uncaught exception
Log registered: {message: Skipping slave network readiness for forced preferred master 192.168.178.153., timestamp: 2026-06-18 14:10:27.823528, function: null, file: null}
Log registered: {message: Connecting to master at IP: 192.168.178.153, timestamp: 2026-06-18 14:10:27.823706, function: null, file: null}
00:06 +139 ~1: /Users/jose/src/work/hydracamv2/test/master/master_screen_test.dart: start area uses service-session language
Log registered: {message: WebSocket Server stopped, timestamp: 2026-06-18 14:10:27.842001, function: null, file: null}
Log registered: {message: Stopped broadcasting master discovery message., timestamp: 2026-06-18 14:10:27.842438, function: null, file: null}
00:06 +139 ~1: /Users/jose/src/work/hydracamv2/test/slave/slave_screen_fast_connect_test.dart: connectivity stream errors are logged without uncaught exception
Log registered: {message: Connectivity change listener failed: SocketException: dbus unavailable
#0      main.<anonymous closure> (file:///Users/jose/src/work/hydracamv2/test/slave/slave_screen_fast_connect_test.dart:228:18)
<asynchronous suspension>
#1      testWidgets.<anonymous closure>.<anonymous closure> (package:flutter_test/src/widget_tester.dart:192:15)
<asynchronous suspension>
#2      TestWidgetsFlutterBinding._runTestBody (package:flutter_test/src/binding.dart:1952:5)
<asynchronous suspension>
#3      StackZoneSpecification._registerCallback.<anonymous closure> (package:stack_trace/src/stack_zone_specification.dart:114:42)
<asynchronous suspension>
, timestamp: 2026-06-18 14:10:27.846308, function: null, file: null}
00:06 +140 ~1: /Users/jose/src/work/hydracamv2/test/slave/slave_screen_fast_connect_test.dart: connectivity stream errors are logged without uncaught exception
00:06 +141 ~1: /Users/jose/src/work/hydracamv2/test/master/master_screen_test.dart: start session button creates backend session
00:06 +141 ~1: /Users/jose/src/work/hydracamv2/test/slave/slave_screen_fast_connect_test.dart: linux skips default connectivity stream subscription
Log registered: {message: Skipping connectivity change listener on linux; network readiness will be checked on demand., timestamp: 2026-06-18 14:10:27.885941, function: null, file: null}
Log registered: {message: Skipping slave network readiness for forced preferred master 192.168.178.153., timestamp: 2026-06-18 14:10:27.886221, function: null, file: null}
Log registered: {message: Connecting to master at IP: 192.168.178.153, timestamp: 2026-06-18 14:10:27.886411, function: null, file: null}
00:06 +141 ~1: /Users/jose/src/work/hydracamv2/test/master/master_screen_test.dart: start session button creates backend session
Log registered: {message: Get token, timestamp: 2026-06-18 14:10:27.935096, function: null, file: null}
Log registered: {message: Session created successfully: HydraCamBackendSession(guid: master-screen-guid, sessionId: master-session-id, numericId: null), timestamp: 2026-06-18 14:10:27.944706, function: null, file: null}
Log registered: {message: Response to create session: HydraCamBackendSession(guid: master-screen-guid, sessionId: master-session-id, numericId: null), timestamp: 2026-06-18 14:10:27.944945, function: null, file: null}
Log registered: {message: UploaderService: Resetting upload queue and state., timestamp: 2026-06-18 14:10:27.945497, function: null, file: null}
Log registered: {message: UploaderService: Reset completed., timestamp: 2026-06-18 14:10:27.945770, function: null, file: null}
Log registered: {message: Session started with GUID: master-screen-guid on device type: Master, timestamp: 2026-06-18 14:10:27.946008, function: null, file: null}
Log registered: {message: Session already active with GUID: master-screen-guid. Preserving existing media on rejoin as Master., timestamp: 2026-06-18 14:10:27.947554, function: null, file: null}
Log registered: {message: New capture session started with GUID: master-screen-guid, timestamp: 2026-06-18 14:10:27.947639, function: null, file: null}
Log registered: {message: Command sent to 0 eligible connected slave(s): {"command":"sessionStarted","sessionGuid":"master-screen-guid"}, timestamp: 2026-06-18 14:10:27.947888, function: null, file: null}
Log registered: {message: Session created with GUID: master-screen-guid, timestamp: 2026-06-18 14:10:27.948431, function: null, file: null}
00:06 +142 ~1: /Users/jose/src/work/hydracamv2/test/master/master_screen_test.dart: start session button creates backend session
00:06 +142 ~1: /Users/jose/src/work/hydracamv2/test/slave/slave_screen_fast_connect_test.dart: recording slave surface exposes safe stop control
Log registered: {message: Skipping slave network readiness for forced preferred master 192.168.178.153., timestamp: 2026-06-18 14:10:27.958714, function: null, file: null}
Log registered: {message: Connecting to master at IP: 192.168.178.153, timestamp: 2026-06-18 14:10:27.958881, function: null, file: null}
00:06 +142 ~1: /Users/jose/src/work/hydracamv2/test/master/master_screen_test.dart: start session button creates backend session
Log registered: {message: WebSocket Server stopped, timestamp: 2026-06-18 14:10:28.006528, function: null, file: null}
Log registered: {message: Stopped broadcasting master discovery message., timestamp: 2026-06-18 14:10:28.006780, function: null, file: null}
Log registered: {message: Session metadata saved to /var/folders/6s/dp27g8gn26j9mp36sjfxb9tw0000gn/T/master_screen_docsqNquRR/session_master-screen-guid/metadata.json, timestamp: 2026-06-18 14:10:28.014984, function: null, file: null}
Log registered: {message: UploaderService: Resetting upload queue and state., timestamp: 2026-06-18 14:10:28.015198, function: null, file: null}
Log registered: {message: UploaderService: Reset completed., timestamp: 2026-06-18 14:10:28.015287, function: null, file: null}
Log registered: {message: Session ended and uploader reset., timestamp: 2026-06-18 14:10:28.015343, function: null, file: null}
00:06 +143 ~1: /Users/jose/src/work/hydracamv2/test/slave/slave_screen_fast_connect_test.dart: recording slave surface exposes safe stop control
00:06 +144 ~1: /Users/jose/src/work/hydracamv2/test/master/master_screen_test.dart: disposing master screen does not end active session
00:06 +144 ~1: /Users/jose/src/work/hydracamv2/test/slave/slave_screen_fast_connect_test.dart: recording slave screen auto-off dims and tap wakes
Log registered: {message: Skipping slave network readiness for forced preferred master 192.168.178.153., timestamp: 2026-06-18 14:10:28.051617, function: null, file: null}
Log registered: {message: Connecting to master at IP: 192.168.178.153, timestamp: 2026-06-18 14:10:28.051867, function: null, file: null}
00:06 +144 ~1: /Users/jose/src/work/hydracamv2/test/master/master_screen_test.dart: disposing master screen does not end active session
Log registered: {message: UploaderService: Resetting upload queue and state., timestamp: 2026-06-18 14:10:28.056534, function: null, file: null}
Log registered: {message: UploaderService: Reset completed., timestamp: 2026-06-18 14:10:28.056760, function: null, file: null}
Log registered: {message: Session started with GUID: dispose-contract-guid on device type: Master, timestamp: 2026-06-18 14:10:28.056836, function: null, file: null}
Log registered: {message: Session metadata saved to /var/folders/6s/dp27g8gn26j9mp36sjfxb9tw0000gn/T/master_screen_docsv4s2aX/session_dispose-contract-guid/metadata.json, timestamp: 2026-06-18 14:10:28.064937, function: null, file: null}
Log registered: {message: UploaderService: Resetting upload queue and state., timestamp: 2026-06-18 14:10:28.065126, function: null, file: null}
Log registered: {message: UploaderService: Reset completed., timestamp: 2026-06-18 14:10:28.065202, function: null, file: null}
Log registered: {message: Session ended and uploader reset., timestamp: 2026-06-18 14:10:28.065297, function: null, file: null}
Log registered: {message: Error checking connectivity: MissingPluginException(No implementation found for method check on channel dev.fluttercommunity.plus/connectivity), timestamp: 2026-06-18 14:10:28.067795, function: null, file: null}
00:06 +145 ~1: /Users/jose/src/work/hydracamv2/test/slave/slave_screen_fast_connect_test.dart: recording slave screen auto-off dims and tap wakes
00:06 +146 ~1: /Users/jose/src/work/hydracamv2/test/master/master_screen_test.dart: known devices modal shows slave session media diagnostics
00:06 +146 ~1: /Users/jose/src/work/hydracamv2/test/slave/slave_screen_fast_connect_test.dart: identify command acknowledgement shows visible slave frame
Log registered: {message: Skipping slave network readiness for forced preferred master 192.168.178.153., timestamp: 2026-06-18 14:10:28.138656, function: null, file: null}
Log registered: {message: Connecting to master at IP: 192.168.178.153, timestamp: 2026-06-18 14:10:28.138854, function: null, file: null}
00:06 +147 ~1: /Users/jose/src/work/hydracamv2/test/slave/slave_screen_fast_connect_test.dart: identify command acknowledgement shows visible slave frame
00:06 +147 ~1: /Users/jose/src/work/hydracamv2/test/master/master_screen_test.dart: start uploads control tells slaves to upload queued media
Log registered: {message: UploaderService: Resetting upload queue and state., timestamp: 2026-06-18 14:10:28.153260, function: null, file: null}
Log registered: {message: UploaderService: Reset completed., timestamp: 2026-06-18 14:10:28.153422, function: null, file: null}
Log registered: {message: Session started with GUID: master-upload-control-guid on device type: Master, timestamp: 2026-06-18 14:10:28.153488, function: null, file: null}
Log registered: {message: No items in queue to upload., timestamp: 2026-06-18 14:10:28.192980, function: null, file: null}
00:06 +148 ~1: /Users/jose/src/work/hydracamv2/test/master/master_screen_test.dart: start uploads control tells slaves to upload queued media
Log registered: {message: Session metadata saved to /var/folders/6s/dp27g8gn26j9mp36sjfxb9tw0000gn/T/master_screen_docskiOfF9/session_master-upload-control-guid/metadata.json, timestamp: 2026-06-18 14:10:28.203807, function: null, file: null}
Log registered: {message: UploaderService: Resetting upload queue and state., timestamp: 2026-06-18 14:10:28.203977, function: null, file: null}
Log registered: {message: UploaderService: Reset completed., timestamp: 2026-06-18 14:10:28.204055, function: null, file: null}
Log registered: {message: Session ended and uploader reset., timestamp: 2026-06-18 14:10:28.204106, function: null, file: null}
00:06 +149 ~1: /Users/jose/src/work/hydracamv2/test/constants_release_hygiene_test.dart: bundled court fallback data omits release-visible placeholders
00:06 +150 ~1: /Users/jose/src/work/hydracamv2/test/master/master_screen_test.dart: recording start path opens master video preview
Log registered: {message: Get token, timestamp: 2026-06-18 14:10:28.239514, function: null, file: null}
Log registered: {message: Session created successfully: HydraCamBackendSession(guid: recording-preview-guid, sessionId: recording-preview-id, numericId: null), timestamp: 2026-06-18 14:10:28.240417, function: null, file: null}
Log registered: {message: Response to create session: HydraCamBackendSession(guid: recording-preview-guid, sessionId: recording-preview-id, numericId: null), timestamp: 2026-06-18 14:10:28.240529, function: null, file: null}
Log registered: {message: UploaderService: Resetting upload queue and state., timestamp: 2026-06-18 14:10:28.240590, function: null, file: null}
Log registered: {message: UploaderService: Reset completed., timestamp: 2026-06-18 14:10:28.240652, function: null, file: null}
Log registered: {message: Session started with GUID: recording-preview-guid on device type: Master, timestamp: 2026-06-18 14:10:28.240695, function: null, file: null}
Log registered: {message: Session already active with GUID: recording-preview-guid. Preserving existing media on rejoin as Master., timestamp: 2026-06-18 14:10:28.240829, function: null, file: null}
Log registered: {message: New capture session started with GUID: recording-preview-guid, timestamp: 2026-06-18 14:10:28.240878, function: null, file: null}
Log registered: {message: Command sent to 0 eligible connected slave(s): {"command":"sessionStarted","sessionGuid":"recording-preview-guid"}, timestamp: 2026-06-18 14:10:28.240931, function: null, file: null}
Log registered: {message: Session created with GUID: recording-preview-guid, timestamp: 2026-06-18 14:10:28.241010, function: null, file: null}
Log registered: {message: PRESSED TOGGLE RECORDING. IS RECORDING = false, timestamp: 2026-06-18 14:10:28.266596, function: null, file: null}
Log registered: {message: Mock camera ready for native controller mode on macOS., timestamp: 2026-06-18 14:10:28.267437, function: null, file: null}
Log registered: {message: Scheduling command 'startRecordingVideo' for 2026-06-18T14:10:28.386696, timestamp: 2026-06-18 14:10:28.389190, function: null, file: null}
Log registered: {message: No slave devices connected. Scheduled command 'startRecordingVideo' not sent., timestamp: 2026-06-18 14:10:28.389384, function: null, file: null}
Log registered: {message: Will record from master and show preview, timestamp: 2026-06-18 14:10:28.390032, function: null, file: null}
Log registered: {message: Mock camera ready for native controller mode on macOS., timestamp: 2026-06-18 14:10:28.390327, function: null, file: null}
Log registered: {message: Generated new Device ID: 44d5e590-0c34-4960-9b88-3d5513139d26, timestamp: 2026-06-18 14:10:28.391665, function: null, file: null}
Log registered: {message: Mock video recording started for native controller mode., timestamp: 2026-06-18 14:10:28.392481, function: null, file: null}
Log registered: {message: Command 'startRecordingVideo' finished executing by master at 2026-06-18 14:10:28.393122, timestamp: 2026-06-18 14:10:28.393132, function: null, file: null}
Log registered: {message: WebSocket Server stopped, timestamp: 2026-06-18 14:10:28.433281, function: null, file: null}
Log registered: {message: Stopped broadcasting master discovery message., timestamp: 2026-06-18 14:10:28.433541, function: null, file: null}
Log registered: {message: Session metadata saved to /var/folders/6s/dp27g8gn26j9mp36sjfxb9tw0000gn/T/master_screen_docsmYToQO/session_recording-preview-guid/metadata.json, timestamp: 2026-06-18 14:10:28.441810, function: null, file: null}
Log registered: {message: UploaderService: Resetting upload queue and state., timestamp: 2026-06-18 14:10:28.441961, function: null, file: null}
Log registered: {message: UploaderService: Reset completed., timestamp: 2026-06-18 14:10:28.442021, function: null, file: null}
Log registered: {message: Session ended and uploader reset., timestamp: 2026-06-18 14:10:28.442062, function: null, file: null}
00:06 +151 ~1: /Users/jose/src/work/hydracamv2/test/master/master_screen_test.dart: (tearDownAll)
00:06 +151 ~1: /Users/jose/src/work/hydracamv2/test/automation/automation_standby_screen_test.dart: standby screen renders visible status instead of a blank body
00:07 +152 ~1: /Users/jose/src/work/hydracamv2/test/automation/automation_standby_screen_test.dart: standby screen renders visible status instead of a blank body
00:07 +153 ~1: /Users/jose/src/work/hydracamv2/test/automation/automation_standby_screen_test.dart: standby screen renders visible status instead of a blank body
00:07 +154 ~1: /Users/jose/src/work/hydracamv2/test/automation/automation_standby_screen_test.dart: standby screen renders visible status instead of a blank body
00:07 +155 ~1: /Users/jose/src/work/hydracamv2/test/automation/automation_standby_screen_test.dart: standby screen renders visible status instead of a blank body
00:07 +155 ~1: /Users/jose/src/work/hydracamv2/test/automation/automation_bridge_test.dart: automation port collision does not throw during startup
Log registered: {message: Automation bridge unavailable on port 51892: SocketException: Failed to create server socket (OS Error: The shared flag to bind() needs to be `true` if binding multiple times on the same (address, port) combination.), address = 0.0.0.0, port = 51892
#0      _NativeSocket.bind (dart:io-patch/socket_patch.dart:1216:7)
<asynchronous suspension>
#1      _RawServerSocket.bind.<anonymous closure> (dart:io-patch/socket_patch.dart:2163:12)
<asynchronous suspension>
#2      _ServerSocket.bind.<anonymous closure> (dart:io-patch/socket_patch.dart:2483:12)
<asynchronous suspension>
#3      _HttpServer.bind.<anonymous closure> (dart:_http/http_impl.dart:3476:24)
<asynchronous suspension>
#4      AutomationBridge._startServer (package:hydracam/automation/automation_bridge.dart:130:15)
<asynchronous suspension>
#5      AutomationBridge.ensureInitialized (package:hydracam/automation/automation_bridge.dart:57:7)
<asynchronous suspension>
#6      _Completes.matchAsync.<anonymous closure> (package:matcher/src/expect/future_matchers.dart:54:22)
<asynchronous suspension>
#7      _expect.<anonymous closure> (package:matcher/src/expect/expect.dart:153:17)
<asynchronous suspension>
#8      StackZoneSpecification._registerCallback.<anonymous closure> (package:stack_trace/src/stack_zone_specification.dart:114:42)
<asynchronous suspension>
#9      expectLater.<anonymous closure> (package:flutter_test/src/widget_tester.dart:508:19)
<asynchronous suspension>
#10     main.<anonymous closure> (file:///Users/jose/src/work/hydracamv2/test/automation/automation_bridge_test.dart:62:5)
<asynchronous suspension>
#11     Declarer.test.<anonymous closure>.<anonymous closure> (package:test_api/src/backend/declarer.dart:253:15)
<asynchronous suspension>
#12     Declarer.test.<anonymous closure> (package:test_api/src/backend/declarer.dart:250:11)
<asynchronous suspension>
#13     Invoker._waitForOutstandingCallbacks.<anonymous closure> (package:test_api/src/backend/invoker.dart:318:9)
<asynchronous suspension>
, timestamp: 2026-06-18 14:10:28.775499, function: ensureInitialized, file: automation_bridge.dart}
00:07 +156 ~1: /Users/jose/src/work/hydracamv2/test/automation/automation_standby_screen_test.dart: standby screen renders visible status instead of a blank body
00:07 +157 ~1: /Users/jose/src/work/hydracamv2/test/automation/automation_standby_screen_test.dart: standby screen renders visible status instead of a blank body
00:07 +158 ~1: /Users/jose/src/work/hydracamv2/test/automation/automation_standby_screen_test.dart: standby screen renders visible status instead of a blank body
00:07 +159 ~1: /Users/jose/src/work/hydracamv2/test/automation/automation_standby_screen_test.dart: standby screen renders visible status instead of a blank body
00:07 +160 ~1: /Users/jose/src/work/hydracamv2/test/automation/automation_standby_screen_test.dart: standby screen renders visible status instead of a blank body
00:07 +160 ~1: /Users/jose/src/work/hydracamv2/test/automation/runtime_role_switch_test.dart: launch config ignores stale saved automation role
Log registered: {message: No fresh launch config found., timestamp: 2026-06-18 14:10:28.804473, function: null, file: null}
Trace file unavailable: Binding has not yet been initialized.
The "instance" getter on the ServicesBinding binding mixin is only available once that binding has been initialized.
Typically, this is done by calling "WidgetsFlutterBinding.ensureInitialized()" or "runApp()" (the latter calls the former). Typically this call is done in the "void main()" method. The "ensureInitialized" method is idempotent; calling it multiple times is not harmful. After calling that method, the "instance" getter will return the binding.
In a test, one can call "TestWidgetsFlutterBinding.ensureInitialized()" as the first line in the test's "main()" method to initialize the binding.
If ServicesBinding is a custom binding mixin, there must also be a custom binding class, like WidgetsFlutterBinding, but that mixes in the selected binding, and that is the class that must be constructed before using the "instance" getter.
00:07 +161 ~1: /Users/jose/src/work/hydracamv2/test/automation/automation_standby_screen_test.dart: standby screen renders visible status instead of a blank body
00:07 +161 ~1: /Users/jose/src/work/hydracamv2/test/automation/runtime_role_switch_test.dart: launch config uses fresh platform automation role
Log registered: {message: Launch config from intent: role=standby, preferredMasterIp=192.168.178.153, targetId=s7, forceSlaveMode=false, manualLaunch=null, timestamp: 2026-06-18 14:10:28.824207, function: null, file: null}
00:07 +162 ~1: /Users/jose/src/work/hydracamv2/test/automation/automation_standby_screen_test.dart: standby screen renders visible status instead of a blank body
00:07 +162 ~1: /Users/jose/src/work/hydracamv2/test/automation/runtime_role_switch_test.dart: launch config identifies a manual launcher start
Log registered: {message: Launch config from intent: role=null, preferredMasterIp=null, targetId=null, forceSlaveMode=null, manualLaunch=true, timestamp: 2026-06-18 14:10:28.825919, function: null, file: null}
00:07 +163 ~1: /Users/jose/src/work/hydracamv2/test/automation/automation_standby_screen_test.dart: standby screen renders visible status instead of a blank body
00:07 +163 ~1: /Users/jose/src/work/hydracamv2/test/automation/runtime_role_switch_test.dart: launch config clear removes cached automation role
Log registered: {message: Launch config from intent: role=standby, preferredMasterIp=null, targetId=s7, forceSlaveMode=null, manualLaunch=null, timestamp: 2026-06-18 14:10:28.827913, function: null, file: null}
00:07 +164 ~1: /Users/jose/src/work/hydracamv2/test/automation/automation_standby_screen_test.dart: standby screen renders visible status instead of a blank body
00:07 +165 ~1: /Users/jose/src/work/hydracamv2/test/automation/automation_standby_screen_test.dart: standby screen fits short phone viewports without overflow
00:07 +165 ~1: /Users/jose/src/work/hydracamv2/test/services/camera_service_failure_test.dart: takePhoto surfaces camera failures instead of returning a fake path
Log registered: {message: Unable to resolve camera compatibility policy; using defaults: MissingPluginException(No implementation found for method getDeviceInfo on channel dev.fluttercommunity.plus/device_info)
#0      MethodChannel._invokeMethod (package:flutter/src/services/platform_channel.dart:364:7)
<asynchronous suspension>
#1      MethodChannelDeviceInfo.deviceInfo (package:device_info_plus_platform_interface/method_channel/method_channel_device_info.dart:20:8)
<asynchronous suspension>
#2      DeviceInfoPlugin.macOsInfo (package:device_info_plus/device_info_plus.dart:87:32)
<asynchronous suspension>
#3      DeviceIdService.getDeviceInfo (package:hydracam/services/device_service.dart:56:41)
<asynchronous suspension>
#4      CameraService._loadCompatibilityPolicy (package:hydracam/services/camera_service.dart:904:26)
<asynchronous suspension>
#5      CameraService.ensureCameraIsReady (package:hydracam/services/camera_service.dart:282:20)
<asynchronous suspension>
#6      CameraService.takePhoto (package:hydracam/services/camera_service.dart:352:7)
<asynchronous suspension>
#7      Throws._matchFuture (package:matcher/src/expect/throws_matcher.dart:103:19)
<asynchronous suspension>
#8      _expect.<anonymous closure> (package:matcher/src/expect/expect.dart:153:17)
<asynchronous suspension>
#9      StackZoneSpecification._registerCallback.<anonymous closure> (package:stack_trace/src/stack_zone_specification.dart:114:42)
<asynchronous suspension>
#10     expectLater.<anonymous closure> (package:flutter_test/src/widget_tester.dart:508:19)
<asynchronous suspension>
#11     main.<anonymous closure> (file:///Users/jose/src/work/hydracamv2/test/services/camera_service_failure_test.dart:56:5)
<asynchronous suspension>
#12     Declarer.test.<anonymous closure>.<anonymous closure> (package:test_api/src/backend/declarer.dart:253:15)
<asynchronous suspension>
#13     Declarer.test.<anonymous closure> (package:test_api/src/backend/declarer.dart:250:11)
<asynchronous suspension>
#14     Invoker._waitForOutstandingCallbacks.<anonymous closure> (package:test_api/src/backend/invoker.dart:318:9)
<asynchronous suspension>
, timestamp: 2026-06-18 14:10:28.943181, function: null, file: null}
Log registered: {message: Initializing camera..., timestamp: 2026-06-18 14:10:28.946041, function: null, file: null}
Log registered: {message: Error taking photo: Exception: No cameras available on this device.
#0      CameraService.ensureCameraIsReady (package:hydracam/services/camera_service.dart:299:7)
<asynchronous suspension>
#1      CameraService.takePhoto (package:hydracam/services/camera_service.dart:352:7)
<asynchronous suspension>
#2      Throws._matchFuture (package:matcher/src/expect/throws_matcher.dart:103:19)
<asynchronous suspension>
#3      _expect.<anonymous closure> (package:matcher/src/expect/expect.dart:153:17)
<asynchronous suspension>
#4      StackZoneSpecification._registerCallback.<anonymous closure> (package:stack_trace/src/stack_zone_specification.dart:114:42)
<asynchronous suspension>
#5      expectLater.<anonymous closure> (package:flutter_test/src/widget_tester.dart:508:19)
<asynchronous suspension>
#6      main.<anonymous closure> (file:///Users/jose/src/work/hydracamv2/test/services/camera_service_failure_test.dart:56:5)
<asynchronous suspension>
#7      Declarer.test.<anonymous closure>.<anonymous closure> (package:test_api/src/backend/declarer.dart:253:15)
<asynchronous suspension>
#8      Declarer.test.<anonymous closure> (package:test_api/src/backend/declarer.dart:250:11)
<asynchronous suspension>
#9      Invoker._waitForOutstandingCallbacks.<anonymous closure> (package:test_api/src/backend/invoker.dart:318:9)
<asynchronous suspension>
, timestamp: 2026-06-18 14:10:28.948251, function: null, file: null}
00:07 +166 ~1: /Users/jose/src/work/hydracamv2/test/automation/automation_standby_screen_test.dart: standby screen fits short phone viewports without overflow
00:07 +167 ~1: /Users/jose/src/work/hydracamv2/test/services/camera_service_failure_test.dart: startRecordingVideo stays inactive when the camera platform fails
Log registered: {message: Unable to resolve camera compatibility policy; using defaults: MissingPluginException(No implementation found for method getDeviceInfo on channel dev.fluttercommunity.plus/device_info)
#0      MethodChannel._invokeMethod (package:flutter/src/services/platform_channel.dart:364:7)
<asynchronous suspension>
#1      MethodChannelDeviceInfo.deviceInfo (package:device_info_plus_platform_interface/method_channel/method_channel_device_info.dart:20:8)
<asynchronous suspension>
#2      DeviceInfoPlugin.macOsInfo (package:device_info_plus/device_info_plus.dart:87:32)
<asynchronous suspension>
#3      DeviceIdService.getDeviceInfo (package:hydracam/services/device_service.dart:56:41)
<asynchronous suspension>
#4      CameraService._loadCompatibilityPolicy (package:hydracam/services/camera_service.dart:904:26)
<asynchronous suspension>
#5      CameraService.ensureCameraIsReady (package:hydracam/services/camera_service.dart:282:20)
<asynchronous suspension>
#6      CameraService.startRecordingVideo (package:hydracam/services/camera_service.dart:435:7)
<asynchronous suspension>
#7      Throws._matchFuture (package:matcher/src/expect/throws_matcher.dart:103:19)
<asynchronous suspension>
#8      _expect.<anonymous closure> (package:matcher/src/expect/expect.dart:153:17)
<asynchronous suspension>
#9      StackZoneSpecification._registerCallback.<anonymous closure> (package:stack_trace/src/stack_zone_specification.dart:114:42)
<asynchronous suspension>
#10     expectLater.<anonymous closure> (package:flutter_test/src/widget_tester.dart:508:19)
<asynchronous suspension>
#11     main.<anonymous closure> (file:///Users/jose/src/work/hydracamv2/test/services/camera_service_failure_test.dart:81:5)
<asynchronous suspension>
#12     Declarer.test.<anonymous closure>.<anonymous closure> (package:test_api/src/backend/declarer.dart:253:15)
<asynchronous suspension>
#13     Declarer.test.<anonymous closure> (package:test_api/src/backend/declarer.dart:250:11)
<asynchronous suspension>
#14     Invoker._waitForOutstandingCallbacks.<anonymous closure> (package:test_api/src/backend/invoker.dart:318:9)
<asynchronous suspension>
, timestamp: 2026-06-18 14:10:28.959063, function: null, file: null}
Log registered: {message: Initializing camera..., timestamp: 2026-06-18 14:10:28.959337, function: null, file: null}
Log registered: {message: Updated selected camera name to fake-back-camera, timestamp: 2026-06-18 14:10:28.961579, function: null, file: null}
Log registered: {message: Camera successfully initialized., timestamp: 2026-06-18 14:10:28.967184, function: null, file: null}
Log registered: {message: Generated new Device ID: 248f7597-f083-44f3-97d0-ad9dee53f91f, timestamp: 2026-06-18 14:10:28.969367, function: null, file: null}
Log registered: {message: Camera video recording start failed with explicit fps; retrying with resolution preset defaults. Error: CameraException(ios_camera_start_failed, Simulated iPad recording start failure)
#0      CameraController.startVideoRecording (package:camera/src/camera_controller.dart:612:7)
<asynchronous suspension>
#1      Future.timeout.<anonymous closure> (dart:async/future_impl.dart:1061:7)
<asynchronous suspension>
#2      CameraService._startVideoRecordingWithFallback (package:hydracam/services/camera_service.dart:776:7)
<asynchronous suspension>
#3      CameraService.startRecordingVideo (package:hydracam/services/camera_service.dart:446:7)
<asynchronous suspension>
#4      Throws._matchFuture (package:matcher/src/expect/throws_matcher.dart:103:19)
<asynchronous suspension>
#5      _expect.<anonymous closure> (package:matcher/src/expect/expect.dart:153:17)
<asynchronous suspension>
#6      StackZoneSpecification._registerCallback.<anonymous closure> (package:stack_trace/src/stack_zone_specification.dart:114:42)
<asynchronous suspension>
#7      expectLater.<anonymous closure> (package:flutter_test/src/widget_tester.dart:508:19)
<asynchronous suspension>
#8      main.<anonymous closure> (file:///Users/jose/src/work/hydracamv2/test/services/camera_service_failure_test.dart:81:5)
<asynchronous suspension>
#9      Declarer.test.<anonymous closure>.<anonymous closure> (package:test_api/src/backend/declarer.dart:253:15)
<asynchronous suspension>
#10     Declarer.test.<anonymous closure> (package:test_api/src/backend/declarer.dart:250:11)
<asynchronous suspension>
#11     Invoker._waitForOutstandingCallbacks.<anonymous closure> (package:test_api/src/backend/invoker.dart:318:9)
<asynchronous suspension>
, timestamp: 2026-06-18 14:10:28.971443, function: null, file: null}
00:07 +168 ~1: /Users/jose/src/work/hydracamv2/test/services/camera_service_failure_test.dart: startRecordingVideo stays inactive when the camera platform fails
00:07 +169 ~1: /Users/jose/src/work/hydracamv2/test/services/camera_service_failure_test.dart: startRecordingVideo stays inactive when the camera platform fails
00:07 +170 ~1: /Users/jose/src/work/hydracamv2/test/services/camera_service_failure_test.dart: startRecordingVideo stays inactive when the camera platform fails
00:07 +171 ~1: /Users/jose/src/work/hydracamv2/test/services/camera_service_failure_test.dart: startRecordingVideo stays inactive when the camera platform fails
00:07 +172 ~1: /Users/jose/src/work/hydracamv2/test/services/camera_service_failure_test.dart: startRecordingVideo stays inactive when the camera platform fails
00:07 +173 ~1: /Users/jose/src/work/hydracamv2/test/services/camera_service_failure_test.dart: startRecordingVideo stays inactive when the camera platform fails
00:07 +174 ~1: /Users/jose/src/work/hydracamv2/test/services/camera_service_failure_test.dart: startRecordingVideo stays inactive when the camera platform fails
00:07 +175 ~1: /Users/jose/src/work/hydracamv2/test/services/camera_service_failure_test.dart: startRecordingVideo stays inactive when the camera platform fails
00:07 +176 ~1: /Users/jose/src/work/hydracamv2/test/services/camera_service_failure_test.dart: startRecordingVideo stays inactive when the camera platform fails
00:07 +177 ~1: /Users/jose/src/work/hydracamv2/test/services/camera_service_failure_test.dart: startRecordingVideo stays inactive when the camera platform fails
00:07 +178 ~1: /Users/jose/src/work/hydracamv2/test/services/camera_service_failure_test.dart: startRecordingVideo stays inactive when the camera platform fails
00:07 +179 ~1: /Users/jose/src/work/hydracamv2/test/services/camera_service_failure_test.dart: startRecordingVideo stays inactive when the camera platform fails
00:07 +180 ~1: /Users/jose/src/work/hydracamv2/test/services/camera_service_failure_test.dart: startRecordingVideo stays inactive when the camera platform fails
00:07 +181 ~1: /Users/jose/src/work/hydracamv2/test/services/camera_service_failure_test.dart: startRecordingVideo stays inactive when the camera platform fails
00:07 +181 ~1: /Users/jose/src/work/hydracamv2/test/services/app_locale_service_test.dart: clears unsupported stored locale overrides
Log registered: {message: Cleared locale override, timestamp: 2026-06-18 14:10:29.240493, function: null, file: null}
00:07 +182 ~1: /Users/jose/src/work/hydracamv2/test/services/camera_service_failure_test.dart: startRecordingVideo stays inactive when the camera platform fails
00:07 +183 ~1: /Users/jose/src/work/hydracamv2/test/services/camera_service_failure_test.dart: startRecordingVideo stays inactive when the camera platform fails
00:07 +183 ~1: /Users/jose/src/work/hydracamv2/test/services/app_locale_service_test.dart: clears unsupported stored locale overrides
Trace file unavailable: Binding has not yet been initialized.
The "instance" getter on the ServicesBinding binding mixin is only available once that binding has been initialized.
Typically, this is done by calling "WidgetsFlutterBinding.ensureInitialized()" or "runApp()" (the latter calls the former). Typically this call is done in the "void main()" method. The "ensureInitialized" method is idempotent; calling it multiple times is not harmful. After calling that method, the "instance" getter will return the binding.
In a test, one can call "TestWidgetsFlutterBinding.ensureInitialized()" as the first line in the test's "main()" method to initialize the binding.
If ServicesBinding is a custom binding mixin, there must also be a custom binding class, like WidgetsFlutterBinding, but that mixes in the selected binding, and that is the class that must be constructed before using the "instance" getter.
00:07 +184 ~1: /Users/jose/src/work/hydracamv2/test/services/camera_service_failure_test.dart: startRecordingVideo stays inactive when the camera platform fails
00:07 +184 ~1: /Users/jose/src/work/hydracamv2/test/services/app_locale_service_test.dart: notifies listeners when locale override changes
Log registered: {message: Updated locale override to de, timestamp: 2026-06-18 14:10:29.278328, function: null, file: null}
00:07 +185 ~1: /Users/jose/src/work/hydracamv2/test/services/camera_service_failure_test.dart: startRecordingVideo stays inactive when the camera platform fails
Log registered: {message: Camera reinitialized for video recording start without explicit fps: camera=fake-back-camera, profile=standard1080p30., timestamp: 2026-06-18 14:10:29.374788, function: null, file: null}
Log registered: {message: Error starting video recording: CameraException(ios_camera_start_failed, Simulated iPad recording start failure)
#0      CameraController.startVideoRecording (package:camera/src/camera_controller.dart:612:7)
<asynchronous suspension>
#1      Future.timeout.<anonymous closure> (dart:async/future_impl.dart:1061:7)
<asynchronous suspension>
#2      CameraService._startVideoRecordingWithFallback (package:hydracam/services/camera_service.dart:792:7)
<asynchronous suspension>
#3      CameraService.startRecordingVideo (package:hydracam/services/camera_service.dart:446:7)
<asynchronous suspension>
#4      Throws._matchFuture (package:matcher/src/expect/throws_matcher.dart:103:19)
<asynchronous suspension>
#5      _expect.<anonymous closure> (package:matcher/src/expect/expect.dart:153:17)
<asynchronous suspension>
#6      StackZoneSpecification._registerCallback.<anonymous closure> (package:stack_trace/src/stack_zone_specification.dart:114:42)
<asynchronous suspension>
#7      expectLater.<anonymous closure> (package:flutter_test/src/widget_tester.dart:508:19)
<asynchronous suspension>
#8      main.<anonymous closure> (file:///Users/jose/src/work/hydracamv2/test/services/camera_service_failure_test.dart:81:5)
<asynchronous suspension>
#9      Declarer.test.<anonymous closure>.<anonymous closure> (package:test_api/src/backend/declarer.dart:253:15)
<asynchronous suspension>
#10     Declarer.test.<anonymous closure> (package:test_api/src/backend/declarer.dart:250:11)
<asynchronous suspension>
#11     Invoker._waitForOutstandingCallbacks.<anonymous closure> (package:test_api/src/backend/invoker.dart:318:9)
<asynchronous suspension>
, timestamp: 2026-06-18 14:10:29.375226, function: null, file: null}
00:07 +186 ~1: /Users/jose/src/work/hydracamv2/test/services/camera_service_failure_test.dart: startRecordingVideo works when the iPad has no flash capability
Log registered: {message: Unable to resolve camera compatibility policy; using defaults: MissingPluginException(No implementation found for method getDeviceInfo on channel dev.fluttercommunity.plus/device_info)
#0      MethodChannel._invokeMethod (package:flutter/src/services/platform_channel.dart:364:7)
<asynchronous suspension>
#1      MethodChannelDeviceInfo.deviceInfo (package:device_info_plus_platform_interface/method_channel/method_channel_device_info.dart:20:8)
<asynchronous suspension>
#2      DeviceInfoPlugin.macOsInfo (package:device_info_plus/device_info_plus.dart:87:32)
<asynchronous suspension>
#3      DeviceIdService.getDeviceInfo (package:hydracam/services/device_service.dart:56:41)
<asynchronous suspension>
#4      CameraService._loadCompatibilityPolicy (package:hydracam/services/camera_service.dart:904:26)
<asynchronous suspension>
#5      CameraService.ensureCameraIsReady (package:hydracam/services/camera_service.dart:282:20)
<asynchronous suspension>
#6      CameraService.startRecordingVideo (package:hydracam/services/camera_service.dart:435:7)
<asynchronous suspension>
#7      main.<anonymous closure> (file:///Users/jose/src/work/hydracamv2/test/services/camera_service_failure_test.dart:108:5)
<asynchronous suspension>
#8      Declarer.test.<anonymous closure>.<anonymous closure> (package:test_api/src/backend/declarer.dart:253:15)
<asynchronous suspension>
#9      Declarer.test.<anonymous closure> (package:test_api/src/backend/declarer.dart:250:11)
<asynchronous suspension>
#10     Invoker._waitForOutstandingCallbacks.<anonymous closure> (package:test_api/src/backend/invoker.dart:318:9)
<asynchronous suspension>
, timestamp: 2026-06-18 14:10:29.377778, function: null, file: null}
Log registered: {message: Initializing camera..., timestamp: 2026-06-18 14:10:29.377980, function: null, file: null}
Log registered: {message: Updated selected camera name to fake-back-camera, timestamp: 2026-06-18 14:10:29.378388, function: null, file: null}
Log registered: {message: Flash is unavailable for camera readiness initialization; continuing without flash: CameraException(setFlashModeFailed, Device does not have flash capabilities), timestamp: 2026-06-18 14:10:29.379082, function: null, file: null}
Log registered: {message: Camera successfully initialized., timestamp: 2026-06-18 14:10:29.379256, function: null, file: null}
Log registered: {message: Generated new Device ID: 567a9ba7-cad2-454f-90ac-e528b6f5238b, timestamp: 2026-06-18 14:10:29.379476, function: null, file: null}
Log registered: {message: Video recording started with flash off, timestamp: 2026-06-18 14:10:29.379822, function: null, file: null}
00:07 +187 ~1: /Users/jose/src/work/hydracamv2/test/services/camera_service_failure_test.dart: non-flash initialization failures still surface
Log registered: {message: Unable to resolve camera compatibility policy; using defaults: MissingPluginException(No implementation found for method getDeviceInfo on channel dev.fluttercommunity.plus/device_info)
#0      MethodChannel._invokeMethod (package:flutter/src/services/platform_channel.dart:364:7)
<asynchronous suspension>
#1      MethodChannelDeviceInfo.deviceInfo (package:device_info_plus_platform_interface/method_channel/method_channel_device_info.dart:20:8)
<asynchronous suspension>
#2      DeviceInfoPlugin.macOsInfo (package:device_info_plus/device_info_plus.dart:87:32)
<asynchronous suspension>
#3      DeviceIdService.getDeviceInfo (package:hydracam/services/device_service.dart:56:41)
<asynchronous suspension>
#4      CameraService._loadCompatibilityPolicy (package:hydracam/services/camera_service.dart:904:26)
<asynchronous suspension>
#5      CameraService.ensureCameraIsReady (package:hydracam/services/camera_service.dart:282:20)
<asynchronous suspension>
#6      Throws._matchFuture (package:matcher/src/expect/throws_matcher.dart:103:19)
<asynchronous suspension>
#7      _expect.<anonymous closure> (package:matcher/src/expect/expect.dart:153:17)
<asynchronous suspension>
#8      StackZoneSpecification._registerCallback.<anonymous closure> (package:stack_trace/src/stack_zone_specification.dart:114:42)
<asynchronous suspension>
#9      expectLater.<anonymous closure> (package:flutter_test/src/widget_tester.dart:508:19)
<asynchronous suspension>
#10     main.<anonymous closure> (file:///Users/jose/src/work/hydracamv2/test/services/camera_service_failure_test.dart:130:5)
<asynchronous suspension>
#11     Declarer.test.<anonymous closure>.<anonymous closure> (package:test_api/src/backend/declarer.dart:253:15)
<asynchronous suspension>
#12     Declarer.test.<anonymous closure> (package:test_api/src/backend/declarer.dart:250:11)
<asynchronous suspension>
#13     Invoker._waitForOutstandingCallbacks.<anonymous closure> (package:test_api/src/backend/invoker.dart:318:9)
<asynchronous suspension>
, timestamp: 2026-06-18 14:10:29.381639, function: null, file: null}
Log registered: {message: Initializing camera..., timestamp: 2026-06-18 14:10:29.381833, function: null, file: null}
Log registered: {message: Updated selected camera name to fake-back-camera, timestamp: 2026-06-18 14:10:29.382136, function: null, file: null}
Log registered: {message: Error initializing camera: CameraException(setFlashModeFailed, Camera session is unavailable)
#0      CameraController.setFlashMode (package:camera/src/camera_controller.dart:822:7)
<asynchronous suspension>
#1      CameraService._setFlashModeIfSupported (package:hydracam/services/camera_service.dart:948:7)
<asynchronous suspension>
#2      CameraService.ensureCameraIsReady (package:hydracam/services/camera_service.dart:317:7)
<asynchronous suspension>
#3      Throws._matchFuture (package:matcher/src/expect/throws_matcher.dart:103:19)
<asynchronous suspension>
#4      _expect.<anonymous closure> (package:matcher/src/expect/expect.dart:153:17)
<asynchronous suspension>
#5      StackZoneSpecification._registerCallback.<anonymous closure> (package:stack_trace/src/stack_zone_specification.dart:114:42)
<asynchronous suspension>
#6      expectLater.<anonymous closure> (package:flutter_test/src/widget_tester.dart:508:19)
<asynchronous suspension>
#7      main.<anonymous closure> (file:///Users/jose/src/work/hydracamv2/test/services/camera_service_failure_test.dart:130:5)
<asynchronous suspension>
#8      Declarer.test.<anonymous closure>.<anonymous closure> (package:test_api/src/backend/declarer.dart:253:15)
<asynchronous suspension>
#9      Declarer.test.<anonymous closure> (package:test_api/src/backend/declarer.dart:250:11)
<asynchronous suspension>
#10     Invoker._waitForOutstandingCallbacks.<anonymous closure> (package:test_api/src/backend/invoker.dart:318:9)
<asynchronous suspension>
, timestamp: 2026-06-18 14:10:29.382582, function: null, file: null}
00:07 +188 ~1: /Users/jose/src/work/hydracamv2/test/services/camera_service_failure_test.dart: stopRecordingVideo surfaces the camera plugin no-recording error
Log registered: {message: Unable to resolve camera compatibility policy; using defaults: MissingPluginException(No implementation found for method getDeviceInfo on channel dev.fluttercommunity.plus/device_info)
#0      MethodChannel._invokeMethod (package:flutter/src/services/platform_channel.dart:364:7)
<asynchronous suspension>
#1      MethodChannelDeviceInfo.deviceInfo (package:device_info_plus_platform_interface/method_channel/method_channel_device_info.dart:20:8)
<asynchronous suspension>
#2      DeviceInfoPlugin.macOsInfo (package:device_info_plus/device_info_plus.dart:87:32)
<asynchronous suspension>
#3      DeviceIdService.getDeviceInfo (package:hydracam/services/device_service.dart:56:41)
<asynchronous suspension>
#4      CameraService._loadCompatibilityPolicy (package:hydracam/services/camera_service.dart:904:26)
<asynchronous suspension>
#5      CameraService.ensureCameraIsReady (package:hydracam/services/camera_service.dart:282:20)
<asynchronous suspension>
#6      main.<anonymous closure> (file:///Users/jose/src/work/hydracamv2/test/services/camera_service_failure_test.dart:150:5)
<asynchronous suspension>
#7      Declarer.test.<anonymous closure>.<anonymous closure> (package:test_api/src/backend/declarer.dart:253:15)
<asynchronous suspension>
#8      Declarer.test.<anonymous closure> (package:test_api/src/backend/declarer.dart:250:11)
<asynchronous suspension>
#9      Invoker._waitForOutstandingCallbacks.<anonymous closure> (package:test_api/src/backend/invoker.dart:318:9)
<asynchronous suspension>
, timestamp: 2026-06-18 14:10:29.384349, function: null, file: null}
Log registered: {message: Initializing camera..., timestamp: 2026-06-18 14:10:29.384516, function: null, file: null}
Log registered: {message: Updated selected camera name to fake-back-camera, timestamp: 2026-06-18 14:10:29.384807, function: null, file: null}
Log registered: {message: Camera successfully initialized., timestamp: 2026-06-18 14:10:29.385170, function: null, file: null}
Log registered: {message: Error stopping video recording: Exception: stopVideoRecording was called when no video is recording.
#0      CameraService.stopRecordingVideo (package:hydracam/services/camera_service.dart:472:9)
#1      main.<anonymous closure> (file:///Users/jose/src/work/hydracamv2/test/services/camera_service_failure_test.dart:153:21)
<asynchronous suspension>
#2      Declarer.test.<anonymous closure>.<anonymous closure> (package:test_api/src/backend/declarer.dart:253:15)
<asynchronous suspension>
#3      Declarer.test.<anonymous closure> (package:test_api/src/backend/declarer.dart:250:11)
<asynchronous suspension>
#4      Invoker._waitForOutstandingCallbacks.<anonymous closure> (package:test_api/src/backend/invoker.dart:318:9)
<asynchronous suspension>
, timestamp: 2026-06-18 14:10:29.385578, function: null, file: null}
00:07 +189 ~1: /Users/jose/src/work/hydracamv2/test/services/camera_service_failure_test.dart: mock camera writes placeholder media without a platform camera
Log registered: {message: Using mock camera because HYDRACAM_MOCK_CAMERA is enabled., timestamp: 2026-06-18 14:10:29.387056, function: null, file: null}
Log registered: {message: Mock camera ready for native controller mode on macOS., timestamp: 2026-06-18 14:10:29.387338, function: null, file: null}
Log registered: {message: Generated new Device ID: 8473ddd9-996c-4093-a780-6dd5cb0bf121, timestamp: 2026-06-18 14:10:29.387595, function: null, file: null}
Log registered: {message: Mock photo saved to session path: /var/folders/6s/dp27g8gn26j9mp36sjfxb9tw0000gn/T/camera_service_mock_docsSkEVvz/session_null/mock_1_2026-06-18T14-10-29-387973.jpg, timestamp: 2026-06-18 14:10:29.389662, function: null, file: null}
Log registered: {message: Mock camera ready for native controller mode on macOS., timestamp: 2026-06-18 14:10:29.389893, function: null, file: null}
Log registered: {message: Retrieved existing Device ID: 8473ddd9-996c-4093-a780-6dd5cb0bf121, timestamp: 2026-06-18 14:10:29.390058, function: null, file: null}
Log registered: {message: Mock video recording started for native controller mode., timestamp: 2026-06-18 14:10:29.390170, function: null, file: null}
Log registered: {message: Mock video saved to session path: /var/folders/6s/dp27g8gn26j9mp36sjfxb9tw0000gn/T/camera_service_mock_docsSkEVvz/session_null/mock_2_2026-06-18T14-10-29-390421.mp4, timestamp: 2026-06-18 14:10:29.391270, function: null, file: null}
00:07 +190 ~1: /Users/jose/src/work/hydracamv2/test/services/camera_service_failure_test.dart: critical battery force stop saves mock recording and interrupts
Log registered: {message: UploaderService: Resetting upload queue and state., timestamp: 2026-06-18 14:10:29.396110, function: null, file: null}
Log registered: {message: UploaderService: Reset completed., timestamp: 2026-06-18 14:10:29.396608, function: null, file: null}
Log registered: {message: Session started with GUID: critical-battery-force-stop on device type: Master, timestamp: 2026-06-18 14:10:29.396826, function: null, file: null}
Log registered: {message: Using mock camera because HYDRACAM_MOCK_CAMERA is enabled., timestamp: 2026-06-18 14:10:29.396913, function: null, file: null}
Log registered: {message: Mock camera ready for native controller mode on macOS., timestamp: 2026-06-18 14:10:29.397053, function: null, file: null}
Log registered: {message: Generated new Device ID: 24586ee3-d120-4847-9352-35d9103f6167, timestamp: 2026-06-18 14:10:29.397256, function: null, file: null}
Log registered: {message: Mock video recording started for native controller mode., timestamp: 2026-06-18 14:10:29.397327, function: null, file: null}
Log registered: {message: Stopping recording due to critical battery., timestamp: 2026-06-18 14:10:29.397538, function: null, file: null}
Log registered: {message: Mock video saved to session path: /var/folders/6s/dp27g8gn26j9mp36sjfxb9tw0000gn/T/camera_service_mock_docsSkEVvz/session_critical-battery-force-stop/mock_1_2026-06-18T14-10-29-397659.mp4, timestamp: 2026-06-18 14:10:29.398485, function: null, file: null}
Log registered: {message: Retrieved existing Device ID: 24586ee3-d120-4847-9352-35d9103f6167, timestamp: 2026-06-18 14:10:29.398987, function: null, file: null}
Log registered: {message: Adding video to upload queue: /var/folders/6s/dp27g8gn26j9mp36sjfxb9tw0000gn/T/camera_service_mock_docsSkEVvz/session_critical-battery-force-stop/mock_1_2026-06-18T14-10-29-397659.mp4, timestamp: 2026-06-18 14:10:29.399557, function: null, file: null}
Log registered: {message: Session metadata saved to /var/folders/6s/dp27g8gn26j9mp36sjfxb9tw0000gn/T/camera_service_mock_docsSkEVvz/session_critical-battery-force-stop/metadata.json, timestamp: 2026-06-18 14:10:29.401693, function: null, file: null}
Log registered: {message: [UploaderService] No uploaded media with valid durations. Returning zero duration., timestamp: 2026-06-18 14:10:29.402711, function: null, file: null}
Log registered: {message: Media added to upload queue: /var/folders/6s/dp27g8gn26j9mp36sjfxb9tw0000gn/T/camera_service_mock_docsSkEVvz/session_critical-battery-force-stop/mock_1_2026-06-18T14-10-29-397659.mp4, timestamp: 2026-06-18 14:10:29.402816, function: null, file: null}
Log registered: {message: Auto-upload is enabled. Starting upload process., timestamp: 2026-06-18 14:10:29.402932, function: null, file: null}
Log registered: {message: UploaderService: _startUploading called. _isUploading=false, queue length=1, timestamp: 2026-06-18 14:10:29.403082, function: null, file: null}
Log registered: {message: UploaderService: _processNextItem called. Queue length=1, timestamp: 2026-06-18 14:10:29.403859, function: null, file: null}
Log registered: {message: UploaderService: sessionGuid=critical-battery-force-stop, timestamp: 2026-06-18 14:10:29.404066, function: null, file: null}
Log registered: {message: Upload file is not valid video media: /var/folders/6s/dp27g8gn26j9mp36sjfxb9tw0000gn/T/camera_service_mock_docsSkEVvz/session_critical-battery-force-stop/mock_1_2026-06-18T14-10-29-397659.mp4, timestamp: 2026-06-18 14:10:29.407929, function: null, file: null}
Log registered: {message: Failed to upload media: /var/folders/6s/dp27g8gn26j9mp36sjfxb9tw0000gn/T/camera_service_mock_docsSkEVvz/session_critical-battery-force-stop/mock_1_2026-06-18T14-10-29-397659.mp4, timestamp: 2026-06-18 14:10:29.408243, function: null, file: null}
Log registered: {message: Session metadata saved to /var/folders/6s/dp27g8gn26j9mp36sjfxb9tw0000gn/T/camera_service_mock_docsSkEVvz/session_critical-battery-force-stop/metadata.json, timestamp: 2026-06-18 14:10:29.428162, function: null, file: null}
Log registered: {message: Session metadata saved to /var/folders/6s/dp27g8gn26j9mp36sjfxb9tw0000gn/T/camera_service_mock_docsSkEVvz/session_critical-battery-force-stop/metadata.json, timestamp: 2026-06-18 14:10:29.429147, function: null, file: null}
Log registered: {message: UploaderService: Resetting upload queue and state., timestamp: 2026-06-18 14:10:29.429448, function: null, file: null}
Log registered: {message: Cancelled in-flight API requests., timestamp: 2026-06-18 14:10:29.429734, function: null, file: null}
Log registered: {message: UploaderService: Reset completed., timestamp: 2026-06-18 14:10:29.429818, function: null, file: null}
Log registered: {message: Session ended and uploader reset., timestamp: 2026-06-18 14:10:29.429899, function: null, file: null}
Log registered: {message: [UploaderService] Queue is empty. Returning zero duration., timestamp: 2026-06-18 14:10:29.429980, function: null, file: null}
Log registered: {message: UploaderService: _processNextItem called. Queue length=0, timestamp: 2026-06-18 14:10:29.430039, function: null, file: null}
Log registered: {message: UploaderService: Queue is empty. Uploading stopped., timestamp: 2026-06-18 14:10:29.430103, function: null, file: null}
00:07 +191 ~1: /Users/jose/src/work/hydracamv2/test/services/camera_service_failure_test.dart: critical storage force stop saves mock recording and interrupts
Log registered: {message: UploaderService: Resetting upload queue and state., timestamp: 2026-06-18 14:10:29.431883, function: null, file: null}
Log registered: {message: UploaderService: Reset completed., timestamp: 2026-06-18 14:10:29.432019, function: null, file: null}
Log registered: {message: Session started with GUID: critical-storage-force-stop on device type: Master, timestamp: 2026-06-18 14:10:29.432081, function: null, file: null}
Log registered: {message: Using mock camera because HYDRACAM_MOCK_CAMERA is enabled., timestamp: 2026-06-18 14:10:29.432154, function: null, file: null}
Log registered: {message: Mock camera ready for native controller mode on macOS., timestamp: 2026-06-18 14:10:29.432294, function: null, file: null}
Log registered: {message: Generated new Device ID: 360dae1e-1a7e-4994-89dd-31ec998d030c, timestamp: 2026-06-18 14:10:29.432657, function: null, file: null}
Log registered: {message: Mock video recording started for native controller mode., timestamp: 2026-06-18 14:10:29.432809, function: null, file: null}
Log registered: {message: Stopping recording due to critical storage., timestamp: 2026-06-18 14:10:29.432962, function: null, file: null}
Log registered: {message: Mock video saved to session path: /var/folders/6s/dp27g8gn26j9mp36sjfxb9tw0000gn/T/camera_service_mock_docsSkEVvz/session_critical-storage-force-stop/mock_1_2026-06-18T14-10-29-433132.mp4, timestamp: 2026-06-18 14:10:29.436432, function: null, file: null}
Log registered: {message: Retrieved existing Device ID: 360dae1e-1a7e-4994-89dd-31ec998d030c, timestamp: 2026-06-18 14:10:29.436607, function: null, file: null}
Log registered: {message: Adding video to upload queue: /var/folders/6s/dp27g8gn26j9mp36sjfxb9tw0000gn/T/camera_service_mock_docsSkEVvz/session_critical-storage-force-stop/mock_1_2026-06-18T14-10-29-433132.mp4, timestamp: 2026-06-18 14:10:29.436704, function: null, file: null}
Log registered: {message: Session metadata saved to /var/folders/6s/dp27g8gn26j9mp36sjfxb9tw0000gn/T/camera_service_mock_docsSkEVvz/session_critical-storage-force-stop/metadata.json, timestamp: 2026-06-18 14:10:29.437604, function: null, file: null}
Log registered: {message: [UploaderService] No uploaded media with valid durations. Returning zero duration., timestamp: 2026-06-18 14:10:29.437751, function: null, file: null}
Log registered: {message: Media added to upload queue: /var/folders/6s/dp27g8gn26j9mp36sjfxb9tw0000gn/T/camera_service_mock_docsSkEVvz/session_critical-storage-force-stop/mock_1_2026-06-18T14-10-29-433132.mp4, timestamp: 2026-06-18 14:10:29.437807, function: null, file: null}
Log registered: {message: Auto-upload is enabled. Starting upload process., timestamp: 2026-06-18 14:10:29.437882, function: null, file: null}
Log registered: {message: UploaderService: _startUploading called. _isUploading=false, queue length=1, timestamp: 2026-06-18 14:10:29.437925, function: null, file: null}
Log registered: {message: UploaderService: _processNextItem called. Queue length=1, timestamp: 2026-06-18 14:10:29.437968, function: null, file: null}
Log registered: {message: UploaderService: sessionGuid=critical-storage-force-stop, timestamp: 2026-06-18 14:10:29.438018, function: null, file: null}
Log registered: {message: Upload file is not valid video media: /var/folders/6s/dp27g8gn26j9mp36sjfxb9tw0000gn/T/camera_service_mock_docsSkEVvz/session_critical-storage-force-stop/mock_1_2026-06-18T14-10-29-433132.mp4, timestamp: 2026-06-18 14:10:29.438921, function: null, file: null}
Log registered: {message: Failed to upload media: /var/folders/6s/dp27g8gn26j9mp36sjfxb9tw0000gn/T/camera_service_mock_docsSkEVvz/session_critical-storage-force-stop/mock_1_2026-06-18T14-10-29-433132.mp4, timestamp: 2026-06-18 14:10:29.439, function: null, file: null}
Log registered: {message: Session metadata saved to /var/folders/6s/dp27g8gn26j9mp36sjfxb9tw0000gn/T/camera_service_mock_docsSkEVvz/session_critical-storage-force-stop/metadata.json, timestamp: 2026-06-18 14:10:29.439166, function: null, file: null}
Log registered: {message: Session metadata saved to /var/folders/6s/dp27g8gn26j9mp36sjfxb9tw0000gn/T/camera_service_mock_docsSkEVvz/session_critical-storage-force-stop/metadata.json, timestamp: 2026-06-18 14:10:29.440022, function: null, file: null}
Log registered: {message: UploaderService: Resetting upload queue and state., timestamp: 2026-06-18 14:10:29.440144, function: null, file: null}
Log registered: {message: Cancelled in-flight API requests., timestamp: 2026-06-18 14:10:29.440208, function: null, file: null}
Log registered: {message: UploaderService: Reset completed., timestamp: 2026-06-18 14:10:29.440257, function: null, file: null}
Log registered: {message: Session ended and uploader reset., timestamp: 2026-06-18 14:10:29.440299, function: null, file: null}
Log registered: {message: [UploaderService] Queue is empty. Returning zero duration., timestamp: 2026-06-18 14:10:29.440352, function: null, file: null}
Log registered: {message: UploaderService: _processNextItem called. Queue length=0, timestamp: 2026-06-18 14:10:29.440393, function: null, file: null}
Log registered: {message: UploaderService: Queue is empty. Uploading stopped., timestamp: 2026-06-18 14:10:29.440433, function: null, file: null}
00:07 +192 ~1: /Users/jose/src/work/hydracamv2/test/services/camera_service_failure_test.dart: critical battery force stop survives missing start timestamp
Log registered: {message: UploaderService: Resetting upload queue and state., timestamp: 2026-06-18 14:10:29.441546, function: null, file: null}
Log registered: {message: UploaderService: Reset completed., timestamp: 2026-06-18 14:10:29.441627, function: null, file: null}
Log registered: {message: Session started with GUID: critical-battery-missing-start on device type: Master, timestamp: 2026-06-18 14:10:29.441714, function: null, file: null}
Log registered: {message: Using mock camera because HYDRACAM_MOCK_CAMERA is enabled., timestamp: 2026-06-18 14:10:29.441785, function: null, file: null}
Log registered: {message: Mock camera ready for native controller mode on macOS., timestamp: 2026-06-18 14:10:29.441901, function: null, file: null}
Log registered: {message: Generated new Device ID: b9728c3b-811a-4319-965f-7e9a8fb835ea, timestamp: 2026-06-18 14:10:29.442116, function: null, file: null}
Log registered: {message: Mock video recording started for native controller mode., timestamp: 2026-06-18 14:10:29.442204, function: null, file: null}
Log registered: {message: Stopping recording due to critical battery., timestamp: 2026-06-18 14:10:29.442253, function: null, file: null}
Log registered: {message: Mock video saved to session path: /var/folders/6s/dp27g8gn26j9mp36sjfxb9tw0000gn/T/camera_service_mock_docsSkEVvz/session_critical-battery-missing-start/mock_1_2026-06-18T14-10-29-442328.mp4, timestamp: 2026-06-18 14:10:29.442981, function: null, file: null}
Log registered: {message: Retrieved existing Device ID: b9728c3b-811a-4319-965f-7e9a8fb835ea, timestamp: 2026-06-18 14:10:29.443111, function: null, file: null}
Log registered: {message: Recording start timestamp was missing during forced stop; using end timestamp as fallback., timestamp: 2026-06-18 14:10:29.443166, function: null, file: null}
Log registered: {message: Adding video to upload queue: /var/folders/6s/dp27g8gn26j9mp36sjfxb9tw0000gn/T/camera_service_mock_docsSkEVvz/session_critical-battery-missing-start/mock_1_2026-06-18T14-10-29-442328.mp4, timestamp: 2026-06-18 14:10:29.443244, function: null, file: null}
Log registered: {message: Session metadata saved to /var/folders/6s/dp27g8gn26j9mp36sjfxb9tw0000gn/T/camera_service_mock_docsSkEVvz/session_critical-battery-missing-start/metadata.json, timestamp: 2026-06-18 14:10:29.443754, function: null, file: null}
Log registered: {message: [UploaderService] No uploaded media with valid durations. Returning zero duration., timestamp: 2026-06-18 14:10:29.443840, function: null, file: null}
Log registered: {message: Media added to upload queue: /var/folders/6s/dp27g8gn26j9mp36sjfxb9tw0000gn/T/camera_service_mock_docsSkEVvz/session_critical-battery-missing-start/mock_1_2026-06-18T14-10-29-442328.mp4, timestamp: 2026-06-18 14:10:29.443890, function: null, file: null}
Log registered: {message: Auto-upload is enabled. Starting upload process., timestamp: 2026-06-18 14:10:29.443964, function: null, file: null}
Log registered: {message: UploaderService: _startUploading called. _isUploading=false, queue length=1, timestamp: 2026-06-18 14:10:29.444011, function: null, file: null}
Log registered: {message: UploaderService: _processNextItem called. Queue length=1, timestamp: 2026-06-18 14:10:29.444051, function: null, file: null}
Log registered: {message: UploaderService: sessionGuid=critical-battery-missing-start, timestamp: 2026-06-18 14:10:29.444092, function: null, file: null}
Log registered: {message: Upload file is not valid video media: /var/folders/6s/dp27g8gn26j9mp36sjfxb9tw0000gn/T/camera_service_mock_docsSkEVvz/session_critical-battery-missing-start/mock_1_2026-06-18T14-10-29-442328.mp4, timestamp: 2026-06-18 14:10:29.444843, function: null, file: null}
Log registered: {message: Failed to upload media: /var/folders/6s/dp27g8gn26j9mp36sjfxb9tw0000gn/T/camera_service_mock_docsSkEVvz/session_critical-battery-missing-start/mock_1_2026-06-18T14-10-29-442328.mp4, timestamp: 2026-06-18 14:10:29.444921, function: null, file: null}
Log registered: {message: Session metadata saved to /var/folders/6s/dp27g8gn26j9mp36sjfxb9tw0000gn/T/camera_service_mock_docsSkEVvz/session_critical-battery-missing-start/metadata.json, timestamp: 2026-06-18 14:10:29.445107, function: null, file: null}
Log registered: {message: Session metadata saved to /var/folders/6s/dp27g8gn26j9mp36sjfxb9tw0000gn/T/camera_service_mock_docsSkEVvz/session_critical-battery-missing-start/metadata.json, timestamp: 2026-06-18 14:10:29.445661, function: null, file: null}
Log registered: {message: UploaderService: Resetting upload queue and state., timestamp: 2026-06-18 14:10:29.445752, function: null, file: null}
Log registered: {message: Cancelled in-flight API requests., timestamp: 2026-06-18 14:10:29.445838, function: null, file: null}
Log registered: {message: UploaderService: Reset completed., timestamp: 2026-06-18 14:10:29.445955, function: null, file: null}
Log registered: {message: Session ended and uploader reset., timestamp: 2026-06-18 14:10:29.446005, function: null, file: null}
Log registered: {message: [UploaderService] Queue is empty. Returning zero duration., timestamp: 2026-06-18 14:10:29.446073, function: null, file: null}
Log registered: {message: UploaderService: _processNextItem called. Queue length=0, timestamp: 2026-06-18 14:10:29.446234, function: null, file: null}
Log registered: {message: UploaderService: Queue is empty. Uploading stopped., timestamp: 2026-06-18 14:10:29.446290, function: null, file: null}
00:07 +193 ~1: /Users/jose/src/work/hydracamv2/test/services/camera_service_failure_test.dart: selected ultra-wide lens uses sport 1080p60 controller settings
Log registered: {message: Unable to resolve camera compatibility policy; using defaults: MissingPluginException(No implementation found for method getDeviceInfo on channel dev.fluttercommunity.plus/device_info)
#0      MethodChannel._invokeMethod (package:flutter/src/services/platform_channel.dart:364:7)
<asynchronous suspension>
#1      MethodChannelDeviceInfo.deviceInfo (package:device_info_plus_platform_interface/method_channel/method_channel_device_info.dart:20:8)
<asynchronous suspension>
#2      DeviceInfoPlugin.macOsInfo (package:device_info_plus/device_info_plus.dart:87:32)
<asynchronous suspension>
#3      DeviceIdService.getDeviceInfo (package:hydracam/services/device_service.dart:56:41)
<asynchronous suspension>
#4      CameraService._loadCompatibilityPolicy (package:hydracam/services/camera_service.dart:904:26)
<asynchronous suspension>
#5      CameraService.ensureCameraIsReady (package:hydracam/services/camera_service.dart:282:20)
<asynchronous suspension>
#6      CameraService.startRecordingVideo (package:hydracam/services/camera_service.dart:435:7)
<asynchronous suspension>
#7      main.<anonymous closure> (file:///Users/jose/src/work/hydracamv2/test/services/camera_service_failure_test.dart:334:5)
<asynchronous suspension>
#8      Declarer.test.<anonymous closure>.<anonymous closure> (package:test_api/src/backend/declarer.dart:253:15)
<asynchronous suspension>
#9      Declarer.test.<anonymous closure> (package:test_api/src/backend/declarer.dart:250:11)
<asynchronous suspension>
#10     Invoker._waitForOutstandingCallbacks.<anonymous closure> (package:test_api/src/backend/invoker.dart:318:9)
<asynchronous suspension>
, timestamp: 2026-06-18 14:10:29.447836, function: null, file: null}
Log registered: {message: Initializing camera..., timestamp: 2026-06-18 14:10:29.447986, function: null, file: null}
Log registered: {message: Updated selected camera name to iphone-ultra-wide, timestamp: 2026-06-18 14:10:29.448350, function: null, file: null}
Log registered: {message: Camera successfully initialized., timestamp: 2026-06-18 14:10:29.448782, function: null, file: null}
Log registered: {message: Generated new Device ID: ae9f8861-34ad-4b50-b9e9-cb4c77551ad6, timestamp: 2026-06-18 14:10:29.448916, function: null, file: null}
Log registered: {message: Video recording started with flash off, timestamp: 2026-06-18 14:10:29.449061, function: null, file: null}
00:07 +194 ~1: /Users/jose/src/work/hydracamv2/test/services/camera_service_failure_test.dart: changing video profile preserves the selected camera
Log registered: {message: Unable to resolve camera compatibility policy; using defaults: MissingPluginException(No implementation found for method getDeviceInfo on channel dev.fluttercommunity.plus/device_info)
#0      MethodChannel._invokeMethod (package:flutter/src/services/platform_channel.dart:364:7)
<asynchronous suspension>
#1      MethodChannelDeviceInfo.deviceInfo (package:device_info_plus_platform_interface/method_channel/method_channel_device_info.dart:20:8)
<asynchronous suspension>
#2      DeviceInfoPlugin.macOsInfo (package:device_info_plus/device_info_plus.dart:87:32)
<asynchronous suspension>
#3      DeviceIdService.getDeviceInfo (package:hydracam/services/device_service.dart:56:41)
<asynchronous suspension>
#4      CameraService._loadCompatibilityPolicy (package:hydracam/services/camera_service.dart:904:26)
<asynchronous suspension>
#5      CameraService.ensureCameraIsReady (package:hydracam/services/camera_service.dart:282:20)
<asynchronous suspension>
#6      main.<anonymous closure> (file:///Users/jose/src/work/hydracamv2/test/services/camera_service_failure_test.dart:371:5)
<asynchronous suspension>
#7      Declarer.test.<anonymous closure>.<anonymous closure> (package:test_api/src/backend/declarer.dart:253:15)
<asynchronous suspension>
#8      Declarer.test.<anonymous closure> (package:test_api/src/backend/declarer.dart:250:11)
<asynchronous suspension>
#9      Invoker._waitForOutstandingCallbacks.<anonymous closure> (package:test_api/src/backend/invoker.dart:318:9)
<asynchronous suspension>
, timestamp: 2026-06-18 14:10:29.450403, function: null, file: null}
Log registered: {message: Initializing camera..., timestamp: 2026-06-18 14:10:29.450555, function: null, file: null}
Log registered: {message: Camera successfully initialized., timestamp: 2026-06-18 14:10:29.451012, function: null, file: null}
Log registered: {message: Changing video capture profile to detail4k30 (current: standard1080p30), timestamp: 2026-06-18 14:10:29.451193, function: null, file: null}
Log registered: {message: Updated video capture profile to detail4k30, timestamp: 2026-06-18 14:10:29.451667, function: null, file: null}
00:08 +194 ~1: /Users/jose/src/work/hydracamv2/test/services/gallery_persistence_service_test.dart: savePhoto returns when Photos permission request stalls
Log registered: {message: GalleryPersistenceService: Timed out requesting gallery permission after 20ms; keeping media in the session directory only., timestamp: 2026-06-18 14:10:29.612788, function: null, file: null}
00:08 +195 ~1: /Users/jose/src/work/hydracamv2/test/services/camera_service_failure_test.dart: changing video profile preserves the selected camera
00:08 +195 ~1: /Users/jose/src/work/hydracamv2/test/services/gallery_persistence_service_test.dart: savePhoto returns when Photos permission request stalls
Trace file unavailable: MissingPluginException(No implementation found for method getApplicationDocumentsDirectory on channel plugins.flutter.io/path_provider)
00:08 +195 ~1: /Users/jose/src/work/hydracamv2/test/services/gallery_persistence_service_test.dart: savePhoto returns when gallery photo save stalls
Log registered: {message: GalleryPersistenceService: Timed out saving media to gallery after 20ms; keeping media in the session directory only. /var/folders/6s/dp27g8gn26j9mp36sjfxb9tw0000gn/T/gallery_persistence_service_testdQz9dZ/capture.jpg, timestamp: 2026-06-18 14:10:29.644017, function: null, file: null}
00:08 +196 ~1: /Users/jose/src/work/hydracamv2/test/services/camera_service_failure_test.dart: changing video profile preserves the selected camera
00:08 +196 ~1: /Users/jose/src/work/hydracamv2/test/services/user_service_test.dart: UserService restores HydraCam GUID after Auth0 restore
Log registered: {message: Fetching restored GUID for email: restored@example.com, timestamp: 2026-06-18 14:10:29.804300, function: null, file: null}
Log registered: {message: User session restored. GUID: hydracam-user-guid, timestamp: 2026-06-18 14:10:29.808204, function: null, file: null}
00:08 +197 ~1: /Users/jose/src/work/hydracamv2/test/services/camera_service_failure_test.dart: changing video profile preserves the selected camera
00:08 +198 ~1: /Users/jose/src/work/hydracamv2/test/services/camera_service_failure_test.dart: changing video profile preserves the selected camera
00:08 +198 ~1: /Users/jose/src/work/hydracamv2/test/services/user_service_test.dart: UserService restores HydraCam GUID after Auth0 restore
Trace file unavailable: MissingPluginException(No implementation found for method getApplicationDocumentsDirectory on channel plugins.flutter.io/path_provider)
00:08 +199 ~1: /Users/jose/src/work/hydracamv2/test/services/camera_service_failure_test.dart: changing video profile preserves the selected camera
00:08 +200 ~1: /Users/jose/src/work/hydracamv2/test/services/camera_service_failure_test.dart: changing video profile preserves the selected camera
00:08 +200 ~1: /Users/jose/src/work/hydracamv2/test/services/user_service_test.dart: UserService login rejects blank Auth0 email
Log registered: {message: Profile set from user service: https://example.com/blank-login.png, timestamp: 2026-06-18 14:10:29.815744, function: login, file: user_service.dart}
00:08 +201 ~1: /Users/jose/src/work/hydracamv2/test/services/camera_service_failure_test.dart: changing video profile preserves the selected camera
00:08 +201 ~1: /Users/jose/src/work/hydracamv2/test/services/user_service_test.dart: UserService login clears stale GUID when switched account is unmapped
Log registered: {message: Profile set from user service: https://example.com/first.png, timestamp: 2026-06-18 14:10:29.818180, function: login, file: user_service.dart}
Log registered: {message: Fetching GUID for email: first@example.com, timestamp: 2026-06-18 14:10:29.818317, function: null, file: null}
Log registered: {message: User logged in successfully. GUID: first-guid, timestamp: 2026-06-18 14:10:29.818625, function: null, file: null}
Log registered: {message: Profile set from user service: https://example.com/missing.png, timestamp: 2026-06-18 14:10:29.818936, function: login, file: user_service.dart}
Log registered: {message: Fetching GUID for email: missing@example.com, timestamp: 2026-06-18 14:10:29.819048, function: null, file: null}
Log registered: {message: Failed to fetch GUID: User not found for missing@example.com, timestamp: 2026-06-18 14:10:29.819146, function: null, file: null}
00:08 +202 ~1: /Users/jose/src/work/hydracamv2/test/services/camera_service_failure_test.dart: changing video profile preserves the selected camera
00:08 +202 ~1: /Users/jose/src/work/hydracamv2/test/services/user_service_test.dart: UserService login clears stale user when Auth0 login fails
Log registered: {message: Profile set from user service: https://example.com/first.png, timestamp: 2026-06-18 14:10:29.829482, function: login, file: user_service.dart}
Log registered: {message: Fetching GUID for email: first@example.com, timestamp: 2026-06-18 14:10:29.829637, function: null, file: null}
Log registered: {message: User logged in successfully. GUID: first-guid, timestamp: 2026-06-18 14:10:29.829842, function: null, file: null}
Log registered: {message: Error during login: Exception: Auth0 session failed, timestamp: 2026-06-18 14:10:29.831314, function: null, file: null}
00:08 +203 ~1: /Users/jose/src/work/hydracamv2/test/services/camera_service_failure_test.dart: changing video profile preserves the selected camera
Log registered: {message: Camera capture settings applied and reinitialized: camera=iphone-telephoto, profile=detail4k30., timestamp: 2026-06-18 14:10:29.855509, function: null, file: null}
00:08 +204 ~1: /Users/jose/src/work/hydracamv2/test/services/camera_service_failure_test.dart: setup preview uses preset defaults without explicit fps
Log registered: {message: Unable to resolve camera compatibility policy; using defaults: MissingPluginException(No implementation found for method getDeviceInfo on channel dev.fluttercommunity.plus/device_info)
#0      MethodChannel._invokeMethod (package:flutter/src/services/platform_channel.dart:364:7)
<asynchronous suspension>
#1      MethodChannelDeviceInfo.deviceInfo (package:device_info_plus_platform_interface/method_channel/method_channel_device_info.dart:20:8)
<asynchronous suspension>
#2      DeviceInfoPlugin.macOsInfo (package:device_info_plus/device_info_plus.dart:87:32)
<asynchronous suspension>
#3      DeviceIdService.getDeviceInfo (package:hydracam/services/device_service.dart:56:41)
<asynchronous suspension>
#4      CameraService._loadCompatibilityPolicy (package:hydracam/services/camera_service.dart:904:26)
<asynchronous suspension>
#5      CameraService.ensureCameraIsReady (package:hydracam/services/camera_service.dart:282:20)
<asynchronous suspension>
#6      CameraService.prepareCameraPreview (package:hydracam/services/camera_service.dart:339:5)
<asynchronous suspension>
#7      main.<anonymous closure> (file:///Users/jose/src/work/hydracamv2/test/services/camera_service_failure_test.dart:390:5)
<asynchronous suspension>
#8      Declarer.test.<anonymous closure>.<anonymous closure> (package:test_api/src/backend/declarer.dart:253:15)
<asynchronous suspension>
#9      Declarer.test.<anonymous closure> (package:test_api/src/backend/declarer.dart:250:11)
<asynchronous suspension>
#10     Invoker._waitForOutstandingCallbacks.<anonymous closure> (package:test_api/src/backend/invoker.dart:318:9)
<asynchronous suspension>
, timestamp: 2026-06-18 14:10:29.857289, function: null, file: null}
Log registered: {message: Initializing camera preview..., timestamp: 2026-06-18 14:10:29.857453, function: null, file: null}
Log registered: {message: Updated selected camera name to fake-back-camera, timestamp: 2026-06-18 14:10:29.857700, function: null, file: null}
Log registered: {message: Camera preview successfully initialized without explicit fps., timestamp: 2026-06-18 14:10:29.858035, function: null, file: null}
00:08 +205 ~1: /Users/jose/src/work/hydracamv2/test/services/camera_service_failure_test.dart: Samsung S7 edge keeps requested profile without explicit fps
Log registered: {message: Samsung S7 edge compatibility mode: preserve requested resolution with preset-default fps, timestamp: 2026-06-18 14:10:29.859335, function: null, file: null}
Log registered: {message: Initializing camera..., timestamp: 2026-06-18 14:10:29.859433, function: null, file: null}
Log registered: {message: Updated selected camera name to fake-back-camera, timestamp: 2026-06-18 14:10:29.859648, function: null, file: null}
Log registered: {message: Samsung S7 edge compatibility mode: preserve requested resolution with preset-default fps using platform default fps for camera controller., timestamp: 2026-06-18 14:10:29.859736, function: null, file: null}
Log registered: {message: Camera successfully initialized., timestamp: 2026-06-18 14:10:29.859964, function: null, file: null}
00:08 +206 ~1: /Users/jose/src/work/hydracamv2/test/services/camera_service_failure_test.dart: non-S7 Android keeps requested explicit fps profile
Log registered: {message: Initializing camera..., timestamp: 2026-06-18 14:10:29.861195, function: null, file: null}
Log registered: {message: Updated selected camera name to fake-back-camera, timestamp: 2026-06-18 14:10:29.861470, function: null, file: null}
Log registered: {message: Camera successfully initialized., timestamp: 2026-06-18 14:10:29.861723, function: null, file: null}
00:08 +207 ~1: /Users/jose/src/work/hydracamv2/test/services/camera_service_failure_test.dart: recording after setup preview rebuilds the explicit fps controller
Log registered: {message: Unable to resolve camera compatibility policy; using defaults: MissingPluginException(No implementation found for method getDeviceInfo on channel dev.fluttercommunity.plus/device_info)
#0      MethodChannel._invokeMethod (package:flutter/src/services/platform_channel.dart:364:7)
<asynchronous suspension>
#1      MethodChannelDeviceInfo.deviceInfo (package:device_info_plus_platform_interface/method_channel/method_channel_device_info.dart:20:8)
<asynchronous suspension>
#2      DeviceInfoPlugin.macOsInfo (package:device_info_plus/device_info_plus.dart:87:32)
<asynchronous suspension>
#3      DeviceIdService.getDeviceInfo (package:hydracam/services/device_service.dart:56:41)
<asynchronous suspension>
#4      CameraService._loadCompatibilityPolicy (package:hydracam/services/camera_service.dart:904:26)
<asynchronous suspension>
#5      CameraService.ensureCameraIsReady (package:hydracam/services/camera_service.dart:282:20)
<asynchronous suspension>
#6      CameraService.prepareCameraPreview (package:hydracam/services/camera_service.dart:339:5)
<asynchronous suspension>
#7      main.<anonymous closure> (file:///Users/jose/src/work/hydracamv2/test/services/camera_service_failure_test.dart:466:5)
<asynchronous suspension>
#8      Declarer.test.<anonymous closure>.<anonymous closure> (package:test_api/src/backend/declarer.dart:253:15)
<asynchronous suspension>
#9      Declarer.test.<anonymous closure> (package:test_api/src/backend/declarer.dart:250:11)
<asynchronous suspension>
#10     Invoker._waitForOutstandingCallbacks.<anonymous closure> (package:test_api/src/backend/invoker.dart:318:9)
<asynchronous suspension>
, timestamp: 2026-06-18 14:10:29.862922, function: null, file: null}
Log registered: {message: Initializing camera preview..., timestamp: 2026-06-18 14:10:29.863024, function: null, file: null}
Log registered: {message: Updated selected camera name to fake-back-camera, timestamp: 2026-06-18 14:10:29.863238, function: null, file: null}
Log registered: {message: Camera preview successfully initialized without explicit fps., timestamp: 2026-06-18 14:10:29.863657, function: null, file: null}
Log registered: {message: Initializing camera..., timestamp: 2026-06-18 14:10:29.863912, function: null, file: null}
00:08 +208 ~1: /Users/jose/src/work/hydracamv2/test/services/camera_service_failure_test.dart: recording after setup preview rebuilds the explicit fps controller
00:08 +209 ~1: /Users/jose/src/work/hydracamv2/test/services/camera_service_failure_test.dart: recording after setup preview rebuilds the explicit fps controller
00:08 +210 ~1: /Users/jose/src/work/hydracamv2/test/services/camera_service_failure_test.dart: recording after setup preview rebuilds the explicit fps controller
00:08 +211 ~1: /Users/jose/src/work/hydracamv2/test/services/camera_service_failure_test.dart: recording after setup preview rebuilds the explicit fps controller
00:08 +211 ~1: /Users/jose/src/work/hydracamv2/test/services/device_service_test.dart: DeviceIdService reports native macOS device info instead of unsupported platform
Log registered: {message: Generated new Device ID: 3750920e-a2e0-44a8-897a-97c1f292d84d, timestamp: 2026-06-18 14:10:30.011133, function: null, file: null}
00:08 +212 ~1: /Users/jose/src/work/hydracamv2/test/services/camera_service_failure_test.dart: recording after setup preview rebuilds the explicit fps controller
00:08 +212 ~1: /Users/jose/src/work/hydracamv2/test/services/session_manager_test.dart: SessionManager Session lifecycle starts with no active session
Log registered: {message: UploaderService: Resetting upload queue and state., timestamp: 2026-06-18 14:10:30.206219, function: null, file: null}
Log registered: {message: UploaderService: Reset completed., timestamp: 2026-06-18 14:10:30.208917, function: null, file: null}
00:08 +213 ~1: /Users/jose/src/work/hydracamv2/test/services/camera_service_failure_test.dart: recording after setup preview rebuilds the explicit fps controller
00:08 +213 ~1: /Users/jose/src/work/hydracamv2/test/services/session_manager_test.dart: SessionManager Session lifecycle startSession creates new session
Log registered: {message: UploaderService: Resetting upload queue and state., timestamp: 2026-06-18 14:10:30.217443, function: null, file: null}
Log registered: {message: UploaderService: Reset completed., timestamp: 2026-06-18 14:10:30.217567, function: null, file: null}
00:08 +214 ~1: /Users/jose/src/work/hydracamv2/test/services/camera_service_failure_test.dart: recording after setup preview rebuilds the explicit fps controller
00:08 +214 ~1: /Users/jose/src/work/hydracamv2/test/services/session_manager_test.dart: SessionManager Session lifecycle startSession creates new session
Log registered: {message: UploaderService: Resetting upload queue and state., timestamp: 2026-06-18 14:10:30.218055, function: null, file: null}
Log registered: {message: UploaderService: Reset completed., timestamp: 2026-06-18 14:10:30.218139, function: null, file: null}
Log registered: {message: Session started with GUID: test-guid on device type: Master, timestamp: 2026-06-18 14:10:30.218357, function: null, file: null}
00:08 +215 ~1: /Users/jose/src/work/hydracamv2/test/services/camera_service_failure_test.dart: recording after setup preview rebuilds the explicit fps controller
00:08 +215 ~1: /Users/jose/src/work/hydracamv2/test/services/session_manager_test.dart: SessionManager Session lifecycle startSession creates new session
Log registered: {message: Session metadata saved to /var/folders/6s/dp27g8gn26j9mp36sjfxb9tw0000gn/T/session_manager_docstXvb38/session_test-guid/metadata.json, timestamp: 2026-06-18 14:10:30.224072, function: null, file: null}
Log registered: {message: UploaderService: Resetting upload queue and state., timestamp: 2026-06-18 14:10:30.224260, function: null, file: null}
Log registered: {message: UploaderService: Reset completed., timestamp: 2026-06-18 14:10:30.224337, function: null, file: null}
Log registered: {message: Session ended and uploader reset., timestamp: 2026-06-18 14:10:30.224404, function: null, file: null}
00:08 +216 ~1: /Users/jose/src/work/hydracamv2/test/services/camera_service_failure_test.dart: recording after setup preview rebuilds the explicit fps controller
00:08 +216 ~1: /Users/jose/src/work/hydracamv2/test/services/session_manager_test.dart: SessionManager Session lifecycle startCreatedSession starts a service-created session
Log registered: {message: UploaderService: Resetting upload queue and state., timestamp: 2026-06-18 14:10:30.233308, function: null, file: null}
Log registered: {message: UploaderService: Reset completed., timestamp: 2026-06-18 14:10:30.233409, function: null, file: null}
Log registered: {message: UploaderService: Resetting upload queue and state., timestamp: 2026-06-18 14:10:30.233870, function: null, file: null}
Log registered: {message: UploaderService: Reset completed., timestamp: 2026-06-18 14:10:30.233940, function: null, file: null}
Log registered: {message: Session started with GUID: backend-guid on device type: Master, timestamp: 2026-06-18 14:10:30.233994, function: null, file: null}
Log registered: {message: Session metadata saved to /var/folders/6s/dp27g8gn26j9mp36sjfxb9tw0000gn/T/session_manager_docstXvb38/session_backend-guid/metadata.json, timestamp: 2026-06-18 14:10:30.235022, function: null, file: null}
Log registered: {message: UploaderService: Resetting upload queue and state., timestamp: 2026-06-18 14:10:30.235152, function: null, file: null}
Log registered: {message: UploaderService: Reset completed., timestamp: 2026-06-18 14:10:30.235211, function: null, file: null}
Log registered: {message: Session ended and uploader reset., timestamp: 2026-06-18 14:10:30.235258, function: null, file: null}
00:08 +217 ~1: /Users/jose/src/work/hydracamv2/test/services/camera_service_failure_test.dart: recording after setup preview rebuilds the explicit fps controller
00:08 +217 ~1: /Users/jose/src/work/hydracamv2/test/services/session_manager_test.dart: SessionManager Session lifecycle startCreatedSession rejects non-service GUIDs
Log registered: {message: UploaderService: Resetting upload queue and state., timestamp: 2026-06-18 14:10:30.236297, function: null, file: null}
Log registered: {message: UploaderService: Reset completed., timestamp: 2026-06-18 14:10:30.236395, function: null, file: null}
00:08 +218 ~1: /Users/jose/src/work/hydracamv2/test/services/camera_service_failure_test.dart: recording after setup preview rebuilds the explicit fps controller
00:08 +218 ~1: /Users/jose/src/work/hydracamv2/test/services/session_manager_test.dart: SessionManager Session lifecycle joinSession rejects non-service GUIDs
Log registered: {message: UploaderService: Resetting upload queue and state., timestamp: 2026-06-18 14:10:30.238206, function: null, file: null}
Log registered: {message: UploaderService: Reset completed., timestamp: 2026-06-18 14:10:30.238286, function: null, file: null}
00:08 +219 ~1: /Users/jose/src/work/hydracamv2/test/services/camera_service_failure_test.dart: recording after setup preview rebuilds the explicit fps controller
00:08 +219 ~1: /Users/jose/src/work/hydracamv2/test/services/session_manager_test.dart: SessionManager Session lifecycle canUploadCurrentSession requires an active service GUID
Log registered: {message: UploaderService: Resetting upload queue and state., timestamp: 2026-06-18 14:10:30.239707, function: null, file: null}
Log registered: {message: UploaderService: Reset completed., timestamp: 2026-06-18 14:10:30.239806, function: null, file: null}
Log registered: {message: UploaderService: Resetting upload queue and state., timestamp: 2026-06-18 14:10:30.240060, function: null, file: null}
Log registered: {message: UploaderService: Reset completed., timestamp: 2026-06-18 14:10:30.240115, function: null, file: null}
Log registered: {message: Session started with GUID: service-session-guid on device type: Master, timestamp: 2026-06-18 14:10:30.240171, function: null, file: null}
Log registered: {message: Session metadata saved to /var/folders/6s/dp27g8gn26j9mp36sjfxb9tw0000gn/T/session_manager_docstXvb38/session_service-session-guid/metadata.json, timestamp: 2026-06-18 14:10:30.241337, function: null, file: null}
Log registered: {message: UploaderService: Resetting upload queue and state., timestamp: 2026-06-18 14:10:30.241492, function: null, file: null}
Log registered: {message: UploaderService: Reset completed., timestamp: 2026-06-18 14:10:30.241569, function: null, file: null}
Log registered: {message: Session ended and uploader reset., timestamp: 2026-06-18 14:10:30.241648, function: null, file: null}
00:08 +220 ~1: /Users/jose/src/work/hydracamv2/test/services/camera_service_failure_test.dart: recording after setup preview rebuilds the explicit fps controller
00:08 +220 ~1: /Users/jose/src/work/hydracamv2/test/services/session_manager_test.dart: SessionManager Session lifecycle endSession clears session state
Log registered: {message: UploaderService: Resetting upload queue and state., timestamp: 2026-06-18 14:10:30.242713, function: null, file: null}
Log registered: {message: UploaderService: Reset completed., timestamp: 2026-06-18 14:10:30.242807, function: null, file: null}
Log registered: {message: UploaderService: Resetting upload queue and state., timestamp: 2026-06-18 14:10:30.243057, function: null, file: null}
Log registered: {message: UploaderService: Reset completed., timestamp: 2026-06-18 14:10:30.243124, function: null, file: null}
Log registered: {message: Session started with GUID: test-guid on device type: Master, timestamp: 2026-06-18 14:10:30.243179, function: null, file: null}
Log registered: {message: Session metadata saved to /var/folders/6s/dp27g8gn26j9mp36sjfxb9tw0000gn/T/session_manager_docstXvb38/session_test-guid/metadata.json, timestamp: 2026-06-18 14:10:30.243871, function: null, file: null}
Log registered: {message: UploaderService: Resetting upload queue and state., timestamp: 2026-06-18 14:10:30.243974, function: null, file: null}
Log registered: {message: UploaderService: Reset completed., timestamp: 2026-06-18 14:10:30.244029, function: null, file: null}
Log registered: {message: Session ended and uploader reset., timestamp: 2026-06-18 14:10:30.244076, function: null, file: null}
00:08 +221 ~1: /Users/jose/src/work/hydracamv2/test/services/camera_service_failure_test.dart: recording after setup preview rebuilds the explicit fps controller
00:08 +221 ~1: /Users/jose/src/work/hydracamv2/test/services/session_manager_test.dart: SessionManager Session lifecycle scanAndReconstructSessions preserves active session identity
Log registered: {message: UploaderService: Resetting upload queue and state., timestamp: 2026-06-18 14:10:30.245230, function: null, file: null}
Log registered: {message: UploaderService: Reset completed., timestamp: 2026-06-18 14:10:30.245310, function: null, file: null}
Log registered: {message: UploaderService: Resetting upload queue and state., timestamp: 2026-06-18 14:10:30.245665, function: null, file: null}
Log registered: {message: UploaderService: Reset completed., timestamp: 2026-06-18 14:10:30.245728, function: null, file: null}
Log registered: {message: Session started with GUID: active-guid on device type: Slave, timestamp: 2026-06-18 14:10:30.245788, function: null, file: null}
00:08 +221 ~1: /Users/jose/src/work/hydracamv2/test/services/storage_service_test.dart: StorageService anchors blocks recording and triggers callback when storage is critical
Log registered: {message: StorageService monitoring disabled - timer not started., timestamp: 2026-06-18 14:10:30.248022, function: null, file: null}
Log registered: {message: Critical storage: triggering recording stop at 0.39 GB., timestamp: 2026-06-18 14:10:30.250026, function: null, file: null}
00:08 +221 ~1: /Users/jose/src/work/hydracamv2/test/services/session_manager_test.dart: SessionManager Session lifecycle scanAndReconstructSessions preserves active session identity
Log registered: {message: Generated new Device ID: a946de6c-dffb-4201-9658-ced24010d918, timestamp: 2026-06-18 14:10:30.253070, function: null, file: null}
Log registered: {message: Session metadata saved to /var/folders/6s/dp27g8gn26j9mp36sjfxb9tw0000gn/T/session_manager_docstXvb38/session_scan-preserve-old/metadata.json, timestamp: 2026-06-18 14:10:30.255228, function: null, file: null}
Log registered: {message: Reconstructed session: scan-preserve-old with 0 photos and 1 videos., timestamp: 2026-06-18 14:10:30.255389, function: null, file: null}
Log registered: {message: Session metadata saved to /var/folders/6s/dp27g8gn26j9mp36sjfxb9tw0000gn/T/session_manager_docstXvb38/session_active-guid/metadata.json, timestamp: 2026-06-18 14:10:30.259483, function: null, file: null}
Log registered: {message: UploaderService: Resetting upload queue and state., timestamp: 2026-06-18 14:10:30.259684, function: null, file: null}
Log registered: {message: UploaderService: Reset completed., timestamp: 2026-06-18 14:10:30.259773, function: null, file: null}
Log registered: {message: Session ended and uploader reset., timestamp: 2026-06-18 14:10:30.259906, function: null, file: null}
00:08 +222 ~1: /Users/jose/src/work/hydracamv2/test/services/camera_service_failure_test.dart: recording after setup preview rebuilds the explicit fps controller
00:08 +222 ~1: /Users/jose/src/work/hydracamv2/test/services/session_manager_test.dart: SessionManager Session lifecycle scanAndReconstructSessions preserves full directory session id
Log registered: {message: UploaderService: Resetting upload queue and state., timestamp: 2026-06-18 14:10:30.261306, function: null, file: null}
Log registered: {message: UploaderService: Reset completed., timestamp: 2026-06-18 14:10:30.261421, function: null, file: null}
Log registered: {message: Retrieved existing Device ID: a946de6c-dffb-4201-9658-ced24010d918, timestamp: 2026-06-18 14:10:30.265348, function: null, file: null}
Log registered: {message: Session metadata saved to /var/folders/6s/dp27g8gn26j9mp36sjfxb9tw0000gn/T/session_manager_docstXvb38/session_scan_preserve_full_guid/metadata.json, timestamp: 2026-06-18 14:10:30.266144, function: null, file: null}
Log registered: {message: Reconstructed session: scan_preserve_full_guid with 0 photos and 1 videos., timestamp: 2026-06-18 14:10:30.266237, function: null, file: null}
00:08 +222 ~1: /Users/jose/src/work/hydracamv2/test/services/camera_service_failure_test.dart: recording after setup preview rebuilds the explicit fps controller
Log registered: {message: Camera successfully initialized., timestamp: 2026-06-18 14:10:30.267565, function: null, file: null}
Log registered: {message: Generated new Device ID: 079bb35e-dcdd-4959-92f9-8c1ff2810986, timestamp: 2026-06-18 14:10:30.267955, function: null, file: null}
Log registered: {message: Video recording started with flash off, timestamp: 2026-06-18 14:10:30.268170, function: null, file: null}
00:08 +223 ~1: /Users/jose/src/work/hydracamv2/test/services/storage_service_test.dart: StorageService anchors blocks recording and triggers callback when storage is critical
00:08 +224 ~1: /Users/jose/src/work/hydracamv2/test/services/storage_service_test.dart: StorageService anchors blocks recording and triggers callback when storage is critical
00:08 +225 ~1: /Users/jose/src/work/hydracamv2/test/services/storage_service_test.dart: StorageService anchors blocks recording and triggers callback when storage is critical
00:08 +225 ~1: /Users/jose/src/work/hydracamv2/test/services/session_manager_test.dart: SessionManager Session lifecycle loadSessionMetadataSnapshot preserves active session identity
Log registered: {message: UploaderService: Resetting upload queue and state., timestamp: 2026-06-18 14:10:30.270760, function: null, file: null}
Log registered: {message: UploaderService: Reset completed., timestamp: 2026-06-18 14:10:30.270851, function: null, file: null}
Log registered: {message: UploaderService: Resetting upload queue and state., timestamp: 2026-06-18 14:10:30.271354, function: null, file: null}
Log registered: {message: UploaderService: Reset completed., timestamp: 2026-06-18 14:10:30.271477, function: null, file: null}
Log registered: {message: Session started with GUID: active-guid on device type: Slave, timestamp: 2026-06-18 14:10:30.271543, function: null, file: null}
00:08 +226 ~1: /Users/jose/src/work/hydracamv2/test/services/camera_service_failure_test.dart: (tearDownAll)
00:08 +226 ~1: /Users/jose/src/work/hydracamv2/test/services/session_manager_test.dart: SessionManager Session lifecycle loadSessionMetadataSnapshot preserves active session identity
Log registered: {message: Retrieved existing Device ID: a946de6c-dffb-4201-9658-ced24010d918, timestamp: 2026-06-18 14:10:30.273922, function: null, file: null}
Log registered: {message: Session metadata snapshot loaded for old-guid, timestamp: 2026-06-18 14:10:30.274687, function: null, file: null}
Log registered: {message: Session metadata saved to /var/folders/6s/dp27g8gn26j9mp36sjfxb9tw0000gn/T/session_manager_docstXvb38/session_active-guid/metadata.json, timestamp: 2026-06-18 14:10:30.277918, function: null, file: null}
Log registered: {message: UploaderService: Resetting upload queue and state., timestamp: 2026-06-18 14:10:30.278155, function: null, file: null}
Log registered: {message: UploaderService: Reset completed., timestamp: 2026-06-18 14:10:30.278230, function: null, file: null}
Log registered: {message: Session ended and uploader reset., timestamp: 2026-06-18 14:10:30.278278, function: null, file: null}
00:08 +227 ~1: /Users/jose/src/work/hydracamv2/test/services/storage_service_test.dart: StorageService anchors clears recording block after recovering above critical threshold
Log registered: {message: StorageService monitoring disabled - timer not started., timestamp: 2026-06-18 14:10:30.286362, function: null, file: null}
Log registered: {message: Critical storage: triggering recording stop at 0.39 GB., timestamp: 2026-06-18 14:10:30.286542, function: null, file: null}
00:08 +228 ~1: /Users/jose/src/work/hydracamv2/test/services/session_manager_test.dart: SessionManager Session lifecycle loadSessionMetadata previews without replacing active session
Log registered: {message: UploaderService: Resetting upload queue and state., timestamp: 2026-06-18 14:10:30.299819, function: null, file: null}
Log registered: {message: UploaderService: Reset completed., timestamp: 2026-06-18 14:10:30.299926, function: null, file: null}
Log registered: {message: UploaderService: Resetting upload queue and state., timestamp: 2026-06-18 14:10:30.300443, function: null, file: null}
Log registered: {message: UploaderService: Reset completed., timestamp: 2026-06-18 14:10:30.300555, function: null, file: null}
Log registered: {message: Session started with GUID: active-preview-guid on device type: Master, timestamp: 2026-06-18 14:10:30.300612, function: null, file: null}
Log registered: {message: Retrieved existing Device ID: a946de6c-dffb-4201-9658-ced24010d918, timestamp: 2026-06-18 14:10:30.302037, function: null, file: null}
Log registered: {message: Session metadata loaded for session previous-preview-guid, timestamp: 2026-06-18 14:10:30.302208, function: null, file: null}
Log registered: {message: Session metadata saved to /var/folders/6s/dp27g8gn26j9mp36sjfxb9tw0000gn/T/session_manager_docstXvb38/session_active-preview-guid/metadata.json, timestamp: 2026-06-18 14:10:30.303165, function: null, file: null}
Log registered: {message: UploaderService: Resetting upload queue and state., timestamp: 2026-06-18 14:10:30.303270, function: null, file: null}
Log registered: {message: UploaderService: Reset completed., timestamp: 2026-06-18 14:10:30.303328, function: null, file: null}
Log registered: {message: Session ended and uploader reset., timestamp: 2026-06-18 14:10:30.303373, function: null, file: null}
00:08 +229 ~1: /Users/jose/src/work/hydracamv2/test/services/storage_service_test.dart: StorageService anchors critical callback failures do not escape storage handling
00:08 +229 ~1: /Users/jose/src/work/hydracamv2/test/services/session_manager_test.dart: SessionManager Session lifecycle loadSessionMetadataSnapshot tolerates cleaned-up media files
Log registered: {message: UploaderService: Resetting upload queue and state., timestamp: 2026-06-18 14:10:30.304359, function: null, file: null}
Log registered: {message: UploaderService: Reset completed., timestamp: 2026-06-18 14:10:30.304434, function: null, file: null}
Log registered: {message: Retrieved existing Device ID: a946de6c-dffb-4201-9658-ced24010d918, timestamp: 2026-06-18 14:10:30.306071, function: null, file: null}
Log registered: {message: Session metadata snapshot loaded for cleaned-media-guid, timestamp: 2026-06-18 14:10:30.306875, function: null, file: null}
00:08 +230 ~1: /Users/jose/src/work/hydracamv2/test/services/storage_service_test.dart: StorageService anchors critical callback failures do not escape storage handling
00:08 +230 ~1: /Users/jose/src/work/hydracamv2/test/services/session_manager_test.dart: SessionManager Session lifecycle rejoining same active session preserves media and upload queue
Log registered: {message: UploaderService: Resetting upload queue and state., timestamp: 2026-06-18 14:10:30.308052, function: null, file: null}
Log registered: {message: UploaderService: Reset completed., timestamp: 2026-06-18 14:10:30.308121, function: null, file: null}
Log registered: {message: UploaderService: Resetting upload queue and state., timestamp: 2026-06-18 14:10:30.308463, function: null, file: null}
Log registered: {message: UploaderService: Reset completed., timestamp: 2026-06-18 14:10:30.308533, function: null, file: null}
Log registered: {message: Session started with GUID: same-guid on device type: Master, timestamp: 2026-06-18 14:10:30.308577, function: null, file: null}
Log registered: {message: Adding photo to upload queue: /var/folders/6s/dp27g8gn26j9mp36sjfxb9tw0000gn/T/session_manager_test_mediaDxSBEu/same_session_photo.jpg, timestamp: 2026-06-18 14:10:30.309146, function: null, file: null}
Log registered: {message: Session metadata saved to /var/folders/6s/dp27g8gn26j9mp36sjfxb9tw0000gn/T/session_manager_docstXvb38/session_same-guid/metadata.json, timestamp: 2026-06-18 14:10:30.310019, function: null, file: null}
00:08 +230 ~1: /Users/jose/src/work/hydracamv2/test/services/storage_service_test.dart: StorageService anchors critical callback failures do not escape storage handling
Log registered: {message: StorageService monitoring disabled - timer not started., timestamp: 2026-06-18 14:10:30.310291, function: null, file: null}
Log registered: {message: Critical storage: triggering recording stop at 0.39 GB., timestamp: 2026-06-18 14:10:30.310602, function: null, file: null}
Log registered: {message: StorageService: critical storage callback failed: Bad state: forced stop failed
#0      main.<anonymous closure>.<anonymous closure>.<anonymous closure> (file:///Users/jose/src/work/hydracamv2/test/services/storage_service_test.dart:156:11)
#1      StorageService._runCriticalStorageCallback (package:hydracam/services/storage_service.dart:95:39)
#2      StorageService._handleStorageLevel (package:hydracam/services/storage_service.dart:79:19)
#3      StorageService.simulateStorageLevel (package:hydracam/services/storage_service.dart:153:5)
#4      main.<anonymous closure>.<anonymous closure>.<anonymous closure> (file:///Users/jose/src/work/hydracamv2/test/services/storage_service_test.dart:166:30)
#5      _ReturnsNormally.typedMatches (package:matcher/src/core_matchers.dart:156:22)
#6      FeatureMatcher.matches (package:matcher/src/feature_matcher.dart:16:42)
#7      _expect (package:matcher/src/expect/expect.dart:176:30)
#8      expect (package:matcher/src/expect/expect.dart:65:3)
#9      expect (package:flutter_test/src/widget_tester.dart:473:18)
#10     main.<anonymous closure>.<anonymous closure> (file:///Users/jose/src/work/hydracamv2/test/services/storage_service_test.dart:165:7)
<asynchronous suspension>
#11     testWidgets.<anonymous closure>.<anonymous closure> (package:flutter_test/src/widget_tester.dart:192:15)
<asynchronous suspension>
#12     TestWidgetsFlutterBinding._runTestBody (package:flutter_test/src/binding.dart:1952:5)
<asynchronous suspension>
#13     StackZoneSpecification._registerCallback.<anonymous closure> (package:stack_trace/src/stack_zone_specification.dart:114:42)
<asynchronous suspension>
, timestamp: 2026-06-18 14:10:30.310866, function: null, file: null}
00:08 +230 ~1: /Users/jose/src/work/hydracamv2/test/services/session_manager_test.dart: SessionManager Session lifecycle rejoining same active session preserves media and upload queue
Log registered: {message: [UploaderService] No uploaded media with valid durations. Returning zero duration., timestamp: 2026-06-18 14:10:30.311672, function: null, file: null}
Log registered: {message: Media added to upload queue: /var/folders/6s/dp27g8gn26j9mp36sjfxb9tw0000gn/T/session_manager_test_mediaDxSBEu/same_session_photo.jpg, timestamp: 2026-06-18 14:10:30.311832, function: null, file: null}
Log registered: {message: Auto-upload is disabled. Media added to queue but not uploaded., timestamp: 2026-06-18 14:10:30.312093, function: null, file: null}
Log registered: {message: Session already active with GUID: same-guid. Preserving existing media on rejoin as Slave., timestamp: 2026-06-18 14:10:30.312414, function: null, file: null}
00:08 +231 ~1: /Users/jose/src/work/hydracamv2/test/services/session_manager_test.dart: SessionManager Session lifecycle rejoining same active session preserves media and upload queue
Log registered: {message: Session metadata saved to /var/folders/6s/dp27g8gn26j9mp36sjfxb9tw0000gn/T/session_manager_docstXvb38/session_same-guid/metadata.json, timestamp: 2026-06-18 14:10:30.334188, function: null, file: null}
Log registered: {message: UploaderService: Resetting upload queue and state., timestamp: 2026-06-18 14:10:30.334351, function: null, file: null}
Log registered: {message: UploaderService: Reset completed., timestamp: 2026-06-18 14:10:30.334438, function: null, file: null}
Log registered: {message: Session ended and uploader reset., timestamp: 2026-06-18 14:10:30.334535, function: null, file: null}
00:08 +232 ~1: /Users/jose/src/work/hydracamv2/test/services/session_manager_test.dart: SessionManager Session lifecycle joining a different session starts with clean media state
Log registered: {message: UploaderService: Resetting upload queue and state., timestamp: 2026-06-18 14:10:30.342773, function: null, file: null}
Log registered: {message: UploaderService: Reset completed., timestamp: 2026-06-18 14:10:30.342846, function: null, file: null}
Log registered: {message: UploaderService: Resetting upload queue and state., timestamp: 2026-06-18 14:10:30.343229, function: null, file: null}
Log registered: {message: UploaderService: Reset completed., timestamp: 2026-06-18 14:10:30.343581, function: null, file: null}
Log registered: {message: Session started with GUID: old-guid on device type: Master, timestamp: 2026-06-18 14:10:30.343630, function: null, file: null}
Log registered: {message: Adding photo to upload queue: /var/folders/6s/dp27g8gn26j9mp36sjfxb9tw0000gn/T/session_manager_test_mediaiy9dUa/old_session_photo.jpg, timestamp: 2026-06-18 14:10:30.343977, function: null, file: null}
Log registered: {message: Session metadata saved to /var/folders/6s/dp27g8gn26j9mp36sjfxb9tw0000gn/T/session_manager_docstXvb38/session_old-guid/metadata.json, timestamp: 2026-06-18 14:10:30.344780, function: null, file: null}
Log registered: {message: [UploaderService] No uploaded media with valid durations. Returning zero duration., timestamp: 2026-06-18 14:10:30.344893, function: null, file: null}
Log registered: {message: Media added to upload queue: /var/folders/6s/dp27g8gn26j9mp36sjfxb9tw0000gn/T/session_manager_test_mediaiy9dUa/old_session_photo.jpg, timestamp: 2026-06-18 14:10:30.344944, function: null, file: null}
Log registered: {message: Auto-upload is disabled. Media added to queue but not uploaded., timestamp: 2026-06-18 14:10:30.345066, function: null, file: null}
Log registered: {message: UploaderService: Resetting upload queue and state., timestamp: 2026-06-18 14:10:30.345160, function: null, file: null}
Log registered: {message: UploaderService: Reset completed., timestamp: 2026-06-18 14:10:30.345213, function: null, file: null}
Log registered: {message: Session started with GUID: new-guid on device type: Master, timestamp: 2026-06-18 14:10:30.345271, function: null, file: null}
Log registered: {message: Session metadata saved to /var/folders/6s/dp27g8gn26j9mp36sjfxb9tw0000gn/T/session_manager_docstXvb38/session_new-guid/metadata.json, timestamp: 2026-06-18 14:10:30.346173, function: null, file: null}
Log registered: {message: UploaderService: Resetting upload queue and state., timestamp: 2026-06-18 14:10:30.346250, function: null, file: null}
Log registered: {message: UploaderService: Reset completed., timestamp: 2026-06-18 14:10:30.346295, function: null, file: null}
Log registered: {message: Session ended and uploader reset., timestamp: 2026-06-18 14:10:30.346332, function: null, file: null}
00:08 +233 ~1: /Users/jose/src/work/hydracamv2/test/services/session_manager_test.dart: SessionManager Session lifecycle addPhoto can be awaited through metadata and enqueue
Log registered: {message: UploaderService: Resetting upload queue and state., timestamp: 2026-06-18 14:10:30.347276, function: null, file: null}
Log registered: {message: UploaderService: Reset completed., timestamp: 2026-06-18 14:10:30.347340, function: null, file: null}
Log registered: {message: UploaderService: Resetting upload queue and state., timestamp: 2026-06-18 14:10:30.347677, function: null, file: null}
Log registered: {message: UploaderService: Reset completed., timestamp: 2026-06-18 14:10:30.347731, function: null, file: null}
Log registered: {message: Session started with GUID: await-photo-guid on device type: Master, timestamp: 2026-06-18 14:10:30.347774, function: null, file: null}
Log registered: {message: Adding photo to upload queue: /var/folders/6s/dp27g8gn26j9mp36sjfxb9tw0000gn/T/session_manager_test_media68Ig56/await_photo.jpg, timestamp: 2026-06-18 14:10:30.348229, function: null, file: null}
Log registered: {message: Session metadata saved to /var/folders/6s/dp27g8gn26j9mp36sjfxb9tw0000gn/T/session_manager_docstXvb38/session_await-photo-guid/metadata.json, timestamp: 2026-06-18 14:10:30.348871, function: null, file: null}
Log registered: {message: [UploaderService] No uploaded media with valid durations. Returning zero duration., timestamp: 2026-06-18 14:10:30.348954, function: null, file: null}
Log registered: {message: Media added to upload queue: /var/folders/6s/dp27g8gn26j9mp36sjfxb9tw0000gn/T/session_manager_test_media68Ig56/await_photo.jpg, timestamp: 2026-06-18 14:10:30.349, function: null, file: null}
Log registered: {message: Auto-upload is disabled. Media added to queue but not uploaded., timestamp: 2026-06-18 14:10:30.349064, function: null, file: null}
Log registered: {message: Session metadata saved to /var/folders/6s/dp27g8gn26j9mp36sjfxb9tw0000gn/T/session_manager_docstXvb38/session_await-photo-guid/metadata.json, timestamp: 2026-06-18 14:10:30.350420, function: null, file: null}
Log registered: {message: UploaderService: Resetting upload queue and state., timestamp: 2026-06-18 14:10:30.350501, function: null, file: null}
Log registered: {message: UploaderService: Reset completed., timestamp: 2026-06-18 14:10:30.350548, function: null, file: null}
Log registered: {message: Session ended and uploader reset., timestamp: 2026-06-18 14:10:30.350583, function: null, file: null}
00:08 +234 ~1: /Users/jose/src/work/hydracamv2/test/services/session_manager_test.dart: SessionManager Session lifecycle addVideo can be awaited through metadata and enqueue
Log registered: {message: UploaderService: Resetting upload queue and state., timestamp: 2026-06-18 14:10:30.351382, function: null, file: null}
Log registered: {message: UploaderService: Reset completed., timestamp: 2026-06-18 14:10:30.351434, function: null, file: null}
Log registered: {message: UploaderService: Resetting upload queue and state., timestamp: 2026-06-18 14:10:30.351735, function: null, file: null}
Log registered: {message: UploaderService: Reset completed., timestamp: 2026-06-18 14:10:30.351779, function: null, file: null}
Log registered: {message: Session started with GUID: await-video-guid on device type: Slave, timestamp: 2026-06-18 14:10:30.351817, function: null, file: null}
Log registered: {message: Adding video to upload queue: /var/folders/6s/dp27g8gn26j9mp36sjfxb9tw0000gn/T/session_manager_test_mediaViSxVT/await_video.mp4, timestamp: 2026-06-18 14:10:30.352174, function: null, file: null}
Log registered: {message: Session metadata saved to /var/folders/6s/dp27g8gn26j9mp36sjfxb9tw0000gn/T/session_manager_docstXvb38/session_await-video-guid/metadata.json, timestamp: 2026-06-18 14:10:30.352876, function: null, file: null}
Log registered: {message: [UploaderService] No uploaded media with valid durations. Returning zero duration., timestamp: 2026-06-18 14:10:30.352978, function: null, file: null}
Log registered: {message: Media added to upload queue: /var/folders/6s/dp27g8gn26j9mp36sjfxb9tw0000gn/T/session_manager_test_mediaViSxVT/await_video.mp4, timestamp: 2026-06-18 14:10:30.353039, function: null, file: null}
Log registered: {message: Auto-upload is disabled. Media added to queue but not uploaded., timestamp: 2026-06-18 14:10:30.353100, function: null, file: null}
Log registered: {message: Session metadata saved to /var/folders/6s/dp27g8gn26j9mp36sjfxb9tw0000gn/T/session_manager_docstXvb38/session_await-video-guid/metadata.json, timestamp: 2026-06-18 14:10:30.354096, function: null, file: null}
Log registered: {message: UploaderService: Resetting upload queue and state., timestamp: 2026-06-18 14:10:30.354186, function: null, file: null}
Log registered: {message: UploaderService: Reset completed., timestamp: 2026-06-18 14:10:30.354234, function: null, file: null}
Log registered: {message: Session ended and uploader reset., timestamp: 2026-06-18 14:10:30.354272, function: null, file: null}
00:08 +235 ~1: /Users/jose/src/work/hydracamv2/test/services/session_manager_test.dart: SessionManager Session lifecycle restoreSessionFromMetadata restores media and caller role
Log registered: {message: UploaderService: Resetting upload queue and state., timestamp: 2026-06-18 14:10:30.359643, function: null, file: null}
Log registered: {message: UploaderService: Reset completed., timestamp: 2026-06-18 14:10:30.359738, function: null, file: null}
Log registered: {message: Retrieved existing Device ID: a946de6c-dffb-4201-9658-ced24010d918, timestamp: 2026-06-18 14:10:30.361715, function: null, file: null}
Log registered: {message: Session metadata snapshot loaded for restore-guid, timestamp: 2026-06-18 14:10:30.361888, function: null, file: null}
Log registered: {message: UploaderService: Resetting upload queue and state., timestamp: 2026-06-18 14:10:30.361952, function: null, file: null}
Log registered: {message: UploaderService: Reset completed., timestamp: 2026-06-18 14:10:30.361991, function: null, file: null}
Log registered: {message: Session started with GUID: restore-guid on device type: Master, timestamp: 2026-06-18 14:10:30.362030, function: null, file: null}
Log registered: {message: Adding photo to upload queue: /var/folders/6s/dp27g8gn26j9mp36sjfxb9tw0000gn/T/session_manager_test_mediaItdjcy/restored_photo.jpg, timestamp: 2026-06-18 14:10:30.362077, function: null, file: null}
Log registered: {message: Session metadata saved to /var/folders/6s/dp27g8gn26j9mp36sjfxb9tw0000gn/T/session_manager_docstXvb38/session_restore-guid/metadata.json, timestamp: 2026-06-18 14:10:30.362753, function: null, file: null}
Log registered: {message: [UploaderService] No uploaded media with valid durations. Returning zero duration., timestamp: 2026-06-18 14:10:30.362853, function: null, file: null}
Log registered: {message: Media added to upload queue: /var/folders/6s/dp27g8gn26j9mp36sjfxb9tw0000gn/T/session_manager_test_mediaItdjcy/restored_photo.jpg, timestamp: 2026-06-18 14:10:30.362901, function: null, file: null}
Log registered: {message: Auto-upload is disabled. Media added to queue but not uploaded., timestamp: 2026-06-18 14:10:30.362965, function: null, file: null}
Log registered: {message: Adding video to upload queue: /var/folders/6s/dp27g8gn26j9mp36sjfxb9tw0000gn/T/session_manager_test_mediaItdjcy/restored_video.mp4, timestamp: 2026-06-18 14:10:30.363047, function: null, file: null}
Log registered: {message: Session metadata saved to /var/folders/6s/dp27g8gn26j9mp36sjfxb9tw0000gn/T/session_manager_docstXvb38/session_restore-guid/metadata.json, timestamp: 2026-06-18 14:10:30.363629, function: null, file: null}
Log registered: {message: [UploaderService] No uploaded media with valid durations. Returning zero duration., timestamp: 2026-06-18 14:10:30.363854, function: null, file: null}
Log registered: {message: Media added to upload queue: /var/folders/6s/dp27g8gn26j9mp36sjfxb9tw0000gn/T/session_manager_test_mediaItdjcy/restored_video.mp4, timestamp: 2026-06-18 14:10:30.363905, function: null, file: null}
Log registered: {message: Auto-upload is disabled. Media added to queue but not uploaded., timestamp: 2026-06-18 14:10:30.363967, function: null, file: null}
Log registered: {message: Session metadata saved to /var/folders/6s/dp27g8gn26j9mp36sjfxb9tw0000gn/T/session_manager_docstXvb38/session_restore-guid/metadata.json, timestamp: 2026-06-18 14:10:30.364673, function: null, file: null}
Log registered: {message: UploaderService: Resetting upload queue and state., timestamp: 2026-06-18 14:10:30.364751, function: null, file: null}
Log registered: {message: UploaderService: Reset completed., timestamp: 2026-06-18 14:10:30.364884, function: null, file: null}
Log registered: {message: Session ended and uploader reset., timestamp: 2026-06-18 14:10:30.364945, function: null, file: null}
00:08 +236 ~1: /Users/jose/src/work/hydracamv2/test/services/session_manager_test.dart: SessionManager Session lifecycle restoreSessionFromMetadata does not requeue uploaded media
Log registered: {message: UploaderService: Resetting upload queue and state., timestamp: 2026-06-18 14:10:30.365945, function: null, file: null}
Log registered: {message: UploaderService: Reset completed., timestamp: 2026-06-18 14:10:30.366009, function: null, file: null}
Log registered: {message: Retrieved existing Device ID: a946de6c-dffb-4201-9658-ced24010d918, timestamp: 2026-06-18 14:10:30.367824, function: null, file: null}
Log registered: {message: Session metadata snapshot loaded for uploaded-restore-guid, timestamp: 2026-06-18 14:10:30.367983, function: null, file: null}
Log registered: {message: UploaderService: Resetting upload queue and state., timestamp: 2026-06-18 14:10:30.368115, function: null, file: null}
Log registered: {message: UploaderService: Reset completed., timestamp: 2026-06-18 14:10:30.368185, function: null, file: null}
Log registered: {message: Session started with GUID: uploaded-restore-guid on device type: Master, timestamp: 2026-06-18 14:10:30.368232, function: null, file: null}
Log registered: {message: Adding photo to upload queue: /var/folders/6s/dp27g8gn26j9mp36sjfxb9tw0000gn/T/session_manager_test_mediak30EeS/uploaded_photo.jpg, timestamp: 2026-06-18 14:10:30.368276, function: null, file: null}
Log registered: {message: Session metadata saved to /var/folders/6s/dp27g8gn26j9mp36sjfxb9tw0000gn/T/session_manager_docstXvb38/session_uploaded-restore-guid/metadata.json, timestamp: 2026-06-18 14:10:30.368919, function: null, file: null}
Log registered: {message: Media already uploaded: /var/folders/6s/dp27g8gn26j9mp36sjfxb9tw0000gn/T/session_manager_test_mediak30EeS/uploaded_photo.jpg, timestamp: 2026-06-18 14:10:30.369016, function: null, file: null}
Log registered: {message: Adding video to upload queue: /var/folders/6s/dp27g8gn26j9mp36sjfxb9tw0000gn/T/session_manager_test_mediak30EeS/uploaded_video.mp4, timestamp: 2026-06-18 14:10:30.369075, function: null, file: null}
Log registered: {message: Session metadata saved to /var/folders/6s/dp27g8gn26j9mp36sjfxb9tw0000gn/T/session_manager_docstXvb38/session_uploaded-restore-guid/metadata.json, timestamp: 2026-06-18 14:10:30.369749, function: null, file: null}
Log registered: {message: Media already uploaded: /var/folders/6s/dp27g8gn26j9mp36sjfxb9tw0000gn/T/session_manager_test_mediak30EeS/uploaded_video.mp4, timestamp: 2026-06-18 14:10:30.369832, function: null, file: null}
Log registered: {message: Session metadata saved to /var/folders/6s/dp27g8gn26j9mp36sjfxb9tw0000gn/T/session_manager_docstXvb38/session_uploaded-restore-guid/metadata.json, timestamp: 2026-06-18 14:10:30.370640, function: null, file: null}
Log registered: {message: UploaderService: Resetting upload queue and state., timestamp: 2026-06-18 14:10:30.370725, function: null, file: null}
Log registered: {message: UploaderService: Reset completed., timestamp: 2026-06-18 14:10:30.370767, function: null, file: null}
Log registered: {message: Session ended and uploader reset., timestamp: 2026-06-18 14:10:30.370813, function: null, file: null}
00:08 +237 ~1: /Users/jose/src/work/hydracamv2/test/services/session_manager_test.dart: SessionManager Media management addPhoto adds photo to current session
Log registered: {message: UploaderService: Resetting upload queue and state., timestamp: 2026-06-18 14:10:30.372206, function: null, file: null}
Log registered: {message: UploaderService: Reset completed., timestamp: 2026-06-18 14:10:30.372287, function: null, file: null}
Log registered: {message: UploaderService: Resetting upload queue and state., timestamp: 2026-06-18 14:10:30.372552, function: null, file: null}
Log registered: {message: UploaderService: Reset completed., timestamp: 2026-06-18 14:10:30.372638, function: null, file: null}
Log registered: {message: Session started with GUID: test-guid on device type: Master, timestamp: 2026-06-18 14:10:30.372719, function: null, file: null}
Log registered: {message: Adding photo to upload queue: /var/folders/6s/dp27g8gn26j9mp36sjfxb9tw0000gn/T/session_manager_test_mediaGpWt0X/test_photo.jpg, timestamp: 2026-06-18 14:10:30.373108, function: null, file: null}
Log registered: {message: Session metadata saved to /var/folders/6s/dp27g8gn26j9mp36sjfxb9tw0000gn/T/session_manager_docstXvb38/session_test-guid/metadata.json, timestamp: 2026-06-18 14:10:30.373796, function: null, file: null}
Log registered: {message: [UploaderService] No uploaded media with valid durations. Returning zero duration., timestamp: 2026-06-18 14:10:30.373885, function: null, file: null}
Log registered: {message: Media added to upload queue: /var/folders/6s/dp27g8gn26j9mp36sjfxb9tw0000gn/T/session_manager_test_mediaGpWt0X/test_photo.jpg, timestamp: 2026-06-18 14:10:30.373928, function: null, file: null}
Log registered: {message: Auto-upload is disabled. Media added to queue but not uploaded., timestamp: 2026-06-18 14:10:30.374060, function: null, file: null}
Log registered: {message: Session metadata saved to /var/folders/6s/dp27g8gn26j9mp36sjfxb9tw0000gn/T/session_manager_docstXvb38/session_test-guid/metadata.json, timestamp: 2026-06-18 14:10:30.375001, function: null, file: null}
Log registered: {message: UploaderService: Resetting upload queue and state., timestamp: 2026-06-18 14:10:30.375110, function: null, file: null}
Log registered: {message: UploaderService: Reset completed., timestamp: 2026-06-18 14:10:30.375215, function: null, file: null}
Log registered: {message: Session ended and uploader reset., timestamp: 2026-06-18 14:10:30.375268, function: null, file: null}
00:08 +238 ~1: /Users/jose/src/work/hydracamv2/test/services/session_manager_test.dart: SessionManager Media management addVideo adds video to current session
Log registered: {message: UploaderService: Resetting upload queue and state., timestamp: 2026-06-18 14:10:30.376336, function: null, file: null}
Log registered: {message: UploaderService: Reset completed., timestamp: 2026-06-18 14:10:30.376405, function: null, file: null}
Log registered: {message: UploaderService: Resetting upload queue and state., timestamp: 2026-06-18 14:10:30.376623, function: null, file: null}
Log registered: {message: UploaderService: Reset completed., timestamp: 2026-06-18 14:10:30.376727, function: null, file: null}
Log registered: {message: Session started with GUID: test-guid on device type: Master, timestamp: 2026-06-18 14:10:30.376783, function: null, file: null}
Log registered: {message: Adding video to upload queue: /var/folders/6s/dp27g8gn26j9mp36sjfxb9tw0000gn/T/session_manager_test_mediaNXeyGs/test_video.mp4, timestamp: 2026-06-18 14:10:30.377155, function: null, file: null}
Log registered: {message: Session metadata saved to /var/folders/6s/dp27g8gn26j9mp36sjfxb9tw0000gn/T/session_manager_docstXvb38/session_test-guid/metadata.json, timestamp: 2026-06-18 14:10:30.377807, function: null, file: null}
Log registered: {message: [UploaderService] No uploaded media with valid durations. Returning zero duration., timestamp: 2026-06-18 14:10:30.377889, function: null, file: null}
Log registered: {message: Media added to upload queue: /var/folders/6s/dp27g8gn26j9mp36sjfxb9tw0000gn/T/session_manager_test_mediaNXeyGs/test_video.mp4, timestamp: 2026-06-18 14:10:30.377936, function: null, file: null}
Log registered: {message: Auto-upload is disabled. Media added to queue but not uploaded., timestamp: 2026-06-18 14:10:30.378043, function: null, file: null}
Log registered: {message: Session metadata saved to /var/folders/6s/dp27g8gn26j9mp36sjfxb9tw0000gn/T/session_manager_docstXvb38/session_test-guid/metadata.json, timestamp: 2026-06-18 14:10:30.379168, function: null, file: null}
Log registered: {message: UploaderService: Resetting upload queue and state., timestamp: 2026-06-18 14:10:30.379240, function: null, file: null}
Log registered: {message: UploaderService: Reset completed., timestamp: 2026-06-18 14:10:30.379282, function: null, file: null}
Log registered: {message: Session ended and uploader reset., timestamp: 2026-06-18 14:10:30.379319, function: null, file: null}
00:08 +239 ~1: /Users/jose/src/work/hydracamv2/test/services/session_manager_test.dart: SessionManager Media management video capture context persists and reloads from metadata
Log registered: {message: UploaderService: Resetting upload queue and state., timestamp: 2026-06-18 14:10:30.380394, function: null, file: null}
Log registered: {message: UploaderService: Reset completed., timestamp: 2026-06-18 14:10:30.380482, function: null, file: null}
Log registered: {message: UploaderService: Resetting upload queue and state., timestamp: 2026-06-18 14:10:30.380729, function: null, file: null}
Log registered: {message: UploaderService: Reset completed., timestamp: 2026-06-18 14:10:30.380807, function: null, file: null}
Log registered: {message: Session started with GUID: test-guid on device type: Master, timestamp: 2026-06-18 14:10:30.380848, function: null, file: null}
Log registered: {message: Adding video to upload queue: /var/folders/6s/dp27g8gn26j9mp36sjfxb9tw0000gn/T/session_manager_test_mediankdpje/context_video.mp4, timestamp: 2026-06-18 14:10:30.381620, function: null, file: null}
Log registered: {message: Session metadata saved to /var/folders/6s/dp27g8gn26j9mp36sjfxb9tw0000gn/T/session_manager_docstXvb38/session_test-guid/metadata.json, timestamp: 2026-06-18 14:10:30.382905, function: null, file: null}
Log registered: {message: [UploaderService] No uploaded media with valid durations. Returning zero duration., timestamp: 2026-06-18 14:10:30.382998, function: null, file: null}
Log registered: {message: Media added to upload queue: /var/folders/6s/dp27g8gn26j9mp36sjfxb9tw0000gn/T/session_manager_test_mediankdpje/context_video.mp4, timestamp: 2026-06-18 14:10:30.383088, function: null, file: null}
Log registered: {message: Auto-upload is disabled. Media added to queue but not uploaded., timestamp: 2026-06-18 14:10:30.383165, function: null, file: null}
Log registered: {message: Retrieved existing Device ID: a946de6c-dffb-4201-9658-ced24010d918, timestamp: 2026-06-18 14:10:30.384348, function: null, file: null}
Log registered: {message: Session metadata loaded for session test-guid, timestamp: 2026-06-18 14:10:30.385238, function: null, file: null}
Log registered: {message: Session metadata saved to /var/folders/6s/dp27g8gn26j9mp36sjfxb9tw0000gn/T/session_manager_docstXvb38/session_test-guid/metadata.json, timestamp: 2026-06-18 14:10:30.386295, function: null, file: null}
Log registered: {message: UploaderService: Resetting upload queue and state., timestamp: 2026-06-18 14:10:30.386366, function: null, file: null}
Log registered: {message: UploaderService: Reset completed., timestamp: 2026-06-18 14:10:30.386408, function: null, file: null}
Log registered: {message: Session ended and uploader reset., timestamp: 2026-06-18 14:10:30.386442, function: null, file: null}
00:08 +240 ~1: /Users/jose/src/work/hydracamv2/test/services/session_manager_test.dart: SessionManager Media management metadata write preserves session captured before async path lookup
Log registered: {message: UploaderService: Resetting upload queue and state., timestamp: 2026-06-18 14:10:30.387338, function: null, file: null}
Log registered: {message: UploaderService: Reset completed., timestamp: 2026-06-18 14:10:30.387393, function: null, file: null}
Log registered: {message: UploaderService: Resetting upload queue and state., timestamp: 2026-06-18 14:10:30.387554, function: null, file: null}
Log registered: {message: UploaderService: Reset completed., timestamp: 2026-06-18 14:10:30.387590, function: null, file: null}
Log registered: {message: Session started with GUID: test-guid on device type: Master, timestamp: 2026-06-18 14:10:30.387624, function: null, file: null}
Log registered: {message: UploaderService: Resetting upload queue and state., timestamp: 2026-06-18 14:10:30.387889, function: null, file: null}
Log registered: {message: UploaderService: Reset completed., timestamp: 2026-06-18 14:10:30.387976, function: null, file: null}
Log registered: {message: Session started with GUID: metadata-old-guid on device type: Master, timestamp: 2026-06-18 14:10:30.388020, function: null, file: null}
Log registered: {message: UploaderService: Resetting upload queue and state., timestamp: 2026-06-18 14:10:30.388519, function: null, file: null}
Log registered: {message: UploaderService: Reset completed., timestamp: 2026-06-18 14:10:30.388577, function: null, file: null}
Log registered: {message: Session started with GUID: metadata-new-guid on device type: Slave, timestamp: 2026-06-18 14:10:30.388623, function: null, file: null}
Log registered: {message: Session metadata saved to /var/folders/6s/dp27g8gn26j9mp36sjfxb9tw0000gn/T/session_manager_docstXvb38/session_metadata-old-guid/metadata.json, timestamp: 2026-06-18 14:10:30.389667, function: null, file: null}
Log registered: {message: Session metadata saved to /var/folders/6s/dp27g8gn26j9mp36sjfxb9tw0000gn/T/session_manager_docstXvb38/session_metadata-new-guid/metadata.json, timestamp: 2026-06-18 14:10:30.391024, function: null, file: null}
Log registered: {message: UploaderService: Resetting upload queue and state., timestamp: 2026-06-18 14:10:30.391095, function: null, file: null}
Log registered: {message: UploaderService: Reset completed., timestamp: 2026-06-18 14:10:30.391134, function: null, file: null}
Log registered: {message: Session ended and uploader reset., timestamp: 2026-06-18 14:10:30.391167, function: null, file: null}
00:08 +241 ~1: /Users/jose/src/work/hydracamv2/test/services/session_manager_test.dart: SessionManager Media management multiple media can be added to session
Log registered: {message: UploaderService: Resetting upload queue and state., timestamp: 2026-06-18 14:10:30.392032, function: null, file: null}
Log registered: {message: UploaderService: Reset completed., timestamp: 2026-06-18 14:10:30.392091, function: null, file: null}
Log registered: {message: UploaderService: Resetting upload queue and state., timestamp: 2026-06-18 14:10:30.392266, function: null, file: null}
Log registered: {message: UploaderService: Reset completed., timestamp: 2026-06-18 14:10:30.392307, function: null, file: null}
Log registered: {message: Session started with GUID: test-guid on device type: Master, timestamp: 2026-06-18 14:10:30.392344, function: null, file: null}
Log registered: {message: Adding photo to upload queue: /var/folders/6s/dp27g8gn26j9mp36sjfxb9tw0000gn/T/session_manager_test_mediaAeCX7D/test_photo_1.jpg, timestamp: 2026-06-18 14:10:30.392895, function: null, file: null}
Log registered: {message: Session metadata saved to /var/folders/6s/dp27g8gn26j9mp36sjfxb9tw0000gn/T/session_manager_docstXvb38/session_test-guid/metadata.json, timestamp: 2026-06-18 14:10:30.393721, function: null, file: null}
Log registered: {message: [UploaderService] No uploaded media with valid durations. Returning zero duration., timestamp: 2026-06-18 14:10:30.393806, function: null, file: null}
Log registered: {message: Media added to upload queue: /var/folders/6s/dp27g8gn26j9mp36sjfxb9tw0000gn/T/session_manager_test_mediaAeCX7D/test_photo_1.jpg, timestamp: 2026-06-18 14:10:30.393848, function: null, file: null}
Log registered: {message: Auto-upload is disabled. Media added to queue but not uploaded., timestamp: 2026-06-18 14:10:30.393908, function: null, file: null}
Log registered: {message: Adding photo to upload queue: /var/folders/6s/dp27g8gn26j9mp36sjfxb9tw0000gn/T/session_manager_test_mediaAeCX7D/test_photo_2.jpg, timestamp: 2026-06-18 14:10:30.393946, function: null, file: null}
Log registered: {message: Session metadata saved to /var/folders/6s/dp27g8gn26j9mp36sjfxb9tw0000gn/T/session_manager_docstXvb38/session_test-guid/metadata.json, timestamp: 2026-06-18 14:10:30.394550, function: null, file: null}
Log registered: {message: [UploaderService] No uploaded media with valid durations. Returning zero duration., timestamp: 2026-06-18 14:10:30.394632, function: null, file: null}
Log registered: {message: Media added to upload queue: /var/folders/6s/dp27g8gn26j9mp36sjfxb9tw0000gn/T/session_manager_test_mediaAeCX7D/test_photo_2.jpg, timestamp: 2026-06-18 14:10:30.394677, function: null, file: null}
Log registered: {message: Auto-upload is disabled. Media added to queue but not uploaded., timestamp: 2026-06-18 14:10:30.394763, function: null, file: null}
Log registered: {message: Session metadata saved to /var/folders/6s/dp27g8gn26j9mp36sjfxb9tw0000gn/T/session_manager_docstXvb38/session_test-guid/metadata.json, timestamp: 2026-06-18 14:10:30.395438, function: null, file: null}
Log registered: {message: UploaderService: Resetting upload queue and state., timestamp: 2026-06-18 14:10:30.395490, function: null, file: null}
Log registered: {message: UploaderService: Reset completed., timestamp: 2026-06-18 14:10:30.395527, function: null, file: null}
Log registered: {message: Session ended and uploader reset., timestamp: 2026-06-18 14:10:30.395560, function: null, file: null}
00:08 +242 ~1: /Users/jose/src/work/hydracamv2/test/services/session_manager_test.dart: (tearDownAll)
00:08 +242 ~1: /Users/jose/src/work/hydracamv2/test/services/fleet_heartbeat_service_test.dart: FleetHeartbeatSnapshot builds ready lab-managed heartbeat payload
00:08 +243 ~1: /Users/jose/src/work/hydracamv2/test/services/fleet_heartbeat_service_test.dart: FleetHeartbeatSnapshot marks heartbeat blocked when network battery and storage are unsafe
00:08 +244 ~1: /Users/jose/src/work/hydracamv2/test/services/fleet_heartbeat_service_test.dart: FleetHeartbeatSnapshot uses stable network warning codes in heartbeat payload
00:08 +245 ~1: /Users/jose/src/work/hydracamv2/test/services/fleet_heartbeat_service_test.dart: FleetHeartbeatCollector uses injected providers to collect one heartbeat
00:08 +246 ~1: /Users/jose/src/work/hydracamv2/test/services/fleet_heartbeat_service_test.dart: FleetHeartbeatCollector returns degraded heartbeat when network and package providers fail
Log registered: {message: FleetHeartbeatCollector: failed to read network snapshot: Bad state: network plugin unavailable
#0      main.<anonymous closure>.<anonymous closure>.<anonymous closure> (file:///Users/jose/src/work/hydracamv2/test/services/fleet_heartbeat_service_test.dart:186:11)
#1      FleetHeartbeatCollector._safeNetworkSnapshotProvider (package:hydracam/services/fleet_heartbeat_service.dart:400:28)
#2      FleetHeartbeatCollector.collect (package:hydracam/services/fleet_heartbeat_service.dart:330:35)
<asynchronous suspension>
#3      main.<anonymous closure>.<anonymous closure> (file:///Users/jose/src/work/hydracamv2/test/services/fleet_heartbeat_service_test.dart:199:24)
<asynchronous suspension>
#4      Declarer.test.<anonymous closure>.<anonymous closure> (package:test_api/src/backend/declarer.dart:253:15)
<asynchronous suspension>
#5      Declarer.test.<anonymous closure> (package:test_api/src/backend/declarer.dart:250:11)
<asynchronous suspension>
#6      Invoker._waitForOutstandingCallbacks.<anonymous closure> (package:test_api/src/backend/invoker.dart:318:9)
<asynchronous suspension>
, timestamp: 2026-06-18 14:10:30.523270, function: null, file: null}
Log registered: {message: FleetHeartbeatCollector: failed to read package info: Bad state: package plugin unavailable
#0      main.<anonymous closure>.<anonymous closure>.<anonymous closure> (file:///Users/jose/src/work/hydracamv2/test/services/fleet_heartbeat_service_test.dart:189:11)
#1      FleetHeartbeatCollector._safePackageInfoProvider (package:hydracam/services/fleet_heartbeat_service.dart:420:28)
#2      FleetHeartbeatCollector.collect (package:hydracam/services/fleet_heartbeat_service.dart:335:31)
<asynchronous suspension>
#3      main.<anonymous closure>.<anonymous closure> (file:///Users/jose/src/work/hydracamv2/test/services/fleet_heartbeat_service_test.dart:199:24)
<asynchronous suspension>
#4      Declarer.test.<anonymous closure>.<anonymous closure> (package:test_api/src/backend/declarer.dart:253:15)
<asynchronous suspension>
#5      Declarer.test.<anonymous closure> (package:test_api/src/backend/declarer.dart:250:11)
<asynchronous suspension>
#6      Invoker._waitForOutstandingCallbacks.<anonymous closure> (package:test_api/src/backend/invoker.dart:318:9)
<asynchronous suspension>
, timestamp: 2026-06-18 14:10:30.528137, function: null, file: null}
00:09 +247 ~1: /Users/jose/src/work/hydracamv2/test/services/hydracam_api_service_test.dart: uploadMedia includes app version fields in multipart metadata
Log registered: {message: Get token, timestamp: 2026-06-18 14:10:30.625686, function: null, file: null}
Log registered: {message: Media uploaded successfully, timestamp: 2026-06-18 14:10:30.644304, function: null, file: null}
00:09 +248 ~1: /Users/jose/src/work/hydracamv2/test/services/hydracam_api_service_test.dart: uploadMedia includes video recording end and duration metadata
00:09 +248 ~1: /Users/jose/src/work/hydracamv2/test/services/hydracam_api_service_test.dart: uploadMedia includes app version fields in multipart metadata
Trace file unavailable: MissingPluginException(No implementation found for method getApplicationDocumentsDirectory on channel plugins.flutter.io/path_provider)
00:09 +248 ~1: /Users/jose/src/work/hydracamv2/test/services/hydracam_api_service_test.dart: uploadMedia includes video recording end and duration metadata
Log registered: {message: Get token, timestamp: 2026-06-18 14:10:30.647815, function: null, file: null}
Log registered: {message: Media uploaded successfully, timestamp: 2026-06-18 14:10:30.649777, function: null, file: null}
00:09 +249 ~1: /Users/jose/src/work/hydracamv2/test/services/hydracam_api_service_test.dart: uploadMedia derives duration from recording timestamps when mismatched
Log registered: {message: Get token, timestamp: 2026-06-18 14:10:30.652150, function: null, file: null}
Log registered: {message: Media uploaded successfully, timestamp: 2026-06-18 14:10:30.653568, function: null, file: null}
00:09 +250 ~1: /Users/jose/src/work/hydracamv2/test/services/hydracam_api_service_test.dart: uploadMedia rejects inverted video recording timestamps
Log registered: {message: Upload video duration is invalid: recordingEndDate is before captureDate for /var/folders/6s/dp27g8gn26j9mp36sjfxb9tw0000gn/T/hydracam_api_testE7iOA8/video-inverted-duration.mp4, timestamp: 2026-06-18 14:10:30.655304, function: null, file: null}
00:09 +251 ~1: /Users/jose/src/work/hydracamv2/test/services/hydracam_api_service_test.dart: uploadMedia uses centralized upload-media contract fields
Log registered: {message: Get token, timestamp: 2026-06-18 14:10:30.657526, function: null, file: null}
Log registered: {message: Media uploaded successfully, timestamp: 2026-06-18 14:10:30.658699, function: null, file: null}
00:09 +252 ~1: /Users/jose/src/work/hydracamv2/test/services/hydracam_api_service_test.dart: uploadMedia omits video duration metadata for photo uploads
Log registered: {message: Get token, timestamp: 2026-06-18 14:10:30.660456, function: null, file: null}
Log registered: {message: Media uploaded successfully, timestamp: 2026-06-18 14:10:30.661513, function: null, file: null}
00:09 +253 ~1: /Users/jose/src/work/hydracamv2/test/services/hydracam_api_service_test.dart: createSession returns typed backend session from API response
Log registered: {message: Get token, timestamp: 2026-06-18 14:10:30.662910, function: null, file: null}
Log registered: {message: Session created successfully: HydraCamBackendSession(guid: backend-guid, sessionId: friendly-session, numericId: 42), timestamp: 2026-06-18 14:10:30.666434, function: null, file: null}
00:09 +254 ~1: /Users/jose/src/work/hydracamv2/test/services/hydracam_api_service_test.dart: warmUpBackend sends an authenticated lightweight startup request
Log registered: {message: Get token, timestamp: 2026-06-18 14:10:30.672849, function: null, file: null}
Log registered: {message: Backend warm-up completed., timestamp: 2026-06-18 14:10:30.674068, function: null, file: null}
00:09 +255 ~1: /Users/jose/src/work/hydracamv2/test/services/hydracam_api_service_test.dart: uploadMedia rejects missing files before HTTP send
Log registered: {message: Upload file does not exist: /var/folders/6s/dp27g8gn26j9mp36sjfxb9tw0000gn/T/hydracam_api_testEPsWnI/missing-video.mp4, timestamp: 2026-06-18 14:10:30.675527, function: null, file: null}
00:09 +256 ~1: /Users/jose/src/work/hydracamv2/test/services/hydracam_api_service_test.dart: uploadMedia rejects empty files before HTTP send
Log registered: {message: Upload file is empty: /var/folders/6s/dp27g8gn26j9mp36sjfxb9tw0000gn/T/hydracam_api_testMmBD6Y/empty-video.mp4, timestamp: 2026-06-18 14:10:30.676978, function: null, file: null}
00:09 +257 ~1: /Users/jose/src/work/hydracamv2/test/services/hydracam_api_service_test.dart: uploadMedia rejects corrupt local photo and video before HTTP send
Log registered: {message: Upload file is not valid photo media: /var/folders/6s/dp27g8gn26j9mp36sjfxb9tw0000gn/T/hydracam_api_testINk3qO/corrupt-photo.jpg, timestamp: 2026-06-18 14:10:30.679101, function: null, file: null}
Log registered: {message: Upload file is not valid video media: /var/folders/6s/dp27g8gn26j9mp36sjfxb9tw0000gn/T/hydracam_api_testINk3qO/corrupt-video.mp4, timestamp: 2026-06-18 14:10:30.679552, function: null, file: null}
00:09 +258 ~1: /Users/jose/src/work/hydracamv2/test/services/hydracam_api_service_test.dart: uploadMedia rejects backend failure bodies with HTTP 200
Log registered: {message: Get token, timestamp: 2026-06-18 14:10:30.681834, function: null, file: null}
Log registered: {message: Failed to upload media: HTTP 200 backend response reported failure - {"success":false,"message":"Rejected corrupt media"}, timestamp: 2026-06-18 14:10:30.683615, function: null, file: null}
00:09 +259 ~1: /Users/jose/src/work/hydracamv2/test/services/hydracam_api_service_test.dart: uploadMedia accepts deployed legacy plaintext success body
Log registered: {message: Get token, timestamp: 2026-06-18 14:10:30.686225, function: null, file: null}
Log registered: {message: Media uploaded successfully, timestamp: 2026-06-18 14:10:30.687529, function: null, file: null}
00:09 +260 ~1: /Users/jose/src/work/hydracamv2/test/services/hydracam_api_service_test.dart: uploadMedia accepts JSON success aliases
Log registered: {message: Get token, timestamp: 2026-06-18 14:10:30.690011, function: null, file: null}
Log registered: {message: Media uploaded successfully, timestamp: 2026-06-18 14:10:30.691357, function: null, file: null}
Log registered: {message: Get token, timestamp: 2026-06-18 14:10:30.691952, function: null, file: null}
Log registered: {message: Media uploaded successfully, timestamp: 2026-06-18 14:10:30.692990, function: null, file: null}
Log registered: {message: Get token, timestamp: 2026-06-18 14:10:30.693546, function: null, file: null}
Log registered: {message: Media uploaded successfully, timestamp: 2026-06-18 14:10:30.694608, function: null, file: null}
00:09 +261 ~1: /Users/jose/src/work/hydracamv2/test/services/hydracam_api_service_test.dart: uploadMedia rejects malformed backend success bodies
Log registered: {message: Get token, timestamp: 2026-06-18 14:10:30.696859, function: null, file: null}
Log registered: {message: Malformed upload response body: not-json (FormatException: Unexpected character (at character 1)
not-json
^
), timestamp: 2026-06-18 14:10:30.698618, function: null, file: null}
Log registered: {message: Failed to upload media: HTTP 200 backend response reported failure - not-json, timestamp: 2026-06-18 14:10:30.698815, function: null, file: null}
00:09 +262 ~1: /Users/jose/src/work/hydracamv2/test/services/hydracam_api_service_test.dart: uploadMedia bounds logged response bodies for failures
Log registered: {message: Get token, timestamp: 2026-06-18 14:10:30.701068, function: null, file: null}
Log registered: {message: Failed to upload media: HTTP 500 - backend failure xxxxxxxxxxxxxxxxxxxxxxxxxxxxxxxxxxxxxxxxxxxxxxxxxxxxxxxxxxxxxxxxxxxxxxxxxxxxxxxxxxxxxxxxxxxxxxxxxxxxxxxxxxxxxxxxxxxxxxxxxxxxxxxxxxxxxxxxxxxxxxxxxxxxxxxxxxxxxxxxxxxxxxxxxxxxxxxxxxxxxxxxxxxxxxxxxxxxxxxxxxxxxxxxxxxxxxxxxxxxxxxxxxxxxxxxxxxxxxxxxxxxxxxxxxxxxxxxxxxxxxxxxxxxxxxxxxxxxxxxxxxx..., timestamp: 2026-06-18 14:10:30.702352, function: null, file: null}
00:09 +263 ~1: /Users/jose/src/work/hydracamv2/test/services/hydracam_api_service_test.dart: uploadMedia rejects backend error objects with HTTP 200
Log registered: {message: Get token, timestamp: 2026-06-18 14:10:30.704568, function: null, file: null}
Log registered: {message: Failed to upload media: HTTP 200 backend response reported failure - {"error":"Unsupported media codec"}, timestamp: 2026-06-18 14:10:30.705866, function: null, file: null}
00:09 +264 ~1: /Users/jose/src/work/hydracamv2/test/services/hydracam_api_service_test.dart: fetchCourts preserves encoded sports center query values
Log registered: {message: Get token, timestamp: 2026-06-18 14:10:30.707416, function: null, file: null}
Log registered: {message: Parsed list (courts): [], timestamp: 2026-06-18 14:10:30.708440, function: null, file: null}
00:09 +265 ~1: /Users/jose/src/work/hydracamv2/test/services/hydracam_api_service_test.dart: endSession preserves encoded session guid query values
Log registered: {message: Get token, timestamp: 2026-06-18 14:10:30.709972, function: null, file: null}
Log registered: {message: Session ended successfully, timestamp: 2026-06-18 14:10:30.710581, function: null, file: null}
00:09 +266 ~1: /Users/jose/src/work/hydracamv2/test/services/hydracam_api_service_test.dart: deleteDebugSession sends service cleanup identifiers
Log registered: {message: Get token, timestamp: 2026-06-18 14:10:30.711865, function: null, file: null}
Log registered: {message: Debug session deleted from service: debug guid/one+two, timestamp: 2026-06-18 14:10:30.712358, function: null, file: null}
00:09 +267 ~1: /Users/jose/src/work/hydracamv2/test/services/hydracam_api_service_test.dart: user lookups use centralized user contract endpoints
Log registered: {message: Get token, timestamp: 2026-06-18 14:10:30.713654, function: null, file: null}
Log registered: {message: Get token, timestamp: 2026-06-18 14:10:30.714470, function: null, file: null}
00:09 +268 ~1: /Users/jose/src/work/hydracamv2/test/services/gallery_session_matcher_test.dart: matches gallery videos inside an explicit session margin
00:09 +269 ~1: /Users/jose/src/work/hydracamv2/test/services/gallery_session_matcher_test.dart: excludes videos outside the margin and ranks nearest candidates first
00:09 +270 ~1: /Users/jose/src/work/hydracamv2/test/services/gallery_session_matcher_test.dart: matches raw video time ranges without requiring a saved video file
00:09 +271 ~1: /Users/jose/src/work/hydracamv2/test/services/gallery_session_attachment_service_test.dart: copyImportedMedia writes gallery files inside the session directory
Log registered: {message: Copying gallery media into session: /var/folders/6s/dp27g8gn26j9mp36sjfxb9tw0000gn/T/gallery_session_attachment_service_test39IOOR/camera roll/photo one.jpg -> /var/folders/6s/dp27g8gn26j9mp36sjfxb9tw0000gn/T/gallery_session_attachment_service_test39IOOR/session_session-guid/gallery_asset_id_one_photo one.jpg, timestamp: 2026-06-18 14:10:30.965147, function: null, file: null}
Log registered: {message: Copied gallery media into session: /var/folders/6s/dp27g8gn26j9mp36sjfxb9tw0000gn/T/gallery_session_attachment_service_test39IOOR/session_session-guid/gallery_asset_id_one_photo one.jpg, timestamp: 2026-06-18 14:10:30.968890, function: null, file: null}
00:09 +272 ~1: /Users/jose/src/work/hydracamv2/test/services/device_level_service_test.dart: DeviceLevelReading reports green level when roll is within two degrees
00:09 +272 ~1: /Users/jose/src/work/hydracamv2/test/services/gallery_session_attachment_service_test.dart: copyImportedMedia does not overwrite an existing session copy
Log registered: {message: Copying gallery media into session: /var/folders/6s/dp27g8gn26j9mp36sjfxb9tw0000gn/T/gallery_session_attachment_service_testwAZcxI/camera roll/idempotent.jpg -> /var/folders/6s/dp27g8gn26j9mp36sjfxb9tw0000gn/T/gallery_session_attachment_service_testwAZcxI/session_copy-idempotent-guid/gallery_copy_idempotent_idempotent.jpg, timestamp: 2026-06-18 14:10:30.981629, function: null, file: null}
Log registered: {message: Copied gallery media into session: /var/folders/6s/dp27g8gn26j9mp36sjfxb9tw0000gn/T/gallery_session_attachment_service_testwAZcxI/session_copy-idempotent-guid/gallery_copy_idempotent_idempotent.jpg, timestamp: 2026-06-18 14:10:30.982417, function: null, file: null}
Log registered: {message: Reusing existing gallery media session copy: /var/folders/6s/dp27g8gn26j9mp36sjfxb9tw0000gn/T/gallery_session_attachment_service_testwAZcxI/session_copy-idempotent-guid/gallery_copy_idempotent_idempotent.jpg, timestamp: 2026-06-18 14:10:30.983139, function: null, file: null}
00:09 +273 ~1: /Users/jose/src/work/hydracamv2/test/services/device_level_service_test.dart: DeviceLevelReading reports green level when roll is within two degrees
00:09 +274 ~1: /Users/jose/src/work/hydracamv2/test/services/gallery_session_attachment_service_test.dart: attachImportedMedia copies and registers gallery photos
00:09 +275 ~1: /Users/jose/src/work/hydracamv2/test/services/gallery_session_attachment_service_test.dart: attachImportedMedia copies and registers gallery photos
Log registered: {message: UploaderService: Resetting upload queue and state., timestamp: 2026-06-18 14:10:30.987868, function: null, file: null}
Log registered: {message: UploaderService: Reset completed., timestamp: 2026-06-18 14:10:30.988245, function: null, file: null}
Log registered: {message: Session started with GUID: gallery-guid on device type: Master, timestamp: 2026-06-18 14:10:30.988469, function: null, file: null}
00:09 +276 ~1: /Users/jose/src/work/hydracamv2/test/services/gallery_session_attachment_service_test.dart: attachImportedMedia copies and registers gallery photos
Log registered: {message: Copying gallery media into session: /var/folders/6s/dp27g8gn26j9mp36sjfxb9tw0000gn/T/gallery_session_attachment_service_testb48Xpq/camera roll/photo two.jpg -> /var/folders/6s/dp27g8gn26j9mp36sjfxb9tw0000gn/T/gallery_session_attachment_service_testb48Xpq/session_gallery-guid/gallery_gallery_photo_two_photo two.jpg, timestamp: 2026-06-18 14:10:30.989680, function: null, file: null}
Log registered: {message: Copied gallery media into session: /var/folders/6s/dp27g8gn26j9mp36sjfxb9tw0000gn/T/gallery_session_attachment_service_testb48Xpq/session_gallery-guid/gallery_gallery_photo_two_photo two.jpg, timestamp: 2026-06-18 14:10:30.990208, function: null, file: null}
00:09 +277 ~1: /Users/jose/src/work/hydracamv2/test/services/gallery_session_attachment_service_test.dart: attachImportedMedia copies and registers gallery photos
Log registered: {message: Adding photo to upload queue: /var/folders/6s/dp27g8gn26j9mp36sjfxb9tw0000gn/T/gallery_session_attachment_service_testb48Xpq/session_gallery-guid/gallery_gallery_photo_two_photo two.jpg, timestamp: 2026-06-18 14:10:30.990838, function: null, file: null}
Log registered: {message: Session metadata saved to /var/folders/6s/dp27g8gn26j9mp36sjfxb9tw0000gn/T/gallery_session_attachment_service_testb48Xpq/session_gallery-guid/metadata.json, timestamp: 2026-06-18 14:10:30.992683, function: null, file: null}
Log registered: {message: [UploaderService] No uploaded media with valid durations. Returning zero duration., timestamp: 2026-06-18 14:10:30.993651, function: null, file: null}
Log registered: {message: Media added to upload queue: /var/folders/6s/dp27g8gn26j9mp36sjfxb9tw0000gn/T/gallery_session_attachment_service_testb48Xpq/session_gallery-guid/gallery_gallery_photo_two_photo two.jpg, timestamp: 2026-06-18 14:10:30.993891, function: null, file: null}
Log registered: {message: Auto-upload is disabled. Media added to queue but not uploaded., timestamp: 2026-06-18 14:10:30.994819, function: null, file: null}
Log registered: {message: Session metadata saved to /var/folders/6s/dp27g8gn26j9mp36sjfxb9tw0000gn/T/gallery_session_attachment_service_testb48Xpq/session_gallery-guid/metadata.json, timestamp: 2026-06-18 14:10:30.999730, function: null, file: null}
Log registered: {message: UploaderService: Resetting upload queue and state., timestamp: 2026-06-18 14:10:30.999932, function: null, file: null}
Log registered: {message: UploaderService: Reset completed., timestamp: 2026-06-18 14:10:31.000027, function: null, file: null}
Log registered: {message: Session ended and uploader reset., timestamp: 2026-06-18 14:10:31.000089, function: null, file: null}
00:09 +278 ~1: /Users/jose/src/work/hydracamv2/test/services/gallery_session_attachment_service_test.dart: attachImportedMedia does not duplicate the same gallery photo
Log registered: {message: UploaderService: Resetting upload queue and state., timestamp: 2026-06-18 14:10:31.005283, function: null, file: null}
Log registered: {message: UploaderService: Reset completed., timestamp: 2026-06-18 14:10:31.005423, function: null, file: null}
Log registered: {message: Session started with GUID: duplicate-gallery-guid on device type: Master, timestamp: 2026-06-18 14:10:31.005521, function: null, file: null}
Log registered: {message: Copying gallery media into session: /var/folders/6s/dp27g8gn26j9mp36sjfxb9tw0000gn/T/gallery_session_attachment_service_testQeEb9Z/camera roll/duplicate.jpg -> /var/folders/6s/dp27g8gn26j9mp36sjfxb9tw0000gn/T/gallery_session_attachment_service_testQeEb9Z/session_duplicate-gallery-guid/gallery_duplicate_photo_duplicate.jpg, timestamp: 2026-06-18 14:10:31.006441, function: null, file: null}
Log registered: {message: Copied gallery media into session: /var/folders/6s/dp27g8gn26j9mp36sjfxb9tw0000gn/T/gallery_session_attachment_service_testQeEb9Z/session_duplicate-gallery-guid/gallery_duplicate_photo_duplicate.jpg, timestamp: 2026-06-18 14:10:31.007103, function: null, file: null}
Log registered: {message: Adding photo to upload queue: /var/folders/6s/dp27g8gn26j9mp36sjfxb9tw0000gn/T/gallery_session_attachment_service_testQeEb9Z/session_duplicate-gallery-guid/gallery_duplicate_photo_duplicate.jpg, timestamp: 2026-06-18 14:10:31.007267, function: null, file: null}
Log registered: {message: Session metadata saved to /var/folders/6s/dp27g8gn26j9mp36sjfxb9tw0000gn/T/gallery_session_attachment_service_testQeEb9Z/session_duplicate-gallery-guid/metadata.json, timestamp: 2026-06-18 14:10:31.008062, function: null, file: null}
Log registered: {message: [UploaderService] No uploaded media with valid durations. Returning zero duration., timestamp: 2026-06-18 14:10:31.008250, function: null, file: null}
Log registered: {message: Media added to upload queue: /var/folders/6s/dp27g8gn26j9mp36sjfxb9tw0000gn/T/gallery_session_attachment_service_testQeEb9Z/session_duplicate-gallery-guid/gallery_duplicate_photo_duplicate.jpg, timestamp: 2026-06-18 14:10:31.008327, function: null, file: null}
Log registered: {message: Auto-upload is disabled. Media added to queue but not uploaded., timestamp: 2026-06-18 14:10:31.008473, function: null, file: null}
Log registered: {message: Skipping duplicate gallery photo attachment: /var/folders/6s/dp27g8gn26j9mp36sjfxb9tw0000gn/T/gallery_session_attachment_service_testQeEb9Z/session_duplicate-gallery-guid/gallery_duplicate_photo_duplicate.jpg, timestamp: 2026-06-18 14:10:31.008870, function: null, file: null}
Log registered: {message: Session metadata saved to /var/folders/6s/dp27g8gn26j9mp36sjfxb9tw0000gn/T/gallery_session_attachment_service_testQeEb9Z/session_duplicate-gallery-guid/metadata.json, timestamp: 2026-06-18 14:10:31.010856, function: null, file: null}
Log registered: {message: UploaderService: Resetting upload queue and state., timestamp: 2026-06-18 14:10:31.010993, function: null, file: null}
Log registered: {message: UploaderService: Reset completed., timestamp: 2026-06-18 14:10:31.011149, function: null, file: null}
Log registered: {message: Session ended and uploader reset., timestamp: 2026-06-18 14:10:31.011242, function: null, file: null}
00:09 +279 ~1: /Users/jose/src/work/hydracamv2/test/services/gallery_session_attachment_service_test.dart: duplicate gallery attachment does not overwrite the session copy
Log registered: {message: UploaderService: Resetting upload queue and state., timestamp: 2026-06-18 14:10:31.044164, function: null, file: null}
Log registered: {message: UploaderService: Reset completed., timestamp: 2026-06-18 14:10:31.044274, function: null, file: null}
Log registered: {message: Session started with GUID: duplicate-copy-guid on device type: Master, timestamp: 2026-06-18 14:10:31.044338, function: null, file: null}
Log registered: {message: Copying gallery media into session: /var/folders/6s/dp27g8gn26j9mp36sjfxb9tw0000gn/T/gallery_session_attachment_service_testXZ1cXg/camera roll/overwrite.jpg -> /var/folders/6s/dp27g8gn26j9mp36sjfxb9tw0000gn/T/gallery_session_attachment_service_testXZ1cXg/session_duplicate-copy-guid/gallery_duplicate_copy_overwrite.jpg, timestamp: 2026-06-18 14:10:31.045336, function: null, file: null}
Log registered: {message: Copied gallery media into session: /var/folders/6s/dp27g8gn26j9mp36sjfxb9tw0000gn/T/gallery_session_attachment_service_testXZ1cXg/session_duplicate-copy-guid/gallery_duplicate_copy_overwrite.jpg, timestamp: 2026-06-18 14:10:31.045902, function: null, file: null}
Log registered: {message: Adding photo to upload queue: /var/folders/6s/dp27g8gn26j9mp36sjfxb9tw0000gn/T/gallery_session_attachment_service_testXZ1cXg/session_duplicate-copy-guid/gallery_duplicate_copy_overwrite.jpg, timestamp: 2026-06-18 14:10:31.046031, function: null, file: null}
Log registered: {message: Session metadata saved to /var/folders/6s/dp27g8gn26j9mp36sjfxb9tw0000gn/T/gallery_session_attachment_service_testXZ1cXg/session_duplicate-copy-guid/metadata.json, timestamp: 2026-06-18 14:10:31.047206, function: null, file: null}
Log registered: {message: [UploaderService] No uploaded media with valid durations. Returning zero duration., timestamp: 2026-06-18 14:10:31.047329, function: null, file: null}
Log registered: {message: Media added to upload queue: /var/folders/6s/dp27g8gn26j9mp36sjfxb9tw0000gn/T/gallery_session_attachment_service_testXZ1cXg/session_duplicate-copy-guid/gallery_duplicate_copy_overwrite.jpg, timestamp: 2026-06-18 14:10:31.047395, function: null, file: null}
Log registered: {message: Auto-upload is disabled. Media added to queue but not uploaded., timestamp: 2026-06-18 14:10:31.047616, function: null, file: null}
Log registered: {message: Skipping duplicate gallery photo attachment: /var/folders/6s/dp27g8gn26j9mp36sjfxb9tw0000gn/T/gallery_session_attachment_service_testXZ1cXg/session_duplicate-copy-guid/gallery_duplicate_copy_overwrite.jpg, timestamp: 2026-06-18 14:10:31.048168, function: null, file: null}
Log registered: {message: Session metadata saved to /var/folders/6s/dp27g8gn26j9mp36sjfxb9tw0000gn/T/gallery_session_attachment_service_testXZ1cXg/session_duplicate-copy-guid/metadata.json, timestamp: 2026-06-18 14:10:31.049369, function: null, file: null}
Log registered: {message: UploaderService: Resetting upload queue and state., timestamp: 2026-06-18 14:10:31.049483, function: null, file: null}
Log registered: {message: UploaderService: Reset completed., timestamp: 2026-06-18 14:10:31.049549, function: null, file: null}
Log registered: {message: Session ended and uploader reset., timestamp: 2026-06-18 14:10:31.049614, function: null, file: null}
00:09 +280 ~1: /Users/jose/src/work/hydracamv2/test/services/log_service_test.dart: (setUpAll)
00:09 +280 ~1: /Users/jose/src/work/hydracamv2/test/services/log_service_test.dart: registerLog stores message, timestamp, function, and file
Log registered: {message: Profile startup marker, timestamp: 2026-06-07 13:30:00.000, function: main, file: main.dart}
00:09 +281 ~1: /Users/jose/src/work/hydracamv2/test/services/log_service_test.dart: clearLogs removes stored entries
Log registered: {message: temporary entry, timestamp: 2026-06-18 14:10:31.256173, function: null, file: null}
00:09 +282 ~1: /Users/jose/src/work/hydracamv2/test/services/log_service_test.dart: trace persistence retries after a transient path failure
Log registered: {message: before path is ready, timestamp: 2026-06-18 14:10:31.260071, function: null, file: null}
Trace file unavailable: FileSystemException: documents path unavailable, path = ''
Log registered: {message: after path is ready, timestamp: 2026-06-18 14:10:31.262842, function: null, file: null}
00:09 +283 ~1: /Users/jose/src/work/hydracamv2/test/services/log_service_test.dart: trace persistence reports repeated path failures once
00:09 +284 ~1: /Users/jose/src/work/hydracamv2/test/services/log_service_test.dart: (tearDownAll)
00:09 +284 ~1: /Users/jose/src/work/hydracamv2/test/services/camera_service_test.dart: CameraService Recording state isRecording starts as false
00:09 +285 ~1: /Users/jose/src/work/hydracamv2/test/services/camera_service_test.dart: CameraService Recording state recordingInterrupted starts as false
00:09 +286 ~1: /Users/jose/src/work/hydracamv2/test/services/camera_service_test.dart: CameraService Storage constraints storage service is correctly wired
00:09 +287 ~1: /Users/jose/src/work/hydracamv2/test/services/camera_service_test.dart: CameraService Force stop recording forceStopRecordingDueToStorage API exists
00:09 +288 ~1: /Users/jose/src/work/hydracamv2/test/services/scheduled_task_service_test.dart: computes delay from corrected local time
00:09 +289 ~1: /Users/jose/src/work/hydracamv2/test/services/scheduled_task_service_test.dart: runs scheduled tasks immediately when corrected time has passed
00:09 +290 ~1: /Users/jose/src/work/hydracamv2/test/services/scheduled_task_service_test.dart: past-due async scheduled tasks can be awaited
00:09 +291 ~1: /Users/jose/src/work/hydracamv2/test/services/scheduled_task_service_test.dart: keeps future corrected-time tasks cancellable
00:09 +292 ~1: /Users/jose/src/work/hydracamv2/test/services/scheduled_task_service_test.dart: cancelled scheduled tasks settle the returned future
00:09 +293 ~1: /Users/jose/src/work/hydracamv2/test/services/scheduled_task_service_test.dart: past-due replacement cancels same-id pending task
00:10 +294 ~1: /Users/jose/src/work/hydracamv2/test/services/battery_service_test.dart: skips linux battery plugin when DBus system bus is missing
00:10 +295 ~1: /Users/jose/src/work/hydracamv2/test/services/battery_service_test.dart: BatteryService shows warning when battery level is low
00:10 +296 ~1: /Users/jose/src/work/hydracamv2/test/services/battery_service_test.dart: BatteryService shows warning when battery level is low
00:10 +297 ~1: /Users/jose/src/work/hydracamv2/test/services/battery_service_test.dart: BatteryService shows warning when battery level is low
00:10 +298 ~1: /Users/jose/src/work/hydracamv2/test/services/battery_service_test.dart: BatteryService shows warning when battery level is low
00:10 +298 ~1: /Users/jose/src/work/hydracamv2/test/services/settings_service_test.dart: legacy camera quality migrates to video capture profiles
Log registered: {message: Migrated legacy camera quality to dataSaver480p30, timestamp: 2026-06-18 14:10:31.986256, function: null, file: null}
Trace file unavailable: Binding has not yet been initialized.
The "instance" getter on the ServicesBinding binding mixin is only available once that binding has been initialized.
Typically, this is done by calling "WidgetsFlutterBinding.ensureInitialized()" or "runApp()" (the latter calls the former). Typically this call is done in the "void main()" method. The "ensureInitialized" method is idempotent; calling it multiple times is not harmful. After calling that method, the "instance" getter will return the binding.
In a test, one can call "TestWidgetsFlutterBinding.ensureInitialized()" as the first line in the test's "main()" method to initialize the binding.
If ServicesBinding is a custom binding mixin, there must also be a custom binding class, like WidgetsFlutterBinding, but that mixes in the selected binding, and that is the class that must be constructed before using the "instance" getter.
Log registered: {message: Migrated legacy camera quality to compat720p30, timestamp: 2026-06-18 14:10:31.999777, function: null, file: null}
Log registered: {message: Migrated legacy camera quality to standard1080p30, timestamp: 2026-06-18 14:10:32.000187, function: null, file: null}
00:10 +299 ~1: /Users/jose/src/work/hydracamv2/test/services/battery_service_test.dart: BatteryService shows warning when battery level is low
00:10 +299 ~1: /Users/jose/src/work/hydracamv2/test/services/settings_service_test.dart: legacy camera quality API writes canonical video profile only
Log registered: {message: Updated video capture profile to compat720p30, timestamp: 2026-06-18 14:10:32.002298, function: null, file: null}
Log registered: {message: Updated legacy camera quality value to medium, timestamp: 2026-06-18 14:10:32.002413, function: null, file: null}
00:10 +300 ~1: /Users/jose/src/work/hydracamv2/test/services/battery_service_test.dart: BatteryService shows warning when battery level is low
00:10 +300 ~1: /Users/jose/src/work/hydracamv2/test/services/settings_service_test.dart: canonical video profile setter clears stale legacy camera quality
Log registered: {message: Updated video capture profile to sport1080p60, timestamp: 2026-06-18 14:10:32.004093, function: null, file: null}
00:10 +301 ~1: /Users/jose/src/work/hydracamv2/test/services/battery_service_test.dart: BatteryService shows warning when battery level is low
00:10 +301 ~1: /Users/jose/src/work/hydracamv2/test/services/settings_service_test.dart: stores selected camera name independently from lens preference
Log registered: {message: Updated camera lens preference to ultraWide, timestamp: 2026-06-18 14:10:32.005542, function: null, file: null}
Log registered: {message: Updated selected camera name to iphone-ultra-wide, timestamp: 2026-06-18 14:10:32.005936, function: null, file: null}
00:10 +302 ~1: /Users/jose/src/work/hydracamv2/test/services/battery_service_test.dart: BatteryService shows warning when battery level is low
00:10 +302 ~1: /Users/jose/src/work/hydracamv2/test/services/settings_service_test.dart: stores selected camera perspective by canonical id
Log registered: {message: Updated camera perspective to right_backglass_diagonal, timestamp: 2026-06-18 14:10:32.007753, function: null, file: null}
00:10 +303 ~1: /Users/jose/src/work/hydracamv2/test/services/battery_service_test.dart: BatteryService shows warning when battery level is low
00:10 +303 ~1: /Users/jose/src/work/hydracamv2/test/services/settings_service_test.dart: auto-record defaults disabled and can be stored
Log registered: {message: Updated autoRecordMode value to true, timestamp: 2026-06-18 14:10:32.009455, function: null, file: null}
00:10 +304 ~1: /Users/jose/src/work/hydracamv2/test/services/battery_service_test.dart: BatteryService shows warning when battery level is low
00:10 +304 ~1: /Users/jose/src/work/hydracamv2/test/services/settings_service_test.dart: locale override can be stored and cleared
Log registered: {message: Updated locale override to pl, timestamp: 2026-06-18 14:10:32.010981, function: null, file: null}
Log registered: {message: Cleared locale override, timestamp: 2026-06-18 14:10:32.011363, function: null, file: null}
00:10 +305 ~1: /Users/jose/src/work/hydracamv2/test/services/battery_service_test.dart: BatteryService shows warning when battery level is low
00:10 +305 ~1: /Users/jose/src/work/hydracamv2/test/services/gallery_session_candidate_source_test.dart: loads active and historical gallery candidate sessions once
Log registered: {message: UploaderService: Resetting upload queue and state., timestamp: 2026-06-18 14:10:32.041452, function: null, file: null}
Log registered: {message: UploaderService: Reset completed., timestamp: 2026-06-18 14:10:32.043796, function: null, file: null}
Log registered: {message: Session started with GUID: active-guid on device type: Master, timestamp: 2026-06-18 14:10:32.045236, function: null, file: null}
Log registered: {message: Generated new Device ID: 2e2f296f-cc24-4703-a36a-89768bb8a0a1, timestamp: 2026-06-18 14:10:32.059320, function: null, file: null}
Log registered: {message: Session metadata snapshot loaded for old-guid, timestamp: 2026-06-18 14:10:32.060199, function: null, file: null}
Log registered: {message: Retrieved existing Device ID: 2e2f296f-cc24-4703-a36a-89768bb8a0a1, timestamp: 2026-06-18 14:10:32.061111, function: null, file: null}
Log registered: {message: Session metadata snapshot loaded for active-guid, timestamp: 2026-06-18 14:10:32.061247, function: null, file: null}
Log registered: {message: Session metadata saved to /var/folders/6s/dp27g8gn26j9mp36sjfxb9tw0000gn/T/gallery_session_candidate_source_docsqJ96Eb/session_active-guid/metadata.json, timestamp: 2026-06-18 14:10:32.065795, function: null, file: null}
Log registered: {message: UploaderService: Resetting upload queue and state., timestamp: 2026-06-18 14:10:32.065987, function: null, file: null}
Log registered: {message: UploaderService: Reset completed., timestamp: 2026-06-18 14:10:32.066070, function: null, file: null}
Log registered: {message: Session ended and uploader reset., timestamp: 2026-06-18 14:10:32.066131, function: null, file: null}
00:10 +306 ~1: /Users/jose/src/work/hydracamv2/test/services/battery_service_test.dart: BatteryService shows warning when battery level is low
Log registered: {message: BatteryService monitoring disabled - timer not started., timestamp: 2026-06-18 14:10:32.079295, function: null, file: null}
00:10 +306 ~1: /Users/jose/src/work/hydracamv2/test/services/uploader_service_test.dart: reset clears stale queue, current upload state, and progress
Log registered: {message: UploaderService: Resetting upload queue and state., timestamp: 2026-06-18 14:10:32.104012, function: null, file: null}
Log registered: {message: UploaderService: Reset completed., timestamp: 2026-06-18 14:10:32.106153, function: null, file: null}
Log registered: {message: UploaderService: Resetting upload queue and state., timestamp: 2026-06-18 14:10:32.107749, function: null, file: null}
Log registered: {message: UploaderService: Reset completed., timestamp: 2026-06-18 14:10:32.107918, function: null, file: null}
Log registered: {message: Session started with GUID: uploader-test-guid on device type: Master, timestamp: 2026-06-18 14:10:32.108213, function: null, file: null}
Log registered: {message: [UploaderService] No uploaded media with valid durations. Returning zero duration., timestamp: 2026-06-18 14:10:32.115150, function: null, file: null}
Log registered: {message: Media added to upload queue: /var/folders/6s/dp27g8gn26j9mp36sjfxb9tw0000gn/T/hydracam_uploader_testgrZwru/photo.jpg, timestamp: 2026-06-18 14:10:32.115392, function: null, file: null}
Log registered: {message: Auto-upload is disabled. Media added to queue but not uploaded., timestamp: 2026-06-18 14:10:32.116953, function: null, file: null}
Log registered: {message: UploaderService: Resetting upload queue and state., timestamp: 2026-06-18 14:10:32.119249, function: null, file: null}
Log registered: {message: Cancelled in-flight API requests., timestamp: 2026-06-18 14:10:32.119609, function: null, file: null}
Log registered: {message: UploaderService: Reset completed., timestamp: 2026-06-18 14:10:32.119764, function: null, file: null}
Log registered: {message: Session metadata saved to /var/folders/6s/dp27g8gn26j9mp36sjfxb9tw0000gn/T/uploader_service_docsjl7I4G/session_uploader-test-guid/metadata.json, timestamp: 2026-06-18 14:10:32.125030, function: null, file: null}
Log registered: {message: UploaderService: Resetting upload queue and state., timestamp: 2026-06-18 14:10:32.125194, function: null, file: null}
Log registered: {message: UploaderService: Reset completed., timestamp: 2026-06-18 14:10:32.125266, function: null, file: null}
Log registered: {message: Session ended and uploader reset., timestamp: 2026-06-18 14:10:32.125449, function: null, file: null}
Log registered: {message: UploaderService: Resetting upload queue and state., timestamp: 2026-06-18 14:10:32.125585, function: null, file: null}
Log registered: {message: UploaderService: Reset completed., timestamp: 2026-06-18 14:10:32.125651, function: null, file: null}
00:10 +307 ~1: /Users/jose/src/work/hydracamv2/test/services/battery_service_test.dart: BatteryService shows warning when battery level is low
00:10 +307 ~1: /Users/jose/src/work/hydracamv2/test/services/uploader_service_test.dart: addMediaToQueue can be awaited through settings evaluation
Log registered: {message: UploaderService: Resetting upload queue and state., timestamp: 2026-06-18 14:10:32.127562, function: null, file: null}
Log registered: {message: UploaderService: Reset completed., timestamp: 2026-06-18 14:10:32.127640, function: null, file: null}
Log registered: {message: UploaderService: Resetting upload queue and state., timestamp: 2026-06-18 14:10:32.127835, function: null, file: null}
Log registered: {message: UploaderService: Reset completed., timestamp: 2026-06-18 14:10:32.127890, function: null, file: null}
Log registered: {message: Session started with GUID: uploader-test-guid on device type: Master, timestamp: 2026-06-18 14:10:32.127949, function: null, file: null}
Log registered: {message: [UploaderService] No uploaded media with valid durations. Returning zero duration., timestamp: 2026-06-18 14:10:32.128881, function: null, file: null}
Log registered: {message: Media added to upload queue: /var/folders/6s/dp27g8gn26j9mp36sjfxb9tw0000gn/T/hydracam_uploader_testVP0ERB/awaitable-enqueue.jpg, timestamp: 2026-06-18 14:10:32.128970, function: null, file: null}
Log registered: {message: Auto-upload is disabled. Media added to queue but not uploaded., timestamp: 2026-06-18 14:10:32.129164, function: null, file: null}
Log registered: {message: Session metadata saved to /var/folders/6s/dp27g8gn26j9mp36sjfxb9tw0000gn/T/uploader_service_docsjl7I4G/session_uploader-test-guid/metadata.json, timestamp: 2026-06-18 14:10:32.131394, function: null, file: null}
Log registered: {message: UploaderService: Resetting upload queue and state., timestamp: 2026-06-18 14:10:32.131525, function: null, file: null}
Log registered: {message: UploaderService: Reset completed., timestamp: 2026-06-18 14:10:32.131590, function: null, file: null}
Log registered: {message: Session ended and uploader reset., timestamp: 2026-06-18 14:10:32.131646, function: null, file: null}
Log registered: {message: UploaderService: Resetting upload queue and state., timestamp: 2026-06-18 14:10:32.131703, function: null, file: null}
Log registered: {message: UploaderService: Reset completed., timestamp: 2026-06-18 14:10:32.131754, function: null, file: null}
00:10 +308 ~1: /Users/jose/src/work/hydracamv2/test/services/battery_service_test.dart: BatteryService shows warning when battery level is low
00:10 +308 ~1: /Users/jose/src/work/hydracamv2/test/services/uploader_service_test.dart: startUploadingManually can be awaited until the queue drains
Log registered: {message: UploaderService: Resetting upload queue and state., timestamp: 2026-06-18 14:10:32.132698, function: null, file: null}
Log registered: {message: UploaderService: Reset completed., timestamp: 2026-06-18 14:10:32.132776, function: null, file: null}
Log registered: {message: UploaderService: Resetting upload queue and state., timestamp: 2026-06-18 14:10:32.132948, function: null, file: null}
Log registered: {message: UploaderService: Reset completed., timestamp: 2026-06-18 14:10:32.133005, function: null, file: null}
Log registered: {message: Session started with GUID: uploader-test-guid on device type: Master, timestamp: 2026-06-18 14:10:32.133056, function: null, file: null}
Log registered: {message: [UploaderService] No uploaded media with valid durations. Returning zero duration., timestamp: 2026-06-18 14:10:32.133851, function: null, file: null}
Log registered: {message: Media added to upload queue: /var/folders/6s/dp27g8gn26j9mp36sjfxb9tw0000gn/T/hydracam_uploader_testbcmwXS/await-manual-first.jpg, timestamp: 2026-06-18 14:10:32.133934, function: null, file: null}
Log registered: {message: Auto-upload is disabled. Media added to queue but not uploaded., timestamp: 2026-06-18 14:10:32.134208, function: null, file: null}
Log registered: {message: [UploaderService] No uploaded media with valid durations. Returning zero duration., timestamp: 2026-06-18 14:10:32.134452, function: null, file: null}
Log registered: {message: Media added to upload queue: /var/folders/6s/dp27g8gn26j9mp36sjfxb9tw0000gn/T/hydracam_uploader_testbcmwXS/await-manual-second.jpg, timestamp: 2026-06-18 14:10:32.134543, function: null, file: null}
Log registered: {message: Auto-upload is disabled. Media added to queue but not uploaded., timestamp: 2026-06-18 14:10:32.134643, function: null, file: null}
Log registered: {message: Manual upload initiated., timestamp: 2026-06-18 14:10:32.134761, function: null, file: null}
Log registered: {message: UploaderService: _startUploading called. _isUploading=false, queue length=2, timestamp: 2026-06-18 14:10:32.134945, function: null, file: null}
Log registered: {message: UploaderService: _processNextItem called. Queue length=2, timestamp: 2026-06-18 14:10:32.135410, function: null, file: null}
Log registered: {message: UploaderService: sessionGuid=uploader-test-guid, timestamp: 2026-06-18 14:10:32.135606, function: null, file: null}
Log registered: {message: Get token, timestamp: 2026-06-18 14:10:32.137474, function: null, file: null}
00:10 +309 ~1: /Users/jose/src/work/hydracamv2/test/services/battery_service_test.dart: BatteryService shows warning when battery level is low
00:10 +310 ~1: /Users/jose/src/work/hydracamv2/test/services/uploader_service_test.dart: startUploadingManually can be awaited until the queue drains
Log registered: {message: Media uploaded successfully, timestamp: 2026-06-18 14:10:32.149060, function: null, file: null}
Log registered: {message: Media uploaded: /var/folders/6s/dp27g8gn26j9mp36sjfxb9tw0000gn/T/hydracam_uploader_testbcmwXS/await-manual-first.jpg, timestamp: 2026-06-18 14:10:32.149346, function: null, file: null}
00:10 +311 ~1: /Users/jose/src/work/hydracamv2/test/services/uploader_service_test.dart: startUploadingManually can be awaited until the queue drains
Log registered: {message: Session metadata saved to /var/folders/6s/dp27g8gn26j9mp36sjfxb9tw0000gn/T/uploader_service_docsjl7I4G/session_uploader-test-guid/metadata.json, timestamp: 2026-06-18 14:10:32.150169, function: null, file: null}
Log registered: {message: [UploaderService] Total bytes uploaded: 6, timestamp: 2026-06-18 14:10:32.150818, function: null, file: null}
Log registered: {message: [UploaderService] Total upload duration: 0 seconds, timestamp: 2026-06-18 14:10:32.150989, function: null, file: null}
00:10 +312 ~1: /Users/jose/src/work/hydracamv2/test/services/uploader_service_test.dart: startUploadingManually can be awaited until the queue drains
Log registered: {message: [UploaderService] Average speed: 438.0521282032562 bytes/second, timestamp: 2026-06-18 14:10:32.151440, function: null, file: null}
Log registered: {message: [UploaderService] Remaining bytes to upload: 6, timestamp: 2026-06-18 14:10:32.151603, function: null, file: null}
Log registered: {message: [UploaderService] Estimated time: 0.013696999999999999 seconds, timestamp: 2026-06-18 14:10:32.151669, function: null, file: null}
Log registered: {message: UploaderService: _processNextItem called. Queue length=1, timestamp: 2026-06-18 14:10:32.151820, function: null, file: null}
Log registered: {message: UploaderService: sessionGuid=uploader-test-guid, timestamp: 2026-06-18 14:10:32.151919, function: null, file: null}
Log registered: {message: Get token, timestamp: 2026-06-18 14:10:32.152532, function: null, file: null}
Log registered: {message: Media uploaded successfully, timestamp: 2026-06-18 14:10:32.154096, function: null, file: null}
Log registered: {message: Media uploaded: /var/folders/6s/dp27g8gn26j9mp36sjfxb9tw0000gn/T/hydracam_uploader_testbcmwXS/await-manual-second.jpg, timestamp: 2026-06-18 14:10:32.154209, function: null, file: null}
Log registered: {message: Session metadata saved to /var/folders/6s/dp27g8gn26j9mp36sjfxb9tw0000gn/T/uploader_service_docsjl7I4G/session_uploader-test-guid/metadata.json, timestamp: 2026-06-18 14:10:32.154890, function: null, file: null}
Log registered: {message: [UploaderService] Queue is empty. Returning zero duration., timestamp: 2026-06-18 14:10:32.155087, function: null, file: null}
Log registered: {message: UploaderService: _processNextItem called. Queue length=0, timestamp: 2026-06-18 14:10:32.155171, function: null, file: null}
Log registered: {message: UploaderService: Queue is empty. Uploading stopped., timestamp: 2026-06-18 14:10:32.155232, function: null, file: null}
Log registered: {message: Session metadata saved to /var/folders/6s/dp27g8gn26j9mp36sjfxb9tw0000gn/T/uploader_service_docsjl7I4G/session_uploader-test-guid/metadata.json, timestamp: 2026-06-18 14:10:32.156317, function: null, file: null}
Log registered: {message: UploaderService: Resetting upload queue and state., timestamp: 2026-06-18 14:10:32.156464, function: null, file: null}
Log registered: {message: UploaderService: Reset completed., timestamp: 2026-06-18 14:10:32.156547, function: null, file: null}
Log registered: {message: Session ended and uploader reset., timestamp: 2026-06-18 14:10:32.156606, function: null, file: null}
Log registered: {message: UploaderService: Resetting upload queue and state., timestamp: 2026-06-18 14:10:32.156665, function: null, file: null}
Log registered: {message: UploaderService: Reset completed., timestamp: 2026-06-18 14:10:32.156715, function: null, file: null}
00:10 +313 ~1: /Users/jose/src/work/hydracamv2/test/services/battery_service_test.dart: BatteryService triggers one autostop when battery becomes critical
00:10 +313 ~1: /Users/jose/src/work/hydracamv2/test/services/battery_service_test.dart: BatteryService shows warning when battery level is low
Log registered: {message: BatteryService: Error reading battery level: MissingPluginException(No implementation found for method getBatteryLevel on channel dev.fluttercommunity.plus/battery), timestamp: 2026-06-18 14:10:32.160105, function: null, file: null}
00:10 +313 ~1: /Users/jose/src/work/hydracamv2/test/services/uploader_service_test.dart: addMediaToQueue refuses media when no service session is active
Log registered: {message: UploaderService: Resetting upload queue and state., timestamp: 2026-06-18 14:10:32.162457, function: null, file: null}
Log registered: {message: UploaderService: Reset completed., timestamp: 2026-06-18 14:10:32.162544, function: null, file: null}
Log registered: {message: UploaderService: Resetting upload queue and state., timestamp: 2026-06-18 14:10:32.163588, function: null, file: null}
Log registered: {message: UploaderService: Reset completed., timestamp: 2026-06-18 14:10:32.163674, function: null, file: null}
Log registered: {message: Session started with GUID: uploader-test-guid on device type: Master, timestamp: 2026-06-18 14:10:32.163727, function: null, file: null}
Log registered: {message: Session metadata saved to /var/folders/6s/dp27g8gn26j9mp36sjfxb9tw0000gn/T/uploader_service_docsjl7I4G/session_uploader-test-guid/metadata.json, timestamp: 2026-06-18 14:10:32.164739, function: null, file: null}
Log registered: {message: UploaderService: Resetting upload queue and state., timestamp: 2026-06-18 14:10:32.164894, function: null, file: null}
Log registered: {message: UploaderService: Reset completed., timestamp: 2026-06-18 14:10:32.164990, function: null, file: null}
Log registered: {message: Session ended and uploader reset., timestamp: 2026-06-18 14:10:32.165113, function: null, file: null}
Log registered: {message: Upload blocked: no active service session is available for this media., timestamp: 2026-06-18 14:10:32.165433, function: null, file: null}
Log registered: {message: UploaderService: Resetting upload queue and state., timestamp: 2026-06-18 14:10:32.165806, function: null, file: null}
Log registered: {message: UploaderService: Reset completed., timestamp: 2026-06-18 14:10:32.165870, function: null, file: null}
00:10 +314 ~1: /Users/jose/src/work/hydracamv2/test/services/battery_service_test.dart: BatteryService triggers one autostop when battery becomes critical
00:10 +314 ~1: /Users/jose/src/work/hydracamv2/test/services/uploader_service_test.dart: startUploadingManually marks missing queued file as failed
Log registered: {message: UploaderService: Resetting upload queue and state., timestamp: 2026-06-18 14:10:32.167043, function: null, file: null}
Log registered: {message: UploaderService: Reset completed., timestamp: 2026-06-18 14:10:32.167130, function: null, file: null}
Log registered: {message: UploaderService: Resetting upload queue and state., timestamp: 2026-06-18 14:10:32.167294, function: null, file: null}
Log registered: {message: UploaderService: Reset completed., timestamp: 2026-06-18 14:10:32.167346, function: null, file: null}
Log registered: {message: Session started with GUID: uploader-test-guid on device type: Master, timestamp: 2026-06-18 14:10:32.167398, function: null, file: null}
Log registered: {message: UploaderService: Resetting upload queue and state., timestamp: 2026-06-18 14:10:32.167903, function: null, file: null}
Log registered: {message: UploaderService: Reset completed., timestamp: 2026-06-18 14:10:32.168007, function: null, file: null}
Log registered: {message: Session started with GUID: missing-file-session-guid on device type: Master, timestamp: 2026-06-18 14:10:32.168060, function: null, file: null}
Log registered: {message: Adding photo to upload queue: /var/folders/6s/dp27g8gn26j9mp36sjfxb9tw0000gn/T/hydracam_uploader_test5ewwUR/deleted-before-upload.jpg, timestamp: 2026-06-18 14:10:32.168483, function: null, file: null}
Log registered: {message: Session metadata saved to /var/folders/6s/dp27g8gn26j9mp36sjfxb9tw0000gn/T/uploader_service_docsjl7I4G/session_missing-file-session-guid/metadata.json, timestamp: 2026-06-18 14:10:32.169664, function: null, file: null}
Log registered: {message: [UploaderService] No uploaded media with valid durations. Returning zero duration., timestamp: 2026-06-18 14:10:32.169775, function: null, file: null}
Log registered: {message: Media added to upload queue: /var/folders/6s/dp27g8gn26j9mp36sjfxb9tw0000gn/T/hydracam_uploader_test5ewwUR/deleted-before-upload.jpg, timestamp: 2026-06-18 14:10:32.169834, function: null, file: null}
Log registered: {message: Auto-upload is disabled. Media added to queue but not uploaded., timestamp: 2026-06-18 14:10:32.169969, function: null, file: null}
Log registered: {message: Manual upload initiated., timestamp: 2026-06-18 14:10:32.170383, function: null, file: null}
Log registered: {message: UploaderService: _startUploading called. _isUploading=false, queue length=1, timestamp: 2026-06-18 14:10:32.170517, function: null, file: null}
Log registered: {message: UploaderService: _processNextItem called. Queue length=1, timestamp: 2026-06-18 14:10:32.170583, function: null, file: null}
Log registered: {message: UploaderService: sessionGuid=missing-file-session-guid, timestamp: 2026-06-18 14:10:32.170642, function: null, file: null}
Log registered: {message: UploaderService: File does not exist: /var/folders/6s/dp27g8gn26j9mp36sjfxb9tw0000gn/T/hydracam_uploader_test5ewwUR/deleted-before-upload.jpg, timestamp: 2026-06-18 14:10:32.170787, function: null, file: null}
Log registered: {message: Session metadata saved to /var/folders/6s/dp27g8gn26j9mp36sjfxb9tw0000gn/T/uploader_service_docsjl7I4G/session_missing-file-session-guid/metadata.json, timestamp: 2026-06-18 14:10:32.171611, function: null, file: null}
Log registered: {message: [UploaderService] Queue is empty. Returning zero duration., timestamp: 2026-06-18 14:10:32.171712, function: null, file: null}
Log registered: {message: UploaderService: _processNextItem called. Queue length=0, timestamp: 2026-06-18 14:10:32.171776, function: null, file: null}
Log registered: {message: UploaderService: Queue is empty. Uploading stopped., timestamp: 2026-06-18 14:10:32.171864, function: null, file: null}
00:10 +314 ~1: /Users/jose/src/work/hydracamv2/test/services/battery_service_test.dart: BatteryService triggers one autostop when battery becomes critical
Log registered: {message: BatteryService monitoring disabled - timer not started., timestamp: 2026-06-18 14:10:32.173073, function: null, file: null}
Log registered: {message: Critical battery: triggering recording stop at 8%., timestamp: 2026-06-18 14:10:32.173377, function: null, file: null}
00:10 +314 ~1: /Users/jose/src/work/hydracamv2/test/services/uploader_service_test.dart: startUploadingManually marks missing queued file as failed
Log registered: {message: Session metadata saved to /var/folders/6s/dp27g8gn26j9mp36sjfxb9tw0000gn/T/uploader_service_docsjl7I4G/session_missing-file-session-guid/metadata.json, timestamp: 2026-06-18 14:10:32.174564, function: null, file: null}
Log registered: {message: UploaderService: Resetting upload queue and state., timestamp: 2026-06-18 14:10:32.174693, function: null, file: null}
Log registered: {message: UploaderService: Reset completed., timestamp: 2026-06-18 14:10:32.174752, function: null, file: null}
Log registered: {message: Session ended and uploader reset., timestamp: 2026-06-18 14:10:32.174799, function: null, file: null}
Log registered: {message: UploaderService: Resetting upload queue and state., timestamp: 2026-06-18 14:10:32.174848, function: null, file: null}
Log registered: {message: UploaderService: Reset completed., timestamp: 2026-06-18 14:10:32.174894, function: null, file: null}
00:10 +315 ~1: /Users/jose/src/work/hydracamv2/test/services/battery_service_test.dart: BatteryService triggers one autostop when battery becomes critical
00:10 +315 ~1: /Users/jose/src/work/hydracamv2/test/services/uploader_service_test.dart: debug session upload deletes local media even when user setting is false
Log registered: {message: UploaderService: Resetting upload queue and state., timestamp: 2026-06-18 14:10:32.176023, function: null, file: null}
Log registered: {message: UploaderService: Reset completed., timestamp: 2026-06-18 14:10:32.176122, function: null, file: null}
Log registered: {message: UploaderService: Resetting upload queue and state., timestamp: 2026-06-18 14:10:32.176308, function: null, file: null}
Log registered: {message: UploaderService: Reset completed., timestamp: 2026-06-18 14:10:32.176364, function: null, file: null}
Log registered: {message: Session started with GUID: uploader-test-guid on device type: Master, timestamp: 2026-06-18 14:10:32.176412, function: null, file: null}
Log registered: {message: Update delete local file after upload value to false, timestamp: 2026-06-18 14:10:32.177038, function: null, file: null}
Log registered: {message: UploaderService: Resetting upload queue and state., timestamp: 2026-06-18 14:10:32.177141, function: null, file: null}
Log registered: {message: UploaderService: Reset completed., timestamp: 2026-06-18 14:10:32.177192, function: null, file: null}
Log registered: {message: Session started with GUID: debug-service-session-guid on device type: Master, timestamp: 2026-06-18 14:10:32.177238, function: null, file: null}
Log registered: {message: Adding photo to upload queue: /var/folders/6s/dp27g8gn26j9mp36sjfxb9tw0000gn/T/hydracam_uploader_testoThQqq/debug-photo.jpg, timestamp: 2026-06-18 14:10:32.177749, function: null, file: null}
Log registered: {message: Session metadata saved to /var/folders/6s/dp27g8gn26j9mp36sjfxb9tw0000gn/T/uploader_service_docsjl7I4G/session_debug-service-session-guid/metadata.json, timestamp: 2026-06-18 14:10:32.178782, function: null, file: null}
Log registered: {message: [UploaderService] No uploaded media with valid durations. Returning zero duration., timestamp: 2026-06-18 14:10:32.178929, function: null, file: null}
Log registered: {message: Media added to upload queue: /var/folders/6s/dp27g8gn26j9mp36sjfxb9tw0000gn/T/hydracam_uploader_testoThQqq/debug-photo.jpg, timestamp: 2026-06-18 14:10:32.178995, function: null, file: null}
Log registered: {message: Auto-upload is disabled. Media added to queue but not uploaded., timestamp: 2026-06-18 14:10:32.179079, function: null, file: null}
Log registered: {message: Manual upload initiated., timestamp: 2026-06-18 14:10:32.179129, function: null, file: null}
Log registered: {message: UploaderService: _startUploading called. _isUploading=false, queue length=1, timestamp: 2026-06-18 14:10:32.179171, function: null, file: null}
Log registered: {message: UploaderService: _processNextItem called. Queue length=1, timestamp: 2026-06-18 14:10:32.179221, function: null, file: null}
Log registered: {message: UploaderService: sessionGuid=debug-service-session-guid, timestamp: 2026-06-18 14:10:32.179267, function: null, file: null}
Log registered: {message: Get token, timestamp: 2026-06-18 14:10:32.180293, function: null, file: null}
Log registered: {message: Media uploaded successfully, timestamp: 2026-06-18 14:10:32.183332, function: null, file: null}
Log registered: {message: Media uploaded: /var/folders/6s/dp27g8gn26j9mp36sjfxb9tw0000gn/T/hydracam_uploader_testoThQqq/debug-photo.jpg, timestamp: 2026-06-18 14:10:32.183536, function: null, file: null}
Log registered: {message: Session metadata saved to /var/folders/6s/dp27g8gn26j9mp36sjfxb9tw0000gn/T/uploader_service_docsjl7I4G/session_debug-service-session-guid/metadata.json, timestamp: 2026-06-18 14:10:32.184280, function: null, file: null}
Log registered: {message: Deleted uploaded local file: /var/folders/6s/dp27g8gn26j9mp36sjfxb9tw0000gn/T/hydracam_uploader_testoThQqq/debug-photo.jpg, timestamp: 2026-06-18 14:10:32.184752, function: null, file: null}
Log registered: {message: [UploaderService] Queue is empty. Returning zero duration., timestamp: 2026-06-18 14:10:32.184845, function: null, file: null}
Log registered: {message: UploaderService: _processNextItem called. Queue length=0, timestamp: 2026-06-18 14:10:32.184916, function: null, file: null}
Log registered: {message: UploaderService: Queue is empty. Uploading stopped., timestamp: 2026-06-18 14:10:32.184969, function: null, file: null}
Log registered: {message: Session metadata saved to /var/folders/6s/dp27g8gn26j9mp36sjfxb9tw0000gn/T/uploader_service_docsjl7I4G/session_debug-service-session-guid/metadata.json, timestamp: 2026-06-18 14:10:32.185914, function: null, file: null}
Log registered: {message: UploaderService: Resetting upload queue and state., timestamp: 2026-06-18 14:10:32.186010, function: null, file: null}
Log registered: {message: UploaderService: Reset completed., timestamp: 2026-06-18 14:10:32.186064, function: null, file: null}
Log registered: {message: Session ended and uploader reset., timestamp: 2026-06-18 14:10:32.186146, function: null, file: null}
Log registered: {message: UploaderService: Resetting upload queue and state., timestamp: 2026-06-18 14:10:32.186227, function: null, file: null}
Log registered: {message: UploaderService: Reset completed., timestamp: 2026-06-18 14:10:32.186291, function: null, file: null}
00:10 +316 ~1: /Users/jose/src/work/hydracamv2/test/services/battery_service_test.dart: BatteryService triggers one autostop when battery becomes critical
Log registered: {message: Critical battery: triggering recording stop at 8%., timestamp: 2026-06-18 14:10:32.186752, function: null, file: null}
00:10 +316 ~1: /Users/jose/src/work/hydracamv2/test/services/uploader_service_test.dart: cancelQueuedMedia removes a pending item without touching others
Log registered: {message: UploaderService: Resetting upload queue and state., timestamp: 2026-06-18 14:10:32.187258, function: null, file: null}
Log registered: {message: UploaderService: Reset completed., timestamp: 2026-06-18 14:10:32.187333, function: null, file: null}
Log registered: {message: UploaderService: Resetting upload queue and state., timestamp: 2026-06-18 14:10:32.187491, function: null, file: null}
Log registered: {message: UploaderService: Reset completed., timestamp: 2026-06-18 14:10:32.187535, function: null, file: null}
Log registered: {message: Session started with GUID: uploader-test-guid on device type: Master, timestamp: 2026-06-18 14:10:32.187580, function: null, file: null}
Log registered: {message: [UploaderService] No uploaded media with valid durations. Returning zero duration., timestamp: 2026-06-18 14:10:32.188549, function: null, file: null}
Log registered: {message: Media added to upload queue: /var/folders/6s/dp27g8gn26j9mp36sjfxb9tw0000gn/T/hydracam_uploader_testtLwZh8/first.jpg, timestamp: 2026-06-18 14:10:32.188680, function: null, file: null}
Log registered: {message: Auto-upload is disabled. Media added to queue but not uploaded., timestamp: 2026-06-18 14:10:32.188902, function: null, file: null}
Log registered: {message: [UploaderService] No uploaded media with valid durations. Returning zero duration., timestamp: 2026-06-18 14:10:32.188961, function: null, file: null}
Log registered: {message: Media added to upload queue: /var/folders/6s/dp27g8gn26j9mp36sjfxb9tw0000gn/T/hydracam_uploader_testtLwZh8/second.jpg, timestamp: 2026-06-18 14:10:32.189002, function: null, file: null}
Log registered: {message: Auto-upload is disabled. Media added to queue but not uploaded., timestamp: 2026-06-18 14:10:32.189066, function: null, file: null}
Log registered: {message: Session metadata saved to /var/folders/6s/dp27g8gn26j9mp36sjfxb9tw0000gn/T/uploader_service_docsjl7I4G/session_uploader-test-guid/metadata.json, timestamp: 2026-06-18 14:10:32.190273, function: null, file: null}
Log registered: {message: [UploaderService] No uploaded media with valid durations. Returning zero duration., timestamp: 2026-06-18 14:10:32.190400, function: null, file: null}
Log registered: {message: Cancelled pending upload: /var/folders/6s/dp27g8gn26j9mp36sjfxb9tw0000gn/T/hydracam_uploader_testtLwZh8/first.jpg, timestamp: 2026-06-18 14:10:32.190454, function: null, file: null}
Log registered: {message: No pending queued media to cancel: /var/folders/6s/dp27g8gn26j9mp36sjfxb9tw0000gn/T/hydracam_uploader_testtLwZh8/first.jpg, timestamp: 2026-06-18 14:10:32.190563, function: null, file: null}
Log registered: {message: Session metadata saved to /var/folders/6s/dp27g8gn26j9mp36sjfxb9tw0000gn/T/uploader_service_docsjl7I4G/session_uploader-test-guid/metadata.json, timestamp: 2026-06-18 14:10:32.191329, function: null, file: null}
Log registered: {message: UploaderService: Resetting upload queue and state., timestamp: 2026-06-18 14:10:32.191420, function: null, file: null}
Log registered: {message: UploaderService: Reset completed., timestamp: 2026-06-18 14:10:32.191539, function: null, file: null}
Log registered: {message: Session ended and uploader reset., timestamp: 2026-06-18 14:10:32.191618, function: null, file: null}
Log registered: {message: UploaderService: Resetting upload queue and state., timestamp: 2026-06-18 14:10:32.191661, function: null, file: null}
Log registered: {message: UploaderService: Reset completed., timestamp: 2026-06-18 14:10:32.191727, function: null, file: null}
00:10 +317 ~1: /Users/jose/src/work/hydracamv2/test/services/battery_service_test.dart: BatteryService triggers one autostop when battery becomes critical
00:10 +317 ~1: /Users/jose/src/work/hydracamv2/test/services/uploader_service_test.dart: cancelQueuedMedia persists queued cancellation metadata
Log registered: {message: UploaderService: Resetting upload queue and state., timestamp: 2026-06-18 14:10:32.192807, function: null, file: null}
Log registered: {message: UploaderService: Reset completed., timestamp: 2026-06-18 14:10:32.192878, function: null, file: null}
Log registered: {message: UploaderService: Resetting upload queue and state., timestamp: 2026-06-18 14:10:32.193061, function: null, file: null}
Log registered: {message: UploaderService: Reset completed., timestamp: 2026-06-18 14:10:32.193113, function: null, file: null}
Log registered: {message: Session started with GUID: uploader-test-guid on device type: Master, timestamp: 2026-06-18 14:10:32.193156, function: null, file: null}
Log registered: {message: UploaderService: Resetting upload queue and state., timestamp: 2026-06-18 14:10:32.193418, function: null, file: null}
Log registered: {message: UploaderService: Reset completed., timestamp: 2026-06-18 14:10:32.193466, function: null, file: null}
Log registered: {message: Session started with GUID: queued-cancel-metadata-guid on device type: Master, timestamp: 2026-06-18 14:10:32.193505, function: null, file: null}
Log registered: {message: Adding photo to upload queue: /var/folders/6s/dp27g8gn26j9mp36sjfxb9tw0000gn/T/hydracam_uploader_testzFp9IU/queued-cancel-metadata.jpg, timestamp: 2026-06-18 14:10:32.193807, function: null, file: null}
00:10 +318 ~1: /Users/jose/src/work/hydracamv2/test/services/uploader_service_test.dart: cancelQueuedMedia persists queued cancellation metadata
Log registered: {message: Session metadata saved to /var/folders/6s/dp27g8gn26j9mp36sjfxb9tw0000gn/T/uploader_service_docsjl7I4G/session_queued-cancel-metadata-guid/metadata.json, timestamp: 2026-06-18 14:10:32.194569, function: null, file: null}
Log registered: {message: [UploaderService] No uploaded media with valid durations. Returning zero duration., timestamp: 2026-06-18 14:10:32.194660, function: null, file: null}
Log registered: {message: Media added to upload queue: /var/folders/6s/dp27g8gn26j9mp36sjfxb9tw0000gn/T/hydracam_uploader_testzFp9IU/queued-cancel-metadata.jpg, timestamp: 2026-06-18 14:10:32.194705, function: null, file: null}
Log registered: {message: Auto-upload is disabled. Media added to queue but not uploaded., timestamp: 2026-06-18 14:10:32.194809, function: null, file: null}
Log registered: {message: Session metadata saved to /var/folders/6s/dp27g8gn26j9mp36sjfxb9tw0000gn/T/uploader_service_docsjl7I4G/session_queued-cancel-metadata-guid/metadata.json, timestamp: 2026-06-18 14:10:32.195544, function: null, file: null}
Log registered: {message: [UploaderService] Queue is empty. Returning zero duration., timestamp: 2026-06-18 14:10:32.195620, function: null, file: null}
Log registered: {message: Cancelled pending upload: /var/folders/6s/dp27g8gn26j9mp36sjfxb9tw0000gn/T/hydracam_uploader_testzFp9IU/queued-cancel-metadata.jpg, timestamp: 2026-06-18 14:10:32.195665, function: null, file: null}
00:10 +318 ~1: /Users/jose/src/work/hydracamv2/test/services/battery_service_test.dart: BatteryService triggers one autostop when battery becomes critical
Log registered: {message: BatteryService: Error reading battery level: MissingPluginException(No implementation found for method getBatteryLevel on channel dev.fluttercommunity.plus/battery), timestamp: 2026-06-18 14:10:32.196744, function: null, file: null}
00:10 +318 ~1: /Users/jose/src/work/hydracamv2/test/services/uploader_service_test.dart: cancelQueuedMedia persists queued cancellation metadata
Log registered: {message: Session metadata saved to /var/folders/6s/dp27g8gn26j9mp36sjfxb9tw0000gn/T/uploader_service_docsjl7I4G/session_queued-cancel-metadata-guid/metadata.json, timestamp: 2026-06-18 14:10:32.197263, function: null, file: null}
Log registered: {message: UploaderService: Resetting upload queue and state., timestamp: 2026-06-18 14:10:32.197350, function: null, file: null}
Log registered: {message: UploaderService: Reset completed., timestamp: 2026-06-18 14:10:32.197395, function: null, file: null}
Log registered: {message: Session ended and uploader reset., timestamp: 2026-06-18 14:10:32.197435, function: null, file: null}
Log registered: {message: UploaderService: Resetting upload queue and state., timestamp: 2026-06-18 14:10:32.197476, function: null, file: null}
Log registered: {message: UploaderService: Reset completed., timestamp: 2026-06-18 14:10:32.197511, function: null, file: null}
00:10 +319 ~1: /Users/jose/src/work/hydracamv2/test/services/battery_service_test.dart: BatteryService throttles repeated low-battery warnings
00:10 +319 ~1: /Users/jose/src/work/hydracamv2/test/services/uploader_service_test.dart: addMediaToQueue ignores retry for media already uploading
Log registered: {message: UploaderService: Resetting upload queue and state., timestamp: 2026-06-18 14:10:32.199097, function: null, file: null}
Log registered: {message: UploaderService: Reset completed., timestamp: 2026-06-18 14:10:32.199155, function: null, file: null}
Log registered: {message: UploaderService: Resetting upload queue and state., timestamp: 2026-06-18 14:10:32.199309, function: null, file: null}
Log registered: {message: UploaderService: Reset completed., timestamp: 2026-06-18 14:10:32.199349, function: null, file: null}
Log registered: {message: Session started with GUID: uploader-test-guid on device type: Master, timestamp: 2026-06-18 14:10:32.199386, function: null, file: null}
Log registered: {message: Media already uploading: /var/folders/6s/dp27g8gn26j9mp36sjfxb9tw0000gn/T/hydracam_uploader_testrRZsEK/currently-uploading.jpg, timestamp: 2026-06-18 14:10:32.200650, function: null, file: null}
Log registered: {message: Session metadata saved to /var/folders/6s/dp27g8gn26j9mp36sjfxb9tw0000gn/T/uploader_service_docsjl7I4G/session_uploader-test-guid/metadata.json, timestamp: 2026-06-18 14:10:32.201925, function: null, file: null}
Log registered: {message: UploaderService: Resetting upload queue and state., timestamp: 2026-06-18 14:10:32.202070, function: null, file: null}
Log registered: {message: Cancelled in-flight API requests., timestamp: 2026-06-18 14:10:32.202165, function: null, file: null}
Log registered: {message: UploaderService: Reset completed., timestamp: 2026-06-18 14:10:32.202220, function: null, file: null}
Log registered: {message: Session ended and uploader reset., timestamp: 2026-06-18 14:10:32.202266, function: null, file: null}
Log registered: {message: UploaderService: Resetting upload queue and state., timestamp: 2026-06-18 14:10:32.202307, function: null, file: null}
Log registered: {message: UploaderService: Reset completed., timestamp: 2026-06-18 14:10:32.202344, function: null, file: null}
00:10 +320 ~1: /Users/jose/src/work/hydracamv2/test/services/battery_service_test.dart: BatteryService throttles repeated low-battery warnings
00:10 +320 ~1: /Users/jose/src/work/hydracamv2/test/services/uploader_service_test.dart: estimateTotalTimeRemaining uses completed upload samples
Log registered: {message: UploaderService: Resetting upload queue and state., timestamp: 2026-06-18 14:10:32.203339, function: null, file: null}
Log registered: {message: UploaderService: Reset completed., timestamp: 2026-06-18 14:10:32.203421, function: null, file: null}
Log registered: {message: UploaderService: Resetting upload queue and state., timestamp: 2026-06-18 14:10:32.203589, function: null, file: null}
Log registered: {message: UploaderService: Reset completed., timestamp: 2026-06-18 14:10:32.203636, function: null, file: null}
Log registered: {message: Session started with GUID: uploader-test-guid on device type: Master, timestamp: 2026-06-18 14:10:32.203676, function: null, file: null}
Log registered: {message: UploaderService: Resetting upload queue and state., timestamp: 2026-06-18 14:10:32.204234, function: null, file: null}
Log registered: {message: UploaderService: Reset completed., timestamp: 2026-06-18 14:10:32.204320, function: null, file: null}
Log registered: {message: Session started with GUID: estimate-session-guid on device type: Master, timestamp: 2026-06-18 14:10:32.204369, function: null, file: null}
Log registered: {message: [UploaderService] No uploaded media with valid durations. Returning zero duration., timestamp: 2026-06-18 14:10:32.204886, function: null, file: null}
Log registered: {message: Media added to upload queue: /var/folders/6s/dp27g8gn26j9mp36sjfxb9tw0000gn/T/hydracam_uploader_test9sAyPm/completed-estimate.jpg, timestamp: 2026-06-18 14:10:32.204980, function: null, file: null}
Log registered: {message: Auto-upload is disabled. Media added to queue but not uploaded., timestamp: 2026-06-18 14:10:32.205149, function: null, file: null}
Log registered: {message: Manual upload initiated., timestamp: 2026-06-18 14:10:32.205237, function: null, file: null}
Log registered: {message: UploaderService: _startUploading called. _isUploading=false, queue length=1, timestamp: 2026-06-18 14:10:32.205320, function: null, file: null}
Log registered: {message: UploaderService: _processNextItem called. Queue length=1, timestamp: 2026-06-18 14:10:32.205361, function: null, file: null}
Log registered: {message: UploaderService: sessionGuid=estimate-session-guid, timestamp: 2026-06-18 14:10:32.205454, function: null, file: null}
Log registered: {message: Get token, timestamp: 2026-06-18 14:10:32.205941, function: null, file: null}
00:10 +320 ~1: /Users/jose/src/work/hydracamv2/test/services/battery_service_test.dart: BatteryService throttles repeated low-battery warnings
Log registered: {message: BatteryService monitoring disabled - timer not started., timestamp: 2026-06-18 14:10:32.206150, function: null, file: null}
00:10 +320 ~1: /Users/jose/src/work/hydracamv2/test/services/uploader_service_test.dart: estimateTotalTimeRemaining uses completed upload samples
Log registered: {message: Media uploaded successfully, timestamp: 2026-06-18 14:10:32.207385, function: null, file: null}
Log registered: {message: Media uploaded: /var/folders/6s/dp27g8gn26j9mp36sjfxb9tw0000gn/T/hydracam_uploader_test9sAyPm/completed-estimate.jpg, timestamp: 2026-06-18 14:10:32.207482, function: null, file: null}
Log registered: {message: Session metadata saved to /var/folders/6s/dp27g8gn26j9mp36sjfxb9tw0000gn/T/uploader_service_docsjl7I4G/session_estimate-session-guid/metadata.json, timestamp: 2026-06-18 14:10:32.208288, function: null, file: null}
Log registered: {message: [UploaderService] Queue is empty. Returning zero duration., timestamp: 2026-06-18 14:10:32.208430, function: null, file: null}
Log registered: {message: UploaderService: _processNextItem called. Queue length=0, timestamp: 2026-06-18 14:10:32.208482, function: null, file: null}
Log registered: {message: UploaderService: Queue is empty. Uploading stopped., timestamp: 2026-06-18 14:10:32.208528, function: null, file: null}
Log registered: {message: [UploaderService] Total bytes uploaded: 100, timestamp: 2026-06-18 14:10:32.208598, function: null, file: null}
Log registered: {message: [UploaderService] Total upload duration: 5 seconds, timestamp: 2026-06-18 14:10:32.208643, function: null, file: null}
Log registered: {message: [UploaderService] Average speed: 20.0 bytes/second, timestamp: 2026-06-18 14:10:32.208691, function: null, file: null}
Log registered: {message: [UploaderService] Remaining bytes to upload: 200, timestamp: 2026-06-18 14:10:32.208804, function: null, file: null}
Log registered: {message: [UploaderService] Estimated time: 10.0 seconds, timestamp: 2026-06-18 14:10:32.208897, function: null, file: null}
Log registered: {message: Media added to upload queue: /var/folders/6s/dp27g8gn26j9mp36sjfxb9tw0000gn/T/hydracam_uploader_test9sAyPm/pending-estimate.jpg, timestamp: 2026-06-18 14:10:32.208947, function: null, file: null}
Log registered: {message: Auto-upload is disabled. Media added to queue but not uploaded., timestamp: 2026-06-18 14:10:32.209022, function: null, file: null}
Log registered: {message: [UploaderService] Total bytes uploaded: 100, timestamp: 2026-06-18 14:10:32.209104, function: null, file: null}
Log registered: {message: [UploaderService] Total upload duration: 5 seconds, timestamp: 2026-06-18 14:10:32.209192, function: null, file: null}
Log registered: {message: [UploaderService] Average speed: 20.0 bytes/second, timestamp: 2026-06-18 14:10:32.209253, function: null, file: null}
Log registered: {message: [UploaderService] Remaining bytes to upload: 200, timestamp: 2026-06-18 14:10:32.209327, function: null, file: null}
Log registered: {message: [UploaderService] Estimated time: 10.0 seconds, timestamp: 2026-06-18 14:10:32.209366, function: null, file: null}
Log registered: {message: Session metadata saved to /var/folders/6s/dp27g8gn26j9mp36sjfxb9tw0000gn/T/uploader_service_docsjl7I4G/session_estimate-session-guid/metadata.json, timestamp: 2026-06-18 14:10:32.210317, function: null, file: null}
Log registered: {message: UploaderService: Resetting upload queue and state., timestamp: 2026-06-18 14:10:32.210400, function: null, file: null}
Log registered: {message: UploaderService: Reset completed., timestamp: 2026-06-18 14:10:32.210458, function: null, file: null}
Log registered: {message: Session ended and uploader reset., timestamp: 2026-06-18 14:10:32.210505, function: null, file: null}
Log registered: {message: UploaderService: Resetting upload queue and state., timestamp: 2026-06-18 14:10:32.210544, function: null, file: null}
Log registered: {message: UploaderService: Reset completed., timestamp: 2026-06-18 14:10:32.210581, function: null, file: null}
00:10 +321 ~1: /Users/jose/src/work/hydracamv2/test/services/battery_service_test.dart: BatteryService throttles repeated low-battery warnings
00:10 +321 ~1: /Users/jose/src/work/hydracamv2/test/services/uploader_service_test.dart: estimateTotalTimeRemaining keeps sub-second upload samples
Log registered: {message: UploaderService: Resetting upload queue and state., timestamp: 2026-06-18 14:10:32.212269, function: null, file: null}
Log registered: {message: UploaderService: Reset completed., timestamp: 2026-06-18 14:10:32.212369, function: null, file: null}
Log registered: {message: UploaderService: Resetting upload queue and state., timestamp: 2026-06-18 14:10:32.212561, function: null, file: null}
Log registered: {message: UploaderService: Reset completed., timestamp: 2026-06-18 14:10:32.212601, function: null, file: null}
Log registered: {message: Session started with GUID: uploader-test-guid on device type: Master, timestamp: 2026-06-18 14:10:32.212669, function: null, file: null}
Log registered: {message: UploaderService: Resetting upload queue and state., timestamp: 2026-06-18 14:10:32.213043, function: null, file: null}
Log registered: {message: UploaderService: Reset completed., timestamp: 2026-06-18 14:10:32.213130, function: null, file: null}
Log registered: {message: Session started with GUID: subsecond-estimate-guid on device type: Master, timestamp: 2026-06-18 14:10:32.213228, function: null, file: null}
Log registered: {message: [UploaderService] No uploaded media with valid durations. Returning zero duration., timestamp: 2026-06-18 14:10:32.213731, function: null, file: null}
Log registered: {message: Media added to upload queue: /var/folders/6s/dp27g8gn26j9mp36sjfxb9tw0000gn/T/hydracam_uploader_test8UeC0Y/subsecond-completed.jpg, timestamp: 2026-06-18 14:10:32.213799, function: null, file: null}
Log registered: {message: Auto-upload is disabled. Media added to queue but not uploaded., timestamp: 2026-06-18 14:10:32.213955, function: null, file: null}
Log registered: {message: Manual upload initiated., timestamp: 2026-06-18 14:10:32.213997, function: null, file: null}
Log registered: {message: UploaderService: _startUploading called. _isUploading=false, queue length=1, timestamp: 2026-06-18 14:10:32.214078, function: null, file: null}
Log registered: {message: UploaderService: _processNextItem called. Queue length=1, timestamp: 2026-06-18 14:10:32.214150, function: null, file: null}
Log registered: {message: UploaderService: sessionGuid=subsecond-estimate-guid, timestamp: 2026-06-18 14:10:32.214219, function: null, file: null}
Log registered: {message: Get token, timestamp: 2026-06-18 14:10:32.214958, function: null, file: null}
00:10 +322 ~1: /Users/jose/src/work/hydracamv2/test/services/uploader_service_test.dart: estimateTotalTimeRemaining keeps sub-second upload samples
Log registered: {message: Media uploaded successfully, timestamp: 2026-06-18 14:10:32.216418, function: null, file: null}
Log registered: {message: Media uploaded: /var/folders/6s/dp27g8gn26j9mp36sjfxb9tw0000gn/T/hydracam_uploader_test8UeC0Y/subsecond-completed.jpg, timestamp: 2026-06-18 14:10:32.216505, function: null, file: null}
Log registered: {message: Session metadata saved to /var/folders/6s/dp27g8gn26j9mp36sjfxb9tw0000gn/T/uploader_service_docsjl7I4G/session_subsecond-estimate-guid/metadata.json, timestamp: 2026-06-18 14:10:32.217165, function: null, file: null}
Log registered: {message: [UploaderService] Queue is empty. Returning zero duration., timestamp: 2026-06-18 14:10:32.217277, function: null, file: null}
Log registered: {message: UploaderService: _processNextItem called. Queue length=0, timestamp: 2026-06-18 14:10:32.217325, function: null, file: null}
Log registered: {message: UploaderService: Queue is empty. Uploading stopped., timestamp: 2026-06-18 14:10:32.217364, function: null, file: null}
Log registered: {message: [UploaderService] Total bytes uploaded: 100, timestamp: 2026-06-18 14:10:32.217430, function: null, file: null}
Log registered: {message: [UploaderService] Total upload duration: 0 seconds, timestamp: 2026-06-18 14:10:32.217468, function: null, file: null}
Log registered: {message: [UploaderService] Average speed: 200.0 bytes/second, timestamp: 2026-06-18 14:10:32.217513, function: null, file: null}
Log registered: {message: [UploaderService] Remaining bytes to upload: 200, timestamp: 2026-06-18 14:10:32.217551, function: null, file: null}
Log registered: {message: [UploaderService] Estimated time: 1.0 seconds, timestamp: 2026-06-18 14:10:32.217587, function: null, file: null}
Log registered: {message: Media added to upload queue: /var/folders/6s/dp27g8gn26j9mp36sjfxb9tw0000gn/T/hydracam_uploader_test8UeC0Y/subsecond-pending.jpg, timestamp: 2026-06-18 14:10:32.217624, function: null, file: null}
Log registered: {message: Auto-upload is disabled. Media added to queue but not uploaded., timestamp: 2026-06-18 14:10:32.217682, function: null, file: null}
Log registered: {message: [UploaderService] Total bytes uploaded: 100, timestamp: 2026-06-18 14:10:32.217723, function: null, file: null}
Log registered: {message: [UploaderService] Total upload duration: 0 seconds, timestamp: 2026-06-18 14:10:32.217757, function: null, file: null}
Log registered: {message: [UploaderService] Average speed: 200.0 bytes/second, timestamp: 2026-06-18 14:10:32.217794, function: null, file: null}
Log registered: {message: [UploaderService] Remaining bytes to upload: 200, timestamp: 2026-06-18 14:10:32.217828, function: null, file: null}
Log registered: {message: [UploaderService] Estimated time: 1.0 seconds, timestamp: 2026-06-18 14:10:32.217931, function: null, file: null}
Log registered: {message: Session metadata saved to /var/folders/6s/dp27g8gn26j9mp36sjfxb9tw0000gn/T/uploader_service_docsjl7I4G/session_subsecond-estimate-guid/metadata.json, timestamp: 2026-06-18 14:10:32.218736, function: null, file: null}
Log registered: {message: UploaderService: Resetting upload queue and state., timestamp: 2026-06-18 14:10:32.218848, function: null, file: null}
Log registered: {message: UploaderService: Reset completed., timestamp: 2026-06-18 14:10:32.218898, function: null, file: null}
Log registered: {message: Session ended and uploader reset., timestamp: 2026-06-18 14:10:32.218972, function: null, file: null}
Log registered: {message: UploaderService: Resetting upload queue and state., timestamp: 2026-06-18 14:10:32.219100, function: null, file: null}
Log registered: {message: UploaderService: Reset completed., timestamp: 2026-06-18 14:10:32.219156, function: null, file: null}
00:10 +323 ~1: /Users/jose/src/work/hydracamv2/test/services/uploader_service_test.dart: reset ignores stale in-flight upload completion
Log registered: {message: UploaderService: Resetting upload queue and state., timestamp: 2026-06-18 14:10:32.220247, function: null, file: null}
Log registered: {message: UploaderService: Reset completed., timestamp: 2026-06-18 14:10:32.220306, function: null, file: null}
Log registered: {message: UploaderService: Resetting upload queue and state., timestamp: 2026-06-18 14:10:32.220467, function: null, file: null}
Log registered: {message: UploaderService: Reset completed., timestamp: 2026-06-18 14:10:32.220508, function: null, file: null}
Log registered: {message: Session started with GUID: uploader-test-guid on device type: Master, timestamp: 2026-06-18 14:10:32.220544, function: null, file: null}
Log registered: {message: UploaderService: Resetting upload queue and state., timestamp: 2026-06-18 14:10:32.220977, function: null, file: null}
Log registered: {message: UploaderService: Reset completed., timestamp: 2026-06-18 14:10:32.221060, function: null, file: null}
Log registered: {message: Session started with GUID: old-session-guid on device type: Master, timestamp: 2026-06-18 14:10:32.221100, function: null, file: null}
Log registered: {message: [UploaderService] No uploaded media with valid durations. Returning zero duration., timestamp: 2026-06-18 14:10:32.221432, function: null, file: null}
Log registered: {message: Media added to upload queue: /var/folders/6s/dp27g8gn26j9mp36sjfxb9tw0000gn/T/hydracam_uploader_testInQO7k/inflight.jpg, timestamp: 2026-06-18 14:10:32.221483, function: null, file: null}
Log registered: {message: Auto-upload is disabled. Media added to queue but not uploaded., timestamp: 2026-06-18 14:10:32.221633, function: null, file: null}
Log registered: {message: Manual upload initiated., timestamp: 2026-06-18 14:10:32.221676, function: null, file: null}
Log registered: {message: UploaderService: _startUploading called. _isUploading=false, queue length=1, timestamp: 2026-06-18 14:10:32.221711, function: null, file: null}
Log registered: {message: UploaderService: _processNextItem called. Queue length=1, timestamp: 2026-06-18 14:10:32.221748, function: null, file: null}
Log registered: {message: UploaderService: sessionGuid=old-session-guid, timestamp: 2026-06-18 14:10:32.221784, function: null, file: null}
Log registered: {message: Get token, timestamp: 2026-06-18 14:10:32.222452, function: null, file: null}
Log registered: {message: UploaderService: Resetting upload queue and state., timestamp: 2026-06-18 14:10:32.222981, function: null, file: null}
Log registered: {message: Cancelled in-flight API requests., timestamp: 2026-06-18 14:10:32.223063, function: null, file: null}
Log registered: {message: UploaderService: Reset completed., timestamp: 2026-06-18 14:10:32.223105, function: null, file: null}
Log registered: {message: UploaderService: Resetting upload queue and state., timestamp: 2026-06-18 14:10:32.223143, function: null, file: null}
Log registered: {message: UploaderService: Reset completed., timestamp: 2026-06-18 14:10:32.223177, function: null, file: null}
Log registered: {message: Session started with GUID: new-session-guid on device type: Master, timestamp: 2026-06-18 14:10:32.223210, function: null, file: null}
Log registered: {message: Media uploaded successfully, timestamp: 2026-06-18 14:10:32.224276, function: null, file: null}
Log registered: {message: Ignoring stale upload completion after uploader reset or cancellation: /var/folders/6s/dp27g8gn26j9mp36sjfxb9tw0000gn/T/hydracam_uploader_testInQO7k/inflight.jpg, timestamp: 2026-06-18 14:10:32.224386, function: null, file: null}
Log registered: {message: Session metadata saved to /var/folders/6s/dp27g8gn26j9mp36sjfxb9tw0000gn/T/uploader_service_docsjl7I4G/session_new-session-guid/metadata.json, timestamp: 2026-06-18 14:10:32.225465, function: null, file: null}
Log registered: {message: UploaderService: Resetting upload queue and state., timestamp: 2026-06-18 14:10:32.225600, function: null, file: null}
Log registered: {message: UploaderService: Reset completed., timestamp: 2026-06-18 14:10:32.225661, function: null, file: null}
Log registered: {message: Session ended and uploader reset., timestamp: 2026-06-18 14:10:32.225706, function: null, file: null}
Log registered: {message: UploaderService: Resetting upload queue and state., timestamp: 2026-06-18 14:10:32.225746, function: null, file: null}
Log registered: {message: UploaderService: Reset completed., timestamp: 2026-06-18 14:10:32.225792, function: null, file: null}
00:10 +324 ~1: /Users/jose/src/work/hydracamv2/test/services/uploader_service_test.dart: cancelCurrentUpload clears active upload and ignores late completion
Log registered: {message: UploaderService: Resetting upload queue and state., timestamp: 2026-06-18 14:10:32.255305, function: null, file: null}
Log registered: {message: UploaderService: Reset completed., timestamp: 2026-06-18 14:10:32.255400, function: null, file: null}
Log registered: {message: UploaderService: Resetting upload queue and state., timestamp: 2026-06-18 14:10:32.255671, function: null, file: null}
Log registered: {message: UploaderService: Reset completed., timestamp: 2026-06-18 14:10:32.255716, function: null, file: null}
Log registered: {message: Session started with GUID: uploader-test-guid on device type: Master, timestamp: 2026-06-18 14:10:32.255751, function: null, file: null}
Log registered: {message: UploaderService: Resetting upload queue and state., timestamp: 2026-06-18 14:10:32.256131, function: null, file: null}
Log registered: {message: UploaderService: Reset completed., timestamp: 2026-06-18 14:10:32.256182, function: null, file: null}
Log registered: {message: Session started with GUID: cancel-session-guid on device type: Master, timestamp: 2026-06-18 14:10:32.256225, function: null, file: null}
Log registered: {message: [UploaderService] No uploaded media with valid durations. Returning zero duration., timestamp: 2026-06-18 14:10:32.256511, function: null, file: null}
Log registered: {message: Media added to upload queue: /var/folders/6s/dp27g8gn26j9mp36sjfxb9tw0000gn/T/hydracam_uploader_testWPvTYo/cancel-inflight.jpg, timestamp: 2026-06-18 14:10:32.256597, function: null, file: null}
Log registered: {message: Auto-upload is disabled. Media added to queue but not uploaded., timestamp: 2026-06-18 14:10:32.256768, function: null, file: null}
Log registered: {message: Manual upload initiated., timestamp: 2026-06-18 14:10:32.256814, function: null, file: null}
Log registered: {message: UploaderService: _startUploading called. _isUploading=false, queue length=1, timestamp: 2026-06-18 14:10:32.256854, function: null, file: null}
Log registered: {message: UploaderService: _processNextItem called. Queue length=1, timestamp: 2026-06-18 14:10:32.256912, function: null, file: null}
Log registered: {message: UploaderService: sessionGuid=cancel-session-guid, timestamp: 2026-06-18 14:10:32.256976, function: null, file: null}
Log registered: {message: Get token, timestamp: 2026-06-18 14:10:32.257507, function: null, file: null}
Log registered: {message: Cancelled in-flight API requests., timestamp: 2026-06-18 14:10:32.258049, function: null, file: null}
Log registered: {message: [UploaderService] Queue is empty. Returning zero duration., timestamp: 2026-06-18 14:10:32.258113, function: null, file: null}
Log registered: {message: Session metadata saved to /var/folders/6s/dp27g8gn26j9mp36sjfxb9tw0000gn/T/uploader_service_docsjl7I4G/session_cancel-session-guid/metadata.json, timestamp: 2026-06-18 14:10:32.258869, function: null, file: null}
Log registered: {message: Cancelled active upload: /var/folders/6s/dp27g8gn26j9mp36sjfxb9tw0000gn/T/hydracam_uploader_testWPvTYo/cancel-inflight.jpg, timestamp: 2026-06-18 14:10:32.258949, function: null, file: null}
Log registered: {message: Media uploaded successfully, timestamp: 2026-06-18 14:10:32.259982, function: null, file: null}
Log registered: {message: Ignoring stale upload completion after uploader reset or cancellation: /var/folders/6s/dp27g8gn26j9mp36sjfxb9tw0000gn/T/hydracam_uploader_testWPvTYo/cancel-inflight.jpg, timestamp: 2026-06-18 14:10:32.260046, function: null, file: null}
Log registered: {message: Session metadata saved to /var/folders/6s/dp27g8gn26j9mp36sjfxb9tw0000gn/T/uploader_service_docsjl7I4G/session_cancel-session-guid/metadata.json, timestamp: 2026-06-18 14:10:32.261636, function: null, file: null}
Log registered: {message: UploaderService: Resetting upload queue and state., timestamp: 2026-06-18 14:10:32.261726, function: null, file: null}
Log registered: {message: UploaderService: Reset completed., timestamp: 2026-06-18 14:10:32.261769, function: null, file: null}
Log registered: {message: Session ended and uploader reset., timestamp: 2026-06-18 14:10:32.261805, function: null, file: null}
Log registered: {message: UploaderService: Resetting upload queue and state., timestamp: 2026-06-18 14:10:32.261842, function: null, file: null}
Log registered: {message: UploaderService: Reset completed., timestamp: 2026-06-18 14:10:32.261874, function: null, file: null}
00:10 +325 ~1: /Users/jose/src/work/hydracamv2/test/services/uploader_service_test.dart: cancelCurrentUpload persists active cancellation metadata
Log registered: {message: UploaderService: Resetting upload queue and state., timestamp: 2026-06-18 14:10:32.262830, function: null, file: null}
Log registered: {message: UploaderService: Reset completed., timestamp: 2026-06-18 14:10:32.262887, function: null, file: null}
Log registered: {message: UploaderService: Resetting upload queue and state., timestamp: 2026-06-18 14:10:32.263030, function: null, file: null}
Log registered: {message: UploaderService: Reset completed., timestamp: 2026-06-18 14:10:32.263066, function: null, file: null}
Log registered: {message: Session started with GUID: uploader-test-guid on device type: Master, timestamp: 2026-06-18 14:10:32.263102, function: null, file: null}
Log registered: {message: UploaderService: Resetting upload queue and state., timestamp: 2026-06-18 14:10:32.263453, function: null, file: null}
Log registered: {message: UploaderService: Reset completed., timestamp: 2026-06-18 14:10:32.263510, function: null, file: null}
Log registered: {message: Session started with GUID: active-cancel-metadata-guid on device type: Master, timestamp: 2026-06-18 14:10:32.263550, function: null, file: null}
Log registered: {message: Adding photo to upload queue: /var/folders/6s/dp27g8gn26j9mp36sjfxb9tw0000gn/T/hydracam_uploader_testhUiWBS/active-cancel-metadata.jpg, timestamp: 2026-06-18 14:10:32.263901, function: null, file: null}
Log registered: {message: Session metadata saved to /var/folders/6s/dp27g8gn26j9mp36sjfxb9tw0000gn/T/uploader_service_docsjl7I4G/session_active-cancel-metadata-guid/metadata.json, timestamp: 2026-06-18 14:10:32.264849, function: null, file: null}
Log registered: {message: [UploaderService] No uploaded media with valid durations. Returning zero duration., timestamp: 2026-06-18 14:10:32.264968, function: null, file: null}
Log registered: {message: Media added to upload queue: /var/folders/6s/dp27g8gn26j9mp36sjfxb9tw0000gn/T/hydracam_uploader_testhUiWBS/active-cancel-metadata.jpg, timestamp: 2026-06-18 14:10:32.265018, function: null, file: null}
Log registered: {message: Auto-upload is disabled. Media added to queue but not uploaded., timestamp: 2026-06-18 14:10:32.265126, function: null, file: null}
Log registered: {message: Manual upload initiated., timestamp: 2026-06-18 14:10:32.265164, function: null, file: null}
Log registered: {message: UploaderService: _startUploading called. _isUploading=false, queue length=1, timestamp: 2026-06-18 14:10:32.265195, function: null, file: null}
Log registered: {message: UploaderService: _processNextItem called. Queue length=1, timestamp: 2026-06-18 14:10:32.265231, function: null, file: null}
Log registered: {message: UploaderService: sessionGuid=active-cancel-metadata-guid, timestamp: 2026-06-18 14:10:32.265266, function: null, file: null}
Log registered: {message: Get token, timestamp: 2026-06-18 14:10:32.265872, function: null, file: null}
Log registered: {message: Cancelled in-flight API requests., timestamp: 2026-06-18 14:10:32.266185, function: null, file: null}
Log registered: {message: [UploaderService] Queue is empty. Returning zero duration., timestamp: 2026-06-18 14:10:32.266234, function: null, file: null}
Log registered: {message: Session metadata saved to /var/folders/6s/dp27g8gn26j9mp36sjfxb9tw0000gn/T/uploader_service_docsjl7I4G/session_active-cancel-metadata-guid/metadata.json, timestamp: 2026-06-18 14:10:32.266962, function: null, file: null}
Log registered: {message: Cancelled active upload: /var/folders/6s/dp27g8gn26j9mp36sjfxb9tw0000gn/T/hydracam_uploader_testhUiWBS/active-cancel-metadata.jpg, timestamp: 2026-06-18 14:10:32.267084, function: null, file: null}
Log registered: {message: Media uploaded successfully, timestamp: 2026-06-18 14:10:32.268653, function: null, file: null}
Log registered: {message: Ignoring stale upload completion after uploader reset or cancellation: /var/folders/6s/dp27g8gn26j9mp36sjfxb9tw0000gn/T/hydracam_uploader_testhUiWBS/active-cancel-metadata.jpg, timestamp: 2026-06-18 14:10:32.268718, function: null, file: null}
Log registered: {message: Session metadata saved to /var/folders/6s/dp27g8gn26j9mp36sjfxb9tw0000gn/T/uploader_service_docsjl7I4G/session_active-cancel-metadata-guid/metadata.json, timestamp: 2026-06-18 14:10:32.269402, function: null, file: null}
Log registered: {message: UploaderService: Resetting upload queue and state., timestamp: 2026-06-18 14:10:32.269478, function: null, file: null}
Log registered: {message: UploaderService: Reset completed., timestamp: 2026-06-18 14:10:32.269517, function: null, file: null}
Log registered: {message: Session ended and uploader reset., timestamp: 2026-06-18 14:10:32.269553, function: null, file: null}
Log registered: {message: UploaderService: Resetting upload queue and state., timestamp: 2026-06-18 14:10:32.269588, function: null, file: null}
Log registered: {message: UploaderService: Reset completed., timestamp: 2026-06-18 14:10:32.269618, function: null, file: null}
00:10 +326 ~1: /Users/jose/src/work/hydracamv2/test/services/uploader_service_test.dart: cancelCurrentUpload closes the active HTTP client
Log registered: {message: UploaderService: Resetting upload queue and state., timestamp: 2026-06-18 14:10:32.270447, function: null, file: null}
Log registered: {message: UploaderService: Reset completed., timestamp: 2026-06-18 14:10:32.270501, function: null, file: null}
Log registered: {message: UploaderService: Resetting upload queue and state., timestamp: 2026-06-18 14:10:32.270833, function: null, file: null}
Log registered: {message: UploaderService: Reset completed., timestamp: 2026-06-18 14:10:32.270887, function: null, file: null}
Log registered: {message: Session started with GUID: uploader-test-guid on device type: Master, timestamp: 2026-06-18 14:10:32.270925, function: null, file: null}
Log registered: {message: UploaderService: Resetting upload queue and state., timestamp: 2026-06-18 14:10:32.271282, function: null, file: null}
Log registered: {message: UploaderService: Reset completed., timestamp: 2026-06-18 14:10:32.271323, function: null, file: null}
Log registered: {message: Session started with GUID: cancel-http-session-guid on device type: Master, timestamp: 2026-06-18 14:10:32.271357, function: null, file: null}
Log registered: {message: [UploaderService] No uploaded media with valid durations. Returning zero duration., timestamp: 2026-06-18 14:10:32.271666, function: null, file: null}
Log registered: {message: Media added to upload queue: /var/folders/6s/dp27g8gn26j9mp36sjfxb9tw0000gn/T/hydracam_uploader_testhMHckI/cancel-http.jpg, timestamp: 2026-06-18 14:10:32.271703, function: null, file: null}
Log registered: {message: Auto-upload is disabled. Media added to queue but not uploaded., timestamp: 2026-06-18 14:10:32.271840, function: null, file: null}
Log registered: {message: Manual upload initiated., timestamp: 2026-06-18 14:10:32.271881, function: null, file: null}
Log registered: {message: UploaderService: _startUploading called. _isUploading=false, queue length=1, timestamp: 2026-06-18 14:10:32.271912, function: null, file: null}
Log registered: {message: UploaderService: _processNextItem called. Queue length=1, timestamp: 2026-06-18 14:10:32.271946, function: null, file: null}
Log registered: {message: UploaderService: sessionGuid=cancel-http-session-guid, timestamp: 2026-06-18 14:10:32.271979, function: null, file: null}
Log registered: {message: Get token, timestamp: 2026-06-18 14:10:32.272404, function: null, file: null}
Log registered: {message: Cancelled in-flight API requests., timestamp: 2026-06-18 14:10:32.272803, function: null, file: null}
Log registered: {message: [UploaderService] Queue is empty. Returning zero duration., timestamp: 2026-06-18 14:10:32.272869, function: null, file: null}
Log registered: {message: Session metadata saved to /var/folders/6s/dp27g8gn26j9mp36sjfxb9tw0000gn/T/uploader_service_docsjl7I4G/session_cancel-http-session-guid/metadata.json, timestamp: 2026-06-18 14:10:32.275078, function: null, file: null}
Log registered: {message: Cancelled active upload: /var/folders/6s/dp27g8gn26j9mp36sjfxb9tw0000gn/T/hydracam_uploader_testhMHckI/cancel-http.jpg, timestamp: 2026-06-18 14:10:32.275169, function: null, file: null}
Log registered: {message: Media uploaded successfully, timestamp: 2026-06-18 14:10:32.275498, function: null, file: null}
Log registered: {message: Ignoring stale upload completion after uploader reset or cancellation: /var/folders/6s/dp27g8gn26j9mp36sjfxb9tw0000gn/T/hydracam_uploader_testhMHckI/cancel-http.jpg, timestamp: 2026-06-18 14:10:32.275568, function: null, file: null}
Log registered: {message: Session metadata saved to /var/folders/6s/dp27g8gn26j9mp36sjfxb9tw0000gn/T/uploader_service_docsjl7I4G/session_cancel-http-session-guid/metadata.json, timestamp: 2026-06-18 14:10:32.276215, function: null, file: null}
Log registered: {message: UploaderService: Resetting upload queue and state., timestamp: 2026-06-18 14:10:32.276313, function: null, file: null}
Log registered: {message: UploaderService: Reset completed., timestamp: 2026-06-18 14:10:32.276373, function: null, file: null}
Log registered: {message: Session ended and uploader reset., timestamp: 2026-06-18 14:10:32.276407, function: null, file: null}
Log registered: {message: UploaderService: Resetting upload queue and state., timestamp: 2026-06-18 14:10:32.276445, function: null, file: null}
Log registered: {message: UploaderService: Reset completed., timestamp: 2026-06-18 14:10:32.276477, function: null, file: null}
00:10 +327 ~1: /Users/jose/src/work/hydracamv2/test/services/uploader_service_test.dart: reset closes the active HTTP client
Log registered: {message: UploaderService: Resetting upload queue and state., timestamp: 2026-06-18 14:10:32.277294, function: null, file: null}
Log registered: {message: UploaderService: Reset completed., timestamp: 2026-06-18 14:10:32.277354, function: null, file: null}
Log registered: {message: UploaderService: Resetting upload queue and state., timestamp: 2026-06-18 14:10:32.277516, function: null, file: null}
Log registered: {message: UploaderService: Reset completed., timestamp: 2026-06-18 14:10:32.277550, function: null, file: null}
Log registered: {message: Session started with GUID: uploader-test-guid on device type: Master, timestamp: 2026-06-18 14:10:32.277619, function: null, file: null}
Log registered: {message: UploaderService: Resetting upload queue and state., timestamp: 2026-06-18 14:10:32.277973, function: null, file: null}
Log registered: {message: UploaderService: Reset completed., timestamp: 2026-06-18 14:10:32.278031, function: null, file: null}
Log registered: {message: Session started with GUID: reset-http-session-guid on device type: Master, timestamp: 2026-06-18 14:10:32.278069, function: null, file: null}
Log registered: {message: [UploaderService] No uploaded media with valid durations. Returning zero duration., timestamp: 2026-06-18 14:10:32.278288, function: null, file: null}
Log registered: {message: Media added to upload queue: /var/folders/6s/dp27g8gn26j9mp36sjfxb9tw0000gn/T/hydracam_uploader_testiNAQW9/reset-http.jpg, timestamp: 2026-06-18 14:10:32.278325, function: null, file: null}
Log registered: {message: Auto-upload is disabled. Media added to queue but not uploaded., timestamp: 2026-06-18 14:10:32.278488, function: null, file: null}
Log registered: {message: Manual upload initiated., timestamp: 2026-06-18 14:10:32.278525, function: null, file: null}
Log registered: {message: UploaderService: _startUploading called. _isUploading=false, queue length=1, timestamp: 2026-06-18 14:10:32.278573, function: null, file: null}
Log registered: {message: UploaderService: _processNextItem called. Queue length=1, timestamp: 2026-06-18 14:10:32.278637, function: null, file: null}
Log registered: {message: UploaderService: sessionGuid=reset-http-session-guid, timestamp: 2026-06-18 14:10:32.278681, function: null, file: null}
Log registered: {message: Get token, timestamp: 2026-06-18 14:10:32.279286, function: null, file: null}
Log registered: {message: UploaderService: Resetting upload queue and state., timestamp: 2026-06-18 14:10:32.279535, function: null, file: null}
Log registered: {message: Cancelled in-flight API requests., timestamp: 2026-06-18 14:10:32.279585, function: null, file: null}
Log registered: {message: UploaderService: Reset completed., timestamp: 2026-06-18 14:10:32.279626, function: null, file: null}
Log registered: {message: Media uploaded successfully, timestamp: 2026-06-18 14:10:32.280488, function: null, file: null}
Log registered: {message: Ignoring stale upload completion after uploader reset or cancellation: /var/folders/6s/dp27g8gn26j9mp36sjfxb9tw0000gn/T/hydracam_uploader_testiNAQW9/reset-http.jpg, timestamp: 2026-06-18 14:10:32.280549, function: null, file: null}
Log registered: {message: Session metadata saved to /var/folders/6s/dp27g8gn26j9mp36sjfxb9tw0000gn/T/uploader_service_docsjl7I4G/session_reset-http-session-guid/metadata.json, timestamp: 2026-06-18 14:10:32.281293, function: null, file: null}
Log registered: {message: UploaderService: Resetting upload queue and state., timestamp: 2026-06-18 14:10:32.281346, function: null, file: null}
Log registered: {message: UploaderService: Reset completed., timestamp: 2026-06-18 14:10:32.281380, function: null, file: null}
Log registered: {message: Session ended and uploader reset., timestamp: 2026-06-18 14:10:32.281413, function: null, file: null}
Log registered: {message: UploaderService: Resetting upload queue and state., timestamp: 2026-06-18 14:10:32.281446, function: null, file: null}
Log registered: {message: UploaderService: Reset completed., timestamp: 2026-06-18 14:10:32.281506, function: null, file: null}
00:10 +328 ~1: /Users/jose/src/work/hydracamv2/test/services/uploader_service_test.dart: (tearDownAll)
00:10 +328 ~1: /Users/jose/src/work/hydracamv2/test/services/debug_session_policy_test.dart: labels debug build session ids with debug prefix
00:10 +329 ~1: /Users/jose/src/work/hydracamv2/test/services/debug_session_policy_test.dart: uses timestamp session ids outside debug builds
00:10 +330 ~1: /Users/jose/src/work/hydracamv2/test/services/debug_session_policy_test.dart: debug sessions force local media deletion after upload
00:10 +331 ~1: /Users/jose/src/work/hydracamv2/test/services/time_sync_service_test.dart: computeSample computes offset and round-trip from the four NTP timestamps
00:10 +332 ~1: /Users/jose/src/work/hydracamv2/test/services/time_sync_service_test.dart: aggregate returns null when there are no samples
00:10 +333 ~1: /Users/jose/src/work/hydracamv2/test/services/time_sync_service_test.dart: aggregate returns null when every sample has an impossible round-trip
00:10 +334 ~1: /Users/jose/src/work/hydracamv2/test/services/time_sync_service_test.dart: aggregate drops high-RTT outliers and picks the minimum-delay offset
00:10 +335 ~1: /Users/jose/src/work/hydracamv2/test/services/time_sync_service_test.dart: aggregate classifies a tight, fresh calibration as green
00:10 +336 ~1: /Users/jose/src/work/hydracamv2/test/services/time_sync_service_test.dart: confidenceFor green requires tight uncertainty and a fresh calibration
00:10 +337 ~1: /Users/jose/src/work/hydracamv2/test/services/time_sync_service_test.dart: confidenceFor a stale but tight calibration degrades to yellow
00:10 +338 ~1: /Users/jose/src/work/hydracamv2/test/services/time_sync_service_test.dart: confidenceFor moderate uncertainty is yellow
00:10 +339 ~1: /Users/jose/src/work/hydracamv2/test/services/time_sync_service_test.dart: confidenceFor large uncertainty is red
00:10 +340 ~1: /Users/jose/src/work/hydracamv2/test/services/time_sync_service_test.dart: TimeSyncResult ageAt clamps negative ages to zero
00:10 +341 ~1: /Users/jose/src/work/hydracamv2/test/services/time_sync_service_test.dart: TimeSyncResult toSyncMetadata recomputes confidence with the capture-time age
00:10 +342 ~1: /Users/jose/src/work/hydracamv2/test/services/time_sync_service_test.dart: SyncMetadata serialization round-trips through JSON
00:10 +343 ~1: /Users/jose/src/work/hydracamv2/test/services/time_sync_service_test.dart: SyncMetadata serialization masterAnchor is a zero-offset green anchor
00:10 +344 ~1: /Users/jose/src/work/hydracamv2/test/services/time_sync_service_test.dart: SyncMetadata serialization fromJson returns null for malformed input
00:10 +345 ~1: /Users/jose/src/work/hydracamv2/test/services/debug_session_cleanup_service_test.dart: deletes registered debug sessions from the service
Log registered: {message: Get token, timestamp: 2026-06-18 14:10:32.464640, function: null, file: null}
Log registered: {message: Debug session deleted from service: debug-guid, timestamp: 2026-06-18 14:10:32.476102, function: null, file: null}
00:11 +346 ~1: /Users/jose/src/work/hydracamv2/test/services/auth0_service_test.dart: Auth0 login requests refresh-capable scopes
00:11 +347 ~1: /Users/jose/src/work/hydracamv2/test/services/auth0_service_test.dart: Auth0 login uses Android package redirect URI
Log registered: {message: Profile set: https://example.com/android.png, timestamp: 2026-06-18 14:10:33.015946, function: login, file: auth0_service.dart}
00:11 +348 ~1: /Users/jose/src/work/hydracamv2/test/services/auth0_service_test.dart: Auth0 login uses iOS bundle redirect URI
Log registered: {message: Profile set: https://example.com/ios.png, timestamp: 2026-06-18 14:10:33.022310, function: login, file: auth0_service.dart}
00:11 +349 ~1: /Users/jose/src/work/hydracamv2/test/services/auth0_service_test.dart: Auth0 login persists returned credentials through secure store
00:11 +349 ~1: /Users/jose/src/work/hydracamv2/test/services/auth0_service_test.dart: Auth0 login uses Android package redirect URI
Trace file unavailable: MissingPluginException(No implementation found for method getApplicationDocumentsDirectory on channel plugins.flutter.io/path_provider)
00:11 +349 ~1: /Users/jose/src/work/hydracamv2/test/services/auth0_service_test.dart: Auth0 login persists returned credentials through secure store
Log registered: {message: Profile set: https://example.com/player.png, timestamp: 2026-06-18 14:10:33.025288, function: login, file: auth0_service.dart}
00:11 +350 ~1: /Users/jose/src/work/hydracamv2/test/services/auth0_service_test.dart: Auth0 login trims returned email claim
Log registered: {message: Profile set: https://example.com/player.png, timestamp: 2026-06-18 14:10:33.027102, function: login, file: auth0_service.dart}
00:11 +351 ~1: /Users/jose/src/work/hydracamv2/test/services/auth0_service_test.dart: Auth0 login rejects returned credentials without email
Log registered: {message: Rejected Auth0 session without an email claim., timestamp: 2026-06-18 14:10:33.029459, function: login, file: auth0_service.dart}
00:11 +352 ~1: /Users/jose/src/work/hydracamv2/test/services/auth0_service_test.dart: Auth0 login failure clears stale session state
Log registered: {message: Profile set: https://example.com/stale.png, timestamp: 2026-06-18 14:10:33.032788, function: login, file: auth0_service.dart}
00:11 +353 ~1: /Users/jose/src/work/hydracamv2/test/services/auth0_service_test.dart: Auth0 startup restore uses valid stored credentials
Log registered: {message: Restored Auth0 session from secure store., timestamp: 2026-06-18 14:10:33.035061, function: restoreStoredSession, file: auth0_service.dart}
00:11 +354 ~1: /Users/jose/src/work/hydracamv2/test/services/auth0_service_test.dart: Auth0 startup restore trims stored email claim
Log registered: {message: Restored Auth0 session from secure store., timestamp: 2026-06-18 14:10:33.036273, function: restoreStoredSession, file: auth0_service.dart}
00:11 +355 ~1: /Users/jose/src/work/hydracamv2/test/services/auth0_service_test.dart: Auth0 startup restore refreshes expired credentials
Log registered: {message: Refreshed Auth0 session from secure store., timestamp: 2026-06-18 14:10:33.037655, function: restoreStoredSession, file: auth0_service.dart}
00:11 +356 ~1: /Users/jose/src/work/hydracamv2/test/services/auth0_service_test.dart: Auth0 startup restore clears stale credentials after failed refresh
00:11 +357 ~1: /Users/jose/src/work/hydracamv2/test/services/auth0_service_test.dart: Auth0 startup restore rejects expired stored credentials
00:11 +358 ~1: /Users/jose/src/work/hydracamv2/test/services/auth0_service_test.dart: Auth0 startup restore rejects blank stored access token
00:11 +359 ~1: /Users/jose/src/work/hydracamv2/test/services/auth0_service_test.dart: Auth0 startup restore ignores blank refresh token
00:11 +360 ~1: /Users/jose/src/work/hydracamv2/test/services/auth0_service_test.dart: Auth0 startup restore rejects stored credentials without email
Log registered: {message: Rejected Auth0 session without an email claim., timestamp: 2026-06-18 14:10:33.042282, function: restoreStoredSession, file: auth0_service.dart}
00:11 +361 ~1: /Users/jose/src/work/hydracamv2/test/services/auth0_service_test.dart: Auth0 startup restore clears malformed stored credentials
Log registered: {message: Failed to parse Auth0 ID token: FormatException: Invalid character (at character 1)
%%%%
^
, timestamp: 2026-06-18 14:10:33.043609, function: parseIdTokenPayload, file: auth0_service.dart}
Log registered: {message: Failed to parse Auth0 ID token: FormatException: Invalid character (at character 1)
%%%%
^
, timestamp: 2026-06-18 14:10:33.044057, function: parseIdTokenPayload, file: auth0_service.dart}
Log registered: {message: Rejected Auth0 session without an email claim., timestamp: 2026-06-18 14:10:33.044216, function: restoreStoredSession, file: auth0_service.dart}
00:11 +362 ~1: /Users/jose/src/work/hydracamv2/test/services/auth0_service_test.dart: Auth0 logout clears secure credentials and browser session
Log registered: {message: Profile set: https://example.com/logout.png, timestamp: 2026-06-18 14:10:33.045323, function: login, file: auth0_service.dart}
Log registered: {message: Cleared Auth0 session., timestamp: 2026-06-18 14:10:33.045680, function: logout, file: auth0_service.dart}
00:11 +363 ~1: /Users/jose/src/work/hydracamv2/test/services/auth0_service_test.dart: Auth0 startup restore skips unsupported desktop platforms
Log registered: {message: Skipped Auth0 restore on unsupported platform., timestamp: 2026-06-18 14:10:33.046719, function: restoreStoredSession, file: auth0_service.dart}
00:11 +364 ~1: /Users/jose/src/work/hydracamv2/test/services/auth0_service_test.dart: Auth0 login rejects unsupported desktop platforms
00:11 +365 ~1: /Users/jose/src/work/hydracamv2/test/services/auth0_service_test.dart: Auth0 logout clears stored credentials on unsupported desktop platforms
Log registered: {message: Cleared stored Auth0 session on unsupported platform., timestamp: 2026-06-18 14:10:33.048516, function: logout, file: auth0_service.dart}
00:11 +366 ~1: /Users/jose/src/work/hydracamv2/test/services/permission_service_test.dart: (setUpAll)
00:11 +366 ~1: /Users/jose/src/work/hydracamv2/test/services/permission_service_test.dart: requestAllPermissions skips unsupported macOS permission handler
Log registered: {message: Skipping permission_handler startup request on macOS; native platform APIs will request resource access on demand., timestamp: 2026-06-18 14:10:33.098801, function: requestAllPermissions, file: PermissionService}
00:11 +367 ~1: /Users/jose/src/work/hydracamv2/test/services/permission_service_test.dart: requestAllPermissions skips unsupported Linux permission handler
Log registered: {message: Skipping permission_handler startup request on linux; native platform APIs will request resource access on demand., timestamp: 2026-06-18 14:10:33.107202, function: requestAllPermissions, file: PermissionService}
00:11 +368 ~1: /Users/jose/src/work/hydracamv2/test/services/permission_service_test.dart: requestAllPermissions requests location immediately on Android
Log registered: {message: Permission request completed.
Granted: [Permission.camera, Permission.microphone, Permission.locationWhenInUse]
Denied: [], timestamp: 2026-06-18 14:10:33.113540, function: requestAllPermissions, file: PermissionService}
00:11 +369 ~1: /Users/jose/src/work/hydracamv2/test/services/permission_service_test.dart: requestAllPermissions returns false when platform request stalls
Log registered: {message: Permission request timed out after 0s: TimeoutException after 0:00:00.010000: Future not completed
#0      Future.timeout.<anonymous closure> (dart:async/future_impl.dart:1042:24)
<asynchronous suspension>
#1      PermissionService.requestAllPermissions (package:hydracam/services/permission_service.dart:38:18)
<asynchronous suspension>
#2      main.<anonymous closure> (file:///Users/jose/src/work/hydracamv2/test/services/permission_service_test.dart:79:26)
<asynchronous suspension>
#3      Declarer.test.<anonymous closure>.<anonymous closure> (package:test_api/src/backend/declarer.dart:253:15)
<asynchronous suspension>
#4      Declarer.test.<anonymous closure> (package:test_api/src/backend/declarer.dart:250:11)
<asynchronous suspension>
#5      Invoker._waitForOutstandingCallbacks.<anonymous closure> (package:test_api/src/backend/invoker.dart:318:9)
<asynchronous suspension>
, timestamp: 2026-06-18 14:10:33.135285, function: requestAllPermissions, file: PermissionService}
00:11 +370 ~1: /Users/jose/src/work/hydracamv2/test/services/permission_service_test.dart: openAppSettings skips unsupported macOS permission handler
Log registered: {message: Skipping permission_handler openAppSettings on macOS., timestamp: 2026-06-18 14:10:33.136986, function: openAppSettings, file: PermissionService}
00:11 +371 ~1: /Users/jose/src/work/hydracamv2/test/services/permission_service_test.dart: openAppSettings skips unsupported Linux permission handler
Log registered: {message: Skipping permission_handler openAppSettings on linux., timestamp: 2026-06-18 14:10:33.139099, function: openAppSettings, file: PermissionService}
00:11 +372 ~1: /Users/jose/src/work/hydracamv2/test/services/permission_service_test.dart: (tearDownAll)
00:11 +372 ~1: /Users/jose/src/work/hydracamv2/test/services/network_info_service_test.dart: Network type labels describes Wi-Fi with unavailable SSID explicitly
00:11 +373 ~1: /Users/jose/src/work/hydracamv2/test/services/network_info_service_test.dart: Network type labels includes SSID when the platform exposes it
00:11 +374 ~1: /Users/jose/src/work/hydracamv2/test/services/network_info_service_test.dart: Network type labels describes pending connected-device network status
00:11 +375 ~1: /Users/jose/src/work/hydracamv2/test/services/network_info_service_test.dart: Network type labels describes unavailable SSID as a location requirement
00:11 +376 ~1: /Users/jose/src/work/hydracamv2/test/services/network_info_service_test.dart: Network type labels skips linux connectivity plugin when DBus system bus is missing
00:11 +377 ~1: /Users/jose/src/work/hydracamv2/test/services/camera_capture_settings_test.dart: VideoCaptureProfile maps sport 1080p60 to a 1080p target at 60 fps
00:11 +378 ~1: /Users/jose/src/work/hydracamv2/test/services/camera_capture_settings_test.dart: VideoCaptureProfile maps 4K profiles to ultraHigh with expected frame rates
00:11 +379 ~1: /Users/jose/src/work/hydracamv2/test/services/camera_capture_settings_test.dart: LensPreference labels iPhone ultra-wide as 0.5x
00:11 +380 ~1: /Users/jose/src/work/hydracamv2/test/services/camera_capture_settings_test.dart: LensPreference labels Android back cameras by camera id when lens type is unknown
00:12 +381 ~1: /Users/jose/src/work/hydracamv2/test/widgets/camera_level_overlay_test.dart: shows green guidance for level devices
00:12 +382 ~1: /Users/jose/src/work/hydracamv2/test/widgets/hydracam_surface_test.dart: surface uses the default operational surface tone
00:12 +383 ~1: /Users/jose/src/work/hydracamv2/test/widgets/hydracam_surface_test.dart: surface uses the default operational surface tone
00:12 +384 ~1: /Users/jose/src/work/hydracamv2/test/widgets/hydra_cam_app_bar_test.dart: hides action menu during tiny startup layouts
00:12 +385 ~1: /Users/jose/src/work/hydracamv2/test/widgets/hydra_cam_app_bar_test.dart: hides action menu during tiny startup layouts
00:12 +386 ~1: /Users/jose/src/work/hydracamv2/test/widgets/hydra_cam_app_bar_test.dart: hides action menu during tiny startup layouts
00:12 +387 ~1: /Users/jose/src/work/hydracamv2/test/widgets/hydra_cam_app_bar_test.dart: hides action menu during tiny startup layouts
00:12 +388 ~1: /Users/jose/src/work/hydracamv2/test/widgets/hydra_cam_app_bar_test.dart: hides action menu during tiny startup layouts
00:12 +389 ~1: /Users/jose/src/work/hydracamv2/test/widgets/camera_setup_preview_screen_test.dart: renders perspective selector and level overlay
00:12 +390 ~1: /Users/jose/src/work/hydracamv2/test/widgets/camera_setup_preview_screen_test.dart: renders perspective selector and level overlay
00:12 +391 ~1: /Users/jose/src/work/hydracamv2/test/widgets/camera_setup_preview_screen_test.dart: renders perspective selector and level overlay
00:12 +392 ~1: /Users/jose/src/work/hydracamv2/test/widgets/media_list_widget_test.dart: media list distinguishes failed uploads from pending uploads
Log registered: {message: UploaderService: Resetting upload queue and state., timestamp: 2026-06-18 14:10:34.443979, function: null, file: null}
Log registered: {message: UploaderService: Reset completed., timestamp: 2026-06-18 14:10:34.445703, function: null, file: null}
00:12 +393 ~1: /Users/jose/src/work/hydracamv2/test/widgets/media_list_widget_test.dart: media list distinguishes failed uploads from pending uploads
00:12 +394 ~1: /Users/jose/src/work/hydracamv2/test/widgets/media_filter_dialog_test.dart: browse all returns unconstrained media filters
00:12 +395 ~1: /Users/jose/src/work/hydracamv2/test/widgets/media_filter_dialog_test.dart: browse all returns unconstrained media filters
00:12 +396 ~1: /Users/jose/src/work/hydracamv2/test/widgets/media_filter_dialog_test.dart: browse all returns unconstrained media filters
00:12 +396 ~1: /Users/jose/src/work/hydracamv2/test/widgets/media_list_widget_test.dart: upload state is presented as a labeled status indicator
Log registered: {message: UploaderService: Resetting upload queue and state., timestamp: 2026-06-18 14:10:34.480836, function: null, file: null}
Log registered: {message: UploaderService: Reset completed., timestamp: 2026-06-18 14:10:34.481027, function: null, file: null}
00:12 +397 ~1: /Users/jose/src/work/hydracamv2/test/widgets/media_filter_dialog_test.dart: browse all returns unconstrained media filters
00:12 +397 ~1: /Users/jose/src/work/hydracamv2/test/widgets/media_list_widget_test.dart: media list distinguishes failed uploads from pending uploads
Trace file unavailable: MissingPluginException(No implementation found for method getApplicationDocumentsDirectory on channel plugins.flutter.io/path_provider)
00:12 +397 ~1: /Users/jose/src/work/hydracamv2/test/widgets/media_list_widget_test.dart: current upload progress includes uploaded and total bytes
Log registered: {message: UploaderService: Resetting upload queue and state., timestamp: 2026-06-18 14:10:34.514499, function: null, file: null}
Log registered: {message: Cancelled in-flight API requests., timestamp: 2026-06-18 14:10:34.514978, function: null, file: null}
Log registered: {message: UploaderService: Reset completed., timestamp: 2026-06-18 14:10:34.515085, function: null, file: null}
00:12 +398 ~1: /Users/jose/src/work/hydracamv2/test/widgets/media_filter_dialog_test.dart: browse all returns unconstrained media filters
00:12 +399 ~1: /Users/jose/src/work/hydracamv2/test/widgets/media_filter_dialog_test.dart: browse all returns unconstrained media filters
00:12 +399 ~1: /Users/jose/src/work/hydracamv2/test/widgets/media_list_widget_test.dart: current upload progress includes estimated time remaining
Log registered: {message: UploaderService: Resetting upload queue and state., timestamp: 2026-06-18 14:10:34.534683, function: null, file: null}
Log registered: {message: Cancelled in-flight API requests., timestamp: 2026-06-18 14:10:34.534960, function: null, file: null}
Log registered: {message: UploaderService: Reset completed., timestamp: 2026-06-18 14:10:34.535113, function: null, file: null}
00:12 +400 ~1: /Users/jose/src/work/hydracamv2/test/widgets/media_filter_dialog_test.dart: browse all returns unconstrained media filters
00:12 +401 ~1: /Users/jose/src/work/hydracamv2/test/widgets/media_filter_dialog_test.dart: browse all returns unconstrained media filters
00:13 +401 ~1: /Users/jose/src/work/hydracamv2/test/widgets/camera_setup_preview_screen_test.dart: standalone setup route can return to normal app
Log registered: {message: Mock camera ready for native controller mode on macOS., timestamp: 2026-06-18 14:10:34.562810, function: null, file: null}
00:13 +402 ~1: /Users/jose/src/work/hydracamv2/test/widgets/media_filter_dialog_test.dart: browse all returns unconstrained media filters
00:13 +402 ~1: /Users/jose/src/work/hydracamv2/test/widgets/add_gallery_media_button_test.dart: active session button opens media filter dialog
Log registered: {message: UploaderService: Resetting upload queue and state., timestamp: 2026-06-18 14:10:34.586855, function: null, file: null}
Log registered: {message: UploaderService: Reset completed., timestamp: 2026-06-18 14:10:34.589247, function: null, file: null}
Log registered: {message: Session started with GUID: gallery-button-guid on device type: Master, timestamp: 2026-06-18 14:10:34.589537, function: null, file: null}
00:13 +403 ~1: /Users/jose/src/work/hydracamv2/test/widgets/media_list_widget_test.dart: upload actions distinguish retry from queue upload
00:13 +403 ~1: /Users/jose/src/work/hydracamv2/test/widgets/camera_setup_preview_screen_test.dart: standalone setup route can return to normal app
Log registered: {message: Mock camera stopped, timestamp: 2026-06-18 14:10:34.622409, function: null, file: null}
00:13 +404 ~1: /Users/jose/src/work/hydracamv2/test/widgets/media_list_widget_test.dart: upload actions distinguish retry from queue upload
Log registered: {message: UploaderService: Resetting upload queue and state., timestamp: 2026-06-18 14:10:34.636559, function: null, file: null}
Log registered: {message: UploaderService: Reset completed., timestamp: 2026-06-18 14:10:34.636721, function: null, file: null}
00:13 +405 ~1: /Users/jose/src/work/hydracamv2/test/widgets/add_gallery_media_button_test.dart: active session button opens media filter dialog
00:13 +405 ~1: /Users/jose/src/work/hydracamv2/test/widgets/media_list_widget_test.dart: missing local media rows suppress upload actions
Log registered: {message: UploaderService: Resetting upload queue and state., timestamp: 2026-06-18 14:10:34.655506, function: null, file: null}
Log registered: {message: UploaderService: Reset completed., timestamp: 2026-06-18 14:10:34.655660, function: null, file: null}
00:13 +406 ~1: /Users/jose/src/work/hydracamv2/test/widgets/add_gallery_media_button_test.dart: active session button opens media filter dialog
00:13 +406 ~1: /Users/jose/src/work/hydracamv2/test/widgets/media_list_widget_test.dart: pending upload can be cancelled from the media row
Log registered: {message: UploaderService: Resetting upload queue and state., timestamp: 2026-06-18 14:10:34.675860, function: null, file: null}
Log registered: {message: UploaderService: Reset completed., timestamp: 2026-06-18 14:10:34.675975, function: null, file: null}
00:13 +407 ~1: /Users/jose/src/work/hydracamv2/test/widgets/add_gallery_media_button_test.dart: active session button opens media filter dialog
00:13 +407 ~1: /Users/jose/src/work/hydracamv2/test/widgets/media_list_widget_test.dart: current upload can be cancelled from the media row
Log registered: {message: UploaderService: Resetting upload queue and state., timestamp: 2026-06-18 14:10:34.694803, function: null, file: null}
Log registered: {message: Cancelled in-flight API requests., timestamp: 2026-06-18 14:10:34.694932, function: null, file: null}
Log registered: {message: UploaderService: Reset completed., timestamp: 2026-06-18 14:10:34.695002, function: null, file: null}
00:13 +408 ~1: /Users/jose/src/work/hydracamv2/test/widgets/add_gallery_media_button_test.dart: active session button opens media filter dialog
Log registered: {message: Session metadata saved to /var/folders/6s/dp27g8gn26j9mp36sjfxb9tw0000gn/T/add_gallery_button_docssXaYZd/session_gallery-button-guid/metadata.json, timestamp: 2026-06-18 14:10:34.749673, function: null, file: null}
Log registered: {message: UploaderService: Resetting upload queue and state., timestamp: 2026-06-18 14:10:34.749886, function: null, file: null}
Log registered: {message: UploaderService: Reset completed., timestamp: 2026-06-18 14:10:34.749966, function: null, file: null}
Log registered: {message: Session ended and uploader reset., timestamp: 2026-06-18 14:10:34.750025, function: null, file: null}
00:13 +409 ~1: /Users/jose/src/work/hydracamv2/test/widgets/add_gallery_media_button_test.dart: gallery load errors are reported without crashing
Log registered: {message: UploaderService: Resetting upload queue and state., timestamp: 2026-06-18 14:10:34.752574, function: null, file: null}
Log registered: {message: UploaderService: Reset completed., timestamp: 2026-06-18 14:10:34.752677, function: null, file: null}
Log registered: {message: Session started with GUID: gallery-load-error-guid on device type: Master, timestamp: 2026-06-18 14:10:34.752741, function: null, file: null}
Log registered: {message: Failed to load gallery media for import: PlatformException(gallery_unavailable, Gallery provider unavailable, null, null), timestamp: 2026-06-18 14:10:34.787483, function: null, file: null}
Log registered: {message: Session metadata saved to /var/folders/6s/dp27g8gn26j9mp36sjfxb9tw0000gn/T/add_gallery_button_docslC9ZTv/session_gallery-load-error-guid/metadata.json, timestamp: 2026-06-18 14:10:34.816154, function: null, file: null}
Log registered: {message: UploaderService: Resetting upload queue and state., timestamp: 2026-06-18 14:10:34.816286, function: null, file: null}
Log registered: {message: UploaderService: Reset completed., timestamp: 2026-06-18 14:10:34.816349, function: null, file: null}
Log registered: {message: Session ended and uploader reset., timestamp: 2026-06-18 14:10:34.816398, function: null, file: null}
00:13 +410 ~1: /Users/jose/src/work/hydracamv2/test/widgets/add_gallery_media_button_test.dart: selected gallery media is copied into the active session
Log registered: {message: UploaderService: Resetting upload queue and state., timestamp: 2026-06-18 14:10:34.819383, function: null, file: null}
Log registered: {message: UploaderService: Reset completed., timestamp: 2026-06-18 14:10:34.819481, function: null, file: null}
Log registered: {message: Session started with GUID: gallery-copy-guid on device type: Master, timestamp: 2026-06-18 14:10:34.819558, function: null, file: null}
Log registered: {message: Album: Gallery, Assets Processed: 1, timestamp: 2026-06-18 14:10:34.847850, function: null, file: null}
Log registered: {message: Retrieved existing Device ID: gallery-import-device, timestamp: 2026-06-18 14:10:35.982124, function: null, file: null}
Log registered: {message: Importing selected gallery asset into active session: gallery-photo-1, timestamp: 2026-06-18 14:10:35.982608, function: null, file: null}
Log registered: {message: Resolved gallery asset file for import: /var/folders/6s/dp27g8gn26j9mp36sjfxb9tw0000gn/T/add_gallery_button_docs1o4Kca/source.jpg, timestamp: 2026-06-18 14:10:35.983320, function: null, file: null}
Log registered: {message: Session metadata saved to /var/folders/6s/dp27g8gn26j9mp36sjfxb9tw0000gn/T/add_gallery_button_docs1o4Kca/session_gallery-copy-guid/metadata.json, timestamp: 2026-06-18 14:10:36.029604, function: null, file: null}
Log registered: {message: UploaderService: Resetting upload queue and state., timestamp: 2026-06-18 14:10:36.029759, function: null, file: null}
Log registered: {message: UploaderService: Reset completed., timestamp: 2026-06-18 14:10:36.029818, function: null, file: null}
Log registered: {message: Session ended and uploader reset., timestamp: 2026-06-18 14:10:36.029902, function: null, file: null}
00:14 +411 ~1: /Users/jose/src/work/hydracamv2/test/widgets/add_gallery_media_button_test.dart: unavailable selected gallery media reports no import
Log registered: {message: UploaderService: Resetting upload queue and state., timestamp: 2026-06-18 14:10:36.032411, function: null, file: null}
Log registered: {message: UploaderService: Reset completed., timestamp: 2026-06-18 14:10:36.032501, function: null, file: null}
Log registered: {message: Session started with GUID: gallery-missing-file-guid on device type: Master, timestamp: 2026-06-18 14:10:36.032556, function: null, file: null}
Log registered: {message: Album: Gallery, Assets Processed: 1, timestamp: 2026-06-18 14:10:36.057438, function: null, file: null}
Log registered: {message: Retrieved existing Device ID: gallery-import-device, timestamp: 2026-06-18 14:10:36.128588, function: null, file: null}
Log registered: {message: Importing selected gallery asset into active session: missing-gallery-photo, timestamp: 2026-06-18 14:10:36.128729, function: null, file: null}
Log registered: {message: Skipping gallery asset with no available local file: missing-gallery-photo, timestamp: 2026-06-18 14:10:36.128876, function: null, file: null}
Log registered: {message: No selected gallery media was imported into the active session., timestamp: 2026-06-18 14:10:36.128934, function: null, file: null}
Log registered: {message: Session metadata saved to /var/folders/6s/dp27g8gn26j9mp36sjfxb9tw0000gn/T/add_gallery_button_docs0akSbw/session_gallery-missing-file-guid/metadata.json, timestamp: 2026-06-18 14:10:36.156423, function: null, file: null}
Log registered: {message: UploaderService: Resetting upload queue and state., timestamp: 2026-06-18 14:10:36.156567, function: null, file: null}
Log registered: {message: UploaderService: Reset completed., timestamp: 2026-06-18 14:10:36.156624, function: null, file: null}
Log registered: {message: Session ended and uploader reset., timestamp: 2026-06-18 14:10:36.156677, function: null, file: null}
00:14 +412 ~1: /Users/jose/src/work/hydracamv2/test/widgets/add_gallery_media_button_test.dart: partially unavailable selected gallery media reports skipped
Log registered: {message: UploaderService: Resetting upload queue and state., timestamp: 2026-06-18 14:10:36.159320, function: null, file: null}
Log registered: {message: UploaderService: Reset completed., timestamp: 2026-06-18 14:10:36.159402, function: null, file: null}
Log registered: {message: Session started with GUID: gallery-partial-guid on device type: Master, timestamp: 2026-06-18 14:10:36.159452, function: null, file: null}
Log registered: {message: Album: Gallery, Assets Processed: 2, timestamp: 2026-06-18 14:10:36.184597, function: null, file: null}
Log registered: {message: Retrieved existing Device ID: gallery-import-device, timestamp: 2026-06-18 14:10:37.276929, function: null, file: null}
Log registered: {message: Importing selected gallery asset into active session: partial-gallery-photo, timestamp: 2026-06-18 14:10:37.277208, function: null, file: null}
Log registered: {message: Resolved gallery asset file for import: /var/folders/6s/dp27g8gn26j9mp36sjfxb9tw0000gn/T/add_gallery_button_docsDS8j4v/partial-source.jpg, timestamp: 2026-06-18 14:10:37.277454, function: null, file: null}
Log registered: {message: Importing selected gallery asset into active session: missing-gallery-photo, timestamp: 2026-06-18 14:10:37.278147, function: null, file: null}
Log registered: {message: Skipping gallery asset with no available local file: missing-gallery-photo, timestamp: 2026-06-18 14:10:37.278301, function: null, file: null}
Log registered: {message: Session metadata saved to /var/folders/6s/dp27g8gn26j9mp36sjfxb9tw0000gn/T/add_gallery_button_docsDS8j4v/session_gallery-partial-guid/metadata.json, timestamp: 2026-06-18 14:10:37.307502, function: null, file: null}
Log registered: {message: UploaderService: Resetting upload queue and state., timestamp: 2026-06-18 14:10:37.307684, function: null, file: null}
Log registered: {message: UploaderService: Reset completed., timestamp: 2026-06-18 14:10:37.307745, function: null, file: null}
Log registered: {message: Session ended and uploader reset., timestamp: 2026-06-18 14:10:37.307817, function: null, file: null}
00:15 +413 ~1: /Users/jose/src/work/hydracamv2/test/widgets/add_gallery_media_button_test.dart: gallery import continues after one selected asset fails
Log registered: {message: UploaderService: Resetting upload queue and state., timestamp: 2026-06-18 14:10:37.312019, function: null, file: null}
Log registered: {message: UploaderService: Reset completed., timestamp: 2026-06-18 14:10:37.312145, function: null, file: null}
Log registered: {message: Session started with GUID: gallery-failure-guid on device type: Master, timestamp: 2026-06-18 14:10:37.312199, function: null, file: null}
Log registered: {message: Album: Gallery, Assets Processed: 2, timestamp: 2026-06-18 14:10:37.340127, function: null, file: null}
Log registered: {message: Retrieved existing Device ID: gallery-import-device, timestamp: 2026-06-18 14:10:38.423605, function: null, file: null}
Log registered: {message: Importing selected gallery asset into active session: failed-gallery-photo, timestamp: 2026-06-18 14:10:38.424467, function: null, file: null}
Log registered: {message: Resolved gallery asset file for import: /var/folders/6s/dp27g8gn26j9mp36sjfxb9tw0000gn/T/add_gallery_button_docsKPWgKc/failed-source.jpg, timestamp: 2026-06-18 14:10:38.425573, function: null, file: null}
Log registered: {message: Failed to import selected gallery asset failed-gallery-photo: Bad state: Failed to attach failed-gallery-photo, timestamp: 2026-06-18 14:10:38.426383, function: null, file: null}
Log registered: {message: Importing selected gallery asset into active session: imported-gallery-photo, timestamp: 2026-06-18 14:10:38.426650, function: null, file: null}
Log registered: {message: Resolved gallery asset file for import: /var/folders/6s/dp27g8gn26j9mp36sjfxb9tw0000gn/T/add_gallery_button_docsKPWgKc/imported-source.jpg, timestamp: 2026-06-18 14:10:38.427223, function: null, file: null}
Log registered: {message: Session metadata saved to /var/folders/6s/dp27g8gn26j9mp36sjfxb9tw0000gn/T/add_gallery_button_docsKPWgKc/session_gallery-failure-guid/metadata.json, timestamp: 2026-06-18 14:10:38.475916, function: null, file: null}
Log registered: {message: UploaderService: Resetting upload queue and state., timestamp: 2026-06-18 14:10:38.476143, function: null, file: null}
Log registered: {message: UploaderService: Reset completed., timestamp: 2026-06-18 14:10:38.476217, function: null, file: null}
Log registered: {message: Session ended and uploader reset., timestamp: 2026-06-18 14:10:38.476268, function: null, file: null}
00:16 +414 ~1: /Users/jose/src/work/hydracamv2/test/widgets/add_gallery_media_button_test.dart: (tearDownAll)
00:16 +414 ~1: All tests passed!
[exit-code] 0

$ flutter build appbundle --release

$ env JAVA_HOME=/Library/Java/JavaVirtualMachines/temurin-26.jdk/Contents/Home flutter build appbundle --release

$ flutter config --jdk-dir /Library/Java/JavaVirtualMachines/temurin-26.jdk/Contents/Home
Setting "jdk-dir" value to "/Library/Java/JavaVirtualMachines/temurin-26.jdk/Contents/Home".

You may need to restart any open editors for them to read new settings.
[exit-code] 0

$ flutter build appbundle --release

$ env JAVA_HOME=/Library/Java/JavaVirtualMachines/temurin-26.jdk/Contents/Home android/gradlew -p android bundleRelease

Welcome to Gradle 8.14.5!

Here are the highlights of this release:
 - Java 24 support
 - GraalVM Native Image toolchain selection
 - Enhancements to test reporting
 - Build Authoring improvements

For more details see https://docs.gradle.org/8.14.5/release-notes.html

Starting a Gradle Daemon (subsequent builds will be faster)

[stderr]
WARNING: A restricted method in java.lang.System has been called
WARNING: java.lang.System::load has been called by net.rubygrapefruit.platform.internal.NativeLibraryLoader in an unnamed module (file:/Users/jose/.gradle/wrapper/dists/gradle-8.14.5-all/35nx8qz1bzp5iljybogx6e5b9/gradle-8.14.5/lib/native-platform-0.22-milestone-28.jar)
WARNING: Use --enable-native-access=ALL-UNNAMED to avoid a warning for callers in this module
WARNING: Restricted methods will be blocked in a future release unless native access is enabled


FAILURE: Build failed with an exception.

* Where:
Settings file '/Users/jose/src/work/hydracamv2/android/settings.gradle' line: 20

* What went wrong:
Error resolving plugin [id: 'dev.flutter.flutter-plugin-loader', version: '1.0.0']
> 26.0.1

* Try:
> Run with --stacktrace option to get the stack trace.
> Run with --info or --debug option to get more log output.
> Run with --scan to get full insights.
> Get more help at https://help.gradle.org.

BUILD FAILED in 2s
[exit-code] 1

$ env JAVA_HOME=/opt/homebrew/opt/openjdk@17/libexec/openjdk.jdk/Contents/Home android/gradlew -p android bundleRelease
Starting a Gradle Daemon, 1 incompatible Daemon could not be reused, use --status for details

> Configure project :gradle
WARNING: Unsupported Kotlin plugin version.
The `embedded-kotlin` and `kotlin-dsl` plugins rely on features of Kotlin `2.0.21` that might work differently than in the requested version `2.2.20`.

> Task :gradle:checkKotlinGradlePluginConfigurationErrors SKIPPED
> Task :gradle:compileKotlin UP-TO-DATE
> Task :gradle:compileJava NO-SOURCE
> Task :gradle:compileGroovy NO-SOURCE
> Task :gradle:pluginDescriptors UP-TO-DATE
> Task :gradle:processResources UP-TO-DATE
> Task :gradle:classes UP-TO-DATE
> Task :gradle:jar UP-TO-DATE
> Task :app:preBuild UP-TO-DATE
> Task :app:preReleaseBuild UP-TO-DATE
> Task :app:extractReleaseVersionControlInfo
> Task :app:cleanMergeReleaseAssets
> Task :app:mergeReleaseShaders
> Task :app:compileReleaseShaders NO-SOURCE
> Task :app:generateReleaseAssets UP-TO-DATE
> Task :battery_plus:preBuild UP-TO-DATE
> Task :battery_plus:preReleaseBuild UP-TO-DATE
> Task :battery_plus:mergeReleaseShaders
> Task :battery_plus:compileReleaseShaders NO-SOURCE
> Task :battery_plus:generateReleaseAssets UP-TO-DATE
> Task :battery_plus:mergeReleaseAssets
> Task :camera_android_camerax:preBuild UP-TO-DATE
> Task :camera_android_camerax:preReleaseBuild UP-TO-DATE
> Task :camera_android_camerax:mergeReleaseShaders
> Task :camera_android_camerax:compileReleaseShaders NO-SOURCE
> Task :camera_android_camerax:generateReleaseAssets UP-TO-DATE
> Task :camera_android_camerax:mergeReleaseAssets
> Task :connectivity_plus:preBuild UP-TO-DATE
> Task :connectivity_plus:preReleaseBuild UP-TO-DATE
> Task :connectivity_plus:mergeReleaseShaders
> Task :connectivity_plus:compileReleaseShaders NO-SOURCE
> Task :connectivity_plus:generateReleaseAssets UP-TO-DATE
> Task :connectivity_plus:mergeReleaseAssets
> Task :device_info_plus:preBuild UP-TO-DATE
> Task :device_info_plus:preReleaseBuild UP-TO-DATE
> Task :device_info_plus:mergeReleaseShaders
> Task :device_info_plus:compileReleaseShaders NO-SOURCE
> Task :device_info_plus:generateReleaseAssets UP-TO-DATE
> Task :device_info_plus:mergeReleaseAssets
> Task :disk_space_plus:preBuild UP-TO-DATE
> Task :disk_space_plus:preReleaseBuild UP-TO-DATE
> Task :disk_space_plus:mergeReleaseShaders
> Task :disk_space_plus:compileReleaseShaders NO-SOURCE
> Task :disk_space_plus:generateReleaseAssets UP-TO-DATE
> Task :disk_space_plus:mergeReleaseAssets
> Task :flutter_appauth:preBuild UP-TO-DATE
> Task :flutter_appauth:preReleaseBuild UP-TO-DATE
> Task :flutter_appauth:mergeReleaseShaders
> Task :flutter_appauth:compileReleaseShaders NO-SOURCE
> Task :flutter_appauth:generateReleaseAssets UP-TO-DATE
> Task :flutter_appauth:mergeReleaseAssets
> Task :flutter_plugin_android_lifecycle:preBuild UP-TO-DATE
> Task :flutter_plugin_android_lifecycle:preReleaseBuild UP-TO-DATE
> Task :flutter_plugin_android_lifecycle:mergeReleaseShaders
> Task :flutter_plugin_android_lifecycle:compileReleaseShaders NO-SOURCE
> Task :flutter_plugin_android_lifecycle:generateReleaseAssets UP-TO-DATE
> Task :flutter_plugin_android_lifecycle:mergeReleaseAssets
> Task :flutter_secure_storage:preBuild UP-TO-DATE
> Task :flutter_secure_storage:preReleaseBuild UP-TO-DATE
> Task :flutter_secure_storage:mergeReleaseShaders
> Task :flutter_secure_storage:compileReleaseShaders NO-SOURCE
> Task :flutter_secure_storage:generateReleaseAssets UP-TO-DATE
> Task :flutter_secure_storage:mergeReleaseAssets
> Task :geolocator_android:preBuild UP-TO-DATE
> Task :geolocator_android:preReleaseBuild UP-TO-DATE
> Task :geolocator_android:mergeReleaseShaders
> Task :geolocator_android:compileReleaseShaders NO-SOURCE
> Task :geolocator_android:generateReleaseAssets UP-TO-DATE
> Task :geolocator_android:mergeReleaseAssets
> Task :jni:preBuild UP-TO-DATE
> Task :jni:preReleaseBuild UP-TO-DATE
> Task :jni:mergeReleaseShaders
> Task :jni:compileReleaseShaders NO-SOURCE
> Task :jni:generateReleaseAssets UP-TO-DATE
> Task :jni:mergeReleaseAssets
> Task :jni_flutter:preBuild UP-TO-DATE
> Task :jni_flutter:preReleaseBuild UP-TO-DATE
> Task :jni_flutter:mergeReleaseShaders
> Task :jni_flutter:compileReleaseShaders NO-SOURCE
> Task :jni_flutter:generateReleaseAssets UP-TO-DATE
> Task :jni_flutter:mergeReleaseAssets
> Task :network_info_plus:preBuild UP-TO-DATE
> Task :network_info_plus:preReleaseBuild UP-TO-DATE
> Task :network_info_plus:mergeReleaseShaders
> Task :network_info_plus:compileReleaseShaders NO-SOURCE
> Task :network_info_plus:generateReleaseAssets UP-TO-DATE
> Task :network_info_plus:mergeReleaseAssets
> Task :package_info_plus:preBuild UP-TO-DATE
> Task :package_info_plus:preReleaseBuild UP-TO-DATE
> Task :package_info_plus:mergeReleaseShaders
> Task :package_info_plus:compileReleaseShaders NO-SOURCE
> Task :package_info_plus:generateReleaseAssets UP-TO-DATE
> Task :package_info_plus:mergeReleaseAssets
> Task :permission_handler_android:preBuild UP-TO-DATE
> Task :permission_handler_android:preReleaseBuild UP-TO-DATE
> Task :permission_handler_android:mergeReleaseShaders
> Task :permission_handler_android:compileReleaseShaders NO-SOURCE
> Task :permission_handler_android:generateReleaseAssets UP-TO-DATE
> Task :permission_handler_android:mergeReleaseAssets
> Task :photo_manager:preBuild UP-TO-DATE
> Task :photo_manager:preReleaseBuild UP-TO-DATE
> Task :photo_manager:mergeReleaseShaders
> Task :photo_manager:compileReleaseShaders NO-SOURCE
> Task :photo_manager:generateReleaseAssets UP-TO-DATE
> Task :photo_manager:mergeReleaseAssets
> Task :sensors_plus:preBuild UP-TO-DATE
> Task :sensors_plus:preReleaseBuild UP-TO-DATE
> Task :sensors_plus:mergeReleaseShaders
> Task :sensors_plus:compileReleaseShaders NO-SOURCE
> Task :sensors_plus:generateReleaseAssets UP-TO-DATE
> Task :sensors_plus:mergeReleaseAssets
> Task :shared_preferences_android:preBuild UP-TO-DATE
> Task :shared_preferences_android:preReleaseBuild UP-TO-DATE
> Task :shared_preferences_android:mergeReleaseShaders
> Task :shared_preferences_android:compileReleaseShaders NO-SOURCE
> Task :shared_preferences_android:generateReleaseAssets UP-TO-DATE
> Task :shared_preferences_android:mergeReleaseAssets
> Task :url_launcher_android:preBuild UP-TO-DATE
> Task :url_launcher_android:preReleaseBuild UP-TO-DATE
> Task :url_launcher_android:mergeReleaseShaders
> Task :url_launcher_android:compileReleaseShaders NO-SOURCE
> Task :url_launcher_android:generateReleaseAssets UP-TO-DATE
> Task :url_launcher_android:mergeReleaseAssets
> Task :video_player_android:preBuild UP-TO-DATE
> Task :video_player_android:preReleaseBuild UP-TO-DATE
> Task :video_player_android:mergeReleaseShaders
> Task :video_player_android:compileReleaseShaders NO-SOURCE
> Task :video_player_android:generateReleaseAssets UP-TO-DATE
> Task :video_player_android:mergeReleaseAssets
> Task :wakelock_plus:preBuild UP-TO-DATE
> Task :wakelock_plus:preReleaseBuild UP-TO-DATE
> Task :wakelock_plus:mergeReleaseShaders
> Task :wakelock_plus:compileReleaseShaders NO-SOURCE
> Task :wakelock_plus:generateReleaseAssets UP-TO-DATE
> Task :wakelock_plus:mergeReleaseAssets
> Task :app:mergeReleaseAssets
> Task :battery_plus:checkKotlinGradlePluginConfigurationErrors SKIPPED
> Task :battery_plus:generateReleaseResValues
> Task :battery_plus:generateReleaseResources
> Task :battery_plus:packageReleaseResources
> Task :camera_android_camerax:checkKotlinGradlePluginConfigurationErrors SKIPPED
> Task :camera_android_camerax:generateReleaseResValues
> Task :battery_plus:javaPreCompileRelease
> Task :camera_android_camerax:generateReleaseResources
> Task :camera_android_camerax:packageReleaseResources
> Task :connectivity_plus:checkKotlinGradlePluginConfigurationErrors SKIPPED
> Task :camera_android_camerax:javaPreCompileRelease
> Task :connectivity_plus:generateReleaseResValues
> Task :connectivity_plus:generateReleaseResources
> Task :connectivity_plus:packageReleaseResources
> Task :camera_android_camerax:parseReleaseLocalResources
> Task :battery_plus:parseReleaseLocalResources
> Task :connectivity_plus:parseReleaseLocalResources
> Task :device_info_plus:checkKotlinGradlePluginConfigurationErrors SKIPPED
> Task :connectivity_plus:javaPreCompileRelease
> Task :device_info_plus:generateReleaseResValues
> Task :device_info_plus:generateReleaseResources
> Task :device_info_plus:packageReleaseResources
> Task :disk_space_plus:checkKotlinGradlePluginConfigurationErrors SKIPPED
> Task :device_info_plus:javaPreCompileRelease
> Task :disk_space_plus:generateReleaseResValues
> Task :device_info_plus:parseReleaseLocalResources
> Task :disk_space_plus:generateReleaseResources
> Task :connectivity_plus:generateReleaseRFile
> Task :battery_plus:generateReleaseRFile
> Task :camera_android_camerax:generateReleaseRFile
> Task :device_info_plus:generateReleaseRFile
> Task :connectivity_plus:compileReleaseKotlin NO-SOURCE
> Task :battery_plus:compileReleaseKotlin
> Task :connectivity_plus:compileReleaseJavaWithJavac
> Task :battery_plus:compileReleaseJavaWithJavac NO-SOURCE
> Task :battery_plus:mergeReleaseGeneratedProguardFiles
> Task :connectivity_plus:mergeReleaseGeneratedProguardFiles
> Task :battery_plus:exportReleaseConsumerProguardFiles
> Task :connectivity_plus:exportReleaseConsumerProguardFiles
> Task :disk_space_plus:packageReleaseResources
> Task :flutter_appauth:checkKotlinGradlePluginConfigurationErrors SKIPPED
> Task :disk_space_plus:parseReleaseLocalResources
> Task :disk_space_plus:javaPreCompileRelease
> Task :flutter_appauth:generateReleaseResValues
> Task :flutter_appauth:generateReleaseResources
> Task :disk_space_plus:generateReleaseRFile
> Task :flutter_appauth:packageReleaseResources
> Task :flutter_appauth:parseReleaseLocalResources
> Task :flutter_appauth:javaPreCompileRelease
> Task :flutter_plugin_android_lifecycle:checkKotlinGradlePluginConfigurationErrors SKIPPED
> Task :flutter_plugin_android_lifecycle:generateReleaseResValues
> Task :flutter_appauth:generateReleaseRFile
> Task :flutter_plugin_android_lifecycle:generateReleaseResources
> Task :flutter_appauth:compileReleaseKotlin NO-SOURCE

> Task :disk_space_plus:compileReleaseKotlin
w: file:///Users/jose/.pub-cache/hosted/pub.dev/disk_space_plus-0.2.6/android/src/main/kotlin/com/piccmaq/disk_space_plus/MethodHandlerImpl.kt:30:18 'val blockSize: Int' is deprecated. Deprecated in Java.
w: file:///Users/jose/.pub-cache/hosted/pub.dev/disk_space_plus-0.2.6/android/src/main/kotlin/com/piccmaq/disk_space_plus/MethodHandlerImpl.kt:30:44 'val availableBlocks: Int' is deprecated. Deprecated in Java.
w: file:///Users/jose/.pub-cache/hosted/pub.dev/disk_space_plus-0.2.6/android/src/main/kotlin/com/piccmaq/disk_space_plus/MethodHandlerImpl.kt:41:18 'val blockSize: Int' is deprecated. Deprecated in Java.
w: file:///Users/jose/.pub-cache/hosted/pub.dev/disk_space_plus-0.2.6/android/src/main/kotlin/com/piccmaq/disk_space_plus/MethodHandlerImpl.kt:41:44 'val availableBlocks: Int' is deprecated. Deprecated in Java.
w: file:///Users/jose/.pub-cache/hosted/pub.dev/disk_space_plus-0.2.6/android/src/main/kotlin/com/piccmaq/disk_space_plus/MethodHandlerImpl.kt:52:18 'val blockSize: Int' is deprecated. Deprecated in Java.
w: file:///Users/jose/.pub-cache/hosted/pub.dev/disk_space_plus-0.2.6/android/src/main/kotlin/com/piccmaq/disk_space_plus/MethodHandlerImpl.kt:52:44 'val blockCount: Int' is deprecated. Deprecated in Java.

> Task :device_info_plus:compileReleaseKotlin
> Task :camera_android_camerax:compileReleaseKotlin
> Task :flutter_appauth:compileReleaseJavaWithJavac
> Task :camera_android_camerax:compileReleaseJavaWithJavac
> Task :camera_android_camerax:mergeReleaseGeneratedProguardFiles
> Task :camera_android_camerax:exportReleaseConsumerProguardFiles
> Task :device_info_plus:compileReleaseJavaWithJavac NO-SOURCE
> Task :device_info_plus:mergeReleaseGeneratedProguardFiles
> Task :device_info_plus:exportReleaseConsumerProguardFiles
> Task :disk_space_plus:compileReleaseJavaWithJavac NO-SOURCE
> Task :disk_space_plus:mergeReleaseGeneratedProguardFiles
> Task :disk_space_plus:exportReleaseConsumerProguardFiles
> Task :flutter_appauth:mergeReleaseGeneratedProguardFiles
> Task :flutter_appauth:exportReleaseConsumerProguardFiles
> Task :flutter_plugin_android_lifecycle:packageReleaseResources
> Task :flutter_plugin_android_lifecycle:parseReleaseLocalResources
> Task :flutter_plugin_android_lifecycle:javaPreCompileRelease
> Task :flutter_secure_storage:checkKotlinGradlePluginConfigurationErrors SKIPPED
> Task :flutter_plugin_android_lifecycle:generateReleaseRFile
> Task :flutter_secure_storage:generateReleaseBuildConfig
> Task :flutter_plugin_android_lifecycle:compileReleaseKotlin NO-SOURCE
> Task :flutter_plugin_android_lifecycle:compileReleaseJavaWithJavac
> Task :flutter_plugin_android_lifecycle:mergeReleaseGeneratedProguardFiles
> Task :flutter_plugin_android_lifecycle:exportReleaseConsumerProguardFiles
> Task :flutter_secure_storage:generateReleaseResValues
> Task :flutter_secure_storage:generateReleaseResources
> Task :flutter_secure_storage:packageReleaseResources
> Task :geolocator_android:checkKotlinGradlePluginConfigurationErrors SKIPPED
> Task :flutter_secure_storage:parseReleaseLocalResources
> Task :flutter_secure_storage:javaPreCompileRelease
> Task :geolocator_android:generateReleaseResValues
> Task :geolocator_android:generateReleaseResources
> Task :flutter_secure_storage:generateReleaseRFile
> Task :geolocator_android:packageReleaseResources
> Task :flutter_secure_storage:compileReleaseKotlin NO-SOURCE
> Task :flutter_secure_storage:compileReleaseJavaWithJavac
> Task :flutter_secure_storage:mergeReleaseGeneratedProguardFiles
> Task :flutter_secure_storage:exportReleaseConsumerProguardFiles
> Task :jni:checkKotlinGradlePluginConfigurationErrors SKIPPED
> Task :geolocator_android:parseReleaseLocalResources
> Task :geolocator_android:javaPreCompileRelease
> Task :jni:generateReleaseResValues
> Task :jni:generateReleaseResources
> Task :geolocator_android:generateReleaseRFile
> Task :jni:packageReleaseResources
> Task :geolocator_android:compileReleaseKotlin NO-SOURCE
> Task :geolocator_android:compileReleaseJavaWithJavac
> Task :geolocator_android:mergeReleaseGeneratedProguardFiles
> Task :geolocator_android:exportReleaseConsumerProguardFiles
> Task :jni_flutter:checkKotlinGradlePluginConfigurationErrors SKIPPED
> Task :jni:parseReleaseLocalResources
> Task :jni:javaPreCompileRelease
> Task :jni_flutter:generateReleaseResValues
> Task :jni_flutter:generateReleaseResources
> Task :jni:generateReleaseRFile
> Task :jni_flutter:packageReleaseResources
> Task :jni:compileReleaseKotlin NO-SOURCE
> Task :jni:compileReleaseJavaWithJavac
> Task :jni_flutter:javaPreCompileRelease
> Task :jni_flutter:parseReleaseLocalResources
> Task :jni:mergeReleaseGeneratedProguardFiles
> Task :network_info_plus:checkKotlinGradlePluginConfigurationErrors SKIPPED
> Task :jni:exportReleaseConsumerProguardFiles
> Task :jni_flutter:generateReleaseRFile
> Task :network_info_plus:generateReleaseResValues
> Task :network_info_plus:generateReleaseResources
> Task :network_info_plus:packageReleaseResources
> Task :jni:bundleLibCompileToJarRelease
> Task :network_info_plus:parseReleaseLocalResources
> Task :jni_flutter:compileReleaseKotlin NO-SOURCE
> Task :jni_flutter:compileReleaseJavaWithJavac
> Task :jni_flutter:mergeReleaseGeneratedProguardFiles
> Task :jni_flutter:exportReleaseConsumerProguardFiles
> Task :package_info_plus:checkKotlinGradlePluginConfigurationErrors SKIPPED
> Task :network_info_plus:javaPreCompileRelease
> Task :network_info_plus:generateReleaseRFile
> Task :package_info_plus:generateReleaseResValues
> Task :package_info_plus:generateReleaseResources
> Task :package_info_plus:packageReleaseResources
> Task :wakelock_plus:checkKotlinGradlePluginConfigurationErrors SKIPPED
> Task :package_info_plus:javaPreCompileRelease
> Task :package_info_plus:parseReleaseLocalResources
> Task :wakelock_plus:generateReleaseResValues
> Task :wakelock_plus:generateReleaseResources
> Task :package_info_plus:generateReleaseRFile
> Task :wakelock_plus:packageReleaseResources
> Task :permission_handler_android:checkKotlinGradlePluginConfigurationErrors SKIPPED
> Task :wakelock_plus:parseReleaseLocalResources
> Task :wakelock_plus:javaPreCompileRelease
> Task :permission_handler_android:generateReleaseResValues
> Task :wakelock_plus:generateReleaseRFile
> Task :permission_handler_android:generateReleaseResources
> Task :permission_handler_android:packageReleaseResources
> Task :permission_handler_android:parseReleaseLocalResources
> Task :permission_handler_android:javaPreCompileRelease
> Task :photo_manager:checkKotlinGradlePluginConfigurationErrors SKIPPED
> Task :photo_manager:generateReleaseResValues
> Task :permission_handler_android:generateReleaseRFile
> Task :photo_manager:generateReleaseResources
> Task :permission_handler_android:compileReleaseKotlin NO-SOURCE
> Task :permission_handler_android:compileReleaseJavaWithJavac
> Task :permission_handler_android:mergeReleaseGeneratedProguardFiles
> Task :permission_handler_android:exportReleaseConsumerProguardFiles
> Task :photo_manager:packageReleaseResources
> Task :sensors_plus:checkKotlinGradlePluginConfigurationErrors SKIPPED
> Task :photo_manager:parseReleaseLocalResources
> Task :photo_manager:javaPreCompileRelease
> Task :sensors_plus:generateReleaseResValues
> Task :sensors_plus:generateReleaseResources
> Task :photo_manager:generateReleaseRFile
> Task :sensors_plus:packageReleaseResources
> Task :package_info_plus:compileReleaseKotlin
> Task :network_info_plus:compileReleaseKotlin
> Task :network_info_plus:compileReleaseJavaWithJavac NO-SOURCE
> Task :network_info_plus:mergeReleaseGeneratedProguardFiles
> Task :network_info_plus:exportReleaseConsumerProguardFiles
> Task :package_info_plus:compileReleaseJavaWithJavac NO-SOURCE
> Task :package_info_plus:mergeReleaseGeneratedProguardFiles
> Task :package_info_plus:bundleLibCompileToJarRelease
> Task :package_info_plus:exportReleaseConsumerProguardFiles
> Task :shared_preferences_android:checkKotlinGradlePluginConfigurationErrors SKIPPED
> Task :sensors_plus:parseReleaseLocalResources
> Task :sensors_plus:javaPreCompileRelease
> Task :shared_preferences_android:generateReleaseResValues
> Task :sensors_plus:generateReleaseRFile
> Task :shared_preferences_android:generateReleaseResources
> Task :shared_preferences_android:packageReleaseResources
> Task :shared_preferences_android:parseReleaseLocalResources
> Task :shared_preferences_android:javaPreCompileRelease
> Task :url_launcher_android:checkKotlinGradlePluginConfigurationErrors SKIPPED
> Task :shared_preferences_android:generateReleaseRFile
> Task :url_launcher_android:generateReleaseBuildConfig
> Task :sensors_plus:compileReleaseKotlin
> Task :wakelock_plus:compileReleaseKotlin
> Task :photo_manager:compileReleaseKotlin
> Task :wakelock_plus:compileReleaseJavaWithJavac NO-SOURCE
> Task :wakelock_plus:mergeReleaseGeneratedProguardFiles
> Task :wakelock_plus:exportReleaseConsumerProguardFiles
> Task :photo_manager:compileReleaseJavaWithJavac NO-SOURCE
> Task :photo_manager:mergeReleaseGeneratedProguardFiles
> Task :sensors_plus:compileReleaseJavaWithJavac NO-SOURCE
> Task :photo_manager:exportReleaseConsumerProguardFiles
> Task :sensors_plus:mergeReleaseGeneratedProguardFiles
> Task :sensors_plus:exportReleaseConsumerProguardFiles
> Task :url_launcher_android:generateReleaseResValues
> Task :url_launcher_android:generateReleaseResources
> Task :url_launcher_android:packageReleaseResources
> Task :video_player_android:checkKotlinGradlePluginConfigurationErrors SKIPPED
> Task :url_launcher_android:parseReleaseLocalResources
> Task :url_launcher_android:javaPreCompileRelease
> Task :video_player_android:generateReleaseResValues
> Task :video_player_android:generateReleaseResources
> Task :url_launcher_android:generateReleaseRFile
> Task :video_player_android:packageReleaseResources
> Task :video_player_android:javaPreCompileRelease
> Task :video_player_android:parseReleaseLocalResources
> Task :app:buildKotlinToolingMetadata
> Task :video_player_android:generateReleaseRFile
> Task :url_launcher_android:compileReleaseKotlin
> Task :shared_preferences_android:compileReleaseKotlin
> Task :app:checkReleaseDuplicateClasses
> Task :shared_preferences_android:compileReleaseJavaWithJavac
> Task :shared_preferences_android:mergeReleaseGeneratedProguardFiles
> Task :shared_preferences_android:exportReleaseConsumerProguardFiles
> Task :url_launcher_android:compileReleaseJavaWithJavac
> Task :url_launcher_android:mergeReleaseGeneratedProguardFiles
> Task :url_launcher_android:exportReleaseConsumerProguardFiles
> Task :app:checkKotlinGradlePluginConfigurationErrors SKIPPED
> Task :camera_android_camerax:writeReleaseAarMetadata
> Task :battery_plus:writeReleaseAarMetadata
> Task :connectivity_plus:writeReleaseAarMetadata
> Task :device_info_plus:writeReleaseAarMetadata
> Task :disk_space_plus:writeReleaseAarMetadata
> Task :flutter_appauth:writeReleaseAarMetadata
> Task :flutter_plugin_android_lifecycle:writeReleaseAarMetadata
> Task :flutter_secure_storage:writeReleaseAarMetadata
> Task :geolocator_android:writeReleaseAarMetadata
> Task :jni:writeReleaseAarMetadata
> Task :jni_flutter:writeReleaseAarMetadata
> Task :network_info_plus:writeReleaseAarMetadata
> Task :package_info_plus:writeReleaseAarMetadata
> Task :permission_handler_android:writeReleaseAarMetadata
> Task :photo_manager:writeReleaseAarMetadata
> Task :sensors_plus:writeReleaseAarMetadata
> Task :shared_preferences_android:writeReleaseAarMetadata
> Task :url_launcher_android:writeReleaseAarMetadata
> Task :video_player_android:writeReleaseAarMetadata
> Task :wakelock_plus:writeReleaseAarMetadata
> Task :app:checkReleaseAarMetadata
> Task :video_player_android:compileReleaseKotlin
> Task :app:compileFlutterBuildRelease
> Task :video_player_android:compileReleaseJavaWithJavac
> Task :video_player_android:mergeReleaseGeneratedProguardFiles
> Task :video_player_android:exportReleaseConsumerProguardFiles
> Task :app:copyFlutterAssetsRelease
> Task :app:generateReleaseResValues
> Task :app:mapReleaseSourceSetPaths
> Task :app:generateReleaseResources
> Task :app:packageReleaseResources
> Task :app:createReleaseCompatibleScreenManifests
> Task :app:extractDeepLinksRelease
> Task :app:parseReleaseLocalResources
> Task :battery_plus:extractDeepLinksRelease
> Task :camera_android_camerax:extractDeepLinksRelease
> Task :connectivity_plus:extractDeepLinksRelease
> Task :device_info_plus:extractDeepLinksRelease
> Task :disk_space_plus:extractDeepLinksRelease
> Task :flutter_appauth:extractDeepLinksRelease
> Task :flutter_plugin_android_lifecycle:extractDeepLinksRelease
> Task :flutter_secure_storage:extractDeepLinksRelease
> Task :geolocator_android:extractDeepLinksRelease
> Task :jni:extractDeepLinksRelease
> Task :jni_flutter:extractDeepLinksRelease
> Task :flutter_secure_storage:processReleaseManifest

> Task :connectivity_plus:processReleaseManifest
package="dev.fluttercommunity.plus.connectivity" found in source AndroidManifest.xml: /Users/jose/.pub-cache/hosted/pub.dev/connectivity_plus-7.1.1/android/src/main/AndroidManifest.xml.
Setting the namespace via the package attribute in the source AndroidManifest.xml is no longer supported, and the value is ignored.
Recommendation: remove package="dev.fluttercommunity.plus.connectivity" from the source AndroidManifest.xml: /Users/jose/.pub-cache/hosted/pub.dev/connectivity_plus-7.1.1/android/src/main/AndroidManifest.xml.

> Task :geolocator_android:processReleaseManifest
package="com.baseflow.geolocator" found in source AndroidManifest.xml: /Users/jose/.pub-cache/hosted/pub.dev/geolocator_android-5.0.3/android/src/main/AndroidManifest.xml.
Setting the namespace via the package attribute in the source AndroidManifest.xml is no longer supported, and the value is ignored.
Recommendation: remove package="com.baseflow.geolocator" from the source AndroidManifest.xml: /Users/jose/.pub-cache/hosted/pub.dev/geolocator_android-5.0.3/android/src/main/AndroidManifest.xml.

> Task :disk_space_plus:processReleaseManifest
package="com.piccmaq.disk_space_plus" found in source AndroidManifest.xml: /Users/jose/.pub-cache/hosted/pub.dev/disk_space_plus-0.2.6/android/src/main/AndroidManifest.xml.
Setting the namespace via the package attribute in the source AndroidManifest.xml is no longer supported, and the value is ignored.
Recommendation: remove package="com.piccmaq.disk_space_plus" from the source AndroidManifest.xml: /Users/jose/.pub-cache/hosted/pub.dev/disk_space_plus-0.2.6/android/src/main/AndroidManifest.xml.

> Task :device_info_plus:processReleaseManifest
package="dev.fluttercommunity.plus.device_info" found in source AndroidManifest.xml: /Users/jose/.pub-cache/hosted/pub.dev/device_info_plus-13.1.0/android/src/main/AndroidManifest.xml.
Setting the namespace via the package attribute in the source AndroidManifest.xml is no longer supported, and the value is ignored.
Recommendation: remove package="dev.fluttercommunity.plus.device_info" from the source AndroidManifest.xml: /Users/jose/.pub-cache/hosted/pub.dev/device_info_plus-13.1.0/android/src/main/AndroidManifest.xml.

> Task :flutter_plugin_android_lifecycle:processReleaseManifest
package="io.flutter.plugins.flutter_plugin_android_lifecycle" found in source AndroidManifest.xml: /Users/jose/.pub-cache/hosted/pub.dev/flutter_plugin_android_lifecycle-2.0.35/android/src/main/AndroidManifest.xml.
Setting the namespace via the package attribute in the source AndroidManifest.xml is no longer supported, and the value is ignored.
Recommendation: remove package="io.flutter.plugins.flutter_plugin_android_lifecycle" from the source AndroidManifest.xml: /Users/jose/.pub-cache/hosted/pub.dev/flutter_plugin_android_lifecycle-2.0.35/android/src/main/AndroidManifest.xml.

> Task :flutter_appauth:processReleaseManifest
package="io.crossingthestreams.flutterappauth" found in source AndroidManifest.xml: /Users/jose/.pub-cache/hosted/pub.dev/flutter_appauth-12.0.1/android/src/main/AndroidManifest.xml.
Setting the namespace via the package attribute in the source AndroidManifest.xml is no longer supported, and the value is ignored.
Recommendation: remove package="io.crossingthestreams.flutterappauth" from the source AndroidManifest.xml: /Users/jose/.pub-cache/hosted/pub.dev/flutter_appauth-12.0.1/android/src/main/AndroidManifest.xml.
/Users/jose/.pub-cache/hosted/pub.dev/flutter_appauth-12.0.1/android/src/main/AndroidManifest.xml:5:5-7:39 Warning:
	activity#net.openid.appauth.RedirectUriReceiverActivity@android:theme was tagged at AndroidManifest.xml:5 to replace other declarations but no other declaration present

> Task :jni:processReleaseManifest
package="com.github.dart_lang.jni" found in source AndroidManifest.xml: /Users/jose/.pub-cache/hosted/pub.dev/jni-1.0.0/android/src/main/AndroidManifest.xml.
Setting the namespace via the package attribute in the source AndroidManifest.xml is no longer supported, and the value is ignored.
Recommendation: remove package="com.github.dart_lang.jni" from the source AndroidManifest.xml: /Users/jose/.pub-cache/hosted/pub.dev/jni-1.0.0/android/src/main/AndroidManifest.xml.

> Task :camera_android_camerax:processReleaseManifest
package="io.flutter.plugins.camerax" found in source AndroidManifest.xml: /Users/jose/.pub-cache/hosted/pub.dev/camera_android_camerax-0.7.2+1/android/src/main/AndroidManifest.xml.
Setting the namespace via the package attribute in the source AndroidManifest.xml is no longer supported, and the value is ignored.
Recommendation: remove package="io.flutter.plugins.camerax" from the source AndroidManifest.xml: /Users/jose/.pub-cache/hosted/pub.dev/camera_android_camerax-0.7.2+1/android/src/main/AndroidManifest.xml.

> Task :battery_plus:processReleaseManifest
package="dev.fluttercommunity.plus.battery" found in source AndroidManifest.xml: /Users/jose/.pub-cache/hosted/pub.dev/battery_plus-7.0.0/android/src/main/AndroidManifest.xml.
Setting the namespace via the package attribute in the source AndroidManifest.xml is no longer supported, and the value is ignored.
Recommendation: remove package="dev.fluttercommunity.plus.battery" from the source AndroidManifest.xml: /Users/jose/.pub-cache/hosted/pub.dev/battery_plus-7.0.0/android/src/main/AndroidManifest.xml.

> Task :jni_flutter:processReleaseManifest
package="com.github.dart_lang.jni_flutter" found in source AndroidManifest.xml: /Users/jose/.pub-cache/hosted/pub.dev/jni_flutter-1.0.1/android/src/main/AndroidManifest.xml.
Setting the namespace via the package attribute in the source AndroidManifest.xml is no longer supported, and the value is ignored.
Recommendation: remove package="com.github.dart_lang.jni_flutter" from the source AndroidManifest.xml: /Users/jose/.pub-cache/hosted/pub.dev/jni_flutter-1.0.1/android/src/main/AndroidManifest.xml.

> Task :network_info_plus:extractDeepLinksRelease
> Task :package_info_plus:extractDeepLinksRelease

> Task :network_info_plus:processReleaseManifest
package="dev.fluttercommunity.plus.network_info" found in source AndroidManifest.xml: /Users/jose/.pub-cache/hosted/pub.dev/network_info_plus-8.1.0/android/src/main/AndroidManifest.xml.
Setting the namespace via the package attribute in the source AndroidManifest.xml is no longer supported, and the value is ignored.
Recommendation: remove package="dev.fluttercommunity.plus.network_info" from the source AndroidManifest.xml: /Users/jose/.pub-cache/hosted/pub.dev/network_info_plus-8.1.0/android/src/main/AndroidManifest.xml.

> Task :permission_handler_android:extractDeepLinksRelease

> Task :package_info_plus:processReleaseManifest
package="dev.fluttercommunity.plus.packageinfo" found in source AndroidManifest.xml: /Users/jose/.pub-cache/hosted/pub.dev/package_info_plus-10.1.0/android/src/main/AndroidManifest.xml.
Setting the namespace via the package attribute in the source AndroidManifest.xml is no longer supported, and the value is ignored.
Recommendation: remove package="dev.fluttercommunity.plus.packageinfo" from the source AndroidManifest.xml: /Users/jose/.pub-cache/hosted/pub.dev/package_info_plus-10.1.0/android/src/main/AndroidManifest.xml.

> Task :photo_manager:extractDeepLinksRelease

> Task :permission_handler_android:processReleaseManifest
package="com.baseflow.permissionhandler" found in source AndroidManifest.xml: /Users/jose/.pub-cache/hosted/pub.dev/permission_handler_android-13.0.1/android/src/main/AndroidManifest.xml.
Setting the namespace via the package attribute in the source AndroidManifest.xml is no longer supported, and the value is ignored.
Recommendation: remove package="com.baseflow.permissionhandler" from the source AndroidManifest.xml: /Users/jose/.pub-cache/hosted/pub.dev/permission_handler_android-13.0.1/android/src/main/AndroidManifest.xml.

> Task :sensors_plus:extractDeepLinksRelease
> Task :photo_manager:processReleaseManifest
> Task :shared_preferences_android:extractDeepLinksRelease

> Task :sensors_plus:processReleaseManifest
package="dev.fluttercommunity.plus.sensors" found in source AndroidManifest.xml: /Users/jose/.pub-cache/hosted/pub.dev/sensors_plus-7.0.0/android/src/main/AndroidManifest.xml.
Setting the namespace via the package attribute in the source AndroidManifest.xml is no longer supported, and the value is ignored.
Recommendation: remove package="dev.fluttercommunity.plus.sensors" from the source AndroidManifest.xml: /Users/jose/.pub-cache/hosted/pub.dev/sensors_plus-7.0.0/android/src/main/AndroidManifest.xml.

> Task :url_launcher_android:extractDeepLinksRelease

> Task :shared_preferences_android:processReleaseManifest
package="io.flutter.plugins.sharedpreferences" found in source AndroidManifest.xml: /Users/jose/.pub-cache/hosted/pub.dev/shared_preferences_android-2.4.26/android/src/main/AndroidManifest.xml.
Setting the namespace via the package attribute in the source AndroidManifest.xml is no longer supported, and the value is ignored.
Recommendation: remove package="io.flutter.plugins.sharedpreferences" from the source AndroidManifest.xml: /Users/jose/.pub-cache/hosted/pub.dev/shared_preferences_android-2.4.26/android/src/main/AndroidManifest.xml.

> Task :video_player_android:extractDeepLinksRelease

> Task :url_launcher_android:processReleaseManifest
package="io.flutter.plugins.urllauncher" found in source AndroidManifest.xml: /Users/jose/.pub-cache/hosted/pub.dev/url_launcher_android-6.3.32/android/src/main/AndroidManifest.xml.
Setting the namespace via the package attribute in the source AndroidManifest.xml is no longer supported, and the value is ignored.
Recommendation: remove package="io.flutter.plugins.urllauncher" from the source AndroidManifest.xml: /Users/jose/.pub-cache/hosted/pub.dev/url_launcher_android-6.3.32/android/src/main/AndroidManifest.xml.

> Task :wakelock_plus:extractDeepLinksRelease

> Task :video_player_android:processReleaseManifest
package="io.flutter.plugins.videoplayer" found in source AndroidManifest.xml: /Users/jose/.pub-cache/hosted/pub.dev/video_player_android-2.9.6/android/src/main/AndroidManifest.xml.
Setting the namespace via the package attribute in the source AndroidManifest.xml is no longer supported, and the value is ignored.
Recommendation: remove package="io.flutter.plugins.videoplayer" from the source AndroidManifest.xml: /Users/jose/.pub-cache/hosted/pub.dev/video_player_android-2.9.6/android/src/main/AndroidManifest.xml.

> Task :wakelock_plus:processReleaseManifest
package="dev.fluttercommunity.plus.wakelock" found in source AndroidManifest.xml: /Users/jose/.pub-cache/hosted/pub.dev/wakelock_plus-1.6.1/android/src/main/AndroidManifest.xml.
Setting the namespace via the package attribute in the source AndroidManifest.xml is no longer supported, and the value is ignored.
Recommendation: remove package="dev.fluttercommunity.plus.wakelock" from the source AndroidManifest.xml: /Users/jose/.pub-cache/hosted/pub.dev/wakelock_plus-1.6.1/android/src/main/AndroidManifest.xml.

> Task :battery_plus:bundleLibCompileToJarRelease
> Task :camera_android_camerax:bundleLibCompileToJarRelease
> Task :app:mergeReleaseResources

> Task :app:processReleaseMainManifest
package="com.amaia23.hydracam" found in source AndroidManifest.xml: /Users/jose/src/work/hydracamv2/android/app/src/main/AndroidManifest.xml.
Setting the namespace via the package attribute in the source AndroidManifest.xml is no longer supported, and the value is ignored.
Recommendation: remove package="com.amaia23.hydracam" from the source AndroidManifest.xml: /Users/jose/src/work/hydracamv2/android/app/src/main/AndroidManifest.xml.
/Users/jose/src/work/hydracamv2/android/app/src/main/AndroidManifest.xml:51:9-59:20 Warning:
	activity#net.openid.appauth.RedirectUriReceiverActivity@android:theme was tagged at AndroidManifest.xml:51 to replace other declarations but no other declaration present

> Task :app:outputReleaseAppLinkSettings
> Task :app:processReleaseManifest
> Task :device_info_plus:bundleLibCompileToJarRelease
> Task :connectivity_plus:bundleLibCompileToJarRelease
> Task :disk_space_plus:bundleLibCompileToJarRelease
> Task :flutter_appauth:bundleLibCompileToJarRelease
> Task :flutter_plugin_android_lifecycle:bundleLibCompileToJarRelease
> Task :flutter_secure_storage:bundleLibCompileToJarRelease
> Task :jni_flutter:bundleLibCompileToJarRelease
> Task :geolocator_android:bundleLibCompileToJarRelease
> Task :network_info_plus:bundleLibCompileToJarRelease
> Task :permission_handler_android:bundleLibCompileToJarRelease
> Task :sensors_plus:bundleLibCompileToJarRelease
> Task :photo_manager:bundleLibCompileToJarRelease
> Task :url_launcher_android:bundleLibCompileToJarRelease
> Task :shared_preferences_android:bundleLibCompileToJarRelease
> Task :wakelock_plus:bundleLibCompileToJarRelease
> Task :app:javaPreCompileRelease
> Task :video_player_android:bundleLibCompileToJarRelease
> Task :battery_plus:prepareReleaseArtProfile
> Task :camera_android_camerax:prepareReleaseArtProfile
> Task :connectivity_plus:prepareReleaseArtProfile
> Task :device_info_plus:prepareReleaseArtProfile
> Task :disk_space_plus:prepareReleaseArtProfile
> Task :flutter_appauth:prepareReleaseArtProfile
> Task :flutter_plugin_android_lifecycle:prepareReleaseArtProfile
> Task :flutter_secure_storage:prepareReleaseArtProfile
> Task :geolocator_android:prepareReleaseArtProfile
> Task :jni:prepareReleaseArtProfile
> Task :jni_flutter:prepareReleaseArtProfile
> Task :network_info_plus:prepareReleaseArtProfile
> Task :package_info_plus:prepareReleaseArtProfile
> Task :permission_handler_android:prepareReleaseArtProfile
> Task :photo_manager:prepareReleaseArtProfile
> Task :sensors_plus:prepareReleaseArtProfile
> Task :shared_preferences_android:prepareReleaseArtProfile
> Task :url_launcher_android:prepareReleaseArtProfile
> Task :video_player_android:prepareReleaseArtProfile
> Task :wakelock_plus:prepareReleaseArtProfile
> Task :battery_plus:bundleLibRuntimeToJarRelease
> Task :app:mergeReleaseArtProfile
> Task :connectivity_plus:bundleLibRuntimeToJarRelease
> Task :device_info_plus:bundleLibRuntimeToJarRelease
> Task :disk_space_plus:bundleLibRuntimeToJarRelease
> Task :flutter_appauth:bundleLibRuntimeToJarRelease
> Task :flutter_plugin_android_lifecycle:bundleLibRuntimeToJarRelease
> Task :app:processReleaseManifestForPackage
> Task :flutter_secure_storage:bundleLibRuntimeToJarRelease
> Task :geolocator_android:bundleLibRuntimeToJarRelease
> Task :camera_android_camerax:bundleLibRuntimeToJarRelease
> Task :jni:bundleLibRuntimeToJarRelease
> Task :jni_flutter:bundleLibRuntimeToJarRelease
> Task :network_info_plus:bundleLibRuntimeToJarRelease
> Task :package_info_plus:bundleLibRuntimeToJarRelease
> Task :permission_handler_android:bundleLibRuntimeToJarRelease
> Task :sensors_plus:bundleLibRuntimeToJarRelease
> Task :url_launcher_android:bundleLibRuntimeToJarRelease
> Task :photo_manager:bundleLibRuntimeToJarRelease
> Task :shared_preferences_android:bundleLibRuntimeToJarRelease
> Task :wakelock_plus:bundleLibRuntimeToJarRelease
> Task :video_player_android:bundleLibRuntimeToJarRelease
> Task :app:extractProguardFiles
> Task :battery_plus:processReleaseJavaRes
> Task :camera_android_camerax:processReleaseJavaRes
> Task :connectivity_plus:processReleaseJavaRes NO-SOURCE
> Task :device_info_plus:processReleaseJavaRes
> Task :disk_space_plus:processReleaseJavaRes
> Task :flutter_appauth:processReleaseJavaRes NO-SOURCE
> Task :flutter_plugin_android_lifecycle:processReleaseJavaRes NO-SOURCE
> Task :flutter_secure_storage:processReleaseJavaRes NO-SOURCE
> Task :geolocator_android:processReleaseJavaRes NO-SOURCE
> Task :jni:processReleaseJavaRes NO-SOURCE
> Task :jni_flutter:processReleaseJavaRes NO-SOURCE
> Task :network_info_plus:processReleaseJavaRes
> Task :package_info_plus:processReleaseJavaRes
> Task :permission_handler_android:processReleaseJavaRes NO-SOURCE
> Task :photo_manager:processReleaseJavaRes
> Task :sensors_plus:processReleaseJavaRes
> Task :shared_preferences_android:processReleaseJavaRes
> Task :url_launcher_android:processReleaseJavaRes
> Task :video_player_android:processReleaseJavaRes
> Task :wakelock_plus:processReleaseJavaRes
> Task :app:mergeReleaseStartupProfile
> Task :app:processReleaseResources
> Task :app:configureCMakeRelease[arm64-v8a]
> Task :app:buildCMakeRelease[arm64-v8a]
> Task :app:compileReleaseKotlin
> Task :app:configureCMakeRelease[armeabi-v7a]
> Task :app:compileReleaseJavaWithJavac
> Task :app:mergeReleaseGeneratedProguardFiles
> Task :app:processReleaseJavaRes
> Task :app:expandReleaseArtProfileWildcards
> Task :app:buildCMakeRelease[armeabi-v7a]
> Task :app:configureCMakeRelease[x86_64]
> Task :app:buildCMakeRelease[x86_64]
> Task :app:copyJniLibsflutterBuildRelease
> Task :app:mergeReleaseJavaResource
> Task :app:mergeReleaseJniLibFolders
> Task :battery_plus:mergeReleaseJniLibFolders
> Task :battery_plus:mergeReleaseNativeLibs NO-SOURCE
> Task :camera_android_camerax:mergeReleaseJniLibFolders
> Task :battery_plus:copyReleaseJniLibsProjectOnly
> Task :camera_android_camerax:mergeReleaseNativeLibs NO-SOURCE
> Task :camera_android_camerax:copyReleaseJniLibsProjectOnly
> Task :connectivity_plus:mergeReleaseJniLibFolders
> Task :connectivity_plus:mergeReleaseNativeLibs NO-SOURCE
> Task :connectivity_plus:copyReleaseJniLibsProjectOnly
> Task :device_info_plus:mergeReleaseJniLibFolders
> Task :device_info_plus:mergeReleaseNativeLibs NO-SOURCE
> Task :device_info_plus:copyReleaseJniLibsProjectOnly
> Task :disk_space_plus:mergeReleaseJniLibFolders
> Task :disk_space_plus:mergeReleaseNativeLibs NO-SOURCE
> Task :disk_space_plus:copyReleaseJniLibsProjectOnly
> Task :flutter_appauth:mergeReleaseJniLibFolders
> Task :flutter_appauth:mergeReleaseNativeLibs NO-SOURCE
> Task :flutter_appauth:copyReleaseJniLibsProjectOnly
> Task :flutter_plugin_android_lifecycle:mergeReleaseJniLibFolders
> Task :flutter_plugin_android_lifecycle:mergeReleaseNativeLibs NO-SOURCE
> Task :flutter_plugin_android_lifecycle:copyReleaseJniLibsProjectOnly
> Task :flutter_secure_storage:mergeReleaseJniLibFolders
> Task :flutter_secure_storage:mergeReleaseNativeLibs NO-SOURCE
> Task :flutter_secure_storage:copyReleaseJniLibsProjectOnly
> Task :geolocator_android:mergeReleaseJniLibFolders
> Task :geolocator_android:mergeReleaseNativeLibs NO-SOURCE
> Task :geolocator_android:copyReleaseJniLibsProjectOnly
> Task :jni:configureCMakeRelWithDebInfo[arm64-v8a]
> Task :jni:buildCMakeRelWithDebInfo[arm64-v8a]
> Task :jni:configureCMakeRelWithDebInfo[armeabi-v7a]
> Task :jni:buildCMakeRelWithDebInfo[armeabi-v7a]
> Task :jni:configureCMakeRelWithDebInfo[x86]
> Task :jni:buildCMakeRelWithDebInfo[x86]
> Task :jni:configureCMakeRelWithDebInfo[x86_64]
> Task :jni:buildCMakeRelWithDebInfo[x86_64]
> Task :jni:mergeReleaseJniLibFolders
> Task :jni_flutter:mergeReleaseJniLibFolders
> Task :jni_flutter:mergeReleaseNativeLibs NO-SOURCE
> Task :jni_flutter:copyReleaseJniLibsProjectOnly
> Task :jni:mergeReleaseNativeLibs
> Task :network_info_plus:mergeReleaseJniLibFolders
> Task :network_info_plus:mergeReleaseNativeLibs NO-SOURCE
> Task :network_info_plus:copyReleaseJniLibsProjectOnly
> Task :package_info_plus:mergeReleaseJniLibFolders
> Task :jni:copyReleaseJniLibsProjectOnly
> Task :package_info_plus:mergeReleaseNativeLibs NO-SOURCE
> Task :package_info_plus:copyReleaseJniLibsProjectOnly
> Task :permission_handler_android:mergeReleaseJniLibFolders
> Task :permission_handler_android:mergeReleaseNativeLibs NO-SOURCE
> Task :permission_handler_android:copyReleaseJniLibsProjectOnly
> Task :photo_manager:mergeReleaseJniLibFolders
> Task :photo_manager:mergeReleaseNativeLibs NO-SOURCE
> Task :photo_manager:copyReleaseJniLibsProjectOnly
> Task :sensors_plus:mergeReleaseJniLibFolders
> Task :sensors_plus:mergeReleaseNativeLibs NO-SOURCE
> Task :sensors_plus:copyReleaseJniLibsProjectOnly
> Task :shared_preferences_android:mergeReleaseJniLibFolders
> Task :shared_preferences_android:mergeReleaseNativeLibs NO-SOURCE
> Task :shared_preferences_android:copyReleaseJniLibsProjectOnly
> Task :url_launcher_android:mergeReleaseJniLibFolders
> Task :url_launcher_android:mergeReleaseNativeLibs NO-SOURCE
> Task :url_launcher_android:copyReleaseJniLibsProjectOnly
> Task :video_player_android:mergeReleaseJniLibFolders
> Task :video_player_android:mergeReleaseNativeLibs NO-SOURCE
> Task :video_player_android:copyReleaseJniLibsProjectOnly
> Task :wakelock_plus:mergeReleaseJniLibFolders
> Task :wakelock_plus:mergeReleaseNativeLibs NO-SOURCE
> Task :wakelock_plus:copyReleaseJniLibsProjectOnly
> Task :app:writeReleaseAppMetadata
> Task :app:collectReleaseDependencies
> Task :app:configureReleaseDependencies
> Task :battery_plus:createFullJarRelease
> Task :battery_plus:extractProguardFiles
> Task :battery_plus:generateReleaseLintModel
> Task :battery_plus:prepareLintJarForPublish
> Task :camera_android_camerax:createFullJarRelease
> Task :camera_android_camerax:extractProguardFiles
> Task :app:mergeReleaseNativeLibs
> Task :camera_android_camerax:generateReleaseLintModel
> Task :camera_android_camerax:prepareLintJarForPublish
> Task :connectivity_plus:createFullJarRelease
> Task :connectivity_plus:extractProguardFiles
> Task :connectivity_plus:generateReleaseLintModel
> Task :connectivity_plus:prepareLintJarForPublish
> Task :device_info_plus:createFullJarRelease
> Task :device_info_plus:extractProguardFiles
> Task :app:stripReleaseDebugSymbols
> Task :device_info_plus:generateReleaseLintModel
> Task :device_info_plus:prepareLintJarForPublish
> Task :disk_space_plus:createFullJarRelease
> Task :disk_space_plus:extractProguardFiles
> Task :disk_space_plus:generateReleaseLintModel
> Task :disk_space_plus:prepareLintJarForPublish
> Task :flutter_appauth:createFullJarRelease
> Task :flutter_appauth:extractProguardFiles
> Task :app:extractReleaseNativeSymbolTables
> Task :flutter_appauth:generateReleaseLintModel
> Task :flutter_appauth:prepareLintJarForPublish
> Task :flutter_plugin_android_lifecycle:createFullJarRelease
> Task :flutter_plugin_android_lifecycle:extractProguardFiles
> Task :flutter_plugin_android_lifecycle:generateReleaseLintModel
> Task :flutter_plugin_android_lifecycle:prepareLintJarForPublish
> Task :flutter_secure_storage:createFullJarRelease
> Task :flutter_secure_storage:extractProguardFiles
> Task :flutter_secure_storage:generateReleaseLintModel
> Task :flutter_secure_storage:prepareLintJarForPublish
> Task :geolocator_android:createFullJarRelease
> Task :geolocator_android:extractProguardFiles
> Task :geolocator_android:generateReleaseLintModel
> Task :geolocator_android:prepareLintJarForPublish
> Task :jni:createFullJarRelease
> Task :jni:extractProguardFiles
> Task :jni:generateReleaseLintModel
> Task :jni:prepareLintJarForPublish
> Task :jni_flutter:createFullJarRelease
> Task :jni_flutter:extractProguardFiles
> Task :jni_flutter:generateReleaseLintModel
> Task :jni_flutter:prepareLintJarForPublish
> Task :network_info_plus:createFullJarRelease
> Task :network_info_plus:extractProguardFiles
> Task :network_info_plus:generateReleaseLintModel
> Task :network_info_plus:prepareLintJarForPublish
> Task :package_info_plus:createFullJarRelease
> Task :package_info_plus:extractProguardFiles
> Task :package_info_plus:generateReleaseLintModel
> Task :package_info_plus:prepareLintJarForPublish
> Task :permission_handler_android:createFullJarRelease
> Task :permission_handler_android:extractProguardFiles
> Task :permission_handler_android:generateReleaseLintModel
> Task :permission_handler_android:prepareLintJarForPublish
> Task :photo_manager:createFullJarRelease
> Task :photo_manager:extractProguardFiles
> Task :photo_manager:generateReleaseLintModel
> Task :photo_manager:prepareLintJarForPublish
> Task :sensors_plus:createFullJarRelease
> Task :sensors_plus:extractProguardFiles
> Task :sensors_plus:generateReleaseLintModel
> Task :sensors_plus:prepareLintJarForPublish
> Task :shared_preferences_android:createFullJarRelease
> Task :shared_preferences_android:extractProguardFiles
> Task :shared_preferences_android:generateReleaseLintModel
> Task :shared_preferences_android:prepareLintJarForPublish
> Task :url_launcher_android:createFullJarRelease
> Task :url_launcher_android:extractProguardFiles
> Task :url_launcher_android:generateReleaseLintModel
> Task :url_launcher_android:prepareLintJarForPublish
> Task :video_player_android:createFullJarRelease
> Task :video_player_android:extractProguardFiles
> Task :video_player_android:generateReleaseLintModel
> Task :video_player_android:prepareLintJarForPublish
> Task :wakelock_plus:createFullJarRelease
> Task :wakelock_plus:extractProguardFiles
> Task :wakelock_plus:generateReleaseLintModel
> Task :wakelock_plus:prepareLintJarForPublish
> Task :battery_plus:stripReleaseDebugSymbols NO-SOURCE
> Task :app:generateReleaseLintVitalReportModel
> Task :battery_plus:copyReleaseJniLibsProjectAndLocalJars
> Task :battery_plus:extractDeepLinksForAarRelease
> Task :app:minifyReleaseWithR8
> Task :battery_plus:extractReleaseAnnotations
> Task :app:buildReleasePreBundle
> Task :battery_plus:mergeReleaseConsumerProguardFiles
> Task :camera_android_camerax:stripReleaseDebugSymbols NO-SOURCE
> Task :camera_android_camerax:copyReleaseJniLibsProjectAndLocalJars
> Task :camera_android_camerax:extractDeepLinksForAarRelease
> Task :battery_plus:mergeReleaseJavaResource
> Task :camera_android_camerax:extractReleaseAnnotations
> Task :battery_plus:syncReleaseLibJars
> Task :battery_plus:bundleReleaseLocalLintAar
> Task :camera_android_camerax:mergeReleaseConsumerProguardFiles
> Task :connectivity_plus:stripReleaseDebugSymbols NO-SOURCE
> Task :connectivity_plus:copyReleaseJniLibsProjectAndLocalJars
> Task :camera_android_camerax:mergeReleaseJavaResource
> Task :connectivity_plus:extractDeepLinksForAarRelease
> Task :app:compileReleaseArtProfile
> Task :camera_android_camerax:syncReleaseLibJars
> Task :camera_android_camerax:bundleReleaseLocalLintAar
> Task :connectivity_plus:extractReleaseAnnotations
> Task :connectivity_plus:mergeReleaseConsumerProguardFiles
> Task :device_info_plus:stripReleaseDebugSymbols NO-SOURCE
> Task :device_info_plus:copyReleaseJniLibsProjectAndLocalJars
> Task :connectivity_plus:mergeReleaseJavaResource
> Task :device_info_plus:extractDeepLinksForAarRelease
> Task :connectivity_plus:syncReleaseLibJars
> Task :connectivity_plus:bundleReleaseLocalLintAar
> Task :device_info_plus:extractReleaseAnnotations
> Task :device_info_plus:mergeReleaseConsumerProguardFiles
> Task :disk_space_plus:stripReleaseDebugSymbols NO-SOURCE
> Task :disk_space_plus:copyReleaseJniLibsProjectAndLocalJars
> Task :disk_space_plus:extractDeepLinksForAarRelease
> Task :device_info_plus:mergeReleaseJavaResource
> Task :device_info_plus:syncReleaseLibJars
> Task :device_info_plus:bundleReleaseLocalLintAar
> Task :disk_space_plus:extractReleaseAnnotations
> Task :disk_space_plus:mergeReleaseConsumerProguardFiles
> Task :flutter_appauth:stripReleaseDebugSymbols NO-SOURCE
> Task :flutter_appauth:copyReleaseJniLibsProjectAndLocalJars
> Task :disk_space_plus:mergeReleaseJavaResource
> Task :flutter_appauth:extractDeepLinksForAarRelease
> Task :disk_space_plus:syncReleaseLibJars
> Task :disk_space_plus:bundleReleaseLocalLintAar
> Task :flutter_appauth:extractReleaseAnnotations
> Task :flutter_appauth:mergeReleaseConsumerProguardFiles
> Task :flutter_plugin_android_lifecycle:stripReleaseDebugSymbols NO-SOURCE
> Task :flutter_appauth:mergeReleaseJavaResource
> Task :flutter_plugin_android_lifecycle:copyReleaseJniLibsProjectAndLocalJars
> Task :flutter_appauth:syncReleaseLibJars
> Task :flutter_appauth:bundleReleaseLocalLintAar
> Task :flutter_plugin_android_lifecycle:extractDeepLinksForAarRelease
> Task :flutter_plugin_android_lifecycle:extractReleaseAnnotations
> Task :flutter_plugin_android_lifecycle:mergeReleaseConsumerProguardFiles
> Task :flutter_secure_storage:stripReleaseDebugSymbols NO-SOURCE
> Task :flutter_plugin_android_lifecycle:mergeReleaseJavaResource
> Task :flutter_secure_storage:copyReleaseJniLibsProjectAndLocalJars
> Task :flutter_secure_storage:extractDeepLinksForAarRelease
> Task :flutter_plugin_android_lifecycle:syncReleaseLibJars
> Task :flutter_plugin_android_lifecycle:bundleReleaseLocalLintAar
> Task :flutter_secure_storage:extractReleaseAnnotations
> Task :flutter_secure_storage:mergeReleaseConsumerProguardFiles
> Task :geolocator_android:stripReleaseDebugSymbols NO-SOURCE
> Task :flutter_secure_storage:mergeReleaseJavaResource
> Task :geolocator_android:copyReleaseJniLibsProjectAndLocalJars
> Task :geolocator_android:extractDeepLinksForAarRelease
> Task :flutter_secure_storage:syncReleaseLibJars
> Task :flutter_secure_storage:bundleReleaseLocalLintAar
> Task :geolocator_android:extractReleaseAnnotations
> Task :geolocator_android:mergeReleaseConsumerProguardFiles
> Task :jni_flutter:stripReleaseDebugSymbols NO-SOURCE
> Task :geolocator_android:mergeReleaseJavaResource
> Task :jni_flutter:copyReleaseJniLibsProjectAndLocalJars
> Task :jni_flutter:extractDeepLinksForAarRelease
> Task :geolocator_android:syncReleaseLibJars
> Task :geolocator_android:bundleReleaseLocalLintAar
> Task :jni_flutter:extractReleaseAnnotations
> Task :jni_flutter:mergeReleaseConsumerProguardFiles
> Task :jni_flutter:mergeReleaseJavaResource
> Task :jni:extractDeepLinksForAarRelease
> Task :jni_flutter:syncReleaseLibJars
> Task :jni_flutter:bundleReleaseLocalLintAar
> Task :jni:extractReleaseAnnotations
> Task :jni:mergeReleaseConsumerProguardFiles
> Task :network_info_plus:stripReleaseDebugSymbols NO-SOURCE
> Task :jni:mergeReleaseJavaResource
> Task :network_info_plus:copyReleaseJniLibsProjectAndLocalJars
> Task :jni:syncReleaseLibJars
> Task :network_info_plus:extractDeepLinksForAarRelease
> Task :jni:stripReleaseDebugSymbols
> Task :network_info_plus:extractReleaseAnnotations
> Task :network_info_plus:mergeReleaseConsumerProguardFiles
> Task :wakelock_plus:stripReleaseDebugSymbols NO-SOURCE
> Task :wakelock_plus:copyReleaseJniLibsProjectAndLocalJars
> Task :network_info_plus:mergeReleaseJavaResource
> Task :jni:copyReleaseJniLibsProjectAndLocalJars
> Task :wakelock_plus:extractDeepLinksForAarRelease
> Task :jni:bundleReleaseLocalLintAar
> Task :network_info_plus:syncReleaseLibJars
> Task :network_info_plus:bundleReleaseLocalLintAar
> Task :wakelock_plus:extractReleaseAnnotations
> Task :wakelock_plus:mergeReleaseConsumerProguardFiles
> Task :package_info_plus:stripReleaseDebugSymbols NO-SOURCE
> Task :package_info_plus:copyReleaseJniLibsProjectAndLocalJars
> Task :package_info_plus:extractDeepLinksForAarRelease
> Task :wakelock_plus:mergeReleaseJavaResource
> Task :package_info_plus:extractReleaseAnnotations
> Task :wakelock_plus:syncReleaseLibJars
> Task :wakelock_plus:bundleReleaseLocalLintAar
> Task :package_info_plus:mergeReleaseConsumerProguardFiles
> Task :permission_handler_android:stripReleaseDebugSymbols NO-SOURCE
> Task :permission_handler_android:copyReleaseJniLibsProjectAndLocalJars
> Task :package_info_plus:mergeReleaseJavaResource
> Task :permission_handler_android:extractDeepLinksForAarRelease
> Task :package_info_plus:syncReleaseLibJars
> Task :package_info_plus:bundleReleaseLocalLintAar
> Task :permission_handler_android:mergeReleaseConsumerProguardFiles
> Task :photo_manager:stripReleaseDebugSymbols NO-SOURCE
> Task :permission_handler_android:mergeReleaseJavaResource
> Task :photo_manager:copyReleaseJniLibsProjectAndLocalJars
> Task :photo_manager:extractDeepLinksForAarRelease
> Task :photo_manager:extractReleaseAnnotations
> Task :photo_manager:mergeReleaseConsumerProguardFiles
> Task :sensors_plus:stripReleaseDebugSymbols NO-SOURCE
> Task :sensors_plus:copyReleaseJniLibsProjectAndLocalJars
> Task :sensors_plus:extractDeepLinksForAarRelease
> Task :photo_manager:mergeReleaseJavaResource
> Task :sensors_plus:extractReleaseAnnotations
> Task :photo_manager:syncReleaseLibJars
> Task :photo_manager:bundleReleaseLocalLintAar
> Task :sensors_plus:mergeReleaseConsumerProguardFiles
> Task :shared_preferences_android:stripReleaseDebugSymbols NO-SOURCE
> Task :shared_preferences_android:copyReleaseJniLibsProjectAndLocalJars
> Task :sensors_plus:mergeReleaseJavaResource
> Task :shared_preferences_android:extractDeepLinksForAarRelease
> Task :sensors_plus:syncReleaseLibJars
> Task :sensors_plus:bundleReleaseLocalLintAar
> Task :shared_preferences_android:extractReleaseAnnotations
> Task :shared_preferences_android:mergeReleaseConsumerProguardFiles
> Task :url_launcher_android:stripReleaseDebugSymbols NO-SOURCE
> Task :url_launcher_android:copyReleaseJniLibsProjectAndLocalJars
> Task :shared_preferences_android:mergeReleaseJavaResource
> Task :url_launcher_android:extractDeepLinksForAarRelease
> Task :shared_preferences_android:syncReleaseLibJars
> Task :shared_preferences_android:bundleReleaseLocalLintAar
> Task :url_launcher_android:extractReleaseAnnotations
> Task :url_launcher_android:mergeReleaseConsumerProguardFiles
> Task :video_player_android:stripReleaseDebugSymbols NO-SOURCE
> Task :video_player_android:copyReleaseJniLibsProjectAndLocalJars
> Task :video_player_android:extractDeepLinksForAarRelease
> Task :url_launcher_android:mergeReleaseJavaResource
> Task :video_player_android:extractReleaseAnnotations
> Task :url_launcher_android:syncReleaseLibJars
> Task :url_launcher_android:bundleReleaseLocalLintAar
> Task :video_player_android:mergeReleaseConsumerProguardFiles
> Task :video_player_android:mergeReleaseJavaResource
> Task :video_player_android:syncReleaseLibJars
> Task :video_player_android:bundleReleaseLocalLintAar
> Task :battery_plus:writeReleaseLintModelMetadata
> Task :camera_android_camerax:writeReleaseLintModelMetadata
> Task :connectivity_plus:writeReleaseLintModelMetadata
> Task :device_info_plus:writeReleaseLintModelMetadata
> Task :disk_space_plus:writeReleaseLintModelMetadata
> Task :flutter_appauth:writeReleaseLintModelMetadata
> Task :flutter_plugin_android_lifecycle:writeReleaseLintModelMetadata
> Task :flutter_secure_storage:writeReleaseLintModelMetadata
> Task :geolocator_android:writeReleaseLintModelMetadata
> Task :jni:writeReleaseLintModelMetadata
> Task :jni_flutter:writeReleaseLintModelMetadata
> Task :network_info_plus:writeReleaseLintModelMetadata
> Task :package_info_plus:writeReleaseLintModelMetadata
> Task :permission_handler_android:writeReleaseLintModelMetadata
> Task :photo_manager:writeReleaseLintModelMetadata
> Task :sensors_plus:writeReleaseLintModelMetadata
> Task :shared_preferences_android:writeReleaseLintModelMetadata
> Task :url_launcher_android:writeReleaseLintModelMetadata
> Task :video_player_android:writeReleaseLintModelMetadata
> Task :wakelock_plus:writeReleaseLintModelMetadata
> Task :battery_plus:generateReleaseLintVitalModel
> Task :camera_android_camerax:generateReleaseLintVitalModel
> Task :connectivity_plus:generateReleaseLintVitalModel
> Task :device_info_plus:generateReleaseLintVitalModel
> Task :disk_space_plus:generateReleaseLintVitalModel
> Task :flutter_appauth:generateReleaseLintVitalModel
> Task :flutter_plugin_android_lifecycle:generateReleaseLintVitalModel
> Task :flutter_secure_storage:generateReleaseLintVitalModel
> Task :geolocator_android:generateReleaseLintVitalModel
> Task :jni:generateReleaseLintVitalModel
> Task :jni_flutter:generateReleaseLintVitalModel
> Task :network_info_plus:generateReleaseLintVitalModel
> Task :package_info_plus:generateReleaseLintVitalModel
> Task :permission_handler_android:generateReleaseLintVitalModel
> Task :photo_manager:generateReleaseLintVitalModel
> Task :sensors_plus:generateReleaseLintVitalModel
> Task :shared_preferences_android:generateReleaseLintVitalModel
> Task :url_launcher_android:generateReleaseLintVitalModel
> Task :video_player_android:generateReleaseLintVitalModel
> Task :wakelock_plus:generateReleaseLintVitalModel
> Task :app:validateSigningRelease
> Task :app:parseReleaseIntegrityConfig
> Task :permission_handler_android:extractReleaseAnnotations
> Task :permission_handler_android:syncReleaseLibJars
> Task :permission_handler_android:bundleReleaseLocalLintAar
> Task :flutter_appauth:lintVitalAnalyzeRelease
> Task :disk_space_plus:lintVitalAnalyzeRelease
> Task :connectivity_plus:lintVitalAnalyzeRelease
> Task :device_info_plus:lintVitalAnalyzeRelease
> Task :jni:lintVitalAnalyzeRelease
> Task :jni_flutter:lintVitalAnalyzeRelease
> Task :battery_plus:lintVitalAnalyzeRelease
> Task :flutter_secure_storage:lintVitalAnalyzeRelease
> Task :camera_android_camerax:lintVitalAnalyzeRelease
> Task :flutter_plugin_android_lifecycle:lintVitalAnalyzeRelease
> Task :geolocator_android:lintVitalAnalyzeRelease
> Task :permission_handler_android:lintVitalAnalyzeRelease
> Task :network_info_plus:lintVitalAnalyzeRelease
> Task :package_info_plus:lintVitalAnalyzeRelease
> Task :photo_manager:lintVitalAnalyzeRelease
> Task :sensors_plus:lintVitalAnalyzeRelease
> Task :wakelock_plus:lintVitalAnalyzeRelease
> Task :video_player_android:lintVitalAnalyzeRelease
> Task :url_launcher_android:lintVitalAnalyzeRelease
> Task :shared_preferences_android:lintVitalAnalyzeRelease
> Task :app:lintVitalAnalyzeRelease
> Task :app:lintVitalReportRelease
> Task :app:lintVitalRelease
> Task :app:packageReleaseBundle
> Task :app:signReleaseBundle
> Task :app:produceReleaseBundleIdeListingFile
> Task :app:createReleaseBundleListingFileRedirect
> Task :app:bundleRelease

[Incubating] Problems report is available at: file:///Users/jose/src/work/hydracamv2/build/reports/problems/problems-report.html

Deprecated Gradle features were used in this build, making it incompatible with Gradle 9.0.

You can use '--warning-mode all' to show the individual deprecation warnings and determine if they come from your own scripts or plugins.

For more on this, please refer to https://docs.gradle.org/8.14.5/userguide/command_line_interface.html#sec:command_line_warnings in the Gradle documentation.

BUILD SUCCESSFUL in 3m 54s
751 actionable tasks: 747 executed, 4 up-to-date

[stderr]
WARNING: Your Android app project: app located at: /Users/jose/src/work/hydracamv2/android/app/build.gradle
applies the Kotlin Gradle Plugin, which will cause build failures in future versions of Flutter.
Please migrate your app to Built-in Kotlin using this guide: https://docs.flutter.dev/release/breaking-changes/migrate-to-built-in-kotlin/for-app-developers

WARNING: Your app uses the following plugins that apply Kotlin Gradle Plugin (KGP): battery_plus, device_info_plus, disk_space_plus, network_info_plus, package_info_plus, photo_manager, sensors_plus, wakelock_plus
Future versions of Flutter will fail to build if your app uses plugins that apply KGP.

Please check the changelogs of these plugins and upgrade to a version that supports Built-in Kotlin.
If no such version exists, report the issue to the plugin. If necessary, here is a guide on filing
an issue against a plugin: https://docs.flutter.dev/release/breaking-changes/migrate-to-built-in-kotlin/for-app-developers#report-incompatible-kotlin-gradle-plugin-usage-to-plugin-authors

If you are a plugin author, please migrate your plugin to Built-in Kotlin using this guide: https://docs.flutter.dev/release/breaking-changes/migrate-to-built-in-kotlin/for-plugin-authors
[exit-code] 0

$ flutter build ios --release --no-codesign
Resolving dependencies...
Downloading packages...
  cli_util 0.4.2 (0.5.1 available)
  flutter_secure_storage_darwin 0.3.2 (0.4.0 available)
  image 4.8.0 (4.9.1 available)
  matcher 0.12.19 (0.12.20 available)
  meta 1.18.0 (1.18.3 available)
  package_config 2.2.0 (3.0.0 available)
  test_api 0.7.11 (0.7.12 available)
  vector_math 2.2.0 (2.4.0 available)
  xml 6.6.1 (7.0.1 available)
Got dependencies!
9 packages have newer versions incompatible with dependency constraints.
Try `flutter pub outdated` for more information.
Warning: Building for device with codesigning disabled. You will have to manually codesign before deploying to device.
Building com.keepeyeonball for device (ios-release)...
Running Xcode build...
Xcode build done.                                           36.8s
✓ Built build/ios/iphoneos/Runner.app (22.5MB)

[stderr]
The following plugins do not support Swift Package Manager for ios:
  - disk_space_plus
This will become an error in a future version of Flutter. Please contact the plugin maintainers to request Swift Package Manager adoption.
[exit-code] 0

$ flutter build macos
Resolving dependencies...
Downloading packages...
  cli_util 0.4.2 (0.5.1 available)
  flutter_secure_storage_darwin 0.3.2 (0.4.0 available)
  image 4.8.0 (4.9.1 available)
  matcher 0.12.19 (0.12.20 available)
  meta 1.18.0 (1.18.3 available)
  package_config 2.2.0 (3.0.0 available)
  test_api 0.7.11 (0.7.12 available)
  vector_math 2.2.0 (2.4.0 available)
  xml 6.6.1 (7.0.1 available)
Got dependencies!
9 packages have newer versions incompatible with dependency constraints.
Try `flutter pub outdated` for more information.

[stderr]
The following plugins do not support Swift Package Manager for ios:
  - disk_space_plus
This will become an error in a future version of Flutter. Please contact the plugin maintainers to request Swift Package Manager adoption.
No macOS desktop project configured. See https://flutter.dev/to/add-desktop-support to learn about adding macOS support to a project.
[exit-code] 1

$ env HYDRACAM_PRIVACY_POLICY_URL=https://store-site-ten.vercel.app/privacy.html HYDRACAM_SUPPORT_URL=https://store-site-ten.vercel.app/support.html HYDRACAM_ACCOUNT_DELETION_URL=https://store-site-ten.vercel.app/account-deletion.html bash scripts/check_store_readiness.sh local
PASS: command available: plutil
PASS: command available: grep
PASS: command available: shasum
PASS: command available: file
PASS: command available: keytool
PASS: command available: unzip
PASS: command available: zip
PASS: command available: security
FAIL: iOS distribution signing identity and App Store Connect API signing credential are unavailable
PASS: iOS Info.plist exists
PASS: iOS privacy manifest exists
PASS: iOS Xcode project exists
PASS: iOS app icon manifest exists
PASS: iOS fastlane Appfile exists
PASS: iOS fastlane Fastfile exists
PASS: iOS fastlane README exists
PASS: Android manifest exists
PASS: Android app build.gradle exists
PASS: Android upload certificate exists
PASS: Android fastlane Appfile exists
PASS: Android fastlane Fastfile exists
PASS: Android fastlane README exists
PASS: pubspec.yaml exists
PASS: Login screen exists
PASS: Auth0 service exists
PASS: store privacy checklist exists
PASS: store privacy policy draft exists
PASS: store support page draft exists
PASS: store account deletion page draft exists
PASS: web index exists
PASS: web manifest exists
PASS: store artifact build script exists
PASS: iOS fastlane wrapper exists
PASS: Android fastlane wrapper exists
PASS: iOS Info.plist is valid
PASS: iOS display name is HydraCam
PASS: iOS camera usage description present
PASS: iOS microphone usage description present
PASS: iOS photo library usage description present
PASS: iOS photo library add usage description present
PASS: iOS location usage description present
PASS: iOS local network usage description present
PASS: iOS Auth0 redirect scheme is com.keepeyeonball
PASS: iOS Auth0 redirect scheme is not the generic com.hydracam
PASS: iOS export compliance declares no non-exempt encryption
PASS: iOS Info.plist omits Dart VM Bonjour services
PASS: iOS privacy manifest is valid
PASS: iOS privacy manifest declares UserDefaults access
PASS: iOS privacy manifest declares UserDefaults reason CA92.1
PASS: iOS privacy manifest declares file timestamp access
PASS: iOS privacy manifest declares file timestamp reason C617.1
PASS: iOS privacy manifest declares disk space access
PASS: iOS privacy manifest declares low/sufficient disk-space reason E174.1
PASS: iOS privacy manifest declares display disk-space reason 85F4.1
PASS: iOS privacy manifest declares photo/video collection
PASS: iOS privacy manifest declares audio collection
PASS: iOS privacy manifest declares precise location collection
PASS: iOS privacy manifest declares email collection
PASS: iOS privacy manifest declares user ID collection
PASS: iOS privacy manifest declares device ID collection
PASS: iOS privacy manifest declares app functionality purpose
PASS: iOS privacy manifest declares no tracking
PASS: iOS bundle identifier is com.keepeyeonball
PASS: iOS privacy manifest is bundled in Runner resources
PASS: iOS fastlane Appfile targets com.keepeyeonball
PASS: iOS fastlane builds include the privacy policy URL when configured
PASS: iOS fastlane builds include the support URL when configured
PASS: iOS fastlane builds include the account deletion URL when configured
PASS: iOS fastlane writes store artifact metadata
PASS: iOS fastlane README points to the repo wrapper
PASS: Android package is com.amaia23.hydracam
PASS: Android display name is HydraCam
PASS: Android camera permission present
PASS: Android microphone permission present
PASS: Android internet permission present
PASS: Android Wi-Fi state permission present
PASS: Android fine location permission present
PASS: Android image media permission present
PASS: Android video media permission present
PASS: Android Auth0 redirect scheme comes from the appAuthRedirectScheme placeholder
PASS: Android Auth0 redirect host is login-callback
PASS: Android Auth0 redirect scheme is not the generic com.hydracam
PASS: Android namespace is com.amaia23.hydracam
PASS: Android applicationId is com.amaia23.hydracam
PASS: Android AppAuth manifest placeholder is com.amaia23.hydracam
PASS: Android minSdk is 24
PASS: Android targetSdk is 35 (minimum 35)
PASS: Android compileSdk is 36 (minimum 35)
PASS: Android release build uses release signing config
PASS: Android release build has no debug signing fallback
PASS: Android fastlane Appfile targets com.amaia23.hydracam
PASS: Android fastlane builds include the privacy policy URL when configured
PASS: Android fastlane builds include the support URL when configured
PASS: Android fastlane builds include the account deletion URL when configured
PASS: Android fastlane writes store artifact metadata
PASS: Android fastlane README points to the repo wrapper
PASS: Android key.properties exists
PASS: Android key.properties has keyAlias
PASS: Android upload keystore exists
PASS: Android key.properties has storePassword
PASS: Android key.properties has keyPassword
PASS: pubspec version is 1.4.0+16
PASS: pubspec description is release-appropriate
PASS: pubspec includes url_launcher for account deletion URL handoff
PASS: pubspec declares url_launcher_android for Android Gradle Plugin 8.11.1
PASS: Login screen exposes an in-app privacy policy path
PASS: Login screen exposes an in-app support path
PASS: Login screen exposes an account deletion request path
PASS: Login screen reads the privacy policy URL Dart define
PASS: Login screen reads the support URL Dart define
PASS: Login screen reads the account deletion URL Dart define
PASS: Auth0 service defaults iOS redirect scheme to com.keepeyeonball
PASS: Auth0 service defaults Android redirect scheme to com.amaia23.hydracam
PASS: Auth0 service uses login-callback redirect host
PASS: Auth0 service omits the generic com.hydracam redirect URI
PASS: store checklist tracks the privacy policy URL
PASS: store checklist tracks the support URL
PASS: store checklist tracks the account deletion URL Dart define
PASS: store checklist covers media and audio data
PASS: store checklist covers Auth0 identity data
PASS: store checklist covers local-network WebSocket behavior
PASS: privacy policy draft covers Auth0 identity
PASS: privacy policy draft covers captured media and audio
PASS: privacy policy draft covers location and network context
PASS: privacy policy draft covers diagnostics
PASS: privacy policy draft links account/data deletion expectations
PASS: support draft covers same-network setup
PASS: support draft covers camera and microphone permissions
PASS: support draft covers iOS local network permission
PASS: support draft covers account/data deletion
PASS: account deletion draft matches the release Dart define
PASS: account deletion draft covers Auth0 account data
PASS: account deletion draft covers backend user records
PASS: account deletion draft covers uploaded session data
PASS: account deletion draft covers requester verification
PASS: account deletion draft covers retention exceptions
PASS: store build script supports Dart defines
PASS: store build script compiles the privacy policy URL when configured
PASS: store build script compiles the support URL when configured
PASS: store build script compiles the account deletion URL when configured
PASS: store build script writes store artifact metadata
PASS: web manifest name is HydraCam
PASS: web manifest short_name is HydraCam
PASS: web manifest description is release-appropriate
PASS: web manifest omits Flutter template metadata
PASS: web index title is HydraCam
PASS: web index Apple title is HydraCam
PASS: web index description is release-appropriate
PASS: web index omits Flutter template metadata
PASS: LaunchImage.png is branded-sized (19404 bytes)
PASS: LaunchImage@2x.png is branded-sized (52222 bytes)
PASS: LaunchImage@3x.png is branded-sized (83801 bytes)
PASS: iOS app icon Icon-App-20x20@2x.png is a PNG
PASS: iOS app icon Icon-App-20x20@3x.png is a PNG
PASS: iOS app icon Icon-App-29x29@1x.png is a PNG
PASS: iOS app icon Icon-App-29x29@2x.png is a PNG
PASS: iOS app icon Icon-App-29x29@3x.png is a PNG
PASS: iOS app icon Icon-App-40x40@2x.png is a PNG
PASS: iOS app icon Icon-App-40x40@3x.png is a PNG
PASS: iOS app icon Icon-App-57x57@1x.png is a PNG
PASS: iOS app icon Icon-App-57x57@2x.png is a PNG
PASS: iOS app icon Icon-App-60x60@2x.png is a PNG
PASS: iOS app icon Icon-App-60x60@3x.png is a PNG
PASS: iOS app icon Icon-App-20x20@1x.png is a PNG
PASS: iOS app icon Icon-App-20x20@2x.png is a PNG
PASS: iOS app icon Icon-App-29x29@1x.png is a PNG
PASS: iOS app icon Icon-App-29x29@2x.png is a PNG
PASS: iOS app icon Icon-App-40x40@1x.png is a PNG
PASS: iOS app icon Icon-App-40x40@2x.png is a PNG
PASS: iOS app icon Icon-App-50x50@1x.png is a PNG
PASS: iOS app icon Icon-App-50x50@2x.png is a PNG
PASS: iOS app icon Icon-App-72x72@1x.png is a PNG
PASS: iOS app icon Icon-App-72x72@2x.png is a PNG
PASS: iOS app icon Icon-App-76x76@1x.png is a PNG
PASS: iOS app icon Icon-App-76x76@2x.png is a PNG
PASS: iOS app icon Icon-App-83.5x83.5@2x.png is a PNG
PASS: iOS app icon Icon-App-1024x1024@1x.png is a PNG
PASS: iOS app icon manifest references 25 icon files
PASS: Android launcher icon /Users/jose/src/work/hydracamv2/android/app/src/main/res/mipmap-hdpi/ic_launcher.png is a PNG
PASS: Android launcher icon /Users/jose/src/work/hydracamv2/android/app/src/main/res/mipmap-mdpi/ic_launcher.png is a PNG
PASS: Android launcher icon /Users/jose/src/work/hydracamv2/android/app/src/main/res/mipmap-xhdpi/ic_launcher.png is a PNG
PASS: Android launcher icon /Users/jose/src/work/hydracamv2/android/app/src/main/res/mipmap-xxhdpi/ic_launcher.png is a PNG
PASS: Android launcher icon /Users/jose/src/work/hydracamv2/android/app/src/main/res/mipmap-xxxhdpi/ic_launcher.png is a PNG
PASS: Android launcher icon set includes 5 densities
WARN: Android AAB may be stale: /Users/jose/src/work/hydracamv2/lib/l10n/app_localizations.dart is newer than the artifact
PASS: Android AAB store metadata sidecar exists
WARN: Android AAB store metadata mismatch: artifact_sha256
PASS: Android AAB packages the AppAuth redirect receiver
PASS: Android AAB packages the Auth0 redirect host
PASS: Android AAB packages Auth0 redirect scheme com.amaia23.hydracam
PASS: Android AAB omits the generic com.hydracam redirect scheme
PASS: Android AAB is signed with expected upload certificate
WARN: iOS IPA missing; run scripts/build_store_artifacts.sh ios
WARN: App Store Connect API key is not configured
WARN: GOOGLE_PLAY_JSON_KEY is not set to a readable file
PASS: HYDRACAM_PRIVACY_POLICY_URL is set to a public HTTPS URL
PASS: HYDRACAM_SUPPORT_URL is set to a public HTTPS URL
PASS: HYDRACAM_ACCOUNT_DELETION_URL is set to a public HTTPS URL
Summary: 1 failure(s), 5 warning(s)
[exit-code] 1

$ git diff --check -- android/app/build.gradle android/gradle/wrapper/gradle-wrapper.properties android/settings.gradle ios/Podfile.lock ios/Runner.xcodeproj/project.pbxproj linux/flutter/generated_plugins.cmake windows/flutter/generated_plugins.cmake pubspec.yaml pubspec.lock scripts/check_store_readiness.sh logs/verification-runs/20260618-1409-flutter-3-44-platform-dependency-upgrade
[exit-code] 0
