# HydraCam evidence run command log

$ flutter test test/services/uploader_service_test.dart
00:00 +0: loading /Users/jose/src/work/hydracamv2/test/services/uploader_service_test.dart
00:00 +0 -1: loading /Users/jose/src/work/hydracamv2/test/services/uploader_service_test.dart [E]
  Failed to load "/Users/jose/src/work/hydracamv2/test/services/uploader_service_test.dart":
  Compilation failed for testPath=/Users/jose/src/work/hydracamv2/test/services/uploader_service_test.dart: test/services/uploader_service_test.dart:151:27: Error: This expression has type 'void' and can't be used.
      await uploaderService.startUploadingManually();
                            ^
  .
00:00 +0 -1: Some tests failed.

Failing tests:
  /Users/jose/src/work/hydracamv2/test/services/uploader_service_test.dart: loading /Users/jose/src/work/hydracamv2/test/services/uploader_service_test.dart

[stderr]
The following plugins do not support Swift Package Manager for ios:
  - photo_manager
  - permission_handler_apple
  - disk_space_plus
This will become an error in a future version of Flutter. Please contact the plugin maintainers to request Swift Package Manager adoption.
The following plugins do not support Swift Package Manager for macos:
  - photo_manager
This will become an error in a future version of Flutter. Please contact the plugin maintainers to request Swift Package Manager adoption.
test/services/uploader_service_test.dart:151:27: Error: This expression has type 'void' and can't be used.
    await uploaderService.startUploadingManually();
                          ^
[exit-code] 1

$ flutter test test/services/uploader_service_test.dart test/slave/slave_client_registration_test.dart test/screens/uploader_info_screen_test.dart test/screens/session_details_screen_test.dart
00:00 +0: loading /Users/jose/src/work/hydracamv2/test/services/uploader_service_test.dart
00:00 +0: /Users/jose/src/work/hydracamv2/test/services/uploader_service_test.dart: (setUpAll)
00:00 +0: /Users/jose/src/work/hydracamv2/test/services/uploader_service_test.dart: reset clears stale queue, current upload state, and progress
Log registered: {message: UploaderService: Resetting upload queue and state., timestamp: 2026-06-09 02:47:33.688258, function: null, file: null}
Log registered: {message: UploaderService: Reset completed., timestamp: 2026-06-09 02:47:33.690216, function: null, file: null}
Log registered: {message: UploaderService: Resetting upload queue and state., timestamp: 2026-06-09 02:47:33.690724, function: null, file: null}
Log registered: {message: UploaderService: Reset completed., timestamp: 2026-06-09 02:47:33.690809, function: null, file: null}
Log registered: {message: Session started with GUID: uploader-test-guid on device type: Master, timestamp: 2026-06-09 02:47:33.691024, function: null, file: null}
Log registered: {message: [UploaderService] No uploaded media with valid durations. Returning zero duration., timestamp: 2026-06-09 02:47:33.696540, function: null, file: null}
Log registered: {message: Media added to upload queue: /var/folders/6s/dp27g8gn26j9mp36sjfxb9tw0000gn/T/hydracam_uploader_testSDnbPI/photo.jpg, timestamp: 2026-06-09 02:47:33.696757, function: null, file: null}
Log registered: {message: Auto-upload is disabled. Media added to queue but not uploaded., timestamp: 2026-06-09 02:47:33.698463, function: null, file: null}
Log registered: {message: UploaderService: Resetting upload queue and state., timestamp: 2026-06-09 02:47:33.700386, function: null, file: null}
Log registered: {message: UploaderService: Reset completed., timestamp: 2026-06-09 02:47:33.700601, function: null, file: null}
Log registered: {message: Session metadata saved to /var/folders/6s/dp27g8gn26j9mp36sjfxb9tw0000gn/T/uploader_service_docsnvH2uc/session_uploader-test-guid/metadata.json, timestamp: 2026-06-09 02:47:33.709375, function: null, file: null}
Log registered: {message: UploaderService: Resetting upload queue and state., timestamp: 2026-06-09 02:47:33.709709, function: null, file: null}
Log registered: {message: UploaderService: Reset completed., timestamp: 2026-06-09 02:47:33.709826, function: null, file: null}
Log registered: {message: Session ended and uploader reset., timestamp: 2026-06-09 02:47:33.709896, function: null, file: null}
Log registered: {message: UploaderService: Resetting upload queue and state., timestamp: 2026-06-09 02:47:33.710056, function: null, file: null}
Log registered: {message: UploaderService: Reset completed., timestamp: 2026-06-09 02:47:33.710200, function: null, file: null}
00:00 +1: /Users/jose/src/work/hydracamv2/test/services/uploader_service_test.dart: addMediaToQueue can be awaited through settings evaluation
Log registered: {message: UploaderService: Resetting upload queue and state., timestamp: 2026-06-09 02:47:33.712913, function: null, file: null}
Log registered: {message: UploaderService: Reset completed., timestamp: 2026-06-09 02:47:33.713038, function: null, file: null}
Log registered: {message: UploaderService: Resetting upload queue and state., timestamp: 2026-06-09 02:47:33.713238, function: null, file: null}
Log registered: {message: UploaderService: Reset completed., timestamp: 2026-06-09 02:47:33.713299, function: null, file: null}
Log registered: {message: Session started with GUID: uploader-test-guid on device type: Master, timestamp: 2026-06-09 02:47:33.713353, function: null, file: null}
Log registered: {message: [UploaderService] No uploaded media with valid durations. Returning zero duration., timestamp: 2026-06-09 02:47:33.713884, function: null, file: null}
Log registered: {message: Media added to upload queue: /var/folders/6s/dp27g8gn26j9mp36sjfxb9tw0000gn/T/hydracam_uploader_testIGZohv/awaitable-enqueue.jpg, timestamp: 2026-06-09 02:47:33.713962, function: null, file: null}
Log registered: {message: Auto-upload is disabled. Media added to queue but not uploaded., timestamp: 2026-06-09 02:47:33.714127, function: null, file: null}
Log registered: {message: Session metadata saved to /var/folders/6s/dp27g8gn26j9mp36sjfxb9tw0000gn/T/uploader_service_docsnvH2uc/session_uploader-test-guid/metadata.json, timestamp: 2026-06-09 02:47:33.727020, function: null, file: null}
Log registered: {message: UploaderService: Resetting upload queue and state., timestamp: 2026-06-09 02:47:33.727182, function: null, file: null}
Log registered: {message: UploaderService: Reset completed., timestamp: 2026-06-09 02:47:33.727240, function: null, file: null}
Log registered: {message: Session ended and uploader reset., timestamp: 2026-06-09 02:47:33.727290, function: null, file: null}
Log registered: {message: UploaderService: Resetting upload queue and state., timestamp: 2026-06-09 02:47:33.727346, function: null, file: null}
Log registered: {message: UploaderService: Reset completed., timestamp: 2026-06-09 02:47:33.727400, function: null, file: null}
00:00 +2: /Users/jose/src/work/hydracamv2/test/services/uploader_service_test.dart: startUploadingManually can be awaited until the queue drains
Log registered: {message: UploaderService: Resetting upload queue and state., timestamp: 2026-06-09 02:47:33.729193, function: null, file: null}
Log registered: {message: UploaderService: Reset completed., timestamp: 2026-06-09 02:47:33.729289, function: null, file: null}
Log registered: {message: UploaderService: Resetting upload queue and state., timestamp: 2026-06-09 02:47:33.729543, function: null, file: null}
Log registered: {message: UploaderService: Reset completed., timestamp: 2026-06-09 02:47:33.729611, function: null, file: null}
Log registered: {message: Session started with GUID: uploader-test-guid on device type: Master, timestamp: 2026-06-09 02:47:33.729687, function: null, file: null}
Log registered: {message: [UploaderService] No uploaded media with valid durations. Returning zero duration., timestamp: 2026-06-09 02:47:33.730624, function: null, file: null}
Log registered: {message: Media added to upload queue: /var/folders/6s/dp27g8gn26j9mp36sjfxb9tw0000gn/T/hydracam_uploader_testnWg37a/await-manual-first.jpg, timestamp: 2026-06-09 02:47:33.730723, function: null, file: null}
Log registered: {message: Auto-upload is disabled. Media added to queue but not uploaded., timestamp: 2026-06-09 02:47:33.730955, function: null, file: null}
Log registered: {message: [UploaderService] No uploaded media with valid durations. Returning zero duration., timestamp: 2026-06-09 02:47:33.731207, function: null, file: null}
Log registered: {message: Media added to upload queue: /var/folders/6s/dp27g8gn26j9mp36sjfxb9tw0000gn/T/hydracam_uploader_testnWg37a/await-manual-second.jpg, timestamp: 2026-06-09 02:47:33.731282, function: null, file: null}
Log registered: {message: Auto-upload is disabled. Media added to queue but not uploaded., timestamp: 2026-06-09 02:47:33.731376, function: null, file: null}
Log registered: {message: Manual upload initiated., timestamp: 2026-06-09 02:47:33.731505, function: null, file: null}
Log registered: {message: UploaderService: _startUploading called. _isUploading=false, queue length=2, timestamp: 2026-06-09 02:47:33.731681, function: null, file: null}
Log registered: {message: UploaderService: _processNextItem called. Queue length=2, timestamp: 2026-06-09 02:47:33.732169, function: null, file: null}
Log registered: {message: UploaderService: sessionGuid=uploader-test-guid, timestamp: 2026-06-09 02:47:33.732377, function: null, file: null}
Log registered: {message: Get token, timestamp: 2026-06-09 02:47:33.733633, function: null, file: null}
Log registered: {message: Media uploaded successfully, timestamp: 2026-06-09 02:47:33.751311, function: null, file: null}
Log registered: {message: Media uploaded: /var/folders/6s/dp27g8gn26j9mp36sjfxb9tw0000gn/T/hydracam_uploader_testnWg37a/await-manual-first.jpg, timestamp: 2026-06-09 02:47:33.751692, function: null, file: null}
Log registered: {message: Session metadata saved to /var/folders/6s/dp27g8gn26j9mp36sjfxb9tw0000gn/T/uploader_service_docsnvH2uc/session_uploader-test-guid/metadata.json, timestamp: 2026-06-09 02:47:33.752520, function: null, file: null}
Log registered: {message: [UploaderService] Total bytes uploaded: 4, timestamp: 2026-06-09 02:47:33.753026, function: null, file: null}
Log registered: {message: [UploaderService] Total upload duration: 0 seconds, timestamp: 2026-06-09 02:47:33.753179, function: null, file: null}
Log registered: {message: [UploaderService] Average speed: 207.63041785621593 bytes/second, timestamp: 2026-06-09 02:47:33.753604, function: null, file: null}
Log registered: {message: [UploaderService] Remaining bytes to upload: 4, timestamp: 2026-06-09 02:47:33.753808, function: null, file: null}
Log registered: {message: [UploaderService] Estimated time: 0.019265 seconds, timestamp: 2026-06-09 02:47:33.753890, function: null, file: null}
Log registered: {message: UploaderService: _processNextItem called. Queue length=1, timestamp: 2026-06-09 02:47:33.754019, function: null, file: null}
Log registered: {message: UploaderService: sessionGuid=uploader-test-guid, timestamp: 2026-06-09 02:47:33.754075, function: null, file: null}
Log registered: {message: Get token, timestamp: 2026-06-09 02:47:33.754466, function: null, file: null}
Log registered: {message: Media uploaded successfully, timestamp: 2026-06-09 02:47:33.756089, function: null, file: null}
Log registered: {message: Media uploaded: /var/folders/6s/dp27g8gn26j9mp36sjfxb9tw0000gn/T/hydracam_uploader_testnWg37a/await-manual-second.jpg, timestamp: 2026-06-09 02:47:33.756236, function: null, file: null}
Log registered: {message: Session metadata saved to /var/folders/6s/dp27g8gn26j9mp36sjfxb9tw0000gn/T/uploader_service_docsnvH2uc/session_uploader-test-guid/metadata.json, timestamp: 2026-06-09 02:47:33.756992, function: null, file: null}
Log registered: {message: [UploaderService] Queue is empty. Returning zero duration., timestamp: 2026-06-09 02:47:33.757155, function: null, file: null}
Log registered: {message: UploaderService: _processNextItem called. Queue length=0, timestamp: 2026-06-09 02:47:33.757233, function: null, file: null}
Log registered: {message: UploaderService: Queue is empty. Uploading stopped., timestamp: 2026-06-09 02:47:33.757296, function: null, file: null}
Log registered: {message: Session metadata saved to /var/folders/6s/dp27g8gn26j9mp36sjfxb9tw0000gn/T/uploader_service_docsnvH2uc/session_uploader-test-guid/metadata.json, timestamp: 2026-06-09 02:47:33.758322, function: null, file: null}
Log registered: {message: UploaderService: Resetting upload queue and state., timestamp: 2026-06-09 02:47:33.758400, function: null, file: null}
Log registered: {message: UploaderService: Reset completed., timestamp: 2026-06-09 02:47:33.758456, function: null, file: null}
Log registered: {message: Session ended and uploader reset., timestamp: 2026-06-09 02:47:33.758507, function: null, file: null}
Log registered: {message: UploaderService: Resetting upload queue and state., timestamp: 2026-06-09 02:47:33.758563, function: null, file: null}
Log registered: {message: UploaderService: Reset completed., timestamp: 2026-06-09 02:47:33.758608, function: null, file: null}
00:00 +3: /Users/jose/src/work/hydracamv2/test/services/uploader_service_test.dart: addMediaToQueue refuses media when session is not backend-created
Log registered: {message: UploaderService: Resetting upload queue and state., timestamp: 2026-06-09 02:47:33.760185, function: null, file: null}
Log registered: {message: UploaderService: Reset completed., timestamp: 2026-06-09 02:47:33.760281, function: null, file: null}
Log registered: {message: UploaderService: Resetting upload queue and state., timestamp: 2026-06-09 02:47:33.760451, function: null, file: null}
Log registered: {message: UploaderService: Reset completed., timestamp: 2026-06-09 02:47:33.760504, function: null, file: null}
Log registered: {message: Session started with GUID: uploader-test-guid on device type: Master, timestamp: 2026-06-09 02:47:33.760552, function: null, file: null}
Log registered: {message: Session metadata saved to /var/folders/6s/dp27g8gn26j9mp36sjfxb9tw0000gn/T/uploader_service_docsnvH2uc/session_uploader-test-guid/metadata.json, timestamp: 2026-06-09 02:47:33.761552, function: null, file: null}
Log registered: {message: UploaderService: Resetting upload queue and state., timestamp: 2026-06-09 02:47:33.761645, function: null, file: null}
Log registered: {message: UploaderService: Reset completed., timestamp: 2026-06-09 02:47:33.761699, function: null, file: null}
Log registered: {message: Session ended and uploader reset., timestamp: 2026-06-09 02:47:33.761746, function: null, file: null}
Log registered: {message: UploaderService: Resetting upload queue and state., timestamp: 2026-06-09 02:47:33.761796, function: null, file: null}
Log registered: {message: UploaderService: Reset completed., timestamp: 2026-06-09 02:47:33.761841, function: null, file: null}
Log registered: {message: Session started with GUID: diagnostic-session-guid on device type: Master, timestamp: 2026-06-09 02:47:33.761886, function: null, file: null}
Log registered: {message: Upload blocked: session is not backend-created; create the session through the webservice before capture., timestamp: 2026-06-09 02:47:33.762191, function: null, file: null}
Log registered: {message: Session metadata saved to /var/folders/6s/dp27g8gn26j9mp36sjfxb9tw0000gn/T/uploader_service_docsnvH2uc/session_diagnostic-session-guid/metadata.json, timestamp: 2026-06-09 02:47:33.763160, function: null, file: null}
Log registered: {message: Session metadata saved to /var/folders/6s/dp27g8gn26j9mp36sjfxb9tw0000gn/T/uploader_service_docsnvH2uc/session_diagnostic-session-guid/metadata.json, timestamp: 2026-06-09 02:47:33.764150, function: null, file: null}
Log registered: {message: UploaderService: Resetting upload queue and state., timestamp: 2026-06-09 02:47:33.764239, function: null, file: null}
Log registered: {message: UploaderService: Reset completed., timestamp: 2026-06-09 02:47:33.764321, function: null, file: null}
Log registered: {message: Session ended and uploader reset., timestamp: 2026-06-09 02:47:33.764370, function: null, file: null}
Log registered: {message: UploaderService: Resetting upload queue and state., timestamp: 2026-06-09 02:47:33.764418, function: null, file: null}
Log registered: {message: UploaderService: Reset completed., timestamp: 2026-06-09 02:47:33.764476, function: null, file: null}
00:00 +4: /Users/jose/src/work/hydracamv2/test/services/uploader_service_test.dart: cancelQueuedMedia removes a pending item without touching others
Log registered: {message: UploaderService: Resetting upload queue and state., timestamp: 2026-06-09 02:47:33.765577, function: null, file: null}
Log registered: {message: UploaderService: Reset completed., timestamp: 2026-06-09 02:47:33.765647, function: null, file: null}
Log registered: {message: UploaderService: Resetting upload queue and state., timestamp: 2026-06-09 02:47:33.765820, function: null, file: null}
Log registered: {message: UploaderService: Reset completed., timestamp: 2026-06-09 02:47:33.765885, function: null, file: null}
Log registered: {message: Session started with GUID: uploader-test-guid on device type: Master, timestamp: 2026-06-09 02:47:33.765940, function: null, file: null}
Log registered: {message: [UploaderService] No uploaded media with valid durations. Returning zero duration., timestamp: 2026-06-09 02:47:33.766526, function: null, file: null}
Log registered: {message: Media added to upload queue: /var/folders/6s/dp27g8gn26j9mp36sjfxb9tw0000gn/T/hydracam_uploader_testj78clY/first.jpg, timestamp: 2026-06-09 02:47:33.766598, function: null, file: null}
Log registered: {message: Auto-upload is disabled. Media added to queue but not uploaded., timestamp: 2026-06-09 02:47:33.766757, function: null, file: null}
Log registered: {message: [UploaderService] No uploaded media with valid durations. Returning zero duration., timestamp: 2026-06-09 02:47:33.766868, function: null, file: null}
Log registered: {message: Media added to upload queue: /var/folders/6s/dp27g8gn26j9mp36sjfxb9tw0000gn/T/hydracam_uploader_testj78clY/second.jpg, timestamp: 2026-06-09 02:47:33.766917, function: null, file: null}
Log registered: {message: Auto-upload is disabled. Media added to queue but not uploaded., timestamp: 2026-06-09 02:47:33.766986, function: null, file: null}
Log registered: {message: [UploaderService] No uploaded media with valid durations. Returning zero duration., timestamp: 2026-06-09 02:47:33.767304, function: null, file: null}
Log registered: {message: Cancelled pending upload: /var/folders/6s/dp27g8gn26j9mp36sjfxb9tw0000gn/T/hydracam_uploader_testj78clY/first.jpg, timestamp: 2026-06-09 02:47:33.767362, function: null, file: null}
Log registered: {message: No pending queued media to cancel: /var/folders/6s/dp27g8gn26j9mp36sjfxb9tw0000gn/T/hydracam_uploader_testj78clY/first.jpg, timestamp: 2026-06-09 02:47:33.767436, function: null, file: null}
Log registered: {message: Session metadata saved to /var/folders/6s/dp27g8gn26j9mp36sjfxb9tw0000gn/T/uploader_service_docsnvH2uc/session_uploader-test-guid/metadata.json, timestamp: 2026-06-09 02:47:33.768301, function: null, file: null}
Log registered: {message: UploaderService: Resetting upload queue and state., timestamp: 2026-06-09 02:47:33.768410, function: null, file: null}
Log registered: {message: UploaderService: Reset completed., timestamp: 2026-06-09 02:47:33.768468, function: null, file: null}
Log registered: {message: Session ended and uploader reset., timestamp: 2026-06-09 02:47:33.768515, function: null, file: null}
Log registered: {message: UploaderService: Resetting upload queue and state., timestamp: 2026-06-09 02:47:33.768589, function: null, file: null}
Log registered: {message: UploaderService: Reset completed., timestamp: 2026-06-09 02:47:33.768640, function: null, file: null}
00:00 +5: /Users/jose/src/work/hydracamv2/test/services/uploader_service_test.dart: addMediaToQueue ignores retry for media already uploading
Log registered: {message: UploaderService: Resetting upload queue and state., timestamp: 2026-06-09 02:47:33.770151, function: null, file: null}
Log registered: {message: UploaderService: Reset completed., timestamp: 2026-06-09 02:47:33.770516, function: null, file: null}
Log registered: {message: UploaderService: Resetting upload queue and state., timestamp: 2026-06-09 02:47:33.770776, function: null, file: null}
Log registered: {message: UploaderService: Reset completed., timestamp: 2026-06-09 02:47:33.770829, function: null, file: null}
Log registered: {message: Session started with GUID: uploader-test-guid on device type: Master, timestamp: 2026-06-09 02:47:33.770883, function: null, file: null}
Log registered: {message: Media already uploading: /var/folders/6s/dp27g8gn26j9mp36sjfxb9tw0000gn/T/hydracam_uploader_testy2HA34/currently-uploading.jpg, timestamp: 2026-06-09 02:47:33.771524, function: null, file: null}
Log registered: {message: Session metadata saved to /var/folders/6s/dp27g8gn26j9mp36sjfxb9tw0000gn/T/uploader_service_docsnvH2uc/session_uploader-test-guid/metadata.json, timestamp: 2026-06-09 02:47:33.772725, function: null, file: null}
Log registered: {message: UploaderService: Resetting upload queue and state., timestamp: 2026-06-09 02:47:33.772830, function: null, file: null}
Log registered: {message: UploaderService: Reset completed., timestamp: 2026-06-09 02:47:33.772886, function: null, file: null}
Log registered: {message: Session ended and uploader reset., timestamp: 2026-06-09 02:47:33.772938, function: null, file: null}
Log registered: {message: UploaderService: Resetting upload queue and state., timestamp: 2026-06-09 02:47:33.773024, function: null, file: null}
Log registered: {message: UploaderService: Reset completed., timestamp: 2026-06-09 02:47:33.773107, function: null, file: null}
00:00 +6: /Users/jose/src/work/hydracamv2/test/services/uploader_service_test.dart: estimateTotalTimeRemaining uses completed upload samples
Log registered: {message: UploaderService: Resetting upload queue and state., timestamp: 2026-06-09 02:47:33.774278, function: null, file: null}
Log registered: {message: UploaderService: Reset completed., timestamp: 2026-06-09 02:47:33.774344, function: null, file: null}
Log registered: {message: UploaderService: Resetting upload queue and state., timestamp: 2026-06-09 02:47:33.774493, function: null, file: null}
Log registered: {message: UploaderService: Reset completed., timestamp: 2026-06-09 02:47:33.774542, function: null, file: null}
Log registered: {message: Session started with GUID: uploader-test-guid on device type: Master, timestamp: 2026-06-09 02:47:33.774608, function: null, file: null}
Log registered: {message: UploaderService: Resetting upload queue and state., timestamp: 2026-06-09 02:47:33.775165, function: null, file: null}
Log registered: {message: UploaderService: Reset completed., timestamp: 2026-06-09 02:47:33.775304, function: null, file: null}
Log registered: {message: Session started with GUID: estimate-session-guid on device type: Master, timestamp: 2026-06-09 02:47:33.775376, function: null, file: null}
Log registered: {message: [UploaderService] No uploaded media with valid durations. Returning zero duration., timestamp: 2026-06-09 02:47:33.775841, function: null, file: null}
Log registered: {message: Media added to upload queue: /var/folders/6s/dp27g8gn26j9mp36sjfxb9tw0000gn/T/hydracam_uploader_testfGiiRE/completed-estimate.jpg, timestamp: 2026-06-09 02:47:33.775957, function: null, file: null}
Log registered: {message: Auto-upload is disabled. Media added to queue but not uploaded., timestamp: 2026-06-09 02:47:33.776150, function: null, file: null}
Log registered: {message: Manual upload initiated., timestamp: 2026-06-09 02:47:33.776218, function: null, file: null}
Log registered: {message: UploaderService: _startUploading called. _isUploading=false, queue length=1, timestamp: 2026-06-09 02:47:33.776273, function: null, file: null}
Log registered: {message: UploaderService: _processNextItem called. Queue length=1, timestamp: 2026-06-09 02:47:33.776325, function: null, file: null}
Log registered: {message: UploaderService: sessionGuid=estimate-session-guid, timestamp: 2026-06-09 02:47:33.776813, function: null, file: null}
Log registered: {message: Get token, timestamp: 2026-06-09 02:47:33.777201, function: null, file: null}
Log registered: {message: Media uploaded successfully, timestamp: 2026-06-09 02:47:33.779155, function: null, file: null}
Log registered: {message: Media uploaded: /var/folders/6s/dp27g8gn26j9mp36sjfxb9tw0000gn/T/hydracam_uploader_testfGiiRE/completed-estimate.jpg, timestamp: 2026-06-09 02:47:33.779295, function: null, file: null}
Log registered: {message: Session metadata saved to /var/folders/6s/dp27g8gn26j9mp36sjfxb9tw0000gn/T/uploader_service_docsnvH2uc/session_estimate-session-guid/metadata.json, timestamp: 2026-06-09 02:47:33.780491, function: null, file: null}
Log registered: {message: [UploaderService] Queue is empty. Returning zero duration., timestamp: 2026-06-09 02:47:33.780691, function: null, file: null}
Log registered: {message: UploaderService: _processNextItem called. Queue length=0, timestamp: 2026-06-09 02:47:33.780752, function: null, file: null}
Log registered: {message: UploaderService: Queue is empty. Uploading stopped., timestamp: 2026-06-09 02:47:33.780808, function: null, file: null}
Log registered: {message: [UploaderService] Total bytes uploaded: 100, timestamp: 2026-06-09 02:47:33.780887, function: null, file: null}
Log registered: {message: [UploaderService] Total upload duration: 5 seconds, timestamp: 2026-06-09 02:47:33.780938, function: null, file: null}
Log registered: {message: [UploaderService] Average speed: 20.0 bytes/second, timestamp: 2026-06-09 02:47:33.780985, function: null, file: null}
Log registered: {message: [UploaderService] Remaining bytes to upload: 200, timestamp: 2026-06-09 02:47:33.781034, function: null, file: null}
Log registered: {message: [UploaderService] Estimated time: 10.0 seconds, timestamp: 2026-06-09 02:47:33.781080, function: null, file: null}
Log registered: {message: Media added to upload queue: /var/folders/6s/dp27g8gn26j9mp36sjfxb9tw0000gn/T/hydracam_uploader_testfGiiRE/pending-estimate.jpg, timestamp: 2026-06-09 02:47:33.781132, function: null, file: null}
Log registered: {message: Auto-upload is disabled. Media added to queue but not uploaded., timestamp: 2026-06-09 02:47:33.781215, function: null, file: null}
Log registered: {message: [UploaderService] Total bytes uploaded: 100, timestamp: 2026-06-09 02:47:33.781285, function: null, file: null}
Log registered: {message: [UploaderService] Total upload duration: 5 seconds, timestamp: 2026-06-09 02:47:33.781334, function: null, file: null}
Log registered: {message: [UploaderService] Average speed: 20.0 bytes/second, timestamp: 2026-06-09 02:47:33.781375, function: null, file: null}
Log registered: {message: [UploaderService] Remaining bytes to upload: 200, timestamp: 2026-06-09 02:47:33.781416, function: null, file: null}
Log registered: {message: [UploaderService] Estimated time: 10.0 seconds, timestamp: 2026-06-09 02:47:33.781455, function: null, file: null}
Log registered: {message: Session metadata saved to /var/folders/6s/dp27g8gn26j9mp36sjfxb9tw0000gn/T/uploader_service_docsnvH2uc/session_estimate-session-guid/metadata.json, timestamp: 2026-06-09 02:47:33.782303, function: null, file: null}
Log registered: {message: UploaderService: Resetting upload queue and state., timestamp: 2026-06-09 02:47:33.782410, function: null, file: null}
Log registered: {message: UploaderService: Reset completed., timestamp: 2026-06-09 02:47:33.782465, function: null, file: null}
Log registered: {message: Session ended and uploader reset., timestamp: 2026-06-09 02:47:33.782517, function: null, file: null}
Log registered: {message: UploaderService: Resetting upload queue and state., timestamp: 2026-06-09 02:47:33.782559, function: null, file: null}
Log registered: {message: UploaderService: Reset completed., timestamp: 2026-06-09 02:47:33.782596, function: null, file: null}
00:00 +7: /Users/jose/src/work/hydracamv2/test/services/uploader_service_test.dart: estimateTotalTimeRemaining keeps sub-second upload samples
Log registered: {message: UploaderService: Resetting upload queue and state., timestamp: 2026-06-09 02:47:33.783823, function: null, file: null}
Log registered: {message: UploaderService: Reset completed., timestamp: 2026-06-09 02:47:33.783886, function: null, file: null}
Log registered: {message: UploaderService: Resetting upload queue and state., timestamp: 2026-06-09 02:47:33.784049, function: null, file: null}
Log registered: {message: UploaderService: Reset completed., timestamp: 2026-06-09 02:47:33.784097, function: null, file: null}
Log registered: {message: Session started with GUID: uploader-test-guid on device type: Master, timestamp: 2026-06-09 02:47:33.784142, function: null, file: null}
Log registered: {message: UploaderService: Resetting upload queue and state., timestamp: 2026-06-09 02:47:33.784650, function: null, file: null}
Log registered: {message: UploaderService: Reset completed., timestamp: 2026-06-09 02:47:33.784759, function: null, file: null}
Log registered: {message: Session started with GUID: subsecond-estimate-guid on device type: Master, timestamp: 2026-06-09 02:47:33.784805, function: null, file: null}
Log registered: {message: [UploaderService] No uploaded media with valid durations. Returning zero duration., timestamp: 2026-06-09 02:47:33.785218, function: null, file: null}
Log registered: {message: Media added to upload queue: /var/folders/6s/dp27g8gn26j9mp36sjfxb9tw0000gn/T/hydracam_uploader_test3IdS4l/subsecond-completed.jpg, timestamp: 2026-06-09 02:47:33.785289, function: null, file: null}
Log registered: {message: Auto-upload is disabled. Media added to queue but not uploaded., timestamp: 2026-06-09 02:47:33.785539, function: null, file: null}
Log registered: {message: Manual upload initiated., timestamp: 2026-06-09 02:47:33.785597, function: null, file: null}
Log registered: {message: UploaderService: _startUploading called. _isUploading=false, queue length=1, timestamp: 2026-06-09 02:47:33.785640, function: null, file: null}
Log registered: {message: UploaderService: _processNextItem called. Queue length=1, timestamp: 2026-06-09 02:47:33.785680, function: null, file: null}
Log registered: {message: UploaderService: sessionGuid=subsecond-estimate-guid, timestamp: 2026-06-09 02:47:33.785743, function: null, file: null}
Log registered: {message: Get token, timestamp: 2026-06-09 02:47:33.786089, function: null, file: null}
Log registered: {message: Media uploaded successfully, timestamp: 2026-06-09 02:47:33.787679, function: null, file: null}
Log registered: {message: Media uploaded: /var/folders/6s/dp27g8gn26j9mp36sjfxb9tw0000gn/T/hydracam_uploader_test3IdS4l/subsecond-completed.jpg, timestamp: 2026-06-09 02:47:33.787857, function: null, file: null}
Log registered: {message: Session metadata saved to /var/folders/6s/dp27g8gn26j9mp36sjfxb9tw0000gn/T/uploader_service_docsnvH2uc/session_subsecond-estimate-guid/metadata.json, timestamp: 2026-06-09 02:47:33.788919, function: null, file: null}
Log registered: {message: [UploaderService] Queue is empty. Returning zero duration., timestamp: 2026-06-09 02:47:33.789105, function: null, file: null}
Log registered: {message: UploaderService: _processNextItem called. Queue length=0, timestamp: 2026-06-09 02:47:33.789169, function: null, file: null}
Log registered: {message: UploaderService: Queue is empty. Uploading stopped., timestamp: 2026-06-09 02:47:33.789238, function: null, file: null}
Log registered: {message: [UploaderService] Total bytes uploaded: 100, timestamp: 2026-06-09 02:47:33.789346, function: null, file: null}
Log registered: {message: [UploaderService] Total upload duration: 0 seconds, timestamp: 2026-06-09 02:47:33.789399, function: null, file: null}
Log registered: {message: [UploaderService] Average speed: 200.0 bytes/second, timestamp: 2026-06-09 02:47:33.789449, function: null, file: null}
Log registered: {message: [UploaderService] Remaining bytes to upload: 200, timestamp: 2026-06-09 02:47:33.789493, function: null, file: null}
Log registered: {message: [UploaderService] Estimated time: 1.0 seconds, timestamp: 2026-06-09 02:47:33.789531, function: null, file: null}
Log registered: {message: Media added to upload queue: /var/folders/6s/dp27g8gn26j9mp36sjfxb9tw0000gn/T/hydracam_uploader_test3IdS4l/subsecond-pending.jpg, timestamp: 2026-06-09 02:47:33.789576, function: null, file: null}
Log registered: {message: Auto-upload is disabled. Media added to queue but not uploaded., timestamp: 2026-06-09 02:47:33.789640, function: null, file: null}
Log registered: {message: [UploaderService] Total bytes uploaded: 100, timestamp: 2026-06-09 02:47:33.789679, function: null, file: null}
Log registered: {message: [UploaderService] Total upload duration: 0 seconds, timestamp: 2026-06-09 02:47:33.789714, function: null, file: null}
Log registered: {message: [UploaderService] Average speed: 200.0 bytes/second, timestamp: 2026-06-09 02:47:33.789748, function: null, file: null}
Log registered: {message: [UploaderService] Remaining bytes to upload: 200, timestamp: 2026-06-09 02:47:33.789784, function: null, file: null}
Log registered: {message: [UploaderService] Estimated time: 1.0 seconds, timestamp: 2026-06-09 02:47:33.789819, function: null, file: null}
Log registered: {message: Session metadata saved to /var/folders/6s/dp27g8gn26j9mp36sjfxb9tw0000gn/T/uploader_service_docsnvH2uc/session_subsecond-estimate-guid/metadata.json, timestamp: 2026-06-09 02:47:33.790668, function: null, file: null}
Log registered: {message: UploaderService: Resetting upload queue and state., timestamp: 2026-06-09 02:47:33.790759, function: null, file: null}
Log registered: {message: UploaderService: Reset completed., timestamp: 2026-06-09 02:47:33.790806, function: null, file: null}
Log registered: {message: Session ended and uploader reset., timestamp: 2026-06-09 02:47:33.790852, function: null, file: null}
Log registered: {message: UploaderService: Resetting upload queue and state., timestamp: 2026-06-09 02:47:33.790892, function: null, file: null}
Log registered: {message: UploaderService: Reset completed., timestamp: 2026-06-09 02:47:33.790933, function: null, file: null}
00:00 +8: /Users/jose/src/work/hydracamv2/test/services/uploader_service_test.dart: reset ignores stale in-flight upload completion
Log registered: {message: UploaderService: Resetting upload queue and state., timestamp: 2026-06-09 02:47:33.792145, function: null, file: null}
Log registered: {message: UploaderService: Reset completed., timestamp: 2026-06-09 02:47:33.792201, function: null, file: null}
Log registered: {message: UploaderService: Resetting upload queue and state., timestamp: 2026-06-09 02:47:33.792344, function: null, file: null}
Log registered: {message: UploaderService: Reset completed., timestamp: 2026-06-09 02:47:33.792440, function: null, file: null}
Log registered: {message: Session started with GUID: uploader-test-guid on device type: Master, timestamp: 2026-06-09 02:47:33.792500, function: null, file: null}
Log registered: {message: UploaderService: Resetting upload queue and state., timestamp: 2026-06-09 02:47:33.792905, function: null, file: null}
Log registered: {message: UploaderService: Reset completed., timestamp: 2026-06-09 02:47:33.792974, function: null, file: null}
Log registered: {message: Session started with GUID: old-session-guid on device type: Master, timestamp: 2026-06-09 02:47:33.793011, function: null, file: null}
Log registered: {message: [UploaderService] No uploaded media with valid durations. Returning zero duration., timestamp: 2026-06-09 02:47:33.793243, function: null, file: null}
Log registered: {message: Media added to upload queue: /var/folders/6s/dp27g8gn26j9mp36sjfxb9tw0000gn/T/hydracam_uploader_testhrXHSk/inflight.jpg, timestamp: 2026-06-09 02:47:33.793287, function: null, file: null}
Log registered: {message: Auto-upload is disabled. Media added to queue but not uploaded., timestamp: 2026-06-09 02:47:33.793414, function: null, file: null}
Log registered: {message: Manual upload initiated., timestamp: 2026-06-09 02:47:33.793459, function: null, file: null}
Log registered: {message: UploaderService: _startUploading called. _isUploading=false, queue length=1, timestamp: 2026-06-09 02:47:33.793506, function: null, file: null}
Log registered: {message: UploaderService: _processNextItem called. Queue length=1, timestamp: 2026-06-09 02:47:33.793547, function: null, file: null}
Log registered: {message: UploaderService: sessionGuid=old-session-guid, timestamp: 2026-06-09 02:47:33.793589, function: null, file: null}
Log registered: {message: Get token, timestamp: 2026-06-09 02:47:33.794283, function: null, file: null}
Log registered: {message: UploaderService: Resetting upload queue and state., timestamp: 2026-06-09 02:47:33.795007, function: null, file: null}
Log registered: {message: UploaderService: Reset completed., timestamp: 2026-06-09 02:47:33.795128, function: null, file: null}
Log registered: {message: UploaderService: Resetting upload queue and state., timestamp: 2026-06-09 02:47:33.795221, function: null, file: null}
Log registered: {message: UploaderService: Reset completed., timestamp: 2026-06-09 02:47:33.795262, function: null, file: null}
Log registered: {message: Session started with GUID: new-session-guid on device type: Master, timestamp: 2026-06-09 02:47:33.795299, function: null, file: null}
Log registered: {message: Media uploaded successfully, timestamp: 2026-06-09 02:47:33.796746, function: null, file: null}
Log registered: {message: Ignoring stale upload completion after uploader reset or cancellation: /var/folders/6s/dp27g8gn26j9mp36sjfxb9tw0000gn/T/hydracam_uploader_testhrXHSk/inflight.jpg, timestamp: 2026-06-09 02:47:33.796851, function: null, file: null}
Log registered: {message: Session metadata saved to /var/folders/6s/dp27g8gn26j9mp36sjfxb9tw0000gn/T/uploader_service_docsnvH2uc/session_new-session-guid/metadata.json, timestamp: 2026-06-09 02:47:33.798288, function: null, file: null}
Log registered: {message: UploaderService: Resetting upload queue and state., timestamp: 2026-06-09 02:47:33.798376, function: null, file: null}
Log registered: {message: UploaderService: Reset completed., timestamp: 2026-06-09 02:47:33.798423, function: null, file: null}
Log registered: {message: Session ended and uploader reset., timestamp: 2026-06-09 02:47:33.798460, function: null, file: null}
Log registered: {message: UploaderService: Resetting upload queue and state., timestamp: 2026-06-09 02:47:33.798501, function: null, file: null}
Log registered: {message: UploaderService: Reset completed., timestamp: 2026-06-09 02:47:33.798537, function: null, file: null}
00:00 +9: /Users/jose/src/work/hydracamv2/test/services/uploader_service_test.dart: cancelCurrentUpload clears active upload and ignores late completion
Log registered: {message: UploaderService: Resetting upload queue and state., timestamp: 2026-06-09 02:47:33.799610, function: null, file: null}
Log registered: {message: UploaderService: Reset completed., timestamp: 2026-06-09 02:47:33.799664, function: null, file: null}
Log registered: {message: UploaderService: Resetting upload queue and state., timestamp: 2026-06-09 02:47:33.799814, function: null, file: null}
Log registered: {message: UploaderService: Reset completed., timestamp: 2026-06-09 02:47:33.799855, function: null, file: null}
Log registered: {message: Session started with GUID: uploader-test-guid on device type: Master, timestamp: 2026-06-09 02:47:33.799899, function: null, file: null}
Log registered: {message: UploaderService: Resetting upload queue and state., timestamp: 2026-06-09 02:47:33.800234, function: null, file: null}
Log registered: {message: UploaderService: Reset completed., timestamp: 2026-06-09 02:47:33.800284, function: null, file: null}
Log registered: {message: Session started with GUID: cancel-session-guid on device type: Master, timestamp: 2026-06-09 02:47:33.800323, function: null, file: null}
Log registered: {message: [UploaderService] No uploaded media with valid durations. Returning zero duration., timestamp: 2026-06-09 02:47:33.800546, function: null, file: null}
Log registered: {message: Media added to upload queue: /var/folders/6s/dp27g8gn26j9mp36sjfxb9tw0000gn/T/hydracam_uploader_testqVPJaC/cancel-inflight.jpg, timestamp: 2026-06-09 02:47:33.800587, function: null, file: null}
Log registered: {message: Auto-upload is disabled. Media added to queue but not uploaded., timestamp: 2026-06-09 02:47:33.800694, function: null, file: null}
Log registered: {message: Manual upload initiated., timestamp: 2026-06-09 02:47:33.800740, function: null, file: null}
Log registered: {message: UploaderService: _startUploading called. _isUploading=false, queue length=1, timestamp: 2026-06-09 02:47:33.800774, function: null, file: null}
Log registered: {message: UploaderService: _processNextItem called. Queue length=1, timestamp: 2026-06-09 02:47:33.800814, function: null, file: null}
Log registered: {message: UploaderService: sessionGuid=cancel-session-guid, timestamp: 2026-06-09 02:47:33.800856, function: null, file: null}
Log registered: {message: Get token, timestamp: 2026-06-09 02:47:33.801176, function: null, file: null}
Log registered: {message: Cancelled in-flight API requests., timestamp: 2026-06-09 02:47:33.801712, function: null, file: null}
Log registered: {message: [UploaderService] Queue is empty. Returning zero duration., timestamp: 2026-06-09 02:47:33.801785, function: null, file: null}
Log registered: {message: Cancelled active upload: /var/folders/6s/dp27g8gn26j9mp36sjfxb9tw0000gn/T/hydracam_uploader_testqVPJaC/cancel-inflight.jpg, timestamp: 2026-06-09 02:47:33.801890, function: null, file: null}
Log registered: {message: Media uploaded successfully, timestamp: 2026-06-09 02:47:33.803088, function: null, file: null}
Log registered: {message: Ignoring stale upload completion after uploader reset or cancellation: /var/folders/6s/dp27g8gn26j9mp36sjfxb9tw0000gn/T/hydracam_uploader_testqVPJaC/cancel-inflight.jpg, timestamp: 2026-06-09 02:47:33.803158, function: null, file: null}
Log registered: {message: Session metadata saved to /var/folders/6s/dp27g8gn26j9mp36sjfxb9tw0000gn/T/uploader_service_docsnvH2uc/session_cancel-session-guid/metadata.json, timestamp: 2026-06-09 02:47:33.804412, function: null, file: null}
Log registered: {message: UploaderService: Resetting upload queue and state., timestamp: 2026-06-09 02:47:33.804518, function: null, file: null}
Log registered: {message: UploaderService: Reset completed., timestamp: 2026-06-09 02:47:33.804570, function: null, file: null}
Log registered: {message: Session ended and uploader reset., timestamp: 2026-06-09 02:47:33.804609, function: null, file: null}
Log registered: {message: UploaderService: Resetting upload queue and state., timestamp: 2026-06-09 02:47:33.804654, function: null, file: null}
Log registered: {message: UploaderService: Reset completed., timestamp: 2026-06-09 02:47:33.804697, function: null, file: null}
00:00 +10: /Users/jose/src/work/hydracamv2/test/services/uploader_service_test.dart: cancelCurrentUpload closes the active HTTP client
Log registered: {message: UploaderService: Resetting upload queue and state., timestamp: 2026-06-09 02:47:33.805979, function: null, file: null}
Log registered: {message: UploaderService: Reset completed., timestamp: 2026-06-09 02:47:33.806056, function: null, file: null}
Log registered: {message: UploaderService: Resetting upload queue and state., timestamp: 2026-06-09 02:47:33.806232, function: null, file: null}
Log registered: {message: UploaderService: Reset completed., timestamp: 2026-06-09 02:47:33.806279, function: null, file: null}
Log registered: {message: Session started with GUID: uploader-test-guid on device type: Master, timestamp: 2026-06-09 02:47:33.806322, function: null, file: null}
Log registered: {message: UploaderService: Resetting upload queue and state., timestamp: 2026-06-09 02:47:33.806776, function: null, file: null}
Log registered: {message: UploaderService: Reset completed., timestamp: 2026-06-09 02:47:33.806879, function: null, file: null}
Log registered: {message: Session started with GUID: cancel-http-session-guid on device type: Master, timestamp: 2026-06-09 02:47:33.806928, function: null, file: null}
Log registered: {message: [UploaderService] No uploaded media with valid durations. Returning zero duration., timestamp: 2026-06-09 02:47:33.807216, function: null, file: null}
Log registered: {message: Media added to upload queue: /var/folders/6s/dp27g8gn26j9mp36sjfxb9tw0000gn/T/hydracam_uploader_testxU9WYE/cancel-http.jpg, timestamp: 2026-06-09 02:47:33.807261, function: null, file: null}
Log registered: {message: Auto-upload is disabled. Media added to queue but not uploaded., timestamp: 2026-06-09 02:47:33.807439, function: null, file: null}
Log registered: {message: Manual upload initiated., timestamp: 2026-06-09 02:47:33.807501, function: null, file: null}
Log registered: {message: UploaderService: _startUploading called. _isUploading=false, queue length=1, timestamp: 2026-06-09 02:47:33.807554, function: null, file: null}
Log registered: {message: UploaderService: _processNextItem called. Queue length=1, timestamp: 2026-06-09 02:47:33.807637, function: null, file: null}
Log registered: {message: UploaderService: sessionGuid=cancel-http-session-guid, timestamp: 2026-06-09 02:47:33.807717, function: null, file: null}
Log registered: {message: Get token, timestamp: 2026-06-09 02:47:33.808103, function: null, file: null}
Log registered: {message: Cancelled in-flight API requests., timestamp: 2026-06-09 02:47:33.808578, function: null, file: null}
Log registered: {message: [UploaderService] Queue is empty. Returning zero duration., timestamp: 2026-06-09 02:47:33.808631, function: null, file: null}
Log registered: {message: Cancelled active upload: /var/folders/6s/dp27g8gn26j9mp36sjfxb9tw0000gn/T/hydracam_uploader_testxU9WYE/cancel-http.jpg, timestamp: 2026-06-09 02:47:33.808699, function: null, file: null}
Log registered: {message: Media uploaded successfully, timestamp: 2026-06-09 02:47:33.810053, function: null, file: null}
Log registered: {message: Ignoring stale upload completion after uploader reset or cancellation: /var/folders/6s/dp27g8gn26j9mp36sjfxb9tw0000gn/T/hydracam_uploader_testxU9WYE/cancel-http.jpg, timestamp: 2026-06-09 02:47:33.810122, function: null, file: null}
Log registered: {message: Session metadata saved to /var/folders/6s/dp27g8gn26j9mp36sjfxb9tw0000gn/T/uploader_service_docsnvH2uc/session_cancel-http-session-guid/metadata.json, timestamp: 2026-06-09 02:47:33.811225, function: null, file: null}
Log registered: {message: UploaderService: Resetting upload queue and state., timestamp: 2026-06-09 02:47:33.811339, function: null, file: null}
Log registered: {message: UploaderService: Reset completed., timestamp: 2026-06-09 02:47:33.811385, function: null, file: null}
Log registered: {message: Session ended and uploader reset., timestamp: 2026-06-09 02:47:33.811425, function: null, file: null}
Log registered: {message: UploaderService: Resetting upload queue and state., timestamp: 2026-06-09 02:47:33.811462, function: null, file: null}
Log registered: {message: UploaderService: Reset completed., timestamp: 2026-06-09 02:47:33.811497, function: null, file: null}
00:00 +11: /Users/jose/src/work/hydracamv2/test/services/uploader_service_test.dart: (tearDownAll)
00:00 +11: /Users/jose/src/work/hydracamv2/test/slave/slave_client_registration_test.dart: slave registers before waiting for network payload
Log registered: {message: Retrieved existing Device ID: test-device, timestamp: 2026-06-09 02:47:34.155873, function: null, file: null}
Log registered: {message: Attempting to connect to master WebSocket at ws://127.0.0.1:62040/ws with Device ID: test-device, timestamp: 2026-06-09 02:47:34.158051, function: null, file: null}
Log registered: {message: Connected to WebSocket at ws://127.0.0.1:62040/ws, timestamp: 2026-06-09 02:47:34.159830, function: null, file: null}
Log registered: {message: Connection closed, timestamp: 2026-06-09 02:47:34.177984, function: null, file: null}
Trace file unavailable: MissingPluginException(No implementation found for method getApplicationDocumentsDirectory on channel plugins.flutter.io/path_provider)
00:00 +12: /Users/jose/src/work/hydracamv2/test/slave/slave_client_registration_test.dart: slave heartbeat includes camera setup status when available
Log registered: {message: Retrieved existing Device ID: test-device, timestamp: 2026-06-09 02:47:34.185158, function: null, file: null}
Log registered: {message: Attempting to connect to master WebSocket at ws://127.0.0.1:62043/ws with Device ID: test-device, timestamp: 2026-06-09 02:47:34.185287, function: null, file: null}
Log registered: {message: Connected to WebSocket at ws://127.0.0.1:62043/ws, timestamp: 2026-06-09 02:47:34.185627, function: null, file: null}
Log registered: {message: Connection closed, timestamp: 2026-06-09 02:47:34.189931, function: null, file: null}
00:00 +13: /Users/jose/src/work/hydracamv2/test/slave/slave_client_registration_test.dart: slave heartbeat reports active session guid
Log registered: {message: UploaderService: Resetting upload queue and state., timestamp: 2026-06-09 02:47:34.195848, function: null, file: null}
Log registered: {message: UploaderService: Reset completed., timestamp: 2026-06-09 02:47:34.196268, function: null, file: null}
Log registered: {message: Session started with GUID: slave-session-guid on device type: Slave, timestamp: 2026-06-09 02:47:34.196537, function: null, file: null}
Log registered: {message: Retrieved existing Device ID: test-device, timestamp: 2026-06-09 02:47:34.197029, function: null, file: null}
Log registered: {message: Attempting to connect to master WebSocket at ws://127.0.0.1:62045/ws with Device ID: test-device, timestamp: 2026-06-09 02:47:34.197107, function: null, file: null}
Log registered: {message: Connected to WebSocket at ws://127.0.0.1:62045/ws, timestamp: 2026-06-09 02:47:34.197442, function: null, file: null}
Log registered: {message: Connection closed, timestamp: 2026-06-09 02:47:34.201259, function: null, file: null}
Log registered: {message: Error saving session metadata: MissingPluginException(No implementation found for method getApplicationDocumentsDirectory on channel plugins.flutter.io/path_provider), timestamp: 2026-06-09 02:47:34.203232, function: null, file: null}
Log registered: {message: UploaderService: Resetting upload queue and state., timestamp: 2026-06-09 02:47:34.203403, function: null, file: null}
Log registered: {message: UploaderService: Reset completed., timestamp: 2026-06-09 02:47:34.203472, function: null, file: null}
Log registered: {message: Session ended and uploader reset., timestamp: 2026-06-09 02:47:34.203532, function: null, file: null}
00:00 +14: /Users/jose/src/work/hydracamv2/test/slave/slave_client_registration_test.dart: auto-record starts recording when sessionStarted arrives
Log registered: {message: Retrieved existing Device ID: test-device, timestamp: 2026-06-09 02:47:34.206559, function: null, file: null}
Log registered: {message: Attempting to connect to master WebSocket at ws://127.0.0.1:62047/ws with Device ID: test-device, timestamp: 2026-06-09 02:47:34.206659, function: null, file: null}
Log registered: {message: Connected to WebSocket at ws://127.0.0.1:62047/ws, timestamp: 2026-06-09 02:47:34.206992, function: null, file: null}
Log registered: {message: Command received from master: {"command":"sessionStarted","sessionGuid":"auto-record-session"}, timestamp: 2026-06-09 02:47:34.210737, function: null, file: null}
Log registered: {message: Command: {"command":"sessionStarted","sessionGuid":"auto-record-session"}, timestamp: 2026-06-09 02:47:34.211374, function: null, file: null}
Log registered: {message: Session guid: auto-record-session, timestamp: 2026-06-09 02:47:34.211468, function: null, file: null}
Log registered: {message: UploaderService: Resetting upload queue and state., timestamp: 2026-06-09 02:47:34.211636, function: null, file: null}
Log registered: {message: UploaderService: Reset completed., timestamp: 2026-06-09 02:47:34.211702, function: null, file: null}
Log registered: {message: Session started with GUID: auto-record-session on device type: Slave, timestamp: 2026-06-09 02:47:34.211764, function: null, file: null}
Log registered: {message: Get token, timestamp: 2026-06-09 02:47:34.212364, function: null, file: null}
Log registered: {message: Fetch token, timestamp: 2026-06-09 02:47:34.212746, function: null, file: null}
Log registered: {message: Auto-record starting recording for active session auto-record-session., timestamp: 2026-06-09 02:47:34.218498, function: null, file: null}
Log registered: {message: Starting video recording, timestamp: 2026-06-09 02:47:34.219062, function: null, file: null}
Log registered: {message: Mock camera ready for native controller mode on macOS., timestamp: 2026-06-09 02:47:34.219470, function: null, file: null}
Log registered: {message: Retrieved existing Device ID: test-device, timestamp: 2026-06-09 02:47:34.222126, function: null, file: null}
Log registered: {message: Mock video recording started for native controller mode., timestamp: 2026-06-09 02:47:34.222522, function: null, file: null}
Log registered: {message: Failed to fetch M2M token: , timestamp: 2026-06-09 02:47:34.223245, function: null, file: null}
Log registered: {message: Error on POST device/ReadyToTransmit: Exception: Failed to retrieve M2M token, timestamp: 2026-06-09 02:47:34.223491, function: null, file: null}
Log registered: {message: Failed to notify server: No response, timestamp: 2026-06-09 02:47:34.223578, function: null, file: null}
Log registered: {message: Connection closed, timestamp: 2026-06-09 02:47:34.223723, function: null, file: null}
Log registered: {message: Mock video saved to session path: /var/folders/6s/dp27g8gn26j9mp36sjfxb9tw0000gn/T/slave_client_docs7NJXnC/session_auto-record-session/mock_1_2026-06-09T02-47-34-224718.mp4, timestamp: 2026-06-09 02:47:34.231315, function: null, file: null}
Log registered: {message: Session metadata saved to /var/folders/6s/dp27g8gn26j9mp36sjfxb9tw0000gn/T/slave_client_docs7NJXnC/session_auto-record-session/metadata.json, timestamp: 2026-06-09 02:47:34.232214, function: null, file: null}
Log registered: {message: UploaderService: Resetting upload queue and state., timestamp: 2026-06-09 02:47:34.232368, function: null, file: null}
Log registered: {message: UploaderService: Reset completed., timestamp: 2026-06-09 02:47:34.232690, function: null, file: null}
Log registered: {message: Session ended and uploader reset., timestamp: 2026-06-09 02:47:34.232761, function: null, file: null}
00:00 +15: /Users/jose/src/work/hydracamv2/test/slave/slave_client_registration_test.dart: startUploadingAll command starts pending upload queue
Log registered: {message: UploaderService: Resetting upload queue and state., timestamp: 2026-06-09 02:47:34.235283, function: null, file: null}
Log registered: {message: UploaderService: Reset completed., timestamp: 2026-06-09 02:47:34.235383, function: null, file: null}
Log registered: {message: UploaderService: Resetting upload queue and state., timestamp: 2026-06-09 02:47:34.235457, function: null, file: null}
Log registered: {message: UploaderService: Reset completed., timestamp: 2026-06-09 02:47:34.235623, function: null, file: null}
Log registered: {message: Session started with GUID: backend-upload-session on device type: Slave, timestamp: 2026-06-09 02:47:34.235702, function: null, file: null}
Log registered: {message: [UploaderService] No uploaded media with valid durations. Returning zero duration., timestamp: 2026-06-09 02:47:34.237565, function: null, file: null}
Log registered: {message: Media added to upload queue: /var/folders/6s/dp27g8gn26j9mp36sjfxb9tw0000gn/T/slave_upload_commandVy3QZ5/queued-photo.jpg, timestamp: 2026-06-09 02:47:34.237791, function: null, file: null}
Log registered: {message: Auto-upload is disabled. Media added to queue but not uploaded., timestamp: 2026-06-09 02:47:34.238063, function: null, file: null}
Log registered: {message: Retrieved existing Device ID: test-device, timestamp: 2026-06-09 02:47:34.238530, function: null, file: null}
Log registered: {message: Attempting to connect to master WebSocket at ws://127.0.0.1:62049/ws with Device ID: test-device, timestamp: 2026-06-09 02:47:34.238609, function: null, file: null}
Log registered: {message: Connected to WebSocket at ws://127.0.0.1:62049/ws, timestamp: 2026-06-09 02:47:34.238973, function: null, file: null}
Log registered: {message: Command received from master: {"command":"startUploadingAll"}, timestamp: 2026-06-09 02:47:34.242234, function: null, file: null}
Log registered: {message: Start-upload-all command received from master., timestamp: 2026-06-09 02:47:34.242536, function: null, file: null}
Log registered: {message: Manual upload initiated., timestamp: 2026-06-09 02:47:34.242672, function: null, file: null}
Log registered: {message: UploaderService: _startUploading called. _isUploading=false, queue length=1, timestamp: 2026-06-09 02:47:34.242842, function: null, file: null}
Log registered: {message: UploaderService: _processNextItem called. Queue length=1, timestamp: 2026-06-09 02:47:34.243231, function: null, file: null}
Log registered: {message: UploaderService: sessionGuid=backend-upload-session, timestamp: 2026-06-09 02:47:34.243401, function: null, file: null}
Log registered: {message: Get token, timestamp: 2026-06-09 02:47:34.244645, function: null, file: null}
Log registered: {message: Fetch token, timestamp: 2026-06-09 02:47:34.244791, function: null, file: null}
Log registered: {message: Failed to fetch M2M token: , timestamp: 2026-06-09 02:47:34.245275, function: null, file: null}
Log registered: {message: Error uploading media: Exception: Failed to retrieve M2M token, timestamp: 2026-06-09 02:47:34.245379, function: null, file: null}
Log registered: {message: Failed to upload media: /var/folders/6s/dp27g8gn26j9mp36sjfxb9tw0000gn/T/slave_upload_commandVy3QZ5/queued-photo.jpg, timestamp: 2026-06-09 02:47:34.245504, function: null, file: null}
Log registered: {message: Session metadata saved to /var/folders/6s/dp27g8gn26j9mp36sjfxb9tw0000gn/T/slave_client_docs7NJXnC/session_backend-upload-session/metadata.json, timestamp: 2026-06-09 02:47:34.246395, function: null, file: null}
Log registered: {message: [UploaderService] Queue is empty. Returning zero duration., timestamp: 2026-06-09 02:47:34.246539, function: null, file: null}
Log registered: {message: UploaderService: _processNextItem called. Queue length=0, timestamp: 2026-06-09 02:47:34.246606, function: null, file: null}
Log registered: {message: UploaderService: Queue is empty. Uploading stopped., timestamp: 2026-06-09 02:47:34.246772, function: null, file: null}
Log registered: {message: Connection closed, timestamp: 2026-06-09 02:47:34.250756, function: null, file: null}
Log registered: {message: UploaderService: Resetting upload queue and state., timestamp: 2026-06-09 02:47:34.251010, function: null, file: null}
Log registered: {message: UploaderService: Reset completed., timestamp: 2026-06-09 02:47:34.251068, function: null, file: null}
Log registered: {message: Session metadata saved to /var/folders/6s/dp27g8gn26j9mp36sjfxb9tw0000gn/T/slave_client_docs7NJXnC/session_backend-upload-session/metadata.json, timestamp: 2026-06-09 02:47:34.252541, function: null, file: null}
Log registered: {message: UploaderService: Resetting upload queue and state., timestamp: 2026-06-09 02:47:34.252678, function: null, file: null}
Log registered: {message: UploaderService: Reset completed., timestamp: 2026-06-09 02:47:34.252748, function: null, file: null}
Log registered: {message: Session ended and uploader reset., timestamp: 2026-06-09 02:47:34.252800, function: null, file: null}
00:00 +16: /Users/jose/src/work/hydracamv2/test/screens/uploader_info_screen_test.dart: (setUpAll)
00:00 +16: /Users/jose/src/work/hydracamv2/test/slave/slave_client_registration_test.dart: identifySlave command replies with identifyAck
Log registered: {message: UploaderService: Resetting upload queue and state., timestamp: 2026-06-09 02:47:34.254914, function: null, file: null}
Log registered: {message: UploaderService: Reset completed., timestamp: 2026-06-09 02:47:34.255037, function: null, file: null}
Log registered: {message: Session started with GUID: slave-session-guid on device type: Slave, timestamp: 2026-06-09 02:47:34.255113, function: null, file: null}
Log registered: {message: Retrieved existing Device ID: test-device, timestamp: 2026-06-09 02:47:34.255542, function: null, file: null}
Log registered: {message: Attempting to connect to master WebSocket at ws://127.0.0.1:62051/ws with Device ID: test-device, timestamp: 2026-06-09 02:47:34.255983, function: null, file: null}
Log registered: {message: Connected to WebSocket at ws://127.0.0.1:62051/ws, timestamp: 2026-06-09 02:47:34.256360, function: null, file: null}
Log registered: {message: Command received from master: {"command":"identifySlave","requestId":"identify-test"}, timestamp: 2026-06-09 02:47:34.259604, function: null, file: null}
Log registered: {message: Sent identifyAck notification to master, timestamp: 2026-06-09 02:47:34.260009, function: null, file: null}
Log registered: {message: Connection closed, timestamp: 2026-06-09 02:47:34.260346, function: null, file: null}
00:00 +16: /Users/jose/src/work/hydracamv2/test/screens/uploader_info_screen_test.dart: cancel action clears the current upload row
Log registered: {message: UploaderService: Resetting upload queue and state., timestamp: 2026-06-09 02:47:34.258763, function: null, file: null}
Log registered: {message: UploaderService: Reset completed., timestamp: 2026-06-09 02:47:34.261093, function: null, file: null}
00:00 +16: /Users/jose/src/work/hydracamv2/test/slave/slave_client_registration_test.dart: identifySlave command replies with identifyAck
Log registered: {message: Session metadata saved to /var/folders/6s/dp27g8gn26j9mp36sjfxb9tw0000gn/T/slave_client_docs7NJXnC/session_slave-session-guid/metadata.json, timestamp: 2026-06-09 02:47:34.261839, function: null, file: null}
Log registered: {message: UploaderService: Resetting upload queue and state., timestamp: 2026-06-09 02:47:34.261964, function: null, file: null}
Log registered: {message: UploaderService: Reset completed., timestamp: 2026-06-09 02:47:34.262029, function: null, file: null}
Log registered: {message: Session ended and uploader reset., timestamp: 2026-06-09 02:47:34.262077, function: null, file: null}
00:00 +17: /Users/jose/src/work/hydracamv2/test/screens/uploader_info_screen_test.dart: cancel action clears the current upload row
00:00 +17: /Users/jose/src/work/hydracamv2/test/slave/slave_client_registration_test.dart: scheduled command applies master clock offset before countdown
Log registered: {message: Retrieved existing Device ID: test-device, timestamp: 2026-06-09 02:47:34.264024, function: null, file: null}
Log registered: {message: Attempting to connect to master WebSocket at ws://127.0.0.1:62053/ws with Device ID: test-device, timestamp: 2026-06-09 02:47:34.264110, function: null, file: null}
Log registered: {message: Connected to WebSocket at ws://127.0.0.1:62053/ws, timestamp: 2026-06-09 02:47:34.264406, function: null, file: null}
Log registered: {message: Command received from master: {"type":"scheduledCommand","command":"takePhoto","scheduledTime":"2026-06-08T20:35:05.000Z","masterTime":"2026-06-08T20:35:02.000Z"}, timestamp: 2026-06-09 02:47:34.267363, function: null, file: null}
Log registered: {message: Updated slave scheduled clock offset from master: 2000 ms., timestamp: 2026-06-09 02:47:34.268313, function: null, file: null}
Log registered: {message: Command 'takePhoto' scheduled for 2026-06-08 20:35:05.000Z., timestamp: 2026-06-09 02:47:34.268687, function: null, file: null}
Log registered: {message: Connection closed, timestamp: 2026-06-09 02:47:34.269199, function: null, file: null}
00:00 +18: /Users/jose/src/work/hydracamv2/test/screens/uploader_info_screen_test.dart: cancel action clears the current upload row
Log registered: {message: UploaderService: Resetting upload queue and state., timestamp: 2026-06-09 02:47:34.374614, function: null, file: null}
Log registered: {message: UploaderService: Reset completed., timestamp: 2026-06-09 02:47:34.374862, function: null, file: null}
Log registered: {message: Session started with GUID: uploader-info-session-guid on device type: Slave, timestamp: 2026-06-09 02:47:34.375131, function: null, file: null}
Log registered: {message: [UploaderService] Queue is empty. Returning zero duration., timestamp: 2026-06-09 02:47:34.703957, function: null, file: null}
Log registered: {message: Cancelled active upload: /var/folders/6s/dp27g8gn26j9mp36sjfxb9tw0000gn/T/uploader_info_screen_testtDRjJV/current-upload.mp4, timestamp: 2026-06-09 02:47:34.704247, function: null, file: null}
Log registered: {message: Session metadata saved to /var/folders/6s/dp27g8gn26j9mp36sjfxb9tw0000gn/T/uploader_info_screen_docsbjTuO6/session_uploader-info-session-guid/metadata.json, timestamp: 2026-06-09 02:47:34.758291, function: null, file: null}
Log registered: {message: UploaderService: Resetting upload queue and state., timestamp: 2026-06-09 02:47:34.758487, function: null, file: null}
Log registered: {message: UploaderService: Reset completed., timestamp: 2026-06-09 02:47:34.758561, function: null, file: null}
Log registered: {message: Session ended and uploader reset., timestamp: 2026-06-09 02:47:34.758616, function: null, file: null}
Log registered: {message: UploaderService: Resetting upload queue and state., timestamp: 2026-06-09 02:47:34.758727, function: null, file: null}
Log registered: {message: UploaderService: Reset completed., timestamp: 2026-06-09 02:47:34.758827, function: null, file: null}
00:01 +19: /Users/jose/src/work/hydracamv2/test/screens/uploader_info_screen_test.dart: (tearDownAll)
00:01 +19: /Users/jose/src/work/hydracamv2/test/screens/session_details_screen_test.dart: (setUpAll)
00:01 +19: /Users/jose/src/work/hydracamv2/test/screens/session_details_screen_test.dart: session details shows player assignment backend state
00:01 +20: /Users/jose/src/work/hydracamv2/test/screens/session_details_screen_test.dart: session details title prefers the session guid
00:01 +21: /Users/jose/src/work/hydracamv2/test/screens/session_details_screen_test.dart: load session action falls back to session id without guid
Log registered: {message: No metadata file found for session snapshot legacy-session-id, timestamp: 2026-06-09 02:47:35.441207, function: null, file: null}
00:01 +22: /Users/jose/src/work/hydracamv2/test/screens/session_details_screen_test.dart: (tearDownAll)
00:01 +22: All tests passed!

[stderr]
The following plugins do not support Swift Package Manager for ios:
  - photo_manager
  - permission_handler_apple
  - disk_space_plus
This will become an error in a future version of Flutter. Please contact the plugin maintainers to request Swift Package Manager adoption.
The following plugins do not support Swift Package Manager for macos:
  - photo_manager
This will become an error in a future version of Flutter. Please contact the plugin maintainers to request Swift Package Manager adoption.
[exit-code] 0

$ flutter analyze --no-pub
Analyzing hydracamv2...
No issues found! (ran in 4.9s)
[exit-code] 0

$ git diff --check
[exit-code] 0

$ flutter test
00:00 +0: loading /Users/jose/src/work/hydracamv2/test/l10n/app_localizations_test.dart
00:00 +0: /Users/jose/src/work/hydracamv2/test/l10n/app_localizations_test.dart: seeded translations use locale-native spelling
00:00 +0 -1: /Users/jose/src/work/hydracamv2/test/l10n/app_localizations_test.dart: seeded translations use locale-native spelling [E]
  Expected: 'Grabación automática'
    Actual: 'Grabacion automatica'
     Which: is different.
            Expected: Grabación automát ...
              Actual: Grabacion automat ...
                             ^
             Differ at offset 7

  package:matcher                                     expect
  package:flutter_test/src/widget_tester.dart 473:18  expect
  test/l10n/app_localizations_test.dart 11:5          main.<fn>
  ===== asynchronous gap ===========================
  dart:async                                          _CustomZone.registerUnaryCallback
  test/l10n/app_localizations_test.dart 7:16          main.<fn>

  Expected: 'Grabación automática'
    Actual: 'Grabacion automatica'
     Which: is different.
            Expected: Grabación automát ...
              Actual: Grabacion automat ...
                             ^
             Differ at offset 7

  package:matcher                                     expect
  package:flutter_test/src/widget_tester.dart 473:18  expect
  test/l10n/app_localizations_test.dart 11:5          main.<fn>

00:00 +0 -1: /Users/jose/src/work/hydracamv2/test/platform_setup_test.dart: Platform Setup Tests iOS Podfile should exist and be valid
00:00 +1 -1: /Users/jose/src/work/hydracamv2/test/platform_setup_test.dart: Platform Setup Tests Android build.gradle should exist
00:00 +2 -1: /Users/jose/src/work/hydracamv2/test/platform_setup_test.dart: Platform Setup Tests Web index.html should exist
00:00 +3 -1: /Users/jose/src/work/hydracamv2/test/platform/platform_behavior_test.dart: Platform Behavior Platform detection works
00:00 +4 -1: /Users/jose/src/work/hydracamv2/test/platform/platform_behavior_test.dart: Platform Behavior Mobile-specific features Camera should be available on mobile
00:00 +5 -1: /Users/jose/src/work/hydracamv2/test/platform/platform_behavior_test.dart: Platform Behavior Mobile-specific features Gallery saving should work on mobile
00:00 +6 -1: /Users/jose/src/work/hydracamv2/test/platform/platform_behavior_test.dart: Platform Behavior Mobile-specific features Permissions are required on mobile
00:00 +7 -1: /Users/jose/src/work/hydracamv2/test/platform/platform_behavior_test.dart: Platform Behavior Desktop-specific features Desktop may have limited camera support
00:00 +8 -1: /Users/jose/src/work/hydracamv2/test/platform/platform_behavior_test.dart: Platform Behavior Desktop-specific features Desktop uses file system directly
00:00 +9 -1: /Users/jose/src/work/hydracamv2/test/platform/platform_behavior_test.dart: Platform Behavior Desktop-specific features Desktop may not need runtime permissions
00:00 +10 -1: /Users/jose/src/work/hydracamv2/test/platform/platform_behavior_test.dart: Cross-platform features Networking works on all platforms
00:00 +11 -1: /Users/jose/src/work/hydracamv2/test/platform/platform_behavior_test.dart: Cross-platform features Storage management works on all platforms
00:00 +12 -1: /Users/jose/src/work/hydracamv2/test/platform/platform_behavior_test.dart: Cross-platform features Session management is platform-agnostic
00:00 +13 -1: /Users/jose/src/work/hydracamv2/test/models/capture_context_metadata_test.dart: CameraPerspectiveMetadata exposes media-timeline canonical perspective options
00:00 +14 -1: /Users/jose/src/work/hydracamv2/test/models/capture_context_metadata_test.dart: CameraPerspectiveMetadata normalizes known ids to canonical labels
00:00 +15 -1: /Users/jose/src/work/hydracamv2/test/models/capture_context_metadata_test.dart: MediaCaptureContext serializes perspective, level, camera, profile, and device metadata
00:00 +16 -1: /Users/jose/src/work/hydracamv2/test/models/capture_context_metadata_test.dart: MediaCaptureContext loads null and old metadata without capture context
00:00 +17 -1: /Users/jose/src/work/hydracamv2/test/models/capture_session_test.dart: preferred identifier uses session guid when available
00:00 +18 -1: /Users/jose/src/work/hydracamv2/test/platform/multi_device_orchestration_test.dart: Photo Scenarios Scenario P1: single slave burst populates queue and metadata
00:00 +19 -1: /Users/jose/src/work/hydracamv2/test/platform/multi_device_orchestration_test.dart: Photo Scenarios Scenario P1: single slave burst populates queue and metadata
Log registered: {message: UploaderService: Resetting upload queue and state., timestamp: 2026-06-09 02:47:55.396946, function: null, file: null}
Log registered: {message: UploaderService: Reset completed., timestamp: 2026-06-09 02:47:55.399308, function: null, file: null}
Log registered: {message: UploaderService: Resetting upload queue and state., timestamp: 2026-06-09 02:47:55.402334, function: null, file: null}
Log registered: {message: UploaderService: Reset completed., timestamp: 2026-06-09 02:47:55.402510, function: null, file: null}
Log registered: {message: Session started with GUID: session_p1 on device type: Master, timestamp: 2026-06-09 02:47:55.402793, function: null, file: null}
Log registered: {message: Adding photo to upload queue: /var/folders/6s/dp27g8gn26j9mp36sjfxb9tw0000gn/T/hydracam_multi_device_mediaoxi7oO/p1-0.jpg, timestamp: 2026-06-09 02:47:55.406026, function: null, file: null}
Log registered: {message: Session metadata saved to /var/folders/6s/dp27g8gn26j9mp36sjfxb9tw0000gn/T/hydracam_multi_device_docsfUMkSf/session_session_p1/metadata.json, timestamp: 2026-06-09 02:47:55.413513, function: null, file: null}
Log registered: {message: [UploaderService] No uploaded media with valid durations. Returning zero duration., timestamp: 2026-06-09 02:47:55.414632, function: null, file: null}
Log registered: {message: Media added to upload queue: /var/folders/6s/dp27g8gn26j9mp36sjfxb9tw0000gn/T/hydracam_multi_device_mediaoxi7oO/p1-0.jpg, timestamp: 2026-06-09 02:47:55.414916, function: null, file: null}
Log registered: {message: Auto-upload is disabled. Media added to queue but not uploaded., timestamp: 2026-06-09 02:47:55.416026, function: null, file: null}
Log registered: {message: Adding photo to upload queue: /var/folders/6s/dp27g8gn26j9mp36sjfxb9tw0000gn/T/hydracam_multi_device_mediaoxi7oO/p1-1.jpg, timestamp: 2026-06-09 02:47:55.416558, function: null, file: null}
Log registered: {message: Session metadata saved to /var/folders/6s/dp27g8gn26j9mp36sjfxb9tw0000gn/T/hydracam_multi_device_docsfUMkSf/session_session_p1/metadata.json, timestamp: 2026-06-09 02:47:55.418562, function: null, file: null}
Log registered: {message: [UploaderService] No uploaded media with valid durations. Returning zero duration., timestamp: 2026-06-09 02:47:55.418864, function: null, file: null}
Log registered: {message: Media added to upload queue: /var/folders/6s/dp27g8gn26j9mp36sjfxb9tw0000gn/T/hydracam_multi_device_mediaoxi7oO/p1-1.jpg, timestamp: 2026-06-09 02:47:55.418972, function: null, file: null}
Log registered: {message: Auto-upload is disabled. Media added to queue but not uploaded., timestamp: 2026-06-09 02:47:55.419087, function: null, file: null}
Log registered: {message: Adding photo to upload queue: /var/folders/6s/dp27g8gn26j9mp36sjfxb9tw0000gn/T/hydracam_multi_device_mediaoxi7oO/p1-2.jpg, timestamp: 2026-06-09 02:47:55.419490, function: null, file: null}
Log registered: {message: Session metadata saved to /var/folders/6s/dp27g8gn26j9mp36sjfxb9tw0000gn/T/hydracam_multi_device_docsfUMkSf/session_session_p1/metadata.json, timestamp: 2026-06-09 02:47:55.420267, function: null, file: null}
Log registered: {message: [UploaderService] No uploaded media with valid durations. Returning zero duration., timestamp: 2026-06-09 02:47:55.420384, function: null, file: null}
Log registered: {message: Media added to upload queue: /var/folders/6s/dp27g8gn26j9mp36sjfxb9tw0000gn/T/hydracam_multi_device_mediaoxi7oO/p1-2.jpg, timestamp: 2026-06-09 02:47:55.420450, function: null, file: null}
Log registered: {message: Auto-upload is disabled. Media added to queue but not uploaded., timestamp: 2026-06-09 02:47:55.420535, function: null, file: null}
Log registered: {message: UploaderService: Resetting upload queue and state., timestamp: 2026-06-09 02:47:55.447678, function: null, file: null}
Log registered: {message: UploaderService: Reset completed., timestamp: 2026-06-09 02:47:55.447816, function: null, file: null}
Log registered: {message: Session metadata saved to /var/folders/6s/dp27g8gn26j9mp36sjfxb9tw0000gn/T/hydracam_multi_device_docsfUMkSf/session_session_p1/metadata.json, timestamp: 2026-06-09 02:47:55.450773, function: null, file: null}
Log registered: {message: UploaderService: Resetting upload queue and state., timestamp: 2026-06-09 02:47:55.450940, function: null, file: null}
Log registered: {message: UploaderService: Reset completed., timestamp: 2026-06-09 02:47:55.451039, function: null, file: null}
Log registered: {message: Session ended and uploader reset., timestamp: 2026-06-09 02:47:55.451109, function: null, file: null}
00:00 +20 -1: /Users/jose/src/work/hydracamv2/test/platform/multi_device_orchestration_test.dart: Photo Scenarios Scenario P2: two slaves contribute photos with unique device IDs
00:00 +20 -1: /Users/jose/src/work/hydracamv2/test/platform/multi_device_orchestration_test.dart: Photo Scenarios Scenario P1: single slave burst populates queue and metadata
Trace persistence disabled: PathNotFoundException: Cannot open file, path = '/var/folders/6s/dp27g8gn26j9mp36sjfxb9tw0000gn/T/hydracam_multi_device_docsfUMkSf/logs/hydracam-trace-2026-06-09T02-47-55-411956.ndjson' (OS Error: No such file or directory, errno = 2)
00:00 +20 -1: /Users/jose/src/work/hydracamv2/test/platform/multi_device_orchestration_test.dart: Photo Scenarios Scenario P2: two slaves contribute photos with unique device IDs
Log registered: {message: UploaderService: Resetting upload queue and state., timestamp: 2026-06-09 02:47:55.456651, function: null, file: null}
Log registered: {message: UploaderService: Reset completed., timestamp: 2026-06-09 02:47:55.456781, function: null, file: null}
Log registered: {message: UploaderService: Resetting upload queue and state., timestamp: 2026-06-09 02:47:55.457404, function: null, file: null}
Log registered: {message: UploaderService: Reset completed., timestamp: 2026-06-09 02:47:55.457538, function: null, file: null}
Log registered: {message: Session started with GUID: session_p2 on device type: Master, timestamp: 2026-06-09 02:47:55.457623, function: null, file: null}
Log registered: {message: Adding photo to upload queue: /var/folders/6s/dp27g8gn26j9mp36sjfxb9tw0000gn/T/hydracam_multi_device_mediaCTA3jl/p2-a.jpg, timestamp: 2026-06-09 02:47:55.458895, function: null, file: null}
Log registered: {message: Session metadata saved to /var/folders/6s/dp27g8gn26j9mp36sjfxb9tw0000gn/T/hydracam_multi_device_docsvP0K1Y/session_session_p2/metadata.json, timestamp: 2026-06-09 02:47:55.459577, function: null, file: null}
Log registered: {message: [UploaderService] No uploaded media with valid durations. Returning zero duration., timestamp: 2026-06-09 02:47:55.459730, function: null, file: null}
Log registered: {message: Media added to upload queue: /var/folders/6s/dp27g8gn26j9mp36sjfxb9tw0000gn/T/hydracam_multi_device_mediaCTA3jl/p2-a.jpg, timestamp: 2026-06-09 02:47:55.459844, function: null, file: null}
Log registered: {message: Auto-upload is disabled. Media added to queue but not uploaded., timestamp: 2026-06-09 02:47:55.459963, function: null, file: null}
Log registered: {message: Adding photo to upload queue: /var/folders/6s/dp27g8gn26j9mp36sjfxb9tw0000gn/T/hydracam_multi_device_mediaCTA3jl/p2-b.jpg, timestamp: 2026-06-09 02:47:55.460204, function: null, file: null}
Log registered: {message: Session metadata saved to /var/folders/6s/dp27g8gn26j9mp36sjfxb9tw0000gn/T/hydracam_multi_device_docsvP0K1Y/session_session_p2/metadata.json, timestamp: 2026-06-09 02:47:55.461022, function: null, file: null}
Log registered: {message: [UploaderService] No uploaded media with valid durations. Returning zero duration., timestamp: 2026-06-09 02:47:55.461189, function: null, file: null}
Log registered: {message: Media added to upload queue: /var/folders/6s/dp27g8gn26j9mp36sjfxb9tw0000gn/T/hydracam_multi_device_mediaCTA3jl/p2-b.jpg, timestamp: 2026-06-09 02:47:55.461263, function: null, file: null}
Log registered: {message: Auto-upload is disabled. Media added to queue but not uploaded., timestamp: 2026-06-09 02:47:55.461359, function: null, file: null}
Log registered: {message: UploaderService: Resetting upload queue and state., timestamp: 2026-06-09 02:47:55.484876, function: null, file: null}
Log registered: {message: UploaderService: Reset completed., timestamp: 2026-06-09 02:47:55.485116, function: null, file: null}
Log registered: {message: Session metadata saved to /var/folders/6s/dp27g8gn26j9mp36sjfxb9tw0000gn/T/hydracam_multi_device_docsvP0K1Y/session_session_p2/metadata.json, timestamp: 2026-06-09 02:47:55.487947, function: null, file: null}
Log registered: {message: UploaderService: Resetting upload queue and state., timestamp: 2026-06-09 02:47:55.488227, function: null, file: null}
Log registered: {message: UploaderService: Reset completed., timestamp: 2026-06-09 02:47:55.488303, function: null, file: null}
Log registered: {message: Session ended and uploader reset., timestamp: 2026-06-09 02:47:55.488366, function: null, file: null}
00:00 +21 -1: /Users/jose/src/work/hydracamv2/test/platform/multi_device_orchestration_test.dart: Photo Scenarios Scenario P3: round-robin commands respect device order
Log registered: {message: UploaderService: Resetting upload queue and state., timestamp: 2026-06-09 02:47:55.490422, function: null, file: null}
Log registered: {message: UploaderService: Reset completed., timestamp: 2026-06-09 02:47:55.490536, function: null, file: null}
Log registered: {message: UploaderService: Resetting upload queue and state., timestamp: 2026-06-09 02:47:55.491105, function: null, file: null}
Log registered: {message: UploaderService: Reset completed., timestamp: 2026-06-09 02:47:55.491176, function: null, file: null}
Log registered: {message: Session started with GUID: session_p3 on device type: Master, timestamp: 2026-06-09 02:47:55.491233, function: null, file: null}
Log registered: {message: Adding photo to upload queue: /var/folders/6s/dp27g8gn26j9mp36sjfxb9tw0000gn/T/hydracam_multi_device_mediamwU0a1/slave-A.jpg, timestamp: 2026-06-09 02:47:55.491697, function: null, file: null}
Log registered: {message: Session metadata saved to /var/folders/6s/dp27g8gn26j9mp36sjfxb9tw0000gn/T/hydracam_multi_device_docskKENZ8/session_session_p3/metadata.json, timestamp: 2026-06-09 02:47:55.492508, function: null, file: null}
Log registered: {message: [UploaderService] No uploaded media with valid durations. Returning zero duration., timestamp: 2026-06-09 02:47:55.492643, function: null, file: null}
Log registered: {message: Media added to upload queue: /var/folders/6s/dp27g8gn26j9mp36sjfxb9tw0000gn/T/hydracam_multi_device_mediamwU0a1/slave-A.jpg, timestamp: 2026-06-09 02:47:55.492701, function: null, file: null}
Log registered: {message: Auto-upload is disabled. Media added to queue but not uploaded., timestamp: 2026-06-09 02:47:55.492798, function: null, file: null}
Log registered: {message: Adding photo to upload queue: /var/folders/6s/dp27g8gn26j9mp36sjfxb9tw0000gn/T/hydracam_multi_device_mediamwU0a1/slave-B.jpg, timestamp: 2026-06-09 02:47:55.493090, function: null, file: null}
Log registered: {message: Session metadata saved to /var/folders/6s/dp27g8gn26j9mp36sjfxb9tw0000gn/T/hydracam_multi_device_docskKENZ8/session_session_p3/metadata.json, timestamp: 2026-06-09 02:47:55.493626, function: null, file: null}
Log registered: {message: [UploaderService] No uploaded media with valid durations. Returning zero duration., timestamp: 2026-06-09 02:47:55.493751, function: null, file: null}
Log registered: {message: Media added to upload queue: /var/folders/6s/dp27g8gn26j9mp36sjfxb9tw0000gn/T/hydracam_multi_device_mediamwU0a1/slave-B.jpg, timestamp: 2026-06-09 02:47:55.493811, function: null, file: null}
Log registered: {message: Auto-upload is disabled. Media added to queue but not uploaded., timestamp: 2026-06-09 02:47:55.493903, function: null, file: null}
Log registered: {message: Adding photo to upload queue: /var/folders/6s/dp27g8gn26j9mp36sjfxb9tw0000gn/T/hydracam_multi_device_mediamwU0a1/slave-C.jpg, timestamp: 2026-06-09 02:47:55.494195, function: null, file: null}
Log registered: {message: Session metadata saved to /var/folders/6s/dp27g8gn26j9mp36sjfxb9tw0000gn/T/hydracam_multi_device_docskKENZ8/session_session_p3/metadata.json, timestamp: 2026-06-09 02:47:55.494936, function: null, file: null}
Log registered: {message: [UploaderService] No uploaded media with valid durations. Returning zero duration., timestamp: 2026-06-09 02:47:55.495101, function: null, file: null}
Log registered: {message: Media added to upload queue: /var/folders/6s/dp27g8gn26j9mp36sjfxb9tw0000gn/T/hydracam_multi_device_mediamwU0a1/slave-C.jpg, timestamp: 2026-06-09 02:47:55.495185, function: null, file: null}
Log registered: {message: Auto-upload is disabled. Media added to queue but not uploaded., timestamp: 2026-06-09 02:47:55.495283, function: null, file: null}
Log registered: {message: Adding photo to upload queue: /var/folders/6s/dp27g8gn26j9mp36sjfxb9tw0000gn/T/hydracam_multi_device_mediamwU0a1/slave-D.jpg, timestamp: 2026-06-09 02:47:55.495547, function: null, file: null}
Log registered: {message: Session metadata saved to /var/folders/6s/dp27g8gn26j9mp36sjfxb9tw0000gn/T/hydracam_multi_device_docskKENZ8/session_session_p3/metadata.json, timestamp: 2026-06-09 02:47:55.496433, function: null, file: null}
Log registered: {message: [UploaderService] No uploaded media with valid durations. Returning zero duration., timestamp: 2026-06-09 02:47:55.496583, function: null, file: null}
Log registered: {message: Media added to upload queue: /var/folders/6s/dp27g8gn26j9mp36sjfxb9tw0000gn/T/hydracam_multi_device_mediamwU0a1/slave-D.jpg, timestamp: 2026-06-09 02:47:55.496647, function: null, file: null}
Log registered: {message: Auto-upload is disabled. Media added to queue but not uploaded., timestamp: 2026-06-09 02:47:55.496832, function: null, file: null}
Log registered: {message: UploaderService: Resetting upload queue and state., timestamp: 2026-06-09 02:47:55.519654, function: null, file: null}
Log registered: {message: UploaderService: Reset completed., timestamp: 2026-06-09 02:47:55.519893, function: null, file: null}
Log registered: {message: Session metadata saved to /var/folders/6s/dp27g8gn26j9mp36sjfxb9tw0000gn/T/hydracam_multi_device_docskKENZ8/session_session_p3/metadata.json, timestamp: 2026-06-09 02:47:55.520643, function: null, file: null}
Log registered: {message: UploaderService: Resetting upload queue and state., timestamp: 2026-06-09 02:47:55.520760, function: null, file: null}
Log registered: {message: UploaderService: Reset completed., timestamp: 2026-06-09 02:47:55.520891, function: null, file: null}
Log registered: {message: Session ended and uploader reset., timestamp: 2026-06-09 02:47:55.520971, function: null, file: null}
00:00 +22 -1: /Users/jose/src/work/hydracamv2/test/platform/multi_device_orchestration_test.dart: Photo Scenarios Scenario P4: master rotation resets session state
Log registered: {message: UploaderService: Resetting upload queue and state., timestamp: 2026-06-09 02:47:55.523039, function: null, file: null}
Log registered: {message: UploaderService: Reset completed., timestamp: 2026-06-09 02:47:55.523132, function: null, file: null}
Log registered: {message: UploaderService: Resetting upload queue and state., timestamp: 2026-06-09 02:47:55.523555, function: null, file: null}
Log registered: {message: UploaderService: Reset completed., timestamp: 2026-06-09 02:47:55.523624, function: null, file: null}
Log registered: {message: Session started with GUID: session_p4_a on device type: Master, timestamp: 2026-06-09 02:47:55.523674, function: null, file: null}
Log registered: {message: Adding photo to upload queue: /var/folders/6s/dp27g8gn26j9mp36sjfxb9tw0000gn/T/hydracam_multi_device_mediaXxsITt/p4.jpg, timestamp: 2026-06-09 02:47:55.523924, function: null, file: null}
Log registered: {message: Session metadata saved to /var/folders/6s/dp27g8gn26j9mp36sjfxb9tw0000gn/T/hydracam_multi_device_docseJNqnn/session_session_p4_a/metadata.json, timestamp: 2026-06-09 02:47:55.524614, function: null, file: null}
Log registered: {message: [UploaderService] No uploaded media with valid durations. Returning zero duration., timestamp: 2026-06-09 02:47:55.524748, function: null, file: null}
Log registered: {message: Media added to upload queue: /var/folders/6s/dp27g8gn26j9mp36sjfxb9tw0000gn/T/hydracam_multi_device_mediaXxsITt/p4.jpg, timestamp: 2026-06-09 02:47:55.524812, function: null, file: null}
Log registered: {message: Auto-upload is disabled. Media added to queue but not uploaded., timestamp: 2026-06-09 02:47:55.524919, function: null, file: null}
Log registered: {message: Session metadata saved to /var/folders/6s/dp27g8gn26j9mp36sjfxb9tw0000gn/T/hydracam_multi_device_docseJNqnn/session_session_p4_a/metadata.json, timestamp: 2026-06-09 02:47:55.547927, function: null, file: null}
Log registered: {message: UploaderService: Resetting upload queue and state., timestamp: 2026-06-09 02:47:55.548117, function: null, file: null}
Log registered: {message: UploaderService: Reset completed., timestamp: 2026-06-09 02:47:55.548183, function: null, file: null}
Log registered: {message: Session ended and uploader reset., timestamp: 2026-06-09 02:47:55.548234, function: null, file: null}
Log registered: {message: UploaderService: Resetting upload queue and state., timestamp: 2026-06-09 02:47:55.548288, function: null, file: null}
Log registered: {message: UploaderService: Reset completed., timestamp: 2026-06-09 02:47:55.548334, function: null, file: null}
Log registered: {message: UploaderService: Resetting upload queue and state., timestamp: 2026-06-09 02:47:55.548379, function: null, file: null}
Log registered: {message: UploaderService: Reset completed., timestamp: 2026-06-09 02:47:55.548460, function: null, file: null}
Log registered: {message: Session started with GUID: session_p4_b on device type: Master, timestamp: 2026-06-09 02:47:55.548573, function: null, file: null}
Log registered: {message: UploaderService: Resetting upload queue and state., timestamp: 2026-06-09 02:47:55.549139, function: null, file: null}
Log registered: {message: UploaderService: Reset completed., timestamp: 2026-06-09 02:47:55.549232, function: null, file: null}
Log registered: {message: Session metadata saved to /var/folders/6s/dp27g8gn26j9mp36sjfxb9tw0000gn/T/hydracam_multi_device_docseJNqnn/session_session_p4_b/metadata.json, timestamp: 2026-06-09 02:47:55.550092, function: null, file: null}
Log registered: {message: UploaderService: Resetting upload queue and state., timestamp: 2026-06-09 02:47:55.550305, function: null, file: null}
Log registered: {message: UploaderService: Reset completed., timestamp: 2026-06-09 02:47:55.550383, function: null, file: null}
Log registered: {message: Session ended and uploader reset., timestamp: 2026-06-09 02:47:55.550432, function: null, file: null}
00:00 +23 -1: /Users/jose/src/work/hydracamv2/test/platform/multi_device_orchestration_test.dart: Video Scenarios Scenario V1: single slave video stored in session
Log registered: {message: UploaderService: Resetting upload queue and state., timestamp: 2026-06-09 02:47:55.552100, function: null, file: null}
Log registered: {message: UploaderService: Reset completed., timestamp: 2026-06-09 02:47:55.552190, function: null, file: null}
Log registered: {message: UploaderService: Resetting upload queue and state., timestamp: 2026-06-09 02:47:55.552643, function: null, file: null}
Log registered: {message: UploaderService: Reset completed., timestamp: 2026-06-09 02:47:55.552744, function: null, file: null}
Log registered: {message: Session started with GUID: session_v1 on device type: Master, timestamp: 2026-06-09 02:47:55.552798, function: null, file: null}
Log registered: {message: Adding video to upload queue: /var/folders/6s/dp27g8gn26j9mp36sjfxb9tw0000gn/T/hydracam_multi_device_mediasuDY6A/v1.mp4, timestamp: 2026-06-09 02:47:55.553800, function: null, file: null}
Log registered: {message: Session metadata saved to /var/folders/6s/dp27g8gn26j9mp36sjfxb9tw0000gn/T/hydracam_multi_device_docsdpMzNT/session_session_v1/metadata.json, timestamp: 2026-06-09 02:47:55.554946, function: null, file: null}
Log registered: {message: [UploaderService] No uploaded media with valid durations. Returning zero duration., timestamp: 2026-06-09 02:47:55.555158, function: null, file: null}
Log registered: {message: Media added to upload queue: /var/folders/6s/dp27g8gn26j9mp36sjfxb9tw0000gn/T/hydracam_multi_device_mediasuDY6A/v1.mp4, timestamp: 2026-06-09 02:47:55.555288, function: null, file: null}
Log registered: {message: Auto-upload is disabled. Media added to queue but not uploaded., timestamp: 2026-06-09 02:47:55.555493, function: null, file: null}
Log registered: {message: UploaderService: Resetting upload queue and state., timestamp: 2026-06-09 02:47:55.578033, function: null, file: null}
Log registered: {message: UploaderService: Reset completed., timestamp: 2026-06-09 02:47:55.578254, function: null, file: null}
Log registered: {message: Session metadata saved to /var/folders/6s/dp27g8gn26j9mp36sjfxb9tw0000gn/T/hydracam_multi_device_docsdpMzNT/session_session_v1/metadata.json, timestamp: 2026-06-09 02:47:55.579138, function: null, file: null}
Log registered: {message: UploaderService: Resetting upload queue and state., timestamp: 2026-06-09 02:47:55.579313, function: null, file: null}
Log registered: {message: UploaderService: Reset completed., timestamp: 2026-06-09 02:47:55.579388, function: null, file: null}
Log registered: {message: Session ended and uploader reset., timestamp: 2026-06-09 02:47:55.579469, function: null, file: null}
00:00 +24 -1: /Users/jose/src/work/hydracamv2/test/platform/multi_device_orchestration_test.dart: Video Scenarios Scenario V2: multiple slave videos persist metadata
Log registered: {message: UploaderService: Resetting upload queue and state., timestamp: 2026-06-09 02:47:55.581300, function: null, file: null}
Log registered: {message: UploaderService: Reset completed., timestamp: 2026-06-09 02:47:55.581401, function: null, file: null}
Log registered: {message: UploaderService: Resetting upload queue and state., timestamp: 2026-06-09 02:47:55.581837, function: null, file: null}
Log registered: {message: UploaderService: Reset completed., timestamp: 2026-06-09 02:47:55.581894, function: null, file: null}
Log registered: {message: Session started with GUID: session_v2 on device type: Master, timestamp: 2026-06-09 02:47:55.581939, function: null, file: null}
Log registered: {message: Adding video to upload queue: /var/folders/6s/dp27g8gn26j9mp36sjfxb9tw0000gn/T/hydracam_multi_device_media0xm15I/v2-a.mp4, timestamp: 2026-06-09 02:47:55.582292, function: null, file: null}
Log registered: {message: Session metadata saved to /var/folders/6s/dp27g8gn26j9mp36sjfxb9tw0000gn/T/hydracam_multi_device_docsqknsaW/session_session_v2/metadata.json, timestamp: 2026-06-09 02:47:55.582933, function: null, file: null}
Log registered: {message: [UploaderService] No uploaded media with valid durations. Returning zero duration., timestamp: 2026-06-09 02:47:55.583045, function: null, file: null}
Log registered: {message: Media added to upload queue: /var/folders/6s/dp27g8gn26j9mp36sjfxb9tw0000gn/T/hydracam_multi_device_media0xm15I/v2-a.mp4, timestamp: 2026-06-09 02:47:55.583128, function: null, file: null}
Log registered: {message: Auto-upload is disabled. Media added to queue but not uploaded., timestamp: 2026-06-09 02:47:55.583269, function: null, file: null}
Log registered: {message: Adding video to upload queue: /var/folders/6s/dp27g8gn26j9mp36sjfxb9tw0000gn/T/hydracam_multi_device_media0xm15I/v2-b.mp4, timestamp: 2026-06-09 02:47:55.583517, function: null, file: null}
Log registered: {message: Session metadata saved to /var/folders/6s/dp27g8gn26j9mp36sjfxb9tw0000gn/T/hydracam_multi_device_docsqknsaW/session_session_v2/metadata.json, timestamp: 2026-06-09 02:47:55.584027, function: null, file: null}
Log registered: {message: [UploaderService] No uploaded media with valid durations. Returning zero duration., timestamp: 2026-06-09 02:47:55.584132, function: null, file: null}
Log registered: {message: Media added to upload queue: /var/folders/6s/dp27g8gn26j9mp36sjfxb9tw0000gn/T/hydracam_multi_device_media0xm15I/v2-b.mp4, timestamp: 2026-06-09 02:47:55.584184, function: null, file: null}
Log registered: {message: Auto-upload is disabled. Media added to queue but not uploaded., timestamp: 2026-06-09 02:47:55.584279, function: null, file: null}
Log registered: {message: UploaderService: Resetting upload queue and state., timestamp: 2026-06-09 02:47:55.606442, function: null, file: null}
Log registered: {message: UploaderService: Reset completed., timestamp: 2026-06-09 02:47:55.606595, function: null, file: null}
Log registered: {message: Session metadata saved to /var/folders/6s/dp27g8gn26j9mp36sjfxb9tw0000gn/T/hydracam_multi_device_docsqknsaW/session_session_v2/metadata.json, timestamp: 2026-06-09 02:47:55.608354, function: null, file: null}
Log registered: {message: UploaderService: Resetting upload queue and state., timestamp: 2026-06-09 02:47:55.608480, function: null, file: null}
Log registered: {message: UploaderService: Reset completed., timestamp: 2026-06-09 02:47:55.608554, function: null, file: null}
Log registered: {message: Session ended and uploader reset., timestamp: 2026-06-09 02:47:55.608600, function: null, file: null}
00:00 +25 -1: /Users/jose/src/work/hydracamv2/test/platform/multi_device_orchestration_test.dart: Video Scenarios Scenario V3: scheduled starts preserve offsets
Log registered: {message: UploaderService: Resetting upload queue and state., timestamp: 2026-06-09 02:47:55.610405, function: null, file: null}
Log registered: {message: UploaderService: Reset completed., timestamp: 2026-06-09 02:47:55.610572, function: null, file: null}
Log registered: {message: UploaderService: Resetting upload queue and state., timestamp: 2026-06-09 02:47:55.611372, function: null, file: null}
Log registered: {message: UploaderService: Reset completed., timestamp: 2026-06-09 02:47:55.611471, function: null, file: null}
Log registered: {message: Session started with GUID: session_v3 on device type: Master, timestamp: 2026-06-09 02:47:55.611520, function: null, file: null}
Log registered: {message: Adding video to upload queue: /var/folders/6s/dp27g8gn26j9mp36sjfxb9tw0000gn/T/hydracam_multi_device_mediagBQLfc/v3-a.mp4, timestamp: 2026-06-09 02:47:55.611920, function: null, file: null}
Log registered: {message: Session metadata saved to /var/folders/6s/dp27g8gn26j9mp36sjfxb9tw0000gn/T/hydracam_multi_device_docsHlwHPj/session_session_v3/metadata.json, timestamp: 2026-06-09 02:47:55.612701, function: null, file: null}
Log registered: {message: [UploaderService] No uploaded media with valid durations. Returning zero duration., timestamp: 2026-06-09 02:47:55.612831, function: null, file: null}
Log registered: {message: Media added to upload queue: /var/folders/6s/dp27g8gn26j9mp36sjfxb9tw0000gn/T/hydracam_multi_device_mediagBQLfc/v3-a.mp4, timestamp: 2026-06-09 02:47:55.612887, function: null, file: null}
Log registered: {message: Auto-upload is disabled. Media added to queue but not uploaded., timestamp: 2026-06-09 02:47:55.612974, function: null, file: null}
Log registered: {message: Adding video to upload queue: /var/folders/6s/dp27g8gn26j9mp36sjfxb9tw0000gn/T/hydracam_multi_device_mediagBQLfc/v3-b.mp4, timestamp: 2026-06-09 02:47:55.613213, function: null, file: null}
Log registered: {message: Session metadata saved to /var/folders/6s/dp27g8gn26j9mp36sjfxb9tw0000gn/T/hydracam_multi_device_docsHlwHPj/session_session_v3/metadata.json, timestamp: 2026-06-09 02:47:55.613773, function: null, file: null}
Log registered: {message: [UploaderService] No uploaded media with valid durations. Returning zero duration., timestamp: 2026-06-09 02:47:55.613892, function: null, file: null}
Log registered: {message: Media added to upload queue: /var/folders/6s/dp27g8gn26j9mp36sjfxb9tw0000gn/T/hydracam_multi_device_mediagBQLfc/v3-b.mp4, timestamp: 2026-06-09 02:47:55.613975, function: null, file: null}
Log registered: {message: Auto-upload is disabled. Media added to queue but not uploaded., timestamp: 2026-06-09 02:47:55.614092, function: null, file: null}
Log registered: {message: Adding video to upload queue: /var/folders/6s/dp27g8gn26j9mp36sjfxb9tw0000gn/T/hydracam_multi_device_mediagBQLfc/v3-c.mp4, timestamp: 2026-06-09 02:47:55.616436, function: null, file: null}
Log registered: {message: Session metadata saved to /var/folders/6s/dp27g8gn26j9mp36sjfxb9tw0000gn/T/hydracam_multi_device_docsHlwHPj/session_session_v3/metadata.json, timestamp: 2026-06-09 02:47:55.617495, function: null, file: null}
Log registered: {message: [UploaderService] No uploaded media with valid durations. Returning zero duration., timestamp: 2026-06-09 02:47:55.617677, function: null, file: null}
Log registered: {message: Media added to upload queue: /var/folders/6s/dp27g8gn26j9mp36sjfxb9tw0000gn/T/hydracam_multi_device_mediagBQLfc/v3-c.mp4, timestamp: 2026-06-09 02:47:55.617778, function: null, file: null}
Log registered: {message: Auto-upload is disabled. Media added to queue but not uploaded., timestamp: 2026-06-09 02:47:55.617935, function: null, file: null}
Log registered: {message: UploaderService: Resetting upload queue and state., timestamp: 2026-06-09 02:47:55.640571, function: null, file: null}
Log registered: {message: UploaderService: Reset completed., timestamp: 2026-06-09 02:47:55.640776, function: null, file: null}
Log registered: {message: Session metadata saved to /var/folders/6s/dp27g8gn26j9mp36sjfxb9tw0000gn/T/hydracam_multi_device_docsHlwHPj/session_session_v3/metadata.json, timestamp: 2026-06-09 02:47:55.641473, function: null, file: null}
Log registered: {message: UploaderService: Resetting upload queue and state., timestamp: 2026-06-09 02:47:55.641559, function: null, file: null}
Log registered: {message: UploaderService: Reset completed., timestamp: 2026-06-09 02:47:55.641634, function: null, file: null}
Log registered: {message: Session ended and uploader reset., timestamp: 2026-06-09 02:47:55.641684, function: null, file: null}
00:00 +26 -1: /Users/jose/src/work/hydracamv2/test/platform/multi_device_orchestration_test.dart: (tearDownAll)
00:00 +26 -1: /Users/jose/src/work/hydracamv2/test/widget_test.dart: (setUpAll)
Log registered: {message: StorageService monitoring disabled - timer not started., timestamp: 2026-06-09 02:47:55.752360, function: null, file: null}
00:00 +26 -1: /Users/jose/src/work/hydracamv2/test/widget_test.dart: HydraCamApp builds without crashing
00:00 +26 -1: /Users/jose/src/work/hydracamv2/test/widget_test.dart: (setUpAll)
Trace file unavailable: MissingPluginException(No implementation found for method getApplicationDocumentsDirectory on channel plugins.flutter.io/path_provider)
00:00 +26 -1: /Users/jose/src/work/hydracamv2/test/widget_test.dart: HydraCamApp builds without crashing
Log registered: {message: Navigation decision: automationEnabled=false, config=null, automationMaster=false, automationStandby=false, automationSetupPreview=false, forceSlave=false, timestamp: 2026-06-09 02:47:55.890862, function: null, file: null}
Log registered: {message: Navigating to SlaveScreen(isAutoMode=true, preferredMasterIp=null, forceSlaveMode=false), timestamp: 2026-06-09 02:47:55.891261, function: null, file: null}
Log registered: {message: StorageService monitoring disabled - timer not started., timestamp: 2026-06-09 02:47:56.209300, function: null, file: null}
Log registered: {message: BatteryService monitoring disabled - timer not started., timestamp: 2026-06-09 02:47:56.209810, function: null, file: null}
00:01 +27 -1: /Users/jose/src/work/hydracamv2/test/screens/session_details_screen_test.dart: session details shows player assignment backend state
00:01 +27 -1: /Users/jose/src/work/hydracamv2/test/widget_test.dart: automation screenshot boundary survives route replacement
Log registered: {message: Navigation decision: automationEnabled=false, config=null, automationMaster=false, automationStandby=false, automationSetupPreview=false, forceSlave=false, timestamp: 2026-06-09 02:47:56.248786, function: null, file: null}
Log registered: {message: Navigating to SlaveScreen(isAutoMode=true, preferredMasterIp=null, forceSlaveMode=false), timestamp: 2026-06-09 02:47:56.249034, function: null, file: null}
Log registered: {message: StorageService monitoring disabled - timer not started., timestamp: 2026-06-09 02:47:56.277863, function: null, file: null}
Log registered: {message: BatteryService monitoring disabled - timer not started., timestamp: 2026-06-09 02:47:56.278115, function: null, file: null}
00:01 +28 -1: /Users/jose/src/work/hydracamv2/test/screens/capture_settings_screen_test.dart: settings screen shows capture settings instead of camera quality
00:01 +29 -1: /Users/jose/src/work/hydracamv2/test/screens/capture_settings_screen_test.dart: settings screen shows capture settings instead of camera quality
00:01 +29 -1: /Users/jose/src/work/hydracamv2/test/widget_test.dart: automation screenshot boundary survives route replacement
Log registered: {message: WebSocket Server stopped, timestamp: 2026-06-09 02:47:56.408612, function: null, file: null}
Log registered: {message: Stopped broadcasting master discovery message., timestamp: 2026-06-09 02:47:56.409212, function: null, file: null}
00:01 +30 -1: /Users/jose/src/work/hydracamv2/test/screens/capture_settings_screen_test.dart: settings screen shows capture settings instead of camera quality
00:01 +30 -1: /Users/jose/src/work/hydracamv2/test/screens/session_details_screen_test.dart: load session action falls back to session id without guid
Log registered: {message: No metadata file found for session snapshot legacy-session-id, timestamp: 2026-06-09 02:47:56.476216, function: null, file: null}
00:01 +31 -1: /Users/jose/src/work/hydracamv2/test/screens/capture_settings_screen_test.dart: settings screen shows capture settings instead of camera quality
00:01 +31 -1: /Users/jose/src/work/hydracamv2/test/screens/uploader_info_screen_test.dart: cancel action clears the current upload row
Log registered: {message: UploaderService: Resetting upload queue and state., timestamp: 2026-06-09 02:47:56.612862, function: null, file: null}
Log registered: {message: UploaderService: Reset completed., timestamp: 2026-06-09 02:47:56.615631, function: null, file: null}
00:01 +31 -1: /Users/jose/src/work/hydracamv2/test/slave/slave_client_registration_test.dart: slave registers before waiting for network payload
Log registered: {message: Retrieved existing Device ID: test-device, timestamp: 2026-06-09 02:47:56.658691, function: null, file: null}
Log registered: {message: Attempting to connect to master WebSocket at ws://127.0.0.1:62171/ws with Device ID: test-device, timestamp: 2026-06-09 02:47:56.661021, function: null, file: null}
Log registered: {message: Connected to WebSocket at ws://127.0.0.1:62171/ws, timestamp: 2026-06-09 02:47:56.663272, function: null, file: null}
00:01 +31 -1: /Users/jose/src/work/hydracamv2/test/screens/capture_settings_screen_test.dart: settings screen shows capture settings instead of camera quality
00:01 +32 -1: /Users/jose/src/work/hydracamv2/test/screens/capture_settings_screen_test.dart: settings screen shows capture settings instead of camera quality
00:01 +33 -1: /Users/jose/src/work/hydracamv2/test/screens/capture_settings_screen_test.dart: settings screen shows capture settings instead of camera quality
00:01 +33 -1: /Users/jose/src/work/hydracamv2/test/slave/slave_client_registration_test.dart: slave registers before waiting for network payload
Log registered: {message: Connection closed, timestamp: 2026-06-09 02:47:56.681726, function: null, file: null}
00:01 +34 -1: /Users/jose/src/work/hydracamv2/test/screens/capture_settings_screen_test.dart: settings screen shows capture settings instead of camera quality
00:01 +34 ~1 -1: /Users/jose/src/work/hydracamv2/test/screens/capture_settings_screen_test.dart: settings screen shows capture settings instead of camera quality
00:01 +35 ~1 -1: /Users/jose/src/work/hydracamv2/test/screens/capture_settings_screen_test.dart: settings screen shows capture settings instead of camera quality
00:01 +35 ~1 -1: /Users/jose/src/work/hydracamv2/test/slave/slave_client_registration_test.dart: slave registers before waiting for network payload
Trace file unavailable: MissingPluginException(No implementation found for method getApplicationDocumentsDirectory on channel plugins.flutter.io/path_provider)
00:01 +35 ~1 -1: /Users/jose/src/work/hydracamv2/test/slave/slave_client_registration_test.dart: slave heartbeat includes camera setup status when available
Log registered: {message: Retrieved existing Device ID: test-device, timestamp: 2026-06-09 02:47:56.690387, function: null, file: null}
Log registered: {message: Attempting to connect to master WebSocket at ws://127.0.0.1:62173/ws with Device ID: test-device, timestamp: 2026-06-09 02:47:56.690567, function: null, file: null}
Log registered: {message: Connected to WebSocket at ws://127.0.0.1:62173/ws, timestamp: 2026-06-09 02:47:56.691115, function: null, file: null}
Log registered: {message: Connection closed, timestamp: 2026-06-09 02:47:56.696462, function: null, file: null}
00:01 +36 ~1 -1: /Users/jose/src/work/hydracamv2/test/screens/capture_settings_screen_test.dart: settings screen shows capture settings instead of camera quality
00:01 +36 ~1 -1: /Users/jose/src/work/hydracamv2/test/slave/slave_client_registration_test.dart: slave heartbeat reports active session guid
Log registered: {message: UploaderService: Resetting upload queue and state., timestamp: 2026-06-09 02:47:56.703603, function: null, file: null}
Log registered: {message: UploaderService: Reset completed., timestamp: 2026-06-09 02:47:56.704083, function: null, file: null}
Log registered: {message: Session started with GUID: slave-session-guid on device type: Slave, timestamp: 2026-06-09 02:47:56.704321, function: null, file: null}
Log registered: {message: Retrieved existing Device ID: test-device, timestamp: 2026-06-09 02:47:56.705348, function: null, file: null}
Log registered: {message: Attempting to connect to master WebSocket at ws://127.0.0.1:62176/ws with Device ID: test-device, timestamp: 2026-06-09 02:47:56.705500, function: null, file: null}
Log registered: {message: Connected to WebSocket at ws://127.0.0.1:62176/ws, timestamp: 2026-06-09 02:47:56.705921, function: null, file: null}
Log registered: {message: Connection closed, timestamp: 2026-06-09 02:47:56.710713, function: null, file: null}
Log registered: {message: Error saving session metadata: MissingPluginException(No implementation found for method getApplicationDocumentsDirectory on channel plugins.flutter.io/path_provider), timestamp: 2026-06-09 02:47:56.713586, function: null, file: null}
Log registered: {message: UploaderService: Resetting upload queue and state., timestamp: 2026-06-09 02:47:56.713849, function: null, file: null}
Log registered: {message: UploaderService: Reset completed., timestamp: 2026-06-09 02:47:56.713946, function: null, file: null}
Log registered: {message: Session ended and uploader reset., timestamp: 2026-06-09 02:47:56.714085, function: null, file: null}
00:01 +37 ~1 -1: /Users/jose/src/work/hydracamv2/test/screens/capture_settings_screen_test.dart: settings screen shows capture settings instead of camera quality
00:01 +37 ~1 -1: /Users/jose/src/work/hydracamv2/test/slave/slave_client_registration_test.dart: auto-record starts recording when sessionStarted arrives
Log registered: {message: Retrieved existing Device ID: test-device, timestamp: 2026-06-09 02:47:56.718079, function: null, file: null}
Log registered: {message: Attempting to connect to master WebSocket at ws://127.0.0.1:62178/ws with Device ID: test-device, timestamp: 2026-06-09 02:47:56.718235, function: null, file: null}
Log registered: {message: Connected to WebSocket at ws://127.0.0.1:62178/ws, timestamp: 2026-06-09 02:47:56.718683, function: null, file: null}
Log registered: {message: Command received from master: {"command":"sessionStarted","sessionGuid":"auto-record-session"}, timestamp: 2026-06-09 02:47:56.723786, function: null, file: null}
Log registered: {message: Command: {"command":"sessionStarted","sessionGuid":"auto-record-session"}, timestamp: 2026-06-09 02:47:56.724700, function: null, file: null}
Log registered: {message: Session guid: auto-record-session, timestamp: 2026-06-09 02:47:56.724889, function: null, file: null}
Log registered: {message: UploaderService: Resetting upload queue and state., timestamp: 2026-06-09 02:47:56.725172, function: null, file: null}
Log registered: {message: UploaderService: Reset completed., timestamp: 2026-06-09 02:47:56.725277, function: null, file: null}
Log registered: {message: Session started with GUID: auto-record-session on device type: Slave, timestamp: 2026-06-09 02:47:56.725348, function: null, file: null}
Log registered: {message: Get token, timestamp: 2026-06-09 02:47:56.725982, function: null, file: null}
Log registered: {message: Fetch token, timestamp: 2026-06-09 02:47:56.726457, function: null, file: null}
Log registered: {message: Auto-record starting recording for active session auto-record-session., timestamp: 2026-06-09 02:47:56.733230, function: null, file: null}
Log registered: {message: Starting video recording, timestamp: 2026-06-09 02:47:56.733881, function: null, file: null}
Log registered: {message: Mock camera ready for native controller mode on macOS., timestamp: 2026-06-09 02:47:56.734418, function: null, file: null}
Log registered: {message: Retrieved existing Device ID: test-device, timestamp: 2026-06-09 02:47:56.737236, function: null, file: null}
Log registered: {message: Mock video recording started for native controller mode., timestamp: 2026-06-09 02:47:56.737863, function: null, file: null}
Log registered: {message: Failed to fetch M2M token: , timestamp: 2026-06-09 02:47:56.738668, function: null, file: null}
Log registered: {message: Error on POST device/ReadyToTransmit: Exception: Failed to retrieve M2M token, timestamp: 2026-06-09 02:47:56.738933, function: null, file: null}
Log registered: {message: Failed to notify server: No response, timestamp: 2026-06-09 02:47:56.739018, function: null, file: null}
Log registered: {message: Connection closed, timestamp: 2026-06-09 02:47:56.739158, function: null, file: null}
00:01 +37 ~1 -1: /Users/jose/src/work/hydracamv2/test/screens/uploader_info_screen_test.dart: cancel action clears the current upload row
Log registered: {message: UploaderService: Resetting upload queue and state., timestamp: 2026-06-09 02:47:56.744938, function: null, file: null}
Log registered: {message: UploaderService: Reset completed., timestamp: 2026-06-09 02:47:56.745247, function: null, file: null}
Log registered: {message: Session started with GUID: uploader-info-session-guid on device type: Slave, timestamp: 2026-06-09 02:47:56.745517, function: null, file: null}
00:01 +37 ~1 -1: /Users/jose/src/work/hydracamv2/test/slave/slave_client_registration_test.dart: auto-record starts recording when sessionStarted arrives
Log registered: {message: Mock video saved to session path: /var/folders/6s/dp27g8gn26j9mp36sjfxb9tw0000gn/T/slave_client_docs2DqzST/session_auto-record-session/mock_1_2026-06-09T02-47-56-740237.mp4, timestamp: 2026-06-09 02:47:56.747846, function: null, file: null}
Log registered: {message: Session metadata saved to /var/folders/6s/dp27g8gn26j9mp36sjfxb9tw0000gn/T/slave_client_docs2DqzST/session_auto-record-session/metadata.json, timestamp: 2026-06-09 02:47:56.748839, function: null, file: null}
Log registered: {message: UploaderService: Resetting upload queue and state., timestamp: 2026-06-09 02:47:56.749087, function: null, file: null}
Log registered: {message: UploaderService: Reset completed., timestamp: 2026-06-09 02:47:56.749591, function: null, file: null}
Log registered: {message: Session ended and uploader reset., timestamp: 2026-06-09 02:47:56.749676, function: null, file: null}
00:01 +38 ~1 -1: /Users/jose/src/work/hydracamv2/test/screens/capture_settings_screen_test.dart: settings screen shows capture settings instead of camera quality
00:01 +38 ~1 -1: /Users/jose/src/work/hydracamv2/test/slave/slave_client_registration_test.dart: startUploadingAll command starts pending upload queue
Log registered: {message: UploaderService: Resetting upload queue and state., timestamp: 2026-06-09 02:47:56.752213, function: null, file: null}
Log registered: {message: UploaderService: Reset completed., timestamp: 2026-06-09 02:47:56.752330, function: null, file: null}
Log registered: {message: UploaderService: Resetting upload queue and state., timestamp: 2026-06-09 02:47:56.752402, function: null, file: null}
Log registered: {message: UploaderService: Reset completed., timestamp: 2026-06-09 02:47:56.752529, function: null, file: null}
Log registered: {message: Session started with GUID: backend-upload-session on device type: Slave, timestamp: 2026-06-09 02:47:56.752655, function: null, file: null}
Log registered: {message: [UploaderService] No uploaded media with valid durations. Returning zero duration., timestamp: 2026-06-09 02:47:56.754800, function: null, file: null}
Log registered: {message: Media added to upload queue: /var/folders/6s/dp27g8gn26j9mp36sjfxb9tw0000gn/T/slave_upload_commandsLkuBA/queued-photo.jpg, timestamp: 2026-06-09 02:47:56.755031, function: null, file: null}
Log registered: {message: Auto-upload is disabled. Media added to queue but not uploaded., timestamp: 2026-06-09 02:47:56.755310, function: null, file: null}
Log registered: {message: Retrieved existing Device ID: test-device, timestamp: 2026-06-09 02:47:56.756010, function: null, file: null}
Log registered: {message: Attempting to connect to master WebSocket at ws://127.0.0.1:62180/ws with Device ID: test-device, timestamp: 2026-06-09 02:47:56.756117, function: null, file: null}
Log registered: {message: Connected to WebSocket at ws://127.0.0.1:62180/ws, timestamp: 2026-06-09 02:47:56.756433, function: null, file: null}
Log registered: {message: Command received from master: {"command":"startUploadingAll"}, timestamp: 2026-06-09 02:47:56.760626, function: null, file: null}
Log registered: {message: Start-upload-all command received from master., timestamp: 2026-06-09 02:47:56.760973, function: null, file: null}
Log registered: {message: Manual upload initiated., timestamp: 2026-06-09 02:47:56.761125, function: null, file: null}
Log registered: {message: UploaderService: _startUploading called. _isUploading=false, queue length=1, timestamp: 2026-06-09 02:47:56.761308, function: null, file: null}
Log registered: {message: UploaderService: _processNextItem called. Queue length=1, timestamp: 2026-06-09 02:47:56.761716, function: null, file: null}
Log registered: {message: UploaderService: sessionGuid=backend-upload-session, timestamp: 2026-06-09 02:47:56.762055, function: null, file: null}
Log registered: {message: Get token, timestamp: 2026-06-09 02:47:56.763166, function: null, file: null}
Log registered: {message: Fetch token, timestamp: 2026-06-09 02:47:56.763308, function: null, file: null}
Log registered: {message: Failed to fetch M2M token: , timestamp: 2026-06-09 02:47:56.763733, function: null, file: null}
Log registered: {message: Error uploading media: Exception: Failed to retrieve M2M token, timestamp: 2026-06-09 02:47:56.763836, function: null, file: null}
Log registered: {message: Failed to upload media: /var/folders/6s/dp27g8gn26j9mp36sjfxb9tw0000gn/T/slave_upload_commandsLkuBA/queued-photo.jpg, timestamp: 2026-06-09 02:47:56.763976, function: null, file: null}
Log registered: {message: Session metadata saved to /var/folders/6s/dp27g8gn26j9mp36sjfxb9tw0000gn/T/slave_client_docs2DqzST/session_backend-upload-session/metadata.json, timestamp: 2026-06-09 02:47:56.764950, function: null, file: null}
Log registered: {message: [UploaderService] Queue is empty. Returning zero duration., timestamp: 2026-06-09 02:47:56.765154, function: null, file: null}
Log registered: {message: UploaderService: _processNextItem called. Queue length=0, timestamp: 2026-06-09 02:47:56.765233, function: null, file: null}
Log registered: {message: UploaderService: Queue is empty. Uploading stopped., timestamp: 2026-06-09 02:47:56.765296, function: null, file: null}
Log registered: {message: Connection closed, timestamp: 2026-06-09 02:47:56.768928, function: null, file: null}
Log registered: {message: UploaderService: Resetting upload queue and state., timestamp: 2026-06-09 02:47:56.769253, function: null, file: null}
Log registered: {message: UploaderService: Reset completed., timestamp: 2026-06-09 02:47:56.769321, function: null, file: null}
Log registered: {message: Session metadata saved to /var/folders/6s/dp27g8gn26j9mp36sjfxb9tw0000gn/T/slave_client_docs2DqzST/session_backend-upload-session/metadata.json, timestamp: 2026-06-09 02:47:56.771472, function: null, file: null}
Log registered: {message: UploaderService: Resetting upload queue and state., timestamp: 2026-06-09 02:47:56.771636, function: null, file: null}
Log registered: {message: UploaderService: Reset completed., timestamp: 2026-06-09 02:47:56.771705, function: null, file: null}
Log registered: {message: Session ended and uploader reset., timestamp: 2026-06-09 02:47:56.771753, function: null, file: null}
00:01 +39 ~1 -1: /Users/jose/src/work/hydracamv2/test/screens/capture_settings_screen_test.dart: settings screen shows capture settings instead of camera quality
00:01 +39 ~1 -1: /Users/jose/src/work/hydracamv2/test/slave/slave_client_registration_test.dart: identifySlave command replies with identifyAck
Log registered: {message: UploaderService: Resetting upload queue and state., timestamp: 2026-06-09 02:47:56.773832, function: null, file: null}
Log registered: {message: UploaderService: Reset completed., timestamp: 2026-06-09 02:47:56.774430, function: null, file: null}
Log registered: {message: Session started with GUID: slave-session-guid on device type: Slave, timestamp: 2026-06-09 02:47:56.774545, function: null, file: null}
00:01 +40 ~1 -1: /Users/jose/src/work/hydracamv2/test/screens/master_video_recording_screen_test.dart: recording preview exits when no recording is active and no controller exists
00:01 +40 ~1 -1: /Users/jose/src/work/hydracamv2/test/slave/slave_client_registration_test.dart: identifySlave command replies with identifyAck
Log registered: {message: Retrieved existing Device ID: test-device, timestamp: 2026-06-09 02:47:56.775197, function: null, file: null}
Log registered: {message: Attempting to connect to master WebSocket at ws://127.0.0.1:62182/ws with Device ID: test-device, timestamp: 2026-06-09 02:47:56.775332, function: null, file: null}
Log registered: {message: Connected to WebSocket at ws://127.0.0.1:62182/ws, timestamp: 2026-06-09 02:47:56.775707, function: null, file: null}
Log registered: {message: Command received from master: {"command":"identifySlave","requestId":"identify-test"}, timestamp: 2026-06-09 02:47:56.779887, function: null, file: null}
Log registered: {message: Sent identifyAck notification to master, timestamp: 2026-06-09 02:47:56.780543, function: null, file: null}
Log registered: {message: Connection closed, timestamp: 2026-06-09 02:47:56.780948, function: null, file: null}
Log registered: {message: Session metadata saved to /var/folders/6s/dp27g8gn26j9mp36sjfxb9tw0000gn/T/slave_client_docs2DqzST/session_slave-session-guid/metadata.json, timestamp: 2026-06-09 02:47:56.782446, function: null, file: null}
Log registered: {message: UploaderService: Resetting upload queue and state., timestamp: 2026-06-09 02:47:56.782601, function: null, file: null}
Log registered: {message: UploaderService: Reset completed., timestamp: 2026-06-09 02:47:56.782666, function: null, file: null}
Log registered: {message: Session ended and uploader reset., timestamp: 2026-06-09 02:47:56.782711, function: null, file: null}
00:01 +41 ~1 -1: /Users/jose/src/work/hydracamv2/test/screens/master_video_recording_screen_test.dart: recording preview exits when no recording is active and no controller exists
00:01 +41 ~1 -1: /Users/jose/src/work/hydracamv2/test/slave/slave_client_registration_test.dart: scheduled command applies master clock offset before countdown
Log registered: {message: Retrieved existing Device ID: test-device, timestamp: 2026-06-09 02:47:56.784862, function: null, file: null}
Log registered: {message: Attempting to connect to master WebSocket at ws://127.0.0.1:62184/ws with Device ID: test-device, timestamp: 2026-06-09 02:47:56.784973, function: null, file: null}
Log registered: {message: Connected to WebSocket at ws://127.0.0.1:62184/ws, timestamp: 2026-06-09 02:47:56.785336, function: null, file: null}
Log registered: {message: Command received from master: {"type":"scheduledCommand","command":"takePhoto","scheduledTime":"2026-06-08T20:35:05.000Z","masterTime":"2026-06-08T20:35:02.000Z"}, timestamp: 2026-06-09 02:47:56.788739, function: null, file: null}
Log registered: {message: Updated slave scheduled clock offset from master: 2000 ms., timestamp: 2026-06-09 02:47:56.789623, function: null, file: null}
Log registered: {message: Command 'takePhoto' scheduled for 2026-06-08 20:35:05.000Z., timestamp: 2026-06-09 02:47:56.790094, function: null, file: null}
Log registered: {message: Connection closed, timestamp: 2026-06-09 02:47:56.790698, function: null, file: null}
00:01 +42 ~1 -1: /Users/jose/src/work/hydracamv2/test/screens/master_video_recording_screen_test.dart: recording preview exits when no recording is active and no controller exists
Log registered: {message: Closing recording preview because no recording is active., timestamp: 2026-06-09 02:47:56.797233, function: null, file: null}
00:01 +43 ~1 -1: /Users/jose/src/work/hydracamv2/test/screens/uploader_info_screen_test.dart: cancel action clears the current upload row
00:02 +43 ~1 -1: /Users/jose/src/work/hydracamv2/test/screens/capture_settings_screen_test.dart: settings screen exposes disabled auto-record toggle
Log registered: {message: Updated autoRecordMode value to true, timestamp: 2026-06-09 02:47:56.929138, function: null, file: null}
00:02 +44 ~1 -1: /Users/jose/src/work/hydracamv2/test/screens/uploader_info_screen_test.dart: cancel action clears the current upload row
00:02 +45 ~1 -1: /Users/jose/src/work/hydracamv2/test/screens/uploader_info_screen_test.dart: cancel action clears the current upload row
00:02 +46 ~1 -1: /Users/jose/src/work/hydracamv2/test/screens/uploader_info_screen_test.dart: cancel action clears the current upload row
00:02 +47 ~1 -1: /Users/jose/src/work/hydracamv2/test/screens/uploader_info_screen_test.dart: cancel action clears the current upload row
00:02 +48 ~1 -1: /Users/jose/src/work/hydracamv2/test/screens/uploader_info_screen_test.dart: cancel action clears the current upload row
00:02 +49 ~1 -1: /Users/jose/src/work/hydracamv2/test/screens/uploader_info_screen_test.dart: cancel action clears the current upload row
00:02 +50 ~1 -1: /Users/jose/src/work/hydracamv2/test/screens/uploader_info_screen_test.dart: cancel action clears the current upload row
00:02 +51 ~1 -1: /Users/jose/src/work/hydracamv2/test/screens/uploader_info_screen_test.dart: cancel action clears the current upload row
00:02 +52 ~1 -1: /Users/jose/src/work/hydracamv2/test/screens/uploader_info_screen_test.dart: cancel action clears the current upload row
Log registered: {message: [UploaderService] Queue is empty. Returning zero duration., timestamp: 2026-06-09 02:47:57.151226, function: null, file: null}
Log registered: {message: Cancelled active upload: /var/folders/6s/dp27g8gn26j9mp36sjfxb9tw0000gn/T/uploader_info_screen_testNHzcFl/current-upload.mp4, timestamp: 2026-06-09 02:47:57.151492, function: null, file: null}
00:02 +52 ~1 -1: /Users/jose/src/work/hydracamv2/test/camera_singleton_initialization_test.dart: CameraServiceSingleton Initialization MasterScreen can be created when CameraServiceSingleton is initialized
Log registered: {message: WebSocket Server stopped, timestamp: 2026-06-09 02:47:57.209042, function: null, file: null}
Log registered: {message: Stopped broadcasting master discovery message., timestamp: 2026-06-09 02:47:57.211414, function: null, file: null}
00:02 +52 ~1 -1: /Users/jose/src/work/hydracamv2/test/screens/uploader_info_screen_test.dart: cancel action clears the current upload row
Log registered: {message: Session metadata saved to /var/folders/6s/dp27g8gn26j9mp36sjfxb9tw0000gn/T/uploader_info_screen_docsg9iCcS/session_uploader-info-session-guid/metadata.json, timestamp: 2026-06-09 02:47:57.212520, function: null, file: null}
Log registered: {message: UploaderService: Resetting upload queue and state., timestamp: 2026-06-09 02:47:57.212723, function: null, file: null}
Log registered: {message: UploaderService: Reset completed., timestamp: 2026-06-09 02:47:57.212796, function: null, file: null}
Log registered: {message: Session ended and uploader reset., timestamp: 2026-06-09 02:47:57.212856, function: null, file: null}
Log registered: {message: UploaderService: Resetting upload queue and state., timestamp: 2026-06-09 02:47:57.213164, function: null, file: null}
Log registered: {message: UploaderService: Reset completed., timestamp: 2026-06-09 02:47:57.213263, function: null, file: null}
00:02 +53 ~1 -1: /Users/jose/src/work/hydracamv2/test/camera_singleton_initialization_test.dart: CameraServiceSingleton Initialization MasterScreen can be created when CameraServiceSingleton is initialized
00:02 +54 ~1 -1: /Users/jose/src/work/hydracamv2/test/slave/slave_screen_fast_connect_test.dart: forced preferred master connects without network readiness probe
00:02 +55 ~1 -1: /Users/jose/src/work/hydracamv2/test/slave/slave_screen_fast_connect_test.dart: forced preferred master connects without network readiness probe
00:02 +56 ~1 -1: /Users/jose/src/work/hydracamv2/test/slave/slave_screen_fast_connect_test.dart: forced preferred master connects without network readiness probe
00:02 +57 ~1 -1: /Users/jose/src/work/hydracamv2/test/slave/slave_screen_fast_connect_test.dart: forced preferred master connects without network readiness probe
00:02 +57 ~1 -1: /Users/jose/src/work/hydracamv2/test/screens/capture_settings_screen_test.dart: settings language dropdown stores Polish override
Log registered: {message: Updated locale override to pl, timestamp: 2026-06-09 02:47:57.294121, function: null, file: null}
00:02 +57 ~1 -1: /Users/jose/src/work/hydracamv2/test/slave/slave_screen_fast_connect_test.dart: forced preferred master connects without network readiness probe
Log registered: {message: Skipping slave network readiness for forced preferred master 192.168.178.153., timestamp: 2026-06-09 02:47:57.309872, function: null, file: null}
Log registered: {message: Connecting to master at IP: 192.168.178.153, timestamp: 2026-06-09 02:47:57.312051, function: null, file: null}
00:02 +57 ~1 -1: /Users/jose/src/work/hydracamv2/test/camera_singleton_initialization_test.dart: CameraServiceSingleton Error Prevention MasterScreen initState accesses CameraServiceSingleton safely
Log registered: {message: WebSocket Server stopped, timestamp: 2026-06-09 02:47:57.315865, function: null, file: null}
Log registered: {message: Stopped broadcasting master discovery message., timestamp: 2026-06-09 02:47:57.316139, function: null, file: null}
00:02 +58 ~1 -1: /Users/jose/src/work/hydracamv2/test/slave/slave_screen_fast_connect_test.dart: forced preferred master connects without network readiness probe
00:02 +59 ~1 -1: /Users/jose/src/work/hydracamv2/test/slave/slave_screen_fast_connect_test.dart: forced preferred master connects without network readiness probe
00:02 +60 ~1 -1: /Users/jose/src/work/hydracamv2/test/slave/slave_screen_fast_connect_test.dart: forced preferred master connects without network readiness probe
00:02 +61 ~1 -1: /Users/jose/src/work/hydracamv2/test/slave/slave_screen_fast_connect_test.dart: forced preferred master connects without network readiness probe
00:02 +62 ~1 -1: /Users/jose/src/work/hydracamv2/test/slave/slave_screen_fast_connect_test.dart: forced preferred master connects without network readiness probe
00:02 +63 ~1 -1: /Users/jose/src/work/hydracamv2/test/slave/slave_screen_fast_connect_test.dart: forced preferred master connects without network readiness probe
00:02 +64 ~1 -1: /Users/jose/src/work/hydracamv2/test/slave/slave_screen_fast_connect_test.dart: forced preferred master connects without network readiness probe
00:02 +65 ~1 -1: /Users/jose/src/work/hydracamv2/test/master/master_network_snapshot_cache_test.dart: master server exposes connected client before network refresh completes
00:02 +66 ~1 -1: /Users/jose/src/work/hydracamv2/test/slave/slave_screen_fast_connect_test.dart: slave app bar opens uploader info directly
00:02 +67 ~1 -1: /Users/jose/src/work/hydracamv2/test/slave/slave_screen_fast_connect_test.dart: slave app bar opens uploader info directly
00:02 +67 ~1 -1: /Users/jose/src/work/hydracamv2/test/master/master_network_snapshot_cache_test.dart: stale socket close does not remove current client registration
Log registered: {message: Client slave-a disconnected. Total clients: 0, timestamp: 2026-06-09 02:47:57.524515, function: null, file: null}
00:02 +68 ~1 -1: /Users/jose/src/work/hydracamv2/test/slave/slave_screen_fast_connect_test.dart: slave app bar opens uploader info directly
Log registered: {message: Skipping slave network readiness for forced preferred master 192.168.178.153., timestamp: 2026-06-09 02:47:57.530265, function: null, file: null}
Log registered: {message: Connecting to master at IP: 192.168.178.153, timestamp: 2026-06-09 02:47:57.530732, function: null, file: null}
00:02 +68 ~1 -1: /Users/jose/src/work/hydracamv2/test/master/master_network_snapshot_cache_test.dart: stale socket close does not remove current client registration
Trace file unavailable: MissingPluginException(No implementation found for method getApplicationDocumentsDirectory on channel plugins.flutter.io/path_provider)
00:02 +68 ~1 -1: /Users/jose/src/work/hydracamv2/test/master/master_network_snapshot_cache_test.dart: master server retains disconnected device status after socket removal
Log registered: {message: Client slave-a disconnected. Total clients: 0, timestamp: 2026-06-09 02:47:57.532611, function: null, file: null}
00:02 +69 ~1 -1: /Users/jose/src/work/hydracamv2/test/slave/slave_screen_fast_connect_test.dart: slave app bar opens uploader info directly
00:02 +69 ~1 -1: /Users/jose/src/work/hydracamv2/test/master/master_network_snapshot_cache_test.dart: master server orders connected devices before disconnected history
Log registered: {message: Client a-stale-slave disconnected. Total clients: 0, timestamp: 2026-06-09 02:47:57.533943, function: null, file: null}
00:02 +70 ~1 -1: /Users/jose/src/work/hydracamv2/test/slave/slave_screen_fast_connect_test.dart: slave app bar opens uploader info directly
00:02 +70 ~1 -1: /Users/jose/src/work/hydracamv2/test/master/master_network_snapshot_cache_test.dart: scheduled commands include master send time for slave clock offset
Log registered: {message: Scheduling command 'takePhoto' for 2026-06-08T20:35:05.000Z, timestamp: 2026-06-09 02:47:57.535912, function: null, file: null}
Log registered: {message: Scheduled command 'takePhoto' sent to slave with deviceId: slave-a., timestamp: 2026-06-09 02:47:57.537791, function: null, file: null}
00:02 +71 ~1 -1: /Users/jose/src/work/hydracamv2/test/slave/slave_screen_fast_connect_test.dart: slave app bar opens uploader info directly
00:02 +71 ~1 -1: /Users/jose/src/work/hydracamv2/test/master/master_network_snapshot_cache_test.dart: scheduled command for missing slave does not broadcast
Log registered: {message: Scheduling command 'takePhoto' for 2026-06-09T02:20:00.000Z, timestamp: 2026-06-09 02:47:57.546721, function: null, file: null}
Log registered: {message: Scheduled command 'takePhoto' not sent. Slave missing-slave is not connected., timestamp: 2026-06-09 02:47:57.546871, function: null, file: null}
00:02 +72 ~1 -1: /Users/jose/src/work/hydracamv2/test/slave/slave_screen_fast_connect_test.dart: slave app bar opens uploader info directly
00:02 +72 ~1 -1: /Users/jose/src/work/hydracamv2/test/master/master_network_snapshot_cache_test.dart: scheduled broadcast sends to all eligible connected slaves
Log registered: {message: Scheduling command 'startRecordingVideo' for 2026-06-09T02:20:00.000Z, timestamp: 2026-06-09 02:47:57.548492, function: null, file: null}
Log registered: {message: Scheduled command 'startRecordingVideo' sent to all connected slaves., timestamp: 2026-06-09 02:47:57.549385, function: null, file: null}
00:02 +73 ~1 -1: /Users/jose/src/work/hydracamv2/test/slave/slave_screen_fast_connect_test.dart: slave app bar opens uploader info directly
00:02 +73 ~1 -1: /Users/jose/src/work/hydracamv2/test/master/master_network_snapshot_cache_test.dart: targeted command for missing slave does not broadcast
Log registered: {message: Sending command takePhoto, timestamp: 2026-06-09 02:47:57.550991, function: null, file: null}
Log registered: {message: Command 'takePhoto' not sent. Slave missing-slave is not connected., timestamp: 2026-06-09 02:47:57.551126, function: null, file: null}
00:02 +74 ~1 -1: /Users/jose/src/work/hydracamv2/test/slave/slave_screen_fast_connect_test.dart: slave app bar opens uploader info directly
00:02 +74 ~1 -1: /Users/jose/src/work/hydracamv2/test/master/master_network_snapshot_cache_test.dart: targeted command only sends to the requested connected slave
Log registered: {message: Sending command takePhoto, timestamp: 2026-06-09 02:47:57.552422, function: null, file: null}
Log registered: {message: Command 'takePhoto' sent to slave with deviceId: slave-a., timestamp: 2026-06-09 02:47:57.552551, function: null, file: null}
00:02 +75 ~1 -1: /Users/jose/src/work/hydracamv2/test/slave/slave_screen_fast_connect_test.dart: slave app bar opens uploader info directly
00:02 +75 ~1 -1: /Users/jose/src/work/hydracamv2/test/master/master_network_snapshot_cache_test.dart: broadcast command sends to all eligible connected slaves
Log registered: {message: Sending command stopRecordingVideo, timestamp: 2026-06-09 02:47:57.553858, function: null, file: null}
Log registered: {message: Command 'stopRecordingVideo' sent to all connected slaves., timestamp: 2026-06-09 02:47:57.554037, function: null, file: null}
00:02 +76 ~1 -1: /Users/jose/src/work/hydracamv2/test/slave/slave_screen_fast_connect_test.dart: slave app bar opens uploader info directly
00:02 +76 ~1 -1: /Users/jose/src/work/hydracamv2/test/master/master_network_snapshot_cache_test.dart: master sends identify command and records ack diagnostics
Log registered: {message: Identify command sent to slave with deviceId: slave-a., timestamp: 2026-06-09 02:47:57.555761, function: null, file: null}
00:02 +77 ~1 -1: /Users/jose/src/work/hydracamv2/test/slave/slave_screen_fast_connect_test.dart: slave app bar opens uploader info directly
00:02 +78 ~1 -1: /Users/jose/src/work/hydracamv2/test/slave/slave_screen_fast_connect_test.dart: connectivity stream errors are logged without uncaught exception
Log registered: {message: Skipping slave network readiness for forced preferred master 192.168.178.153., timestamp: 2026-06-09 02:47:57.692002, function: null, file: null}
Log registered: {message: Connecting to master at IP: 192.168.178.153, timestamp: 2026-06-09 02:47:57.692301, function: null, file: null}
Log registered: {message: Connectivity change listener failed: SocketException: dbus unavailable
#0      main.<anonymous closure> (file:///Users/jose/src/work/hydracamv2/test/slave/slave_screen_fast_connect_test.dart:214:18)
<asynchronous suspension>
#1      testWidgets.<anonymous closure>.<anonymous closure> (package:flutter_test/src/widget_tester.dart:192:15)
<asynchronous suspension>
#2      TestWidgetsFlutterBinding._runTestBody (package:flutter_test/src/binding.dart:1952:5)
<asynchronous suspension>
#3      StackZoneSpecification._registerCallback.<anonymous closure> (package:stack_trace/src/stack_zone_specification.dart:114:42)
<asynchronous suspension>
, timestamp: 2026-06-09 02:47:57.712574, function: null, file: null}
00:02 +79 ~1 -1: /Users/jose/src/work/hydracamv2/test/slave/slave_screen_fast_connect_test.dart: linux skips default connectivity stream subscription
Log registered: {message: Skipping connectivity change listener on linux; network readiness will be checked on demand., timestamp: 2026-06-09 02:47:57.730287, function: null, file: null}
Log registered: {message: Skipping slave network readiness for forced preferred master 192.168.178.153., timestamp: 2026-06-09 02:47:57.730529, function: null, file: null}
Log registered: {message: Connecting to master at IP: 192.168.178.153, timestamp: 2026-06-09 02:47:57.730622, function: null, file: null}
00:02 +80 ~1 -1: /Users/jose/src/work/hydracamv2/test/slave/slave_screen_fast_connect_test.dart: recording slave surface exposes safe stop control
Log registered: {message: Skipping slave network readiness for forced preferred master 192.168.178.153., timestamp: 2026-06-09 02:47:57.769432, function: null, file: null}
Log registered: {message: Connecting to master at IP: 192.168.178.153, timestamp: 2026-06-09 02:47:57.769608, function: null, file: null}
00:03 +81 ~1 -1: /Users/jose/src/work/hydracamv2/test/automation/automation_config_test.dart: automation bridge port can be overridden with a dart define
00:03 +82 ~1 -1: /Users/jose/src/work/hydracamv2/test/automation/automation_config_test.dart: automation target id can be overridden with a dart define
00:03 +83 ~1 -1: /Users/jose/src/work/hydracamv2/test/automation/automation_bridge_test.dart: health snapshot exposes automation target identity
00:03 +84 ~1 -1: /Users/jose/src/work/hydracamv2/test/automation/automation_bridge_test.dart: stale automation handler unregister does not remove current handler
00:03 +85 ~1 -1: /Users/jose/src/work/hydracamv2/test/automation/automation_standby_screen_test.dart: standby screen renders visible status instead of a blank body
00:03 +86 ~1 -1: /Users/jose/src/work/hydracamv2/test/automation/automation_standby_screen_test.dart: standby screen renders visible status instead of a blank body
00:03 +87 ~1 -1: /Users/jose/src/work/hydracamv2/test/automation/automation_standby_screen_test.dart: standby screen renders visible status instead of a blank body
00:03 +88 ~1 -1: /Users/jose/src/work/hydracamv2/test/automation/automation_standby_screen_test.dart: standby screen renders visible status instead of a blank body
00:03 +89 ~1 -1: /Users/jose/src/work/hydracamv2/test/automation/automation_standby_screen_test.dart: standby screen renders visible status instead of a blank body
00:03 +90 ~1 -1: /Users/jose/src/work/hydracamv2/test/automation/automation_standby_screen_test.dart: standby screen renders visible status instead of a blank body
00:03 +91 ~1 -1: /Users/jose/src/work/hydracamv2/test/automation/automation_standby_screen_test.dart: standby screen renders visible status instead of a blank body
00:03 +92 ~1 -1: /Users/jose/src/work/hydracamv2/test/automation/automation_standby_screen_test.dart: standby screen renders visible status instead of a blank body
00:03 +93 ~1 -1: /Users/jose/src/work/hydracamv2/test/automation/automation_standby_screen_test.dart: standby screen renders visible status instead of a blank body
00:03 +94 ~1 -1: /Users/jose/src/work/hydracamv2/test/automation/automation_standby_screen_test.dart: standby screen renders visible status instead of a blank body
00:03 +95 ~1 -1: /Users/jose/src/work/hydracamv2/test/automation/automation_standby_screen_test.dart: standby screen renders visible status instead of a blank body
00:03 +96 ~1 -1: /Users/jose/src/work/hydracamv2/test/automation/automation_standby_screen_test.dart: standby screen renders visible status instead of a blank body
00:03 +97 ~1 -1: /Users/jose/src/work/hydracamv2/test/automation/automation_standby_screen_test.dart: standby screen renders visible status instead of a blank body
00:03 +98 ~1 -1: /Users/jose/src/work/hydracamv2/test/automation/automation_standby_screen_test.dart: standby screen renders visible status instead of a blank body
00:03 +99 ~1 -1: /Users/jose/src/work/hydracamv2/test/automation/automation_standby_screen_test.dart: standby screen renders visible status instead of a blank body
00:03 +99 ~1 -1: /Users/jose/src/work/hydracamv2/test/services/camera_service_failure_test.dart: takePhoto surfaces camera failures instead of returning a fake path
Log registered: {message: Initializing camera..., timestamp: 2026-06-09 02:47:58.277855, function: null, file: null}
Log registered: {message: Error taking photo: Exception: No cameras available on this device.
#0      CameraService.ensureCameraIsReady (package:hydracam/services/camera_service.dart:253:7)
<asynchronous suspension>
#1      CameraService.takePhoto (package:hydracam/services/camera_service.dart:303:7)
<asynchronous suspension>
#2      Throws._matchFuture (package:matcher/src/expect/throws_matcher.dart:103:19)
<asynchronous suspension>
#3      _expect.<anonymous closure> (package:matcher/src/expect/expect.dart:153:17)
<asynchronous suspension>
#4      StackZoneSpecification._registerCallback.<anonymous closure> (package:stack_trace/src/stack_zone_specification.dart:114:42)
<asynchronous suspension>
#5      expectLater.<anonymous closure> (package:flutter_test/src/widget_tester.dart:508:19)
<asynchronous suspension>
#6      main.<anonymous closure> (file:///Users/jose/src/work/hydracamv2/test/services/camera_service_failure_test.dart:56:5)
<asynchronous suspension>
#7      Declarer.test.<anonymous closure>.<anonymous closure> (package:test_api/src/backend/declarer.dart:253:15)
<asynchronous suspension>
#8      Declarer.test.<anonymous closure> (package:test_api/src/backend/declarer.dart:250:11)
<asynchronous suspension>
#9      Invoker._waitForOutstandingCallbacks.<anonymous closure> (package:test_api/src/backend/invoker.dart:318:9)
<asynchronous suspension>
, timestamp: 2026-06-09 02:47:58.288862, function: null, file: null}
00:03 +100 ~1 -1: /Users/jose/src/work/hydracamv2/test/automation/automation_standby_screen_test.dart: standby screen renders visible status instead of a blank body
00:03 +100 ~1 -1: /Users/jose/src/work/hydracamv2/test/services/camera_service_failure_test.dart: startRecordingVideo stays inactive when the camera platform fails
Log registered: {message: Initializing camera..., timestamp: 2026-06-09 02:47:58.298885, function: null, file: null}
Log registered: {message: Updated selected camera name to fake-back-camera, timestamp: 2026-06-09 02:47:58.301258, function: null, file: null}
Log registered: {message: Camera successfully initialized., timestamp: 2026-06-09 02:47:58.305510, function: null, file: null}
Log registered: {message: Generated new Device ID: 6eb90af6-5fbb-41fb-9381-a17b0bb94c19, timestamp: 2026-06-09 02:47:58.307573, function: null, file: null}
Log registered: {message: Camera video recording start failed with explicit fps; retrying with resolution preset defaults. Error: CameraException(ios_camera_start_failed, Simulated iPad recording start failure)
#0      CameraController.startVideoRecording (package:camera/src/camera_controller.dart:607:7)
<asynchronous suspension>
#1      Future.timeout.<anonymous closure> (dart:async/future_impl.dart:1061:7)
<asynchronous suspension>
#2      CameraService._startVideoRecordingWithFallback (package:hydracam/services/camera_service.dart:728:7)
<asynchronous suspension>
#3      CameraService.startRecordingVideo (package:hydracam/services/camera_service.dart:397:7)
<asynchronous suspension>
#4      Throws._matchFuture (package:matcher/src/expect/throws_matcher.dart:103:19)
<asynchronous suspension>
#5      _expect.<anonymous closure> (package:matcher/src/expect/expect.dart:153:17)
<asynchronous suspension>
#6      StackZoneSpecification._registerCallback.<anonymous closure> (package:stack_trace/src/stack_zone_specification.dart:114:42)
<asynchronous suspension>
#7      expectLater.<anonymous closure> (package:flutter_test/src/widget_tester.dart:508:19)
<asynchronous suspension>
#8      main.<anonymous closure> (file:///Users/jose/src/work/hydracamv2/test/services/camera_service_failure_test.dart:81:5)
<asynchronous suspension>
#9      Declarer.test.<anonymous closure>.<anonymous closure> (package:test_api/src/backend/declarer.dart:253:15)
<asynchronous suspension>
#10     Declarer.test.<anonymous closure> (package:test_api/src/backend/declarer.dart:250:11)
<asynchronous suspension>
#11     Invoker._waitForOutstandingCallbacks.<anonymous closure> (package:test_api/src/backend/invoker.dart:318:9)
<asynchronous suspension>
, timestamp: 2026-06-09 02:47:58.309538, function: null, file: null}
00:03 +101 ~1 -1: /Users/jose/src/work/hydracamv2/test/automation/automation_standby_screen_test.dart: standby screen renders visible status instead of a blank body
00:03 +101 ~1 -1: /Users/jose/src/work/hydracamv2/test/services/app_locale_service_test.dart: clears unsupported stored locale overrides
Log registered: {message: Cleared locale override, timestamp: 2026-06-09 02:47:58.315709, function: null, file: null}
Trace file unavailable: Binding has not yet been initialized.
The "instance" getter on the ServicesBinding binding mixin is only available once that binding has been initialized.
Typically, this is done by calling "WidgetsFlutterBinding.ensureInitialized()" or "runApp()" (the latter calls the former). Typically this call is done in the "void main()" method. The "ensureInitialized" method is idempotent; calling it multiple times is not harmful. After calling that method, the "instance" getter will return the binding.
In a test, one can call "TestWidgetsFlutterBinding.ensureInitialized()" as the first line in the test's "main()" method to initialize the binding.
If ServicesBinding is a custom binding mixin, there must also be a custom binding class, like WidgetsFlutterBinding, but that mixes in the selected binding, and that is the class that must be constructed before using the "instance" getter.
00:03 +102 ~1 -1: /Users/jose/src/work/hydracamv2/test/automation/automation_standby_screen_test.dart: standby screen renders visible status instead of a blank body
00:03 +102 ~1 -1: /Users/jose/src/work/hydracamv2/test/services/app_locale_service_test.dart: notifies listeners when locale override changes
Log registered: {message: Updated locale override to de, timestamp: 2026-06-09 02:47:58.341626, function: null, file: null}
00:03 +103 ~1 -1: /Users/jose/src/work/hydracamv2/test/automation/automation_standby_screen_test.dart: standby screen renders visible status instead of a blank body
00:03 +104 ~1 -1: /Users/jose/src/work/hydracamv2/test/services/camera_service_failure_test.dart: startRecordingVideo stays inactive when the camera platform fails
00:03 +104 ~1 -1: /Users/jose/src/work/hydracamv2/test/services/user_service_test.dart: UserService restores HydraCam GUID after Auth0 restore
Log registered: {message: Fetching restored GUID for email: restored@example.com, timestamp: 2026-06-09 02:47:58.553427, function: null, file: null}
Log registered: {message: User session restored. GUID: hydracam-user-guid, timestamp: 2026-06-09 02:47:58.557441, function: null, file: null}
00:03 +105 ~1 -1: /Users/jose/src/work/hydracamv2/test/services/camera_service_failure_test.dart: startRecordingVideo stays inactive when the camera platform fails
00:03 +106 ~1 -1: /Users/jose/src/work/hydracamv2/test/services/camera_service_failure_test.dart: startRecordingVideo stays inactive when the camera platform fails
00:03 +106 ~1 -1: /Users/jose/src/work/hydracamv2/test/services/user_service_test.dart: UserService restores HydraCam GUID after Auth0 restore
Trace file unavailable: MissingPluginException(No implementation found for method getApplicationDocumentsDirectory on channel plugins.flutter.io/path_provider)
00:03 +106 ~1 -1: /Users/jose/src/work/hydracamv2/test/services/user_service_test.dart: UserService login clears stale GUID when switched account is unmapped
Log registered: {message: Profile set from user service: https://example.com/first.png, timestamp: 2026-06-09 02:47:58.564427, function: login, file: user_service.dart}
Log registered: {message: Fetching GUID for email: first@example.com, timestamp: 2026-06-09 02:47:58.564614, function: null, file: null}
Log registered: {message: User logged in successfully. GUID: first-guid, timestamp: 2026-06-09 02:47:58.564780, function: null, file: null}
Log registered: {message: Profile set from user service: https://example.com/missing.png, timestamp: 2026-06-09 02:47:58.564955, function: login, file: user_service.dart}
Log registered: {message: Fetching GUID for email: missing@example.com, timestamp: 2026-06-09 02:47:58.565037, function: null, file: null}
Log registered: {message: Failed to fetch GUID: User not found for missing@example.com, timestamp: 2026-06-09 02:47:58.565154, function: null, file: null}
00:03 +107 ~1 -1: /Users/jose/src/work/hydracamv2/test/services/camera_service_failure_test.dart: startRecordingVideo stays inactive when the camera platform fails
Log registered: {message: Camera reinitialized for video recording start without explicit fps: camera=fake-back-camera, profile=standard1080p30., timestamp: 2026-06-09 02:47:58.712553, function: null, file: null}
Log registered: {message: Error starting video recording: CameraException(ios_camera_start_failed, Simulated iPad recording start failure)
#0      CameraController.startVideoRecording (package:camera/src/camera_controller.dart:607:7)
<asynchronous suspension>
#1      Future.timeout.<anonymous closure> (dart:async/future_impl.dart:1061:7)
<asynchronous suspension>
#2      CameraService._startVideoRecordingWithFallback (package:hydracam/services/camera_service.dart:744:7)
<asynchronous suspension>
#3      CameraService.startRecordingVideo (package:hydracam/services/camera_service.dart:397:7)
<asynchronous suspension>
#4      Throws._matchFuture (package:matcher/src/expect/throws_matcher.dart:103:19)
<asynchronous suspension>
#5      _expect.<anonymous closure> (package:matcher/src/expect/expect.dart:153:17)
<asynchronous suspension>
#6      StackZoneSpecification._registerCallback.<anonymous closure> (package:stack_trace/src/stack_zone_specification.dart:114:42)
<asynchronous suspension>
#7      expectLater.<anonymous closure> (package:flutter_test/src/widget_tester.dart:508:19)
<asynchronous suspension>
#8      main.<anonymous closure> (file:///Users/jose/src/work/hydracamv2/test/services/camera_service_failure_test.dart:81:5)
<asynchronous suspension>
#9      Declarer.test.<anonymous closure>.<anonymous closure> (package:test_api/src/backend/declarer.dart:253:15)
<asynchronous suspension>
#10     Declarer.test.<anonymous closure> (package:test_api/src/backend/declarer.dart:250:11)
<asynchronous suspension>
#11     Invoker._waitForOutstandingCallbacks.<anonymous closure> (package:test_api/src/backend/invoker.dart:318:9)
<asynchronous suspension>
, timestamp: 2026-06-09 02:47:58.712936, function: null, file: null}
00:03 +108 ~1 -1: /Users/jose/src/work/hydracamv2/test/services/camera_service_failure_test.dart: startRecordingVideo works when the iPad has no flash capability
Log registered: {message: Initializing camera..., timestamp: 2026-06-09 02:47:58.715766, function: null, file: null}
Log registered: {message: Updated selected camera name to fake-back-camera, timestamp: 2026-06-09 02:47:58.716077, function: null, file: null}
Log registered: {message: Flash is unavailable for camera readiness initialization; continuing without flash: CameraException(setFlashModeFailed, Device does not have flash capabilities), timestamp: 2026-06-09 02:47:58.716581, function: null, file: null}
Log registered: {message: Camera successfully initialized., timestamp: 2026-06-09 02:47:58.716714, function: null, file: null}
Log registered: {message: Generated new Device ID: e7177b6f-fbac-4a60-8254-457c128db5bf, timestamp: 2026-06-09 02:47:58.717121, function: null, file: null}
Log registered: {message: Video recording started with flash off, timestamp: 2026-06-09 02:47:58.717488, function: null, file: null}
00:03 +109 ~1 -1: /Users/jose/src/work/hydracamv2/test/services/camera_service_failure_test.dart: non-flash initialization failures still surface
Log registered: {message: Initializing camera..., timestamp: 2026-06-09 02:47:58.719237, function: null, file: null}
Log registered: {message: Updated selected camera name to fake-back-camera, timestamp: 2026-06-09 02:47:58.719653, function: null, file: null}
Log registered: {message: Error initializing camera: CameraException(setFlashModeFailed, Camera session is unavailable)
#0      CameraController.setFlashMode (package:camera/src/camera_controller.dart:729:7)
<asynchronous suspension>
#1      CameraService._setFlashModeIfSupported (package:hydracam/services/camera_service.dart:821:7)
<asynchronous suspension>
#2      CameraService.ensureCameraIsReady (package:hydracam/services/camera_service.dart:268:7)
<asynchronous suspension>
#3      Throws._matchFuture (package:matcher/src/expect/throws_matcher.dart:103:19)
<asynchronous suspension>
#4      _expect.<anonymous closure> (package:matcher/src/expect/expect.dart:153:17)
<asynchronous suspension>
#5      StackZoneSpecification._registerCallback.<anonymous closure> (package:stack_trace/src/stack_zone_specification.dart:114:42)
<asynchronous suspension>
#6      expectLater.<anonymous closure> (package:flutter_test/src/widget_tester.dart:508:19)
<asynchronous suspension>
#7      main.<anonymous closure> (file:///Users/jose/src/work/hydracamv2/test/services/camera_service_failure_test.dart:130:5)
<asynchronous suspension>
#8      Declarer.test.<anonymous closure>.<anonymous closure> (package:test_api/src/backend/declarer.dart:253:15)
<asynchronous suspension>
#9      Declarer.test.<anonymous closure> (package:test_api/src/backend/declarer.dart:250:11)
<asynchronous suspension>
#10     Invoker._waitForOutstandingCallbacks.<anonymous closure> (package:test_api/src/backend/invoker.dart:318:9)
<asynchronous suspension>
, timestamp: 2026-06-09 02:47:58.720068, function: null, file: null}
00:03 +110 ~1 -1: /Users/jose/src/work/hydracamv2/test/services/camera_service_failure_test.dart: stopRecordingVideo surfaces the camera plugin no-recording error
Log registered: {message: Initializing camera..., timestamp: 2026-06-09 02:47:58.721555, function: null, file: null}
Log registered: {message: Updated selected camera name to fake-back-camera, timestamp: 2026-06-09 02:47:58.721878, function: null, file: null}
Log registered: {message: Camera successfully initialized., timestamp: 2026-06-09 02:47:58.722278, function: null, file: null}
Log registered: {message: Error stopping video recording: Exception: stopVideoRecording was called when no video is recording.
#0      CameraService.stopRecordingVideo (package:hydracam/services/camera_service.dart:423:9)
#1      main.<anonymous closure> (file:///Users/jose/src/work/hydracamv2/test/services/camera_service_failure_test.dart:153:21)
<asynchronous suspension>
#2      Declarer.test.<anonymous closure>.<anonymous closure> (package:test_api/src/backend/declarer.dart:253:15)
<asynchronous suspension>
#3      Declarer.test.<anonymous closure> (package:test_api/src/backend/declarer.dart:250:11)
<asynchronous suspension>
#4      Invoker._waitForOutstandingCallbacks.<anonymous closure> (package:test_api/src/backend/invoker.dart:318:9)
<asynchronous suspension>
, timestamp: 2026-06-09 02:47:58.722615, function: null, file: null}
00:03 +111 ~1 -1: /Users/jose/src/work/hydracamv2/test/services/camera_service_failure_test.dart: mock camera writes placeholder media without a platform camera
Log registered: {message: Using mock camera because HYDRACAM_MOCK_CAMERA is enabled., timestamp: 2026-06-09 02:47:58.724629, function: null, file: null}
Log registered: {message: Mock camera ready for native controller mode on macOS., timestamp: 2026-06-09 02:47:58.724876, function: null, file: null}
Log registered: {message: Generated new Device ID: a6b3e9a9-9899-4917-8c72-5f647792d013, timestamp: 2026-06-09 02:47:58.725080, function: null, file: null}
Log registered: {message: Mock photo saved to session path: /var/folders/6s/dp27g8gn26j9mp36sjfxb9tw0000gn/T/camera_service_mock_docs5XeDIc/session_null/mock_1_2026-06-09T02-47-58-725420.jpg, timestamp: 2026-06-09 02:47:58.727014, function: null, file: null}
Log registered: {message: Mock camera ready for native controller mode on macOS., timestamp: 2026-06-09 02:47:58.727262, function: null, file: null}
Log registered: {message: Retrieved existing Device ID: a6b3e9a9-9899-4917-8c72-5f647792d013, timestamp: 2026-06-09 02:47:58.727403, function: null, file: null}
Log registered: {message: Mock video recording started for native controller mode., timestamp: 2026-06-09 02:47:58.727593, function: null, file: null}
Log registered: {message: Mock video saved to session path: /var/folders/6s/dp27g8gn26j9mp36sjfxb9tw0000gn/T/camera_service_mock_docs5XeDIc/session_null/mock_2_2026-06-09T02-47-58-727918.mp4, timestamp: 2026-06-09 02:47:58.728732, function: null, file: null}
00:03 +112 ~1 -1: /Users/jose/src/work/hydracamv2/test/services/device_service_test.dart: DeviceIdService reports native macOS device info instead of unsupported platform
00:03 +112 ~1 -1: /Users/jose/src/work/hydracamv2/test/services/camera_service_failure_test.dart: critical battery force stop saves mock recording and interrupts
Log registered: {message: Using mock camera because HYDRACAM_MOCK_CAMERA is enabled., timestamp: 2026-06-09 02:47:58.730472, function: null, file: null}
Log registered: {message: Mock camera ready for native controller mode on macOS., timestamp: 2026-06-09 02:47:58.730613, function: null, file: null}
Log registered: {message: Generated new Device ID: ac09dfd9-8725-4715-a24a-41516a8b8a5c, timestamp: 2026-06-09 02:47:58.730876, function: null, file: null}
Log registered: {message: Mock video recording started for native controller mode., timestamp: 2026-06-09 02:47:58.731040, function: null, file: null}
Log registered: {message: Stopping recording due to critical battery., timestamp: 2026-06-09 02:47:58.731240, function: null, file: null}
Log registered: {message: Mock video saved to session path: /var/folders/6s/dp27g8gn26j9mp36sjfxb9tw0000gn/T/camera_service_mock_docs5XeDIc/session_null/mock_1_2026-06-09T02-47-58-731386.mp4, timestamp: 2026-06-09 02:47:58.732353, function: null, file: null}
Log registered: {message: Retrieved existing Device ID: ac09dfd9-8725-4715-a24a-41516a8b8a5c, timestamp: 2026-06-09 02:47:58.732826, function: null, file: null}
Log registered: {message: Adding video to upload queue: /var/folders/6s/dp27g8gn26j9mp36sjfxb9tw0000gn/T/camera_service_mock_docs5XeDIc/session_null/mock_1_2026-06-09T02-47-58-731386.mp4, timestamp: 2026-06-09 02:47:58.733507, function: null, file: null}
Log registered: {message: Upload blocked: session is not backend-created; create the session through the webservice before capture., timestamp: 2026-06-09 02:47:58.736361, function: null, file: null}
00:03 +113 ~1 -1: /Users/jose/src/work/hydracamv2/test/services/device_service_test.dart: DeviceIdService reports native macOS device info instead of unsupported platform
00:03 +113 ~1 -1: /Users/jose/src/work/hydracamv2/test/services/camera_service_failure_test.dart: critical battery force stop survives missing start timestamp
Log registered: {message: UploaderService: Resetting upload queue and state., timestamp: 2026-06-09 02:47:58.738408, function: null, file: null}
Log registered: {message: UploaderService: Reset completed., timestamp: 2026-06-09 02:47:58.738853, function: null, file: null}
Log registered: {message: Session started with GUID: critical-battery-missing-start on device type: Master, timestamp: 2026-06-09 02:47:58.739144, function: null, file: null}
Log registered: {message: Using mock camera because HYDRACAM_MOCK_CAMERA is enabled., timestamp: 2026-06-09 02:47:58.739238, function: null, file: null}
Log registered: {message: Mock camera ready for native controller mode on macOS., timestamp: 2026-06-09 02:47:58.739448, function: null, file: null}
Log registered: {message: Generated new Device ID: c6b154a3-8b35-4fba-8646-54a1189bb28d, timestamp: 2026-06-09 02:47:58.739724, function: null, file: null}
Log registered: {message: Mock video recording started for native controller mode., timestamp: 2026-06-09 02:47:58.739852, function: null, file: null}
Log registered: {message: Stopping recording due to critical battery., timestamp: 2026-06-09 02:47:58.739975, function: null, file: null}
Log registered: {message: Mock video saved to session path: /var/folders/6s/dp27g8gn26j9mp36sjfxb9tw0000gn/T/camera_service_mock_docs5XeDIc/session_critical-battery-missing-start/mock_1_2026-06-09T02-47-58-740090.mp4, timestamp: 2026-06-09 02:47:58.741331, function: null, file: null}
Log registered: {message: Retrieved existing Device ID: c6b154a3-8b35-4fba-8646-54a1189bb28d, timestamp: 2026-06-09 02:47:58.741692, function: null, file: null}
00:03 +114 ~1 -1: /Users/jose/src/work/hydracamv2/test/services/device_service_test.dart: DeviceIdService reports native macOS device info instead of unsupported platform
00:03 +114 ~1 -1: /Users/jose/src/work/hydracamv2/test/services/camera_service_failure_test.dart: critical battery force stop survives missing start timestamp
Log registered: {message: Recording start timestamp was missing during forced stop; using end timestamp as fallback., timestamp: 2026-06-09 02:47:58.741766, function: null, file: null}
Log registered: {message: Adding video to upload queue: /var/folders/6s/dp27g8gn26j9mp36sjfxb9tw0000gn/T/camera_service_mock_docs5XeDIc/session_critical-battery-missing-start/mock_1_2026-06-09T02-47-58-740090.mp4, timestamp: 2026-06-09 02:47:58.741940, function: null, file: null}
00:03 +115 ~1 -1: /Users/jose/src/work/hydracamv2/test/services/device_service_test.dart: DeviceIdService reports native macOS device info instead of unsupported platform
00:03 +116 ~1 -1: /Users/jose/src/work/hydracamv2/test/services/device_service_test.dart: DeviceIdService reports native macOS device info instead of unsupported platform
00:03 +116 ~1 -1: /Users/jose/src/work/hydracamv2/test/services/camera_service_failure_test.dart: critical battery force stop survives missing start timestamp
Log registered: {message: Session metadata saved to /var/folders/6s/dp27g8gn26j9mp36sjfxb9tw0000gn/T/camera_service_mock_docs5XeDIc/session_critical-battery-missing-start/metadata.json, timestamp: 2026-06-09 02:47:58.744449, function: null, file: null}
Log registered: {message: [UploaderService] No uploaded media with valid durations. Returning zero duration., timestamp: 2026-06-09 02:47:58.745128, function: null, file: null}
Log registered: {message: Media added to upload queue: /var/folders/6s/dp27g8gn26j9mp36sjfxb9tw0000gn/T/camera_service_mock_docs5XeDIc/session_critical-battery-missing-start/mock_1_2026-06-09T02-47-58-740090.mp4, timestamp: 2026-06-09 02:47:58.745325, function: null, file: null}
00:03 +117 ~1 -1: /Users/jose/src/work/hydracamv2/test/services/device_service_test.dart: DeviceIdService reports native macOS device info instead of unsupported platform
00:03 +117 ~1 -1: /Users/jose/src/work/hydracamv2/test/services/camera_service_failure_test.dart: critical battery force stop survives missing start timestamp
Log registered: {message: Auto-upload is enabled. Starting upload process., timestamp: 2026-06-09 02:47:58.745485, function: null, file: null}
Log registered: {message: UploaderService: _startUploading called. _isUploading=false, queue length=1, timestamp: 2026-06-09 02:47:58.745717, function: null, file: null}
00:03 +117 ~1 -1: /Users/jose/src/work/hydracamv2/test/services/device_service_test.dart: DeviceIdService reports native macOS device info instead of unsupported platform
Log registered: {message: Generated new Device ID: 17a6ae14-2ea1-4526-87b4-0d624480c349, timestamp: 2026-06-09 02:47:58.743631, function: null, file: null}
00:03 +117 ~1 -1: /Users/jose/src/work/hydracamv2/test/services/camera_service_failure_test.dart: critical battery force stop survives missing start timestamp
Log registered: {message: UploaderService: _processNextItem called. Queue length=1, timestamp: 2026-06-09 02:47:58.746206, function: null, file: null}
Log registered: {message: UploaderService: sessionGuid=critical-battery-missing-start, timestamp: 2026-06-09 02:47:58.746354, function: null, file: null}
Log registered: {message: Get token, timestamp: 2026-06-09 02:47:58.747942, function: null, file: null}
Log registered: {message: Fetch token, timestamp: 2026-06-09 02:47:58.748230, function: null, file: null}
00:03 +118 ~1 -1: /Users/jose/src/work/hydracamv2/test/services/camera_service_failure_test.dart: critical battery force stop survives missing start timestamp
Log registered: {message: Failed to fetch M2M token: , timestamp: 2026-06-09 02:47:58.756400, function: null, file: null}
Log registered: {message: Error uploading media: Exception: Failed to retrieve M2M token, timestamp: 2026-06-09 02:47:58.756676, function: null, file: null}
Log registered: {message: Failed to upload media: /var/folders/6s/dp27g8gn26j9mp36sjfxb9tw0000gn/T/camera_service_mock_docs5XeDIc/session_critical-battery-missing-start/mock_1_2026-06-09T02-47-58-740090.mp4, timestamp: 2026-06-09 02:47:58.757521, function: null, file: null}
Log registered: {message: Session metadata saved to /var/folders/6s/dp27g8gn26j9mp36sjfxb9tw0000gn/T/camera_service_mock_docs5XeDIc/session_critical-battery-missing-start/metadata.json, timestamp: 2026-06-09 02:47:58.758649, function: null, file: null}
Log registered: {message: Session metadata saved to /var/folders/6s/dp27g8gn26j9mp36sjfxb9tw0000gn/T/camera_service_mock_docs5XeDIc/session_critical-battery-missing-start/metadata.json, timestamp: 2026-06-09 02:47:58.759646, function: null, file: null}
Log registered: {message: UploaderService: Resetting upload queue and state., timestamp: 2026-06-09 02:47:58.759778, function: null, file: null}
Log registered: {message: UploaderService: Reset completed., timestamp: 2026-06-09 02:47:58.759853, function: null, file: null}
Log registered: {message: Session ended and uploader reset., timestamp: 2026-06-09 02:47:58.759935, function: null, file: null}
Log registered: {message: [UploaderService] Queue is empty. Returning zero duration., timestamp: 2026-06-09 02:47:58.760118, function: null, file: null}
Log registered: {message: UploaderService: _processNextItem called. Queue length=0, timestamp: 2026-06-09 02:47:58.760263, function: null, file: null}
Log registered: {message: UploaderService: Queue is empty. Uploading stopped., timestamp: 2026-06-09 02:47:58.760332, function: null, file: null}
00:03 +119 ~1 -1: /Users/jose/src/work/hydracamv2/test/services/storage_service_test.dart: StorageService anchors blocks recording and triggers callback when storage is critical
00:03 +119 ~1 -1: /Users/jose/src/work/hydracamv2/test/services/camera_service_failure_test.dart: selected ultra-wide lens uses sport 1080p60 controller settings
Log registered: {message: Initializing camera..., timestamp: 2026-06-09 02:47:58.762471, function: null, file: null}
Log registered: {message: Updated selected camera name to iphone-ultra-wide, timestamp: 2026-06-09 02:47:58.763018, function: null, file: null}
Log registered: {message: Camera successfully initialized., timestamp: 2026-06-09 02:47:58.763823, function: null, file: null}
Log registered: {message: Generated new Device ID: 5fe44ab9-0a4a-406e-8f9f-efe968e6c307, timestamp: 2026-06-09 02:47:58.764192, function: null, file: null}
Log registered: {message: Video recording started with flash off, timestamp: 2026-06-09 02:47:58.764431, function: null, file: null}
00:03 +120 ~1 -1: /Users/jose/src/work/hydracamv2/test/services/storage_service_test.dart: StorageService anchors blocks recording and triggers callback when storage is critical
00:03 +120 ~1 -1: /Users/jose/src/work/hydracamv2/test/services/camera_service_failure_test.dart: changing video profile preserves the selected camera
Log registered: {message: Initializing camera..., timestamp: 2026-06-09 02:47:58.766079, function: null, file: null}
Log registered: {message: Camera successfully initialized., timestamp: 2026-06-09 02:47:58.766604, function: null, file: null}
Log registered: {message: Changing video capture profile to detail4k30 (current: standard1080p30), timestamp: 2026-06-09 02:47:58.766757, function: null, file: null}
Log registered: {message: Updated video capture profile to detail4k30, timestamp: 2026-06-09 02:47:58.767141, function: null, file: null}
00:03 +121 ~1 -1: /Users/jose/src/work/hydracamv2/test/services/storage_service_test.dart: StorageService anchors blocks recording and triggers callback when storage is critical
00:03 +122 ~1 -1: /Users/jose/src/work/hydracamv2/test/services/storage_service_test.dart: StorageService anchors blocks recording and triggers callback when storage is critical
00:03 +122 ~1 -1: /Users/jose/src/work/hydracamv2/test/services/session_manager_test.dart: SessionManager Session lifecycle starts with no active session
Log registered: {message: UploaderService: Resetting upload queue and state., timestamp: 2026-06-09 02:47:58.910724, function: null, file: null}
Log registered: {message: UploaderService: Reset completed., timestamp: 2026-06-09 02:47:58.914031, function: null, file: null}
00:04 +123 ~1 -1: /Users/jose/src/work/hydracamv2/test/services/storage_service_test.dart: StorageService anchors blocks recording and triggers callback when storage is critical
00:04 +123 ~1 -1: /Users/jose/src/work/hydracamv2/test/services/session_manager_test.dart: SessionManager Session lifecycle startSession creates new session
Log registered: {message: UploaderService: Resetting upload queue and state., timestamp: 2026-06-09 02:47:58.926611, function: null, file: null}
Log registered: {message: UploaderService: Reset completed., timestamp: 2026-06-09 02:47:58.926757, function: null, file: null}
Log registered: {message: UploaderService: Resetting upload queue and state., timestamp: 2026-06-09 02:47:58.927288, function: null, file: null}
Log registered: {message: UploaderService: Reset completed., timestamp: 2026-06-09 02:47:58.927363, function: null, file: null}
Log registered: {message: Session started with GUID: test-guid on device type: Master, timestamp: 2026-06-09 02:47:58.927884, function: null, file: null}
Log registered: {message: Session metadata saved to /var/folders/6s/dp27g8gn26j9mp36sjfxb9tw0000gn/T/session_manager_docsTej3l9/session_test-guid/metadata.json, timestamp: 2026-06-09 02:47:58.940016, function: null, file: null}
Log registered: {message: UploaderService: Resetting upload queue and state., timestamp: 2026-06-09 02:47:58.940324, function: null, file: null}
Log registered: {message: UploaderService: Reset completed., timestamp: 2026-06-09 02:47:58.940415, function: null, file: null}
Log registered: {message: Session ended and uploader reset., timestamp: 2026-06-09 02:47:58.940478, function: null, file: null}
00:04 +124 ~1 -1: /Users/jose/src/work/hydracamv2/test/services/storage_service_test.dart: StorageService anchors blocks recording and triggers callback when storage is critical
00:04 +124 ~1 -1: /Users/jose/src/work/hydracamv2/test/services/session_manager_test.dart: SessionManager Session lifecycle startBackendSession marks session as backend created
Log registered: {message: UploaderService: Resetting upload queue and state., timestamp: 2026-06-09 02:47:58.943408, function: null, file: null}
Log registered: {message: UploaderService: Reset completed., timestamp: 2026-06-09 02:47:58.943516, function: null, file: null}
Log registered: {message: UploaderService: Resetting upload queue and state., timestamp: 2026-06-09 02:47:58.944024, function: null, file: null}
Log registered: {message: UploaderService: Reset completed., timestamp: 2026-06-09 02:47:58.944120, function: null, file: null}
Log registered: {message: Session started with GUID: backend-guid on device type: Master, timestamp: 2026-06-09 02:47:58.944194, function: null, file: null}
Log registered: {message: Session metadata saved to /var/folders/6s/dp27g8gn26j9mp36sjfxb9tw0000gn/T/session_manager_docsTej3l9/session_backend-guid/metadata.json, timestamp: 2026-06-09 02:47:58.945858, function: null, file: null}
Log registered: {message: UploaderService: Resetting upload queue and state., timestamp: 2026-06-09 02:47:58.946052, function: null, file: null}
Log registered: {message: UploaderService: Reset completed., timestamp: 2026-06-09 02:47:58.946127, function: null, file: null}
Log registered: {message: Session ended and uploader reset., timestamp: 2026-06-09 02:47:58.946266, function: null, file: null}
00:04 +125 ~1 -1: /Users/jose/src/work/hydracamv2/test/services/storage_service_test.dart: StorageService anchors blocks recording and triggers callback when storage is critical
00:04 +125 ~1 -1: /Users/jose/src/work/hydracamv2/test/services/session_manager_test.dart: SessionManager Session lifecycle startBackendSession rejects local session GUIDs
Log registered: {message: UploaderService: Resetting upload queue and state., timestamp: 2026-06-09 02:47:58.947917, function: null, file: null}
Log registered: {message: UploaderService: Reset completed., timestamp: 2026-06-09 02:47:58.948035, function: null, file: null}
00:04 +126 ~1 -1: /Users/jose/src/work/hydracamv2/test/services/storage_service_test.dart: StorageService anchors blocks recording and triggers callback when storage is critical
00:04 +126 ~1 -1: /Users/jose/src/work/hydracamv2/test/services/session_manager_test.dart: SessionManager Session lifecycle joinBackendSession rejects local session GUIDs
Log registered: {message: UploaderService: Resetting upload queue and state., timestamp: 2026-06-09 02:47:58.950711, function: null, file: null}
Log registered: {message: UploaderService: Reset completed., timestamp: 2026-06-09 02:47:58.950912, function: null, file: null}
00:04 +127 ~1 -1: /Users/jose/src/work/hydracamv2/test/services/storage_service_test.dart: StorageService anchors blocks recording and triggers callback when storage is critical
00:04 +127 ~1 -1: /Users/jose/src/work/hydracamv2/test/services/session_manager_test.dart: SessionManager Session lifecycle endSession clears session state
Log registered: {message: UploaderService: Resetting upload queue and state., timestamp: 2026-06-09 02:47:58.954289, function: null, file: null}
Log registered: {message: UploaderService: Reset completed., timestamp: 2026-06-09 02:47:58.954374, function: null, file: null}
Log registered: {message: UploaderService: Resetting upload queue and state., timestamp: 2026-06-09 02:47:58.954901, function: null, file: null}
Log registered: {message: UploaderService: Reset completed., timestamp: 2026-06-09 02:47:58.954992, function: null, file: null}
Log registered: {message: Session started with GUID: test-guid on device type: Master, timestamp: 2026-06-09 02:47:58.955148, function: null, file: null}
Log registered: {message: Session metadata saved to /var/folders/6s/dp27g8gn26j9mp36sjfxb9tw0000gn/T/session_manager_docsTej3l9/session_test-guid/metadata.json, timestamp: 2026-06-09 02:47:58.958166, function: null, file: null}
Log registered: {message: UploaderService: Resetting upload queue and state., timestamp: 2026-06-09 02:47:58.958440, function: null, file: null}
Log registered: {message: UploaderService: Reset completed., timestamp: 2026-06-09 02:47:58.958533, function: null, file: null}
Log registered: {message: Session ended and uploader reset., timestamp: 2026-06-09 02:47:58.958595, function: null, file: null}
00:04 +128 ~1 -1: /Users/jose/src/work/hydracamv2/test/services/storage_service_test.dart: StorageService anchors blocks recording and triggers callback when storage is critical
00:04 +128 ~1 -1: /Users/jose/src/work/hydracamv2/test/services/session_manager_test.dart: SessionManager Session lifecycle scanAndReconstructSessions preserves active session identity
Log registered: {message: UploaderService: Resetting upload queue and state., timestamp: 2026-06-09 02:47:58.960419, function: null, file: null}
Log registered: {message: UploaderService: Reset completed., timestamp: 2026-06-09 02:47:58.960513, function: null, file: null}
Log registered: {message: UploaderService: Resetting upload queue and state., timestamp: 2026-06-09 02:47:58.960934, function: null, file: null}
Log registered: {message: UploaderService: Reset completed., timestamp: 2026-06-09 02:47:58.961002, function: null, file: null}
Log registered: {message: Session started with GUID: active-guid on device type: Slave, timestamp: 2026-06-09 02:47:58.961070, function: null, file: null}
Log registered: {message: Generated new Device ID: 79fb8c72-e6b0-40d7-b5fd-e8359ce2ce68, timestamp: 2026-06-09 02:47:58.969174, function: null, file: null}
Log registered: {message: Session metadata saved to /var/folders/6s/dp27g8gn26j9mp36sjfxb9tw0000gn/T/session_manager_docsTej3l9/session_scan-preserve-old/metadata.json, timestamp: 2026-06-09 02:47:58.972432, function: null, file: null}
Log registered: {message: Reconstructed session: scan-preserve-old with 0 photos and 1 videos., timestamp: 2026-06-09 02:47:58.972624, function: null, file: null}
00:04 +128 ~1 -1: /Users/jose/src/work/hydracamv2/test/services/hydracam_api_service_test.dart: uploadMedia includes app version fields in multipart metadata
Log registered: {message: Get token, timestamp: 2026-06-09 02:47:58.971249, function: null, file: null}
00:04 +128 ~1 -1: /Users/jose/src/work/hydracamv2/test/services/session_manager_test.dart: SessionManager Session lifecycle scanAndReconstructSessions preserves active session identity
Log registered: {message: Session metadata saved to /var/folders/6s/dp27g8gn26j9mp36sjfxb9tw0000gn/T/session_manager_docsTej3l9/session_active-guid/metadata.json, timestamp: 2026-06-09 02:47:58.976141, function: null, file: null}
Log registered: {message: UploaderService: Resetting upload queue and state., timestamp: 2026-06-09 02:47:58.976450, function: null, file: null}
Log registered: {message: UploaderService: Reset completed., timestamp: 2026-06-09 02:47:58.976546, function: null, file: null}
Log registered: {message: Session ended and uploader reset., timestamp: 2026-06-09 02:47:58.976615, function: null, file: null}
00:04 +129 ~1 -1: /Users/jose/src/work/hydracamv2/test/services/storage_service_test.dart: StorageService anchors blocks recording and triggers callback when storage is critical
00:04 +129 ~1 -1: /Users/jose/src/work/hydracamv2/test/services/session_manager_test.dart: SessionManager Session lifecycle loadSessionMetadataSnapshot preserves active session identity
Log registered: {message: UploaderService: Resetting upload queue and state., timestamp: 2026-06-09 02:47:58.978022, function: null, file: null}
Log registered: {message: UploaderService: Reset completed., timestamp: 2026-06-09 02:47:58.978126, function: null, file: null}
Log registered: {message: UploaderService: Resetting upload queue and state., timestamp: 2026-06-09 02:47:58.978657, function: null, file: null}
Log registered: {message: UploaderService: Reset completed., timestamp: 2026-06-09 02:47:58.978866, function: null, file: null}
Log registered: {message: Session started with GUID: active-guid on device type: Slave, timestamp: 2026-06-09 02:47:58.978987, function: null, file: null}
Log registered: {message: Retrieved existing Device ID: 79fb8c72-e6b0-40d7-b5fd-e8359ce2ce68, timestamp: 2026-06-09 02:47:58.981411, function: null, file: null}
Log registered: {message: Session metadata snapshot loaded for old-guid, timestamp: 2026-06-09 02:47:58.982565, function: null, file: null}
Log registered: {message: Session metadata saved to /var/folders/6s/dp27g8gn26j9mp36sjfxb9tw0000gn/T/session_manager_docsTej3l9/session_active-guid/metadata.json, timestamp: 2026-06-09 02:47:58.984360, function: null, file: null}
Log registered: {message: UploaderService: Resetting upload queue and state., timestamp: 2026-06-09 02:47:58.984534, function: null, file: null}
Log registered: {message: UploaderService: Reset completed., timestamp: 2026-06-09 02:47:58.984626, function: null, file: null}
Log registered: {message: Session ended and uploader reset., timestamp: 2026-06-09 02:47:58.984685, function: null, file: null}
00:04 +130 ~1 -1: /Users/jose/src/work/hydracamv2/test/services/storage_service_test.dart: StorageService anchors blocks recording and triggers callback when storage is critical
00:04 +130 ~1 -1: /Users/jose/src/work/hydracamv2/test/services/session_manager_test.dart: SessionManager Session lifecycle rejoining same active session preserves media and upload queue
Log registered: {message: UploaderService: Resetting upload queue and state., timestamp: 2026-06-09 02:47:58.986095, function: null, file: null}
Log registered: {message: UploaderService: Reset completed., timestamp: 2026-06-09 02:47:58.986256, function: null, file: null}
Log registered: {message: UploaderService: Resetting upload queue and state., timestamp: 2026-06-09 02:47:58.986794, function: null, file: null}
Log registered: {message: UploaderService: Reset completed., timestamp: 2026-06-09 02:47:58.986872, function: null, file: null}
Log registered: {message: Session started with GUID: same-guid on device type: Master, timestamp: 2026-06-09 02:47:58.986928, function: null, file: null}
Log registered: {message: Adding photo to upload queue: /var/folders/6s/dp27g8gn26j9mp36sjfxb9tw0000gn/T/session_manager_test_mediamJIklA/same_session_photo.jpg, timestamp: 2026-06-09 02:47:58.987701, function: null, file: null}
Log registered: {message: Session metadata saved to /var/folders/6s/dp27g8gn26j9mp36sjfxb9tw0000gn/T/session_manager_docsTej3l9/session_same-guid/metadata.json, timestamp: 2026-06-09 02:47:58.988921, function: null, file: null}
Log registered: {message: [UploaderService] No uploaded media with valid durations. Returning zero duration., timestamp: 2026-06-09 02:47:58.989880, function: null, file: null}
Log registered: {message: Media added to upload queue: /var/folders/6s/dp27g8gn26j9mp36sjfxb9tw0000gn/T/session_manager_test_mediamJIklA/same_session_photo.jpg, timestamp: 2026-06-09 02:47:58.990094, function: null, file: null}
Log registered: {message: Auto-upload is disabled. Media added to queue but not uploaded., timestamp: 2026-06-09 02:47:58.990310, function: null, file: null}
Log registered: {message: Session already active with GUID: same-guid. Preserving existing media on rejoin as Slave., timestamp: 2026-06-09 02:47:58.990653, function: null, file: null}
Log registered: {message: Session metadata saved to /var/folders/6s/dp27g8gn26j9mp36sjfxb9tw0000gn/T/session_manager_docsTej3l9/session_same-guid/metadata.json, timestamp: 2026-06-09 02:47:58.992012, function: null, file: null}
Log registered: {message: UploaderService: Resetting upload queue and state., timestamp: 2026-06-09 02:47:58.992159, function: null, file: null}
Log registered: {message: UploaderService: Reset completed., timestamp: 2026-06-09 02:47:58.992237, function: null, file: null}
Log registered: {message: Session ended and uploader reset., timestamp: 2026-06-09 02:47:58.992291, function: null, file: null}
00:04 +131 ~1 -1: /Users/jose/src/work/hydracamv2/test/services/storage_service_test.dart: StorageService anchors blocks recording and triggers callback when storage is critical
00:04 +131 ~1 -1: /Users/jose/src/work/hydracamv2/test/services/session_manager_test.dart: SessionManager Session lifecycle joining a different session starts with clean media state
Log registered: {message: UploaderService: Resetting upload queue and state., timestamp: 2026-06-09 02:47:58.993687, function: null, file: null}
Log registered: {message: UploaderService: Reset completed., timestamp: 2026-06-09 02:47:58.993766, function: null, file: null}
Log registered: {message: UploaderService: Resetting upload queue and state., timestamp: 2026-06-09 02:47:58.994252, function: null, file: null}
Log registered: {message: UploaderService: Reset completed., timestamp: 2026-06-09 02:47:58.994335, function: null, file: null}
Log registered: {message: Session started with GUID: old-guid on device type: Master, timestamp: 2026-06-09 02:47:58.994430, function: null, file: null}
Log registered: {message: Adding photo to upload queue: /var/folders/6s/dp27g8gn26j9mp36sjfxb9tw0000gn/T/session_manager_test_media7Ojkcp/old_session_photo.jpg, timestamp: 2026-06-09 02:47:58.994735, function: null, file: null}
00:04 +131 ~1 -1: /Users/jose/src/work/hydracamv2/test/services/hydracam_api_service_test.dart: uploadMedia includes app version fields in multipart metadata
Log registered: {message: Media uploaded successfully, timestamp: 2026-06-09 02:47:58.994955, function: null, file: null}
00:04 +131 ~1 -1: /Users/jose/src/work/hydracamv2/test/services/session_manager_test.dart: SessionManager Session lifecycle joining a different session starts with clean media state
Log registered: {message: Session metadata saved to /var/folders/6s/dp27g8gn26j9mp36sjfxb9tw0000gn/T/session_manager_docsTej3l9/session_old-guid/metadata.json, timestamp: 2026-06-09 02:47:58.995651, function: null, file: null}
Log registered: {message: [UploaderService] No uploaded media with valid durations. Returning zero duration., timestamp: 2026-06-09 02:47:58.995801, function: null, file: null}
Log registered: {message: Media added to upload queue: /var/folders/6s/dp27g8gn26j9mp36sjfxb9tw0000gn/T/session_manager_test_media7Ojkcp/old_session_photo.jpg, timestamp: 2026-06-09 02:47:58.995879, function: null, file: null}
Log registered: {message: Auto-upload is disabled. Media added to queue but not uploaded., timestamp: 2026-06-09 02:47:58.995961, function: null, file: null}
Log registered: {message: UploaderService: Resetting upload queue and state., timestamp: 2026-06-09 02:47:58.996063, function: null, file: null}
Log registered: {message: UploaderService: Reset completed., timestamp: 2026-06-09 02:47:58.996136, function: null, file: null}
Log registered: {message: Session started with GUID: new-guid on device type: Master, timestamp: 2026-06-09 02:47:58.996254, function: null, file: null}
00:04 +132 ~1 -1: /Users/jose/src/work/hydracamv2/test/services/storage_service_test.dart: StorageService anchors blocks recording and triggers callback when storage is critical
00:04 +132 ~1 -1: /Users/jose/src/work/hydracamv2/test/services/session_manager_test.dart: SessionManager Session lifecycle joining a different session starts with clean media state
Log registered: {message: Session metadata saved to /var/folders/6s/dp27g8gn26j9mp36sjfxb9tw0000gn/T/session_manager_docsTej3l9/session_new-guid/metadata.json, timestamp: 2026-06-09 02:47:58.998042, function: null, file: null}
Log registered: {message: UploaderService: Resetting upload queue and state., timestamp: 2026-06-09 02:47:58.998202, function: null, file: null}
Log registered: {message: UploaderService: Reset completed., timestamp: 2026-06-09 02:47:58.998264, function: null, file: null}
Log registered: {message: Session ended and uploader reset., timestamp: 2026-06-09 02:47:58.998315, function: null, file: null}
00:04 +132 ~1 -1: /Users/jose/src/work/hydracamv2/test/services/hydracam_api_service_test.dart: uploadMedia includes app version fields in multipart metadata
Trace file unavailable: MissingPluginException(No implementation found for method getApplicationDocumentsDirectory on channel plugins.flutter.io/path_provider)
00:04 +133 ~1 -1: /Users/jose/src/work/hydracamv2/test/services/storage_service_test.dart: StorageService anchors blocks recording and triggers callback when storage is critical
00:04 +133 ~1 -1: /Users/jose/src/work/hydracamv2/test/services/session_manager_test.dart: SessionManager Session lifecycle addPhoto can be awaited through metadata and enqueue
Log registered: {message: UploaderService: Resetting upload queue and state., timestamp: 2026-06-09 02:47:58.999762, function: null, file: null}
Log registered: {message: UploaderService: Reset completed., timestamp: 2026-06-09 02:47:58.999844, function: null, file: null}
Log registered: {message: UploaderService: Resetting upload queue and state., timestamp: 2026-06-09 02:47:59.000282, function: null, file: null}
Log registered: {message: UploaderService: Reset completed., timestamp: 2026-06-09 02:47:59.000443, function: null, file: null}
Log registered: {message: Session started with GUID: await-photo-guid on device type: Master, timestamp: 2026-06-09 02:47:59.000548, function: null, file: null}
Log registered: {message: Adding photo to upload queue: /var/folders/6s/dp27g8gn26j9mp36sjfxb9tw0000gn/T/session_manager_test_mediacBSroO/await_photo.jpg, timestamp: 2026-06-09 02:47:59.000914, function: null, file: null}
00:04 +133 ~1 -1: /Users/jose/src/work/hydracamv2/test/services/hydracam_api_service_test.dart: uploadMedia includes video recording end and duration metadata
Log registered: {message: Get token, timestamp: 2026-06-09 02:47:58.999956, function: null, file: null}
00:04 +133 ~1 -1: /Users/jose/src/work/hydracamv2/test/services/session_manager_test.dart: SessionManager Session lifecycle addPhoto can be awaited through metadata and enqueue
Log registered: {message: Session metadata saved to /var/folders/6s/dp27g8gn26j9mp36sjfxb9tw0000gn/T/session_manager_docsTej3l9/session_await-photo-guid/metadata.json, timestamp: 2026-06-09 02:47:59.001788, function: null, file: null}
Log registered: {message: [UploaderService] No uploaded media with valid durations. Returning zero duration., timestamp: 2026-06-09 02:47:59.001900, function: null, file: null}
Log registered: {message: Media added to upload queue: /var/folders/6s/dp27g8gn26j9mp36sjfxb9tw0000gn/T/session_manager_test_mediacBSroO/await_photo.jpg, timestamp: 2026-06-09 02:47:59.001960, function: null, file: null}
Log registered: {message: Auto-upload is disabled. Media added to queue but not uploaded., timestamp: 2026-06-09 02:47:59.002039, function: null, file: null}
00:04 +133 ~1 -1: /Users/jose/src/work/hydracamv2/test/services/hydracam_api_service_test.dart: uploadMedia includes video recording end and duration metadata
Log registered: {message: Media uploaded successfully, timestamp: 2026-06-09 02:47:59.002899, function: null, file: null}
00:04 +134 ~1 -1: /Users/jose/src/work/hydracamv2/test/services/storage_service_test.dart: StorageService anchors blocks recording and triggers callback when storage is critical
00:04 +134 ~1 -1: /Users/jose/src/work/hydracamv2/test/services/session_manager_test.dart: SessionManager Session lifecycle addPhoto can be awaited through metadata and enqueue
Log registered: {message: Session metadata saved to /var/folders/6s/dp27g8gn26j9mp36sjfxb9tw0000gn/T/session_manager_docsTej3l9/session_await-photo-guid/metadata.json, timestamp: 2026-06-09 02:47:59.003967, function: null, file: null}
Log registered: {message: UploaderService: Resetting upload queue and state., timestamp: 2026-06-09 02:47:59.004089, function: null, file: null}
Log registered: {message: UploaderService: Reset completed., timestamp: 2026-06-09 02:47:59.004147, function: null, file: null}
Log registered: {message: Session ended and uploader reset., timestamp: 2026-06-09 02:47:59.004196, function: null, file: null}
00:04 +135 ~1 -1: /Users/jose/src/work/hydracamv2/test/services/storage_service_test.dart: StorageService anchors blocks recording and triggers callback when storage is critical
00:04 +135 ~1 -1: /Users/jose/src/work/hydracamv2/test/services/hydracam_api_service_test.dart: uploadMedia uses centralized upload-media contract fields
Log registered: {message: Get token, timestamp: 2026-06-09 02:47:59.005198, function: null, file: null}
00:04 +135 ~1 -1: /Users/jose/src/work/hydracamv2/test/services/session_manager_test.dart: SessionManager Session lifecycle addVideo can be awaited through metadata and enqueue
Log registered: {message: UploaderService: Resetting upload queue and state., timestamp: 2026-06-09 02:47:59.005546, function: null, file: null}
Log registered: {message: UploaderService: Reset completed., timestamp: 2026-06-09 02:47:59.005620, function: null, file: null}
Log registered: {message: UploaderService: Resetting upload queue and state., timestamp: 2026-06-09 02:47:59.005951, function: null, file: null}
Log registered: {message: UploaderService: Reset completed., timestamp: 2026-06-09 02:47:59.006013, function: null, file: null}
Log registered: {message: Session started with GUID: await-video-guid on device type: Slave, timestamp: 2026-06-09 02:47:59.006062, function: null, file: null}
Log registered: {message: Adding video to upload queue: /var/folders/6s/dp27g8gn26j9mp36sjfxb9tw0000gn/T/session_manager_test_mediaDtGs2e/await_video.mp4, timestamp: 2026-06-09 02:47:59.006486, function: null, file: null}
00:04 +135 ~1 -1: /Users/jose/src/work/hydracamv2/test/services/hydracam_api_service_test.dart: uploadMedia uses centralized upload-media contract fields
Log registered: {message: Media uploaded successfully, timestamp: 2026-06-09 02:47:59.006840, function: null, file: null}
00:04 +135 ~1 -1: /Users/jose/src/work/hydracamv2/test/services/session_manager_test.dart: SessionManager Session lifecycle addVideo can be awaited through metadata and enqueue
Log registered: {message: Session metadata saved to /var/folders/6s/dp27g8gn26j9mp36sjfxb9tw0000gn/T/session_manager_docsTej3l9/session_await-video-guid/metadata.json, timestamp: 2026-06-09 02:47:59.007458, function: null, file: null}
00:04 +136 ~1 -1: /Users/jose/src/work/hydracamv2/test/services/storage_service_test.dart: StorageService anchors blocks recording and triggers callback when storage is critical
00:04 +136 ~1 -1: /Users/jose/src/work/hydracamv2/test/services/session_manager_test.dart: SessionManager Session lifecycle addVideo can be awaited through metadata and enqueue
Log registered: {message: [UploaderService] No uploaded media with valid durations. Returning zero duration., timestamp: 2026-06-09 02:47:59.007661, function: null, file: null}
Log registered: {message: Media added to upload queue: /var/folders/6s/dp27g8gn26j9mp36sjfxb9tw0000gn/T/session_manager_test_mediaDtGs2e/await_video.mp4, timestamp: 2026-06-09 02:47:59.007823, function: null, file: null}
Log registered: {message: Auto-upload is disabled. Media added to queue but not uploaded., timestamp: 2026-06-09 02:47:59.007963, function: null, file: null}
00:04 +136 ~1 -1: /Users/jose/src/work/hydracamv2/test/services/hydracam_api_service_test.dart: uploadMedia omits video duration metadata for photo uploads
Log registered: {message: Get token, timestamp: 2026-06-09 02:47:59.009212, function: null, file: null}
00:04 +136 ~1 -1: /Users/jose/src/work/hydracamv2/test/services/session_manager_test.dart: SessionManager Session lifecycle addVideo can be awaited through metadata and enqueue
Log registered: {message: Session metadata saved to /var/folders/6s/dp27g8gn26j9mp36sjfxb9tw0000gn/T/session_manager_docsTej3l9/session_await-video-guid/metadata.json, timestamp: 2026-06-09 02:47:59.010186, function: null, file: null}
Log registered: {message: UploaderService: Resetting upload queue and state., timestamp: 2026-06-09 02:47:59.010357, function: null, file: null}
Log registered: {message: UploaderService: Reset completed., timestamp: 2026-06-09 02:47:59.010712, function: null, file: null}
Log registered: {message: Session ended and uploader reset., timestamp: 2026-06-09 02:47:59.010761, function: null, file: null}
00:04 +136 ~1 -1: /Users/jose/src/work/hydracamv2/test/services/hydracam_api_service_test.dart: uploadMedia omits video duration metadata for photo uploads
Log registered: {message: Media uploaded successfully, timestamp: 2026-06-09 02:47:59.010765, function: null, file: null}
00:04 +137 ~1 -1: /Users/jose/src/work/hydracamv2/test/services/storage_service_test.dart: StorageService anchors blocks recording and triggers callback when storage is critical
00:04 +138 ~1 -1: /Users/jose/src/work/hydracamv2/test/services/storage_service_test.dart: StorageService anchors blocks recording and triggers callback when storage is critical
00:04 +138 ~1 -1: /Users/jose/src/work/hydracamv2/test/services/session_manager_test.dart: SessionManager Session lifecycle restoreSessionFromMetadata restores media and caller role
Log registered: {message: UploaderService: Resetting upload queue and state., timestamp: 2026-06-09 02:47:59.012189, function: null, file: null}
Log registered: {message: UploaderService: Reset completed., timestamp: 2026-06-09 02:47:59.012319, function: null, file: null}
00:04 +138 ~1 -1: /Users/jose/src/work/hydracamv2/test/services/hydracam_api_service_test.dart: createSession returns typed backend session from API response
Log registered: {message: Get token, timestamp: 2026-06-09 02:47:59.012930, function: null, file: null}
00:04 +138 ~1 -1: /Users/jose/src/work/hydracamv2/test/services/session_manager_test.dart: SessionManager Session lifecycle restoreSessionFromMetadata restores media and caller role
Log registered: {message: Retrieved existing Device ID: 79fb8c72-e6b0-40d7-b5fd-e8359ce2ce68, timestamp: 2026-06-09 02:47:59.015819, function: null, file: null}
Log registered: {message: Session metadata snapshot loaded for restore-guid, timestamp: 2026-06-09 02:47:59.016734, function: null, file: null}
Log registered: {message: UploaderService: Resetting upload queue and state., timestamp: 2026-06-09 02:47:59.018092, function: null, file: null}
Log registered: {message: UploaderService: Reset completed., timestamp: 2026-06-09 02:47:59.018224, function: null, file: null}
Log registered: {message: Session started with GUID: restore-guid on device type: Master, timestamp: 2026-06-09 02:47:59.018279, function: null, file: null}
Log registered: {message: Adding photo to upload queue: /var/folders/6s/dp27g8gn26j9mp36sjfxb9tw0000gn/T/session_manager_test_mediaC0EnFV/restored_photo.jpg, timestamp: 2026-06-09 02:47:59.018340, function: null, file: null}
Log registered: {message: Session metadata saved to /var/folders/6s/dp27g8gn26j9mp36sjfxb9tw0000gn/T/session_manager_docsTej3l9/session_restore-guid/metadata.json, timestamp: 2026-06-09 02:47:59.019349, function: null, file: null}
Log registered: {message: [UploaderService] No uploaded media with valid durations. Returning zero duration., timestamp: 2026-06-09 02:47:59.019516, function: null, file: null}
Log registered: {message: Media added to upload queue: /var/folders/6s/dp27g8gn26j9mp36sjfxb9tw0000gn/T/session_manager_test_mediaC0EnFV/restored_photo.jpg, timestamp: 2026-06-09 02:47:59.019608, function: null, file: null}
Log registered: {message: Auto-upload is disabled. Media added to queue but not uploaded., timestamp: 2026-06-09 02:47:59.019685, function: null, file: null}
Log registered: {message: Adding video to upload queue: /var/folders/6s/dp27g8gn26j9mp36sjfxb9tw0000gn/T/session_manager_test_mediaC0EnFV/restored_video.mp4, timestamp: 2026-06-09 02:47:59.019740, function: null, file: null}
00:04 +138 ~1 -1: /Users/jose/src/work/hydracamv2/test/services/hydracam_api_service_test.dart: createSession returns typed backend session from API response
Log registered: {message: Session created successfully: HydraCamBackendSession(guid: backend-guid, sessionId: friendly-session, numericId: 42), timestamp: 2026-06-09 02:47:59.017685, function: null, file: null}
00:04 +139 ~1 -1: /Users/jose/src/work/hydracamv2/test/services/storage_service_test.dart: StorageService anchors blocks recording and triggers callback when storage is critical
00:04 +139 ~1 -1: /Users/jose/src/work/hydracamv2/test/services/session_manager_test.dart: SessionManager Session lifecycle restoreSessionFromMetadata restores media and caller role
Log registered: {message: Session metadata saved to /var/folders/6s/dp27g8gn26j9mp36sjfxb9tw0000gn/T/session_manager_docsTej3l9/session_restore-guid/metadata.json, timestamp: 2026-06-09 02:47:59.020651, function: null, file: null}
Log registered: {message: [UploaderService] No uploaded media with valid durations. Returning zero duration., timestamp: 2026-06-09 02:47:59.020968, function: null, file: null}
Log registered: {message: Media added to upload queue: /var/folders/6s/dp27g8gn26j9mp36sjfxb9tw0000gn/T/session_manager_test_mediaC0EnFV/restored_video.mp4, timestamp: 2026-06-09 02:47:59.021051, function: null, file: null}
Log registered: {message: Auto-upload is disabled. Media added to queue but not uploaded., timestamp: 2026-06-09 02:47:59.021148, function: null, file: null}
00:04 +139 ~1 -1: /Users/jose/src/work/hydracamv2/test/services/hydracam_api_service_test.dart: uploadMedia rejects missing files before HTTP send
Log registered: {message: Upload file does not exist: /var/folders/6s/dp27g8gn26j9mp36sjfxb9tw0000gn/T/hydracam_api_test17LZ72/missing-video.mp4, timestamp: 2026-06-09 02:47:59.022261, function: null, file: null}
00:04 +139 ~1 -1: /Users/jose/src/work/hydracamv2/test/services/session_manager_test.dart: SessionManager Session lifecycle restoreSessionFromMetadata restores media and caller role
Log registered: {message: Session metadata saved to /var/folders/6s/dp27g8gn26j9mp36sjfxb9tw0000gn/T/session_manager_docsTej3l9/session_restore-guid/metadata.json, timestamp: 2026-06-09 02:47:59.022322, function: null, file: null}
Log registered: {message: UploaderService: Resetting upload queue and state., timestamp: 2026-06-09 02:47:59.022477, function: null, file: null}
Log registered: {message: UploaderService: Reset completed., timestamp: 2026-06-09 02:47:59.022639, function: null, file: null}
Log registered: {message: Session ended and uploader reset., timestamp: 2026-06-09 02:47:59.022694, function: null, file: null}
00:04 +140 ~1 -1: /Users/jose/src/work/hydracamv2/test/services/storage_service_test.dart: StorageService anchors blocks recording and triggers callback when storage is critical
00:04 +141 ~1 -1: /Users/jose/src/work/hydracamv2/test/services/storage_service_test.dart: StorageService anchors blocks recording and triggers callback when storage is critical
00:04 +141 ~1 -1: /Users/jose/src/work/hydracamv2/test/services/session_manager_test.dart: SessionManager Media management addPhoto adds photo to current session
Log registered: {message: UploaderService: Resetting upload queue and state., timestamp: 2026-06-09 02:47:59.024312, function: null, file: null}
Log registered: {message: UploaderService: Reset completed., timestamp: 2026-06-09 02:47:59.024415, function: null, file: null}
Log registered: {message: UploaderService: Resetting upload queue and state., timestamp: 2026-06-09 02:47:59.024697, function: null, file: null}
Log registered: {message: UploaderService: Reset completed., timestamp: 2026-06-09 02:47:59.024788, function: null, file: null}
Log registered: {message: Session started with GUID: test-guid on device type: Master, timestamp: 2026-06-09 02:47:59.024861, function: null, file: null}
00:04 +141 ~1 -1: /Users/jose/src/work/hydracamv2/test/services/hydracam_api_service_test.dart: fetchCourts preserves encoded sports center query values
Log registered: {message: Get token, timestamp: 2026-06-09 02:47:59.025035, function: null, file: null}
00:04 +141 ~1 -1: /Users/jose/src/work/hydracamv2/test/services/session_manager_test.dart: SessionManager Media management addPhoto adds photo to current session
Log registered: {message: Adding photo to upload queue: /var/folders/6s/dp27g8gn26j9mp36sjfxb9tw0000gn/T/session_manager_test_mediaK88ATc/test_photo.jpg, timestamp: 2026-06-09 02:47:59.025314, function: null, file: null}
Log registered: {message: Session metadata saved to /var/folders/6s/dp27g8gn26j9mp36sjfxb9tw0000gn/T/session_manager_docsTej3l9/session_test-guid/metadata.json, timestamp: 2026-06-09 02:47:59.026077, function: null, file: null}
Log registered: {message: [UploaderService] No uploaded media with valid durations. Returning zero duration., timestamp: 2026-06-09 02:47:59.026213, function: null, file: null}
Log registered: {message: Media added to upload queue: /var/folders/6s/dp27g8gn26j9mp36sjfxb9tw0000gn/T/session_manager_test_mediaK88ATc/test_photo.jpg, timestamp: 2026-06-09 02:47:59.026320, function: null, file: null}
Log registered: {message: Auto-upload is disabled. Media added to queue but not uploaded., timestamp: 2026-06-09 02:47:59.026431, function: null, file: null}
00:04 +141 ~1 -1: /Users/jose/src/work/hydracamv2/test/services/hydracam_api_service_test.dart: fetchCourts preserves encoded sports center query values
Log registered: {message: Parsed list (courts): [], timestamp: 2026-06-09 02:47:59.026356, function: null, file: null}
00:04 +142 ~1 -1: /Users/jose/src/work/hydracamv2/test/services/storage_service_test.dart: StorageService anchors blocks recording and triggers callback when storage is critical
00:04 +142 ~1 -1: /Users/jose/src/work/hydracamv2/test/services/session_manager_test.dart: SessionManager Media management addPhoto adds photo to current session
Log registered: {message: Session metadata saved to /var/folders/6s/dp27g8gn26j9mp36sjfxb9tw0000gn/T/session_manager_docsTej3l9/session_test-guid/metadata.json, timestamp: 2026-06-09 02:47:59.027556, function: null, file: null}
Log registered: {message: UploaderService: Resetting upload queue and state., timestamp: 2026-06-09 02:47:59.027650, function: null, file: null}
Log registered: {message: UploaderService: Reset completed., timestamp: 2026-06-09 02:47:59.027699, function: null, file: null}
Log registered: {message: Session ended and uploader reset., timestamp: 2026-06-09 02:47:59.027746, function: null, file: null}
00:04 +143 ~1 -1: /Users/jose/src/work/hydracamv2/test/services/storage_service_test.dart: StorageService anchors blocks recording and triggers callback when storage is critical
00:04 +143 ~1 -1: /Users/jose/src/work/hydracamv2/test/services/hydracam_api_service_test.dart: endSession preserves encoded session guid query values
Log registered: {message: Get token, timestamp: 2026-06-09 02:47:59.028343, function: null, file: null}
00:04 +143 ~1 -1: /Users/jose/src/work/hydracamv2/test/services/session_manager_test.dart: SessionManager Media management addVideo adds video to current session
Log registered: {message: UploaderService: Resetting upload queue and state., timestamp: 2026-06-09 02:47:59.028749, function: null, file: null}
Log registered: {message: UploaderService: Reset completed., timestamp: 2026-06-09 02:47:59.028807, function: null, file: null}
Log registered: {message: UploaderService: Resetting upload queue and state., timestamp: 2026-06-09 02:47:59.029004, function: null, file: null}
Log registered: {message: UploaderService: Reset completed., timestamp: 2026-06-09 02:47:59.029054, function: null, file: null}
Log registered: {message: Session started with GUID: test-guid on device type: Master, timestamp: 2026-06-09 02:47:59.029102, function: null, file: null}
00:04 +143 ~1 -1: /Users/jose/src/work/hydracamv2/test/services/hydracam_api_service_test.dart: endSession preserves encoded session guid query values
Log registered: {message: Session ended successfully, timestamp: 2026-06-09 02:47:59.029051, function: null, file: null}
00:04 +144 ~1 -1: /Users/jose/src/work/hydracamv2/test/services/storage_service_test.dart: StorageService anchors blocks recording and triggers callback when storage is critical
00:04 +144 ~1 -1: /Users/jose/src/work/hydracamv2/test/services/session_manager_test.dart: SessionManager Media management addVideo adds video to current session
Log registered: {message: Adding video to upload queue: /var/folders/6s/dp27g8gn26j9mp36sjfxb9tw0000gn/T/session_manager_test_mediaxH1MLp/test_video.mp4, timestamp: 2026-06-09 02:47:59.029651, function: null, file: null}
Log registered: {message: Session metadata saved to /var/folders/6s/dp27g8gn26j9mp36sjfxb9tw0000gn/T/session_manager_docsTej3l9/session_test-guid/metadata.json, timestamp: 2026-06-09 02:47:59.030573, function: null, file: null}
Log registered: {message: [UploaderService] No uploaded media with valid durations. Returning zero duration., timestamp: 2026-06-09 02:47:59.030714, function: null, file: null}
Log registered: {message: Media added to upload queue: /var/folders/6s/dp27g8gn26j9mp36sjfxb9tw0000gn/T/session_manager_test_mediaxH1MLp/test_video.mp4, timestamp: 2026-06-09 02:47:59.030785, function: null, file: null}
00:04 +144 ~1 -1: /Users/jose/src/work/hydracamv2/test/services/hydracam_api_service_test.dart: user lookups use centralized user contract endpoints
Log registered: {message: Get token, timestamp: 2026-06-09 02:47:59.030800, function: null, file: null}
00:04 +144 ~1 -1: /Users/jose/src/work/hydracamv2/test/services/session_manager_test.dart: SessionManager Media management addVideo adds video to current session
Log registered: {message: Auto-upload is disabled. Media added to queue but not uploaded., timestamp: 2026-06-09 02:47:59.030883, function: null, file: null}
00:04 +144 ~1 -1: /Users/jose/src/work/hydracamv2/test/services/hydracam_api_service_test.dart: user lookups use centralized user contract endpoints
Log registered: {message: Get token, timestamp: 2026-06-09 02:47:59.031522, function: null, file: null}
00:04 +144 ~1 -1: /Users/jose/src/work/hydracamv2/test/services/session_manager_test.dart: SessionManager Media management addVideo adds video to current session
Log registered: {message: Session metadata saved to /var/folders/6s/dp27g8gn26j9mp36sjfxb9tw0000gn/T/session_manager_docsTej3l9/session_test-guid/metadata.json, timestamp: 2026-06-09 02:47:59.031754, function: null, file: null}
Log registered: {message: UploaderService: Resetting upload queue and state., timestamp: 2026-06-09 02:47:59.031888, function: null, file: null}
Log registered: {message: UploaderService: Reset completed., timestamp: 2026-06-09 02:47:59.032009, function: null, file: null}
Log registered: {message: Session ended and uploader reset., timestamp: 2026-06-09 02:47:59.032115, function: null, file: null}
00:04 +145 ~1 -1: /Users/jose/src/work/hydracamv2/test/services/storage_service_test.dart: StorageService anchors blocks recording and triggers callback when storage is critical
00:04 +146 ~1 -1: /Users/jose/src/work/hydracamv2/test/services/storage_service_test.dart: StorageService anchors blocks recording and triggers callback when storage is critical
00:04 +146 ~1 -1: /Users/jose/src/work/hydracamv2/test/services/session_manager_test.dart: SessionManager Media management video capture context persists and reloads from metadata
Log registered: {message: UploaderService: Resetting upload queue and state., timestamp: 2026-06-09 02:47:59.033489, function: null, file: null}
Log registered: {message: UploaderService: Reset completed., timestamp: 2026-06-09 02:47:59.033572, function: null, file: null}
Log registered: {message: UploaderService: Resetting upload queue and state., timestamp: 2026-06-09 02:47:59.033759, function: null, file: null}
Log registered: {message: UploaderService: Reset completed., timestamp: 2026-06-09 02:47:59.033803, function: null, file: null}
Log registered: {message: Session started with GUID: test-guid on device type: Master, timestamp: 2026-06-09 02:47:59.033850, function: null, file: null}
Log registered: {message: Adding video to upload queue: /var/folders/6s/dp27g8gn26j9mp36sjfxb9tw0000gn/T/session_manager_test_mediafKslBi/context_video.mp4, timestamp: 2026-06-09 02:47:59.034727, function: null, file: null}
Log registered: {message: Session metadata saved to /var/folders/6s/dp27g8gn26j9mp36sjfxb9tw0000gn/T/session_manager_docsTej3l9/session_test-guid/metadata.json, timestamp: 2026-06-09 02:47:59.036594, function: null, file: null}
Log registered: {message: [UploaderService] No uploaded media with valid durations. Returning zero duration., timestamp: 2026-06-09 02:47:59.036707, function: null, file: null}
Log registered: {message: Media added to upload queue: /var/folders/6s/dp27g8gn26j9mp36sjfxb9tw0000gn/T/session_manager_test_mediafKslBi/context_video.mp4, timestamp: 2026-06-09 02:47:59.036755, function: null, file: null}
Log registered: {message: Auto-upload is disabled. Media added to queue but not uploaded., timestamp: 2026-06-09 02:47:59.036827, function: null, file: null}
Log registered: {message: Retrieved existing Device ID: 79fb8c72-e6b0-40d7-b5fd-e8359ce2ce68, timestamp: 2026-06-09 02:47:59.038805, function: null, file: null}
Log registered: {message: Session metadata loaded for session test-guid, timestamp: 2026-06-09 02:47:59.039644, function: null, file: null}
Log registered: {message: Session metadata saved to /var/folders/6s/dp27g8gn26j9mp36sjfxb9tw0000gn/T/session_manager_docsTej3l9/session_test-guid/metadata.json, timestamp: 2026-06-09 02:47:59.040749, function: null, file: null}
Log registered: {message: UploaderService: Resetting upload queue and state., timestamp: 2026-06-09 02:47:59.040842, function: null, file: null}
Log registered: {message: UploaderService: Reset completed., timestamp: 2026-06-09 02:47:59.040892, function: null, file: null}
Log registered: {message: Session ended and uploader reset., timestamp: 2026-06-09 02:47:59.040933, function: null, file: null}
00:04 +147 ~1 -1: /Users/jose/src/work/hydracamv2/test/services/storage_service_test.dart: StorageService anchors blocks recording and triggers callback when storage is critical
00:04 +147 ~1 -1: /Users/jose/src/work/hydracamv2/test/services/session_manager_test.dart: SessionManager Media management metadata write preserves session captured before async path lookup
Log registered: {message: UploaderService: Resetting upload queue and state., timestamp: 2026-06-09 02:47:59.043532, function: null, file: null}
Log registered: {message: UploaderService: Reset completed., timestamp: 2026-06-09 02:47:59.043604, function: null, file: null}
Log registered: {message: UploaderService: Resetting upload queue and state., timestamp: 2026-06-09 02:47:59.043822, function: null, file: null}
Log registered: {message: UploaderService: Reset completed., timestamp: 2026-06-09 02:47:59.043870, function: null, file: null}
Log registered: {message: Session started with GUID: test-guid on device type: Master, timestamp: 2026-06-09 02:47:59.043913, function: null, file: null}
Log registered: {message: UploaderService: Resetting upload queue and state., timestamp: 2026-06-09 02:47:59.044220, function: null, file: null}
Log registered: {message: UploaderService: Reset completed., timestamp: 2026-06-09 02:47:59.044282, function: null, file: null}
Log registered: {message: Session started with GUID: metadata-old-guid on device type: Master, timestamp: 2026-06-09 02:47:59.044323, function: null, file: null}
Log registered: {message: UploaderService: Resetting upload queue and state., timestamp: 2026-06-09 02:47:59.044926, function: null, file: null}
Log registered: {message: UploaderService: Reset completed., timestamp: 2026-06-09 02:47:59.044988, function: null, file: null}
Log registered: {message: Session started with GUID: metadata-new-guid on device type: Slave, timestamp: 2026-06-09 02:47:59.045028, function: null, file: null}
Log registered: {message: Session metadata saved to /var/folders/6s/dp27g8gn26j9mp36sjfxb9tw0000gn/T/session_manager_docsTej3l9/session_metadata-old-guid/metadata.json, timestamp: 2026-06-09 02:47:59.045888, function: null, file: null}
00:04 +147 ~1 -1: /Users/jose/src/work/hydracamv2/test/services/storage_service_test.dart: StorageService anchors blocks recording and triggers callback when storage is critical
Log registered: {message: StorageService monitoring disabled - timer not started., timestamp: 2026-06-09 02:47:59.050019, function: null, file: null}
00:04 +147 ~1 -1: /Users/jose/src/work/hydracamv2/test/services/session_manager_test.dart: SessionManager Media management metadata write preserves session captured before async path lookup
Log registered: {message: Session metadata saved to /var/folders/6s/dp27g8gn26j9mp36sjfxb9tw0000gn/T/session_manager_docsTej3l9/session_metadata-new-guid/metadata.json, timestamp: 2026-06-09 02:47:59.053051, function: null, file: null}
Log registered: {message: UploaderService: Resetting upload queue and state., timestamp: 2026-06-09 02:47:59.053200, function: null, file: null}
Log registered: {message: UploaderService: Reset completed., timestamp: 2026-06-09 02:47:59.053266, function: null, file: null}
Log registered: {message: Session ended and uploader reset., timestamp: 2026-06-09 02:47:59.053313, function: null, file: null}
00:04 +148 ~1 -1: /Users/jose/src/work/hydracamv2/test/services/storage_service_test.dart: StorageService anchors blocks recording and triggers callback when storage is critical
00:04 +148 ~1 -1: /Users/jose/src/work/hydracamv2/test/services/session_manager_test.dart: SessionManager Media management multiple media can be added to session
Log registered: {message: UploaderService: Resetting upload queue and state., timestamp: 2026-06-09 02:47:59.054560, function: null, file: null}
Log registered: {message: UploaderService: Reset completed., timestamp: 2026-06-09 02:47:59.054690, function: null, file: null}
Log registered: {message: UploaderService: Resetting upload queue and state., timestamp: 2026-06-09 02:47:59.054924, function: null, file: null}
Log registered: {message: UploaderService: Reset completed., timestamp: 2026-06-09 02:47:59.054993, function: null, file: null}
Log registered: {message: Session started with GUID: test-guid on device type: Master, timestamp: 2026-06-09 02:47:59.055042, function: null, file: null}
Log registered: {message: Adding photo to upload queue: /var/folders/6s/dp27g8gn26j9mp36sjfxb9tw0000gn/T/session_manager_test_media2b3W2Q/test_photo_1.jpg, timestamp: 2026-06-09 02:47:59.055706, function: null, file: null}
Log registered: {message: Session metadata saved to /var/folders/6s/dp27g8gn26j9mp36sjfxb9tw0000gn/T/session_manager_docsTej3l9/session_test-guid/metadata.json, timestamp: 2026-06-09 02:47:59.057063, function: null, file: null}
Log registered: {message: [UploaderService] No uploaded media with valid durations. Returning zero duration., timestamp: 2026-06-09 02:47:59.057246, function: null, file: null}
Log registered: {message: Media added to upload queue: /var/folders/6s/dp27g8gn26j9mp36sjfxb9tw0000gn/T/session_manager_test_media2b3W2Q/test_photo_1.jpg, timestamp: 2026-06-09 02:47:59.057407, function: null, file: null}
Log registered: {message: Auto-upload is disabled. Media added to queue but not uploaded., timestamp: 2026-06-09 02:47:59.057544, function: null, file: null}
Log registered: {message: Adding photo to upload queue: /var/folders/6s/dp27g8gn26j9mp36sjfxb9tw0000gn/T/session_manager_test_media2b3W2Q/test_photo_2.jpg, timestamp: 2026-06-09 02:47:59.057608, function: null, file: null}
Log registered: {message: Session metadata saved to /var/folders/6s/dp27g8gn26j9mp36sjfxb9tw0000gn/T/session_manager_docsTej3l9/session_test-guid/metadata.json, timestamp: 2026-06-09 02:47:59.058507, function: null, file: null}
Log registered: {message: [UploaderService] No uploaded media with valid durations. Returning zero duration., timestamp: 2026-06-09 02:47:59.058696, function: null, file: null}
Log registered: {message: Media added to upload queue: /var/folders/6s/dp27g8gn26j9mp36sjfxb9tw0000gn/T/session_manager_test_media2b3W2Q/test_photo_2.jpg, timestamp: 2026-06-09 02:47:59.058761, function: null, file: null}
Log registered: {message: Auto-upload is disabled. Media added to queue but not uploaded., timestamp: 2026-06-09 02:47:59.058830, function: null, file: null}
Log registered: {message: Session metadata saved to /var/folders/6s/dp27g8gn26j9mp36sjfxb9tw0000gn/T/session_manager_docsTej3l9/session_test-guid/metadata.json, timestamp: 2026-06-09 02:47:59.060536, function: null, file: null}
Log registered: {message: UploaderService: Resetting upload queue and state., timestamp: 2026-06-09 02:47:59.060646, function: null, file: null}
Log registered: {message: UploaderService: Reset completed., timestamp: 2026-06-09 02:47:59.060697, function: null, file: null}
Log registered: {message: Session ended and uploader reset., timestamp: 2026-06-09 02:47:59.060735, function: null, file: null}
00:04 +149 ~1 -1: /Users/jose/src/work/hydracamv2/test/services/storage_service_test.dart: StorageService anchors blocks recording and triggers callback when storage is critical
00:04 +150 ~1 -1: /Users/jose/src/work/hydracamv2/test/services/storage_service_test.dart: StorageService anchors blocks recording and triggers callback when storage is critical
00:04 +151 ~1 -1: /Users/jose/src/work/hydracamv2/test/services/storage_service_test.dart: StorageService anchors blocks recording and triggers callback when storage is critical
00:04 +152 ~1 -1: /Users/jose/src/work/hydracamv2/test/services/storage_service_test.dart: StorageService anchors blocks recording and triggers callback when storage is critical
00:04 +153 ~1 -1: /Users/jose/src/work/hydracamv2/test/services/storage_service_test.dart: StorageService anchors blocks recording and triggers callback when storage is critical
00:04 +154 ~1 -1: /Users/jose/src/work/hydracamv2/test/services/storage_service_test.dart: StorageService anchors blocks recording and triggers callback when storage is critical
00:04 +155 ~1 -1: /Users/jose/src/work/hydracamv2/test/services/storage_service_test.dart: StorageService anchors blocks recording and triggers callback when storage is critical
00:04 +156 ~1 -1: /Users/jose/src/work/hydracamv2/test/services/storage_service_test.dart: StorageService anchors blocks recording and triggers callback when storage is critical
00:04 +157 ~1 -1: /Users/jose/src/work/hydracamv2/test/services/camera_service_failure_test.dart: changing video profile preserves the selected camera
00:04 +157 ~1 -1: /Users/jose/src/work/hydracamv2/test/services/storage_service_test.dart: StorageService anchors clears recording block after recovering above critical threshold
Log registered: {message: StorageService monitoring disabled - timer not started., timestamp: 2026-06-09 02:47:59.092367, function: null, file: null}
00:04 +158 ~1 -1: /Users/jose/src/work/hydracamv2/test/services/camera_service_failure_test.dart: changing video profile preserves the selected camera
Log registered: {message: Camera capture settings applied and reinitialized: camera=iphone-telephoto, profile=detail4k30., timestamp: 2026-06-09 02:47:59.169321, function: null, file: null}
00:04 +159 ~1 -1: /Users/jose/src/work/hydracamv2/test/services/camera_service_failure_test.dart: setup preview uses preset defaults without explicit fps
Log registered: {message: Initializing camera preview..., timestamp: 2026-06-09 02:47:59.171219, function: null, file: null}
Log registered: {message: Updated selected camera name to fake-back-camera, timestamp: 2026-06-09 02:47:59.171618, function: null, file: null}
Log registered: {message: Camera preview successfully initialized without explicit fps., timestamp: 2026-06-09 02:47:59.171974, function: null, file: null}
00:04 +160 ~1 -1: /Users/jose/src/work/hydracamv2/test/services/camera_service_failure_test.dart: recording after setup preview rebuilds the explicit fps controller
Log registered: {message: Initializing camera preview..., timestamp: 2026-06-09 02:47:59.173379, function: null, file: null}
Log registered: {message: Updated selected camera name to fake-back-camera, timestamp: 2026-06-09 02:47:59.173614, function: null, file: null}
Log registered: {message: Camera preview successfully initialized without explicit fps., timestamp: 2026-06-09 02:47:59.173993, function: null, file: null}
Log registered: {message: Initializing camera..., timestamp: 2026-06-09 02:47:59.174224, function: null, file: null}
Log registered: {message: Camera successfully initialized., timestamp: 2026-06-09 02:47:59.575330, function: null, file: null}
Log registered: {message: Generated new Device ID: f8904789-8964-4b23-b845-1f34953b9983, timestamp: 2026-06-09 02:47:59.575846, function: null, file: null}
Log registered: {message: Video recording started with flash off, timestamp: 2026-06-09 02:47:59.576161, function: null, file: null}
00:04 +161 ~1 -1: /Users/jose/src/work/hydracamv2/test/services/camera_service_failure_test.dart: macOS runtime uses the real camera backend unless mock is explicit
00:04 +162 ~1 -1: /Users/jose/src/work/hydracamv2/test/services/camera_service_failure_test.dart: (tearDownAll)
00:05 +162 ~1 -1: /Users/jose/src/work/hydracamv2/test/services/log_service_test.dart: registerLog stores message, timestamp, function, and file
Log registered: {message: Profile startup marker, timestamp: 2026-06-07 13:30:00.000, function: main, file: main.dart}
Trace file unavailable: Binding has not yet been initialized.
The "instance" getter on the ServicesBinding binding mixin is only available once that binding has been initialized.
Typically, this is done by calling "WidgetsFlutterBinding.ensureInitialized()" or "runApp()" (the latter calls the former). Typically this call is done in the "void main()" method. The "ensureInitialized" method is idempotent; calling it multiple times is not harmful. After calling that method, the "instance" getter will return the binding.
In a test, one can call "TestWidgetsFlutterBinding.ensureInitialized()" as the first line in the test's "main()" method to initialize the binding.
If ServicesBinding is a custom binding mixin, there must also be a custom binding class, like WidgetsFlutterBinding, but that mixes in the selected binding, and that is the class that must be constructed before using the "instance" getter.
00:05 +163 ~1 -1: /Users/jose/src/work/hydracamv2/test/services/log_service_test.dart: clearLogs removes stored entries
Log registered: {message: temporary entry, timestamp: 2026-06-09 02:48:00.013479, function: null, file: null}
00:05 +164 ~1 -1: /Users/jose/src/work/hydracamv2/test/services/settings_service_test.dart: master recording defaults off on macOS controller builds
00:05 +165 ~1 -1: /Users/jose/src/work/hydracamv2/test/services/settings_service_test.dart: master recording defaults off on macOS controller builds
00:05 +166 ~1 -1: /Users/jose/src/work/hydracamv2/test/services/camera_service_test.dart: CameraService Recording state isRecording starts as false
00:05 +167 ~1 -1: /Users/jose/src/work/hydracamv2/test/services/camera_service_test.dart: CameraService Recording state isRecording starts as false
00:05 +168 ~1 -1: /Users/jose/src/work/hydracamv2/test/services/settings_service_test.dart: stored master recording preference overrides macOS default
00:05 +169 ~1 -1: /Users/jose/src/work/hydracamv2/test/services/settings_service_test.dart: stored master recording preference overrides macOS default
00:05 +170 ~1 -1: /Users/jose/src/work/hydracamv2/test/services/camera_service_test.dart: CameraService Recording state recordingInterrupted starts as false
00:05 +171 ~1 -1: /Users/jose/src/work/hydracamv2/test/services/settings_service_test.dart: new installs default to auto back lens and standard 1080p30
00:05 +172 ~1 -1: /Users/jose/src/work/hydracamv2/test/services/camera_service_test.dart: CameraService Storage constraints storage service is correctly wired
00:05 +173 ~1 -1: /Users/jose/src/work/hydracamv2/test/services/camera_service_test.dart: CameraService Storage constraints storage service is correctly wired
00:05 +174 ~1 -1: /Users/jose/src/work/hydracamv2/test/services/uploader_service_test.dart: (setUpAll)
00:05 +175 ~1 -1: /Users/jose/src/work/hydracamv2/test/services/uploader_service_test.dart: (setUpAll)
00:05 +175 ~1 -1: /Users/jose/src/work/hydracamv2/test/services/settings_service_test.dart: stores selected camera name independently from lens preference
Log registered: {message: Updated camera lens preference to ultraWide, timestamp: 2026-06-09 02:48:00.055883, function: null, file: null}
Trace file unavailable: Binding has not yet been initialized.
The "instance" getter on the ServicesBinding binding mixin is only available once that binding has been initialized.
Typically, this is done by calling "WidgetsFlutterBinding.ensureInitialized()" or "runApp()" (the latter calls the former). Typically this call is done in the "void main()" method. The "ensureInitialized" method is idempotent; calling it multiple times is not harmful. After calling that method, the "instance" getter will return the binding.
In a test, one can call "TestWidgetsFlutterBinding.ensureInitialized()" as the first line in the test's "main()" method to initialize the binding.
If ServicesBinding is a custom binding mixin, there must also be a custom binding class, like WidgetsFlutterBinding, but that mixes in the selected binding, and that is the class that must be constructed before using the "instance" getter.
Log registered: {message: Updated selected camera name to iphone-ultra-wide, timestamp: 2026-06-09 02:48:00.069856, function: null, file: null}
00:05 +175 ~1 -1: /Users/jose/src/work/hydracamv2/test/services/uploader_service_test.dart: reset clears stale queue, current upload state, and progress
Log registered: {message: UploaderService: Resetting upload queue and state., timestamp: 2026-06-09 02:48:00.068989, function: null, file: null}
Log registered: {message: UploaderService: Reset completed., timestamp: 2026-06-09 02:48:00.070885, function: null, file: null}
00:05 +176 ~1 -1: /Users/jose/src/work/hydracamv2/test/services/uploader_service_test.dart: reset clears stale queue, current upload state, and progress
Log registered: {message: UploaderService: Resetting upload queue and state., timestamp: 2026-06-09 02:48:00.071491, function: null, file: null}
Log registered: {message: UploaderService: Reset completed., timestamp: 2026-06-09 02:48:00.071656, function: null, file: null}
Log registered: {message: Session started with GUID: uploader-test-guid on device type: Master, timestamp: 2026-06-09 02:48:00.071899, function: null, file: null}
00:05 +176 ~1 -1: /Users/jose/src/work/hydracamv2/test/services/settings_service_test.dart: stores selected camera perspective by canonical id
Log registered: {message: Updated camera perspective to right_backglass_diagonal, timestamp: 2026-06-09 02:48:00.072300, function: null, file: null}
00:05 +177 ~1 -1: /Users/jose/src/work/hydracamv2/test/services/uploader_service_test.dart: reset clears stale queue, current upload state, and progress
00:05 +177 ~1 -1: /Users/jose/src/work/hydracamv2/test/services/settings_service_test.dart: auto-record defaults disabled and can be stored
Log registered: {message: Updated autoRecordMode value to true, timestamp: 2026-06-09 02:48:00.073754, function: null, file: null}
00:05 +178 ~1 -1: /Users/jose/src/work/hydracamv2/test/services/uploader_service_test.dart: reset clears stale queue, current upload state, and progress
00:05 +178 ~1 -1: /Users/jose/src/work/hydracamv2/test/services/settings_service_test.dart: locale override can be stored and cleared
Log registered: {message: Updated locale override to pl, timestamp: 2026-06-09 02:48:00.075365, function: null, file: null}
Log registered: {message: Cleared locale override, timestamp: 2026-06-09 02:48:00.075724, function: null, file: null}
00:05 +179 ~1 -1: /Users/jose/src/work/hydracamv2/test/services/uploader_service_test.dart: reset clears stale queue, current upload state, and progress
Log registered: {message: [UploaderService] No uploaded media with valid durations. Returning zero duration., timestamp: 2026-06-09 02:48:00.076952, function: null, file: null}
Log registered: {message: Media added to upload queue: /var/folders/6s/dp27g8gn26j9mp36sjfxb9tw0000gn/T/hydracam_uploader_test4U9hQA/photo.jpg, timestamp: 2026-06-09 02:48:00.077177, function: null, file: null}
Log registered: {message: Auto-upload is disabled. Media added to queue but not uploaded., timestamp: 2026-06-09 02:48:00.081391, function: null, file: null}
Log registered: {message: UploaderService: Resetting upload queue and state., timestamp: 2026-06-09 02:48:00.083455, function: null, file: null}
Log registered: {message: UploaderService: Reset completed., timestamp: 2026-06-09 02:48:00.083677, function: null, file: null}
Log registered: {message: Session metadata saved to /var/folders/6s/dp27g8gn26j9mp36sjfxb9tw0000gn/T/uploader_service_docsI4sOAH/session_uploader-test-guid/metadata.json, timestamp: 2026-06-09 02:48:00.089372, function: null, file: null}
00:05 +180 ~1 -1: /Users/jose/src/work/hydracamv2/test/services/uploader_service_test.dart: reset clears stale queue, current upload state, and progress
Log registered: {message: UploaderService: Resetting upload queue and state., timestamp: 2026-06-09 02:48:00.089609, function: null, file: null}
Log registered: {message: UploaderService: Reset completed., timestamp: 2026-06-09 02:48:00.089735, function: null, file: null}
Log registered: {message: Session ended and uploader reset., timestamp: 2026-06-09 02:48:00.089928, function: null, file: null}
Log registered: {message: UploaderService: Resetting upload queue and state., timestamp: 2026-06-09 02:48:00.090102, function: null, file: null}
Log registered: {message: UploaderService: Reset completed., timestamp: 2026-06-09 02:48:00.090175, function: null, file: null}
00:05 +181 ~1 -1: /Users/jose/src/work/hydracamv2/test/services/gallery_session_candidate_source_test.dart: (setUpAll)
00:05 +181 ~1 -1: /Users/jose/src/work/hydracamv2/test/services/uploader_service_test.dart: addMediaToQueue can be awaited through settings evaluation
Log registered: {message: UploaderService: Resetting upload queue and state., timestamp: 2026-06-09 02:48:00.091833, function: null, file: null}
Log registered: {message: UploaderService: Reset completed., timestamp: 2026-06-09 02:48:00.091943, function: null, file: null}
Log registered: {message: UploaderService: Resetting upload queue and state., timestamp: 2026-06-09 02:48:00.092193, function: null, file: null}
Log registered: {message: UploaderService: Reset completed., timestamp: 2026-06-09 02:48:00.092254, function: null, file: null}
Log registered: {message: Session started with GUID: uploader-test-guid on device type: Master, timestamp: 2026-06-09 02:48:00.092314, function: null, file: null}
00:05 +181 ~1 -1: /Users/jose/src/work/hydracamv2/test/services/battery_service_test.dart: BatteryService shows warning when battery level is low
00:05 +181 ~1 -1: /Users/jose/src/work/hydracamv2/test/services/uploader_service_test.dart: addMediaToQueue can be awaited through settings evaluation
Log registered: {message: [UploaderService] No uploaded media with valid durations. Returning zero duration., timestamp: 2026-06-09 02:48:00.093064, function: null, file: null}
Log registered: {message: Media added to upload queue: /var/folders/6s/dp27g8gn26j9mp36sjfxb9tw0000gn/T/hydracam_uploader_testd0EPJ9/awaitable-enqueue.jpg, timestamp: 2026-06-09 02:48:00.093191, function: null, file: null}
Log registered: {message: Auto-upload is disabled. Media added to queue but not uploaded., timestamp: 2026-06-09 02:48:00.093374, function: null, file: null}
Log registered: {message: Session metadata saved to /var/folders/6s/dp27g8gn26j9mp36sjfxb9tw0000gn/T/uploader_service_docsI4sOAH/session_uploader-test-guid/metadata.json, timestamp: 2026-06-09 02:48:00.095660, function: null, file: null}
Log registered: {message: UploaderService: Resetting upload queue and state., timestamp: 2026-06-09 02:48:00.095846, function: null, file: null}
Log registered: {message: UploaderService: Reset completed., timestamp: 2026-06-09 02:48:00.095921, function: null, file: null}
Log registered: {message: Session ended and uploader reset., timestamp: 2026-06-09 02:48:00.095982, function: null, file: null}
Log registered: {message: UploaderService: Resetting upload queue and state., timestamp: 2026-06-09 02:48:00.096062, function: null, file: null}
Log registered: {message: UploaderService: Reset completed., timestamp: 2026-06-09 02:48:00.096157, function: null, file: null}
00:05 +182 ~1 -1: /Users/jose/src/work/hydracamv2/test/services/battery_service_test.dart: BatteryService shows warning when battery level is low
00:05 +182 ~1 -1: /Users/jose/src/work/hydracamv2/test/services/uploader_service_test.dart: startUploadingManually can be awaited until the queue drains
Log registered: {message: UploaderService: Resetting upload queue and state., timestamp: 2026-06-09 02:48:00.097687, function: null, file: null}
Log registered: {message: UploaderService: Reset completed., timestamp: 2026-06-09 02:48:00.097779, function: null, file: null}
Log registered: {message: UploaderService: Resetting upload queue and state., timestamp: 2026-06-09 02:48:00.097988, function: null, file: null}
Log registered: {message: UploaderService: Reset completed., timestamp: 2026-06-09 02:48:00.098117, function: null, file: null}
Log registered: {message: Session started with GUID: uploader-test-guid on device type: Master, timestamp: 2026-06-09 02:48:00.098190, function: null, file: null}
Log registered: {message: [UploaderService] No uploaded media with valid durations. Returning zero duration., timestamp: 2026-06-09 02:48:00.099191, function: null, file: null}
Log registered: {message: Media added to upload queue: /var/folders/6s/dp27g8gn26j9mp36sjfxb9tw0000gn/T/hydracam_uploader_testFZoLfg/await-manual-first.jpg, timestamp: 2026-06-09 02:48:00.099337, function: null, file: null}
Log registered: {message: Auto-upload is disabled. Media added to queue but not uploaded., timestamp: 2026-06-09 02:48:00.099669, function: null, file: null}
Log registered: {message: [UploaderService] No uploaded media with valid durations. Returning zero duration., timestamp: 2026-06-09 02:48:00.099932, function: null, file: null}
Log registered: {message: Media added to upload queue: /var/folders/6s/dp27g8gn26j9mp36sjfxb9tw0000gn/T/hydracam_uploader_testFZoLfg/await-manual-second.jpg, timestamp: 2026-06-09 02:48:00.100004, function: null, file: null}
Log registered: {message: Auto-upload is disabled. Media added to queue but not uploaded., timestamp: 2026-06-09 02:48:00.100109, function: null, file: null}
Log registered: {message: Manual upload initiated., timestamp: 2026-06-09 02:48:00.100277, function: null, file: null}
Log registered: {message: UploaderService: _startUploading called. _isUploading=false, queue length=2, timestamp: 2026-06-09 02:48:00.100508, function: null, file: null}
Log registered: {message: UploaderService: _processNextItem called. Queue length=2, timestamp: 2026-06-09 02:48:00.100954, function: null, file: null}
Log registered: {message: UploaderService: sessionGuid=uploader-test-guid, timestamp: 2026-06-09 02:48:00.101157, function: null, file: null}
00:05 +182 ~1 -1: /Users/jose/src/work/hydracamv2/test/services/gallery_session_candidate_source_test.dart: loads active and historical gallery candidate sessions once
Log registered: {message: UploaderService: Resetting upload queue and state., timestamp: 2026-06-09 02:48:00.100131, function: null, file: null}
00:05 +182 ~1 -1: /Users/jose/src/work/hydracamv2/test/services/uploader_service_test.dart: startUploadingManually can be awaited until the queue drains
Log registered: {message: Get token, timestamp: 2026-06-09 02:48:00.102557, function: null, file: null}
00:05 +182 ~1 -1: /Users/jose/src/work/hydracamv2/test/services/gallery_session_candidate_source_test.dart: loads active and historical gallery candidate sessions once
Log registered: {message: UploaderService: Reset completed., timestamp: 2026-06-09 02:48:00.102694, function: null, file: null}
Log registered: {message: Session started with GUID: active-guid on device type: Master, timestamp: 2026-06-09 02:48:00.103025, function: null, file: null}
00:05 +182 ~1 -1: /Users/jose/src/work/hydracamv2/test/services/uploader_service_test.dart: startUploadingManually can be awaited until the queue drains
Log registered: {message: Media uploaded successfully, timestamp: 2026-06-09 02:48:00.116661, function: null, file: null}
Log registered: {message: Media uploaded: /var/folders/6s/dp27g8gn26j9mp36sjfxb9tw0000gn/T/hydracam_uploader_testFZoLfg/await-manual-first.jpg, timestamp: 2026-06-09 02:48:00.117081, function: null, file: null}
Log registered: {message: Session metadata saved to /var/folders/6s/dp27g8gn26j9mp36sjfxb9tw0000gn/T/uploader_service_docsI4sOAH/session_uploader-test-guid/metadata.json, timestamp: 2026-06-09 02:48:00.118225, function: null, file: null}
Log registered: {message: [UploaderService] Total bytes uploaded: 4, timestamp: 2026-06-09 02:48:00.118778, function: null, file: null}
Log registered: {message: [UploaderService] Total upload duration: 0 seconds, timestamp: 2026-06-09 02:48:00.118961, function: null, file: null}
Log registered: {message: [UploaderService] Average speed: 252.74864147605206 bytes/second, timestamp: 2026-06-09 02:48:00.119547, function: null, file: null}
Log registered: {message: [UploaderService] Remaining bytes to upload: 4, timestamp: 2026-06-09 02:48:00.119769, function: null, file: null}
Log registered: {message: [UploaderService] Estimated time: 0.015826 seconds, timestamp: 2026-06-09 02:48:00.119845, function: null, file: null}
Log registered: {message: UploaderService: _processNextItem called. Queue length=1, timestamp: 2026-06-09 02:48:00.119992, function: null, file: null}
Log registered: {message: UploaderService: sessionGuid=uploader-test-guid, timestamp: 2026-06-09 02:48:00.120056, function: null, file: null}
Log registered: {message: Get token, timestamp: 2026-06-09 02:48:00.120347, function: null, file: null}
00:05 +182 ~1 -1: /Users/jose/src/work/hydracamv2/test/services/gallery_session_candidate_source_test.dart: loads active and historical gallery candidate sessions once
Log registered: {message: Generated new Device ID: e74a0ee2-5eba-4212-b854-f73aa763b774, timestamp: 2026-06-09 02:48:00.119608, function: null, file: null}
00:05 +182 ~1 -1: /Users/jose/src/work/hydracamv2/test/services/uploader_service_test.dart: startUploadingManually can be awaited until the queue drains
Log registered: {message: Media uploaded successfully, timestamp: 2026-06-09 02:48:00.122078, function: null, file: null}
00:05 +182 ~1 -1: /Users/jose/src/work/hydracamv2/test/services/gallery_session_candidate_source_test.dart: loads active and historical gallery candidate sessions once
Log registered: {message: Session metadata snapshot loaded for old-guid, timestamp: 2026-06-09 02:48:00.122046, function: null, file: null}
00:05 +182 ~1 -1: /Users/jose/src/work/hydracamv2/test/services/uploader_service_test.dart: startUploadingManually can be awaited until the queue drains
Log registered: {message: Media uploaded: /var/folders/6s/dp27g8gn26j9mp36sjfxb9tw0000gn/T/hydracam_uploader_testFZoLfg/await-manual-second.jpg, timestamp: 2026-06-09 02:48:00.122211, function: null, file: null}
Log registered: {message: Session metadata saved to /var/folders/6s/dp27g8gn26j9mp36sjfxb9tw0000gn/T/uploader_service_docsI4sOAH/session_uploader-test-guid/metadata.json, timestamp: 2026-06-09 02:48:00.123184, function: null, file: null}
00:05 +182 ~1 -1: /Users/jose/src/work/hydracamv2/test/services/gallery_session_candidate_source_test.dart: loads active and historical gallery candidate sessions once
Log registered: {message: Retrieved existing Device ID: e74a0ee2-5eba-4212-b854-f73aa763b774, timestamp: 2026-06-09 02:48:00.123239, function: null, file: null}
Log registered: {message: Session metadata snapshot loaded for active-guid, timestamp: 2026-06-09 02:48:00.123393, function: null, file: null}
00:05 +182 ~1 -1: /Users/jose/src/work/hydracamv2/test/services/uploader_service_test.dart: startUploadingManually can be awaited until the queue drains
Log registered: {message: [UploaderService] Queue is empty. Returning zero duration., timestamp: 2026-06-09 02:48:00.123391, function: null, file: null}
Log registered: {message: UploaderService: _processNextItem called. Queue length=0, timestamp: 2026-06-09 02:48:00.123559, function: null, file: null}
Log registered: {message: UploaderService: Queue is empty. Uploading stopped., timestamp: 2026-06-09 02:48:00.123698, function: null, file: null}
Log registered: {message: Session metadata saved to /var/folders/6s/dp27g8gn26j9mp36sjfxb9tw0000gn/T/uploader_service_docsI4sOAH/session_uploader-test-guid/metadata.json, timestamp: 2026-06-09 02:48:00.124936, function: null, file: null}
Log registered: {message: UploaderService: Resetting upload queue and state., timestamp: 2026-06-09 02:48:00.125100, function: null, file: null}
Log registered: {message: UploaderService: Reset completed., timestamp: 2026-06-09 02:48:00.125170, function: null, file: null}
Log registered: {message: Session ended and uploader reset., timestamp: 2026-06-09 02:48:00.125236, function: null, file: null}
Log registered: {message: UploaderService: Resetting upload queue and state., timestamp: 2026-06-09 02:48:00.125330, function: null, file: null}
Log registered: {message: UploaderService: Reset completed., timestamp: 2026-06-09 02:48:00.125426, function: null, file: null}
00:05 +183 ~1 -1: /Users/jose/src/work/hydracamv2/test/services/battery_service_test.dart: BatteryService shows warning when battery level is low
00:05 +183 ~1 -1: /Users/jose/src/work/hydracamv2/test/services/uploader_service_test.dart: addMediaToQueue refuses media when session is not backend-created
Log registered: {message: UploaderService: Resetting upload queue and state., timestamp: 2026-06-09 02:48:00.127256, function: null, file: null}
Log registered: {message: UploaderService: Reset completed., timestamp: 2026-06-09 02:48:00.127352, function: null, file: null}
Log registered: {message: UploaderService: Resetting upload queue and state., timestamp: 2026-06-09 02:48:00.127553, function: null, file: null}
Log registered: {message: UploaderService: Reset completed., timestamp: 2026-06-09 02:48:00.127611, function: null, file: null}
Log registered: {message: Session started with GUID: uploader-test-guid on device type: Master, timestamp: 2026-06-09 02:48:00.127672, function: null, file: null}
00:05 +183 ~1 -1: /Users/jose/src/work/hydracamv2/test/services/gallery_session_candidate_source_test.dart: loads active and historical gallery candidate sessions once
Log registered: {message: Session metadata saved to /var/folders/6s/dp27g8gn26j9mp36sjfxb9tw0000gn/T/gallery_session_candidate_source_docsvkOQhB/session_active-guid/metadata.json, timestamp: 2026-06-09 02:48:00.128734, function: null, file: null}
00:05 +183 ~1 -1: /Users/jose/src/work/hydracamv2/test/services/uploader_service_test.dart: addMediaToQueue refuses media when session is not backend-created
Log registered: {message: Session metadata saved to /var/folders/6s/dp27g8gn26j9mp36sjfxb9tw0000gn/T/uploader_service_docsI4sOAH/session_uploader-test-guid/metadata.json, timestamp: 2026-06-09 02:48:00.128970, function: null, file: null}
Log registered: {message: UploaderService: Resetting upload queue and state., timestamp: 2026-06-09 02:48:00.129075, function: null, file: null}
00:05 +183 ~1 -1: /Users/jose/src/work/hydracamv2/test/services/gallery_session_candidate_source_test.dart: loads active and historical gallery candidate sessions once
Log registered: {message: UploaderService: Resetting upload queue and state., timestamp: 2026-06-09 02:48:00.128979, function: null, file: null}
Log registered: {message: UploaderService: Reset completed., timestamp: 2026-06-09 02:48:00.129137, function: null, file: null}
00:05 +183 ~1 -1: /Users/jose/src/work/hydracamv2/test/services/uploader_service_test.dart: addMediaToQueue refuses media when session is not backend-created
Log registered: {message: UploaderService: Reset completed., timestamp: 2026-06-09 02:48:00.129126, function: null, file: null}
Log registered: {message: Session ended and uploader reset., timestamp: 2026-06-09 02:48:00.129173, function: null, file: null}
00:05 +183 ~1 -1: /Users/jose/src/work/hydracamv2/test/services/gallery_session_candidate_source_test.dart: loads active and historical gallery candidate sessions once
Log registered: {message: Session ended and uploader reset., timestamp: 2026-06-09 02:48:00.129211, function: null, file: null}
00:05 +183 ~1 -1: /Users/jose/src/work/hydracamv2/test/services/uploader_service_test.dart: addMediaToQueue refuses media when session is not backend-created
Log registered: {message: UploaderService: Resetting upload queue and state., timestamp: 2026-06-09 02:48:00.129227, function: null, file: null}
Log registered: {message: UploaderService: Reset completed., timestamp: 2026-06-09 02:48:00.129312, function: null, file: null}
00:05 +184 ~1 -1: /Users/jose/src/work/hydracamv2/test/services/battery_service_test.dart: BatteryService shows warning when battery level is low
00:05 +184 ~1 -1: /Users/jose/src/work/hydracamv2/test/services/uploader_service_test.dart: addMediaToQueue refuses media when session is not backend-created
Log registered: {message: Session started with GUID: diagnostic-session-guid on device type: Master, timestamp: 2026-06-09 02:48:00.129431, function: null, file: null}
Log registered: {message: Upload blocked: session is not backend-created; create the session through the webservice before capture., timestamp: 2026-06-09 02:48:00.129813, function: null, file: null}
Log registered: {message: Session metadata saved to /var/folders/6s/dp27g8gn26j9mp36sjfxb9tw0000gn/T/uploader_service_docsI4sOAH/session_diagnostic-session-guid/metadata.json, timestamp: 2026-06-09 02:48:00.130778, function: null, file: null}
00:05 +184 ~1 -1: /Users/jose/src/work/hydracamv2/test/services/battery_service_test.dart: BatteryService shows warning when battery level is low
00:05 +184 ~1 -1: /Users/jose/src/work/hydracamv2/test/services/uploader_service_test.dart: addMediaToQueue refuses media when session is not backend-created
Log registered: {message: Session metadata saved to /var/folders/6s/dp27g8gn26j9mp36sjfxb9tw0000gn/T/uploader_service_docsI4sOAH/session_diagnostic-session-guid/metadata.json, timestamp: 2026-06-09 02:48:00.131897, function: null, file: null}
Log registered: {message: UploaderService: Resetting upload queue and state., timestamp: 2026-06-09 02:48:00.132017, function: null, file: null}
Log registered: {message: UploaderService: Reset completed., timestamp: 2026-06-09 02:48:00.132095, function: null, file: null}
Log registered: {message: Session ended and uploader reset., timestamp: 2026-06-09 02:48:00.132241, function: null, file: null}
Log registered: {message: UploaderService: Resetting upload queue and state., timestamp: 2026-06-09 02:48:00.132397, function: null, file: null}
Log registered: {message: UploaderService: Reset completed., timestamp: 2026-06-09 02:48:00.132508, function: null, file: null}
00:05 +185 ~1 -1: /Users/jose/src/work/hydracamv2/test/services/battery_service_test.dart: BatteryService shows warning when battery level is low
00:05 +185 ~1 -1: /Users/jose/src/work/hydracamv2/test/services/uploader_service_test.dart: cancelQueuedMedia removes a pending item without touching others
Log registered: {message: UploaderService: Resetting upload queue and state., timestamp: 2026-06-09 02:48:00.137731, function: null, file: null}
Log registered: {message: UploaderService: Reset completed., timestamp: 2026-06-09 02:48:00.137817, function: null, file: null}
Log registered: {message: UploaderService: Resetting upload queue and state., timestamp: 2026-06-09 02:48:00.137984, function: null, file: null}
Log registered: {message: UploaderService: Reset completed., timestamp: 2026-06-09 02:48:00.138035, function: null, file: null}
Log registered: {message: Session started with GUID: uploader-test-guid on device type: Master, timestamp: 2026-06-09 02:48:00.138507, function: null, file: null}
Log registered: {message: [UploaderService] No uploaded media with valid durations. Returning zero duration., timestamp: 2026-06-09 02:48:00.139296, function: null, file: null}
Log registered: {message: Media added to upload queue: /var/folders/6s/dp27g8gn26j9mp36sjfxb9tw0000gn/T/hydracam_uploader_testHEfZvc/first.jpg, timestamp: 2026-06-09 02:48:00.139458, function: null, file: null}
Log registered: {message: Auto-upload is disabled. Media added to queue but not uploaded., timestamp: 2026-06-09 02:48:00.139664, function: null, file: null}
Log registered: {message: [UploaderService] No uploaded media with valid durations. Returning zero duration., timestamp: 2026-06-09 02:48:00.139733, function: null, file: null}
Log registered: {message: Media added to upload queue: /var/folders/6s/dp27g8gn26j9mp36sjfxb9tw0000gn/T/hydracam_uploader_testHEfZvc/second.jpg, timestamp: 2026-06-09 02:48:00.139892, function: null, file: null}
Log registered: {message: Auto-upload is disabled. Media added to queue but not uploaded., timestamp: 2026-06-09 02:48:00.140096, function: null, file: null}
Log registered: {message: [UploaderService] No uploaded media with valid durations. Returning zero duration., timestamp: 2026-06-09 02:48:00.140500, function: null, file: null}
Log registered: {message: Cancelled pending upload: /var/folders/6s/dp27g8gn26j9mp36sjfxb9tw0000gn/T/hydracam_uploader_testHEfZvc/first.jpg, timestamp: 2026-06-09 02:48:00.140612, function: null, file: null}
Log registered: {message: No pending queued media to cancel: /var/folders/6s/dp27g8gn26j9mp36sjfxb9tw0000gn/T/hydracam_uploader_testHEfZvc/first.jpg, timestamp: 2026-06-09 02:48:00.140701, function: null, file: null}
Log registered: {message: Session metadata saved to /var/folders/6s/dp27g8gn26j9mp36sjfxb9tw0000gn/T/uploader_service_docsI4sOAH/session_uploader-test-guid/metadata.json, timestamp: 2026-06-09 02:48:00.141825, function: null, file: null}
Log registered: {message: UploaderService: Resetting upload queue and state., timestamp: 2026-06-09 02:48:00.141953, function: null, file: null}
Log registered: {message: UploaderService: Reset completed., timestamp: 2026-06-09 02:48:00.142024, function: null, file: null}
Log registered: {message: Session ended and uploader reset., timestamp: 2026-06-09 02:48:00.142075, function: null, file: null}
Log registered: {message: UploaderService: Resetting upload queue and state., timestamp: 2026-06-09 02:48:00.142178, function: null, file: null}
Log registered: {message: UploaderService: Reset completed., timestamp: 2026-06-09 02:48:00.142241, function: null, file: null}
00:05 +186 ~1 -1: /Users/jose/src/work/hydracamv2/test/services/battery_service_test.dart: BatteryService shows warning when battery level is low
00:05 +186 ~1 -1: /Users/jose/src/work/hydracamv2/test/services/uploader_service_test.dart: addMediaToQueue ignores retry for media already uploading
Log registered: {message: UploaderService: Resetting upload queue and state., timestamp: 2026-06-09 02:48:00.145806, function: null, file: null}
Log registered: {message: UploaderService: Reset completed., timestamp: 2026-06-09 02:48:00.145906, function: null, file: null}
Log registered: {message: UploaderService: Resetting upload queue and state., timestamp: 2026-06-09 02:48:00.146132, function: null, file: null}
Log registered: {message: UploaderService: Reset completed., timestamp: 2026-06-09 02:48:00.146184, function: null, file: null}
Log registered: {message: Session started with GUID: uploader-test-guid on device type: Master, timestamp: 2026-06-09 02:48:00.146231, function: null, file: null}
Log registered: {message: Media already uploading: /var/folders/6s/dp27g8gn26j9mp36sjfxb9tw0000gn/T/hydracam_uploader_testMZEeQU/currently-uploading.jpg, timestamp: 2026-06-09 02:48:00.146656, function: null, file: null}
Log registered: {message: Session metadata saved to /var/folders/6s/dp27g8gn26j9mp36sjfxb9tw0000gn/T/uploader_service_docsI4sOAH/session_uploader-test-guid/metadata.json, timestamp: 2026-06-09 02:48:00.147646, function: null, file: null}
Log registered: {message: UploaderService: Resetting upload queue and state., timestamp: 2026-06-09 02:48:00.147751, function: null, file: null}
Log registered: {message: UploaderService: Reset completed., timestamp: 2026-06-09 02:48:00.147807, function: null, file: null}
Log registered: {message: Session ended and uploader reset., timestamp: 2026-06-09 02:48:00.147854, function: null, file: null}
Log registered: {message: UploaderService: Resetting upload queue and state., timestamp: 2026-06-09 02:48:00.147906, function: null, file: null}
Log registered: {message: UploaderService: Reset completed., timestamp: 2026-06-09 02:48:00.147948, function: null, file: null}
00:05 +187 ~1 -1: /Users/jose/src/work/hydracamv2/test/services/battery_service_test.dart: BatteryService shows warning when battery level is low
00:05 +187 ~1 -1: /Users/jose/src/work/hydracamv2/test/services/uploader_service_test.dart: estimateTotalTimeRemaining uses completed upload samples
Log registered: {message: UploaderService: Resetting upload queue and state., timestamp: 2026-06-09 02:48:00.149444, function: null, file: null}
Log registered: {message: UploaderService: Reset completed., timestamp: 2026-06-09 02:48:00.149541, function: null, file: null}
Log registered: {message: UploaderService: Resetting upload queue and state., timestamp: 2026-06-09 02:48:00.149718, function: null, file: null}
Log registered: {message: UploaderService: Reset completed., timestamp: 2026-06-09 02:48:00.149775, function: null, file: null}
Log registered: {message: Session started with GUID: uploader-test-guid on device type: Master, timestamp: 2026-06-09 02:48:00.150332, function: null, file: null}
Log registered: {message: UploaderService: Resetting upload queue and state., timestamp: 2026-06-09 02:48:00.151066, function: null, file: null}
Log registered: {message: UploaderService: Reset completed., timestamp: 2026-06-09 02:48:00.151158, function: null, file: null}
Log registered: {message: Session started with GUID: estimate-session-guid on device type: Master, timestamp: 2026-06-09 02:48:00.151237, function: null, file: null}
Log registered: {message: [UploaderService] No uploaded media with valid durations. Returning zero duration., timestamp: 2026-06-09 02:48:00.151696, function: null, file: null}
Log registered: {message: Media added to upload queue: /var/folders/6s/dp27g8gn26j9mp36sjfxb9tw0000gn/T/hydracam_uploader_testf8aDxs/completed-estimate.jpg, timestamp: 2026-06-09 02:48:00.151764, function: null, file: null}
Log registered: {message: Auto-upload is disabled. Media added to queue but not uploaded., timestamp: 2026-06-09 02:48:00.151926, function: null, file: null}
Log registered: {message: Manual upload initiated., timestamp: 2026-06-09 02:48:00.151979, function: null, file: null}
Log registered: {message: UploaderService: _startUploading called. _isUploading=false, queue length=1, timestamp: 2026-06-09 02:48:00.152064, function: null, file: null}
Log registered: {message: UploaderService: _processNextItem called. Queue length=1, timestamp: 2026-06-09 02:48:00.152460, function: null, file: null}
Log registered: {message: UploaderService: sessionGuid=estimate-session-guid, timestamp: 2026-06-09 02:48:00.152609, function: null, file: null}
Log registered: {message: Get token, timestamp: 2026-06-09 02:48:00.153011, function: null, file: null}
Log registered: {message: Media uploaded successfully, timestamp: 2026-06-09 02:48:00.155089, function: null, file: null}
Log registered: {message: Media uploaded: /var/folders/6s/dp27g8gn26j9mp36sjfxb9tw0000gn/T/hydracam_uploader_testf8aDxs/completed-estimate.jpg, timestamp: 2026-06-09 02:48:00.155239, function: null, file: null}
Log registered: {message: Session metadata saved to /var/folders/6s/dp27g8gn26j9mp36sjfxb9tw0000gn/T/uploader_service_docsI4sOAH/session_estimate-session-guid/metadata.json, timestamp: 2026-06-09 02:48:00.156325, function: null, file: null}
Log registered: {message: [UploaderService] Queue is empty. Returning zero duration., timestamp: 2026-06-09 02:48:00.156559, function: null, file: null}
Log registered: {message: UploaderService: _processNextItem called. Queue length=0, timestamp: 2026-06-09 02:48:00.156664, function: null, file: null}
Log registered: {message: UploaderService: Queue is empty. Uploading stopped., timestamp: 2026-06-09 02:48:00.156729, function: null, file: null}
Log registered: {message: [UploaderService] Total bytes uploaded: 100, timestamp: 2026-06-09 02:48:00.156818, function: null, file: null}
Log registered: {message: [UploaderService] Total upload duration: 5 seconds, timestamp: 2026-06-09 02:48:00.156873, function: null, file: null}
Log registered: {message: [UploaderService] Average speed: 20.0 bytes/second, timestamp: 2026-06-09 02:48:00.156927, function: null, file: null}
Log registered: {message: [UploaderService] Remaining bytes to upload: 200, timestamp: 2026-06-09 02:48:00.156984, function: null, file: null}
Log registered: {message: [UploaderService] Estimated time: 10.0 seconds, timestamp: 2026-06-09 02:48:00.157034, function: null, file: null}
Log registered: {message: Media added to upload queue: /var/folders/6s/dp27g8gn26j9mp36sjfxb9tw0000gn/T/hydracam_uploader_testf8aDxs/pending-estimate.jpg, timestamp: 2026-06-09 02:48:00.157124, function: null, file: null}
Log registered: {message: Auto-upload is disabled. Media added to queue but not uploaded., timestamp: 2026-06-09 02:48:00.157223, function: null, file: null}
Log registered: {message: [UploaderService] Total bytes uploaded: 100, timestamp: 2026-06-09 02:48:00.157303, function: null, file: null}
Log registered: {message: [UploaderService] Total upload duration: 5 seconds, timestamp: 2026-06-09 02:48:00.157350, function: null, file: null}
Log registered: {message: [UploaderService] Average speed: 20.0 bytes/second, timestamp: 2026-06-09 02:48:00.157401, function: null, file: null}
Log registered: {message: [UploaderService] Remaining bytes to upload: 200, timestamp: 2026-06-09 02:48:00.157440, function: null, file: null}
Log registered: {message: [UploaderService] Estimated time: 10.0 seconds, timestamp: 2026-06-09 02:48:00.157532, function: null, file: null}
Log registered: {message: Session metadata saved to /var/folders/6s/dp27g8gn26j9mp36sjfxb9tw0000gn/T/uploader_service_docsI4sOAH/session_estimate-session-guid/metadata.json, timestamp: 2026-06-09 02:48:00.158592, function: null, file: null}
Log registered: {message: UploaderService: Resetting upload queue and state., timestamp: 2026-06-09 02:48:00.158788, function: null, file: null}
Log registered: {message: UploaderService: Reset completed., timestamp: 2026-06-09 02:48:00.158871, function: null, file: null}
Log registered: {message: Session ended and uploader reset., timestamp: 2026-06-09 02:48:00.158919, function: null, file: null}
Log registered: {message: UploaderService: Resetting upload queue and state., timestamp: 2026-06-09 02:48:00.158973, function: null, file: null}
Log registered: {message: UploaderService: Reset completed., timestamp: 2026-06-09 02:48:00.159012, function: null, file: null}
00:05 +188 ~1 -1: /Users/jose/src/work/hydracamv2/test/services/battery_service_test.dart: BatteryService shows warning when battery level is low
00:05 +188 ~1 -1: /Users/jose/src/work/hydracamv2/test/services/uploader_service_test.dart: estimateTotalTimeRemaining keeps sub-second upload samples
Log registered: {message: UploaderService: Resetting upload queue and state., timestamp: 2026-06-09 02:48:00.160222, function: null, file: null}
Log registered: {message: UploaderService: Reset completed., timestamp: 2026-06-09 02:48:00.160295, function: null, file: null}
Log registered: {message: UploaderService: Resetting upload queue and state., timestamp: 2026-06-09 02:48:00.160480, function: null, file: null}
Log registered: {message: UploaderService: Reset completed., timestamp: 2026-06-09 02:48:00.160539, function: null, file: null}
Log registered: {message: Session started with GUID: uploader-test-guid on device type: Master, timestamp: 2026-06-09 02:48:00.160584, function: null, file: null}
Log registered: {message: UploaderService: Resetting upload queue and state., timestamp: 2026-06-09 02:48:00.161120, function: null, file: null}
Log registered: {message: UploaderService: Reset completed., timestamp: 2026-06-09 02:48:00.161342, function: null, file: null}
Log registered: {message: Session started with GUID: subsecond-estimate-guid on device type: Master, timestamp: 2026-06-09 02:48:00.161435, function: null, file: null}
Log registered: {message: [UploaderService] No uploaded media with valid durations. Returning zero duration., timestamp: 2026-06-09 02:48:00.161932, function: null, file: null}
Log registered: {message: Media added to upload queue: /var/folders/6s/dp27g8gn26j9mp36sjfxb9tw0000gn/T/hydracam_uploader_testOStmn8/subsecond-completed.jpg, timestamp: 2026-06-09 02:48:00.162011, function: null, file: null}
Log registered: {message: Auto-upload is disabled. Media added to queue but not uploaded., timestamp: 2026-06-09 02:48:00.162166, function: null, file: null}
Log registered: {message: Manual upload initiated., timestamp: 2026-06-09 02:48:00.162225, function: null, file: null}
Log registered: {message: UploaderService: _startUploading called. _isUploading=false, queue length=1, timestamp: 2026-06-09 02:48:00.162367, function: null, file: null}
Log registered: {message: UploaderService: _processNextItem called. Queue length=1, timestamp: 2026-06-09 02:48:00.162485, function: null, file: null}
Log registered: {message: UploaderService: sessionGuid=subsecond-estimate-guid, timestamp: 2026-06-09 02:48:00.162582, function: null, file: null}
Log registered: {message: Get token, timestamp: 2026-06-09 02:48:00.162885, function: null, file: null}
Log registered: {message: Media uploaded successfully, timestamp: 2026-06-09 02:48:00.164482, function: null, file: null}
Log registered: {message: Media uploaded: /var/folders/6s/dp27g8gn26j9mp36sjfxb9tw0000gn/T/hydracam_uploader_testOStmn8/subsecond-completed.jpg, timestamp: 2026-06-09 02:48:00.164580, function: null, file: null}
Log registered: {message: Session metadata saved to /var/folders/6s/dp27g8gn26j9mp36sjfxb9tw0000gn/T/uploader_service_docsI4sOAH/session_subsecond-estimate-guid/metadata.json, timestamp: 2026-06-09 02:48:00.165474, function: null, file: null}
Log registered: {message: [UploaderService] Queue is empty. Returning zero duration., timestamp: 2026-06-09 02:48:00.165607, function: null, file: null}
Log registered: {message: UploaderService: _processNextItem called. Queue length=0, timestamp: 2026-06-09 02:48:00.165664, function: null, file: null}
Log registered: {message: UploaderService: Queue is empty. Uploading stopped., timestamp: 2026-06-09 02:48:00.165707, function: null, file: null}
Log registered: {message: [UploaderService] Total bytes uploaded: 100, timestamp: 2026-06-09 02:48:00.165776, function: null, file: null}
Log registered: {message: [UploaderService] Total upload duration: 0 seconds, timestamp: 2026-06-09 02:48:00.165819, function: null, file: null}
Log registered: {message: [UploaderService] Average speed: 200.0 bytes/second, timestamp: 2026-06-09 02:48:00.165862, function: null, file: null}
Log registered: {message: [UploaderService] Remaining bytes to upload: 200, timestamp: 2026-06-09 02:48:00.165902, function: null, file: null}
Log registered: {message: [UploaderService] Estimated time: 1.0 seconds, timestamp: 2026-06-09 02:48:00.165939, function: null, file: null}
Log registered: {message: Media added to upload queue: /var/folders/6s/dp27g8gn26j9mp36sjfxb9tw0000gn/T/hydracam_uploader_testOStmn8/subsecond-pending.jpg, timestamp: 2026-06-09 02:48:00.165978, function: null, file: null}
Log registered: {message: Auto-upload is disabled. Media added to queue but not uploaded., timestamp: 2026-06-09 02:48:00.166038, function: null, file: null}
Log registered: {message: [UploaderService] Total bytes uploaded: 100, timestamp: 2026-06-09 02:48:00.166081, function: null, file: null}
Log registered: {message: [UploaderService] Total upload duration: 0 seconds, timestamp: 2026-06-09 02:48:00.166126, function: null, file: null}
Log registered: {message: [UploaderService] Average speed: 200.0 bytes/second, timestamp: 2026-06-09 02:48:00.166162, function: null, file: null}
Log registered: {message: [UploaderService] Remaining bytes to upload: 200, timestamp: 2026-06-09 02:48:00.166198, function: null, file: null}
Log registered: {message: [UploaderService] Estimated time: 1.0 seconds, timestamp: 2026-06-09 02:48:00.166232, function: null, file: null}
Log registered: {message: Session metadata saved to /var/folders/6s/dp27g8gn26j9mp36sjfxb9tw0000gn/T/uploader_service_docsI4sOAH/session_subsecond-estimate-guid/metadata.json, timestamp: 2026-06-09 02:48:00.167287, function: null, file: null}
Log registered: {message: UploaderService: Resetting upload queue and state., timestamp: 2026-06-09 02:48:00.167365, function: null, file: null}
Log registered: {message: UploaderService: Reset completed., timestamp: 2026-06-09 02:48:00.167410, function: null, file: null}
Log registered: {message: Session ended and uploader reset., timestamp: 2026-06-09 02:48:00.167448, function: null, file: null}
Log registered: {message: UploaderService: Resetting upload queue and state., timestamp: 2026-06-09 02:48:00.167488, function: null, file: null}
Log registered: {message: UploaderService: Reset completed., timestamp: 2026-06-09 02:48:00.167522, function: null, file: null}
00:05 +189 ~1 -1: /Users/jose/src/work/hydracamv2/test/services/battery_service_test.dart: BatteryService shows warning when battery level is low
00:05 +189 ~1 -1: /Users/jose/src/work/hydracamv2/test/services/uploader_service_test.dart: reset ignores stale in-flight upload completion
Log registered: {message: UploaderService: Resetting upload queue and state., timestamp: 2026-06-09 02:48:00.168677, function: null, file: null}
Log registered: {message: UploaderService: Reset completed., timestamp: 2026-06-09 02:48:00.168728, function: null, file: null}
Log registered: {message: UploaderService: Resetting upload queue and state., timestamp: 2026-06-09 02:48:00.168884, function: null, file: null}
Log registered: {message: UploaderService: Reset completed., timestamp: 2026-06-09 02:48:00.168927, function: null, file: null}
Log registered: {message: Session started with GUID: uploader-test-guid on device type: Master, timestamp: 2026-06-09 02:48:00.168972, function: null, file: null}
Log registered: {message: UploaderService: Resetting upload queue and state., timestamp: 2026-06-09 02:48:00.169296, function: null, file: null}
Log registered: {message: UploaderService: Reset completed., timestamp: 2026-06-09 02:48:00.169347, function: null, file: null}
Log registered: {message: Session started with GUID: old-session-guid on device type: Master, timestamp: 2026-06-09 02:48:00.169387, function: null, file: null}
Log registered: {message: [UploaderService] No uploaded media with valid durations. Returning zero duration., timestamp: 2026-06-09 02:48:00.169616, function: null, file: null}
Log registered: {message: Media added to upload queue: /var/folders/6s/dp27g8gn26j9mp36sjfxb9tw0000gn/T/hydracam_uploader_test47HnqZ/inflight.jpg, timestamp: 2026-06-09 02:48:00.169658, function: null, file: null}
Log registered: {message: Auto-upload is disabled. Media added to queue but not uploaded., timestamp: 2026-06-09 02:48:00.169777, function: null, file: null}
Log registered: {message: Manual upload initiated., timestamp: 2026-06-09 02:48:00.169822, function: null, file: null}
Log registered: {message: UploaderService: _startUploading called. _isUploading=false, queue length=1, timestamp: 2026-06-09 02:48:00.169861, function: null, file: null}
Log registered: {message: UploaderService: _processNextItem called. Queue length=1, timestamp: 2026-06-09 02:48:00.169898, function: null, file: null}
Log registered: {message: UploaderService: sessionGuid=old-session-guid, timestamp: 2026-06-09 02:48:00.169937, function: null, file: null}
Log registered: {message: Get token, timestamp: 2026-06-09 02:48:00.170535, function: null, file: null}
Log registered: {message: UploaderService: Resetting upload queue and state., timestamp: 2026-06-09 02:48:00.171022, function: null, file: null}
Log registered: {message: UploaderService: Reset completed., timestamp: 2026-06-09 02:48:00.171080, function: null, file: null}
Log registered: {message: UploaderService: Resetting upload queue and state., timestamp: 2026-06-09 02:48:00.171222, function: null, file: null}
Log registered: {message: UploaderService: Reset completed., timestamp: 2026-06-09 02:48:00.171274, function: null, file: null}
Log registered: {message: Session started with GUID: new-session-guid on device type: Master, timestamp: 2026-06-09 02:48:00.171339, function: null, file: null}
Log registered: {message: Media uploaded successfully, timestamp: 2026-06-09 02:48:00.172603, function: null, file: null}
Log registered: {message: Ignoring stale upload completion after uploader reset or cancellation: /var/folders/6s/dp27g8gn26j9mp36sjfxb9tw0000gn/T/hydracam_uploader_test47HnqZ/inflight.jpg, timestamp: 2026-06-09 02:48:00.172717, function: null, file: null}
Log registered: {message: Session metadata saved to /var/folders/6s/dp27g8gn26j9mp36sjfxb9tw0000gn/T/uploader_service_docsI4sOAH/session_new-session-guid/metadata.json, timestamp: 2026-06-09 02:48:00.174192, function: null, file: null}
Log registered: {message: UploaderService: Resetting upload queue and state., timestamp: 2026-06-09 02:48:00.174327, function: null, file: null}
Log registered: {message: UploaderService: Reset completed., timestamp: 2026-06-09 02:48:00.174381, function: null, file: null}
Log registered: {message: Session ended and uploader reset., timestamp: 2026-06-09 02:48:00.174442, function: null, file: null}
Log registered: {message: UploaderService: Resetting upload queue and state., timestamp: 2026-06-09 02:48:00.174483, function: null, file: null}
Log registered: {message: UploaderService: Reset completed., timestamp: 2026-06-09 02:48:00.174519, function: null, file: null}
00:05 +190 ~1 -1: /Users/jose/src/work/hydracamv2/test/services/battery_service_test.dart: BatteryService shows warning when battery level is low
00:05 +190 ~1 -1: /Users/jose/src/work/hydracamv2/test/services/uploader_service_test.dart: cancelCurrentUpload clears active upload and ignores late completion
Log registered: {message: UploaderService: Resetting upload queue and state., timestamp: 2026-06-09 02:48:00.175813, function: null, file: null}
Log registered: {message: UploaderService: Reset completed., timestamp: 2026-06-09 02:48:00.175875, function: null, file: null}
Log registered: {message: UploaderService: Resetting upload queue and state., timestamp: 2026-06-09 02:48:00.176039, function: null, file: null}
Log registered: {message: UploaderService: Reset completed., timestamp: 2026-06-09 02:48:00.176082, function: null, file: null}
Log registered: {message: Session started with GUID: uploader-test-guid on device type: Master, timestamp: 2026-06-09 02:48:00.176120, function: null, file: null}
Log registered: {message: UploaderService: Resetting upload queue and state., timestamp: 2026-06-09 02:48:00.176455, function: null, file: null}
Log registered: {message: UploaderService: Reset completed., timestamp: 2026-06-09 02:48:00.176513, function: null, file: null}
Log registered: {message: Session started with GUID: cancel-session-guid on device type: Master, timestamp: 2026-06-09 02:48:00.176565, function: null, file: null}
Log registered: {message: [UploaderService] No uploaded media with valid durations. Returning zero duration., timestamp: 2026-06-09 02:48:00.176801, function: null, file: null}
Log registered: {message: Media added to upload queue: /var/folders/6s/dp27g8gn26j9mp36sjfxb9tw0000gn/T/hydracam_uploader_testnfIceq/cancel-inflight.jpg, timestamp: 2026-06-09 02:48:00.176849, function: null, file: null}
Log registered: {message: Auto-upload is disabled. Media added to queue but not uploaded., timestamp: 2026-06-09 02:48:00.176992, function: null, file: null}
Log registered: {message: Manual upload initiated., timestamp: 2026-06-09 02:48:00.177051, function: null, file: null}
Log registered: {message: UploaderService: _startUploading called. _isUploading=false, queue length=1, timestamp: 2026-06-09 02:48:00.177098, function: null, file: null}
Log registered: {message: UploaderService: _processNextItem called. Queue length=1, timestamp: 2026-06-09 02:48:00.177147, function: null, file: null}
Log registered: {message: UploaderService: sessionGuid=cancel-session-guid, timestamp: 2026-06-09 02:48:00.177195, function: null, file: null}
Log registered: {message: Get token, timestamp: 2026-06-09 02:48:00.177815, function: null, file: null}
Log registered: {message: Cancelled in-flight API requests., timestamp: 2026-06-09 02:48:00.178374, function: null, file: null}
Log registered: {message: [UploaderService] Queue is empty. Returning zero duration., timestamp: 2026-06-09 02:48:00.178451, function: null, file: null}
Log registered: {message: Cancelled active upload: /var/folders/6s/dp27g8gn26j9mp36sjfxb9tw0000gn/T/hydracam_uploader_testnfIceq/cancel-inflight.jpg, timestamp: 2026-06-09 02:48:00.178506, function: null, file: null}
Log registered: {message: Media uploaded successfully, timestamp: 2026-06-09 02:48:00.179878, function: null, file: null}
Log registered: {message: Ignoring stale upload completion after uploader reset or cancellation: /var/folders/6s/dp27g8gn26j9mp36sjfxb9tw0000gn/T/hydracam_uploader_testnfIceq/cancel-inflight.jpg, timestamp: 2026-06-09 02:48:00.179952, function: null, file: null}
Log registered: {message: Session metadata saved to /var/folders/6s/dp27g8gn26j9mp36sjfxb9tw0000gn/T/uploader_service_docsI4sOAH/session_cancel-session-guid/metadata.json, timestamp: 2026-06-09 02:48:00.181064, function: null, file: null}
Log registered: {message: UploaderService: Resetting upload queue and state., timestamp: 2026-06-09 02:48:00.181188, function: null, file: null}
Log registered: {message: UploaderService: Reset completed., timestamp: 2026-06-09 02:48:00.181272, function: null, file: null}
Log registered: {message: Session ended and uploader reset., timestamp: 2026-06-09 02:48:00.181318, function: null, file: null}
Log registered: {message: UploaderService: Resetting upload queue and state., timestamp: 2026-06-09 02:48:00.181363, function: null, file: null}
Log registered: {message: UploaderService: Reset completed., timestamp: 2026-06-09 02:48:00.181403, function: null, file: null}
00:05 +191 ~1 -1: /Users/jose/src/work/hydracamv2/test/services/battery_service_test.dart: BatteryService shows warning when battery level is low
00:05 +191 ~1 -1: /Users/jose/src/work/hydracamv2/test/services/uploader_service_test.dart: cancelCurrentUpload closes the active HTTP client
Log registered: {message: UploaderService: Resetting upload queue and state., timestamp: 2026-06-09 02:48:00.182809, function: null, file: null}
Log registered: {message: UploaderService: Reset completed., timestamp: 2026-06-09 02:48:00.182867, function: null, file: null}
Log registered: {message: UploaderService: Resetting upload queue and state., timestamp: 2026-06-09 02:48:00.183021, function: null, file: null}
Log registered: {message: UploaderService: Reset completed., timestamp: 2026-06-09 02:48:00.183067, function: null, file: null}
Log registered: {message: Session started with GUID: uploader-test-guid on device type: Master, timestamp: 2026-06-09 02:48:00.183106, function: null, file: null}
Log registered: {message: UploaderService: Resetting upload queue and state., timestamp: 2026-06-09 02:48:00.183448, function: null, file: null}
Log registered: {message: UploaderService: Reset completed., timestamp: 2026-06-09 02:48:00.183501, function: null, file: null}
Log registered: {message: Session started with GUID: cancel-http-session-guid on device type: Master, timestamp: 2026-06-09 02:48:00.183541, function: null, file: null}
Log registered: {message: [UploaderService] No uploaded media with valid durations. Returning zero duration., timestamp: 2026-06-09 02:48:00.183843, function: null, file: null}
Log registered: {message: Media added to upload queue: /var/folders/6s/dp27g8gn26j9mp36sjfxb9tw0000gn/T/hydracam_uploader_testxDa7XB/cancel-http.jpg, timestamp: 2026-06-09 02:48:00.183907, function: null, file: null}
Log registered: {message: Auto-upload is disabled. Media added to queue but not uploaded., timestamp: 2026-06-09 02:48:00.184141, function: null, file: null}
Log registered: {message: Manual upload initiated., timestamp: 2026-06-09 02:48:00.184212, function: null, file: null}
Log registered: {message: UploaderService: _startUploading called. _isUploading=false, queue length=1, timestamp: 2026-06-09 02:48:00.184260, function: null, file: null}
Log registered: {message: UploaderService: _processNextItem called. Queue length=1, timestamp: 2026-06-09 02:48:00.184307, function: null, file: null}
Log registered: {message: UploaderService: sessionGuid=cancel-http-session-guid, timestamp: 2026-06-09 02:48:00.184356, function: null, file: null}
Log registered: {message: Get token, timestamp: 2026-06-09 02:48:00.184873, function: null, file: null}
Log registered: {message: Cancelled in-flight API requests., timestamp: 2026-06-09 02:48:00.185426, function: null, file: null}
Log registered: {message: [UploaderService] Queue is empty. Returning zero duration., timestamp: 2026-06-09 02:48:00.185513, function: null, file: null}
Log registered: {message: Cancelled active upload: /var/folders/6s/dp27g8gn26j9mp36sjfxb9tw0000gn/T/hydracam_uploader_testxDa7XB/cancel-http.jpg, timestamp: 2026-06-09 02:48:00.185558, function: null, file: null}
Log registered: {message: Media uploaded successfully, timestamp: 2026-06-09 02:48:00.187033, function: null, file: null}
Log registered: {message: Ignoring stale upload completion after uploader reset or cancellation: /var/folders/6s/dp27g8gn26j9mp36sjfxb9tw0000gn/T/hydracam_uploader_testxDa7XB/cancel-http.jpg, timestamp: 2026-06-09 02:48:00.187135, function: null, file: null}
Log registered: {message: Session metadata saved to /var/folders/6s/dp27g8gn26j9mp36sjfxb9tw0000gn/T/uploader_service_docsI4sOAH/session_cancel-http-session-guid/metadata.json, timestamp: 2026-06-09 02:48:00.188427, function: null, file: null}
Log registered: {message: UploaderService: Resetting upload queue and state., timestamp: 2026-06-09 02:48:00.188539, function: null, file: null}
Log registered: {message: UploaderService: Reset completed., timestamp: 2026-06-09 02:48:00.188602, function: null, file: null}
Log registered: {message: Session ended and uploader reset., timestamp: 2026-06-09 02:48:00.188645, function: null, file: null}
Log registered: {message: UploaderService: Resetting upload queue and state., timestamp: 2026-06-09 02:48:00.188684, function: null, file: null}
Log registered: {message: UploaderService: Reset completed., timestamp: 2026-06-09 02:48:00.188718, function: null, file: null}
00:05 +192 ~1 -1: /Users/jose/src/work/hydracamv2/test/services/battery_service_test.dart: BatteryService shows warning when battery level is low
Log registered: {message: BatteryService monitoring disabled - timer not started., timestamp: 2026-06-09 02:48:00.378294, function: null, file: null}
00:05 +193 ~1 -1: /Users/jose/src/work/hydracamv2/test/services/battery_service_test.dart: BatteryService shows warning when battery level is low
00:05 +194 ~1 -1: /Users/jose/src/work/hydracamv2/test/services/battery_service_test.dart: BatteryService shows warning when battery level is low
00:05 +195 ~1 -1: /Users/jose/src/work/hydracamv2/test/services/battery_service_test.dart: BatteryService shows warning when battery level is low
00:05 +196 ~1 -1: /Users/jose/src/work/hydracamv2/test/services/battery_service_test.dart: BatteryService shows warning when battery level is low
Log registered: {message: BatteryService: Error reading battery level: MissingPluginException(No implementation found for method getBatteryLevel on channel dev.fluttercommunity.plus/battery), timestamp: 2026-06-09 02:48:00.465760, function: null, file: null}
00:05 +196 ~1 -1: /Users/jose/src/work/hydracamv2/test/services/battery_service_test.dart: BatteryService triggers one autostop when battery becomes critical
Log registered: {message: BatteryService monitoring disabled - timer not started., timestamp: 2026-06-09 02:48:00.488406, function: null, file: null}
Log registered: {message: Critical battery: triggering recording stop at 8%., timestamp: 2026-06-09 02:48:00.488704, function: null, file: null}
Log registered: {message: Critical battery: triggering recording stop at 8%., timestamp: 2026-06-09 02:48:00.502709, function: null, file: null}
00:05 +197 ~1 -1: /Users/jose/src/work/hydracamv2/test/services/battery_service_test.dart: BatteryService throttles repeated low-battery warnings
00:05 +197 ~1 -1: /Users/jose/src/work/hydracamv2/test/services/battery_service_test.dart: BatteryService triggers one autostop when battery becomes critical
Log registered: {message: BatteryService: Error reading battery level: MissingPluginException(No implementation found for method getBatteryLevel on channel dev.fluttercommunity.plus/battery), timestamp: 2026-06-09 02:48:00.512093, function: null, file: null}
00:05 +197 ~1 -1: /Users/jose/src/work/hydracamv2/test/services/battery_service_test.dart: BatteryService throttles repeated low-battery warnings
Log registered: {message: BatteryService monitoring disabled - timer not started., timestamp: 2026-06-09 02:48:00.523402, function: null, file: null}
00:05 +198 ~1 -1: /Users/jose/src/work/hydracamv2/test/services/auth0_service_test.dart: Auth0 login requests refresh-capable scopes
00:05 +199 ~1 -1: /Users/jose/src/work/hydracamv2/test/services/auth0_service_test.dart: Auth0 login persists returned credentials through secure store
Log registered: {message: Profile set: https://example.com/player.png, timestamp: 2026-06-09 02:48:00.753927, function: login, file: auth0_service.dart}
00:05 +200 ~1 -1: /Users/jose/src/work/hydracamv2/test/services/auth0_service_test.dart: Auth0 startup restore uses valid stored credentials
00:05 +200 ~1 -1: /Users/jose/src/work/hydracamv2/test/services/auth0_service_test.dart: Auth0 login persists returned credentials through secure store
Trace file unavailable: MissingPluginException(No implementation found for method getApplicationDocumentsDirectory on channel plugins.flutter.io/path_provider)
00:05 +200 ~1 -1: /Users/jose/src/work/hydracamv2/test/services/auth0_service_test.dart: Auth0 startup restore uses valid stored credentials
Log registered: {message: Restored Auth0 session from secure store., timestamp: 2026-06-09 02:48:00.761201, function: restoreStoredSession, file: auth0_service.dart}
00:05 +201 ~1 -1: /Users/jose/src/work/hydracamv2/test/services/auth0_service_test.dart: Auth0 startup restore refreshes expired credentials
Log registered: {message: Refreshed Auth0 session from secure store., timestamp: 2026-06-09 02:48:00.763529, function: restoreStoredSession, file: auth0_service.dart}
00:05 +202 ~1 -1: /Users/jose/src/work/hydracamv2/test/services/auth0_service_test.dart: Auth0 startup restore rejects expired stored credentials
00:05 +203 ~1 -1: /Users/jose/src/work/hydracamv2/test/services/auth0_service_test.dart: Auth0 logout clears secure credentials and browser session
Log registered: {message: Profile set: https://example.com/logout.png, timestamp: 2026-06-09 02:48:00.766036, function: login, file: auth0_service.dart}
Log registered: {message: Cleared Auth0 session., timestamp: 2026-06-09 02:48:00.768518, function: logout, file: auth0_service.dart}
00:06 +204 ~1 -1: /Users/jose/src/work/hydracamv2/test/services/network_info_service_test.dart: Network type labels describes Wi-Fi with unavailable SSID explicitly
00:06 +205 ~1 -1: /Users/jose/src/work/hydracamv2/test/services/network_info_service_test.dart: Network type labels includes SSID when the platform exposes it
00:06 +206 ~1 -1: /Users/jose/src/work/hydracamv2/test/services/network_info_service_test.dart: Network type labels describes pending connected-device network status
00:06 +207 ~1 -1: /Users/jose/src/work/hydracamv2/test/services/network_info_service_test.dart: Network type labels describes unavailable SSID as a location requirement
00:06 +208 ~1 -1: /Users/jose/src/work/hydracamv2/test/services/network_info_service_test.dart: Network type labels skips linux connectivity plugin when DBus system bus is missing
00:06 +209 ~1 -1: /Users/jose/src/work/hydracamv2/test/services/camera_capture_settings_test.dart: VideoCaptureProfile maps sport 1080p60 to a 1080p target at 60 fps
00:06 +210 ~1 -1: /Users/jose/src/work/hydracamv2/test/services/camera_capture_settings_test.dart: VideoCaptureProfile maps 4K profiles to ultraHigh with expected frame rates
00:06 +211 ~1 -1: /Users/jose/src/work/hydracamv2/test/services/camera_capture_settings_test.dart: LensPreference labels iPhone ultra-wide as 0.5x
00:06 +212 ~1 -1: /Users/jose/src/work/hydracamv2/test/services/camera_capture_settings_test.dart: LensPreference labels Android back cameras by camera id when lens type is unknown
00:06 +213 ~1 -1: /Users/jose/src/work/hydracamv2/test/services/permission_service_test.dart: (setUpAll)
00:06 +213 ~1 -1: /Users/jose/src/work/hydracamv2/test/services/permission_service_test.dart: requestAllPermissions skips unsupported macOS permission handler
Log registered: {message: Skipping permission_handler startup request on macOS; native platform APIs will request resource access on demand., timestamp: 2026-06-09 02:48:01.091980, function: requestAllPermissions, file: PermissionService}
00:06 +214 ~1 -1: /Users/jose/src/work/hydracamv2/test/services/permission_service_test.dart: requestAllPermissions skips unsupported Linux permission handler
Log registered: {message: Skipping permission_handler startup request on linux; native platform APIs will request resource access on demand., timestamp: 2026-06-09 02:48:01.099878, function: requestAllPermissions, file: PermissionService}
00:06 +215 ~1 -1: /Users/jose/src/work/hydracamv2/test/services/permission_service_test.dart: requestAllPermissions requests location immediately on Android
Log registered: {message: Permission request completed.
Granted: [Permission.camera, Permission.microphone, Permission.locationWhenInUse]
Denied: [], timestamp: 2026-06-09 02:48:01.104013, function: requestAllPermissions, file: PermissionService}
00:06 +216 ~1 -1: /Users/jose/src/work/hydracamv2/test/services/permission_service_test.dart: openAppSettings skips unsupported macOS permission handler
Log registered: {message: Skipping permission_handler openAppSettings on macOS., timestamp: 2026-06-09 02:48:01.112657, function: openAppSettings, file: PermissionService}
00:06 +217 ~1 -1: /Users/jose/src/work/hydracamv2/test/services/permission_service_test.dart: openAppSettings skips unsupported Linux permission handler
Log registered: {message: Skipping permission_handler openAppSettings on linux., timestamp: 2026-06-09 02:48:01.115384, function: openAppSettings, file: PermissionService}
00:06 +218 ~1 -1: /Users/jose/src/work/hydracamv2/test/services/permission_service_test.dart: (tearDownAll)
00:06 +218 ~1 -1: /Users/jose/src/work/hydracamv2/test/widgets/camera_level_overlay_test.dart: shows green guidance for level devices
00:06 +219 ~1 -1: /Users/jose/src/work/hydracamv2/test/widgets/camera_setup_preview_screen_test.dart: renders perspective selector and level overlay
00:06 +220 ~1 -1: /Users/jose/src/work/hydracamv2/test/widgets/camera_setup_preview_screen_test.dart: renders perspective selector and level overlay
00:06 +221 ~1 -1: /Users/jose/src/work/hydracamv2/test/widgets/media_list_widget_test.dart: media list distinguishes failed uploads from pending uploads
00:06 +222 ~1 -1: /Users/jose/src/work/hydracamv2/test/widgets/media_list_widget_test.dart: media list distinguishes failed uploads from pending uploads
00:06 +223 ~1 -1: /Users/jose/src/work/hydracamv2/test/widgets/media_list_widget_test.dart: media list distinguishes failed uploads from pending uploads
Log registered: {message: UploaderService: Resetting upload queue and state., timestamp: 2026-06-09 02:48:01.746958, function: null, file: null}
Log registered: {message: UploaderService: Reset completed., timestamp: 2026-06-09 02:48:01.748667, function: null, file: null}
00:06 +224 ~1 -1: /Users/jose/src/work/hydracamv2/test/widgets/session_info_widget_test.dart: does not reload network info during parent rebuilds
00:06 +224 ~1 -1: /Users/jose/src/work/hydracamv2/test/widgets/media_list_widget_test.dart: upload state is presented as a labeled status indicator
Log registered: {message: UploaderService: Resetting upload queue and state., timestamp: 2026-06-09 02:48:01.781842, function: null, file: null}
Log registered: {message: UploaderService: Reset completed., timestamp: 2026-06-09 02:48:01.782043, function: null, file: null}
00:06 +225 ~1 -1: /Users/jose/src/work/hydracamv2/test/widgets/session_info_widget_test.dart: does not reload network info during parent rebuilds
00:06 +225 ~1 -1: /Users/jose/src/work/hydracamv2/test/widgets/media_list_widget_test.dart: media list distinguishes failed uploads from pending uploads
Trace file unavailable: MissingPluginException(No implementation found for method getApplicationDocumentsDirectory on channel plugins.flutter.io/path_provider)
00:06 +225 ~1 -1: /Users/jose/src/work/hydracamv2/test/widgets/media_list_widget_test.dart: current upload progress includes uploaded and total bytes
Log registered: {message: UploaderService: Resetting upload queue and state., timestamp: 2026-06-09 02:48:01.807351, function: null, file: null}
Log registered: {message: UploaderService: Reset completed., timestamp: 2026-06-09 02:48:01.807556, function: null, file: null}
00:06 +226 ~1 -1: /Users/jose/src/work/hydracamv2/test/widgets/session_info_widget_test.dart: does not reload network info during parent rebuilds
00:06 +226 ~1 -1: /Users/jose/src/work/hydracamv2/test/widgets/media_list_widget_test.dart: current upload progress includes estimated time remaining
Log registered: {message: UploaderService: Resetting upload queue and state., timestamp: 2026-06-09 02:48:01.825555, function: null, file: null}
Log registered: {message: UploaderService: Reset completed., timestamp: 2026-06-09 02:48:01.825731, function: null, file: null}
00:06 +227 ~1 -1: /Users/jose/src/work/hydracamv2/test/widgets/session_info_widget_test.dart: does not reload network info during parent rebuilds
00:06 +228 ~1 -1: /Users/jose/src/work/hydracamv2/test/widgets/media_filter_dialog_test.dart: browse all returns unconstrained media filters
00:06 +229 ~1 -1: /Users/jose/src/work/hydracamv2/test/widgets/media_filter_dialog_test.dart: browse all returns unconstrained media filters
00:06 +230 ~1 -1: /Users/jose/src/work/hydracamv2/test/widgets/media_filter_dialog_test.dart: browse all returns unconstrained media filters
00:07 +230 ~1 -1: /Users/jose/src/work/hydracamv2/test/widgets/media_list_widget_test.dart: upload actions distinguish retry from queue upload
Log registered: {message: UploaderService: Resetting upload queue and state., timestamp: 2026-06-09 02:48:01.923582, function: null, file: null}
Log registered: {message: UploaderService: Reset completed., timestamp: 2026-06-09 02:48:01.923767, function: null, file: null}
00:07 +231 ~1 -1: /Users/jose/src/work/hydracamv2/test/widgets/media_filter_dialog_test.dart: browse all returns unconstrained media filters
00:07 +232 ~1 -1: /Users/jose/src/work/hydracamv2/test/widgets/media_filter_dialog_test.dart: browse all returns unconstrained media filters
00:07 +232 ~1 -1: /Users/jose/src/work/hydracamv2/test/widgets/media_list_widget_test.dart: pending upload can be cancelled from the media row
Log registered: {message: UploaderService: Resetting upload queue and state., timestamp: 2026-06-09 02:48:01.966992, function: null, file: null}
Log registered: {message: UploaderService: Reset completed., timestamp: 2026-06-09 02:48:01.967253, function: null, file: null}
00:07 +233 ~1 -1: /Users/jose/src/work/hydracamv2/test/widgets/media_filter_dialog_test.dart: browse all returns unconstrained media filters
00:07 +233 ~1 -1: /Users/jose/src/work/hydracamv2/test/widgets/media_list_widget_test.dart: current upload can be cancelled from the media row
Log registered: {message: UploaderService: Resetting upload queue and state., timestamp: 2026-06-09 02:48:01.990911, function: null, file: null}
Log registered: {message: UploaderService: Reset completed., timestamp: 2026-06-09 02:48:01.991121, function: null, file: null}
00:07 +234 ~1 -1: /Users/jose/src/work/hydracamv2/test/widgets/media_filter_dialog_test.dart: browse all returns unconstrained media filters
00:07 +235 ~1 -1: Some tests failed.

Failing tests:
  /Users/jose/src/work/hydracamv2/test/l10n/app_localizations_test.dart: seeded translations use locale-native spelling

[stderr]
The following plugins do not support Swift Package Manager for ios:
  - photo_manager
  - permission_handler_apple
  - disk_space_plus
This will become an error in a future version of Flutter. Please contact the plugin maintainers to request Swift Package Manager adoption.
The following plugins do not support Swift Package Manager for macos:
  - photo_manager
This will become an error in a future version of Flutter. Please contact the plugin maintainers to request Swift Package Manager adoption.
[exit-code] 1

$ flutter test test/l10n/app_localizations_test.dart
00:00 +0: loading /Users/jose/src/work/hydracamv2/test/l10n/app_localizations_test.dart
00:00 +0: seeded translations use locale-native spelling
00:00 +0 -1: seeded translations use locale-native spelling [E]
  Expected: 'Język'
    Actual: 'Jezyk'
     Which: is different.
            Expected: Język
              Actual: Jezyk
                       ^
             Differ at offset 1

  package:matcher                                     expect
  package:flutter_test/src/widget_tester.dart 473:18  expect
  test/l10n/app_localizations_test.dart 20:5          main.<fn>
  ===== asynchronous gap ===========================
  dart:async                                          _CustomZone.registerUnaryCallback
  test/l10n/app_localizations_test.dart 7:16          main.<fn>

  Expected: 'Język'
    Actual: 'Jezyk'
     Which: is different.
            Expected: Język
              Actual: Jezyk
                       ^
             Differ at offset 1

  package:matcher                                     expect
  package:flutter_test/src/widget_tester.dart 473:18  expect
  test/l10n/app_localizations_test.dart 20:5          main.<fn>

00:00 +0 -1: Some tests failed.

Failing tests:
  /Users/jose/src/work/hydracamv2/test/l10n/app_localizations_test.dart: seeded translations use locale-native spelling

[stderr]
The following plugins do not support Swift Package Manager for ios:
  - photo_manager
  - permission_handler_apple
  - disk_space_plus
This will become an error in a future version of Flutter. Please contact the plugin maintainers to request Swift Package Manager adoption.
The following plugins do not support Swift Package Manager for macos:
  - photo_manager
This will become an error in a future version of Flutter. Please contact the plugin maintainers to request Swift Package Manager adoption.
[exit-code] 1

$ flutter test test/services/uploader_service_test.dart test/slave/slave_client_registration_test.dart test/screens/uploader_info_screen_test.dart test/screens/session_details_screen_test.dart
00:00 +0: loading /Users/jose/src/work/hydracamv2/test/services/uploader_service_test.dart
00:00 +0: /Users/jose/src/work/hydracamv2/test/services/uploader_service_test.dart: (setUpAll)
00:00 +0: /Users/jose/src/work/hydracamv2/test/services/uploader_service_test.dart: reset clears stale queue, current upload state, and progress
Log registered: {message: UploaderService: Resetting upload queue and state., timestamp: 2026-06-09 02:48:37.685278, function: null, file: null}
Log registered: {message: UploaderService: Reset completed., timestamp: 2026-06-09 02:48:37.687375, function: null, file: null}
Log registered: {message: UploaderService: Resetting upload queue and state., timestamp: 2026-06-09 02:48:37.687866, function: null, file: null}
Log registered: {message: UploaderService: Reset completed., timestamp: 2026-06-09 02:48:37.687964, function: null, file: null}
Log registered: {message: Session started with GUID: uploader-test-guid on device type: Master, timestamp: 2026-06-09 02:48:37.688186, function: null, file: null}
Log registered: {message: [UploaderService] No uploaded media with valid durations. Returning zero duration., timestamp: 2026-06-09 02:48:37.693644, function: null, file: null}
Log registered: {message: Media added to upload queue: /var/folders/6s/dp27g8gn26j9mp36sjfxb9tw0000gn/T/hydracam_uploader_testccQUbf/photo.jpg, timestamp: 2026-06-09 02:48:37.693879, function: null, file: null}
Log registered: {message: Auto-upload is disabled. Media added to queue but not uploaded., timestamp: 2026-06-09 02:48:37.697495, function: null, file: null}
Log registered: {message: UploaderService: Resetting upload queue and state., timestamp: 2026-06-09 02:48:37.699597, function: null, file: null}
Log registered: {message: UploaderService: Reset completed., timestamp: 2026-06-09 02:48:37.699894, function: null, file: null}
Log registered: {message: Session metadata saved to /var/folders/6s/dp27g8gn26j9mp36sjfxb9tw0000gn/T/uploader_service_docsy3hZNM/session_uploader-test-guid/metadata.json, timestamp: 2026-06-09 02:48:37.705817, function: null, file: null}
Log registered: {message: UploaderService: Resetting upload queue and state., timestamp: 2026-06-09 02:48:37.706039, function: null, file: null}
Log registered: {message: UploaderService: Reset completed., timestamp: 2026-06-09 02:48:37.706179, function: null, file: null}
Log registered: {message: Session ended and uploader reset., timestamp: 2026-06-09 02:48:37.706255, function: null, file: null}
Log registered: {message: UploaderService: Resetting upload queue and state., timestamp: 2026-06-09 02:48:37.706384, function: null, file: null}
Log registered: {message: UploaderService: Reset completed., timestamp: 2026-06-09 02:48:37.706442, function: null, file: null}
00:00 +1: /Users/jose/src/work/hydracamv2/test/services/uploader_service_test.dart: addMediaToQueue can be awaited through settings evaluation
Log registered: {message: UploaderService: Resetting upload queue and state., timestamp: 2026-06-09 02:48:37.708582, function: null, file: null}
Log registered: {message: UploaderService: Reset completed., timestamp: 2026-06-09 02:48:37.708679, function: null, file: null}
Log registered: {message: UploaderService: Resetting upload queue and state., timestamp: 2026-06-09 02:48:37.708882, function: null, file: null}
Log registered: {message: UploaderService: Reset completed., timestamp: 2026-06-09 02:48:37.708945, function: null, file: null}
Log registered: {message: Session started with GUID: uploader-test-guid on device type: Master, timestamp: 2026-06-09 02:48:37.709007, function: null, file: null}
Log registered: {message: [UploaderService] No uploaded media with valid durations. Returning zero duration., timestamp: 2026-06-09 02:48:37.709571, function: null, file: null}
Log registered: {message: Media added to upload queue: /var/folders/6s/dp27g8gn26j9mp36sjfxb9tw0000gn/T/hydracam_uploader_testeRrQ2V/awaitable-enqueue.jpg, timestamp: 2026-06-09 02:48:37.709658, function: null, file: null}
Log registered: {message: Auto-upload is disabled. Media added to queue but not uploaded., timestamp: 2026-06-09 02:48:37.709817, function: null, file: null}
Log registered: {message: Session metadata saved to /var/folders/6s/dp27g8gn26j9mp36sjfxb9tw0000gn/T/uploader_service_docsy3hZNM/session_uploader-test-guid/metadata.json, timestamp: 2026-06-09 02:48:37.711179, function: null, file: null}
Log registered: {message: UploaderService: Resetting upload queue and state., timestamp: 2026-06-09 02:48:37.711289, function: null, file: null}
Log registered: {message: UploaderService: Reset completed., timestamp: 2026-06-09 02:48:37.711349, function: null, file: null}
Log registered: {message: Session ended and uploader reset., timestamp: 2026-06-09 02:48:37.711403, function: null, file: null}
Log registered: {message: UploaderService: Resetting upload queue and state., timestamp: 2026-06-09 02:48:37.711462, function: null, file: null}
Log registered: {message: UploaderService: Reset completed., timestamp: 2026-06-09 02:48:37.711520, function: null, file: null}
00:00 +2: /Users/jose/src/work/hydracamv2/test/services/uploader_service_test.dart: startUploadingManually can be awaited until the queue drains
Log registered: {message: UploaderService: Resetting upload queue and state., timestamp: 2026-06-09 02:48:37.712932, function: null, file: null}
Log registered: {message: UploaderService: Reset completed., timestamp: 2026-06-09 02:48:37.713022, function: null, file: null}
Log registered: {message: UploaderService: Resetting upload queue and state., timestamp: 2026-06-09 02:48:37.713258, function: null, file: null}
Log registered: {message: UploaderService: Reset completed., timestamp: 2026-06-09 02:48:37.713402, function: null, file: null}
Log registered: {message: Session started with GUID: uploader-test-guid on device type: Master, timestamp: 2026-06-09 02:48:37.713517, function: null, file: null}
Log registered: {message: [UploaderService] No uploaded media with valid durations. Returning zero duration., timestamp: 2026-06-09 02:48:37.714290, function: null, file: null}
Log registered: {message: Media added to upload queue: /var/folders/6s/dp27g8gn26j9mp36sjfxb9tw0000gn/T/hydracam_uploader_test6Rk14d/await-manual-first.jpg, timestamp: 2026-06-09 02:48:37.714362, function: null, file: null}
Log registered: {message: Auto-upload is disabled. Media added to queue but not uploaded., timestamp: 2026-06-09 02:48:37.714512, function: null, file: null}
Log registered: {message: [UploaderService] No uploaded media with valid durations. Returning zero duration., timestamp: 2026-06-09 02:48:37.714737, function: null, file: null}
Log registered: {message: Media added to upload queue: /var/folders/6s/dp27g8gn26j9mp36sjfxb9tw0000gn/T/hydracam_uploader_test6Rk14d/await-manual-second.jpg, timestamp: 2026-06-09 02:48:37.714799, function: null, file: null}
Log registered: {message: Auto-upload is disabled. Media added to queue but not uploaded., timestamp: 2026-06-09 02:48:37.714881, function: null, file: null}
Log registered: {message: Manual upload initiated., timestamp: 2026-06-09 02:48:37.714992, function: null, file: null}
Log registered: {message: UploaderService: _startUploading called. _isUploading=false, queue length=2, timestamp: 2026-06-09 02:48:37.715149, function: null, file: null}
Log registered: {message: UploaderService: _processNextItem called. Queue length=2, timestamp: 2026-06-09 02:48:37.715559, function: null, file: null}
Log registered: {message: UploaderService: sessionGuid=uploader-test-guid, timestamp: 2026-06-09 02:48:37.715744, function: null, file: null}
Log registered: {message: Get token, timestamp: 2026-06-09 02:48:37.716734, function: null, file: null}
Log registered: {message: Media uploaded successfully, timestamp: 2026-06-09 02:48:37.728994, function: null, file: null}
Log registered: {message: Media uploaded: /var/folders/6s/dp27g8gn26j9mp36sjfxb9tw0000gn/T/hydracam_uploader_test6Rk14d/await-manual-first.jpg, timestamp: 2026-06-09 02:48:37.729327, function: null, file: null}
Log registered: {message: Session metadata saved to /var/folders/6s/dp27g8gn26j9mp36sjfxb9tw0000gn/T/uploader_service_docsy3hZNM/session_uploader-test-guid/metadata.json, timestamp: 2026-06-09 02:48:37.730268, function: null, file: null}
Log registered: {message: [UploaderService] Total bytes uploaded: 4, timestamp: 2026-06-09 02:48:37.730740, function: null, file: null}
Log registered: {message: [UploaderService] Total upload duration: 0 seconds, timestamp: 2026-06-09 02:48:37.730888, function: null, file: null}
Log registered: {message: [UploaderService] Average speed: 295.31192321889995 bytes/second, timestamp: 2026-06-09 02:48:37.731293, function: null, file: null}
Log registered: {message: [UploaderService] Remaining bytes to upload: 4, timestamp: 2026-06-09 02:48:37.731447, function: null, file: null}
Log registered: {message: [UploaderService] Estimated time: 0.013545000000000001 seconds, timestamp: 2026-06-09 02:48:37.731512, function: null, file: null}
Log registered: {message: UploaderService: _processNextItem called. Queue length=1, timestamp: 2026-06-09 02:48:37.731652, function: null, file: null}
Log registered: {message: UploaderService: sessionGuid=uploader-test-guid, timestamp: 2026-06-09 02:48:37.731706, function: null, file: null}
Log registered: {message: Get token, timestamp: 2026-06-09 02:48:37.731965, function: null, file: null}
Log registered: {message: Media uploaded successfully, timestamp: 2026-06-09 02:48:37.733372, function: null, file: null}
Log registered: {message: Media uploaded: /var/folders/6s/dp27g8gn26j9mp36sjfxb9tw0000gn/T/hydracam_uploader_test6Rk14d/await-manual-second.jpg, timestamp: 2026-06-09 02:48:37.733457, function: null, file: null}
Log registered: {message: Session metadata saved to /var/folders/6s/dp27g8gn26j9mp36sjfxb9tw0000gn/T/uploader_service_docsy3hZNM/session_uploader-test-guid/metadata.json, timestamp: 2026-06-09 02:48:37.734095, function: null, file: null}
Log registered: {message: [UploaderService] Queue is empty. Returning zero duration., timestamp: 2026-06-09 02:48:37.734217, function: null, file: null}
Log registered: {message: UploaderService: _processNextItem called. Queue length=0, timestamp: 2026-06-09 02:48:37.734283, function: null, file: null}
Log registered: {message: UploaderService: Queue is empty. Uploading stopped., timestamp: 2026-06-09 02:48:37.734349, function: null, file: null}
Log registered: {message: Session metadata saved to /var/folders/6s/dp27g8gn26j9mp36sjfxb9tw0000gn/T/uploader_service_docsy3hZNM/session_uploader-test-guid/metadata.json, timestamp: 2026-06-09 02:48:37.735318, function: null, file: null}
Log registered: {message: UploaderService: Resetting upload queue and state., timestamp: 2026-06-09 02:48:37.735391, function: null, file: null}
Log registered: {message: UploaderService: Reset completed., timestamp: 2026-06-09 02:48:37.735459, function: null, file: null}
Log registered: {message: Session ended and uploader reset., timestamp: 2026-06-09 02:48:37.735526, function: null, file: null}
Log registered: {message: UploaderService: Resetting upload queue and state., timestamp: 2026-06-09 02:48:37.735580, function: null, file: null}
Log registered: {message: UploaderService: Reset completed., timestamp: 2026-06-09 02:48:37.735625, function: null, file: null}
00:00 +3: /Users/jose/src/work/hydracamv2/test/services/uploader_service_test.dart: addMediaToQueue refuses media when session is not backend-created
Log registered: {message: UploaderService: Resetting upload queue and state., timestamp: 2026-06-09 02:48:37.736888, function: null, file: null}
Log registered: {message: UploaderService: Reset completed., timestamp: 2026-06-09 02:48:37.736971, function: null, file: null}
Log registered: {message: UploaderService: Resetting upload queue and state., timestamp: 2026-06-09 02:48:37.737142, function: null, file: null}
Log registered: {message: UploaderService: Reset completed., timestamp: 2026-06-09 02:48:37.737192, function: null, file: null}
Log registered: {message: Session started with GUID: uploader-test-guid on device type: Master, timestamp: 2026-06-09 02:48:37.737240, function: null, file: null}
Log registered: {message: Session metadata saved to /var/folders/6s/dp27g8gn26j9mp36sjfxb9tw0000gn/T/uploader_service_docsy3hZNM/session_uploader-test-guid/metadata.json, timestamp: 2026-06-09 02:48:37.738416, function: null, file: null}
Log registered: {message: UploaderService: Resetting upload queue and state., timestamp: 2026-06-09 02:48:37.738555, function: null, file: null}
Log registered: {message: UploaderService: Reset completed., timestamp: 2026-06-09 02:48:37.738617, function: null, file: null}
Log registered: {message: Session ended and uploader reset., timestamp: 2026-06-09 02:48:37.738726, function: null, file: null}
Log registered: {message: UploaderService: Resetting upload queue and state., timestamp: 2026-06-09 02:48:37.738819, function: null, file: null}
Log registered: {message: UploaderService: Reset completed., timestamp: 2026-06-09 02:48:37.738880, function: null, file: null}
Log registered: {message: Session started with GUID: diagnostic-session-guid on device type: Master, timestamp: 2026-06-09 02:48:37.738964, function: null, file: null}
Log registered: {message: Upload blocked: session is not backend-created; create the session through the webservice before capture., timestamp: 2026-06-09 02:48:37.739340, function: null, file: null}
Log registered: {message: Session metadata saved to /var/folders/6s/dp27g8gn26j9mp36sjfxb9tw0000gn/T/uploader_service_docsy3hZNM/session_diagnostic-session-guid/metadata.json, timestamp: 2026-06-09 02:48:37.740237, function: null, file: null}
Log registered: {message: Session metadata saved to /var/folders/6s/dp27g8gn26j9mp36sjfxb9tw0000gn/T/uploader_service_docsy3hZNM/session_diagnostic-session-guid/metadata.json, timestamp: 2026-06-09 02:48:37.741590, function: null, file: null}
Log registered: {message: UploaderService: Resetting upload queue and state., timestamp: 2026-06-09 02:48:37.741752, function: null, file: null}
Log registered: {message: UploaderService: Reset completed., timestamp: 2026-06-09 02:48:37.741831, function: null, file: null}
Log registered: {message: Session ended and uploader reset., timestamp: 2026-06-09 02:48:37.741880, function: null, file: null}
Log registered: {message: UploaderService: Resetting upload queue and state., timestamp: 2026-06-09 02:48:37.741934, function: null, file: null}
Log registered: {message: UploaderService: Reset completed., timestamp: 2026-06-09 02:48:37.742023, function: null, file: null}
00:00 +4: /Users/jose/src/work/hydracamv2/test/services/uploader_service_test.dart: cancelQueuedMedia removes a pending item without touching others
Log registered: {message: UploaderService: Resetting upload queue and state., timestamp: 2026-06-09 02:48:37.743307, function: null, file: null}
Log registered: {message: UploaderService: Reset completed., timestamp: 2026-06-09 02:48:37.743384, function: null, file: null}
Log registered: {message: UploaderService: Resetting upload queue and state., timestamp: 2026-06-09 02:48:37.743541, function: null, file: null}
Log registered: {message: UploaderService: Reset completed., timestamp: 2026-06-09 02:48:37.743590, function: null, file: null}
Log registered: {message: Session started with GUID: uploader-test-guid on device type: Master, timestamp: 2026-06-09 02:48:37.743634, function: null, file: null}
Log registered: {message: [UploaderService] No uploaded media with valid durations. Returning zero duration., timestamp: 2026-06-09 02:48:37.744291, function: null, file: null}
Log registered: {message: Media added to upload queue: /var/folders/6s/dp27g8gn26j9mp36sjfxb9tw0000gn/T/hydracam_uploader_testHWQw06/first.jpg, timestamp: 2026-06-09 02:48:37.744357, function: null, file: null}
Log registered: {message: Auto-upload is disabled. Media added to queue but not uploaded., timestamp: 2026-06-09 02:48:37.744511, function: null, file: null}
Log registered: {message: [UploaderService] No uploaded media with valid durations. Returning zero duration., timestamp: 2026-06-09 02:48:37.744599, function: null, file: null}
Log registered: {message: Media added to upload queue: /var/folders/6s/dp27g8gn26j9mp36sjfxb9tw0000gn/T/hydracam_uploader_testHWQw06/second.jpg, timestamp: 2026-06-09 02:48:37.744689, function: null, file: null}
Log registered: {message: Auto-upload is disabled. Media added to queue but not uploaded., timestamp: 2026-06-09 02:48:37.744810, function: null, file: null}
Log registered: {message: [UploaderService] No uploaded media with valid durations. Returning zero duration., timestamp: 2026-06-09 02:48:37.745153, function: null, file: null}
Log registered: {message: Cancelled pending upload: /var/folders/6s/dp27g8gn26j9mp36sjfxb9tw0000gn/T/hydracam_uploader_testHWQw06/first.jpg, timestamp: 2026-06-09 02:48:37.745217, function: null, file: null}
Log registered: {message: No pending queued media to cancel: /var/folders/6s/dp27g8gn26j9mp36sjfxb9tw0000gn/T/hydracam_uploader_testHWQw06/first.jpg, timestamp: 2026-06-09 02:48:37.745290, function: null, file: null}
Log registered: {message: Session metadata saved to /var/folders/6s/dp27g8gn26j9mp36sjfxb9tw0000gn/T/uploader_service_docsy3hZNM/session_uploader-test-guid/metadata.json, timestamp: 2026-06-09 02:48:37.746378, function: null, file: null}
Log registered: {message: UploaderService: Resetting upload queue and state., timestamp: 2026-06-09 02:48:37.746514, function: null, file: null}
Log registered: {message: UploaderService: Reset completed., timestamp: 2026-06-09 02:48:37.746575, function: null, file: null}
Log registered: {message: Session ended and uploader reset., timestamp: 2026-06-09 02:48:37.746698, function: null, file: null}
Log registered: {message: UploaderService: Resetting upload queue and state., timestamp: 2026-06-09 02:48:37.746815, function: null, file: null}
Log registered: {message: UploaderService: Reset completed., timestamp: 2026-06-09 02:48:37.746867, function: null, file: null}
00:00 +5: /Users/jose/src/work/hydracamv2/test/services/uploader_service_test.dart: addMediaToQueue ignores retry for media already uploading
Log registered: {message: UploaderService: Resetting upload queue and state., timestamp: 2026-06-09 02:48:37.748190, function: null, file: null}
Log registered: {message: UploaderService: Reset completed., timestamp: 2026-06-09 02:48:37.748266, function: null, file: null}
Log registered: {message: UploaderService: Resetting upload queue and state., timestamp: 2026-06-09 02:48:37.748772, function: null, file: null}
Log registered: {message: UploaderService: Reset completed., timestamp: 2026-06-09 02:48:37.748839, function: null, file: null}
Log registered: {message: Session started with GUID: uploader-test-guid on device type: Master, timestamp: 2026-06-09 02:48:37.748890, function: null, file: null}
Log registered: {message: Media already uploading: /var/folders/6s/dp27g8gn26j9mp36sjfxb9tw0000gn/T/hydracam_uploader_testaCzMNO/currently-uploading.jpg, timestamp: 2026-06-09 02:48:37.749318, function: null, file: null}
Log registered: {message: Session metadata saved to /var/folders/6s/dp27g8gn26j9mp36sjfxb9tw0000gn/T/uploader_service_docsy3hZNM/session_uploader-test-guid/metadata.json, timestamp: 2026-06-09 02:48:37.750346, function: null, file: null}
Log registered: {message: UploaderService: Resetting upload queue and state., timestamp: 2026-06-09 02:48:37.750466, function: null, file: null}
Log registered: {message: UploaderService: Reset completed., timestamp: 2026-06-09 02:48:37.750523, function: null, file: null}
Log registered: {message: Session ended and uploader reset., timestamp: 2026-06-09 02:48:37.750571, function: null, file: null}
Log registered: {message: UploaderService: Resetting upload queue and state., timestamp: 2026-06-09 02:48:37.750618, function: null, file: null}
Log registered: {message: UploaderService: Reset completed., timestamp: 2026-06-09 02:48:37.750660, function: null, file: null}
00:00 +6: /Users/jose/src/work/hydracamv2/test/services/uploader_service_test.dart: estimateTotalTimeRemaining uses completed upload samples
Log registered: {message: UploaderService: Resetting upload queue and state., timestamp: 2026-06-09 02:48:37.751732, function: null, file: null}
Log registered: {message: UploaderService: Reset completed., timestamp: 2026-06-09 02:48:37.751795, function: null, file: null}
Log registered: {message: UploaderService: Resetting upload queue and state., timestamp: 2026-06-09 02:48:37.751958, function: null, file: null}
Log registered: {message: UploaderService: Reset completed., timestamp: 2026-06-09 02:48:37.752006, function: null, file: null}
Log registered: {message: Session started with GUID: uploader-test-guid on device type: Master, timestamp: 2026-06-09 02:48:37.752051, function: null, file: null}
Log registered: {message: UploaderService: Resetting upload queue and state., timestamp: 2026-06-09 02:48:37.752475, function: null, file: null}
Log registered: {message: UploaderService: Reset completed., timestamp: 2026-06-09 02:48:37.752553, function: null, file: null}
Log registered: {message: Session started with GUID: estimate-session-guid on device type: Master, timestamp: 2026-06-09 02:48:37.752611, function: null, file: null}
Log registered: {message: [UploaderService] No uploaded media with valid durations. Returning zero duration., timestamp: 2026-06-09 02:48:37.753145, function: null, file: null}
Log registered: {message: Media added to upload queue: /var/folders/6s/dp27g8gn26j9mp36sjfxb9tw0000gn/T/hydracam_uploader_test4mO1Um/completed-estimate.jpg, timestamp: 2026-06-09 02:48:37.753248, function: null, file: null}
Log registered: {message: Auto-upload is disabled. Media added to queue but not uploaded., timestamp: 2026-06-09 02:48:37.753416, function: null, file: null}
Log registered: {message: Manual upload initiated., timestamp: 2026-06-09 02:48:37.753478, function: null, file: null}
Log registered: {message: UploaderService: _startUploading called. _isUploading=false, queue length=1, timestamp: 2026-06-09 02:48:37.753555, function: null, file: null}
Log registered: {message: UploaderService: _processNextItem called. Queue length=1, timestamp: 2026-06-09 02:48:37.753611, function: null, file: null}
Log registered: {message: UploaderService: sessionGuid=estimate-session-guid, timestamp: 2026-06-09 02:48:37.754023, function: null, file: null}
Log registered: {message: Get token, timestamp: 2026-06-09 02:48:37.754402, function: null, file: null}
Log registered: {message: Media uploaded successfully, timestamp: 2026-06-09 02:48:37.756717, function: null, file: null}
Log registered: {message: Media uploaded: /var/folders/6s/dp27g8gn26j9mp36sjfxb9tw0000gn/T/hydracam_uploader_test4mO1Um/completed-estimate.jpg, timestamp: 2026-06-09 02:48:37.756891, function: null, file: null}
Log registered: {message: Session metadata saved to /var/folders/6s/dp27g8gn26j9mp36sjfxb9tw0000gn/T/uploader_service_docsy3hZNM/session_estimate-session-guid/metadata.json, timestamp: 2026-06-09 02:48:37.757995, function: null, file: null}
Log registered: {message: [UploaderService] Queue is empty. Returning zero duration., timestamp: 2026-06-09 02:48:37.758232, function: null, file: null}
Log registered: {message: UploaderService: _processNextItem called. Queue length=0, timestamp: 2026-06-09 02:48:37.758308, function: null, file: null}
Log registered: {message: UploaderService: Queue is empty. Uploading stopped., timestamp: 2026-06-09 02:48:37.758409, function: null, file: null}
Log registered: {message: [UploaderService] Total bytes uploaded: 100, timestamp: 2026-06-09 02:48:37.758597, function: null, file: null}
Log registered: {message: [UploaderService] Total upload duration: 5 seconds, timestamp: 2026-06-09 02:48:37.758721, function: null, file: null}
Log registered: {message: [UploaderService] Average speed: 20.0 bytes/second, timestamp: 2026-06-09 02:48:37.758803, function: null, file: null}
Log registered: {message: [UploaderService] Remaining bytes to upload: 200, timestamp: 2026-06-09 02:48:37.758875, function: null, file: null}
Log registered: {message: [UploaderService] Estimated time: 10.0 seconds, timestamp: 2026-06-09 02:48:37.758942, function: null, file: null}
Log registered: {message: Media added to upload queue: /var/folders/6s/dp27g8gn26j9mp36sjfxb9tw0000gn/T/hydracam_uploader_test4mO1Um/pending-estimate.jpg, timestamp: 2026-06-09 02:48:37.759002, function: null, file: null}
Log registered: {message: Auto-upload is disabled. Media added to queue but not uploaded., timestamp: 2026-06-09 02:48:37.759092, function: null, file: null}
Log registered: {message: [UploaderService] Total bytes uploaded: 100, timestamp: 2026-06-09 02:48:37.759169, function: null, file: null}
Log registered: {message: [UploaderService] Total upload duration: 5 seconds, timestamp: 2026-06-09 02:48:37.759215, function: null, file: null}
Log registered: {message: [UploaderService] Average speed: 20.0 bytes/second, timestamp: 2026-06-09 02:48:37.759270, function: null, file: null}
Log registered: {message: [UploaderService] Remaining bytes to upload: 200, timestamp: 2026-06-09 02:48:37.759410, function: null, file: null}
Log registered: {message: [UploaderService] Estimated time: 10.0 seconds, timestamp: 2026-06-09 02:48:37.759469, function: null, file: null}
Log registered: {message: Session metadata saved to /var/folders/6s/dp27g8gn26j9mp36sjfxb9tw0000gn/T/uploader_service_docsy3hZNM/session_estimate-session-guid/metadata.json, timestamp: 2026-06-09 02:48:37.760746, function: null, file: null}
Log registered: {message: UploaderService: Resetting upload queue and state., timestamp: 2026-06-09 02:48:37.760858, function: null, file: null}
Log registered: {message: UploaderService: Reset completed., timestamp: 2026-06-09 02:48:37.760918, function: null, file: null}
Log registered: {message: Session ended and uploader reset., timestamp: 2026-06-09 02:48:37.760963, function: null, file: null}
Log registered: {message: UploaderService: Resetting upload queue and state., timestamp: 2026-06-09 02:48:37.761008, function: null, file: null}
Log registered: {message: UploaderService: Reset completed., timestamp: 2026-06-09 02:48:37.761113, function: null, file: null}
00:00 +7: /Users/jose/src/work/hydracamv2/test/services/uploader_service_test.dart: estimateTotalTimeRemaining keeps sub-second upload samples
Log registered: {message: UploaderService: Resetting upload queue and state., timestamp: 2026-06-09 02:48:37.762924, function: null, file: null}
Log registered: {message: UploaderService: Reset completed., timestamp: 2026-06-09 02:48:37.763029, function: null, file: null}
Log registered: {message: UploaderService: Resetting upload queue and state., timestamp: 2026-06-09 02:48:37.763204, function: null, file: null}
Log registered: {message: UploaderService: Reset completed., timestamp: 2026-06-09 02:48:37.763267, function: null, file: null}
Log registered: {message: Session started with GUID: uploader-test-guid on device type: Master, timestamp: 2026-06-09 02:48:37.763312, function: null, file: null}
Log registered: {message: UploaderService: Resetting upload queue and state., timestamp: 2026-06-09 02:48:37.763682, function: null, file: null}
Log registered: {message: UploaderService: Reset completed., timestamp: 2026-06-09 02:48:37.763815, function: null, file: null}
Log registered: {message: Session started with GUID: subsecond-estimate-guid on device type: Master, timestamp: 2026-06-09 02:48:37.763873, function: null, file: null}
Log registered: {message: [UploaderService] No uploaded media with valid durations. Returning zero duration., timestamp: 2026-06-09 02:48:37.764282, function: null, file: null}
Log registered: {message: Media added to upload queue: /var/folders/6s/dp27g8gn26j9mp36sjfxb9tw0000gn/T/hydracam_uploader_testBVPsDV/subsecond-completed.jpg, timestamp: 2026-06-09 02:48:37.764442, function: null, file: null}
Log registered: {message: Auto-upload is disabled. Media added to queue but not uploaded., timestamp: 2026-06-09 02:48:37.764620, function: null, file: null}
Log registered: {message: Manual upload initiated., timestamp: 2026-06-09 02:48:37.764671, function: null, file: null}
Log registered: {message: UploaderService: _startUploading called. _isUploading=false, queue length=1, timestamp: 2026-06-09 02:48:37.764711, function: null, file: null}
Log registered: {message: UploaderService: _processNextItem called. Queue length=1, timestamp: 2026-06-09 02:48:37.764751, function: null, file: null}
Log registered: {message: UploaderService: sessionGuid=subsecond-estimate-guid, timestamp: 2026-06-09 02:48:37.764821, function: null, file: null}
Log registered: {message: Get token, timestamp: 2026-06-09 02:48:37.765162, function: null, file: null}
Log registered: {message: Media uploaded successfully, timestamp: 2026-06-09 02:48:37.766585, function: null, file: null}
Log registered: {message: Media uploaded: /var/folders/6s/dp27g8gn26j9mp36sjfxb9tw0000gn/T/hydracam_uploader_testBVPsDV/subsecond-completed.jpg, timestamp: 2026-06-09 02:48:37.766657, function: null, file: null}
Log registered: {message: Session metadata saved to /var/folders/6s/dp27g8gn26j9mp36sjfxb9tw0000gn/T/uploader_service_docsy3hZNM/session_subsecond-estimate-guid/metadata.json, timestamp: 2026-06-09 02:48:37.767468, function: null, file: null}
Log registered: {message: [UploaderService] Queue is empty. Returning zero duration., timestamp: 2026-06-09 02:48:37.767556, function: null, file: null}
Log registered: {message: UploaderService: _processNextItem called. Queue length=0, timestamp: 2026-06-09 02:48:37.767608, function: null, file: null}
Log registered: {message: UploaderService: Queue is empty. Uploading stopped., timestamp: 2026-06-09 02:48:37.767650, function: null, file: null}
Log registered: {message: [UploaderService] Total bytes uploaded: 100, timestamp: 2026-06-09 02:48:37.767710, function: null, file: null}
Log registered: {message: [UploaderService] Total upload duration: 0 seconds, timestamp: 2026-06-09 02:48:37.767754, function: null, file: null}
Log registered: {message: [UploaderService] Average speed: 200.0 bytes/second, timestamp: 2026-06-09 02:48:37.767797, function: null, file: null}
Log registered: {message: [UploaderService] Remaining bytes to upload: 200, timestamp: 2026-06-09 02:48:37.767837, function: null, file: null}
Log registered: {message: [UploaderService] Estimated time: 1.0 seconds, timestamp: 2026-06-09 02:48:37.767885, function: null, file: null}
Log registered: {message: Media added to upload queue: /var/folders/6s/dp27g8gn26j9mp36sjfxb9tw0000gn/T/hydracam_uploader_testBVPsDV/subsecond-pending.jpg, timestamp: 2026-06-09 02:48:37.767929, function: null, file: null}
Log registered: {message: Auto-upload is disabled. Media added to queue but not uploaded., timestamp: 2026-06-09 02:48:37.767990, function: null, file: null}
Log registered: {message: [UploaderService] Total bytes uploaded: 100, timestamp: 2026-06-09 02:48:37.768035, function: null, file: null}
Log registered: {message: [UploaderService] Total upload duration: 0 seconds, timestamp: 2026-06-09 02:48:37.768073, function: null, file: null}
Log registered: {message: [UploaderService] Average speed: 200.0 bytes/second, timestamp: 2026-06-09 02:48:37.768113, function: null, file: null}
Log registered: {message: [UploaderService] Remaining bytes to upload: 200, timestamp: 2026-06-09 02:48:37.768150, function: null, file: null}
Log registered: {message: [UploaderService] Estimated time: 1.0 seconds, timestamp: 2026-06-09 02:48:37.768182, function: null, file: null}
Log registered: {message: Session metadata saved to /var/folders/6s/dp27g8gn26j9mp36sjfxb9tw0000gn/T/uploader_service_docsy3hZNM/session_subsecond-estimate-guid/metadata.json, timestamp: 2026-06-09 02:48:37.769115, function: null, file: null}
Log registered: {message: UploaderService: Resetting upload queue and state., timestamp: 2026-06-09 02:48:37.769177, function: null, file: null}
Log registered: {message: UploaderService: Reset completed., timestamp: 2026-06-09 02:48:37.769220, function: null, file: null}
Log registered: {message: Session ended and uploader reset., timestamp: 2026-06-09 02:48:37.769260, function: null, file: null}
Log registered: {message: UploaderService: Resetting upload queue and state., timestamp: 2026-06-09 02:48:37.769316, function: null, file: null}
Log registered: {message: UploaderService: Reset completed., timestamp: 2026-06-09 02:48:37.769349, function: null, file: null}
00:00 +8: /Users/jose/src/work/hydracamv2/test/services/uploader_service_test.dart: reset ignores stale in-flight upload completion
Log registered: {message: UploaderService: Resetting upload queue and state., timestamp: 2026-06-09 02:48:37.770621, function: null, file: null}
Log registered: {message: UploaderService: Reset completed., timestamp: 2026-06-09 02:48:37.770678, function: null, file: null}
Log registered: {message: UploaderService: Resetting upload queue and state., timestamp: 2026-06-09 02:48:37.770820, function: null, file: null}
Log registered: {message: UploaderService: Reset completed., timestamp: 2026-06-09 02:48:37.770866, function: null, file: null}
Log registered: {message: Session started with GUID: uploader-test-guid on device type: Master, timestamp: 2026-06-09 02:48:37.770904, function: null, file: null}
Log registered: {message: UploaderService: Resetting upload queue and state., timestamp: 2026-06-09 02:48:37.771263, function: null, file: null}
Log registered: {message: UploaderService: Reset completed., timestamp: 2026-06-09 02:48:37.771318, function: null, file: null}
Log registered: {message: Session started with GUID: old-session-guid on device type: Master, timestamp: 2026-06-09 02:48:37.771361, function: null, file: null}
Log registered: {message: [UploaderService] No uploaded media with valid durations. Returning zero duration., timestamp: 2026-06-09 02:48:37.771568, function: null, file: null}
Log registered: {message: Media added to upload queue: /var/folders/6s/dp27g8gn26j9mp36sjfxb9tw0000gn/T/hydracam_uploader_test6BixY5/inflight.jpg, timestamp: 2026-06-09 02:48:37.771610, function: null, file: null}
Log registered: {message: Auto-upload is disabled. Media added to queue but not uploaded., timestamp: 2026-06-09 02:48:37.771725, function: null, file: null}
Log registered: {message: Manual upload initiated., timestamp: 2026-06-09 02:48:37.771775, function: null, file: null}
Log registered: {message: UploaderService: _startUploading called. _isUploading=false, queue length=1, timestamp: 2026-06-09 02:48:37.771812, function: null, file: null}
Log registered: {message: UploaderService: _processNextItem called. Queue length=1, timestamp: 2026-06-09 02:48:37.771853, function: null, file: null}
Log registered: {message: UploaderService: sessionGuid=old-session-guid, timestamp: 2026-06-09 02:48:37.771896, function: null, file: null}
Log registered: {message: Get token, timestamp: 2026-06-09 02:48:37.772544, function: null, file: null}
Log registered: {message: UploaderService: Resetting upload queue and state., timestamp: 2026-06-09 02:48:37.773083, function: null, file: null}
Log registered: {message: UploaderService: Reset completed., timestamp: 2026-06-09 02:48:37.773152, function: null, file: null}
Log registered: {message: UploaderService: Resetting upload queue and state., timestamp: 2026-06-09 02:48:37.773199, function: null, file: null}
Log registered: {message: UploaderService: Reset completed., timestamp: 2026-06-09 02:48:37.773242, function: null, file: null}
Log registered: {message: Session started with GUID: new-session-guid on device type: Master, timestamp: 2026-06-09 02:48:37.773283, function: null, file: null}
Log registered: {message: Media uploaded successfully, timestamp: 2026-06-09 02:48:37.774457, function: null, file: null}
Log registered: {message: Ignoring stale upload completion after uploader reset or cancellation: /var/folders/6s/dp27g8gn26j9mp36sjfxb9tw0000gn/T/hydracam_uploader_test6BixY5/inflight.jpg, timestamp: 2026-06-09 02:48:37.774545, function: null, file: null}
Log registered: {message: Session metadata saved to /var/folders/6s/dp27g8gn26j9mp36sjfxb9tw0000gn/T/uploader_service_docsy3hZNM/session_new-session-guid/metadata.json, timestamp: 2026-06-09 02:48:37.776017, function: null, file: null}
Log registered: {message: UploaderService: Resetting upload queue and state., timestamp: 2026-06-09 02:48:37.776096, function: null, file: null}
Log registered: {message: UploaderService: Reset completed., timestamp: 2026-06-09 02:48:37.776146, function: null, file: null}
Log registered: {message: Session ended and uploader reset., timestamp: 2026-06-09 02:48:37.776229, function: null, file: null}
Log registered: {message: UploaderService: Resetting upload queue and state., timestamp: 2026-06-09 02:48:37.776277, function: null, file: null}
Log registered: {message: UploaderService: Reset completed., timestamp: 2026-06-09 02:48:37.776317, function: null, file: null}
00:00 +9: /Users/jose/src/work/hydracamv2/test/services/uploader_service_test.dart: cancelCurrentUpload clears active upload and ignores late completion
Log registered: {message: UploaderService: Resetting upload queue and state., timestamp: 2026-06-09 02:48:37.777574, function: null, file: null}
Log registered: {message: UploaderService: Reset completed., timestamp: 2026-06-09 02:48:37.777649, function: null, file: null}
Log registered: {message: UploaderService: Resetting upload queue and state., timestamp: 2026-06-09 02:48:37.777799, function: null, file: null}
Log registered: {message: UploaderService: Reset completed., timestamp: 2026-06-09 02:48:37.777848, function: null, file: null}
Log registered: {message: Session started with GUID: uploader-test-guid on device type: Master, timestamp: 2026-06-09 02:48:37.777889, function: null, file: null}
Log registered: {message: UploaderService: Resetting upload queue and state., timestamp: 2026-06-09 02:48:37.778274, function: null, file: null}
Log registered: {message: UploaderService: Reset completed., timestamp: 2026-06-09 02:48:37.778335, function: null, file: null}
Log registered: {message: Session started with GUID: cancel-session-guid on device type: Master, timestamp: 2026-06-09 02:48:37.778377, function: null, file: null}
Log registered: {message: [UploaderService] No uploaded media with valid durations. Returning zero duration., timestamp: 2026-06-09 02:48:37.778609, function: null, file: null}
Log registered: {message: Media added to upload queue: /var/folders/6s/dp27g8gn26j9mp36sjfxb9tw0000gn/T/hydracam_uploader_testjrdAw6/cancel-inflight.jpg, timestamp: 2026-06-09 02:48:37.778652, function: null, file: null}
Log registered: {message: Auto-upload is disabled. Media added to queue but not uploaded., timestamp: 2026-06-09 02:48:37.778818, function: null, file: null}
Log registered: {message: Manual upload initiated., timestamp: 2026-06-09 02:48:37.778868, function: null, file: null}
Log registered: {message: UploaderService: _startUploading called. _isUploading=false, queue length=1, timestamp: 2026-06-09 02:48:37.778910, function: null, file: null}
Log registered: {message: UploaderService: _processNextItem called. Queue length=1, timestamp: 2026-06-09 02:48:37.778953, function: null, file: null}
Log registered: {message: UploaderService: sessionGuid=cancel-session-guid, timestamp: 2026-06-09 02:48:37.778994, function: null, file: null}
Log registered: {message: Get token, timestamp: 2026-06-09 02:48:37.779349, function: null, file: null}
Log registered: {message: Cancelled in-flight API requests., timestamp: 2026-06-09 02:48:37.779985, function: null, file: null}
Log registered: {message: [UploaderService] Queue is empty. Returning zero duration., timestamp: 2026-06-09 02:48:37.780074, function: null, file: null}
Log registered: {message: Cancelled active upload: /var/folders/6s/dp27g8gn26j9mp36sjfxb9tw0000gn/T/hydracam_uploader_testjrdAw6/cancel-inflight.jpg, timestamp: 2026-06-09 02:48:37.780126, function: null, file: null}
Log registered: {message: Media uploaded successfully, timestamp: 2026-06-09 02:48:37.781402, function: null, file: null}
Log registered: {message: Ignoring stale upload completion after uploader reset or cancellation: /var/folders/6s/dp27g8gn26j9mp36sjfxb9tw0000gn/T/hydracam_uploader_testjrdAw6/cancel-inflight.jpg, timestamp: 2026-06-09 02:48:37.781468, function: null, file: null}
Log registered: {message: Session metadata saved to /var/folders/6s/dp27g8gn26j9mp36sjfxb9tw0000gn/T/uploader_service_docsy3hZNM/session_cancel-session-guid/metadata.json, timestamp: 2026-06-09 02:48:37.782351, function: null, file: null}
Log registered: {message: UploaderService: Resetting upload queue and state., timestamp: 2026-06-09 02:48:37.782423, function: null, file: null}
Log registered: {message: UploaderService: Reset completed., timestamp: 2026-06-09 02:48:37.782490, function: null, file: null}
Log registered: {message: Session ended and uploader reset., timestamp: 2026-06-09 02:48:37.782529, function: null, file: null}
Log registered: {message: UploaderService: Resetting upload queue and state., timestamp: 2026-06-09 02:48:37.782605, function: null, file: null}
Log registered: {message: UploaderService: Reset completed., timestamp: 2026-06-09 02:48:37.782694, function: null, file: null}
00:00 +10: /Users/jose/src/work/hydracamv2/test/services/uploader_service_test.dart: cancelCurrentUpload closes the active HTTP client
Log registered: {message: UploaderService: Resetting upload queue and state., timestamp: 2026-06-09 02:48:37.784542, function: null, file: null}
Log registered: {message: UploaderService: Reset completed., timestamp: 2026-06-09 02:48:37.784605, function: null, file: null}
Log registered: {message: UploaderService: Resetting upload queue and state., timestamp: 2026-06-09 02:48:37.784747, function: null, file: null}
Log registered: {message: UploaderService: Reset completed., timestamp: 2026-06-09 02:48:37.784792, function: null, file: null}
Log registered: {message: Session started with GUID: uploader-test-guid on device type: Master, timestamp: 2026-06-09 02:48:37.784867, function: null, file: null}
Log registered: {message: UploaderService: Resetting upload queue and state., timestamp: 2026-06-09 02:48:37.785369, function: null, file: null}
Log registered: {message: UploaderService: Reset completed., timestamp: 2026-06-09 02:48:37.785463, function: null, file: null}
Log registered: {message: Session started with GUID: cancel-http-session-guid on device type: Master, timestamp: 2026-06-09 02:48:37.785541, function: null, file: null}
Log registered: {message: [UploaderService] No uploaded media with valid durations. Returning zero duration., timestamp: 2026-06-09 02:48:37.785842, function: null, file: null}
Log registered: {message: Media added to upload queue: /var/folders/6s/dp27g8gn26j9mp36sjfxb9tw0000gn/T/hydracam_uploader_testnbQnSd/cancel-http.jpg, timestamp: 2026-06-09 02:48:37.785922, function: null, file: null}
Log registered: {message: Auto-upload is disabled. Media added to queue but not uploaded., timestamp: 2026-06-09 02:48:37.786129, function: null, file: null}
Log registered: {message: Manual upload initiated., timestamp: 2026-06-09 02:48:37.786177, function: null, file: null}
Log registered: {message: UploaderService: _startUploading called. _isUploading=false, queue length=1, timestamp: 2026-06-09 02:48:37.786220, function: null, file: null}
Log registered: {message: UploaderService: _processNextItem called. Queue length=1, timestamp: 2026-06-09 02:48:37.786268, function: null, file: null}
Log registered: {message: UploaderService: sessionGuid=cancel-http-session-guid, timestamp: 2026-06-09 02:48:37.786378, function: null, file: null}
Log registered: {message: Get token, timestamp: 2026-06-09 02:48:37.786877, function: null, file: null}
Log registered: {message: Cancelled in-flight API requests., timestamp: 2026-06-09 02:48:37.787456, function: null, file: null}
Log registered: {message: [UploaderService] Queue is empty. Returning zero duration., timestamp: 2026-06-09 02:48:37.787529, function: null, file: null}
Log registered: {message: Cancelled active upload: /var/folders/6s/dp27g8gn26j9mp36sjfxb9tw0000gn/T/hydracam_uploader_testnbQnSd/cancel-http.jpg, timestamp: 2026-06-09 02:48:37.787579, function: null, file: null}
Log registered: {message: Media uploaded successfully, timestamp: 2026-06-09 02:48:37.789202, function: null, file: null}
Log registered: {message: Ignoring stale upload completion after uploader reset or cancellation: /var/folders/6s/dp27g8gn26j9mp36sjfxb9tw0000gn/T/hydracam_uploader_testnbQnSd/cancel-http.jpg, timestamp: 2026-06-09 02:48:37.789268, function: null, file: null}
Log registered: {message: Session metadata saved to /var/folders/6s/dp27g8gn26j9mp36sjfxb9tw0000gn/T/uploader_service_docsy3hZNM/session_cancel-http-session-guid/metadata.json, timestamp: 2026-06-09 02:48:37.790488, function: null, file: null}
Log registered: {message: UploaderService: Resetting upload queue and state., timestamp: 2026-06-09 02:48:37.790609, function: null, file: null}
Log registered: {message: UploaderService: Reset completed., timestamp: 2026-06-09 02:48:37.790657, function: null, file: null}
Log registered: {message: Session ended and uploader reset., timestamp: 2026-06-09 02:48:37.790696, function: null, file: null}
Log registered: {message: UploaderService: Resetting upload queue and state., timestamp: 2026-06-09 02:48:37.790761, function: null, file: null}
Log registered: {message: UploaderService: Reset completed., timestamp: 2026-06-09 02:48:37.790796, function: null, file: null}
00:00 +11: /Users/jose/src/work/hydracamv2/test/services/uploader_service_test.dart: (tearDownAll)
00:00 +11: /Users/jose/src/work/hydracamv2/test/slave/slave_client_registration_test.dart: slave registers before waiting for network payload
Log registered: {message: Retrieved existing Device ID: test-device, timestamp: 2026-06-09 02:48:38.092778, function: null, file: null}
Log registered: {message: Attempting to connect to master WebSocket at ws://127.0.0.1:62395/ws with Device ID: test-device, timestamp: 2026-06-09 02:48:38.094957, function: null, file: null}
Log registered: {message: Connected to WebSocket at ws://127.0.0.1:62395/ws, timestamp: 2026-06-09 02:48:38.096669, function: null, file: null}
Log registered: {message: Connection closed, timestamp: 2026-06-09 02:48:38.114928, function: null, file: null}
Trace file unavailable: MissingPluginException(No implementation found for method getApplicationDocumentsDirectory on channel plugins.flutter.io/path_provider)
00:00 +12: /Users/jose/src/work/hydracamv2/test/slave/slave_client_registration_test.dart: slave heartbeat includes camera setup status when available
Log registered: {message: Retrieved existing Device ID: test-device, timestamp: 2026-06-09 02:48:38.123322, function: null, file: null}
Log registered: {message: Attempting to connect to master WebSocket at ws://127.0.0.1:62397/ws with Device ID: test-device, timestamp: 2026-06-09 02:48:38.123499, function: null, file: null}
Log registered: {message: Connected to WebSocket at ws://127.0.0.1:62397/ws, timestamp: 2026-06-09 02:48:38.123873, function: null, file: null}
Log registered: {message: Connection closed, timestamp: 2026-06-09 02:48:38.128829, function: null, file: null}
00:00 +13: /Users/jose/src/work/hydracamv2/test/screens/uploader_info_screen_test.dart: (setUpAll)
00:00 +13: /Users/jose/src/work/hydracamv2/test/slave/slave_client_registration_test.dart: slave heartbeat reports active session guid
Log registered: {message: UploaderService: Resetting upload queue and state., timestamp: 2026-06-09 02:48:38.135266, function: null, file: null}
Log registered: {message: UploaderService: Reset completed., timestamp: 2026-06-09 02:48:38.135738, function: null, file: null}
Log registered: {message: Session started with GUID: slave-session-guid on device type: Slave, timestamp: 2026-06-09 02:48:38.136060, function: null, file: null}
Log registered: {message: Retrieved existing Device ID: test-device, timestamp: 2026-06-09 02:48:38.136769, function: null, file: null}
Log registered: {message: Attempting to connect to master WebSocket at ws://127.0.0.1:62399/ws with Device ID: test-device, timestamp: 2026-06-09 02:48:38.136893, function: null, file: null}
Log registered: {message: Connected to WebSocket at ws://127.0.0.1:62399/ws, timestamp: 2026-06-09 02:48:38.137264, function: null, file: null}
00:00 +13: /Users/jose/src/work/hydracamv2/test/screens/uploader_info_screen_test.dart: cancel action clears the current upload row
Log registered: {message: UploaderService: Resetting upload queue and state., timestamp: 2026-06-09 02:48:38.138021, function: null, file: null}
Log registered: {message: UploaderService: Reset completed., timestamp: 2026-06-09 02:48:38.140622, function: null, file: null}
00:00 +13: /Users/jose/src/work/hydracamv2/test/slave/slave_client_registration_test.dart: slave heartbeat reports active session guid
Log registered: {message: Connection closed, timestamp: 2026-06-09 02:48:38.141947, function: null, file: null}
Log registered: {message: Error saving session metadata: MissingPluginException(No implementation found for method getApplicationDocumentsDirectory on channel plugins.flutter.io/path_provider), timestamp: 2026-06-09 02:48:38.144076, function: null, file: null}
Log registered: {message: UploaderService: Resetting upload queue and state., timestamp: 2026-06-09 02:48:38.144241, function: null, file: null}
Log registered: {message: UploaderService: Reset completed., timestamp: 2026-06-09 02:48:38.144308, function: null, file: null}
Log registered: {message: Session ended and uploader reset., timestamp: 2026-06-09 02:48:38.144380, function: null, file: null}
00:00 +14: /Users/jose/src/work/hydracamv2/test/screens/uploader_info_screen_test.dart: cancel action clears the current upload row
00:00 +14: /Users/jose/src/work/hydracamv2/test/slave/slave_client_registration_test.dart: auto-record starts recording when sessionStarted arrives
Log registered: {message: Retrieved existing Device ID: test-device, timestamp: 2026-06-09 02:48:38.147522, function: null, file: null}
Log registered: {message: Attempting to connect to master WebSocket at ws://127.0.0.1:62401/ws with Device ID: test-device, timestamp: 2026-06-09 02:48:38.147731, function: null, file: null}
Log registered: {message: Connected to WebSocket at ws://127.0.0.1:62401/ws, timestamp: 2026-06-09 02:48:38.148108, function: null, file: null}
Log registered: {message: Command received from master: {"command":"sessionStarted","sessionGuid":"auto-record-session"}, timestamp: 2026-06-09 02:48:38.151760, function: null, file: null}
Log registered: {message: Command: {"command":"sessionStarted","sessionGuid":"auto-record-session"}, timestamp: 2026-06-09 02:48:38.152378, function: null, file: null}
Log registered: {message: Session guid: auto-record-session, timestamp: 2026-06-09 02:48:38.152473, function: null, file: null}
Log registered: {message: UploaderService: Resetting upload queue and state., timestamp: 2026-06-09 02:48:38.152661, function: null, file: null}
Log registered: {message: UploaderService: Reset completed., timestamp: 2026-06-09 02:48:38.152745, function: null, file: null}
Log registered: {message: Session started with GUID: auto-record-session on device type: Slave, timestamp: 2026-06-09 02:48:38.152813, function: null, file: null}
Log registered: {message: Get token, timestamp: 2026-06-09 02:48:38.153370, function: null, file: null}
Log registered: {message: Fetch token, timestamp: 2026-06-09 02:48:38.153664, function: null, file: null}
Log registered: {message: Auto-record starting recording for active session auto-record-session., timestamp: 2026-06-09 02:48:38.159734, function: null, file: null}
Log registered: {message: Starting video recording, timestamp: 2026-06-09 02:48:38.160307, function: null, file: null}
Log registered: {message: Mock camera ready for native controller mode on macOS., timestamp: 2026-06-09 02:48:38.160748, function: null, file: null}
Log registered: {message: Retrieved existing Device ID: test-device, timestamp: 2026-06-09 02:48:38.163496, function: null, file: null}
Log registered: {message: Mock video recording started for native controller mode., timestamp: 2026-06-09 02:48:38.163910, function: null, file: null}
Log registered: {message: Failed to fetch M2M token: , timestamp: 2026-06-09 02:48:38.164581, function: null, file: null}
Log registered: {message: Error on POST device/ReadyToTransmit: Exception: Failed to retrieve M2M token, timestamp: 2026-06-09 02:48:38.164777, function: null, file: null}
Log registered: {message: Failed to notify server: No response, timestamp: 2026-06-09 02:48:38.164851, function: null, file: null}
Log registered: {message: Connection closed, timestamp: 2026-06-09 02:48:38.164961, function: null, file: null}
Log registered: {message: Mock video saved to session path: /var/folders/6s/dp27g8gn26j9mp36sjfxb9tw0000gn/T/slave_client_docswvhkzx/session_auto-record-session/mock_1_2026-06-09T02-48-38-165899.mp4, timestamp: 2026-06-09 02:48:38.171637, function: null, file: null}
Log registered: {message: Session metadata saved to /var/folders/6s/dp27g8gn26j9mp36sjfxb9tw0000gn/T/slave_client_docswvhkzx/session_auto-record-session/metadata.json, timestamp: 2026-06-09 02:48:38.172548, function: null, file: null}
Log registered: {message: UploaderService: Resetting upload queue and state., timestamp: 2026-06-09 02:48:38.172668, function: null, file: null}
Log registered: {message: UploaderService: Reset completed., timestamp: 2026-06-09 02:48:38.173061, function: null, file: null}
Log registered: {message: Session ended and uploader reset., timestamp: 2026-06-09 02:48:38.173172, function: null, file: null}
00:00 +15: /Users/jose/src/work/hydracamv2/test/screens/uploader_info_screen_test.dart: cancel action clears the current upload row
00:00 +15: /Users/jose/src/work/hydracamv2/test/slave/slave_client_registration_test.dart: startUploadingAll command starts pending upload queue
Log registered: {message: UploaderService: Resetting upload queue and state., timestamp: 2026-06-09 02:48:38.175475, function: null, file: null}
Log registered: {message: UploaderService: Reset completed., timestamp: 2026-06-09 02:48:38.175587, function: null, file: null}
Log registered: {message: UploaderService: Resetting upload queue and state., timestamp: 2026-06-09 02:48:38.175651, function: null, file: null}
Log registered: {message: UploaderService: Reset completed., timestamp: 2026-06-09 02:48:38.175739, function: null, file: null}
Log registered: {message: Session started with GUID: backend-upload-session on device type: Slave, timestamp: 2026-06-09 02:48:38.175808, function: null, file: null}
Log registered: {message: [UploaderService] No uploaded media with valid durations. Returning zero duration., timestamp: 2026-06-09 02:48:38.177582, function: null, file: null}
Log registered: {message: Media added to upload queue: /var/folders/6s/dp27g8gn26j9mp36sjfxb9tw0000gn/T/slave_upload_commandQSRNcE/queued-photo.jpg, timestamp: 2026-06-09 02:48:38.177726, function: null, file: null}
Log registered: {message: Auto-upload is disabled. Media added to queue but not uploaded., timestamp: 2026-06-09 02:48:38.177952, function: null, file: null}
Log registered: {message: Retrieved existing Device ID: test-device, timestamp: 2026-06-09 02:48:38.178411, function: null, file: null}
Log registered: {message: Attempting to connect to master WebSocket at ws://127.0.0.1:62403/ws with Device ID: test-device, timestamp: 2026-06-09 02:48:38.178482, function: null, file: null}
Log registered: {message: Connected to WebSocket at ws://127.0.0.1:62403/ws, timestamp: 2026-06-09 02:48:38.178776, function: null, file: null}
Log registered: {message: Command received from master: {"command":"startUploadingAll"}, timestamp: 2026-06-09 02:48:38.181994, function: null, file: null}
Log registered: {message: Start-upload-all command received from master., timestamp: 2026-06-09 02:48:38.182256, function: null, file: null}
Log registered: {message: Manual upload initiated., timestamp: 2026-06-09 02:48:38.182381, function: null, file: null}
Log registered: {message: UploaderService: _startUploading called. _isUploading=false, queue length=1, timestamp: 2026-06-09 02:48:38.182541, function: null, file: null}
Log registered: {message: UploaderService: _processNextItem called. Queue length=1, timestamp: 2026-06-09 02:48:38.182897, function: null, file: null}
Log registered: {message: UploaderService: sessionGuid=backend-upload-session, timestamp: 2026-06-09 02:48:38.183067, function: null, file: null}
Log registered: {message: Get token, timestamp: 2026-06-09 02:48:38.183948, function: null, file: null}
Log registered: {message: Fetch token, timestamp: 2026-06-09 02:48:38.184027, function: null, file: null}
Log registered: {message: Failed to fetch M2M token: , timestamp: 2026-06-09 02:48:38.184392, function: null, file: null}
Log registered: {message: Error uploading media: Exception: Failed to retrieve M2M token, timestamp: 2026-06-09 02:48:38.184511, function: null, file: null}
Log registered: {message: Failed to upload media: /var/folders/6s/dp27g8gn26j9mp36sjfxb9tw0000gn/T/slave_upload_commandQSRNcE/queued-photo.jpg, timestamp: 2026-06-09 02:48:38.184622, function: null, file: null}
Log registered: {message: Session metadata saved to /var/folders/6s/dp27g8gn26j9mp36sjfxb9tw0000gn/T/slave_client_docswvhkzx/session_backend-upload-session/metadata.json, timestamp: 2026-06-09 02:48:38.185310, function: null, file: null}
Log registered: {message: [UploaderService] Queue is empty. Returning zero duration., timestamp: 2026-06-09 02:48:38.185409, function: null, file: null}
Log registered: {message: UploaderService: _processNextItem called. Queue length=0, timestamp: 2026-06-09 02:48:38.185469, function: null, file: null}
Log registered: {message: UploaderService: Queue is empty. Uploading stopped., timestamp: 2026-06-09 02:48:38.185521, function: null, file: null}
Log registered: {message: Connection closed, timestamp: 2026-06-09 02:48:38.190415, function: null, file: null}
Log registered: {message: UploaderService: Resetting upload queue and state., timestamp: 2026-06-09 02:48:38.190703, function: null, file: null}
Log registered: {message: UploaderService: Reset completed., timestamp: 2026-06-09 02:48:38.190780, function: null, file: null}
Log registered: {message: Session metadata saved to /var/folders/6s/dp27g8gn26j9mp36sjfxb9tw0000gn/T/slave_client_docswvhkzx/session_backend-upload-session/metadata.json, timestamp: 2026-06-09 02:48:38.192334, function: null, file: null}
Log registered: {message: UploaderService: Resetting upload queue and state., timestamp: 2026-06-09 02:48:38.192454, function: null, file: null}
Log registered: {message: UploaderService: Reset completed., timestamp: 2026-06-09 02:48:38.192526, function: null, file: null}
Log registered: {message: Session ended and uploader reset., timestamp: 2026-06-09 02:48:38.192574, function: null, file: null}
00:00 +16: /Users/jose/src/work/hydracamv2/test/screens/uploader_info_screen_test.dart: cancel action clears the current upload row
00:00 +16: /Users/jose/src/work/hydracamv2/test/slave/slave_client_registration_test.dart: identifySlave command replies with identifyAck
Log registered: {message: UploaderService: Resetting upload queue and state., timestamp: 2026-06-09 02:48:38.194223, function: null, file: null}
Log registered: {message: UploaderService: Reset completed., timestamp: 2026-06-09 02:48:38.194319, function: null, file: null}
Log registered: {message: Session started with GUID: slave-session-guid on device type: Slave, timestamp: 2026-06-09 02:48:38.194393, function: null, file: null}
Log registered: {message: Retrieved existing Device ID: test-device, timestamp: 2026-06-09 02:48:38.194820, function: null, file: null}
Log registered: {message: Attempting to connect to master WebSocket at ws://127.0.0.1:62405/ws with Device ID: test-device, timestamp: 2026-06-09 02:48:38.194885, function: null, file: null}
Log registered: {message: Connected to WebSocket at ws://127.0.0.1:62405/ws, timestamp: 2026-06-09 02:48:38.195413, function: null, file: null}
Log registered: {message: Command received from master: {"command":"identifySlave","requestId":"identify-test"}, timestamp: 2026-06-09 02:48:38.198509, function: null, file: null}
Log registered: {message: Sent identifyAck notification to master, timestamp: 2026-06-09 02:48:38.198899, function: null, file: null}
Log registered: {message: Connection closed, timestamp: 2026-06-09 02:48:38.199229, function: null, file: null}
Log registered: {message: Session metadata saved to /var/folders/6s/dp27g8gn26j9mp36sjfxb9tw0000gn/T/slave_client_docswvhkzx/session_slave-session-guid/metadata.json, timestamp: 2026-06-09 02:48:38.200431, function: null, file: null}
Log registered: {message: UploaderService: Resetting upload queue and state., timestamp: 2026-06-09 02:48:38.200523, function: null, file: null}
Log registered: {message: UploaderService: Reset completed., timestamp: 2026-06-09 02:48:38.200575, function: null, file: null}
Log registered: {message: Session ended and uploader reset., timestamp: 2026-06-09 02:48:38.200618, function: null, file: null}
00:00 +17: /Users/jose/src/work/hydracamv2/test/screens/uploader_info_screen_test.dart: cancel action clears the current upload row
00:00 +17: /Users/jose/src/work/hydracamv2/test/slave/slave_client_registration_test.dart: scheduled command applies master clock offset before countdown
Log registered: {message: Retrieved existing Device ID: test-device, timestamp: 2026-06-09 02:48:38.202094, function: null, file: null}
Log registered: {message: Attempting to connect to master WebSocket at ws://127.0.0.1:62407/ws with Device ID: test-device, timestamp: 2026-06-09 02:48:38.202165, function: null, file: null}
Log registered: {message: Connected to WebSocket at ws://127.0.0.1:62407/ws, timestamp: 2026-06-09 02:48:38.202400, function: null, file: null}
Log registered: {message: Command received from master: {"type":"scheduledCommand","command":"takePhoto","scheduledTime":"2026-06-08T20:35:05.000Z","masterTime":"2026-06-08T20:35:02.000Z"}, timestamp: 2026-06-09 02:48:38.205250, function: null, file: null}
Log registered: {message: Updated slave scheduled clock offset from master: 2000 ms., timestamp: 2026-06-09 02:48:38.206029, function: null, file: null}
Log registered: {message: Command 'takePhoto' scheduled for 2026-06-08 20:35:05.000Z., timestamp: 2026-06-09 02:48:38.206328, function: null, file: null}
Log registered: {message: Connection closed, timestamp: 2026-06-09 02:48:38.206766, function: null, file: null}
00:00 +18: /Users/jose/src/work/hydracamv2/test/screens/uploader_info_screen_test.dart: cancel action clears the current upload row
Log registered: {message: UploaderService: Resetting upload queue and state., timestamp: 2026-06-09 02:48:38.243059, function: null, file: null}
Log registered: {message: UploaderService: Reset completed., timestamp: 2026-06-09 02:48:38.243297, function: null, file: null}
Log registered: {message: Session started with GUID: uploader-info-session-guid on device type: Slave, timestamp: 2026-06-09 02:48:38.243553, function: null, file: null}
Log registered: {message: [UploaderService] Queue is empty. Returning zero duration., timestamp: 2026-06-09 02:48:38.554562, function: null, file: null}
Log registered: {message: Cancelled active upload: /var/folders/6s/dp27g8gn26j9mp36sjfxb9tw0000gn/T/uploader_info_screen_testDv2m5z/current-upload.mp4, timestamp: 2026-06-09 02:48:38.554821, function: null, file: null}
Log registered: {message: Session metadata saved to /var/folders/6s/dp27g8gn26j9mp36sjfxb9tw0000gn/T/uploader_info_screen_docsToRvk8/session_uploader-info-session-guid/metadata.json, timestamp: 2026-06-09 02:48:38.604946, function: null, file: null}
Log registered: {message: UploaderService: Resetting upload queue and state., timestamp: 2026-06-09 02:48:38.605221, function: null, file: null}
Log registered: {message: UploaderService: Reset completed., timestamp: 2026-06-09 02:48:38.605310, function: null, file: null}
Log registered: {message: Session ended and uploader reset., timestamp: 2026-06-09 02:48:38.605374, function: null, file: null}
Log registered: {message: UploaderService: Resetting upload queue and state., timestamp: 2026-06-09 02:48:38.605442, function: null, file: null}
Log registered: {message: UploaderService: Reset completed., timestamp: 2026-06-09 02:48:38.605514, function: null, file: null}
00:00 +19: /Users/jose/src/work/hydracamv2/test/screens/uploader_info_screen_test.dart: (tearDownAll)
00:01 +19: /Users/jose/src/work/hydracamv2/test/screens/session_details_screen_test.dart: (setUpAll)
00:01 +19: /Users/jose/src/work/hydracamv2/test/screens/session_details_screen_test.dart: session details shows player assignment backend state
00:01 +20: /Users/jose/src/work/hydracamv2/test/screens/session_details_screen_test.dart: session details title prefers the session guid
00:01 +21: /Users/jose/src/work/hydracamv2/test/screens/session_details_screen_test.dart: load session action falls back to session id without guid
Log registered: {message: No metadata file found for session snapshot legacy-session-id, timestamp: 2026-06-09 02:48:39.225067, function: null, file: null}
00:01 +22: /Users/jose/src/work/hydracamv2/test/screens/session_details_screen_test.dart: (tearDownAll)
00:01 +22: All tests passed!

[stderr]
The following plugins do not support Swift Package Manager for ios:
  - photo_manager
  - permission_handler_apple
  - disk_space_plus
This will become an error in a future version of Flutter. Please contact the plugin maintainers to request Swift Package Manager adoption.
The following plugins do not support Swift Package Manager for macos:
  - photo_manager
This will become an error in a future version of Flutter. Please contact the plugin maintainers to request Swift Package Manager adoption.
[exit-code] 0

$ flutter test test/l10n/app_localizations_test.dart
00:00 +0: loading /Users/jose/src/work/hydracamv2/test/l10n/app_localizations_test.dart
00:00 +0: seeded translations use locale-native spelling
00:00 +1: All tests passed!

[stderr]
The following plugins do not support Swift Package Manager for ios:
  - photo_manager
  - permission_handler_apple
  - disk_space_plus
This will become an error in a future version of Flutter. Please contact the plugin maintainers to request Swift Package Manager adoption.
The following plugins do not support Swift Package Manager for macos:
  - photo_manager
This will become an error in a future version of Flutter. Please contact the plugin maintainers to request Swift Package Manager adoption.
[exit-code] 0

$ git diff --check
[exit-code] 0

$ flutter analyze --no-pub
Analyzing hydracamv2...
No issues found! (ran in 4.4s)
[exit-code] 0

$ flutter test
This crash may already be reported. Check GitHub for similar crashes.
https://github.com/flutter/flutter/issues?q=is%3Aissue+FileSystemException%3A+Deletion+failed%2C+path+%3D+%27%2FUsers%2Fjose%2Fsrc%2Fwork%2Fhydracamv2%2Fios%2FFlutter%2Fephemeral%2FPackages%2F.packages%27+%28OS+Error%3A+Directory+not+empty%2C+errno+%3D+66%29

To report your crash to the Flutter team, first read the guide to filing a bug.
https://flutter.dev/to/report-bugs

Create a new GitHub issue by pasting this link into your browser and completing the issue template. Thank you!
https://github.com/flutter/flutter/issues/new?title=%5Btool_crash%5D+FileSystemException%3A+Deletion+failed%2C+OS+Error%3A+Directory+not+empty%2C+errno+%3D+66&body=%23%23+Command%0A%60%60%60sh%0Aflutter+test%0A%60%60%60%0A%0A%23%23+Steps+to+Reproduce%0A1.+...%0A2.+...%0A3.+...%0A%0A%23%23+Logs%0AFileSystemException%3A+Deletion+failed%2C+OS+Error%3A+Directory+not+empty%2C+errno+%3D+66%0A%60%60%60console%0A%230++++++_Directory._deleteSync+%28dart%3Aio%2Fdirectory_impl.dart%3A216%3A7%29%0A%231++++++FileSystemEntity.deleteSync+%28dart%3Aio%2Ffile_system_entity.dart%3A425%3A7%29%0A%232++++++ForwardingFileSystemEntity.deleteSync+%28package%3Afile%2Fsrc%2Fforwarding%2Fforwarding_file_system_entity.dart%3A70%3A16%29%0A%233++++++ErrorHandlingDirectory.deleteSync.%3Canonymous+closure%3E+%28package%3Aflutter_tools%2Fsrc%2Fbase%2Ferror_handling_io.dart%3A451%3A22%29%0A%234++++++_runSync+%28package%3Aflutter_tools%2Fsrc%2Fbase%2Ferror_handling_io.dart%3A552%3A14%29%0A%235++++++ErrorHandlingDirectory.deleteSync+%28package%3Aflutter_tools%2Fsrc%2Fbase%2Ferror_handling_io.dart%3A450%3A12%29%0A%236++++++ErrorHandlingFileSystem.deleteIfExists+%28package%3Aflutter_tools%2Fsrc%2Fbase%2Ferror_handling_io.dart%3A90%3A14%29%0A%237++++++SwiftPackageManager.generatePluginsSwiftPackage+%28package%3Aflutter_tools%2Fsrc%2Fmacos%2Fswift_package_manager.dart%3A66%3A29%29%0A%238++++++DarwinDependencyManagement.setUp+%28package%3Aflutter_tools%2Fsrc%2Fmacos%2Fdarwin_dependency_management.dart%3A77%3A34%29%0A%239++++++injectPlugins+%28package%3Aflutter_tools%2Fsrc%2Fflutter_plugins.dart%3A1378%3A42%29%0A%3Casynchronous+suspension%3E%0A%2310+++++FlutterProject.ensureReadyForPlatformSpecificTooling+%28package%3Aflutter_tools%2Fsrc%2Fproject.dart%3A420%3A5%29%0A%3Casynchronous+suspension%3E%0A%2311+++++FlutterCommand.regeneratePlatformSpecificToolingIfApplicable+%28package%3Aflutter_tools%2Fsrc%2Frunner%2Fflutter_command.dart%3A2010%3A5%29%0A%3Casynchronous+suspension%3E%0A%2312+++++FlutterCommand.verifyThenRunCommand+%28package%3Aflutter_tools%2Fsrc%2Frunner%2Fflutter_command.dart%3A1966%3A7%29%0A%3Casynchronous+suspension%3E%0A%2313+++++FlutterCommand.run.%3Canonymous+closure%3E+%28package%3Aflutter_tools%2Fsrc%2Frunner%2Fflutter_command.dart%3A1630%3A27%29%0A%3Casynchronous+suspension%3E%0A%2314+++++AppContext.run.%3Canonymous+closure%3E+%28package%3Aflutter_tools%2Fsrc%2Fbase%2Fcontext.dart%3A154%3A19%29%0A%3Casynchronous+suspension%3E%0A%2315+++++CommandRunner.runCommand+%28package%3Aargs%2Fcommand_runner.dart%3A212%3A13%29%0A%3Casynchronous+suspension%3E%0A%2316+++++FlutterCommandRunner.runCommand.%3Canonymous+closure%3E+%28package%3Aflutter_tools%2Fsrc%2Frunner%2Fflutter_command_runner.dart%3A496%3A9%29%0A%3Casynchronous+suspension%3E%0A%60%60%60%0A%60%60%60console%0A%5B%E2%9C%93%5D+Flutter+%28Channel+stable%2C+3.44.1%2C+on+macOS+26.4.1+25E253+darwin-arm64%2C+locale+en-US%29+%5B583ms%5D%0A++++%E2%80%A2+Flutter+version+3.44.1+on+channel+stable+at+%2Fopt%2Fhomebrew%2FCaskroom%2Fflutter%2F3.29.3%2Fflutter%0A++++%E2%80%A2+Upstream+repository+https%3A%2F%2Fgithub.com%2Fflutter%2Fflutter.git%0A++++%E2%80%A2+Framework+revision+924134a44c+%2810+days+ago%29%2C+2026-05-29+12%3A13%3A22+-0400%0A++++%E2%80%A2+Engine+revision+c416acfeb8%0A++++%E2%80%A2+Dart+version+3.12.1%0A++++%E2%80%A2+DevTools+version+2.57.0%0A++++%E2%80%A2+Feature+flags%3A+enable-web%2C+enable-linux-desktop%2C+enable-macos-desktop%2C+enable-windows-desktop%2C+enable-android%2C+enable-ios%2C+cli-animations%2C+enable-native-assets%2C+enable-swift-package-manager%2C+omit-legacy-version-file%2C+enable-lldb-debugging%2C+enable-uiscene-migration%0A%0A%5B%E2%9C%93%5D+Android+toolchain+-+develop+for+Android+devices+%28Android+SDK+version+36.0.0%29+%5B12.5s%5D%0A++++%E2%80%A2+Android+SDK+at+%2FUsers%2Fjose%2FLibrary%2FAndroid%2Fsdk%0A++++%E2%80%A2+Emulator+version+36.4.9.0+%28build_id+14788078%29+%28CL%3AN%2FA%29%0A++++%E2%80%A2+Platform+android-36%2C+build-tools+36.0.0%0A++++%E2%80%A2+ANDROID_HOME+%3D+%2FUsers%2Fjose%2FLibrary%2FAndroid%2Fsdk%0A++++%E2%80%A2+Java+binary+at%3A+%2Fopt%2Fhomebrew%2Fopt%2Fopenjdk%4017%2Flibexec%2Fopenjdk.jdk%2FContents%2FHome%2Fbin%2Fjava%0A++++++This+JDK+is+specified+in+your+Flutter+configuration.%0A++++++To+change+the+current+JDK%2C+run%3A+%60flutter+config+--jdk-dir%3D%22path%2Fto%2Fjdk%22%60.%0A++++%E2%80%A2+Java+version+OpenJDK+Runtime+Environment+Homebrew+%28build+17.0.19%2B0%29%0A++++%E2%80%A2+All+Android+licenses+accepted.%0A%0A%5B%E2%9C%93%5D+Xcode+-+develop+for+iOS+and+macOS+%28Xcode+26.5%29+%5B934ms%5D%0A++++%E2%80%A2+Xcode+at+%2FApplications%2FXcode.app%2FContents%2FDeveloper%0A++++%E2%80%A2+Build+17F42%0A++++%E2%80%A2+CocoaPods+version+1.16.2%0A%0A%5B%E2%9C%93%5D+Chrome+-+develop+for+the+web+%5B5ms%5D%0A++++%E2%80%A2+Chrome+at+%2FApplications%2FGoogle+Chrome.app%2FContents%2FMacOS%2FGoogle+Chrome%0A%0A%5B%E2%9C%93%5D+Connected+device+%289+available%29+%5B6.6s%5D%0A++++%E2%80%A2+SM+G960F+%28mobile%29+++++++++++++++++++++++%E2%80%A2+29d816ac550b7ece+++++++++++++++++++++++++%E2%80%A2+android-arm64++%E2%80%A2+Android+10+%28API+29%29%0A++++%E2%80%A2+SM+G935F+%28mobile%29+++++++++++++++++++++++%E2%80%A2+9885e6503930304946+++++++++++++++++++++++%E2%80%A2+android-arm64++%E2%80%A2+Android+8.0.0+%28API+26%29%0A++++%E2%80%A2+SM+G970F+%28mobile%29+++++++++++++++++++++++%E2%80%A2+RF8M21J8XRT++++++++++++++++++++++++++++++%E2%80%A2+android-arm64++%E2%80%A2+Android+12+%28API+31%29%0A++++%E2%80%A2+SM+G970F+%28mobile%29+++++++++++++++++++++++%E2%80%A2+RF8M90QE7LX++++++++++++++++++++++++++++++%E2%80%A2+android-arm64++%E2%80%A2+Android+12+%28API+31%29%0A++++%E2%80%A2+iPad+%285%29+%28mobile%29+++++++++++++++++++++++%E2%80%A2+8b406aa5c597eab4c4dfd9908f4a09b10a89ec63+%E2%80%A2+ios++++++++++++%E2%80%A2+iOS+17.7.11+21H461%0A++++%E2%80%A2+Jos%C3%A9+Ram%C3%B3n%E2%80%99s+iPhone+%28wireless%29+%28mobile%29+%E2%80%A2+00008101-000A68811E43001E++++++++++++++++%E2%80%A2+ios++++++++++++%E2%80%A2+iOS+26.5+23F77%0A++++%E2%80%A2+iPhone+16+Plus+%28mobile%29+++++++++++++++++%E2%80%A2+5CF4A12E-A8B5-4285-AE86-407B9067CB5F+++++%E2%80%A2+ios++++++++++++%E2%80%A2+com.apple.CoreSimulator.SimRuntime.iOS-18-4+%28simulator%29%0A++++%E2%80%A2+macOS+%28desktop%29+++++++++++++++++++++++++%E2%80%A2+macos++++++++++++++++++++++++++++++++++++%E2%80%A2+darwin-arm64+++%E2%80%A2+macOS+26.4.1+25E253+darwin-arm64%0A++++%E2%80%A2+Chrome+%28web%29++++++++++++++++++++++++++++%E2%80%A2+chrome+++++++++++++++++++++++++++++++++++%E2%80%A2+web-javascript+%E2%80%A2+Google+Chrome+148.0.7778.216%0A%0A%5B%E2%9C%93%5D+Network+resources+%5B1%2C746ms%5D%0A++++%E2%80%A2+All+expected+network+resources+are+available.%0A%0A%E2%80%A2+No+issues+found%21%0A%0A%60%60%60%0A%0A%23%23+Flutter+Application+Metadata%0A%2A%2AType%2A%2A%3A+app%0A%2A%2AVersion%2A%2A%3A+1.4.0%2B16%0A%2A%2AMaterial%2A%2A%3A+true%0A%2A%2AAndroid+X%2A%2A%3A+false%0A%2A%2AModule%2A%2A%3A+false%0A%2A%2APlugin%2A%2A%3A+false%0A%2A%2AAndroid+package%2A%2A%3A+null%0A%2A%2AiOS+bundle+identifier%2A%2A%3A+null%0A%2A%2ACreation+channel%2A%2A%3A+stable%0A%2A%2ACreation+framework+version%2A%2A%3A+4b12645012342076800eb701bcdfe18f87da21cf%0A%23%23%23+Plugins%0Abattery_plus-7.0.0%0Acamera_avfoundation-0.9.23%2B2%0Aconnectivity_plus-7.0.0%0Adevice_info_plus-12.2.0%0Adisk_space_plus-0.2.6%0Aflutter_appauth-11.0.0%0Aflutter_secure_storage_darwin-0.3.2%0Ageolocator_apple-2.3.13%0Aintegration_test%0Anetwork_info_plus-7.0.0%0Apackage_info_plus-8.3.1%0Apath_provider_foundation-2.4.2%0Apermission_handler_apple-9.4.7%0Aphoto_manager-3.7.1%0Asensors_plus-7.0.0%0Ashared_preferences_foundation-2.5.4%0Avideo_player_avfoundation-2.8.4%0Awakelock_plus-1.3.3%0Acamera_android_camerax-0.6.30%0Aflutter_plugin_android_lifecycle-2.0.31%0Aflutter_secure_storage-10.3.1%0Ageolocator_android-5.0.2%0Apath_provider_android-2.2.19%0Apermission_handler_android-13.0.1%0Ashared_preferences_android-2.4.13%0Avideo_player_android-2.8.15%0Acamera_desktop-1.1.7%0Aflutter_secure_storage_linux-3.0.1%0Ageolocator_linux-0.2.3%0Apath_provider_linux-2.2.1%0Ashared_preferences_linux-2.4.1%0Aflutter_secure_storage_windows-4.1.0%0Ageolocator_windows-0.2.5%0Apath_provider_windows-2.3.0%0Apermission_handler_windows-0.2.1%0Ashared_preferences_windows-2.4.1%0Acamera_web-0.3.5%0Aflutter_secure_storage_web-2.1.1%0Ageolocator_web-4.1.3%0Apermission_handler_html-0.1.3%2B5%0Ashared_preferences_web-2.4.3%0Avideo_player_web-2.4.0%0A%0A&labels=tool%2Csevere%3A+crash


[stderr]

Oops; flutter has exited unexpectedly: "FileSystemException: Deletion failed, path = '/Users/jose/src/work/hydracamv2/ios/Flutter/ephemeral/Packages/.packages' (OS Error: Directory not empty, errno = 66)".
A crash report has been written to /Users/jose/src/work/hydracamv2/flutter_05.log
[exit-code] 1

$ flutter test
00:00 +0: loading /Users/jose/src/work/hydracamv2/test/l10n/app_localizations_test.dart
00:00 +0: /Users/jose/src/work/hydracamv2/test/l10n/app_localizations_test.dart: seeded translations use locale-native spelling
00:00 +1: /Users/jose/src/work/hydracamv2/test/platform_setup_test.dart: Platform Setup Tests iOS Podfile should exist and be valid
00:00 +2: /Users/jose/src/work/hydracamv2/test/platform_setup_test.dart: Platform Setup Tests Android build.gradle should exist
00:00 +3: /Users/jose/src/work/hydracamv2/test/platform_setup_test.dart: Platform Setup Tests Web index.html should exist
00:00 +4: /Users/jose/src/work/hydracamv2/test/platform/platform_behavior_test.dart: Platform Behavior Platform detection works
00:00 +5: /Users/jose/src/work/hydracamv2/test/platform/platform_behavior_test.dart: Platform Behavior Mobile-specific features Camera should be available on mobile
00:00 +6: /Users/jose/src/work/hydracamv2/test/platform/platform_behavior_test.dart: Platform Behavior Mobile-specific features Gallery saving should work on mobile
00:00 +7: /Users/jose/src/work/hydracamv2/test/platform/platform_behavior_test.dart: Platform Behavior Mobile-specific features Permissions are required on mobile
00:00 +8: /Users/jose/src/work/hydracamv2/test/platform/platform_behavior_test.dart: Platform Behavior Desktop-specific features Desktop may have limited camera support
00:00 +9: /Users/jose/src/work/hydracamv2/test/platform/platform_behavior_test.dart: Platform Behavior Desktop-specific features Desktop uses file system directly
00:00 +10: /Users/jose/src/work/hydracamv2/test/platform/platform_behavior_test.dart: Platform Behavior Desktop-specific features Desktop may not need runtime permissions
00:00 +11: /Users/jose/src/work/hydracamv2/test/platform/platform_behavior_test.dart: Cross-platform features Networking works on all platforms
00:00 +12: /Users/jose/src/work/hydracamv2/test/platform/platform_behavior_test.dart: Cross-platform features Storage management works on all platforms
00:00 +13: /Users/jose/src/work/hydracamv2/test/platform/platform_behavior_test.dart: Cross-platform features Session management is platform-agnostic
00:00 +14: /Users/jose/src/work/hydracamv2/test/models/capture_context_metadata_test.dart: CameraPerspectiveMetadata exposes media-timeline canonical perspective options
00:00 +15: /Users/jose/src/work/hydracamv2/test/models/capture_context_metadata_test.dart: CameraPerspectiveMetadata normalizes known ids to canonical labels
00:00 +16: /Users/jose/src/work/hydracamv2/test/models/capture_context_metadata_test.dart: MediaCaptureContext serializes perspective, level, camera, profile, and device metadata
00:00 +17: /Users/jose/src/work/hydracamv2/test/models/capture_context_metadata_test.dart: MediaCaptureContext loads null and old metadata without capture context
00:00 +18: /Users/jose/src/work/hydracamv2/test/platform/multi_device_orchestration_test.dart: (setUpAll)
00:00 +18: /Users/jose/src/work/hydracamv2/test/platform/multi_device_orchestration_test.dart: Photo Scenarios Scenario P1: single slave burst populates queue and metadata
Log registered: {message: UploaderService: Resetting upload queue and state., timestamp: 2026-06-09 02:49:55.108308, function: null, file: null}
Log registered: {message: UploaderService: Reset completed., timestamp: 2026-06-09 02:49:55.111055, function: null, file: null}
Log registered: {message: UploaderService: Resetting upload queue and state., timestamp: 2026-06-09 02:49:55.114205, function: null, file: null}
Log registered: {message: UploaderService: Reset completed., timestamp: 2026-06-09 02:49:55.114386, function: null, file: null}
Log registered: {message: Session started with GUID: session_p1 on device type: Master, timestamp: 2026-06-09 02:49:55.114644, function: null, file: null}
Log registered: {message: Adding photo to upload queue: /var/folders/6s/dp27g8gn26j9mp36sjfxb9tw0000gn/T/hydracam_multi_device_mediad0u6VE/p1-0.jpg, timestamp: 2026-06-09 02:49:55.120050, function: null, file: null}
00:00 +19: /Users/jose/src/work/hydracamv2/test/platform/multi_device_orchestration_test.dart: Photo Scenarios Scenario P1: single slave burst populates queue and metadata
00:00 +20: /Users/jose/src/work/hydracamv2/test/platform/multi_device_orchestration_test.dart: Photo Scenarios Scenario P1: single slave burst populates queue and metadata
Log registered: {message: Session metadata saved to /var/folders/6s/dp27g8gn26j9mp36sjfxb9tw0000gn/T/hydracam_multi_device_docsXhRMEE/session_session_p1/metadata.json, timestamp: 2026-06-09 02:49:55.126790, function: null, file: null}
Log registered: {message: [UploaderService] No uploaded media with valid durations. Returning zero duration., timestamp: 2026-06-09 02:49:55.127804, function: null, file: null}
Log registered: {message: Media added to upload queue: /var/folders/6s/dp27g8gn26j9mp36sjfxb9tw0000gn/T/hydracam_multi_device_mediad0u6VE/p1-0.jpg, timestamp: 2026-06-09 02:49:55.127978, function: null, file: null}
Log registered: {message: Auto-upload is disabled. Media added to queue but not uploaded., timestamp: 2026-06-09 02:49:55.128957, function: null, file: null}
Log registered: {message: Adding photo to upload queue: /var/folders/6s/dp27g8gn26j9mp36sjfxb9tw0000gn/T/hydracam_multi_device_mediad0u6VE/p1-1.jpg, timestamp: 2026-06-09 02:49:55.129382, function: null, file: null}
Log registered: {message: Session metadata saved to /var/folders/6s/dp27g8gn26j9mp36sjfxb9tw0000gn/T/hydracam_multi_device_docsXhRMEE/session_session_p1/metadata.json, timestamp: 2026-06-09 02:49:55.130420, function: null, file: null}
Log registered: {message: [UploaderService] No uploaded media with valid durations. Returning zero duration., timestamp: 2026-06-09 02:49:55.130723, function: null, file: null}
Log registered: {message: Media added to upload queue: /var/folders/6s/dp27g8gn26j9mp36sjfxb9tw0000gn/T/hydracam_multi_device_mediad0u6VE/p1-1.jpg, timestamp: 2026-06-09 02:49:55.130808, function: null, file: null}
Log registered: {message: Auto-upload is disabled. Media added to queue but not uploaded., timestamp: 2026-06-09 02:49:55.130913, function: null, file: null}
Log registered: {message: Adding photo to upload queue: /var/folders/6s/dp27g8gn26j9mp36sjfxb9tw0000gn/T/hydracam_multi_device_mediad0u6VE/p1-2.jpg, timestamp: 2026-06-09 02:49:55.131296, function: null, file: null}
Log registered: {message: Session metadata saved to /var/folders/6s/dp27g8gn26j9mp36sjfxb9tw0000gn/T/hydracam_multi_device_docsXhRMEE/session_session_p1/metadata.json, timestamp: 2026-06-09 02:49:55.132066, function: null, file: null}
Log registered: {message: [UploaderService] No uploaded media with valid durations. Returning zero duration., timestamp: 2026-06-09 02:49:55.132205, function: null, file: null}
Log registered: {message: Media added to upload queue: /var/folders/6s/dp27g8gn26j9mp36sjfxb9tw0000gn/T/hydracam_multi_device_mediad0u6VE/p1-2.jpg, timestamp: 2026-06-09 02:49:55.132278, function: null, file: null}
Log registered: {message: Auto-upload is disabled. Media added to queue but not uploaded., timestamp: 2026-06-09 02:49:55.132363, function: null, file: null}
Log registered: {message: UploaderService: Resetting upload queue and state., timestamp: 2026-06-09 02:49:55.159541, function: null, file: null}
Log registered: {message: UploaderService: Reset completed., timestamp: 2026-06-09 02:49:55.159730, function: null, file: null}
Log registered: {message: Session metadata saved to /var/folders/6s/dp27g8gn26j9mp36sjfxb9tw0000gn/T/hydracam_multi_device_docsXhRMEE/session_session_p1/metadata.json, timestamp: 2026-06-09 02:49:55.161578, function: null, file: null}
Log registered: {message: UploaderService: Resetting upload queue and state., timestamp: 2026-06-09 02:49:55.161778, function: null, file: null}
Log registered: {message: UploaderService: Reset completed., timestamp: 2026-06-09 02:49:55.161871, function: null, file: null}
Log registered: {message: Session ended and uploader reset., timestamp: 2026-06-09 02:49:55.161930, function: null, file: null}
00:00 +21: /Users/jose/src/work/hydracamv2/test/platform/multi_device_orchestration_test.dart: Photo Scenarios Scenario P2: two slaves contribute photos with unique device IDs
Log registered: {message: UploaderService: Resetting upload queue and state., timestamp: 2026-06-09 02:49:55.164381, function: null, file: null}
Log registered: {message: UploaderService: Reset completed., timestamp: 2026-06-09 02:49:55.164539, function: null, file: null}
Log registered: {message: UploaderService: Resetting upload queue and state., timestamp: 2026-06-09 02:49:55.165024, function: null, file: null}
Log registered: {message: UploaderService: Reset completed., timestamp: 2026-06-09 02:49:55.165102, function: null, file: null}
Log registered: {message: Session started with GUID: session_p2 on device type: Master, timestamp: 2026-06-09 02:49:55.165162, function: null, file: null}
Log registered: {message: Adding photo to upload queue: /var/folders/6s/dp27g8gn26j9mp36sjfxb9tw0000gn/T/hydracam_multi_device_mediaqCk0yl/p2-a.jpg, timestamp: 2026-06-09 02:49:55.165534, function: null, file: null}
Log registered: {message: Session metadata saved to /var/folders/6s/dp27g8gn26j9mp36sjfxb9tw0000gn/T/hydracam_multi_device_docseFuNNS/session_session_p2/metadata.json, timestamp: 2026-06-09 02:49:55.166475, function: null, file: null}
Log registered: {message: [UploaderService] No uploaded media with valid durations. Returning zero duration., timestamp: 2026-06-09 02:49:55.166706, function: null, file: null}
Log registered: {message: Media added to upload queue: /var/folders/6s/dp27g8gn26j9mp36sjfxb9tw0000gn/T/hydracam_multi_device_mediaqCk0yl/p2-a.jpg, timestamp: 2026-06-09 02:49:55.166786, function: null, file: null}
Log registered: {message: Auto-upload is disabled. Media added to queue but not uploaded., timestamp: 2026-06-09 02:49:55.166883, function: null, file: null}
Log registered: {message: Adding photo to upload queue: /var/folders/6s/dp27g8gn26j9mp36sjfxb9tw0000gn/T/hydracam_multi_device_mediaqCk0yl/p2-b.jpg, timestamp: 2026-06-09 02:49:55.167228, function: null, file: null}
Log registered: {message: Session metadata saved to /var/folders/6s/dp27g8gn26j9mp36sjfxb9tw0000gn/T/hydracam_multi_device_docseFuNNS/session_session_p2/metadata.json, timestamp: 2026-06-09 02:49:55.169828, function: null, file: null}
Log registered: {message: [UploaderService] No uploaded media with valid durations. Returning zero duration., timestamp: 2026-06-09 02:49:55.169996, function: null, file: null}
Log registered: {message: Media added to upload queue: /var/folders/6s/dp27g8gn26j9mp36sjfxb9tw0000gn/T/hydracam_multi_device_mediaqCk0yl/p2-b.jpg, timestamp: 2026-06-09 02:49:55.170137, function: null, file: null}
Log registered: {message: Auto-upload is disabled. Media added to queue but not uploaded., timestamp: 2026-06-09 02:49:55.170252, function: null, file: null}
Log registered: {message: UploaderService: Resetting upload queue and state., timestamp: 2026-06-09 02:49:55.193868, function: null, file: null}
Log registered: {message: UploaderService: Reset completed., timestamp: 2026-06-09 02:49:55.194084, function: null, file: null}
Log registered: {message: Session metadata saved to /var/folders/6s/dp27g8gn26j9mp36sjfxb9tw0000gn/T/hydracam_multi_device_docseFuNNS/session_session_p2/metadata.json, timestamp: 2026-06-09 02:49:55.195040, function: null, file: null}
Log registered: {message: UploaderService: Resetting upload queue and state., timestamp: 2026-06-09 02:49:55.195153, function: null, file: null}
Log registered: {message: UploaderService: Reset completed., timestamp: 2026-06-09 02:49:55.195211, function: null, file: null}
Log registered: {message: Session ended and uploader reset., timestamp: 2026-06-09 02:49:55.195262, function: null, file: null}
00:00 +22: /Users/jose/src/work/hydracamv2/test/platform/multi_device_orchestration_test.dart: Photo Scenarios Scenario P3: round-robin commands respect device order
Log registered: {message: UploaderService: Resetting upload queue and state., timestamp: 2026-06-09 02:49:55.196819, function: null, file: null}
Log registered: {message: UploaderService: Reset completed., timestamp: 2026-06-09 02:49:55.196909, function: null, file: null}
Log registered: {message: UploaderService: Resetting upload queue and state., timestamp: 2026-06-09 02:49:55.197432, function: null, file: null}
Log registered: {message: UploaderService: Reset completed., timestamp: 2026-06-09 02:49:55.197520, function: null, file: null}
Log registered: {message: Session started with GUID: session_p3 on device type: Master, timestamp: 2026-06-09 02:49:55.197576, function: null, file: null}
Log registered: {message: Adding photo to upload queue: /var/folders/6s/dp27g8gn26j9mp36sjfxb9tw0000gn/T/hydracam_multi_device_mediax4JYJF/slave-A.jpg, timestamp: 2026-06-09 02:49:55.197969, function: null, file: null}
Log registered: {message: Session metadata saved to /var/folders/6s/dp27g8gn26j9mp36sjfxb9tw0000gn/T/hydracam_multi_device_docsAR0nUb/session_session_p3/metadata.json, timestamp: 2026-06-09 02:49:55.198728, function: null, file: null}
Log registered: {message: [UploaderService] No uploaded media with valid durations. Returning zero duration., timestamp: 2026-06-09 02:49:55.198823, function: null, file: null}
Log registered: {message: Media added to upload queue: /var/folders/6s/dp27g8gn26j9mp36sjfxb9tw0000gn/T/hydracam_multi_device_mediax4JYJF/slave-A.jpg, timestamp: 2026-06-09 02:49:55.198877, function: null, file: null}
Log registered: {message: Auto-upload is disabled. Media added to queue but not uploaded., timestamp: 2026-06-09 02:49:55.198955, function: null, file: null}
Log registered: {message: Adding photo to upload queue: /var/folders/6s/dp27g8gn26j9mp36sjfxb9tw0000gn/T/hydracam_multi_device_mediax4JYJF/slave-B.jpg, timestamp: 2026-06-09 02:49:55.199482, function: null, file: null}
Log registered: {message: Session metadata saved to /var/folders/6s/dp27g8gn26j9mp36sjfxb9tw0000gn/T/hydracam_multi_device_docsAR0nUb/session_session_p3/metadata.json, timestamp: 2026-06-09 02:49:55.200118, function: null, file: null}
Log registered: {message: [UploaderService] No uploaded media with valid durations. Returning zero duration., timestamp: 2026-06-09 02:49:55.200214, function: null, file: null}
Log registered: {message: Media added to upload queue: /var/folders/6s/dp27g8gn26j9mp36sjfxb9tw0000gn/T/hydracam_multi_device_mediax4JYJF/slave-B.jpg, timestamp: 2026-06-09 02:49:55.200274, function: null, file: null}
Log registered: {message: Auto-upload is disabled. Media added to queue but not uploaded., timestamp: 2026-06-09 02:49:55.200351, function: null, file: null}
Log registered: {message: Adding photo to upload queue: /var/folders/6s/dp27g8gn26j9mp36sjfxb9tw0000gn/T/hydracam_multi_device_mediax4JYJF/slave-C.jpg, timestamp: 2026-06-09 02:49:55.200584, function: null, file: null}
Log registered: {message: Session metadata saved to /var/folders/6s/dp27g8gn26j9mp36sjfxb9tw0000gn/T/hydracam_multi_device_docsAR0nUb/session_session_p3/metadata.json, timestamp: 2026-06-09 02:49:55.201395, function: null, file: null}
Log registered: {message: [UploaderService] No uploaded media with valid durations. Returning zero duration., timestamp: 2026-06-09 02:49:55.201593, function: null, file: null}
Log registered: {message: Media added to upload queue: /var/folders/6s/dp27g8gn26j9mp36sjfxb9tw0000gn/T/hydracam_multi_device_mediax4JYJF/slave-C.jpg, timestamp: 2026-06-09 02:49:55.201703, function: null, file: null}
Log registered: {message: Auto-upload is disabled. Media added to queue but not uploaded., timestamp: 2026-06-09 02:49:55.201819, function: null, file: null}
Log registered: {message: Adding photo to upload queue: /var/folders/6s/dp27g8gn26j9mp36sjfxb9tw0000gn/T/hydracam_multi_device_mediax4JYJF/slave-D.jpg, timestamp: 2026-06-09 02:49:55.202108, function: null, file: null}
Log registered: {message: Session metadata saved to /var/folders/6s/dp27g8gn26j9mp36sjfxb9tw0000gn/T/hydracam_multi_device_docsAR0nUb/session_session_p3/metadata.json, timestamp: 2026-06-09 02:49:55.202936, function: null, file: null}
Log registered: {message: [UploaderService] No uploaded media with valid durations. Returning zero duration., timestamp: 2026-06-09 02:49:55.203048, function: null, file: null}
Log registered: {message: Media added to upload queue: /var/folders/6s/dp27g8gn26j9mp36sjfxb9tw0000gn/T/hydracam_multi_device_mediax4JYJF/slave-D.jpg, timestamp: 2026-06-09 02:49:55.203104, function: null, file: null}
Log registered: {message: Auto-upload is disabled. Media added to queue but not uploaded., timestamp: 2026-06-09 02:49:55.203184, function: null, file: null}
Log registered: {message: UploaderService: Resetting upload queue and state., timestamp: 2026-06-09 02:49:55.225189, function: null, file: null}
Log registered: {message: UploaderService: Reset completed., timestamp: 2026-06-09 02:49:55.225375, function: null, file: null}
Log registered: {message: Session metadata saved to /var/folders/6s/dp27g8gn26j9mp36sjfxb9tw0000gn/T/hydracam_multi_device_docsAR0nUb/session_session_p3/metadata.json, timestamp: 2026-06-09 02:49:55.226377, function: null, file: null}
Log registered: {message: UploaderService: Resetting upload queue and state., timestamp: 2026-06-09 02:49:55.226485, function: null, file: null}
Log registered: {message: UploaderService: Reset completed., timestamp: 2026-06-09 02:49:55.226548, function: null, file: null}
Log registered: {message: Session ended and uploader reset., timestamp: 2026-06-09 02:49:55.226599, function: null, file: null}
00:00 +23: /Users/jose/src/work/hydracamv2/test/platform/multi_device_orchestration_test.dart: Photo Scenarios Scenario P4: master rotation resets session state
Log registered: {message: UploaderService: Resetting upload queue and state., timestamp: 2026-06-09 02:49:55.228343, function: null, file: null}
Log registered: {message: UploaderService: Reset completed., timestamp: 2026-06-09 02:49:55.228435, function: null, file: null}
Log registered: {message: UploaderService: Resetting upload queue and state., timestamp: 2026-06-09 02:49:55.228809, function: null, file: null}
Log registered: {message: UploaderService: Reset completed., timestamp: 2026-06-09 02:49:55.228870, function: null, file: null}
Log registered: {message: Session started with GUID: session_p4_a on device type: Master, timestamp: 2026-06-09 02:49:55.228986, function: null, file: null}
Log registered: {message: Adding photo to upload queue: /var/folders/6s/dp27g8gn26j9mp36sjfxb9tw0000gn/T/hydracam_multi_device_mediaeHm5fa/p4.jpg, timestamp: 2026-06-09 02:49:55.229398, function: null, file: null}
Log registered: {message: Session metadata saved to /var/folders/6s/dp27g8gn26j9mp36sjfxb9tw0000gn/T/hydracam_multi_device_docsYoRwL7/session_session_p4_a/metadata.json, timestamp: 2026-06-09 02:49:55.230381, function: null, file: null}
Log registered: {message: [UploaderService] No uploaded media with valid durations. Returning zero duration., timestamp: 2026-06-09 02:49:55.230558, function: null, file: null}
Log registered: {message: Media added to upload queue: /var/folders/6s/dp27g8gn26j9mp36sjfxb9tw0000gn/T/hydracam_multi_device_mediaeHm5fa/p4.jpg, timestamp: 2026-06-09 02:49:55.230658, function: null, file: null}
Log registered: {message: Auto-upload is disabled. Media added to queue but not uploaded., timestamp: 2026-06-09 02:49:55.230844, function: null, file: null}
Log registered: {message: Session metadata saved to /var/folders/6s/dp27g8gn26j9mp36sjfxb9tw0000gn/T/hydracam_multi_device_docsYoRwL7/session_session_p4_a/metadata.json, timestamp: 2026-06-09 02:49:55.253816, function: null, file: null}
Log registered: {message: UploaderService: Resetting upload queue and state., timestamp: 2026-06-09 02:49:55.254093, function: null, file: null}
Log registered: {message: UploaderService: Reset completed., timestamp: 2026-06-09 02:49:55.254262, function: null, file: null}
Log registered: {message: Session ended and uploader reset., timestamp: 2026-06-09 02:49:55.254328, function: null, file: null}
Log registered: {message: UploaderService: Resetting upload queue and state., timestamp: 2026-06-09 02:49:55.254387, function: null, file: null}
Log registered: {message: UploaderService: Reset completed., timestamp: 2026-06-09 02:49:55.254436, function: null, file: null}
Log registered: {message: UploaderService: Resetting upload queue and state., timestamp: 2026-06-09 02:49:55.254490, function: null, file: null}
Log registered: {message: UploaderService: Reset completed., timestamp: 2026-06-09 02:49:55.254532, function: null, file: null}
Log registered: {message: Session started with GUID: session_p4_b on device type: Master, timestamp: 2026-06-09 02:49:55.254575, function: null, file: null}
Log registered: {message: UploaderService: Resetting upload queue and state., timestamp: 2026-06-09 02:49:55.255023, function: null, file: null}
Log registered: {message: UploaderService: Reset completed., timestamp: 2026-06-09 02:49:55.255194, function: null, file: null}
Log registered: {message: Session metadata saved to /var/folders/6s/dp27g8gn26j9mp36sjfxb9tw0000gn/T/hydracam_multi_device_docsYoRwL7/session_session_p4_b/metadata.json, timestamp: 2026-06-09 02:49:55.256197, function: null, file: null}
Log registered: {message: UploaderService: Resetting upload queue and state., timestamp: 2026-06-09 02:49:55.256303, function: null, file: null}
Log registered: {message: UploaderService: Reset completed., timestamp: 2026-06-09 02:49:55.256365, function: null, file: null}
Log registered: {message: Session ended and uploader reset., timestamp: 2026-06-09 02:49:55.256407, function: null, file: null}
00:00 +24: /Users/jose/src/work/hydracamv2/test/platform/multi_device_orchestration_test.dart: Video Scenarios Scenario V1: single slave video stored in session
Log registered: {message: UploaderService: Resetting upload queue and state., timestamp: 2026-06-09 02:49:55.258487, function: null, file: null}
Log registered: {message: UploaderService: Reset completed., timestamp: 2026-06-09 02:49:55.258618, function: null, file: null}
Log registered: {message: UploaderService: Resetting upload queue and state., timestamp: 2026-06-09 02:49:55.259049, function: null, file: null}
Log registered: {message: UploaderService: Reset completed., timestamp: 2026-06-09 02:49:55.259170, function: null, file: null}
Log registered: {message: Session started with GUID: session_v1 on device type: Master, timestamp: 2026-06-09 02:49:55.259239, function: null, file: null}
Log registered: {message: Adding video to upload queue: /var/folders/6s/dp27g8gn26j9mp36sjfxb9tw0000gn/T/hydracam_multi_device_mediaFKATc8/v1.mp4, timestamp: 2026-06-09 02:49:55.260148, function: null, file: null}
Log registered: {message: Session metadata saved to /var/folders/6s/dp27g8gn26j9mp36sjfxb9tw0000gn/T/hydracam_multi_device_docsZxtlm9/session_session_v1/metadata.json, timestamp: 2026-06-09 02:49:55.261765, function: null, file: null}
Log registered: {message: [UploaderService] No uploaded media with valid durations. Returning zero duration., timestamp: 2026-06-09 02:49:55.262034, function: null, file: null}
Log registered: {message: Media added to upload queue: /var/folders/6s/dp27g8gn26j9mp36sjfxb9tw0000gn/T/hydracam_multi_device_mediaFKATc8/v1.mp4, timestamp: 2026-06-09 02:49:55.262139, function: null, file: null}
Log registered: {message: Auto-upload is disabled. Media added to queue but not uploaded., timestamp: 2026-06-09 02:49:55.262232, function: null, file: null}
Log registered: {message: UploaderService: Resetting upload queue and state., timestamp: 2026-06-09 02:49:55.284545, function: null, file: null}
Log registered: {message: UploaderService: Reset completed., timestamp: 2026-06-09 02:49:55.284723, function: null, file: null}
Log registered: {message: Session metadata saved to /var/folders/6s/dp27g8gn26j9mp36sjfxb9tw0000gn/T/hydracam_multi_device_docsZxtlm9/session_session_v1/metadata.json, timestamp: 2026-06-09 02:49:55.285597, function: null, file: null}
Log registered: {message: UploaderService: Resetting upload queue and state., timestamp: 2026-06-09 02:49:55.285701, function: null, file: null}
Log registered: {message: UploaderService: Reset completed., timestamp: 2026-06-09 02:49:55.285760, function: null, file: null}
Log registered: {message: Session ended and uploader reset., timestamp: 2026-06-09 02:49:55.285805, function: null, file: null}
00:00 +25: /Users/jose/src/work/hydracamv2/test/platform/multi_device_orchestration_test.dart: Video Scenarios Scenario V2: multiple slave videos persist metadata
Log registered: {message: UploaderService: Resetting upload queue and state., timestamp: 2026-06-09 02:49:55.287329, function: null, file: null}
Log registered: {message: UploaderService: Reset completed., timestamp: 2026-06-09 02:49:55.287421, function: null, file: null}
Log registered: {message: UploaderService: Resetting upload queue and state., timestamp: 2026-06-09 02:49:55.287820, function: null, file: null}
Log registered: {message: UploaderService: Reset completed., timestamp: 2026-06-09 02:49:55.287974, function: null, file: null}
Log registered: {message: Session started with GUID: session_v2 on device type: Master, timestamp: 2026-06-09 02:49:55.288068, function: null, file: null}
Log registered: {message: Adding video to upload queue: /var/folders/6s/dp27g8gn26j9mp36sjfxb9tw0000gn/T/hydracam_multi_device_media30MSFp/v2-a.mp4, timestamp: 2026-06-09 02:49:55.288367, function: null, file: null}
Log registered: {message: Session metadata saved to /var/folders/6s/dp27g8gn26j9mp36sjfxb9tw0000gn/T/hydracam_multi_device_docsNMxbNS/session_session_v2/metadata.json, timestamp: 2026-06-09 02:49:55.289051, function: null, file: null}
Log registered: {message: [UploaderService] No uploaded media with valid durations. Returning zero duration., timestamp: 2026-06-09 02:49:55.289255, function: null, file: null}
Log registered: {message: Media added to upload queue: /var/folders/6s/dp27g8gn26j9mp36sjfxb9tw0000gn/T/hydracam_multi_device_media30MSFp/v2-a.mp4, timestamp: 2026-06-09 02:49:55.289317, function: null, file: null}
Log registered: {message: Auto-upload is disabled. Media added to queue but not uploaded., timestamp: 2026-06-09 02:49:55.289413, function: null, file: null}
Log registered: {message: Adding video to upload queue: /var/folders/6s/dp27g8gn26j9mp36sjfxb9tw0000gn/T/hydracam_multi_device_media30MSFp/v2-b.mp4, timestamp: 2026-06-09 02:49:55.289716, function: null, file: null}
Log registered: {message: Session metadata saved to /var/folders/6s/dp27g8gn26j9mp36sjfxb9tw0000gn/T/hydracam_multi_device_docsNMxbNS/session_session_v2/metadata.json, timestamp: 2026-06-09 02:49:55.290560, function: null, file: null}
Log registered: {message: [UploaderService] No uploaded media with valid durations. Returning zero duration., timestamp: 2026-06-09 02:49:55.290723, function: null, file: null}
Log registered: {message: Media added to upload queue: /var/folders/6s/dp27g8gn26j9mp36sjfxb9tw0000gn/T/hydracam_multi_device_media30MSFp/v2-b.mp4, timestamp: 2026-06-09 02:49:55.290800, function: null, file: null}
Log registered: {message: Auto-upload is disabled. Media added to queue but not uploaded., timestamp: 2026-06-09 02:49:55.290893, function: null, file: null}
Log registered: {message: UploaderService: Resetting upload queue and state., timestamp: 2026-06-09 02:49:55.314271, function: null, file: null}
Log registered: {message: UploaderService: Reset completed., timestamp: 2026-06-09 02:49:55.314472, function: null, file: null}
Log registered: {message: Session metadata saved to /var/folders/6s/dp27g8gn26j9mp36sjfxb9tw0000gn/T/hydracam_multi_device_docsNMxbNS/session_session_v2/metadata.json, timestamp: 2026-06-09 02:49:55.316699, function: null, file: null}
Log registered: {message: UploaderService: Resetting upload queue and state., timestamp: 2026-06-09 02:49:55.316849, function: null, file: null}
Log registered: {message: UploaderService: Reset completed., timestamp: 2026-06-09 02:49:55.316905, function: null, file: null}
Log registered: {message: Session ended and uploader reset., timestamp: 2026-06-09 02:49:55.316949, function: null, file: null}
00:00 +26: /Users/jose/src/work/hydracamv2/test/platform/multi_device_orchestration_test.dart: Video Scenarios Scenario V3: scheduled starts preserve offsets
Log registered: {message: UploaderService: Resetting upload queue and state., timestamp: 2026-06-09 02:49:55.319621, function: null, file: null}
Log registered: {message: UploaderService: Reset completed., timestamp: 2026-06-09 02:49:55.319734, function: null, file: null}
Log registered: {message: UploaderService: Resetting upload queue and state., timestamp: 2026-06-09 02:49:55.320191, function: null, file: null}
Log registered: {message: UploaderService: Reset completed., timestamp: 2026-06-09 02:49:55.320370, function: null, file: null}
Log registered: {message: Session started with GUID: session_v3 on device type: Master, timestamp: 2026-06-09 02:49:55.320455, function: null, file: null}
Log registered: {message: Adding video to upload queue: /var/folders/6s/dp27g8gn26j9mp36sjfxb9tw0000gn/T/hydracam_multi_device_media1h5mdp/v3-a.mp4, timestamp: 2026-06-09 02:49:55.320790, function: null, file: null}
Log registered: {message: Session metadata saved to /var/folders/6s/dp27g8gn26j9mp36sjfxb9tw0000gn/T/hydracam_multi_device_docsdIClQE/session_session_v3/metadata.json, timestamp: 2026-06-09 02:49:55.321860, function: null, file: null}
Log registered: {message: [UploaderService] No uploaded media with valid durations. Returning zero duration., timestamp: 2026-06-09 02:49:55.322382, function: null, file: null}
Log registered: {message: Media added to upload queue: /var/folders/6s/dp27g8gn26j9mp36sjfxb9tw0000gn/T/hydracam_multi_device_media1h5mdp/v3-a.mp4, timestamp: 2026-06-09 02:49:55.322469, function: null, file: null}
Log registered: {message: Auto-upload is disabled. Media added to queue but not uploaded., timestamp: 2026-06-09 02:49:55.322600, function: null, file: null}
Log registered: {message: Adding video to upload queue: /var/folders/6s/dp27g8gn26j9mp36sjfxb9tw0000gn/T/hydracam_multi_device_media1h5mdp/v3-b.mp4, timestamp: 2026-06-09 02:49:55.323042, function: null, file: null}
Log registered: {message: Session metadata saved to /var/folders/6s/dp27g8gn26j9mp36sjfxb9tw0000gn/T/hydracam_multi_device_docsdIClQE/session_session_v3/metadata.json, timestamp: 2026-06-09 02:49:55.325232, function: null, file: null}
Log registered: {message: [UploaderService] No uploaded media with valid durations. Returning zero duration., timestamp: 2026-06-09 02:49:55.325416, function: null, file: null}
Log registered: {message: Media added to upload queue: /var/folders/6s/dp27g8gn26j9mp36sjfxb9tw0000gn/T/hydracam_multi_device_media1h5mdp/v3-b.mp4, timestamp: 2026-06-09 02:49:55.325480, function: null, file: null}
Log registered: {message: Auto-upload is disabled. Media added to queue but not uploaded., timestamp: 2026-06-09 02:49:55.325571, function: null, file: null}
Log registered: {message: Adding video to upload queue: /var/folders/6s/dp27g8gn26j9mp36sjfxb9tw0000gn/T/hydracam_multi_device_media1h5mdp/v3-c.mp4, timestamp: 2026-06-09 02:49:55.325916, function: null, file: null}
Log registered: {message: Session metadata saved to /var/folders/6s/dp27g8gn26j9mp36sjfxb9tw0000gn/T/hydracam_multi_device_docsdIClQE/session_session_v3/metadata.json, timestamp: 2026-06-09 02:49:55.326738, function: null, file: null}
Log registered: {message: [UploaderService] No uploaded media with valid durations. Returning zero duration., timestamp: 2026-06-09 02:49:55.326875, function: null, file: null}
Log registered: {message: Media added to upload queue: /var/folders/6s/dp27g8gn26j9mp36sjfxb9tw0000gn/T/hydracam_multi_device_media1h5mdp/v3-c.mp4, timestamp: 2026-06-09 02:49:55.327088, function: null, file: null}
Log registered: {message: Auto-upload is disabled. Media added to queue but not uploaded., timestamp: 2026-06-09 02:49:55.327307, function: null, file: null}
Log registered: {message: UploaderService: Resetting upload queue and state., timestamp: 2026-06-09 02:49:55.348251, function: null, file: null}
Log registered: {message: UploaderService: Reset completed., timestamp: 2026-06-09 02:49:55.348405, function: null, file: null}
Log registered: {message: Session metadata saved to /var/folders/6s/dp27g8gn26j9mp36sjfxb9tw0000gn/T/hydracam_multi_device_docsdIClQE/session_session_v3/metadata.json, timestamp: 2026-06-09 02:49:55.349597, function: null, file: null}
Log registered: {message: UploaderService: Resetting upload queue and state., timestamp: 2026-06-09 02:49:55.349704, function: null, file: null}
Log registered: {message: UploaderService: Reset completed., timestamp: 2026-06-09 02:49:55.349754, function: null, file: null}
Log registered: {message: Session ended and uploader reset., timestamp: 2026-06-09 02:49:55.349796, function: null, file: null}
00:00 +27: /Users/jose/src/work/hydracamv2/test/platform/multi_device_orchestration_test.dart: (tearDownAll)
00:01 +27: /Users/jose/src/work/hydracamv2/test/widget_test.dart: (setUpAll)
Log registered: {message: StorageService monitoring disabled - timer not started., timestamp: 2026-06-09 02:49:55.425002, function: null, file: null}
00:01 +27: /Users/jose/src/work/hydracamv2/test/widget_test.dart: HydraCamApp builds without crashing
Log registered: {message: Navigation decision: automationEnabled=false, config=null, automationMaster=false, automationStandby=false, automationSetupPreview=false, forceSlave=false, timestamp: 2026-06-09 02:49:55.570317, function: null, file: null}
Log registered: {message: Navigating to SlaveScreen(isAutoMode=true, preferredMasterIp=null, forceSlaveMode=false), timestamp: 2026-06-09 02:49:55.570619, function: null, file: null}
00:01 +27: /Users/jose/src/work/hydracamv2/test/screens/uploader_info_screen_test.dart: cancel action clears the current upload row
Log registered: {message: UploaderService: Resetting upload queue and state., timestamp: 2026-06-09 02:49:55.772153, function: null, file: null}
Log registered: {message: UploaderService: Reset completed., timestamp: 2026-06-09 02:49:55.774780, function: null, file: null}
00:01 +27: /Users/jose/src/work/hydracamv2/test/widget_test.dart: HydraCamApp builds without crashing
00:01 +28: /Users/jose/src/work/hydracamv2/test/widget_test.dart: HydraCamApp builds without crashing
00:01 +29: /Users/jose/src/work/hydracamv2/test/widget_test.dart: HydraCamApp builds without crashing
00:01 +30: /Users/jose/src/work/hydracamv2/test/widget_test.dart: HydraCamApp builds without crashing
00:01 +30 ~1: /Users/jose/src/work/hydracamv2/test/widget_test.dart: HydraCamApp builds without crashing
00:01 +30 ~1: /Users/jose/src/work/hydracamv2/test/screens/uploader_info_screen_test.dart: cancel action clears the current upload row
Log registered: {message: UploaderService: Resetting upload queue and state., timestamp: 2026-06-09 02:49:55.886805, function: null, file: null}
Log registered: {message: UploaderService: Reset completed., timestamp: 2026-06-09 02:49:55.887077, function: null, file: null}
Log registered: {message: Session started with GUID: uploader-info-session-guid on device type: Slave, timestamp: 2026-06-09 02:49:55.887530, function: null, file: null}
00:01 +30 ~1: /Users/jose/src/work/hydracamv2/test/widget_test.dart: HydraCamApp builds without crashing
Log registered: {message: StorageService monitoring disabled - timer not started., timestamp: 2026-06-09 02:49:55.896308, function: null, file: null}
Log registered: {message: BatteryService monitoring disabled - timer not started., timestamp: 2026-06-09 02:49:55.896892, function: null, file: null}
00:01 +31 ~1: /Users/jose/src/work/hydracamv2/test/screens/session_details_screen_test.dart: session details shows player assignment backend state
00:01 +31 ~1: /Users/jose/src/work/hydracamv2/test/widget_test.dart: (setUpAll)
Trace file unavailable: MissingPluginException(No implementation found for method getApplicationDocumentsDirectory on channel plugins.flutter.io/path_provider)
00:01 +31 ~1: /Users/jose/src/work/hydracamv2/test/widget_test.dart: automation screenshot boundary survives route replacement
Log registered: {message: Navigation decision: automationEnabled=false, config=null, automationMaster=false, automationStandby=false, automationSetupPreview=false, forceSlave=false, timestamp: 2026-06-09 02:49:55.939454, function: null, file: null}
Log registered: {message: Navigating to SlaveScreen(isAutoMode=true, preferredMasterIp=null, forceSlaveMode=false), timestamp: 2026-06-09 02:49:55.939677, function: null, file: null}
Log registered: {message: StorageService monitoring disabled - timer not started., timestamp: 2026-06-09 02:49:55.982135, function: null, file: null}
Log registered: {message: BatteryService monitoring disabled - timer not started., timestamp: 2026-06-09 02:49:55.982397, function: null, file: null}
00:01 +32 ~1: /Users/jose/src/work/hydracamv2/test/screens/capture_settings_screen_test.dart: settings screen shows capture settings instead of camera quality
00:01 +33 ~1: /Users/jose/src/work/hydracamv2/test/screens/capture_settings_screen_test.dart: settings screen shows capture settings instead of camera quality
00:01 +33 ~1: /Users/jose/src/work/hydracamv2/test/slave/slave_client_registration_test.dart: slave registers before waiting for network payload
Log registered: {message: Retrieved existing Device ID: test-device, timestamp: 2026-06-09 02:49:56.112178, function: null, file: null}
Log registered: {message: Attempting to connect to master WebSocket at ws://127.0.0.1:62695/ws with Device ID: test-device, timestamp: 2026-06-09 02:49:56.114685, function: null, file: null}
Log registered: {message: Connected to WebSocket at ws://127.0.0.1:62695/ws, timestamp: 2026-06-09 02:49:56.117220, function: null, file: null}
Trace file unavailable: MissingPluginException(No implementation found for method getApplicationDocumentsDirectory on channel plugins.flutter.io/path_provider)
Log registered: {message: Connection closed, timestamp: 2026-06-09 02:49:56.142807, function: null, file: null}
00:01 +34 ~1: /Users/jose/src/work/hydracamv2/test/screens/capture_settings_screen_test.dart: settings screen shows capture settings instead of camera quality
00:01 +34 ~1: /Users/jose/src/work/hydracamv2/test/slave/slave_client_registration_test.dart: slave heartbeat includes camera setup status when available
Log registered: {message: Retrieved existing Device ID: test-device, timestamp: 2026-06-09 02:49:56.151272, function: null, file: null}
Log registered: {message: Attempting to connect to master WebSocket at ws://127.0.0.1:62697/ws with Device ID: test-device, timestamp: 2026-06-09 02:49:56.151438, function: null, file: null}
Log registered: {message: Connected to WebSocket at ws://127.0.0.1:62697/ws, timestamp: 2026-06-09 02:49:56.151879, function: null, file: null}
Log registered: {message: Connection closed, timestamp: 2026-06-09 02:49:56.156997, function: null, file: null}
00:01 +35 ~1: /Users/jose/src/work/hydracamv2/test/screens/capture_settings_screen_test.dart: settings screen shows capture settings instead of camera quality
00:01 +35 ~1: /Users/jose/src/work/hydracamv2/test/widget_test.dart: automation screenshot boundary survives route replacement
Log registered: {message: WebSocket Server stopped, timestamp: 2026-06-09 02:49:56.161867, function: null, file: null}
Log registered: {message: Stopped broadcasting master discovery message., timestamp: 2026-06-09 02:49:56.162316, function: null, file: null}
00:01 +36 ~1: /Users/jose/src/work/hydracamv2/test/screens/capture_settings_screen_test.dart: settings screen shows capture settings instead of camera quality
00:01 +36 ~1: /Users/jose/src/work/hydracamv2/test/slave/slave_client_registration_test.dart: slave heartbeat reports active session guid
Log registered: {message: UploaderService: Resetting upload queue and state., timestamp: 2026-06-09 02:49:56.165326, function: null, file: null}
Log registered: {message: UploaderService: Reset completed., timestamp: 2026-06-09 02:49:56.165851, function: null, file: null}
Log registered: {message: Session started with GUID: slave-session-guid on device type: Slave, timestamp: 2026-06-09 02:49:56.166337, function: null, file: null}
Log registered: {message: Retrieved existing Device ID: test-device, timestamp: 2026-06-09 02:49:56.166928, function: null, file: null}
Log registered: {message: Attempting to connect to master WebSocket at ws://127.0.0.1:62699/ws with Device ID: test-device, timestamp: 2026-06-09 02:49:56.167023, function: null, file: null}
Log registered: {message: Connected to WebSocket at ws://127.0.0.1:62699/ws, timestamp: 2026-06-09 02:49:56.167421, function: null, file: null}
00:01 +36 ~1: /Users/jose/src/work/hydracamv2/test/screens/capture_settings_screen_test.dart: settings screen shows capture settings instead of camera quality
00:01 +36 ~1: /Users/jose/src/work/hydracamv2/test/slave/slave_client_registration_test.dart: slave heartbeat reports active session guid
Log registered: {message: Connection closed, timestamp: 2026-06-09 02:49:56.171973, function: null, file: null}
Log registered: {message: Error saving session metadata: MissingPluginException(No implementation found for method getApplicationDocumentsDirectory on channel plugins.flutter.io/path_provider), timestamp: 2026-06-09 02:49:56.174427, function: null, file: null}
Log registered: {message: UploaderService: Resetting upload queue and state., timestamp: 2026-06-09 02:49:56.174645, function: null, file: null}
Log registered: {message: UploaderService: Reset completed., timestamp: 2026-06-09 02:49:56.174733, function: null, file: null}
Log registered: {message: Session ended and uploader reset., timestamp: 2026-06-09 02:49:56.174796, function: null, file: null}
00:01 +37 ~1: /Users/jose/src/work/hydracamv2/test/screens/capture_settings_screen_test.dart: settings screen shows capture settings instead of camera quality
00:01 +37 ~1: /Users/jose/src/work/hydracamv2/test/slave/slave_client_registration_test.dart: auto-record starts recording when sessionStarted arrives
Log registered: {message: Retrieved existing Device ID: test-device, timestamp: 2026-06-09 02:49:56.178310, function: null, file: null}
Log registered: {message: Attempting to connect to master WebSocket at ws://127.0.0.1:62701/ws with Device ID: test-device, timestamp: 2026-06-09 02:49:56.178550, function: null, file: null}
Log registered: {message: Connected to WebSocket at ws://127.0.0.1:62701/ws, timestamp: 2026-06-09 02:49:56.179025, function: null, file: null}
00:01 +37 ~1: /Users/jose/src/work/hydracamv2/test/screens/session_details_screen_test.dart: load session action falls back to session id without guid
Log registered: {message: No metadata file found for session snapshot legacy-session-id, timestamp: 2026-06-09 02:49:56.181035, function: null, file: null}
00:01 +37 ~1: /Users/jose/src/work/hydracamv2/test/slave/slave_client_registration_test.dart: auto-record starts recording when sessionStarted arrives
Log registered: {message: Command received from master: {"command":"sessionStarted","sessionGuid":"auto-record-session"}, timestamp: 2026-06-09 02:49:56.183644, function: null, file: null}
Log registered: {message: Command: {"command":"sessionStarted","sessionGuid":"auto-record-session"}, timestamp: 2026-06-09 02:49:56.184491, function: null, file: null}
Log registered: {message: Session guid: auto-record-session, timestamp: 2026-06-09 02:49:56.184627, function: null, file: null}
Log registered: {message: UploaderService: Resetting upload queue and state., timestamp: 2026-06-09 02:49:56.184929, function: null, file: null}
Log registered: {message: UploaderService: Reset completed., timestamp: 2026-06-09 02:49:56.185025, function: null, file: null}
Log registered: {message: Session started with GUID: auto-record-session on device type: Slave, timestamp: 2026-06-09 02:49:56.185104, function: null, file: null}
Log registered: {message: Get token, timestamp: 2026-06-09 02:49:56.185997, function: null, file: null}
Log registered: {message: Fetch token, timestamp: 2026-06-09 02:49:56.186419, function: null, file: null}
00:01 +37 ~1: /Users/jose/src/work/hydracamv2/test/screens/master_video_recording_screen_test.dart: recording preview exits when no recording is active and no controller exists
Log registered: {message: Closing recording preview because no recording is active., timestamp: 2026-06-09 02:49:56.189688, function: null, file: null}
00:01 +37 ~1: /Users/jose/src/work/hydracamv2/test/slave/slave_client_registration_test.dart: auto-record starts recording when sessionStarted arrives
Log registered: {message: Auto-record starting recording for active session auto-record-session., timestamp: 2026-06-09 02:49:56.193494, function: null, file: null}
Log registered: {message: Starting video recording, timestamp: 2026-06-09 02:49:56.194449, function: null, file: null}
Log registered: {message: Mock camera ready for native controller mode on macOS., timestamp: 2026-06-09 02:49:56.195002, function: null, file: null}
Log registered: {message: Retrieved existing Device ID: test-device, timestamp: 2026-06-09 02:49:56.198236, function: null, file: null}
Log registered: {message: Mock video recording started for native controller mode., timestamp: 2026-06-09 02:49:56.198785, function: null, file: null}
Log registered: {message: Failed to fetch M2M token: , timestamp: 2026-06-09 02:49:56.199881, function: null, file: null}
Log registered: {message: Error on POST device/ReadyToTransmit: Exception: Failed to retrieve M2M token, timestamp: 2026-06-09 02:49:56.200196, function: null, file: null}
Log registered: {message: Failed to notify server: No response, timestamp: 2026-06-09 02:49:56.200284, function: null, file: null}
Log registered: {message: Connection closed, timestamp: 2026-06-09 02:49:56.200438, function: null, file: null}
Log registered: {message: Mock video saved to session path: /var/folders/6s/dp27g8gn26j9mp36sjfxb9tw0000gn/T/slave_client_docstz2KRM/session_auto-record-session/mock_1_2026-06-09T02-49-56-201594.mp4, timestamp: 2026-06-09 02:49:56.208914, function: null, file: null}
Log registered: {message: Session metadata saved to /var/folders/6s/dp27g8gn26j9mp36sjfxb9tw0000gn/T/slave_client_docstz2KRM/session_auto-record-session/metadata.json, timestamp: 2026-06-09 02:49:56.209834, function: null, file: null}
Log registered: {message: UploaderService: Resetting upload queue and state., timestamp: 2026-06-09 02:49:56.209982, function: null, file: null}
Log registered: {message: UploaderService: Reset completed., timestamp: 2026-06-09 02:49:56.210192, function: null, file: null}
Log registered: {message: Session ended and uploader reset., timestamp: 2026-06-09 02:49:56.210260, function: null, file: null}
00:01 +38 ~1: /Users/jose/src/work/hydracamv2/test/screens/capture_settings_screen_test.dart: settings screen shows capture settings instead of camera quality
00:01 +39 ~1: /Users/jose/src/work/hydracamv2/test/screens/capture_settings_screen_test.dart: settings screen shows capture settings instead of camera quality
00:01 +39 ~1: /Users/jose/src/work/hydracamv2/test/slave/slave_client_registration_test.dart: startUploadingAll command starts pending upload queue
Log registered: {message: UploaderService: Resetting upload queue and state., timestamp: 2026-06-09 02:49:56.213693, function: null, file: null}
Log registered: {message: UploaderService: Reset completed., timestamp: 2026-06-09 02:49:56.213914, function: null, file: null}
Log registered: {message: UploaderService: Resetting upload queue and state., timestamp: 2026-06-09 02:49:56.214195, function: null, file: null}
Log registered: {message: UploaderService: Reset completed., timestamp: 2026-06-09 02:49:56.214313, function: null, file: null}
Log registered: {message: Session started with GUID: backend-upload-session on device type: Slave, timestamp: 2026-06-09 02:49:56.214376, function: null, file: null}
Log registered: {message: [UploaderService] No uploaded media with valid durations. Returning zero duration., timestamp: 2026-06-09 02:49:56.216681, function: null, file: null}
Log registered: {message: Media added to upload queue: /var/folders/6s/dp27g8gn26j9mp36sjfxb9tw0000gn/T/slave_upload_commandxXCocn/queued-photo.jpg, timestamp: 2026-06-09 02:49:56.216928, function: null, file: null}
Log registered: {message: Auto-upload is disabled. Media added to queue but not uploaded., timestamp: 2026-06-09 02:49:56.217192, function: null, file: null}
Log registered: {message: Retrieved existing Device ID: test-device, timestamp: 2026-06-09 02:49:56.218251, function: null, file: null}
Log registered: {message: Attempting to connect to master WebSocket at ws://127.0.0.1:62703/ws with Device ID: test-device, timestamp: 2026-06-09 02:49:56.218374, function: null, file: null}
Log registered: {message: Connected to WebSocket at ws://127.0.0.1:62703/ws, timestamp: 2026-06-09 02:49:56.218698, function: null, file: null}
Log registered: {message: Command received from master: {"command":"startUploadingAll"}, timestamp: 2026-06-09 02:49:56.224703, function: null, file: null}
Log registered: {message: Start-upload-all command received from master., timestamp: 2026-06-09 02:49:56.225217, function: null, file: null}
Log registered: {message: Manual upload initiated., timestamp: 2026-06-09 02:49:56.225410, function: null, file: null}
Log registered: {message: UploaderService: _startUploading called. _isUploading=false, queue length=1, timestamp: 2026-06-09 02:49:56.225669, function: null, file: null}
Log registered: {message: UploaderService: _processNextItem called. Queue length=1, timestamp: 2026-06-09 02:49:56.226097, function: null, file: null}
Log registered: {message: UploaderService: sessionGuid=backend-upload-session, timestamp: 2026-06-09 02:49:56.226278, function: null, file: null}
Log registered: {message: Get token, timestamp: 2026-06-09 02:49:56.227403, function: null, file: null}
Log registered: {message: Fetch token, timestamp: 2026-06-09 02:49:56.227532, function: null, file: null}
Log registered: {message: Failed to fetch M2M token: , timestamp: 2026-06-09 02:49:56.228454, function: null, file: null}
Log registered: {message: Error uploading media: Exception: Failed to retrieve M2M token, timestamp: 2026-06-09 02:49:56.228653, function: null, file: null}
Log registered: {message: Failed to upload media: /var/folders/6s/dp27g8gn26j9mp36sjfxb9tw0000gn/T/slave_upload_commandxXCocn/queued-photo.jpg, timestamp: 2026-06-09 02:49:56.228863, function: null, file: null}
00:01 +40 ~1: /Users/jose/src/work/hydracamv2/test/screens/capture_settings_screen_test.dart: settings screen shows capture settings instead of camera quality
00:01 +40 ~1: /Users/jose/src/work/hydracamv2/test/slave/slave_client_registration_test.dart: startUploadingAll command starts pending upload queue
Log registered: {message: Connection closed, timestamp: 2026-06-09 02:49:56.231350, function: null, file: null}
Log registered: {message: UploaderService: Resetting upload queue and state., timestamp: 2026-06-09 02:49:56.231662, function: null, file: null}
Log registered: {message: UploaderService: Reset completed., timestamp: 2026-06-09 02:49:56.231736, function: null, file: null}
Log registered: {message: Session metadata saved to /var/folders/6s/dp27g8gn26j9mp36sjfxb9tw0000gn/T/slave_client_docstz2KRM/session_backend-upload-session/metadata.json, timestamp: 2026-06-09 02:49:56.232887, function: null, file: null}
00:01 +40 ~1: /Users/jose/src/work/hydracamv2/test/screens/capture_settings_screen_test.dart: settings screen shows capture settings instead of camera quality
00:01 +41 ~1: /Users/jose/src/work/hydracamv2/test/screens/capture_settings_screen_test.dart: settings screen shows capture settings instead of camera quality
00:01 +41 ~1: /Users/jose/src/work/hydracamv2/test/slave/slave_client_registration_test.dart: startUploadingAll command starts pending upload queue
Log registered: {message: Session metadata saved to /var/folders/6s/dp27g8gn26j9mp36sjfxb9tw0000gn/T/slave_client_docstz2KRM/session_backend-upload-session/metadata.json, timestamp: 2026-06-09 02:49:56.233695, function: null, file: null}
Log registered: {message: [UploaderService] Queue is empty. Returning zero duration., timestamp: 2026-06-09 02:49:56.233840, function: null, file: null}
Log registered: {message: UploaderService: _processNextItem called. Queue length=0, timestamp: 2026-06-09 02:49:56.233915, function: null, file: null}
Log registered: {message: UploaderService: Queue is empty. Uploading stopped., timestamp: 2026-06-09 02:49:56.234017, function: null, file: null}
Log registered: {message: UploaderService: Resetting upload queue and state., timestamp: 2026-06-09 02:49:56.234216, function: null, file: null}
Log registered: {message: UploaderService: Reset completed., timestamp: 2026-06-09 02:49:56.234283, function: null, file: null}
Log registered: {message: Session ended and uploader reset., timestamp: 2026-06-09 02:49:56.234339, function: null, file: null}
00:01 +41 ~1 -1: /Users/jose/src/work/hydracamv2/test/screens/capture_settings_screen_test.dart: settings screen shows capture settings instead of camera quality
00:01 +42 ~1 -1: /Users/jose/src/work/hydracamv2/test/screens/capture_settings_screen_test.dart: settings screen shows capture settings instead of camera quality
00:01 +42 ~1 -1: /Users/jose/src/work/hydracamv2/test/slave/slave_client_registration_test.dart: startUploadingAll command starts pending upload queue [E]
  Expected: false
    Actual: <true>

  package:matcher                                       expect
  package:flutter_test/src/widget_tester.dart 473:18    expect
  test/slave/slave_client_registration_test.dart 391:7  main.<fn>

00:01 +42 ~1 -1: /Users/jose/src/work/hydracamv2/test/slave/slave_client_registration_test.dart: identifySlave command replies with identifyAck
Log registered: {message: UploaderService: Resetting upload queue and state., timestamp: 2026-06-09 02:49:56.257046, function: null, file: null}
Log registered: {message: UploaderService: Reset completed., timestamp: 2026-06-09 02:49:56.257195, function: null, file: null}
Log registered: {message: Session started with GUID: slave-session-guid on device type: Slave, timestamp: 2026-06-09 02:49:56.257257, function: null, file: null}
Log registered: {message: Retrieved existing Device ID: test-device, timestamp: 2026-06-09 02:49:56.257796, function: null, file: null}
Log registered: {message: Attempting to connect to master WebSocket at ws://127.0.0.1:62705/ws with Device ID: test-device, timestamp: 2026-06-09 02:49:56.257887, function: null, file: null}
Log registered: {message: Connected to WebSocket at ws://127.0.0.1:62705/ws, timestamp: 2026-06-09 02:49:56.258211, function: null, file: null}
Log registered: {message: Command received from master: {"command":"identifySlave","requestId":"identify-test"}, timestamp: 2026-06-09 02:49:56.262125, function: null, file: null}
Log registered: {message: Sent identifyAck notification to master, timestamp: 2026-06-09 02:49:56.262657, function: null, file: null}
Log registered: {message: Connection closed, timestamp: 2026-06-09 02:49:56.263066, function: null, file: null}
Log registered: {message: Session metadata saved to /var/folders/6s/dp27g8gn26j9mp36sjfxb9tw0000gn/T/slave_client_docstz2KRM/session_slave-session-guid/metadata.json, timestamp: 2026-06-09 02:49:56.264971, function: null, file: null}
Log registered: {message: UploaderService: Resetting upload queue and state., timestamp: 2026-06-09 02:49:56.265121, function: null, file: null}
Log registered: {message: UploaderService: Reset completed., timestamp: 2026-06-09 02:49:56.265203, function: null, file: null}
Log registered: {message: Session ended and uploader reset., timestamp: 2026-06-09 02:49:56.265258, function: null, file: null}
00:01 +43 ~1 -1: /Users/jose/src/work/hydracamv2/test/screens/capture_settings_screen_test.dart: settings screen shows capture settings instead of camera quality
00:01 +43 ~1 -1: /Users/jose/src/work/hydracamv2/test/slave/slave_client_registration_test.dart: scheduled command applies master clock offset before countdown
Log registered: {message: Retrieved existing Device ID: test-device, timestamp: 2026-06-09 02:49:56.267594, function: null, file: null}
Log registered: {message: Attempting to connect to master WebSocket at ws://127.0.0.1:62707/ws with Device ID: test-device, timestamp: 2026-06-09 02:49:56.267711, function: null, file: null}
Log registered: {message: Connected to WebSocket at ws://127.0.0.1:62707/ws, timestamp: 2026-06-09 02:49:56.268027, function: null, file: null}
Log registered: {message: Command received from master: {"type":"scheduledCommand","command":"takePhoto","scheduledTime":"2026-06-08T20:35:05.000Z","masterTime":"2026-06-08T20:35:02.000Z"}, timestamp: 2026-06-09 02:49:56.272119, function: null, file: null}
Log registered: {message: Updated slave scheduled clock offset from master: 2000 ms., timestamp: 2026-06-09 02:49:56.273194, function: null, file: null}
Log registered: {message: Command 'takePhoto' scheduled for 2026-06-08 20:35:05.000Z., timestamp: 2026-06-09 02:49:56.273618, function: null, file: null}
Log registered: {message: Connection closed, timestamp: 2026-06-09 02:49:56.274328, function: null, file: null}
00:01 +44 ~1 -1: /Users/jose/src/work/hydracamv2/test/screens/capture_settings_screen_test.dart: settings screen shows capture settings instead of camera quality
00:01 +45 ~1 -1: /Users/jose/src/work/hydracamv2/test/screens/uploader_info_screen_test.dart: cancel action clears the current upload row
Log registered: {message: [UploaderService] Queue is empty. Returning zero duration., timestamp: 2026-06-09 02:49:56.298888, function: null, file: null}
Log registered: {message: Cancelled active upload: /var/folders/6s/dp27g8gn26j9mp36sjfxb9tw0000gn/T/uploader_info_screen_testHsZNS8/current-upload.mp4, timestamp: 2026-06-09 02:49:56.299119, function: null, file: null}
00:01 +45 ~1 -1: /Users/jose/src/work/hydracamv2/test/camera_singleton_initialization_test.dart: CameraServiceSingleton Initialization MasterScreen can be created when CameraServiceSingleton is initialized
Log registered: {message: WebSocket Server stopped, timestamp: 2026-06-09 02:49:56.353157, function: null, file: null}
Log registered: {message: Stopped broadcasting master discovery message., timestamp: 2026-06-09 02:49:56.355405, function: null, file: null}
00:01 +46 ~1 -1: /Users/jose/src/work/hydracamv2/test/screens/uploader_info_screen_test.dart: cancel action clears the current upload row
Log registered: {message: Session metadata saved to /var/folders/6s/dp27g8gn26j9mp36sjfxb9tw0000gn/T/uploader_info_screen_docsZ3bYIN/session_uploader-info-session-guid/metadata.json, timestamp: 2026-06-09 02:49:56.366172, function: null, file: null}
Log registered: {message: UploaderService: Resetting upload queue and state., timestamp: 2026-06-09 02:49:56.366409, function: null, file: null}
Log registered: {message: UploaderService: Reset completed., timestamp: 2026-06-09 02:49:56.366485, function: null, file: null}
Log registered: {message: Session ended and uploader reset., timestamp: 2026-06-09 02:49:56.366544, function: null, file: null}
Log registered: {message: UploaderService: Resetting upload queue and state., timestamp: 2026-06-09 02:49:56.366611, function: null, file: null}
Log registered: {message: UploaderService: Reset completed., timestamp: 2026-06-09 02:49:56.366662, function: null, file: null}
00:01 +47 ~1 -1: /Users/jose/src/work/hydracamv2/test/screens/capture_settings_screen_test.dart: settings screen exposes disabled auto-record toggle
00:02 +48 ~1 -1: /Users/jose/src/work/hydracamv2/test/screens/capture_settings_screen_test.dart: settings screen exposes disabled auto-record toggle
00:02 +49 ~1 -1: /Users/jose/src/work/hydracamv2/test/screens/capture_settings_screen_test.dart: settings screen exposes disabled auto-record toggle
00:02 +50 ~1 -1: /Users/jose/src/work/hydracamv2/test/screens/capture_settings_screen_test.dart: settings screen exposes disabled auto-record toggle
00:02 +50 ~1 -1: /Users/jose/src/work/hydracamv2/test/camera_singleton_initialization_test.dart: CameraServiceSingleton Error Prevention MasterScreen initState accesses CameraServiceSingleton safely
Log registered: {message: WebSocket Server stopped, timestamp: 2026-06-09 02:49:56.451187, function: null, file: null}
Log registered: {message: Stopped broadcasting master discovery message., timestamp: 2026-06-09 02:49:56.451444, function: null, file: null}
00:02 +51 ~1 -1: /Users/jose/src/work/hydracamv2/test/screens/capture_settings_screen_test.dart: settings screen exposes disabled auto-record toggle
Log registered: {message: Updated autoRecordMode value to true, timestamp: 2026-06-09 02:49:56.452513, function: null, file: null}
00:02 +52 ~1 -1: /Users/jose/src/work/hydracamv2/test/screens/capture_settings_screen_test.dart: settings screen exposes disabled auto-record toggle
00:02 +53 ~1 -1: /Users/jose/src/work/hydracamv2/test/screens/capture_settings_screen_test.dart: settings screen exposes disabled auto-record toggle
00:02 +54 ~1 -1: /Users/jose/src/work/hydracamv2/test/screens/capture_settings_screen_test.dart: settings screen explains current storage location
00:02 +55 ~1 -1: /Users/jose/src/work/hydracamv2/test/screens/capture_settings_screen_test.dart: settings language dropdown stores Polish override
Log registered: {message: Updated locale override to pl, timestamp: 2026-06-09 02:49:56.753546, function: null, file: null}
00:02 +56 ~1 -1: /Users/jose/src/work/hydracamv2/test/slave/slave_screen_fast_connect_test.dart: forced preferred master connects without network readiness probe
00:02 +57 ~1 -1: /Users/jose/src/work/hydracamv2/test/slave/slave_screen_fast_connect_test.dart: forced preferred master connects without network readiness probe
00:02 +58 ~1 -1: /Users/jose/src/work/hydracamv2/test/slave/slave_screen_fast_connect_test.dart: forced preferred master connects without network readiness probe
00:02 +59 ~1 -1: /Users/jose/src/work/hydracamv2/test/slave/slave_screen_fast_connect_test.dart: forced preferred master connects without network readiness probe
00:02 +60 ~1 -1: /Users/jose/src/work/hydracamv2/test/slave/slave_screen_fast_connect_test.dart: forced preferred master connects without network readiness probe
00:02 +61 ~1 -1: /Users/jose/src/work/hydracamv2/test/slave/slave_screen_fast_connect_test.dart: forced preferred master connects without network readiness probe
Log registered: {message: Skipping slave network readiness for forced preferred master 192.168.178.153., timestamp: 2026-06-09 02:49:57.168777, function: null, file: null}
Log registered: {message: Connecting to master at IP: 192.168.178.153, timestamp: 2026-06-09 02:49:57.170824, function: null, file: null}
00:02 +62 ~1 -1: /Users/jose/src/work/hydracamv2/test/master/master_network_snapshot_cache_test.dart: master socket binding supports rapid shared rebind
00:03 +63 ~1 -1: /Users/jose/src/work/hydracamv2/test/slave/slave_screen_fast_connect_test.dart: slave app bar opens uploader info directly
Log registered: {message: Skipping slave network readiness for forced preferred master 192.168.178.153., timestamp: 2026-06-09 02:49:57.415483, function: null, file: null}
Log registered: {message: Connecting to master at IP: 192.168.178.153, timestamp: 2026-06-09 02:49:57.415912, function: null, file: null}
00:03 +64 ~1 -1: /Users/jose/src/work/hydracamv2/test/slave/slave_screen_fast_connect_test.dart: slave app bar opens uploader info directly
00:03 +65 ~1 -1: /Users/jose/src/work/hydracamv2/test/slave/slave_screen_fast_connect_test.dart: slave app bar opens uploader info directly
00:03 +66 ~1 -1: /Users/jose/src/work/hydracamv2/test/slave/slave_screen_fast_connect_test.dart: slave app bar opens uploader info directly
00:03 +67 ~1 -1: /Users/jose/src/work/hydracamv2/test/slave/slave_screen_fast_connect_test.dart: slave app bar opens uploader info directly
00:03 +67 ~1 -1: /Users/jose/src/work/hydracamv2/test/master/master_network_snapshot_cache_test.dart: stale socket close does not remove current client registration
Log registered: {message: Client slave-a disconnected. Total clients: 0, timestamp: 2026-06-09 02:49:57.439662, function: null, file: null}
00:03 +68 ~1 -1: /Users/jose/src/work/hydracamv2/test/slave/slave_screen_fast_connect_test.dart: slave app bar opens uploader info directly
00:03 +68 ~1 -1: /Users/jose/src/work/hydracamv2/test/master/master_network_snapshot_cache_test.dart: stale socket close does not remove current client registration
Trace file unavailable: MissingPluginException(No implementation found for method getApplicationDocumentsDirectory on channel plugins.flutter.io/path_provider)
00:03 +68 ~1 -1: /Users/jose/src/work/hydracamv2/test/master/master_network_snapshot_cache_test.dart: master server retains disconnected device status after socket removal
Log registered: {message: Client slave-a disconnected. Total clients: 0, timestamp: 2026-06-09 02:49:57.447013, function: null, file: null}
00:03 +69 ~1 -1: /Users/jose/src/work/hydracamv2/test/slave/slave_screen_fast_connect_test.dart: slave app bar opens uploader info directly
00:03 +69 ~1 -1: /Users/jose/src/work/hydracamv2/test/master/master_network_snapshot_cache_test.dart: master server orders connected devices before disconnected history
Log registered: {message: Client a-stale-slave disconnected. Total clients: 0, timestamp: 2026-06-09 02:49:57.449267, function: null, file: null}
00:03 +70 ~1 -1: /Users/jose/src/work/hydracamv2/test/slave/slave_screen_fast_connect_test.dart: slave app bar opens uploader info directly
00:03 +70 ~1 -1: /Users/jose/src/work/hydracamv2/test/master/master_network_snapshot_cache_test.dart: scheduled commands include master send time for slave clock offset
Log registered: {message: Scheduling command 'takePhoto' for 2026-06-08T20:35:05.000Z, timestamp: 2026-06-09 02:49:57.452055, function: null, file: null}
Log registered: {message: Scheduled command 'takePhoto' sent to slave with deviceId: slave-a., timestamp: 2026-06-09 02:49:57.453978, function: null, file: null}
00:03 +71 ~1 -1: /Users/jose/src/work/hydracamv2/test/slave/slave_screen_fast_connect_test.dart: slave app bar opens uploader info directly
00:03 +71 ~1 -1: /Users/jose/src/work/hydracamv2/test/master/master_network_snapshot_cache_test.dart: scheduled command for missing slave does not broadcast
Log registered: {message: Scheduling command 'takePhoto' for 2026-06-09T02:20:00.000Z, timestamp: 2026-06-09 02:49:57.460645, function: null, file: null}
Log registered: {message: Scheduled command 'takePhoto' not sent. Slave missing-slave is not connected., timestamp: 2026-06-09 02:49:57.460768, function: null, file: null}
00:03 +72 ~1 -1: /Users/jose/src/work/hydracamv2/test/slave/slave_screen_fast_connect_test.dart: slave app bar opens uploader info directly
00:03 +72 ~1 -1: /Users/jose/src/work/hydracamv2/test/master/master_network_snapshot_cache_test.dart: scheduled broadcast sends to all eligible connected slaves
Log registered: {message: Scheduling command 'startRecordingVideo' for 2026-06-09T02:20:00.000Z, timestamp: 2026-06-09 02:49:57.463444, function: null, file: null}
Log registered: {message: Scheduled command 'startRecordingVideo' sent to all connected slaves., timestamp: 2026-06-09 02:49:57.464692, function: null, file: null}
00:03 +73 ~1 -1: /Users/jose/src/work/hydracamv2/test/slave/slave_screen_fast_connect_test.dart: slave app bar opens uploader info directly
00:03 +73 ~1 -1: /Users/jose/src/work/hydracamv2/test/master/master_network_snapshot_cache_test.dart: targeted command for missing slave does not broadcast
Log registered: {message: Sending command takePhoto, timestamp: 2026-06-09 02:49:57.467031, function: null, file: null}
Log registered: {message: Command 'takePhoto' not sent. Slave missing-slave is not connected., timestamp: 2026-06-09 02:49:57.467183, function: null, file: null}
00:03 +74 ~1 -1: /Users/jose/src/work/hydracamv2/test/slave/slave_screen_fast_connect_test.dart: slave app bar opens uploader info directly
00:03 +74 ~1 -1: /Users/jose/src/work/hydracamv2/test/master/master_network_snapshot_cache_test.dart: targeted command only sends to the requested connected slave
Log registered: {message: Sending command takePhoto, timestamp: 2026-06-09 02:49:57.468704, function: null, file: null}
Log registered: {message: Command 'takePhoto' sent to slave with deviceId: slave-a., timestamp: 2026-06-09 02:49:57.468863, function: null, file: null}
00:03 +75 ~1 -1: /Users/jose/src/work/hydracamv2/test/slave/slave_screen_fast_connect_test.dart: slave app bar opens uploader info directly
00:03 +75 ~1 -1: /Users/jose/src/work/hydracamv2/test/master/master_network_snapshot_cache_test.dart: broadcast command sends to all eligible connected slaves
Log registered: {message: Sending command stopRecordingVideo, timestamp: 2026-06-09 02:49:57.470637, function: null, file: null}
Log registered: {message: Command 'stopRecordingVideo' sent to all connected slaves., timestamp: 2026-06-09 02:49:57.470789, function: null, file: null}
00:03 +76 ~1 -1: /Users/jose/src/work/hydracamv2/test/slave/slave_screen_fast_connect_test.dart: slave app bar opens uploader info directly
00:03 +76 ~1 -1: /Users/jose/src/work/hydracamv2/test/master/master_network_snapshot_cache_test.dart: master sends identify command and records ack diagnostics
Log registered: {message: Identify command sent to slave with deviceId: slave-a., timestamp: 2026-06-09 02:49:57.472969, function: null, file: null}
00:03 +77 ~1 -1: /Users/jose/src/work/hydracamv2/test/slave/slave_screen_fast_connect_test.dart: slave app bar opens uploader info directly
00:03 +78 ~1 -1: /Users/jose/src/work/hydracamv2/test/slave/slave_screen_fast_connect_test.dart: slave app bar opens uploader info directly
00:03 +79 ~1 -1: /Users/jose/src/work/hydracamv2/test/slave/slave_screen_fast_connect_test.dart: slave app bar opens uploader info directly
00:03 +80 ~1 -1: /Users/jose/src/work/hydracamv2/test/slave/slave_screen_fast_connect_test.dart: slave app bar opens uploader info directly
00:03 +81 ~1 -1: /Users/jose/src/work/hydracamv2/test/slave/slave_screen_fast_connect_test.dart: slave app bar opens uploader info directly
00:03 +82 ~1 -1: /Users/jose/src/work/hydracamv2/test/slave/slave_screen_fast_connect_test.dart: slave app bar opens uploader info directly
00:03 +83 ~1 -1: /Users/jose/src/work/hydracamv2/test/slave/slave_screen_fast_connect_test.dart: slave app bar opens uploader info directly
00:03 +84 ~1 -1: /Users/jose/src/work/hydracamv2/test/slave/slave_screen_fast_connect_test.dart: slave app bar opens uploader info directly
00:03 +85 ~1 -1: /Users/jose/src/work/hydracamv2/test/slave/slave_screen_fast_connect_test.dart: slave app bar opens uploader info directly
00:03 +86 ~1 -1: /Users/jose/src/work/hydracamv2/test/automation/automation_standby_screen_test.dart: standby screen renders visible status instead of a blank body
00:03 +86 ~1 -1: /Users/jose/src/work/hydracamv2/test/slave/slave_screen_fast_connect_test.dart: connectivity stream errors are logged without uncaught exception
Log registered: {message: Skipping slave network readiness for forced preferred master 192.168.178.153., timestamp: 2026-06-09 02:49:57.601672, function: null, file: null}
Log registered: {message: Connecting to master at IP: 192.168.178.153, timestamp: 2026-06-09 02:49:57.604127, function: null, file: null}
Log registered: {message: Connectivity change listener failed: SocketException: dbus unavailable
#0      main.<anonymous closure> (file:///Users/jose/src/work/hydracamv2/test/slave/slave_screen_fast_connect_test.dart:214:18)
<asynchronous suspension>
#1      testWidgets.<anonymous closure>.<anonymous closure> (package:flutter_test/src/widget_tester.dart:192:15)
<asynchronous suspension>
#2      TestWidgetsFlutterBinding._runTestBody (package:flutter_test/src/binding.dart:1952:5)
<asynchronous suspension>
#3      StackZoneSpecification._registerCallback.<anonymous closure> (package:stack_trace/src/stack_zone_specification.dart:114:42)
<asynchronous suspension>
, timestamp: 2026-06-09 02:49:57.625498, function: null, file: null}
00:03 +87 ~1 -1: /Users/jose/src/work/hydracamv2/test/automation/automation_standby_screen_test.dart: standby screen renders visible status instead of a blank body
00:03 +87 ~1 -1: /Users/jose/src/work/hydracamv2/test/slave/slave_screen_fast_connect_test.dart: linux skips default connectivity stream subscription
Log registered: {message: Skipping connectivity change listener on linux; network readiness will be checked on demand., timestamp: 2026-06-09 02:49:57.644465, function: null, file: null}
Log registered: {message: Skipping slave network readiness for forced preferred master 192.168.178.153., timestamp: 2026-06-09 02:49:57.644744, function: null, file: null}
Log registered: {message: Connecting to master at IP: 192.168.178.153, timestamp: 2026-06-09 02:49:57.644841, function: null, file: null}
00:03 +88 ~1 -1: /Users/jose/src/work/hydracamv2/test/automation/automation_standby_screen_test.dart: standby screen renders visible status instead of a blank body
00:03 +88 ~1 -1: /Users/jose/src/work/hydracamv2/test/slave/slave_screen_fast_connect_test.dart: recording slave surface exposes safe stop control
Log registered: {message: Skipping slave network readiness for forced preferred master 192.168.178.153., timestamp: 2026-06-09 02:49:57.688393, function: null, file: null}
Log registered: {message: Connecting to master at IP: 192.168.178.153, timestamp: 2026-06-09 02:49:57.688608, function: null, file: null}
00:03 +89 ~1 -1: /Users/jose/src/work/hydracamv2/test/automation/automation_standby_screen_test.dart: standby screen renders visible status instead of a blank body
00:04 +90 ~1 -1: /Users/jose/src/work/hydracamv2/test/services/camera_service_failure_test.dart: (setUpAll)
00:04 +90 ~1 -1: /Users/jose/src/work/hydracamv2/test/services/camera_service_failure_test.dart: takePhoto surfaces camera failures instead of returning a fake path
Log registered: {message: Initializing camera..., timestamp: 2026-06-09 02:49:58.422788, function: null, file: null}
Log registered: {message: Error taking photo: Exception: No cameras available on this device.
#0      CameraService.ensureCameraIsReady (package:hydracam/services/camera_service.dart:253:7)
<asynchronous suspension>
#1      CameraService.takePhoto (package:hydracam/services/camera_service.dart:303:7)
<asynchronous suspension>
#2      Throws._matchFuture (package:matcher/src/expect/throws_matcher.dart:103:19)
<asynchronous suspension>
#3      _expect.<anonymous closure> (package:matcher/src/expect/expect.dart:153:17)
<asynchronous suspension>
#4      StackZoneSpecification._registerCallback.<anonymous closure> (package:stack_trace/src/stack_zone_specification.dart:114:42)
<asynchronous suspension>
#5      expectLater.<anonymous closure> (package:flutter_test/src/widget_tester.dart:508:19)
<asynchronous suspension>
#6      main.<anonymous closure> (file:///Users/jose/src/work/hydracamv2/test/services/camera_service_failure_test.dart:56:5)
<asynchronous suspension>
#7      Declarer.test.<anonymous closure>.<anonymous closure> (package:test_api/src/backend/declarer.dart:253:15)
<asynchronous suspension>
#8      Declarer.test.<anonymous closure> (package:test_api/src/backend/declarer.dart:250:11)
<asynchronous suspension>
#9      Invoker._waitForOutstandingCallbacks.<anonymous closure> (package:test_api/src/backend/invoker.dart:318:9)
<asynchronous suspension>
, timestamp: 2026-06-09 02:49:58.433382, function: null, file: null}
00:04 +91 ~1 -1: /Users/jose/src/work/hydracamv2/test/services/camera_service_failure_test.dart: startRecordingVideo stays inactive when the camera platform fails
Log registered: {message: Initializing camera..., timestamp: 2026-06-09 02:49:58.441859, function: null, file: null}
Log registered: {message: Updated selected camera name to fake-back-camera, timestamp: 2026-06-09 02:49:58.443996, function: null, file: null}
Log registered: {message: Camera successfully initialized., timestamp: 2026-06-09 02:49:58.449332, function: null, file: null}
Log registered: {message: Generated new Device ID: b93450f8-16f7-404a-aaf6-1d732d7c3b41, timestamp: 2026-06-09 02:49:58.451357, function: null, file: null}
Log registered: {message: Camera video recording start failed with explicit fps; retrying with resolution preset defaults. Error: CameraException(ios_camera_start_failed, Simulated iPad recording start failure)
#0      CameraController.startVideoRecording (package:camera/src/camera_controller.dart:607:7)
<asynchronous suspension>
#1      Future.timeout.<anonymous closure> (dart:async/future_impl.dart:1061:7)
<asynchronous suspension>
#2      CameraService._startVideoRecordingWithFallback (package:hydracam/services/camera_service.dart:728:7)
<asynchronous suspension>
#3      CameraService.startRecordingVideo (package:hydracam/services/camera_service.dart:397:7)
<asynchronous suspension>
#4      Throws._matchFuture (package:matcher/src/expect/throws_matcher.dart:103:19)
<asynchronous suspension>
#5      _expect.<anonymous closure> (package:matcher/src/expect/expect.dart:153:17)
<asynchronous suspension>
#6      StackZoneSpecification._registerCallback.<anonymous closure> (package:stack_trace/src/stack_zone_specification.dart:114:42)
<asynchronous suspension>
#7      expectLater.<anonymous closure> (package:flutter_test/src/widget_tester.dart:508:19)
<asynchronous suspension>
#8      main.<anonymous closure> (file:///Users/jose/src/work/hydracamv2/test/services/camera_service_failure_test.dart:81:5)
<asynchronous suspension>
#9      Declarer.test.<anonymous closure>.<anonymous closure> (package:test_api/src/backend/declarer.dart:253:15)
<asynchronous suspension>
#10     Declarer.test.<anonymous closure> (package:test_api/src/backend/declarer.dart:250:11)
<asynchronous suspension>
#11     Invoker._waitForOutstandingCallbacks.<anonymous closure> (package:test_api/src/backend/invoker.dart:318:9)
<asynchronous suspension>
, timestamp: 2026-06-09 02:49:58.453233, function: null, file: null}
00:04 +92 ~1 -1: /Users/jose/src/work/hydracamv2/test/services/camera_service_failure_test.dart: startRecordingVideo stays inactive when the camera platform fails
00:04 +93 ~1 -1: /Users/jose/src/work/hydracamv2/test/services/camera_service_failure_test.dart: startRecordingVideo stays inactive when the camera platform fails
00:04 +94 ~1 -1: /Users/jose/src/work/hydracamv2/test/services/camera_service_failure_test.dart: startRecordingVideo stays inactive when the camera platform fails
00:04 +95 ~1 -1: /Users/jose/src/work/hydracamv2/test/services/camera_service_failure_test.dart: startRecordingVideo stays inactive when the camera platform fails
00:04 +96 ~1 -1: /Users/jose/src/work/hydracamv2/test/services/camera_service_failure_test.dart: startRecordingVideo stays inactive when the camera platform fails
00:04 +97 ~1 -1: /Users/jose/src/work/hydracamv2/test/services/camera_service_failure_test.dart: startRecordingVideo stays inactive when the camera platform fails
00:04 +98 ~1 -1: /Users/jose/src/work/hydracamv2/test/services/camera_service_failure_test.dart: startRecordingVideo stays inactive when the camera platform fails
00:04 +99 ~1 -1: /Users/jose/src/work/hydracamv2/test/services/camera_service_failure_test.dart: startRecordingVideo stays inactive when the camera platform fails
00:04 +100 ~1 -1: /Users/jose/src/work/hydracamv2/test/services/camera_service_failure_test.dart: startRecordingVideo stays inactive when the camera platform fails
00:04 +101 ~1 -1: /Users/jose/src/work/hydracamv2/test/services/camera_service_failure_test.dart: startRecordingVideo stays inactive when the camera platform fails
00:04 +102 ~1 -1: /Users/jose/src/work/hydracamv2/test/services/camera_service_failure_test.dart: startRecordingVideo stays inactive when the camera platform fails
00:04 +103 ~1 -1: /Users/jose/src/work/hydracamv2/test/services/camera_service_failure_test.dart: startRecordingVideo stays inactive when the camera platform fails
00:04 +104 ~1 -1: /Users/jose/src/work/hydracamv2/test/services/camera_service_failure_test.dart: startRecordingVideo stays inactive when the camera platform fails
00:04 +104 ~1 -1: /Users/jose/src/work/hydracamv2/test/services/session_manager_test.dart: SessionManager Session lifecycle starts with no active session
Log registered: {message: UploaderService: Resetting upload queue and state., timestamp: 2026-06-09 02:49:58.778542, function: null, file: null}
Log registered: {message: UploaderService: Reset completed., timestamp: 2026-06-09 02:49:58.780868, function: null, file: null}
00:04 +104 ~1 -1: /Users/jose/src/work/hydracamv2/test/services/app_locale_service_test.dart: clears unsupported stored locale overrides
Log registered: {message: Cleared locale override, timestamp: 2026-06-09 02:49:58.779495, function: null, file: null}
00:04 +105 ~1 -1: /Users/jose/src/work/hydracamv2/test/services/camera_service_failure_test.dart: startRecordingVideo stays inactive when the camera platform fails
00:04 +105 ~1 -1: /Users/jose/src/work/hydracamv2/test/services/session_manager_test.dart: SessionManager Session lifecycle startSession creates new session
Log registered: {message: UploaderService: Resetting upload queue and state., timestamp: 2026-06-09 02:49:58.791172, function: null, file: null}
Log registered: {message: UploaderService: Reset completed., timestamp: 2026-06-09 02:49:58.791286, function: null, file: null}
Log registered: {message: UploaderService: Resetting upload queue and state., timestamp: 2026-06-09 02:49:58.791982, function: null, file: null}
Log registered: {message: UploaderService: Reset completed., timestamp: 2026-06-09 02:49:58.792093, function: null, file: null}
00:04 +105 ~1 -1: /Users/jose/src/work/hydracamv2/test/services/app_locale_service_test.dart: clears unsupported stored locale overrides
Trace file unavailable: Binding has not yet been initialized.
00:04 +105 ~1 -1: /Users/jose/src/work/hydracamv2/test/services/session_manager_test.dart: SessionManager Session lifecycle startSession creates new session
Log registered: {message: Session started with GUID: test-guid on device type: Master, timestamp: 2026-06-09 02:49:58.792331, function: null, file: null}
00:04 +105 ~1 -1: /Users/jose/src/work/hydracamv2/test/services/app_locale_service_test.dart: clears unsupported stored locale overrides
The "instance" getter on the ServicesBinding binding mixin is only available once that binding has been initialized.
Typically, this is done by calling "WidgetsFlutterBinding.ensureInitialized()" or "runApp()" (the latter calls the former). Typically this call is done in the "void main()" method. The "ensureInitialized" method is idempotent; calling it multiple times is not harmful. After calling that method, the "instance" getter will return the binding.
In a test, one can call "TestWidgetsFlutterBinding.ensureInitialized()" as the first line in the test's "main()" method to initialize the binding.
If ServicesBinding is a custom binding mixin, there must also be a custom binding class, like WidgetsFlutterBinding, but that mixes in the selected binding, and that is the class that must be constructed before using the "instance" getter.
00:04 +106 ~1 -1: /Users/jose/src/work/hydracamv2/test/services/camera_service_failure_test.dart: startRecordingVideo stays inactive when the camera platform fails
00:04 +106 ~1 -1: /Users/jose/src/work/hydracamv2/test/services/app_locale_service_test.dart: notifies listeners when locale override changes
Log registered: {message: Updated locale override to de, timestamp: 2026-06-09 02:49:58.795026, function: null, file: null}
00:04 +107 ~1 -1: /Users/jose/src/work/hydracamv2/test/services/camera_service_failure_test.dart: startRecordingVideo stays inactive when the camera platform fails
00:04 +107 ~1 -1: /Users/jose/src/work/hydracamv2/test/services/session_manager_test.dart: SessionManager Session lifecycle startSession creates new session
Log registered: {message: Session metadata saved to /var/folders/6s/dp27g8gn26j9mp36sjfxb9tw0000gn/T/session_manager_docs3epwXl/session_test-guid/metadata.json, timestamp: 2026-06-09 02:49:58.798812, function: null, file: null}
Log registered: {message: UploaderService: Resetting upload queue and state., timestamp: 2026-06-09 02:49:58.799006, function: null, file: null}
Log registered: {message: UploaderService: Reset completed., timestamp: 2026-06-09 02:49:58.799073, function: null, file: null}
Log registered: {message: Session ended and uploader reset., timestamp: 2026-06-09 02:49:58.799130, function: null, file: null}
00:04 +108 ~1 -1: /Users/jose/src/work/hydracamv2/test/services/camera_service_failure_test.dart: startRecordingVideo stays inactive when the camera platform fails
00:04 +108 ~1 -1: /Users/jose/src/work/hydracamv2/test/services/session_manager_test.dart: SessionManager Session lifecycle startBackendSession marks session as backend created
Log registered: {message: UploaderService: Resetting upload queue and state., timestamp: 2026-06-09 02:49:58.800520, function: null, file: null}
Log registered: {message: UploaderService: Reset completed., timestamp: 2026-06-09 02:49:58.800604, function: null, file: null}
Log registered: {message: UploaderService: Resetting upload queue and state., timestamp: 2026-06-09 02:49:58.801051, function: null, file: null}
Log registered: {message: UploaderService: Reset completed., timestamp: 2026-06-09 02:49:58.801166, function: null, file: null}
Log registered: {message: Session started with GUID: backend-guid on device type: Master, timestamp: 2026-06-09 02:49:58.801242, function: null, file: null}
Log registered: {message: Session metadata saved to /var/folders/6s/dp27g8gn26j9mp36sjfxb9tw0000gn/T/session_manager_docs3epwXl/session_backend-guid/metadata.json, timestamp: 2026-06-09 02:49:58.802326, function: null, file: null}
Log registered: {message: UploaderService: Resetting upload queue and state., timestamp: 2026-06-09 02:49:58.802449, function: null, file: null}
Log registered: {message: UploaderService: Reset completed., timestamp: 2026-06-09 02:49:58.802519, function: null, file: null}
Log registered: {message: Session ended and uploader reset., timestamp: 2026-06-09 02:49:58.802575, function: null, file: null}
00:04 +109 ~1 -1: /Users/jose/src/work/hydracamv2/test/services/camera_service_failure_test.dart: startRecordingVideo stays inactive when the camera platform fails
00:04 +109 ~1 -1: /Users/jose/src/work/hydracamv2/test/services/device_service_test.dart: DeviceIdService reports native macOS device info instead of unsupported platform
Log registered: {message: Generated new Device ID: 15f2e582-9f91-4e4f-9dd0-92e21659544b, timestamp: 2026-06-09 02:49:58.800450, function: null, file: null}
00:04 +110 ~1 -1: /Users/jose/src/work/hydracamv2/test/services/camera_service_failure_test.dart: startRecordingVideo stays inactive when the camera platform fails
00:04 +110 ~1 -1: /Users/jose/src/work/hydracamv2/test/services/session_manager_test.dart: SessionManager Session lifecycle startBackendSession rejects local session GUIDs
Log registered: {message: UploaderService: Resetting upload queue and state., timestamp: 2026-06-09 02:49:58.805204, function: null, file: null}
Log registered: {message: UploaderService: Reset completed., timestamp: 2026-06-09 02:49:58.805285, function: null, file: null}
00:04 +111 ~1 -1: /Users/jose/src/work/hydracamv2/test/services/camera_service_failure_test.dart: startRecordingVideo stays inactive when the camera platform fails
00:04 +112 ~1 -1: /Users/jose/src/work/hydracamv2/test/services/camera_service_failure_test.dart: startRecordingVideo stays inactive when the camera platform fails
00:04 +113 ~1 -1: /Users/jose/src/work/hydracamv2/test/services/camera_service_failure_test.dart: startRecordingVideo stays inactive when the camera platform fails
00:04 +114 ~1 -1: /Users/jose/src/work/hydracamv2/test/services/camera_service_failure_test.dart: startRecordingVideo stays inactive when the camera platform fails
00:04 +114 ~1 -1: /Users/jose/src/work/hydracamv2/test/services/session_manager_test.dart: SessionManager Session lifecycle joinBackendSession rejects local session GUIDs
Log registered: {message: UploaderService: Resetting upload queue and state., timestamp: 2026-06-09 02:49:58.807534, function: null, file: null}
Log registered: {message: UploaderService: Reset completed., timestamp: 2026-06-09 02:49:58.807607, function: null, file: null}
00:04 +115 ~1 -1: /Users/jose/src/work/hydracamv2/test/services/camera_service_failure_test.dart: startRecordingVideo stays inactive when the camera platform fails
00:04 +116 ~1 -1: /Users/jose/src/work/hydracamv2/test/services/camera_service_failure_test.dart: startRecordingVideo stays inactive when the camera platform fails
00:04 +116 ~1 -1: /Users/jose/src/work/hydracamv2/test/services/session_manager_test.dart: SessionManager Session lifecycle endSession clears session state
Log registered: {message: UploaderService: Resetting upload queue and state., timestamp: 2026-06-09 02:49:58.809187, function: null, file: null}
Log registered: {message: UploaderService: Reset completed., timestamp: 2026-06-09 02:49:58.809282, function: null, file: null}
Log registered: {message: UploaderService: Resetting upload queue and state., timestamp: 2026-06-09 02:49:58.809775, function: null, file: null}
Log registered: {message: UploaderService: Reset completed., timestamp: 2026-06-09 02:49:58.809854, function: null, file: null}
Log registered: {message: Session started with GUID: test-guid on device type: Master, timestamp: 2026-06-09 02:49:58.809916, function: null, file: null}
Log registered: {message: Session metadata saved to /var/folders/6s/dp27g8gn26j9mp36sjfxb9tw0000gn/T/session_manager_docs3epwXl/session_test-guid/metadata.json, timestamp: 2026-06-09 02:49:58.810598, function: null, file: null}
Log registered: {message: UploaderService: Resetting upload queue and state., timestamp: 2026-06-09 02:49:58.810700, function: null, file: null}
Log registered: {message: UploaderService: Reset completed., timestamp: 2026-06-09 02:49:58.810755, function: null, file: null}
Log registered: {message: Session ended and uploader reset., timestamp: 2026-06-09 02:49:58.810808, function: null, file: null}
00:04 +117 ~1 -1: /Users/jose/src/work/hydracamv2/test/services/camera_service_failure_test.dart: startRecordingVideo stays inactive when the camera platform fails
00:04 +117 ~1 -1: /Users/jose/src/work/hydracamv2/test/services/session_manager_test.dart: SessionManager Session lifecycle scanAndReconstructSessions preserves active session identity
Log registered: {message: UploaderService: Resetting upload queue and state., timestamp: 2026-06-09 02:49:58.811878, function: null, file: null}
Log registered: {message: UploaderService: Reset completed., timestamp: 2026-06-09 02:49:58.811955, function: null, file: null}
Log registered: {message: UploaderService: Resetting upload queue and state., timestamp: 2026-06-09 02:49:58.812422, function: null, file: null}
Log registered: {message: UploaderService: Reset completed., timestamp: 2026-06-09 02:49:58.812563, function: null, file: null}
Log registered: {message: Session started with GUID: active-guid on device type: Slave, timestamp: 2026-06-09 02:49:58.812629, function: null, file: null}
00:04 +117 ~1 -1: /Users/jose/src/work/hydracamv2/test/services/user_service_test.dart: UserService restores HydraCam GUID after Auth0 restore
Log registered: {message: Fetching restored GUID for email: restored@example.com, timestamp: 2026-06-09 02:49:58.811899, function: null, file: null}
Log registered: {message: User session restored. GUID: hydracam-user-guid, timestamp: 2026-06-09 02:49:58.815971, function: null, file: null}
00:04 +118 ~1 -1: /Users/jose/src/work/hydracamv2/test/services/camera_service_failure_test.dart: startRecordingVideo stays inactive when the camera platform fails
00:04 +118 ~1 -1: /Users/jose/src/work/hydracamv2/test/services/user_service_test.dart: UserService restores HydraCam GUID after Auth0 restore
Trace file unavailable: MissingPluginException(No implementation found for method getApplicationDocumentsDirectory on channel plugins.flutter.io/path_provider)
00:04 +118 ~1 -1: /Users/jose/src/work/hydracamv2/test/services/session_manager_test.dart: SessionManager Session lifecycle scanAndReconstructSessions preserves active session identity
Log registered: {message: Generated new Device ID: 9ce19378-356d-4f82-9a13-b45e9010a250, timestamp: 2026-06-09 02:49:58.820066, function: null, file: null}
00:04 +119 ~1 -1: /Users/jose/src/work/hydracamv2/test/services/camera_service_failure_test.dart: startRecordingVideo stays inactive when the camera platform fails
00:04 +119 ~1 -1: /Users/jose/src/work/hydracamv2/test/services/user_service_test.dart: UserService login clears stale GUID when switched account is unmapped
Log registered: {message: Profile set from user service: https://example.com/first.png, timestamp: 2026-06-09 02:49:58.822561, function: login, file: user_service.dart}
Log registered: {message: Fetching GUID for email: first@example.com, timestamp: 2026-06-09 02:49:58.822793, function: null, file: null}
00:04 +119 ~1 -1: /Users/jose/src/work/hydracamv2/test/services/session_manager_test.dart: SessionManager Session lifecycle scanAndReconstructSessions preserves active session identity
Log registered: {message: Session metadata saved to /var/folders/6s/dp27g8gn26j9mp36sjfxb9tw0000gn/T/session_manager_docs3epwXl/session_scan-preserve-old/metadata.json, timestamp: 2026-06-09 02:49:58.822794, function: null, file: null}
Log registered: {message: Reconstructed session: scan-preserve-old with 0 photos and 1 videos., timestamp: 2026-06-09 02:49:58.822973, function: null, file: null}
00:04 +119 ~1 -1: /Users/jose/src/work/hydracamv2/test/services/user_service_test.dart: UserService login clears stale GUID when switched account is unmapped
Log registered: {message: User logged in successfully. GUID: first-guid, timestamp: 2026-06-09 02:49:58.823013, function: null, file: null}
Log registered: {message: Profile set from user service: https://example.com/missing.png, timestamp: 2026-06-09 02:49:58.823305, function: login, file: user_service.dart}
Log registered: {message: Fetching GUID for email: missing@example.com, timestamp: 2026-06-09 02:49:58.823412, function: null, file: null}
Log registered: {message: Failed to fetch GUID: User not found for missing@example.com, timestamp: 2026-06-09 02:49:58.823524, function: null, file: null}
00:04 +120 ~1 -1: /Users/jose/src/work/hydracamv2/test/services/camera_service_failure_test.dart: startRecordingVideo stays inactive when the camera platform fails
00:04 +120 ~1 -1: /Users/jose/src/work/hydracamv2/test/services/session_manager_test.dart: SessionManager Session lifecycle scanAndReconstructSessions preserves active session identity
Log registered: {message: Session metadata saved to /var/folders/6s/dp27g8gn26j9mp36sjfxb9tw0000gn/T/session_manager_docs3epwXl/session_active-guid/metadata.json, timestamp: 2026-06-09 02:49:58.826184, function: null, file: null}
Log registered: {message: UploaderService: Resetting upload queue and state., timestamp: 2026-06-09 02:49:58.826438, function: null, file: null}
Log registered: {message: UploaderService: Reset completed., timestamp: 2026-06-09 02:49:58.826517, function: null, file: null}
Log registered: {message: Session ended and uploader reset., timestamp: 2026-06-09 02:49:58.826574, function: null, file: null}
00:04 +121 ~1 -1: /Users/jose/src/work/hydracamv2/test/services/camera_service_failure_test.dart: startRecordingVideo stays inactive when the camera platform fails
00:04 +121 ~1 -1: /Users/jose/src/work/hydracamv2/test/services/session_manager_test.dart: SessionManager Session lifecycle loadSessionMetadataSnapshot preserves active session identity
Log registered: {message: UploaderService: Resetting upload queue and state., timestamp: 2026-06-09 02:49:58.827900, function: null, file: null}
Log registered: {message: UploaderService: Reset completed., timestamp: 2026-06-09 02:49:58.827978, function: null, file: null}
Log registered: {message: UploaderService: Resetting upload queue and state., timestamp: 2026-06-09 02:49:58.835214, function: null, file: null}
Log registered: {message: UploaderService: Reset completed., timestamp: 2026-06-09 02:49:58.835415, function: null, file: null}
Log registered: {message: Session started with GUID: active-guid on device type: Slave, timestamp: 2026-06-09 02:49:58.835485, function: null, file: null}
Log registered: {message: Retrieved existing Device ID: 9ce19378-356d-4f82-9a13-b45e9010a250, timestamp: 2026-06-09 02:49:58.837368, function: null, file: null}
Log registered: {message: Session metadata snapshot loaded for old-guid, timestamp: 2026-06-09 02:49:58.838081, function: null, file: null}
Log registered: {message: Session metadata saved to /var/folders/6s/dp27g8gn26j9mp36sjfxb9tw0000gn/T/session_manager_docs3epwXl/session_active-guid/metadata.json, timestamp: 2026-06-09 02:49:58.845289, function: null, file: null}
Log registered: {message: UploaderService: Resetting upload queue and state., timestamp: 2026-06-09 02:49:58.845477, function: null, file: null}
Log registered: {message: UploaderService: Reset completed., timestamp: 2026-06-09 02:49:58.845563, function: null, file: null}
Log registered: {message: Session ended and uploader reset., timestamp: 2026-06-09 02:49:58.845615, function: null, file: null}
00:04 +122 ~1 -1: /Users/jose/src/work/hydracamv2/test/services/camera_service_failure_test.dart: startRecordingVideo stays inactive when the camera platform fails
00:04 +122 ~1 -1: /Users/jose/src/work/hydracamv2/test/services/session_manager_test.dart: SessionManager Session lifecycle rejoining same active session preserves media and upload queue
Log registered: {message: UploaderService: Resetting upload queue and state., timestamp: 2026-06-09 02:49:58.847020, function: null, file: null}
Log registered: {message: UploaderService: Reset completed., timestamp: 2026-06-09 02:49:58.847093, function: null, file: null}
Log registered: {message: UploaderService: Resetting upload queue and state., timestamp: 2026-06-09 02:49:58.847692, function: null, file: null}
Log registered: {message: UploaderService: Reset completed., timestamp: 2026-06-09 02:49:58.847759, function: null, file: null}
Log registered: {message: Session started with GUID: same-guid on device type: Master, timestamp: 2026-06-09 02:49:58.847820, function: null, file: null}
Log registered: {message: Adding photo to upload queue: /var/folders/6s/dp27g8gn26j9mp36sjfxb9tw0000gn/T/session_manager_test_mediaPovUlG/same_session_photo.jpg, timestamp: 2026-06-09 02:49:58.848854, function: null, file: null}
Log registered: {message: Session metadata saved to /var/folders/6s/dp27g8gn26j9mp36sjfxb9tw0000gn/T/session_manager_docs3epwXl/session_same-guid/metadata.json, timestamp: 2026-06-09 02:49:58.850702, function: null, file: null}
Log registered: {message: [UploaderService] No uploaded media with valid durations. Returning zero duration., timestamp: 2026-06-09 02:49:58.851695, function: null, file: null}
Log registered: {message: Media added to upload queue: /var/folders/6s/dp27g8gn26j9mp36sjfxb9tw0000gn/T/session_manager_test_mediaPovUlG/same_session_photo.jpg, timestamp: 2026-06-09 02:49:58.851814, function: null, file: null}
Log registered: {message: Auto-upload is disabled. Media added to queue but not uploaded., timestamp: 2026-06-09 02:49:58.851986, function: null, file: null}
Log registered: {message: Session already active with GUID: same-guid. Preserving existing media on rejoin as Slave., timestamp: 2026-06-09 02:49:58.852273, function: null, file: null}
Log registered: {message: Session metadata saved to /var/folders/6s/dp27g8gn26j9mp36sjfxb9tw0000gn/T/session_manager_docs3epwXl/session_same-guid/metadata.json, timestamp: 2026-06-09 02:49:58.853764, function: null, file: null}
Log registered: {message: UploaderService: Resetting upload queue and state., timestamp: 2026-06-09 02:49:58.853881, function: null, file: null}
Log registered: {message: UploaderService: Reset completed., timestamp: 2026-06-09 02:49:58.853952, function: null, file: null}
Log registered: {message: Session ended and uploader reset., timestamp: 2026-06-09 02:49:58.854005, function: null, file: null}
00:04 +123 ~1 -1: /Users/jose/src/work/hydracamv2/test/services/camera_service_failure_test.dart: startRecordingVideo stays inactive when the camera platform fails
00:04 +123 ~1 -1: /Users/jose/src/work/hydracamv2/test/services/session_manager_test.dart: SessionManager Session lifecycle joining a different session starts with clean media state
Log registered: {message: UploaderService: Resetting upload queue and state., timestamp: 2026-06-09 02:49:58.855225, function: null, file: null}
Log registered: {message: UploaderService: Reset completed., timestamp: 2026-06-09 02:49:58.855306, function: null, file: null}
00:04 +123 ~1 -1: /Users/jose/src/work/hydracamv2/test/services/camera_service_failure_test.dart: startRecordingVideo stays inactive when the camera platform fails
Log registered: {message: Camera reinitialized for video recording start without explicit fps: camera=fake-back-camera, profile=standard1080p30., timestamp: 2026-06-09 02:49:58.857301, function: null, file: null}
00:04 +123 ~1 -1: /Users/jose/src/work/hydracamv2/test/services/session_manager_test.dart: SessionManager Session lifecycle joining a different session starts with clean media state
Log registered: {message: UploaderService: Resetting upload queue and state., timestamp: 2026-06-09 02:49:58.857557, function: null, file: null}
Log registered: {message: UploaderService: Reset completed., timestamp: 2026-06-09 02:49:58.857665, function: null, file: null}
Log registered: {message: Session started with GUID: old-guid on device type: Master, timestamp: 2026-06-09 02:49:58.857718, function: null, file: null}
00:04 +123 ~1 -1: /Users/jose/src/work/hydracamv2/test/services/camera_service_failure_test.dart: startRecordingVideo stays inactive when the camera platform fails
Log registered: {message: Error starting video recording: CameraException(ios_camera_start_failed, Simulated iPad recording start failure)
#0      CameraController.startVideoRecording (package:camera/src/camera_controller.dart:607:7)
<asynchronous suspension>
#1      Future.timeout.<anonymous closure> (dart:async/future_impl.dart:1061:7)
<asynchronous suspension>
#2      CameraService._startVideoRecordingWithFallback (package:hydracam/services/camera_service.dart:744:7)
<asynchronous suspension>
#3      CameraService.startRecordingVideo (package:hydracam/services/camera_service.dart:397:7)
<asynchronous suspension>
#4      Throws._matchFuture (package:matcher/src/expect/throws_matcher.dart:103:19)
<asynchronous suspension>
#5      _expect.<anonymous closure> (package:matcher/src/expect/expect.dart:153:17)
<asynchronous suspension>
#6      StackZoneSpecification._registerCallback.<anonymous closure> (package:stack_trace/src/stack_zone_specification.dart:114:42)
<asynchronous suspension>
#7      expectLater.<anonymous closure> (package:flutter_test/src/widget_tester.dart:508:19)
<asynchronous suspension>
#8      main.<anonymous closure> (file:///Users/jose/src/work/hydracamv2/test/services/camera_service_failure_test.dart:81:5)
<asynchronous suspension>
#9      Declarer.test.<anonymous closure>.<anonymous closure> (package:test_api/src/backend/declarer.dart:253:15)
<asynchronous suspension>
#10     Declarer.test.<anonymous closure> (package:test_api/src/backend/declarer.dart:250:11)
<asynchronous suspension>
#11     Invoker._waitForOutstandingCallbacks.<anonymous closure> (package:test_api/src/backend/invoker.dart:318:9)
<asynchronous suspension>
, timestamp: 2026-06-09 02:49:58.857886, function: null, file: null}
00:04 +123 ~1 -1: /Users/jose/src/work/hydracamv2/test/services/session_manager_test.dart: SessionManager Session lifecycle joining a different session starts with clean media state
Log registered: {message: Adding photo to upload queue: /var/folders/6s/dp27g8gn26j9mp36sjfxb9tw0000gn/T/session_manager_test_mediaNwnws3/old_session_photo.jpg, timestamp: 2026-06-09 02:49:58.858069, function: null, file: null}
00:04 +124 ~1 -1: /Users/jose/src/work/hydracamv2/test/services/storage_service_test.dart: StorageService anchors blocks recording and triggers callback when storage is critical
00:04 +124 ~1 -1: /Users/jose/src/work/hydracamv2/test/services/session_manager_test.dart: SessionManager Session lifecycle joining a different session starts with clean media state
Log registered: {message: Session metadata saved to /var/folders/6s/dp27g8gn26j9mp36sjfxb9tw0000gn/T/session_manager_docs3epwXl/session_old-guid/metadata.json, timestamp: 2026-06-09 02:49:58.859130, function: null, file: null}
Log registered: {message: [UploaderService] No uploaded media with valid durations. Returning zero duration., timestamp: 2026-06-09 02:49:58.859279, function: null, file: null}
Log registered: {message: Media added to upload queue: /var/folders/6s/dp27g8gn26j9mp36sjfxb9tw0000gn/T/session_manager_test_mediaNwnws3/old_session_photo.jpg, timestamp: 2026-06-09 02:49:58.859349, function: null, file: null}
Log registered: {message: Auto-upload is disabled. Media added to queue but not uploaded., timestamp: 2026-06-09 02:49:58.859432, function: null, file: null}
Log registered: {message: UploaderService: Resetting upload queue and state., timestamp: 2026-06-09 02:49:58.859546, function: null, file: null}
Log registered: {message: UploaderService: Reset completed., timestamp: 2026-06-09 02:49:58.859619, function: null, file: null}
Log registered: {message: Session started with GUID: new-guid on device type: Master, timestamp: 2026-06-09 02:49:58.859678, function: null, file: null}
00:04 +124 ~1 -1: /Users/jose/src/work/hydracamv2/test/services/camera_service_failure_test.dart: startRecordingVideo works when the iPad has no flash capability
Log registered: {message: Initializing camera..., timestamp: 2026-06-09 02:49:58.860472, function: null, file: null}
Log registered: {message: Updated selected camera name to fake-back-camera, timestamp: 2026-06-09 02:49:58.860730, function: null, file: null}
00:04 +124 ~1 -1: /Users/jose/src/work/hydracamv2/test/services/session_manager_test.dart: SessionManager Session lifecycle joining a different session starts with clean media state
Log registered: {message: Session metadata saved to /var/folders/6s/dp27g8gn26j9mp36sjfxb9tw0000gn/T/session_manager_docs3epwXl/session_new-guid/metadata.json, timestamp: 2026-06-09 02:49:58.860881, function: null, file: null}
Log registered: {message: UploaderService: Resetting upload queue and state., timestamp: 2026-06-09 02:49:58.860974, function: null, file: null}
Log registered: {message: UploaderService: Reset completed., timestamp: 2026-06-09 02:49:58.861025, function: null, file: null}
Log registered: {message: Session ended and uploader reset., timestamp: 2026-06-09 02:49:58.861072, function: null, file: null}
00:04 +124 ~1 -1: /Users/jose/src/work/hydracamv2/test/services/camera_service_failure_test.dart: startRecordingVideo works when the iPad has no flash capability
Log registered: {message: Flash is unavailable for camera readiness initialization; continuing without flash: CameraException(setFlashModeFailed, Device does not have flash capabilities), timestamp: 2026-06-09 02:49:58.861154, function: null, file: null}
Log registered: {message: Camera successfully initialized., timestamp: 2026-06-09 02:49:58.861331, function: null, file: null}
Log registered: {message: Generated new Device ID: 4143f8da-f812-40c0-9d8d-3cd6fe9ac1c2, timestamp: 2026-06-09 02:49:58.861704, function: null, file: null}
Log registered: {message: Video recording started with flash off, timestamp: 2026-06-09 02:49:58.862084, function: null, file: null}
00:04 +125 ~1 -1: /Users/jose/src/work/hydracamv2/test/services/storage_service_test.dart: StorageService anchors blocks recording and triggers callback when storage is critical
00:04 +126 ~1 -1: /Users/jose/src/work/hydracamv2/test/services/storage_service_test.dart: StorageService anchors blocks recording and triggers callback when storage is critical
00:04 +126 ~1 -1: /Users/jose/src/work/hydracamv2/test/services/session_manager_test.dart: SessionManager Session lifecycle addPhoto can be awaited through metadata and enqueue
Log registered: {message: UploaderService: Resetting upload queue and state., timestamp: 2026-06-09 02:49:58.863263, function: null, file: null}
Log registered: {message: UploaderService: Reset completed., timestamp: 2026-06-09 02:49:58.863386, function: null, file: null}
Log registered: {message: UploaderService: Resetting upload queue and state., timestamp: 2026-06-09 02:49:58.863740, function: null, file: null}
Log registered: {message: UploaderService: Reset completed., timestamp: 2026-06-09 02:49:58.863834, function: null, file: null}
Log registered: {message: Session started with GUID: await-photo-guid on device type: Master, timestamp: 2026-06-09 02:49:58.863890, function: null, file: null}
00:04 +126 ~1 -1: /Users/jose/src/work/hydracamv2/test/services/camera_service_failure_test.dart: non-flash initialization failures still surface
Log registered: {message: Initializing camera..., timestamp: 2026-06-09 02:49:58.864032, function: null, file: null}
00:04 +126 ~1 -1: /Users/jose/src/work/hydracamv2/test/services/session_manager_test.dart: SessionManager Session lifecycle addPhoto can be awaited through metadata and enqueue
Log registered: {message: Adding photo to upload queue: /var/folders/6s/dp27g8gn26j9mp36sjfxb9tw0000gn/T/session_manager_test_medianI12vx/await_photo.jpg, timestamp: 2026-06-09 02:49:58.864194, function: null, file: null}
00:04 +126 ~1 -1: /Users/jose/src/work/hydracamv2/test/services/camera_service_failure_test.dart: non-flash initialization failures still surface
Log registered: {message: Updated selected camera name to fake-back-camera, timestamp: 2026-06-09 02:49:58.864337, function: null, file: null}
Log registered: {message: Error initializing camera: CameraException(setFlashModeFailed, Camera session is unavailable)
#0      CameraController.setFlashMode (package:camera/src/camera_controller.dart:729:7)
<asynchronous suspension>
#1      CameraService._setFlashModeIfSupported (package:hydracam/services/camera_service.dart:821:7)
<asynchronous suspension>
#2      CameraService.ensureCameraIsReady (package:hydracam/services/camera_service.dart:268:7)
<asynchronous suspension>
#3      Throws._matchFuture (package:matcher/src/expect/throws_matcher.dart:103:19)
<asynchronous suspension>
#4      _expect.<anonymous closure> (package:matcher/src/expect/expect.dart:153:17)
<asynchronous suspension>
#5      StackZoneSpecification._registerCallback.<anonymous closure> (package:stack_trace/src/stack_zone_specification.dart:114:42)
<asynchronous suspension>
#6      expectLater.<anonymous closure> (package:flutter_test/src/widget_tester.dart:508:19)
<asynchronous suspension>
#7      main.<anonymous closure> (file:///Users/jose/src/work/hydracamv2/test/services/camera_service_failure_test.dart:130:5)
<asynchronous suspension>
#8      Declarer.test.<anonymous closure>.<anonymous closure> (package:test_api/src/backend/declarer.dart:253:15)
<asynchronous suspension>
#9      Declarer.test.<anonymous closure> (package:test_api/src/backend/declarer.dart:250:11)
<asynchronous suspension>
#10     Invoker._waitForOutstandingCallbacks.<anonymous closure> (package:test_api/src/backend/invoker.dart:318:9)
<asynchronous suspension>
, timestamp: 2026-06-09 02:49:58.864731, function: null, file: null}
00:04 +127 ~1 -1: /Users/jose/src/work/hydracamv2/test/services/storage_service_test.dart: StorageService anchors blocks recording and triggers callback when storage is critical
00:04 +127 ~1 -1: /Users/jose/src/work/hydracamv2/test/services/session_manager_test.dart: SessionManager Session lifecycle addPhoto can be awaited through metadata and enqueue
Log registered: {message: Session metadata saved to /var/folders/6s/dp27g8gn26j9mp36sjfxb9tw0000gn/T/session_manager_docs3epwXl/session_await-photo-guid/metadata.json, timestamp: 2026-06-09 02:49:58.865090, function: null, file: null}
Log registered: {message: [UploaderService] No uploaded media with valid durations. Returning zero duration., timestamp: 2026-06-09 02:49:58.865202, function: null, file: null}
Log registered: {message: Media added to upload queue: /var/folders/6s/dp27g8gn26j9mp36sjfxb9tw0000gn/T/session_manager_test_medianI12vx/await_photo.jpg, timestamp: 2026-06-09 02:49:58.865261, function: null, file: null}
Log registered: {message: Auto-upload is disabled. Media added to queue but not uploaded., timestamp: 2026-06-09 02:49:58.865379, function: null, file: null}
Log registered: {message: Session metadata saved to /var/folders/6s/dp27g8gn26j9mp36sjfxb9tw0000gn/T/session_manager_docs3epwXl/session_await-photo-guid/metadata.json, timestamp: 2026-06-09 02:49:58.867047, function: null, file: null}
Log registered: {message: UploaderService: Resetting upload queue and state., timestamp: 2026-06-09 02:49:58.867143, function: null, file: null}
Log registered: {message: UploaderService: Reset completed., timestamp: 2026-06-09 02:49:58.867197, function: null, file: null}
Log registered: {message: Session ended and uploader reset., timestamp: 2026-06-09 02:49:58.867241, function: null, file: null}
00:04 +128 ~1 -1: /Users/jose/src/work/hydracamv2/test/services/storage_service_test.dart: StorageService anchors blocks recording and triggers callback when storage is critical
00:04 +128 ~1 -1: /Users/jose/src/work/hydracamv2/test/services/camera_service_failure_test.dart: stopRecordingVideo surfaces the camera plugin no-recording error
Log registered: {message: Initializing camera..., timestamp: 2026-06-09 02:49:58.871511, function: null, file: null}
Log registered: {message: Updated selected camera name to fake-back-camera, timestamp: 2026-06-09 02:49:58.871790, function: null, file: null}
00:04 +128 ~1 -1: /Users/jose/src/work/hydracamv2/test/services/session_manager_test.dart: SessionManager Session lifecycle addVideo can be awaited through metadata and enqueue
Log registered: {message: UploaderService: Resetting upload queue and state., timestamp: 2026-06-09 02:49:58.871778, function: null, file: null}
Log registered: {message: UploaderService: Reset completed., timestamp: 2026-06-09 02:49:58.871860, function: null, file: null}
00:04 +128 ~1 -1: /Users/jose/src/work/hydracamv2/test/services/camera_service_failure_test.dart: stopRecordingVideo surfaces the camera plugin no-recording error
Log registered: {message: Camera successfully initialized., timestamp: 2026-06-09 02:49:58.872078, function: null, file: null}
00:04 +128 ~1 -1: /Users/jose/src/work/hydracamv2/test/services/session_manager_test.dart: SessionManager Session lifecycle addVideo can be awaited through metadata and enqueue
Log registered: {message: UploaderService: Resetting upload queue and state., timestamp: 2026-06-09 02:49:58.872233, function: null, file: null}
Log registered: {message: UploaderService: Reset completed., timestamp: 2026-06-09 02:49:58.872292, function: null, file: null}
Log registered: {message: Session started with GUID: await-video-guid on device type: Slave, timestamp: 2026-06-09 02:49:58.872348, function: null, file: null}
00:04 +128 ~1 -1: /Users/jose/src/work/hydracamv2/test/services/camera_service_failure_test.dart: stopRecordingVideo surfaces the camera plugin no-recording error
Log registered: {message: Error stopping video recording: Exception: stopVideoRecording was called when no video is recording.
#0      CameraService.stopRecordingVideo (package:hydracam/services/camera_service.dart:423:9)
#1      main.<anonymous closure> (file:///Users/jose/src/work/hydracamv2/test/services/camera_service_failure_test.dart:153:21)
<asynchronous suspension>
#2      Declarer.test.<anonymous closure>.<anonymous closure> (package:test_api/src/backend/declarer.dart:253:15)
<asynchronous suspension>
#3      Declarer.test.<anonymous closure> (package:test_api/src/backend/declarer.dart:250:11)
<asynchronous suspension>
#4      Invoker._waitForOutstandingCallbacks.<anonymous closure> (package:test_api/src/backend/invoker.dart:318:9)
<asynchronous suspension>
, timestamp: 2026-06-09 02:49:58.872349, function: null, file: null}
00:04 +128 ~1 -1: /Users/jose/src/work/hydracamv2/test/services/session_manager_test.dart: SessionManager Session lifecycle addVideo can be awaited through metadata and enqueue
Log registered: {message: Adding video to upload queue: /var/folders/6s/dp27g8gn26j9mp36sjfxb9tw0000gn/T/session_manager_test_mediaYZ23rR/await_video.mp4, timestamp: 2026-06-09 02:49:58.872809, function: null, file: null}
00:04 +129 ~1 -1: /Users/jose/src/work/hydracamv2/test/services/storage_service_test.dart: StorageService anchors blocks recording and triggers callback when storage is critical
00:04 +129 ~1 -1: /Users/jose/src/work/hydracamv2/test/services/session_manager_test.dart: SessionManager Session lifecycle addVideo can be awaited through metadata and enqueue
Log registered: {message: Session metadata saved to /var/folders/6s/dp27g8gn26j9mp36sjfxb9tw0000gn/T/session_manager_docs3epwXl/session_await-video-guid/metadata.json, timestamp: 2026-06-09 02:49:58.873789, function: null, file: null}
Log registered: {message: [UploaderService] No uploaded media with valid durations. Returning zero duration., timestamp: 2026-06-09 02:49:58.874027, function: null, file: null}
Log registered: {message: Media added to upload queue: /var/folders/6s/dp27g8gn26j9mp36sjfxb9tw0000gn/T/session_manager_test_mediaYZ23rR/await_video.mp4, timestamp: 2026-06-09 02:49:58.874186, function: null, file: null}
Log registered: {message: Auto-upload is disabled. Media added to queue but not uploaded., timestamp: 2026-06-09 02:49:58.874334, function: null, file: null}
00:04 +129 ~1 -1: /Users/jose/src/work/hydracamv2/test/services/camera_service_failure_test.dart: mock camera writes placeholder media without a platform camera
Log registered: {message: Using mock camera because HYDRACAM_MOCK_CAMERA is enabled., timestamp: 2026-06-09 02:49:58.874196, function: null, file: null}
Log registered: {message: Mock camera ready for native controller mode on macOS., timestamp: 2026-06-09 02:49:58.874547, function: null, file: null}
Log registered: {message: Generated new Device ID: c8426777-54af-4920-a1fc-a3dec4d9074d, timestamp: 2026-06-09 02:49:58.874851, function: null, file: null}
00:04 +129 ~1 -1: /Users/jose/src/work/hydracamv2/test/services/session_manager_test.dart: SessionManager Session lifecycle addVideo can be awaited through metadata and enqueue
Log registered: {message: Session metadata saved to /var/folders/6s/dp27g8gn26j9mp36sjfxb9tw0000gn/T/session_manager_docs3epwXl/session_await-video-guid/metadata.json, timestamp: 2026-06-09 02:49:58.876185, function: null, file: null}
Log registered: {message: UploaderService: Resetting upload queue and state., timestamp: 2026-06-09 02:49:58.876293, function: null, file: null}
Log registered: {message: UploaderService: Reset completed., timestamp: 2026-06-09 02:49:58.876684, function: null, file: null}
Log registered: {message: Session ended and uploader reset., timestamp: 2026-06-09 02:49:58.876735, function: null, file: null}
00:04 +129 ~1 -1: /Users/jose/src/work/hydracamv2/test/services/camera_service_failure_test.dart: mock camera writes placeholder media without a platform camera
Log registered: {message: Mock photo saved to session path: /var/folders/6s/dp27g8gn26j9mp36sjfxb9tw0000gn/T/camera_service_mock_docsBT9ToG/session_null/mock_1_2026-06-09T02-49-58-875471.jpg, timestamp: 2026-06-09 02:49:58.876895, function: null, file: null}
00:04 +130 ~1 -1: /Users/jose/src/work/hydracamv2/test/services/storage_service_test.dart: StorageService anchors blocks recording and triggers callback when storage is critical
00:04 +130 ~1 -1: /Users/jose/src/work/hydracamv2/test/services/camera_service_failure_test.dart: mock camera writes placeholder media without a platform camera
Log registered: {message: Mock camera ready for native controller mode on macOS., timestamp: 2026-06-09 02:49:58.877095, function: null, file: null}
Log registered: {message: Retrieved existing Device ID: c8426777-54af-4920-a1fc-a3dec4d9074d, timestamp: 2026-06-09 02:49:58.877226, function: null, file: null}
Log registered: {message: Mock video recording started for native controller mode., timestamp: 2026-06-09 02:49:58.877367, function: null, file: null}
00:04 +130 ~1 -1: /Users/jose/src/work/hydracamv2/test/services/session_manager_test.dart: SessionManager Session lifecycle restoreSessionFromMetadata restores media and caller role
Log registered: {message: UploaderService: Resetting upload queue and state., timestamp: 2026-06-09 02:49:58.878063, function: null, file: null}
Log registered: {message: UploaderService: Reset completed., timestamp: 2026-06-09 02:49:58.878149, function: null, file: null}
00:04 +130 ~1 -1: /Users/jose/src/work/hydracamv2/test/services/camera_service_failure_test.dart: mock camera writes placeholder media without a platform camera
Log registered: {message: Mock video saved to session path: /var/folders/6s/dp27g8gn26j9mp36sjfxb9tw0000gn/T/camera_service_mock_docsBT9ToG/session_null/mock_2_2026-06-09T02-49-58-877781.mp4, timestamp: 2026-06-09 02:49:58.878665, function: null, file: null}
00:04 +131 ~1 -1: /Users/jose/src/work/hydracamv2/test/services/storage_service_test.dart: StorageService anchors blocks recording and triggers callback when storage is critical
00:04 +131 ~1 -1: /Users/jose/src/work/hydracamv2/test/services/camera_service_failure_test.dart: critical battery force stop saves mock recording and interrupts
Log registered: {message: Using mock camera because HYDRACAM_MOCK_CAMERA is enabled., timestamp: 2026-06-09 02:49:58.880970, function: null, file: null}
Log registered: {message: Mock camera ready for native controller mode on macOS., timestamp: 2026-06-09 02:49:58.881130, function: null, file: null}
00:04 +131 ~1 -1: /Users/jose/src/work/hydracamv2/test/services/session_manager_test.dart: SessionManager Session lifecycle restoreSessionFromMetadata restores media and caller role
Log registered: {message: Retrieved existing Device ID: 9ce19378-356d-4f82-9a13-b45e9010a250, timestamp: 2026-06-09 02:49:58.881160, function: null, file: null}
00:04 +131 ~1 -1: /Users/jose/src/work/hydracamv2/test/services/camera_service_failure_test.dart: critical battery force stop saves mock recording and interrupts
Log registered: {message: Generated new Device ID: 732b01e3-4901-4bfe-9a90-c0f7ea77936d, timestamp: 2026-06-09 02:49:58.881310, function: null, file: null}
Log registered: {message: Mock video recording started for native controller mode., timestamp: 2026-06-09 02:49:58.881392, function: null, file: null}
Log registered: {message: Stopping recording due to critical battery., timestamp: 2026-06-09 02:49:58.881574, function: null, file: null}
00:04 +131 ~1 -1: /Users/jose/src/work/hydracamv2/test/services/session_manager_test.dart: SessionManager Session lifecycle restoreSessionFromMetadata restores media and caller role
Log registered: {message: Session metadata snapshot loaded for restore-guid, timestamp: 2026-06-09 02:49:58.882048, function: null, file: null}
00:04 +131 ~1 -1: /Users/jose/src/work/hydracamv2/test/services/camera_service_failure_test.dart: critical battery force stop saves mock recording and interrupts
Log registered: {message: Mock video saved to session path: /var/folders/6s/dp27g8gn26j9mp36sjfxb9tw0000gn/T/camera_service_mock_docsBT9ToG/session_null/mock_1_2026-06-09T02-49-58-881687.mp4, timestamp: 2026-06-09 02:49:58.882448, function: null, file: null}
Log registered: {message: Retrieved existing Device ID: 732b01e3-4901-4bfe-9a90-c0f7ea77936d, timestamp: 2026-06-09 02:49:58.883035, function: null, file: null}
00:04 +131 ~1 -1: /Users/jose/src/work/hydracamv2/test/services/session_manager_test.dart: SessionManager Session lifecycle restoreSessionFromMetadata restores media and caller role
Log registered: {message: UploaderService: Resetting upload queue and state., timestamp: 2026-06-09 02:49:58.883318, function: null, file: null}
Log registered: {message: UploaderService: Reset completed., timestamp: 2026-06-09 02:49:58.883425, function: null, file: null}
Log registered: {message: Session started with GUID: restore-guid on device type: Master, timestamp: 2026-06-09 02:49:58.883479, function: null, file: null}
Log registered: {message: Adding photo to upload queue: /var/folders/6s/dp27g8gn26j9mp36sjfxb9tw0000gn/T/session_manager_test_mediav8YN7u/restored_photo.jpg, timestamp: 2026-06-09 02:49:58.883536, function: null, file: null}
00:04 +131 ~1 -1: /Users/jose/src/work/hydracamv2/test/services/camera_service_failure_test.dart: critical battery force stop saves mock recording and interrupts
Log registered: {message: Adding video to upload queue: /var/folders/6s/dp27g8gn26j9mp36sjfxb9tw0000gn/T/camera_service_mock_docsBT9ToG/session_null/mock_1_2026-06-09T02-49-58-881687.mp4, timestamp: 2026-06-09 02:49:58.883671, function: null, file: null}
00:04 +131 ~1 -1: /Users/jose/src/work/hydracamv2/test/services/session_manager_test.dart: SessionManager Session lifecycle restoreSessionFromMetadata restores media and caller role
Log registered: {message: Session metadata saved to /var/folders/6s/dp27g8gn26j9mp36sjfxb9tw0000gn/T/session_manager_docs3epwXl/session_restore-guid/metadata.json, timestamp: 2026-06-09 02:49:58.884264, function: null, file: null}
Log registered: {message: [UploaderService] No uploaded media with valid durations. Returning zero duration., timestamp: 2026-06-09 02:49:58.884356, function: null, file: null}
Log registered: {message: Media added to upload queue: /var/folders/6s/dp27g8gn26j9mp36sjfxb9tw0000gn/T/session_manager_test_mediav8YN7u/restored_photo.jpg, timestamp: 2026-06-09 02:49:58.884403, function: null, file: null}
Log registered: {message: Auto-upload is disabled. Media added to queue but not uploaded., timestamp: 2026-06-09 02:49:58.884469, function: null, file: null}
Log registered: {message: Adding video to upload queue: /var/folders/6s/dp27g8gn26j9mp36sjfxb9tw0000gn/T/session_manager_test_mediav8YN7u/restored_video.mp4, timestamp: 2026-06-09 02:49:58.884519, function: null, file: null}
Log registered: {message: Session metadata saved to /var/folders/6s/dp27g8gn26j9mp36sjfxb9tw0000gn/T/session_manager_docs3epwXl/session_restore-guid/metadata.json, timestamp: 2026-06-09 02:49:58.885449, function: null, file: null}
Log registered: {message: [UploaderService] No uploaded media with valid durations. Returning zero duration., timestamp: 2026-06-09 02:49:58.885737, function: null, file: null}
Log registered: {message: Media added to upload queue: /var/folders/6s/dp27g8gn26j9mp36sjfxb9tw0000gn/T/session_manager_test_mediav8YN7u/restored_video.mp4, timestamp: 2026-06-09 02:49:58.885807, function: null, file: null}
Log registered: {message: Auto-upload is disabled. Media added to queue but not uploaded., timestamp: 2026-06-09 02:49:58.886097, function: null, file: null}
00:04 +131 ~1 -1: /Users/jose/src/work/hydracamv2/test/services/camera_service_failure_test.dart: critical battery force stop saves mock recording and interrupts
Log registered: {message: Upload blocked: session is not backend-created; create the session through the webservice before capture., timestamp: 2026-06-09 02:49:58.886756, function: null, file: null}
00:04 +132 ~1 -1: /Users/jose/src/work/hydracamv2/test/services/storage_service_test.dart: StorageService anchors blocks recording and triggers callback when storage is critical
00:04 +132 ~1 -1: /Users/jose/src/work/hydracamv2/test/services/session_manager_test.dart: SessionManager Session lifecycle restoreSessionFromMetadata restores media and caller role
Log registered: {message: Session metadata saved to /var/folders/6s/dp27g8gn26j9mp36sjfxb9tw0000gn/T/session_manager_docs3epwXl/session_restore-guid/metadata.json, timestamp: 2026-06-09 02:49:58.887510, function: null, file: null}
Log registered: {message: UploaderService: Resetting upload queue and state., timestamp: 2026-06-09 02:49:58.887671, function: null, file: null}
Log registered: {message: UploaderService: Reset completed., timestamp: 2026-06-09 02:49:58.887859, function: null, file: null}
Log registered: {message: Session ended and uploader reset., timestamp: 2026-06-09 02:49:58.887982, function: null, file: null}
00:04 +133 ~1 -1: /Users/jose/src/work/hydracamv2/test/services/storage_service_test.dart: StorageService anchors blocks recording and triggers callback when storage is critical
00:04 +133 ~1 -1: /Users/jose/src/work/hydracamv2/test/services/camera_service_failure_test.dart: critical battery force stop survives missing start timestamp
Log registered: {message: UploaderService: Resetting upload queue and state., timestamp: 2026-06-09 02:49:58.888975, function: null, file: null}
Log registered: {message: UploaderService: Reset completed., timestamp: 2026-06-09 02:49:58.889346, function: null, file: null}
00:04 +133 ~1 -1: /Users/jose/src/work/hydracamv2/test/services/session_manager_test.dart: SessionManager Media management addPhoto adds photo to current session
Log registered: {message: UploaderService: Resetting upload queue and state., timestamp: 2026-06-09 02:49:58.889406, function: null, file: null}
Log registered: {message: UploaderService: Reset completed., timestamp: 2026-06-09 02:49:58.889482, function: null, file: null}
00:04 +133 ~1 -1: /Users/jose/src/work/hydracamv2/test/services/camera_service_failure_test.dart: critical battery force stop survives missing start timestamp
Log registered: {message: Session started with GUID: critical-battery-missing-start on device type: Master, timestamp: 2026-06-09 02:49:58.889598, function: null, file: null}
Log registered: {message: Using mock camera because HYDRACAM_MOCK_CAMERA is enabled., timestamp: 2026-06-09 02:49:58.889696, function: null, file: null}
Log registered: {message: Mock camera ready for native controller mode on macOS., timestamp: 2026-06-09 02:49:58.889822, function: null, file: null}
00:04 +133 ~1 -1: /Users/jose/src/work/hydracamv2/test/services/session_manager_test.dart: SessionManager Media management addPhoto adds photo to current session
Log registered: {message: UploaderService: Resetting upload queue and state., timestamp: 2026-06-09 02:49:58.890027, function: null, file: null}
Log registered: {message: UploaderService: Reset completed., timestamp: 2026-06-09 02:49:58.890113, function: null, file: null}
Log registered: {message: Session started with GUID: test-guid on device type: Master, timestamp: 2026-06-09 02:49:58.890165, function: null, file: null}
00:04 +133 ~1 -1: /Users/jose/src/work/hydracamv2/test/services/camera_service_failure_test.dart: critical battery force stop survives missing start timestamp
Log registered: {message: Generated new Device ID: 35dfdb29-32ce-47c3-bb01-97c4e5dda235, timestamp: 2026-06-09 02:49:58.890164, function: null, file: null}
Log registered: {message: Mock video recording started for native controller mode., timestamp: 2026-06-09 02:49:58.890261, function: null, file: null}
Log registered: {message: Stopping recording due to critical battery., timestamp: 2026-06-09 02:49:58.890320, function: null, file: null}
00:04 +133 ~1 -1: /Users/jose/src/work/hydracamv2/test/services/session_manager_test.dart: SessionManager Media management addPhoto adds photo to current session
Log registered: {message: Adding photo to upload queue: /var/folders/6s/dp27g8gn26j9mp36sjfxb9tw0000gn/T/session_manager_test_mediadBMDs0/test_photo.jpg, timestamp: 2026-06-09 02:49:58.890643, function: null, file: null}
00:04 +133 ~1 -1: /Users/jose/src/work/hydracamv2/test/services/camera_service_failure_test.dart: critical battery force stop survives missing start timestamp
Log registered: {message: Mock video saved to session path: /var/folders/6s/dp27g8gn26j9mp36sjfxb9tw0000gn/T/camera_service_mock_docsBT9ToG/session_critical-battery-missing-start/mock_1_2026-06-09T02-49-58-890567.mp4, timestamp: 2026-06-09 02:49:58.891638, function: null, file: null}
00:04 +133 ~1 -1: /Users/jose/src/work/hydracamv2/test/services/session_manager_test.dart: SessionManager Media management addPhoto adds photo to current session
Log registered: {message: Session metadata saved to /var/folders/6s/dp27g8gn26j9mp36sjfxb9tw0000gn/T/session_manager_docs3epwXl/session_test-guid/metadata.json, timestamp: 2026-06-09 02:49:58.891775, function: null, file: null}
Log registered: {message: [UploaderService] No uploaded media with valid durations. Returning zero duration., timestamp: 2026-06-09 02:49:58.891949, function: null, file: null}
Log registered: {message: Media added to upload queue: /var/folders/6s/dp27g8gn26j9mp36sjfxb9tw0000gn/T/session_manager_test_mediadBMDs0/test_photo.jpg, timestamp: 2026-06-09 02:49:58.892020, function: null, file: null}
Log registered: {message: Auto-upload is disabled. Media added to queue but not uploaded., timestamp: 2026-06-09 02:49:58.892102, function: null, file: null}
00:04 +133 ~1 -1: /Users/jose/src/work/hydracamv2/test/services/camera_service_failure_test.dart: critical battery force stop survives missing start timestamp
Log registered: {message: Retrieved existing Device ID: 35dfdb29-32ce-47c3-bb01-97c4e5dda235, timestamp: 2026-06-09 02:49:58.892112, function: null, file: null}
Log registered: {message: Recording start timestamp was missing during forced stop; using end timestamp as fallback., timestamp: 2026-06-09 02:49:58.892190, function: null, file: null}
Log registered: {message: Adding video to upload queue: /var/folders/6s/dp27g8gn26j9mp36sjfxb9tw0000gn/T/camera_service_mock_docsBT9ToG/session_critical-battery-missing-start/mock_1_2026-06-09T02-49-58-890567.mp4, timestamp: 2026-06-09 02:49:58.892393, function: null, file: null}
00:04 +133 ~1 -1: /Users/jose/src/work/hydracamv2/test/services/session_manager_test.dart: SessionManager Media management addPhoto adds photo to current session
Log registered: {message: Session metadata saved to /var/folders/6s/dp27g8gn26j9mp36sjfxb9tw0000gn/T/session_manager_docs3epwXl/session_test-guid/metadata.json, timestamp: 2026-06-09 02:49:58.893127, function: null, file: null}
Log registered: {message: UploaderService: Resetting upload queue and state., timestamp: 2026-06-09 02:49:58.893221, function: null, file: null}
Log registered: {message: UploaderService: Reset completed., timestamp: 2026-06-09 02:49:58.893295, function: null, file: null}
Log registered: {message: Session ended and uploader reset., timestamp: 2026-06-09 02:49:58.893397, function: null, file: null}
00:04 +134 ~1 -1: /Users/jose/src/work/hydracamv2/test/services/storage_service_test.dart: StorageService anchors blocks recording and triggers callback when storage is critical
00:04 +134 ~1 -1: /Users/jose/src/work/hydracamv2/test/services/session_manager_test.dart: SessionManager Media management addVideo adds video to current session
Log registered: {message: UploaderService: Resetting upload queue and state., timestamp: 2026-06-09 02:49:58.894833, function: null, file: null}
Log registered: {message: UploaderService: Reset completed., timestamp: 2026-06-09 02:49:58.894927, function: null, file: null}
Log registered: {message: UploaderService: Resetting upload queue and state., timestamp: 2026-06-09 02:49:58.895377, function: null, file: null}
Log registered: {message: UploaderService: Reset completed., timestamp: 2026-06-09 02:49:58.895485, function: null, file: null}
Log registered: {message: Session started with GUID: test-guid on device type: Master, timestamp: 2026-06-09 02:49:58.895625, function: null, file: null}
00:04 +134 ~1 -1: /Users/jose/src/work/hydracamv2/test/services/camera_service_failure_test.dart: critical battery force stop survives missing start timestamp
Log registered: {message: Session metadata saved to /var/folders/6s/dp27g8gn26j9mp36sjfxb9tw0000gn/T/camera_service_mock_docsBT9ToG/session_critical-battery-missing-start/metadata.json, timestamp: 2026-06-09 02:49:58.895621, function: null, file: null}
00:04 +134 ~1 -1: /Users/jose/src/work/hydracamv2/test/services/session_manager_test.dart: SessionManager Media management addVideo adds video to current session
Log registered: {message: Adding video to upload queue: /var/folders/6s/dp27g8gn26j9mp36sjfxb9tw0000gn/T/session_manager_test_mediasQTflr/test_video.mp4, timestamp: 2026-06-09 02:49:58.896112, function: null, file: null}
00:04 +134 ~1 -1: /Users/jose/src/work/hydracamv2/test/services/camera_service_failure_test.dart: critical battery force stop survives missing start timestamp
Log registered: {message: [UploaderService] No uploaded media with valid durations. Returning zero duration., timestamp: 2026-06-09 02:49:58.896386, function: null, file: null}
Log registered: {message: Media added to upload queue: /var/folders/6s/dp27g8gn26j9mp36sjfxb9tw0000gn/T/camera_service_mock_docsBT9ToG/session_critical-battery-missing-start/mock_1_2026-06-09T02-49-58-890567.mp4, timestamp: 2026-06-09 02:49:58.896656, function: null, file: null}
Log registered: {message: Auto-upload is enabled. Starting upload process., timestamp: 2026-06-09 02:49:58.896878, function: null, file: null}
Log registered: {message: UploaderService: _startUploading called. _isUploading=false, queue length=1, timestamp: 2026-06-09 02:49:58.897125, function: null, file: null}
00:04 +134 ~1 -1: /Users/jose/src/work/hydracamv2/test/services/session_manager_test.dart: SessionManager Media management addVideo adds video to current session
Log registered: {message: Session metadata saved to /var/folders/6s/dp27g8gn26j9mp36sjfxb9tw0000gn/T/session_manager_docs3epwXl/session_test-guid/metadata.json, timestamp: 2026-06-09 02:49:58.897013, function: null, file: null}
Log registered: {message: [UploaderService] No uploaded media with valid durations. Returning zero duration., timestamp: 2026-06-09 02:49:58.897105, function: null, file: null}
Log registered: {message: Media added to upload queue: /var/folders/6s/dp27g8gn26j9mp36sjfxb9tw0000gn/T/session_manager_test_mediasQTflr/test_video.mp4, timestamp: 2026-06-09 02:49:58.897151, function: null, file: null}
Log registered: {message: Auto-upload is disabled. Media added to queue but not uploaded., timestamp: 2026-06-09 02:49:58.897223, function: null, file: null}
00:04 +134 ~1 -1: /Users/jose/src/work/hydracamv2/test/services/camera_service_failure_test.dart: critical battery force stop survives missing start timestamp
Log registered: {message: UploaderService: _processNextItem called. Queue length=1, timestamp: 2026-06-09 02:49:58.897624, function: null, file: null}
Log registered: {message: UploaderService: sessionGuid=critical-battery-missing-start, timestamp: 2026-06-09 02:49:58.897723, function: null, file: null}
00:04 +134 ~1 -1: /Users/jose/src/work/hydracamv2/test/services/session_manager_test.dart: SessionManager Media management addVideo adds video to current session
Log registered: {message: Session metadata saved to /var/folders/6s/dp27g8gn26j9mp36sjfxb9tw0000gn/T/session_manager_docs3epwXl/session_test-guid/metadata.json, timestamp: 2026-06-09 02:49:58.898315, function: null, file: null}
Log registered: {message: UploaderService: Resetting upload queue and state., timestamp: 2026-06-09 02:49:58.898410, function: null, file: null}
Log registered: {message: UploaderService: Reset completed., timestamp: 2026-06-09 02:49:58.898461, function: null, file: null}
Log registered: {message: Session ended and uploader reset., timestamp: 2026-06-09 02:49:58.898500, function: null, file: null}
00:04 +135 ~1 -1: /Users/jose/src/work/hydracamv2/test/services/storage_service_test.dart: StorageService anchors blocks recording and triggers callback when storage is critical
00:04 +135 ~1 -1: /Users/jose/src/work/hydracamv2/test/services/session_manager_test.dart: SessionManager Media management video capture context persists and reloads from metadata
Log registered: {message: UploaderService: Resetting upload queue and state., timestamp: 2026-06-09 02:49:58.899819, function: null, file: null}
Log registered: {message: UploaderService: Reset completed., timestamp: 2026-06-09 02:49:58.899885, function: null, file: null}
00:04 +135 ~1 -1: /Users/jose/src/work/hydracamv2/test/services/camera_service_failure_test.dart: critical battery force stop survives missing start timestamp
Log registered: {message: Get token, timestamp: 2026-06-09 02:49:58.899929, function: null, file: null}
00:04 +135 ~1 -1: /Users/jose/src/work/hydracamv2/test/services/session_manager_test.dart: SessionManager Media management video capture context persists and reloads from metadata
Log registered: {message: UploaderService: Resetting upload queue and state., timestamp: 2026-06-09 02:49:58.900072, function: null, file: null}
Log registered: {message: UploaderService: Reset completed., timestamp: 2026-06-09 02:49:58.900117, function: null, file: null}
Log registered: {message: Session started with GUID: test-guid on device type: Master, timestamp: 2026-06-09 02:49:58.900160, function: null, file: null}
00:04 +135 ~1 -1: /Users/jose/src/work/hydracamv2/test/services/camera_service_failure_test.dart: critical battery force stop survives missing start timestamp
Log registered: {message: Fetch token, timestamp: 2026-06-09 02:49:58.900314, function: null, file: null}
00:04 +135 ~1 -1: /Users/jose/src/work/hydracamv2/test/services/session_manager_test.dart: SessionManager Media management video capture context persists and reloads from metadata
Log registered: {message: Adding video to upload queue: /var/folders/6s/dp27g8gn26j9mp36sjfxb9tw0000gn/T/session_manager_test_mediajsvz9h/context_video.mp4, timestamp: 2026-06-09 02:49:58.901144, function: null, file: null}
Log registered: {message: Session metadata saved to /var/folders/6s/dp27g8gn26j9mp36sjfxb9tw0000gn/T/session_manager_docs3epwXl/session_test-guid/metadata.json, timestamp: 2026-06-09 02:49:58.903263, function: null, file: null}
Log registered: {message: [UploaderService] No uploaded media with valid durations. Returning zero duration., timestamp: 2026-06-09 02:49:58.903369, function: null, file: null}
Log registered: {message: Media added to upload queue: /var/folders/6s/dp27g8gn26j9mp36sjfxb9tw0000gn/T/session_manager_test_mediajsvz9h/context_video.mp4, timestamp: 2026-06-09 02:49:58.903442, function: null, file: null}
Log registered: {message: Auto-upload is disabled. Media added to queue but not uploaded., timestamp: 2026-06-09 02:49:58.903578, function: null, file: null}
Log registered: {message: Retrieved existing Device ID: 9ce19378-356d-4f82-9a13-b45e9010a250, timestamp: 2026-06-09 02:49:58.905564, function: null, file: null}
Log registered: {message: Session metadata loaded for session test-guid, timestamp: 2026-06-09 02:49:58.906404, function: null, file: null}
Log registered: {message: Session metadata saved to /var/folders/6s/dp27g8gn26j9mp36sjfxb9tw0000gn/T/session_manager_docs3epwXl/session_test-guid/metadata.json, timestamp: 2026-06-09 02:49:58.907714, function: null, file: null}
Log registered: {message: UploaderService: Resetting upload queue and state., timestamp: 2026-06-09 02:49:58.907840, function: null, file: null}
Log registered: {message: UploaderService: Reset completed., timestamp: 2026-06-09 02:49:58.907894, function: null, file: null}
Log registered: {message: Session ended and uploader reset., timestamp: 2026-06-09 02:49:58.907947, function: null, file: null}
00:04 +136 ~1 -1: /Users/jose/src/work/hydracamv2/test/services/storage_service_test.dart: StorageService anchors blocks recording and triggers callback when storage is critical
00:04 +136 ~1 -1: /Users/jose/src/work/hydracamv2/test/services/session_manager_test.dart: SessionManager Media management metadata write preserves session captured before async path lookup
Log registered: {message: UploaderService: Resetting upload queue and state., timestamp: 2026-06-09 02:49:58.909250, function: null, file: null}
Log registered: {message: UploaderService: Reset completed., timestamp: 2026-06-09 02:49:58.909315, function: null, file: null}
Log registered: {message: UploaderService: Resetting upload queue and state., timestamp: 2026-06-09 02:49:58.909645, function: null, file: null}
Log registered: {message: UploaderService: Reset completed., timestamp: 2026-06-09 02:49:58.909688, function: null, file: null}
Log registered: {message: Session started with GUID: test-guid on device type: Master, timestamp: 2026-06-09 02:49:58.909728, function: null, file: null}
Log registered: {message: UploaderService: Resetting upload queue and state., timestamp: 2026-06-09 02:49:58.910004, function: null, file: null}
Log registered: {message: UploaderService: Reset completed., timestamp: 2026-06-09 02:49:58.910062, function: null, file: null}
Log registered: {message: Session started with GUID: metadata-old-guid on device type: Master, timestamp: 2026-06-09 02:49:58.910127, function: null, file: null}
Log registered: {message: UploaderService: Resetting upload queue and state., timestamp: 2026-06-09 02:49:58.910701, function: null, file: null}
Log registered: {message: UploaderService: Reset completed., timestamp: 2026-06-09 02:49:58.910753, function: null, file: null}
Log registered: {message: Session started with GUID: metadata-new-guid on device type: Slave, timestamp: 2026-06-09 02:49:58.910793, function: null, file: null}
00:04 +136 ~1 -1: /Users/jose/src/work/hydracamv2/test/services/camera_service_failure_test.dart: critical battery force stop survives missing start timestamp
Log registered: {message: Failed to fetch M2M token: , timestamp: 2026-06-09 02:49:58.910310, function: null, file: null}
Log registered: {message: Error uploading media: Exception: Failed to retrieve M2M token, timestamp: 2026-06-09 02:49:58.910573, function: null, file: null}
Log registered: {message: Failed to upload media: /var/folders/6s/dp27g8gn26j9mp36sjfxb9tw0000gn/T/camera_service_mock_docsBT9ToG/session_critical-battery-missing-start/mock_1_2026-06-09T02-49-58-890567.mp4, timestamp: 2026-06-09 02:49:58.911705, function: null, file: null}
00:04 +136 ~1 -1: /Users/jose/src/work/hydracamv2/test/services/session_manager_test.dart: SessionManager Media management metadata write preserves session captured before async path lookup
Log registered: {message: Session metadata saved to /var/folders/6s/dp27g8gn26j9mp36sjfxb9tw0000gn/T/session_manager_docs3epwXl/session_metadata-old-guid/metadata.json, timestamp: 2026-06-09 02:49:58.911940, function: null, file: null}
00:04 +136 ~1 -1: /Users/jose/src/work/hydracamv2/test/services/camera_service_failure_test.dart: critical battery force stop survives missing start timestamp
Log registered: {message: Session metadata saved to /var/folders/6s/dp27g8gn26j9mp36sjfxb9tw0000gn/T/camera_service_mock_docsBT9ToG/session_critical-battery-missing-start/metadata.json, timestamp: 2026-06-09 02:49:58.912643, function: null, file: null}
Log registered: {message: Session metadata saved to /var/folders/6s/dp27g8gn26j9mp36sjfxb9tw0000gn/T/camera_service_mock_docsBT9ToG/session_critical-battery-missing-start/metadata.json, timestamp: 2026-06-09 02:49:58.913741, function: null, file: null}
Log registered: {message: UploaderService: Resetting upload queue and state., timestamp: 2026-06-09 02:49:58.913907, function: null, file: null}
Log registered: {message: UploaderService: Reset completed., timestamp: 2026-06-09 02:49:58.913980, function: null, file: null}
Log registered: {message: Session ended and uploader reset., timestamp: 2026-06-09 02:49:58.914033, function: null, file: null}
Log registered: {message: [UploaderService] Queue is empty. Returning zero duration., timestamp: 2026-06-09 02:49:58.914126, function: null, file: null}
Log registered: {message: UploaderService: _processNextItem called. Queue length=0, timestamp: 2026-06-09 02:49:58.914223, function: null, file: null}
Log registered: {message: UploaderService: Queue is empty. Uploading stopped., timestamp: 2026-06-09 02:49:58.914288, function: null, file: null}
00:04 +137 ~1 -1: /Users/jose/src/work/hydracamv2/test/services/storage_service_test.dart: StorageService anchors blocks recording and triggers callback when storage is critical
00:04 +137 ~1 -1: /Users/jose/src/work/hydracamv2/test/services/session_manager_test.dart: SessionManager Media management metadata write preserves session captured before async path lookup
Log registered: {message: Session metadata saved to /var/folders/6s/dp27g8gn26j9mp36sjfxb9tw0000gn/T/session_manager_docs3epwXl/session_metadata-new-guid/metadata.json, timestamp: 2026-06-09 02:49:58.914755, function: null, file: null}
Log registered: {message: UploaderService: Resetting upload queue and state., timestamp: 2026-06-09 02:49:58.914916, function: null, file: null}
Log registered: {message: UploaderService: Reset completed., timestamp: 2026-06-09 02:49:58.914993, function: null, file: null}
Log registered: {message: Session ended and uploader reset., timestamp: 2026-06-09 02:49:58.915037, function: null, file: null}
00:04 +138 ~1 -1: /Users/jose/src/work/hydracamv2/test/services/storage_service_test.dart: StorageService anchors blocks recording and triggers callback when storage is critical
00:04 +138 ~1 -1: /Users/jose/src/work/hydracamv2/test/services/session_manager_test.dart: SessionManager Media management multiple media can be added to session
Log registered: {message: UploaderService: Resetting upload queue and state., timestamp: 2026-06-09 02:49:58.916528, function: null, file: null}
Log registered: {message: UploaderService: Reset completed., timestamp: 2026-06-09 02:49:58.916610, function: null, file: null}
Log registered: {message: UploaderService: Resetting upload queue and state., timestamp: 2026-06-09 02:49:58.916811, function: null, file: null}
Log registered: {message: UploaderService: Reset completed., timestamp: 2026-06-09 02:49:58.916857, function: null, file: null}
Log registered: {message: Session started with GUID: test-guid on device type: Master, timestamp: 2026-06-09 02:49:58.916899, function: null, file: null}
00:04 +138 ~1 -1: /Users/jose/src/work/hydracamv2/test/services/camera_service_failure_test.dart: selected ultra-wide lens uses sport 1080p60 controller settings
Log registered: {message: Initializing camera..., timestamp: 2026-06-09 02:49:58.917257, function: null, file: null}
00:04 +138 ~1 -1: /Users/jose/src/work/hydracamv2/test/services/session_manager_test.dart: SessionManager Media management multiple media can be added to session
Log registered: {message: Adding photo to upload queue: /var/folders/6s/dp27g8gn26j9mp36sjfxb9tw0000gn/T/session_manager_test_mediahELMAm/test_photo_1.jpg, timestamp: 2026-06-09 02:49:58.917487, function: null, file: null}
00:04 +138 ~1 -1: /Users/jose/src/work/hydracamv2/test/services/camera_service_failure_test.dart: selected ultra-wide lens uses sport 1080p60 controller settings
Log registered: {message: Updated selected camera name to iphone-ultra-wide, timestamp: 2026-06-09 02:49:58.917892, function: null, file: null}
00:04 +138 ~1 -1: /Users/jose/src/work/hydracamv2/test/services/session_manager_test.dart: SessionManager Media management multiple media can be added to session
Log registered: {message: Session metadata saved to /var/folders/6s/dp27g8gn26j9mp36sjfxb9tw0000gn/T/session_manager_docs3epwXl/session_test-guid/metadata.json, timestamp: 2026-06-09 02:49:58.918567, function: null, file: null}
Log registered: {message: [UploaderService] No uploaded media with valid durations. Returning zero duration., timestamp: 2026-06-09 02:49:58.918746, function: null, file: null}
Log registered: {message: Media added to upload queue: /var/folders/6s/dp27g8gn26j9mp36sjfxb9tw0000gn/T/session_manager_test_mediahELMAm/test_photo_1.jpg, timestamp: 2026-06-09 02:49:58.918824, function: null, file: null}
00:04 +138 ~1 -1: /Users/jose/src/work/hydracamv2/test/services/camera_service_failure_test.dart: selected ultra-wide lens uses sport 1080p60 controller settings
Log registered: {message: Camera successfully initialized., timestamp: 2026-06-09 02:49:58.918759, function: null, file: null}
00:04 +138 ~1 -1: /Users/jose/src/work/hydracamv2/test/services/session_manager_test.dart: SessionManager Media management multiple media can be added to session
Log registered: {message: Auto-upload is disabled. Media added to queue but not uploaded., timestamp: 2026-06-09 02:49:58.918981, function: null, file: null}
Log registered: {message: Adding photo to upload queue: /var/folders/6s/dp27g8gn26j9mp36sjfxb9tw0000gn/T/session_manager_test_mediahELMAm/test_photo_2.jpg, timestamp: 2026-06-09 02:49:58.919051, function: null, file: null}
00:04 +138 ~1 -1: /Users/jose/src/work/hydracamv2/test/services/camera_service_failure_test.dart: selected ultra-wide lens uses sport 1080p60 controller settings
Log registered: {message: Generated new Device ID: 4e76afa6-a755-4ab5-a476-afcb48f1d725, timestamp: 2026-06-09 02:49:58.919034, function: null, file: null}
Log registered: {message: Video recording started with flash off, timestamp: 2026-06-09 02:49:58.919299, function: null, file: null}
00:04 +139 ~1 -1: /Users/jose/src/work/hydracamv2/test/services/storage_service_test.dart: StorageService anchors blocks recording and triggers callback when storage is critical
00:04 +139 ~1 -1: /Users/jose/src/work/hydracamv2/test/services/session_manager_test.dart: SessionManager Media management multiple media can be added to session
Log registered: {message: Session metadata saved to /var/folders/6s/dp27g8gn26j9mp36sjfxb9tw0000gn/T/session_manager_docs3epwXl/session_test-guid/metadata.json, timestamp: 2026-06-09 02:49:58.919998, function: null, file: null}
Log registered: {message: [UploaderService] No uploaded media with valid durations. Returning zero duration., timestamp: 2026-06-09 02:49:58.920101, function: null, file: null}
Log registered: {message: Media added to upload queue: /var/folders/6s/dp27g8gn26j9mp36sjfxb9tw0000gn/T/session_manager_test_mediahELMAm/test_photo_2.jpg, timestamp: 2026-06-09 02:49:58.920143, function: null, file: null}
Log registered: {message: Auto-upload is disabled. Media added to queue but not uploaded., timestamp: 2026-06-09 02:49:58.920270, function: null, file: null}
00:04 +139 ~1 -1: /Users/jose/src/work/hydracamv2/test/services/camera_service_failure_test.dart: changing video profile preserves the selected camera
Log registered: {message: Initializing camera..., timestamp: 2026-06-09 02:49:58.921227, function: null, file: null}
00:04 +139 ~1 -1: /Users/jose/src/work/hydracamv2/test/services/session_manager_test.dart: SessionManager Media management multiple media can be added to session
Log registered: {message: Session metadata saved to /var/folders/6s/dp27g8gn26j9mp36sjfxb9tw0000gn/T/session_manager_docs3epwXl/session_test-guid/metadata.json, timestamp: 2026-06-09 02:49:58.921273, function: null, file: null}
Log registered: {message: UploaderService: Resetting upload queue and state., timestamp: 2026-06-09 02:49:58.921370, function: null, file: null}
Log registered: {message: UploaderService: Reset completed., timestamp: 2026-06-09 02:49:58.921436, function: null, file: null}
Log registered: {message: Session ended and uploader reset., timestamp: 2026-06-09 02:49:58.921487, function: null, file: null}
00:04 +140 ~1 -1: /Users/jose/src/work/hydracamv2/test/services/storage_service_test.dart: StorageService anchors blocks recording and triggers callback when storage is critical
00:04 +140 ~1 -1: /Users/jose/src/work/hydracamv2/test/services/camera_service_failure_test.dart: changing video profile preserves the selected camera
Log registered: {message: Camera successfully initialized., timestamp: 2026-06-09 02:49:58.921969, function: null, file: null}
Log registered: {message: Changing video capture profile to detail4k30 (current: standard1080p30), timestamp: 2026-06-09 02:49:58.922283, function: null, file: null}
Log registered: {message: Updated video capture profile to detail4k30, timestamp: 2026-06-09 02:49:58.923067, function: null, file: null}
00:04 +140 ~1 -1: /Users/jose/src/work/hydracamv2/test/services/storage_service_test.dart: StorageService anchors blocks recording and triggers callback when storage is critical
Log registered: {message: StorageService monitoring disabled - timer not started., timestamp: 2026-06-09 02:49:59.098209, function: null, file: null}
00:04 +141 ~1 -1: /Users/jose/src/work/hydracamv2/test/services/camera_service_failure_test.dart: changing video profile preserves the selected camera
00:04 +141 ~1 -1: /Users/jose/src/work/hydracamv2/test/services/storage_service_test.dart: StorageService anchors clears recording block after recovering above critical threshold
Log registered: {message: StorageService monitoring disabled - timer not started., timestamp: 2026-06-09 02:49:59.144392, function: null, file: null}
00:04 +142 ~1 -1: /Users/jose/src/work/hydracamv2/test/services/camera_service_failure_test.dart: changing video profile preserves the selected camera
Log registered: {message: Camera capture settings applied and reinitialized: camera=iphone-telephoto, profile=detail4k30., timestamp: 2026-06-09 02:49:59.325141, function: null, file: null}
00:04 +143 ~1 -1: /Users/jose/src/work/hydracamv2/test/services/camera_service_failure_test.dart: setup preview uses preset defaults without explicit fps
Log registered: {message: Initializing camera preview..., timestamp: 2026-06-09 02:49:59.327080, function: null, file: null}
Log registered: {message: Updated selected camera name to fake-back-camera, timestamp: 2026-06-09 02:49:59.327458, function: null, file: null}
Log registered: {message: Camera preview successfully initialized without explicit fps., timestamp: 2026-06-09 02:49:59.327781, function: null, file: null}
00:04 +144 ~1 -1: /Users/jose/src/work/hydracamv2/test/services/camera_service_failure_test.dart: recording after setup preview rebuilds the explicit fps controller
Log registered: {message: Initializing camera preview..., timestamp: 2026-06-09 02:49:59.329044, function: null, file: null}
Log registered: {message: Updated selected camera name to fake-back-camera, timestamp: 2026-06-09 02:49:59.329326, function: null, file: null}
Log registered: {message: Camera preview successfully initialized without explicit fps., timestamp: 2026-06-09 02:49:59.329878, function: null, file: null}
Log registered: {message: Initializing camera..., timestamp: 2026-06-09 02:49:59.330089, function: null, file: null}
00:05 +144 ~1 -1: /Users/jose/src/work/hydracamv2/test/services/hydracam_api_service_test.dart: uploadMedia includes app version fields in multipart metadata
Log registered: {message: Get token, timestamp: 2026-06-09 02:49:59.425262, function: null, file: null}
Log registered: {message: Media uploaded successfully, timestamp: 2026-06-09 02:49:59.444649, function: null, file: null}
00:05 +145 ~1 -1: /Users/jose/src/work/hydracamv2/test/services/camera_service_failure_test.dart: recording after setup preview rebuilds the explicit fps controller
00:05 +145 ~1 -1: /Users/jose/src/work/hydracamv2/test/services/hydracam_api_service_test.dart: uploadMedia includes video recording end and duration metadata
Log registered: {message: Get token, timestamp: 2026-06-09 02:49:59.448565, function: null, file: null}
Log registered: {message: Media uploaded successfully, timestamp: 2026-06-09 02:49:59.450028, function: null, file: null}
00:05 +146 ~1 -1: /Users/jose/src/work/hydracamv2/test/services/camera_service_failure_test.dart: recording after setup preview rebuilds the explicit fps controller
00:05 +146 ~1 -1: /Users/jose/src/work/hydracamv2/test/services/hydracam_api_service_test.dart: uploadMedia includes app version fields in multipart metadata
Trace file unavailable: MissingPluginException(No implementation found for method getApplicationDocumentsDirectory on channel plugins.flutter.io/path_provider)
00:05 +146 ~1 -1: /Users/jose/src/work/hydracamv2/test/services/hydracam_api_service_test.dart: uploadMedia uses centralized upload-media contract fields
Log registered: {message: Get token, timestamp: 2026-06-09 02:49:59.453961, function: null, file: null}
Log registered: {message: Media uploaded successfully, timestamp: 2026-06-09 02:49:59.455366, function: null, file: null}
00:05 +147 ~1 -1: /Users/jose/src/work/hydracamv2/test/services/camera_service_failure_test.dart: recording after setup preview rebuilds the explicit fps controller
00:05 +147 ~1 -1: /Users/jose/src/work/hydracamv2/test/services/hydracam_api_service_test.dart: uploadMedia omits video duration metadata for photo uploads
Log registered: {message: Get token, timestamp: 2026-06-09 02:49:59.459047, function: null, file: null}
Log registered: {message: Media uploaded successfully, timestamp: 2026-06-09 02:49:59.460170, function: null, file: null}
00:05 +148 ~1 -1: /Users/jose/src/work/hydracamv2/test/services/camera_service_failure_test.dart: recording after setup preview rebuilds the explicit fps controller
00:05 +148 ~1 -1: /Users/jose/src/work/hydracamv2/test/services/hydracam_api_service_test.dart: createSession returns typed backend session from API response
Log registered: {message: Get token, timestamp: 2026-06-09 02:49:59.466859, function: null, file: null}
Log registered: {message: Session created successfully: HydraCamBackendSession(guid: backend-guid, sessionId: friendly-session, numericId: 42), timestamp: 2026-06-09 02:49:59.471034, function: null, file: null}
00:05 +149 ~1 -1: /Users/jose/src/work/hydracamv2/test/services/camera_service_failure_test.dart: recording after setup preview rebuilds the explicit fps controller
00:05 +149 ~1 -1: /Users/jose/src/work/hydracamv2/test/services/hydracam_api_service_test.dart: uploadMedia rejects missing files before HTTP send
Log registered: {message: Upload file does not exist: /var/folders/6s/dp27g8gn26j9mp36sjfxb9tw0000gn/T/hydracam_api_testb69Dl6/missing-video.mp4, timestamp: 2026-06-09 02:49:59.474110, function: null, file: null}
00:05 +150 ~1 -1: /Users/jose/src/work/hydracamv2/test/services/camera_service_failure_test.dart: recording after setup preview rebuilds the explicit fps controller
00:05 +150 ~1 -1: /Users/jose/src/work/hydracamv2/test/services/hydracam_api_service_test.dart: fetchCourts preserves encoded sports center query values
Log registered: {message: Get token, timestamp: 2026-06-09 02:49:59.479673, function: null, file: null}
Log registered: {message: Parsed list (courts): [], timestamp: 2026-06-09 02:49:59.480886, function: null, file: null}
00:05 +151 ~1 -1: /Users/jose/src/work/hydracamv2/test/services/camera_service_failure_test.dart: recording after setup preview rebuilds the explicit fps controller
00:05 +151 ~1 -1: /Users/jose/src/work/hydracamv2/test/services/hydracam_api_service_test.dart: endSession preserves encoded session guid query values
Log registered: {message: Get token, timestamp: 2026-06-09 02:49:59.482963, function: null, file: null}
Log registered: {message: Session ended successfully, timestamp: 2026-06-09 02:49:59.483666, function: null, file: null}
00:05 +152 ~1 -1: /Users/jose/src/work/hydracamv2/test/services/camera_service_failure_test.dart: recording after setup preview rebuilds the explicit fps controller
00:05 +152 ~1 -1: /Users/jose/src/work/hydracamv2/test/services/hydracam_api_service_test.dart: user lookups use centralized user contract endpoints
Log registered: {message: Get token, timestamp: 2026-06-09 02:49:59.485313, function: null, file: null}
Log registered: {message: Get token, timestamp: 2026-06-09 02:49:59.486031, function: null, file: null}
00:05 +153 ~1 -1: /Users/jose/src/work/hydracamv2/test/services/camera_service_failure_test.dart: recording after setup preview rebuilds the explicit fps controller
Log registered: {message: Camera successfully initialized., timestamp: 2026-06-09 02:49:59.732881, function: null, file: null}
Log registered: {message: Generated new Device ID: 5f933c7c-f246-4473-a747-236101a3a5b6, timestamp: 2026-06-09 02:49:59.733251, function: null, file: null}
Log registered: {message: Video recording started with flash off, timestamp: 2026-06-09 02:49:59.733434, function: null, file: null}
00:05 +154 ~1 -1: /Users/jose/src/work/hydracamv2/test/services/camera_service_failure_test.dart: macOS runtime uses the real camera backend unless mock is explicit
00:05 +155 ~1 -1: /Users/jose/src/work/hydracamv2/test/services/camera_service_failure_test.dart: (tearDownAll)
00:05 +155 ~1 -1: /Users/jose/src/work/hydracamv2/test/services/gallery_session_matcher_test.dart: matches gallery videos inside an explicit session margin
00:05 +156 ~1 -1: /Users/jose/src/work/hydracamv2/test/services/gallery_session_matcher_test.dart: excludes videos outside the margin and ranks nearest candidates first
00:05 +157 ~1 -1: /Users/jose/src/work/hydracamv2/test/services/gallery_session_matcher_test.dart: matches raw video time ranges without requiring a saved video file
00:05 +158 ~1 -1: /Users/jose/src/work/hydracamv2/test/services/log_service_test.dart: registerLog stores message, timestamp, function, and file
Log registered: {message: Profile startup marker, timestamp: 2026-06-07 13:30:00.000, function: main, file: main.dart}
00:05 +159 ~1 -1: /Users/jose/src/work/hydracamv2/test/services/log_service_test.dart: registerLog stores message, timestamp, function, and file
00:05 +160 ~1 -1: /Users/jose/src/work/hydracamv2/test/services/log_service_test.dart: registerLog stores message, timestamp, function, and file
00:05 +161 ~1 -1: /Users/jose/src/work/hydracamv2/test/services/log_service_test.dart: registerLog stores message, timestamp, function, and file
00:05 +162 ~1 -1: /Users/jose/src/work/hydracamv2/test/services/log_service_test.dart: registerLog stores message, timestamp, function, and file
Trace file unavailable: Binding has not yet been initialized.
The "instance" getter on the ServicesBinding binding mixin is only available once that binding has been initialized.
Typically, this is done by calling "WidgetsFlutterBinding.ensureInitialized()" or "runApp()" (the latter calls the former). Typically this call is done in the "void main()" method. The "ensureInitialized" method is idempotent; calling it multiple times is not harmful. After calling that method, the "instance" getter will return the binding.
In a test, one can call "TestWidgetsFlutterBinding.ensureInitialized()" as the first line in the test's "main()" method to initialize the binding.
If ServicesBinding is a custom binding mixin, there must also be a custom binding class, like WidgetsFlutterBinding, but that mixes in the selected binding, and that is the class that must be constructed before using the "instance" getter.
00:05 +163 ~1 -1: /Users/jose/src/work/hydracamv2/test/services/camera_service_test.dart: CameraService Recording state isRecording starts as false
00:05 +163 ~1 -1: /Users/jose/src/work/hydracamv2/test/services/log_service_test.dart: clearLogs removes stored entries
Log registered: {message: temporary entry, timestamp: 2026-06-09 02:49:59.921097, function: null, file: null}
00:05 +164 ~1 -1: /Users/jose/src/work/hydracamv2/test/services/camera_service_test.dart: CameraService Recording state isRecording starts as false
00:05 +165 ~1 -1: /Users/jose/src/work/hydracamv2/test/services/camera_service_test.dart: CameraService Recording state recordingInterrupted starts as false
00:05 +166 ~1 -1: /Users/jose/src/work/hydracamv2/test/services/camera_service_test.dart: CameraService Storage constraints storage service is correctly wired
00:05 +167 ~1 -1: /Users/jose/src/work/hydracamv2/test/services/camera_service_test.dart: CameraService Force stop recording forceStopRecordingDueToStorage API exists
00:05 +168 ~1 -1: /Users/jose/src/work/hydracamv2/test/services/scheduled_task_service_test.dart: computes delay from corrected local time
00:05 +169 ~1 -1: /Users/jose/src/work/hydracamv2/test/services/scheduled_task_service_test.dart: runs scheduled tasks immediately when corrected time has passed
00:05 +170 ~1 -1: /Users/jose/src/work/hydracamv2/test/services/scheduled_task_service_test.dart: keeps future corrected-time tasks cancellable
00:05 +171 ~1 -1: /Users/jose/src/work/hydracamv2/test/services/battery_service_test.dart: skips linux battery plugin when DBus system bus is missing
00:05 +172 ~1 -1: /Users/jose/src/work/hydracamv2/test/services/battery_service_test.dart: BatteryService shows warning when battery level is low
00:05 +172 ~1 -1: /Users/jose/src/work/hydracamv2/test/services/gallery_session_candidate_source_test.dart: loads active and historical gallery candidate sessions once
Log registered: {message: UploaderService: Resetting upload queue and state., timestamp: 2026-06-09 02:50:00.310289, function: null, file: null}
Log registered: {message: UploaderService: Reset completed., timestamp: 2026-06-09 02:50:00.312883, function: null, file: null}
Log registered: {message: Session started with GUID: active-guid on device type: Master, timestamp: 2026-06-09 02:50:00.313320, function: null, file: null}
Log registered: {message: Generated new Device ID: c9ff5c5b-59c9-4647-afac-d292dcd92baa, timestamp: 2026-06-09 02:50:00.343568, function: null, file: null}
Log registered: {message: Session metadata snapshot loaded for old-guid, timestamp: 2026-06-09 02:50:00.344712, function: null, file: null}
Log registered: {message: Retrieved existing Device ID: c9ff5c5b-59c9-4647-afac-d292dcd92baa, timestamp: 2026-06-09 02:50:00.345819, function: null, file: null}
Log registered: {message: Session metadata snapshot loaded for active-guid, timestamp: 2026-06-09 02:50:00.345944, function: null, file: null}
Log registered: {message: Session metadata saved to /var/folders/6s/dp27g8gn26j9mp36sjfxb9tw0000gn/T/gallery_session_candidate_source_docs5PO6lC/session_active-guid/metadata.json, timestamp: 2026-06-09 02:50:00.351730, function: null, file: null}
Log registered: {message: UploaderService: Resetting upload queue and state., timestamp: 2026-06-09 02:50:00.351981, function: null, file: null}
Log registered: {message: UploaderService: Reset completed., timestamp: 2026-06-09 02:50:00.352065, function: null, file: null}
Log registered: {message: Session ended and uploader reset., timestamp: 2026-06-09 02:50:00.352130, function: null, file: null}
00:05 +173 ~1 -1: /Users/jose/src/work/hydracamv2/test/services/battery_service_test.dart: BatteryService shows warning when battery level is low
Log registered: {message: BatteryService monitoring disabled - timer not started., timestamp: 2026-06-09 02:50:00.428841, function: null, file: null}
00:06 +174 ~1 -1: /Users/jose/src/work/hydracamv2/test/services/settings_service_test.dart: master recording defaults off on macOS controller builds
00:06 +175 ~1 -1: /Users/jose/src/work/hydracamv2/test/services/battery_service_test.dart: BatteryService triggers one autostop when battery becomes critical
Log registered: {message: BatteryService monitoring disabled - timer not started., timestamp: 2026-06-09 02:50:00.530352, function: null, file: null}
Log registered: {message: Critical battery: triggering recording stop at 8%., timestamp: 2026-06-09 02:50:00.531283, function: null, file: null}
00:06 +176 ~1 -1: /Users/jose/src/work/hydracamv2/test/services/battery_service_test.dart: BatteryService triggers one autostop when battery becomes critical
00:06 +177 ~1 -1: /Users/jose/src/work/hydracamv2/test/services/battery_service_test.dart: BatteryService triggers one autostop when battery becomes critical
00:06 +178 ~1 -1: /Users/jose/src/work/hydracamv2/test/services/battery_service_test.dart: BatteryService triggers one autostop when battery becomes critical
00:06 +178 ~1 -1: /Users/jose/src/work/hydracamv2/test/services/settings_service_test.dart: stores selected camera name independently from lens preference
Log registered: {message: Updated camera lens preference to ultraWide, timestamp: 2026-06-09 02:50:00.543126, function: null, file: null}
00:06 +178 ~1 -1: /Users/jose/src/work/hydracamv2/test/services/battery_service_test.dart: BatteryService triggers one autostop when battery becomes critical
Log registered: {message: Critical battery: triggering recording stop at 8%., timestamp: 2026-06-09 02:50:00.550395, function: null, file: null}
00:06 +178 ~1 -1: /Users/jose/src/work/hydracamv2/test/services/settings_service_test.dart: stores selected camera name independently from lens preference
Trace file unavailable: Binding has not yet been initialized.
The "instance" getter on the ServicesBinding binding mixin is only available once that binding has been initialized.
Typically, this is done by calling "WidgetsFlutterBinding.ensureInitialized()" or "runApp()" (the latter calls the former). Typically this call is done in the "void main()" method. The "ensureInitialized" method is idempotent; calling it multiple times is not harmful. After calling that method, the "instance" getter will return the binding.
In a test, one can call "TestWidgetsFlutterBinding.ensureInitialized()" as the first line in the test's "main()" method to initialize the binding.
If ServicesBinding is a custom binding mixin, there must also be a custom binding class, like WidgetsFlutterBinding, but that mixes in the selected binding, and that is the class that must be constructed before using the "instance" getter.
Log registered: {message: Updated selected camera name to iphone-ultra-wide, timestamp: 2026-06-09 02:50:00.558609, function: null, file: null}
00:06 +179 ~1 -1: /Users/jose/src/work/hydracamv2/test/services/battery_service_test.dart: BatteryService triggers one autostop when battery becomes critical
00:06 +180 ~1 -1: /Users/jose/src/work/hydracamv2/test/services/settings_service_test.dart: stores selected camera perspective by canonical id
Log registered: {message: Updated camera perspective to right_backglass_diagonal, timestamp: 2026-06-09 02:50:00.562720, function: null, file: null}
00:06 +181 ~1 -1: /Users/jose/src/work/hydracamv2/test/services/battery_service_test.dart: BatteryService throttles repeated low-battery warnings
00:06 +181 ~1 -1: /Users/jose/src/work/hydracamv2/test/services/settings_service_test.dart: auto-record defaults disabled and can be stored
Log registered: {message: Updated autoRecordMode value to true, timestamp: 2026-06-09 02:50:00.564859, function: null, file: null}
00:06 +182 ~1 -1: /Users/jose/src/work/hydracamv2/test/services/battery_service_test.dart: BatteryService throttles repeated low-battery warnings
00:06 +182 ~1 -1: /Users/jose/src/work/hydracamv2/test/services/settings_service_test.dart: locale override can be stored and cleared
Log registered: {message: Updated locale override to pl, timestamp: 2026-06-09 02:50:00.566294, function: null, file: null}
Log registered: {message: Cleared locale override, timestamp: 2026-06-09 02:50:00.566635, function: null, file: null}
00:06 +183 ~1 -1: /Users/jose/src/work/hydracamv2/test/services/battery_service_test.dart: BatteryService throttles repeated low-battery warnings
00:06 +183 ~1 -1: /Users/jose/src/work/hydracamv2/test/services/battery_service_test.dart: BatteryService shows warning when battery level is low
Log registered: {message: BatteryService: Error reading battery level: MissingPluginException(No implementation found for method getBatteryLevel on channel dev.fluttercommunity.plus/battery), timestamp: 2026-06-09 02:50:00.574632, function: null, file: null}
00:06 +183 ~1 -1: /Users/jose/src/work/hydracamv2/test/services/battery_service_test.dart: BatteryService throttles repeated low-battery warnings
Log registered: {message: BatteryService monitoring disabled - timer not started., timestamp: 2026-06-09 02:50:00.585905, function: null, file: null}
00:06 +184 ~1 -1: /Users/jose/src/work/hydracamv2/test/services/linux_dbus_availability_test.dart: Linux DBus availability skips system-bus plugins only on linux without system bus
00:06 +185 ~1 -1: /Users/jose/src/work/hydracamv2/test/services/uploader_service_test.dart: (setUpAll)
00:06 +186 ~1 -1: /Users/jose/src/work/hydracamv2/test/services/uploader_service_test.dart: (setUpAll)
00:06 +186 ~1 -1: /Users/jose/src/work/hydracamv2/test/services/linux_dbus_availability_test.dart: Linux DBus availability falls back to XDG runtime bus path
00:06 +187 ~1 -1: /Users/jose/src/work/hydracamv2/test/services/uploader_service_test.dart: reset clears stale queue, current upload state, and progress
Log registered: {message: UploaderService: Resetting upload queue and state., timestamp: 2026-06-09 02:50:00.785572, function: null, file: null}
Log registered: {message: UploaderService: Reset completed., timestamp: 2026-06-09 02:50:00.787619, function: null, file: null}
Log registered: {message: UploaderService: Resetting upload queue and state., timestamp: 2026-06-09 02:50:00.788072, function: null, file: null}
Log registered: {message: UploaderService: Reset completed., timestamp: 2026-06-09 02:50:00.788187, function: null, file: null}
Log registered: {message: Session started with GUID: uploader-test-guid on device type: Master, timestamp: 2026-06-09 02:50:00.788428, function: null, file: null}
Log registered: {message: [UploaderService] No uploaded media with valid durations. Returning zero duration., timestamp: 2026-06-09 02:50:00.793228, function: null, file: null}
Log registered: {message: Media added to upload queue: /var/folders/6s/dp27g8gn26j9mp36sjfxb9tw0000gn/T/hydracam_uploader_testEqPCLv/photo.jpg, timestamp: 2026-06-09 02:50:00.793495, function: null, file: null}
Log registered: {message: Auto-upload is disabled. Media added to queue but not uploaded., timestamp: 2026-06-09 02:50:00.797490, function: null, file: null}
Log registered: {message: UploaderService: Resetting upload queue and state., timestamp: 2026-06-09 02:50:00.799812, function: null, file: null}
Log registered: {message: UploaderService: Reset completed., timestamp: 2026-06-09 02:50:00.799956, function: null, file: null}
Log registered: {message: Session metadata saved to /var/folders/6s/dp27g8gn26j9mp36sjfxb9tw0000gn/T/uploader_service_docsMrfecI/session_uploader-test-guid/metadata.json, timestamp: 2026-06-09 02:50:00.805896, function: null, file: null}
Log registered: {message: UploaderService: Resetting upload queue and state., timestamp: 2026-06-09 02:50:00.806093, function: null, file: null}
Log registered: {message: UploaderService: Reset completed., timestamp: 2026-06-09 02:50:00.806172, function: null, file: null}
Log registered: {message: Session ended and uploader reset., timestamp: 2026-06-09 02:50:00.806239, function: null, file: null}
Log registered: {message: UploaderService: Resetting upload queue and state., timestamp: 2026-06-09 02:50:00.806351, function: null, file: null}
Log registered: {message: UploaderService: Reset completed., timestamp: 2026-06-09 02:50:00.806409, function: null, file: null}
00:06 +188 ~1 -1: /Users/jose/src/work/hydracamv2/test/services/uploader_service_test.dart: addMediaToQueue can be awaited through settings evaluation
Log registered: {message: UploaderService: Resetting upload queue and state., timestamp: 2026-06-09 02:50:00.808092, function: null, file: null}
Log registered: {message: UploaderService: Reset completed., timestamp: 2026-06-09 02:50:00.808163, function: null, file: null}
Log registered: {message: UploaderService: Resetting upload queue and state., timestamp: 2026-06-09 02:50:00.808388, function: null, file: null}
Log registered: {message: UploaderService: Reset completed., timestamp: 2026-06-09 02:50:00.808590, function: null, file: null}
Log registered: {message: Session started with GUID: uploader-test-guid on device type: Master, timestamp: 2026-06-09 02:50:00.808670, function: null, file: null}
Log registered: {message: [UploaderService] No uploaded media with valid durations. Returning zero duration., timestamp: 2026-06-09 02:50:00.809243, function: null, file: null}
Log registered: {message: Media added to upload queue: /var/folders/6s/dp27g8gn26j9mp36sjfxb9tw0000gn/T/hydracam_uploader_testTNtY7f/awaitable-enqueue.jpg, timestamp: 2026-06-09 02:50:00.809338, function: null, file: null}
Log registered: {message: Auto-upload is disabled. Media added to queue but not uploaded., timestamp: 2026-06-09 02:50:00.809489, function: null, file: null}
Log registered: {message: Session metadata saved to /var/folders/6s/dp27g8gn26j9mp36sjfxb9tw0000gn/T/uploader_service_docsMrfecI/session_uploader-test-guid/metadata.json, timestamp: 2026-06-09 02:50:00.811016, function: null, file: null}
Log registered: {message: UploaderService: Resetting upload queue and state., timestamp: 2026-06-09 02:50:00.811120, function: null, file: null}
Log registered: {message: UploaderService: Reset completed., timestamp: 2026-06-09 02:50:00.811190, function: null, file: null}
Log registered: {message: Session ended and uploader reset., timestamp: 2026-06-09 02:50:00.811246, function: null, file: null}
Log registered: {message: UploaderService: Resetting upload queue and state., timestamp: 2026-06-09 02:50:00.811303, function: null, file: null}
Log registered: {message: UploaderService: Reset completed., timestamp: 2026-06-09 02:50:00.811358, function: null, file: null}
00:06 +189 ~1 -1: /Users/jose/src/work/hydracamv2/test/services/uploader_service_test.dart: startUploadingManually can be awaited until the queue drains
Log registered: {message: UploaderService: Resetting upload queue and state., timestamp: 2026-06-09 02:50:00.812640, function: null, file: null}
Log registered: {message: UploaderService: Reset completed., timestamp: 2026-06-09 02:50:00.812718, function: null, file: null}
Log registered: {message: UploaderService: Resetting upload queue and state., timestamp: 2026-06-09 02:50:00.812872, function: null, file: null}
Log registered: {message: UploaderService: Reset completed., timestamp: 2026-06-09 02:50:00.812935, function: null, file: null}
Log registered: {message: Session started with GUID: uploader-test-guid on device type: Master, timestamp: 2026-06-09 02:50:00.812999, function: null, file: null}
Log registered: {message: [UploaderService] No uploaded media with valid durations. Returning zero duration., timestamp: 2026-06-09 02:50:00.813814, function: null, file: null}
Log registered: {message: Media added to upload queue: /var/folders/6s/dp27g8gn26j9mp36sjfxb9tw0000gn/T/hydracam_uploader_testx8QIwA/await-manual-first.jpg, timestamp: 2026-06-09 02:50:00.813936, function: null, file: null}
Log registered: {message: Auto-upload is disabled. Media added to queue but not uploaded., timestamp: 2026-06-09 02:50:00.814214, function: null, file: null}
Log registered: {message: [UploaderService] No uploaded media with valid durations. Returning zero duration., timestamp: 2026-06-09 02:50:00.814494, function: null, file: null}
Log registered: {message: Media added to upload queue: /var/folders/6s/dp27g8gn26j9mp36sjfxb9tw0000gn/T/hydracam_uploader_testx8QIwA/await-manual-second.jpg, timestamp: 2026-06-09 02:50:00.814573, function: null, file: null}
Log registered: {message: Auto-upload is disabled. Media added to queue but not uploaded., timestamp: 2026-06-09 02:50:00.814716, function: null, file: null}
Log registered: {message: Manual upload initiated., timestamp: 2026-06-09 02:50:00.814871, function: null, file: null}
Log registered: {message: UploaderService: _startUploading called. _isUploading=false, queue length=2, timestamp: 2026-06-09 02:50:00.815057, function: null, file: null}
Log registered: {message: UploaderService: _processNextItem called. Queue length=2, timestamp: 2026-06-09 02:50:00.815499, function: null, file: null}
Log registered: {message: UploaderService: sessionGuid=uploader-test-guid, timestamp: 2026-06-09 02:50:00.815699, function: null, file: null}
Log registered: {message: Get token, timestamp: 2026-06-09 02:50:00.816931, function: null, file: null}
Log registered: {message: Media uploaded successfully, timestamp: 2026-06-09 02:50:00.830481, function: null, file: null}
Log registered: {message: Media uploaded: /var/folders/6s/dp27g8gn26j9mp36sjfxb9tw0000gn/T/hydracam_uploader_testx8QIwA/await-manual-first.jpg, timestamp: 2026-06-09 02:50:00.830782, function: null, file: null}
Log registered: {message: Session metadata saved to /var/folders/6s/dp27g8gn26j9mp36sjfxb9tw0000gn/T/uploader_service_docsMrfecI/session_uploader-test-guid/metadata.json, timestamp: 2026-06-09 02:50:00.831644, function: null, file: null}
Log registered: {message: [UploaderService] Total bytes uploaded: 4, timestamp: 2026-06-09 02:50:00.832052, function: null, file: null}
Log registered: {message: [UploaderService] Total upload duration: 0 seconds, timestamp: 2026-06-09 02:50:00.832191, function: null, file: null}
Log registered: {message: [UploaderService] Average speed: 266.0989888238425 bytes/second, timestamp: 2026-06-09 02:50:00.832657, function: null, file: null}
Log registered: {message: [UploaderService] Remaining bytes to upload: 4, timestamp: 2026-06-09 02:50:00.832915, function: null, file: null}
Log registered: {message: [UploaderService] Estimated time: 0.015031999999999998 seconds, timestamp: 2026-06-09 02:50:00.833004, function: null, file: null}
Log registered: {message: UploaderService: _processNextItem called. Queue length=1, timestamp: 2026-06-09 02:50:00.833155, function: null, file: null}
Log registered: {message: UploaderService: sessionGuid=uploader-test-guid, timestamp: 2026-06-09 02:50:00.833218, function: null, file: null}
Log registered: {message: Get token, timestamp: 2026-06-09 02:50:00.833596, function: null, file: null}
Log registered: {message: Media uploaded successfully, timestamp: 2026-06-09 02:50:00.835217, function: null, file: null}
Log registered: {message: Media uploaded: /var/folders/6s/dp27g8gn26j9mp36sjfxb9tw0000gn/T/hydracam_uploader_testx8QIwA/await-manual-second.jpg, timestamp: 2026-06-09 02:50:00.835339, function: null, file: null}
Log registered: {message: Session metadata saved to /var/folders/6s/dp27g8gn26j9mp36sjfxb9tw0000gn/T/uploader_service_docsMrfecI/session_uploader-test-guid/metadata.json, timestamp: 2026-06-09 02:50:00.836001, function: null, file: null}
Log registered: {message: [UploaderService] Queue is empty. Returning zero duration., timestamp: 2026-06-09 02:50:00.836224, function: null, file: null}
Log registered: {message: UploaderService: _processNextItem called. Queue length=0, timestamp: 2026-06-09 02:50:00.836308, function: null, file: null}
Log registered: {message: UploaderService: Queue is empty. Uploading stopped., timestamp: 2026-06-09 02:50:00.836373, function: null, file: null}
Log registered: {message: Session metadata saved to /var/folders/6s/dp27g8gn26j9mp36sjfxb9tw0000gn/T/uploader_service_docsMrfecI/session_uploader-test-guid/metadata.json, timestamp: 2026-06-09 02:50:00.837579, function: null, file: null}
Log registered: {message: UploaderService: Resetting upload queue and state., timestamp: 2026-06-09 02:50:00.837702, function: null, file: null}
Log registered: {message: UploaderService: Reset completed., timestamp: 2026-06-09 02:50:00.837773, function: null, file: null}
Log registered: {message: Session ended and uploader reset., timestamp: 2026-06-09 02:50:00.837824, function: null, file: null}
Log registered: {message: UploaderService: Resetting upload queue and state., timestamp: 2026-06-09 02:50:00.837881, function: null, file: null}
Log registered: {message: UploaderService: Reset completed., timestamp: 2026-06-09 02:50:00.837930, function: null, file: null}
00:06 +190 ~1 -1: /Users/jose/src/work/hydracamv2/test/services/uploader_service_test.dart: addMediaToQueue refuses media when session is not backend-created
Log registered: {message: UploaderService: Resetting upload queue and state., timestamp: 2026-06-09 02:50:00.839385, function: null, file: null}
Log registered: {message: UploaderService: Reset completed., timestamp: 2026-06-09 02:50:00.839461, function: null, file: null}
Log registered: {message: UploaderService: Resetting upload queue and state., timestamp: 2026-06-09 02:50:00.839645, function: null, file: null}
Log registered: {message: UploaderService: Reset completed., timestamp: 2026-06-09 02:50:00.839699, function: null, file: null}
Log registered: {message: Session started with GUID: uploader-test-guid on device type: Master, timestamp: 2026-06-09 02:50:00.839755, function: null, file: null}
Log registered: {message: Session metadata saved to /var/folders/6s/dp27g8gn26j9mp36sjfxb9tw0000gn/T/uploader_service_docsMrfecI/session_uploader-test-guid/metadata.json, timestamp: 2026-06-09 02:50:00.840881, function: null, file: null}
Log registered: {message: UploaderService: Resetting upload queue and state., timestamp: 2026-06-09 02:50:00.841004, function: null, file: null}
Log registered: {message: UploaderService: Reset completed., timestamp: 2026-06-09 02:50:00.841161, function: null, file: null}
Log registered: {message: Session ended and uploader reset., timestamp: 2026-06-09 02:50:00.841317, function: null, file: null}
Log registered: {message: UploaderService: Resetting upload queue and state., timestamp: 2026-06-09 02:50:00.841396, function: null, file: null}
Log registered: {message: UploaderService: Reset completed., timestamp: 2026-06-09 02:50:00.841463, function: null, file: null}
Log registered: {message: Session started with GUID: diagnostic-session-guid on device type: Master, timestamp: 2026-06-09 02:50:00.841535, function: null, file: null}
Log registered: {message: Upload blocked: session is not backend-created; create the session through the webservice before capture., timestamp: 2026-06-09 02:50:00.841876, function: null, file: null}
Log registered: {message: Session metadata saved to /var/folders/6s/dp27g8gn26j9mp36sjfxb9tw0000gn/T/uploader_service_docsMrfecI/session_diagnostic-session-guid/metadata.json, timestamp: 2026-06-09 02:50:00.842784, function: null, file: null}
Log registered: {message: Session metadata saved to /var/folders/6s/dp27g8gn26j9mp36sjfxb9tw0000gn/T/uploader_service_docsMrfecI/session_diagnostic-session-guid/metadata.json, timestamp: 2026-06-09 02:50:00.843709, function: null, file: null}
Log registered: {message: UploaderService: Resetting upload queue and state., timestamp: 2026-06-09 02:50:00.843800, function: null, file: null}
Log registered: {message: UploaderService: Reset completed., timestamp: 2026-06-09 02:50:00.843927, function: null, file: null}
Log registered: {message: Session ended and uploader reset., timestamp: 2026-06-09 02:50:00.844049, function: null, file: null}
Log registered: {message: UploaderService: Resetting upload queue and state., timestamp: 2026-06-09 02:50:00.844149, function: null, file: null}
Log registered: {message: UploaderService: Reset completed., timestamp: 2026-06-09 02:50:00.844201, function: null, file: null}
00:06 +191 ~1 -1: /Users/jose/src/work/hydracamv2/test/services/uploader_service_test.dart: cancelQueuedMedia removes a pending item without touching others
Log registered: {message: UploaderService: Resetting upload queue and state., timestamp: 2026-06-09 02:50:00.845686, function: null, file: null}
Log registered: {message: UploaderService: Reset completed., timestamp: 2026-06-09 02:50:00.845780, function: null, file: null}
Log registered: {message: UploaderService: Resetting upload queue and state., timestamp: 2026-06-09 02:50:00.845985, function: null, file: null}
Log registered: {message: UploaderService: Reset completed., timestamp: 2026-06-09 02:50:00.846037, function: null, file: null}
Log registered: {message: Session started with GUID: uploader-test-guid on device type: Master, timestamp: 2026-06-09 02:50:00.846088, function: null, file: null}
Log registered: {message: [UploaderService] No uploaded media with valid durations. Returning zero duration., timestamp: 2026-06-09 02:50:00.846822, function: null, file: null}
Log registered: {message: Media added to upload queue: /var/folders/6s/dp27g8gn26j9mp36sjfxb9tw0000gn/T/hydracam_uploader_testyLbXlf/first.jpg, timestamp: 2026-06-09 02:50:00.846978, function: null, file: null}
Log registered: {message: Auto-upload is disabled. Media added to queue but not uploaded., timestamp: 2026-06-09 02:50:00.847225, function: null, file: null}
Log registered: {message: [UploaderService] No uploaded media with valid durations. Returning zero duration., timestamp: 2026-06-09 02:50:00.847345, function: null, file: null}
Log registered: {message: Media added to upload queue: /var/folders/6s/dp27g8gn26j9mp36sjfxb9tw0000gn/T/hydracam_uploader_testyLbXlf/second.jpg, timestamp: 2026-06-09 02:50:00.847396, function: null, file: null}
Log registered: {message: Auto-upload is disabled. Media added to queue but not uploaded., timestamp: 2026-06-09 02:50:00.847515, function: null, file: null}
Log registered: {message: [UploaderService] No uploaded media with valid durations. Returning zero duration., timestamp: 2026-06-09 02:50:00.847970, function: null, file: null}
Log registered: {message: Cancelled pending upload: /var/folders/6s/dp27g8gn26j9mp36sjfxb9tw0000gn/T/hydracam_uploader_testyLbXlf/first.jpg, timestamp: 2026-06-09 02:50:00.848163, function: null, file: null}
Log registered: {message: No pending queued media to cancel: /var/folders/6s/dp27g8gn26j9mp36sjfxb9tw0000gn/T/hydracam_uploader_testyLbXlf/first.jpg, timestamp: 2026-06-09 02:50:00.848304, function: null, file: null}
Log registered: {message: Session metadata saved to /var/folders/6s/dp27g8gn26j9mp36sjfxb9tw0000gn/T/uploader_service_docsMrfecI/session_uploader-test-guid/metadata.json, timestamp: 2026-06-09 02:50:00.849369, function: null, file: null}
Log registered: {message: UploaderService: Resetting upload queue and state., timestamp: 2026-06-09 02:50:00.849507, function: null, file: null}
Log registered: {message: UploaderService: Reset completed., timestamp: 2026-06-09 02:50:00.849563, function: null, file: null}
Log registered: {message: Session ended and uploader reset., timestamp: 2026-06-09 02:50:00.849609, function: null, file: null}
Log registered: {message: UploaderService: Resetting upload queue and state., timestamp: 2026-06-09 02:50:00.849657, function: null, file: null}
Log registered: {message: UploaderService: Reset completed., timestamp: 2026-06-09 02:50:00.849697, function: null, file: null}
00:06 +192 ~1 -1: /Users/jose/src/work/hydracamv2/test/services/uploader_service_test.dart: addMediaToQueue ignores retry for media already uploading
Log registered: {message: UploaderService: Resetting upload queue and state., timestamp: 2026-06-09 02:50:00.851428, function: null, file: null}
Log registered: {message: UploaderService: Reset completed., timestamp: 2026-06-09 02:50:00.851565, function: null, file: null}
Log registered: {message: UploaderService: Resetting upload queue and state., timestamp: 2026-06-09 02:50:00.852122, function: null, file: null}
Log registered: {message: UploaderService: Reset completed., timestamp: 2026-06-09 02:50:00.852202, function: null, file: null}
Log registered: {message: Session started with GUID: uploader-test-guid on device type: Master, timestamp: 2026-06-09 02:50:00.852253, function: null, file: null}
Log registered: {message: Media already uploading: /var/folders/6s/dp27g8gn26j9mp36sjfxb9tw0000gn/T/hydracam_uploader_testnQKRaV/currently-uploading.jpg, timestamp: 2026-06-09 02:50:00.852828, function: null, file: null}
Log registered: {message: Session metadata saved to /var/folders/6s/dp27g8gn26j9mp36sjfxb9tw0000gn/T/uploader_service_docsMrfecI/session_uploader-test-guid/metadata.json, timestamp: 2026-06-09 02:50:00.854379, function: null, file: null}
Log registered: {message: UploaderService: Resetting upload queue and state., timestamp: 2026-06-09 02:50:00.854485, function: null, file: null}
Log registered: {message: UploaderService: Reset completed., timestamp: 2026-06-09 02:50:00.854540, function: null, file: null}
Log registered: {message: Session ended and uploader reset., timestamp: 2026-06-09 02:50:00.854585, function: null, file: null}
Log registered: {message: UploaderService: Resetting upload queue and state., timestamp: 2026-06-09 02:50:00.854630, function: null, file: null}
Log registered: {message: UploaderService: Reset completed., timestamp: 2026-06-09 02:50:00.854671, function: null, file: null}
00:06 +193 ~1 -1: /Users/jose/src/work/hydracamv2/test/services/uploader_service_test.dart: estimateTotalTimeRemaining uses completed upload samples
Log registered: {message: UploaderService: Resetting upload queue and state., timestamp: 2026-06-09 02:50:00.855778, function: null, file: null}
Log registered: {message: UploaderService: Reset completed., timestamp: 2026-06-09 02:50:00.855851, function: null, file: null}
Log registered: {message: UploaderService: Resetting upload queue and state., timestamp: 2026-06-09 02:50:00.856024, function: null, file: null}
Log registered: {message: UploaderService: Reset completed., timestamp: 2026-06-09 02:50:00.856071, function: null, file: null}
Log registered: {message: Session started with GUID: uploader-test-guid on device type: Master, timestamp: 2026-06-09 02:50:00.856128, function: null, file: null}
Log registered: {message: UploaderService: Resetting upload queue and state., timestamp: 2026-06-09 02:50:00.856775, function: null, file: null}
Log registered: {message: UploaderService: Reset completed., timestamp: 2026-06-09 02:50:00.856926, function: null, file: null}
Log registered: {message: Session started with GUID: estimate-session-guid on device type: Master, timestamp: 2026-06-09 02:50:00.857021, function: null, file: null}
Log registered: {message: [UploaderService] No uploaded media with valid durations. Returning zero duration., timestamp: 2026-06-09 02:50:00.857485, function: null, file: null}
Log registered: {message: Media added to upload queue: /var/folders/6s/dp27g8gn26j9mp36sjfxb9tw0000gn/T/hydracam_uploader_test5opS72/completed-estimate.jpg, timestamp: 2026-06-09 02:50:00.857658, function: null, file: null}
Log registered: {message: Auto-upload is disabled. Media added to queue but not uploaded., timestamp: 2026-06-09 02:50:00.857903, function: null, file: null}
Log registered: {message: Manual upload initiated., timestamp: 2026-06-09 02:50:00.857976, function: null, file: null}
Log registered: {message: UploaderService: _startUploading called. _isUploading=false, queue length=1, timestamp: 2026-06-09 02:50:00.858028, function: null, file: null}
Log registered: {message: UploaderService: _processNextItem called. Queue length=1, timestamp: 2026-06-09 02:50:00.858078, function: null, file: null}
Log registered: {message: UploaderService: sessionGuid=estimate-session-guid, timestamp: 2026-06-09 02:50:00.858513, function: null, file: null}
Log registered: {message: Get token, timestamp: 2026-06-09 02:50:00.858944, function: null, file: null}
Log registered: {message: Media uploaded successfully, timestamp: 2026-06-09 02:50:00.861027, function: null, file: null}
Log registered: {message: Media uploaded: /var/folders/6s/dp27g8gn26j9mp36sjfxb9tw0000gn/T/hydracam_uploader_test5opS72/completed-estimate.jpg, timestamp: 2026-06-09 02:50:00.861351, function: null, file: null}
Log registered: {message: Session metadata saved to /var/folders/6s/dp27g8gn26j9mp36sjfxb9tw0000gn/T/uploader_service_docsMrfecI/session_estimate-session-guid/metadata.json, timestamp: 2026-06-09 02:50:00.862318, function: null, file: null}
Log registered: {message: [UploaderService] Queue is empty. Returning zero duration., timestamp: 2026-06-09 02:50:00.862521, function: null, file: null}
Log registered: {message: UploaderService: _processNextItem called. Queue length=0, timestamp: 2026-06-09 02:50:00.862584, function: null, file: null}
Log registered: {message: UploaderService: Queue is empty. Uploading stopped., timestamp: 2026-06-09 02:50:00.862639, function: null, file: null}
Log registered: {message: [UploaderService] Total bytes uploaded: 100, timestamp: 2026-06-09 02:50:00.862761, function: null, file: null}
Log registered: {message: [UploaderService] Total upload duration: 5 seconds, timestamp: 2026-06-09 02:50:00.862813, function: null, file: null}
Log registered: {message: [UploaderService] Average speed: 20.0 bytes/second, timestamp: 2026-06-09 02:50:00.862897, function: null, file: null}
Log registered: {message: [UploaderService] Remaining bytes to upload: 200, timestamp: 2026-06-09 02:50:00.862968, function: null, file: null}
Log registered: {message: [UploaderService] Estimated time: 10.0 seconds, timestamp: 2026-06-09 02:50:00.863014, function: null, file: null}
Log registered: {message: Media added to upload queue: /var/folders/6s/dp27g8gn26j9mp36sjfxb9tw0000gn/T/hydracam_uploader_test5opS72/pending-estimate.jpg, timestamp: 2026-06-09 02:50:00.863062, function: null, file: null}
Log registered: {message: Auto-upload is disabled. Media added to queue but not uploaded., timestamp: 2026-06-09 02:50:00.863139, function: null, file: null}
Log registered: {message: [UploaderService] Total bytes uploaded: 100, timestamp: 2026-06-09 02:50:00.863227, function: null, file: null}
Log registered: {message: [UploaderService] Total upload duration: 5 seconds, timestamp: 2026-06-09 02:50:00.863326, function: null, file: null}
Log registered: {message: [UploaderService] Average speed: 20.0 bytes/second, timestamp: 2026-06-09 02:50:00.863378, function: null, file: null}
Log registered: {message: [UploaderService] Remaining bytes to upload: 200, timestamp: 2026-06-09 02:50:00.863422, function: null, file: null}
Log registered: {message: [UploaderService] Estimated time: 10.0 seconds, timestamp: 2026-06-09 02:50:00.863464, function: null, file: null}
Log registered: {message: Session metadata saved to /var/folders/6s/dp27g8gn26j9mp36sjfxb9tw0000gn/T/uploader_service_docsMrfecI/session_estimate-session-guid/metadata.json, timestamp: 2026-06-09 02:50:00.864684, function: null, file: null}
Log registered: {message: UploaderService: Resetting upload queue and state., timestamp: 2026-06-09 02:50:00.864802, function: null, file: null}
Log registered: {message: UploaderService: Reset completed., timestamp: 2026-06-09 02:50:00.864885, function: null, file: null}
Log registered: {message: Session ended and uploader reset., timestamp: 2026-06-09 02:50:00.864937, function: null, file: null}
Log registered: {message: UploaderService: Resetting upload queue and state., timestamp: 2026-06-09 02:50:00.864986, function: null, file: null}
Log registered: {message: UploaderService: Reset completed., timestamp: 2026-06-09 02:50:00.865028, function: null, file: null}
00:06 +194 ~1 -1: /Users/jose/src/work/hydracamv2/test/services/uploader_service_test.dart: estimateTotalTimeRemaining keeps sub-second upload samples
Log registered: {message: UploaderService: Resetting upload queue and state., timestamp: 2026-06-09 02:50:00.866105, function: null, file: null}
Log registered: {message: UploaderService: Reset completed., timestamp: 2026-06-09 02:50:00.866176, function: null, file: null}
Log registered: {message: UploaderService: Resetting upload queue and state., timestamp: 2026-06-09 02:50:00.866354, function: null, file: null}
Log registered: {message: UploaderService: Reset completed., timestamp: 2026-06-09 02:50:00.866422, function: null, file: null}
Log registered: {message: Session started with GUID: uploader-test-guid on device type: Master, timestamp: 2026-06-09 02:50:00.866533, function: null, file: null}
Log registered: {message: UploaderService: Resetting upload queue and state., timestamp: 2026-06-09 02:50:00.867094, function: null, file: null}
Log registered: {message: UploaderService: Reset completed., timestamp: 2026-06-09 02:50:00.867311, function: null, file: null}
Log registered: {message: Session started with GUID: subsecond-estimate-guid on device type: Master, timestamp: 2026-06-09 02:50:00.867389, function: null, file: null}
Log registered: {message: [UploaderService] No uploaded media with valid durations. Returning zero duration., timestamp: 2026-06-09 02:50:00.867825, function: null, file: null}
Log registered: {message: Media added to upload queue: /var/folders/6s/dp27g8gn26j9mp36sjfxb9tw0000gn/T/hydracam_uploader_testqCMk4L/subsecond-completed.jpg, timestamp: 2026-06-09 02:50:00.867920, function: null, file: null}
Log registered: {message: Auto-upload is disabled. Media added to queue but not uploaded., timestamp: 2026-06-09 02:50:00.868184, function: null, file: null}
Log registered: {message: Manual upload initiated., timestamp: 2026-06-09 02:50:00.868238, function: null, file: null}
Log registered: {message: UploaderService: _startUploading called. _isUploading=false, queue length=1, timestamp: 2026-06-09 02:50:00.868287, function: null, file: null}
Log registered: {message: UploaderService: _processNextItem called. Queue length=1, timestamp: 2026-06-09 02:50:00.868333, function: null, file: null}
Log registered: {message: UploaderService: sessionGuid=subsecond-estimate-guid, timestamp: 2026-06-09 02:50:00.868395, function: null, file: null}
Log registered: {message: Get token, timestamp: 2026-06-09 02:50:00.868793, function: null, file: null}
Log registered: {message: Media uploaded successfully, timestamp: 2026-06-09 02:50:00.870547, function: null, file: null}
Log registered: {message: Media uploaded: /var/folders/6s/dp27g8gn26j9mp36sjfxb9tw0000gn/T/hydracam_uploader_testqCMk4L/subsecond-completed.jpg, timestamp: 2026-06-09 02:50:00.870700, function: null, file: null}
Log registered: {message: Session metadata saved to /var/folders/6s/dp27g8gn26j9mp36sjfxb9tw0000gn/T/uploader_service_docsMrfecI/session_subsecond-estimate-guid/metadata.json, timestamp: 2026-06-09 02:50:00.871542, function: null, file: null}
Log registered: {message: [UploaderService] Queue is empty. Returning zero duration., timestamp: 2026-06-09 02:50:00.871671, function: null, file: null}
Log registered: {message: UploaderService: _processNextItem called. Queue length=0, timestamp: 2026-06-09 02:50:00.871724, function: null, file: null}
Log registered: {message: UploaderService: Queue is empty. Uploading stopped., timestamp: 2026-06-09 02:50:00.871775, function: null, file: null}
Log registered: {message: [UploaderService] Total bytes uploaded: 100, timestamp: 2026-06-09 02:50:00.871910, function: null, file: null}
Log registered: {message: [UploaderService] Total upload duration: 0 seconds, timestamp: 2026-06-09 02:50:00.871957, function: null, file: null}
Log registered: {message: [UploaderService] Average speed: 200.0 bytes/second, timestamp: 2026-06-09 02:50:00.872002, function: null, file: null}
Log registered: {message: [UploaderService] Remaining bytes to upload: 200, timestamp: 2026-06-09 02:50:00.872043, function: null, file: null}
Log registered: {message: [UploaderService] Estimated time: 1.0 seconds, timestamp: 2026-06-09 02:50:00.872081, function: null, file: null}
Log registered: {message: Media added to upload queue: /var/folders/6s/dp27g8gn26j9mp36sjfxb9tw0000gn/T/hydracam_uploader_testqCMk4L/subsecond-pending.jpg, timestamp: 2026-06-09 02:50:00.872120, function: null, file: null}
Log registered: {message: Auto-upload is disabled. Media added to queue but not uploaded., timestamp: 2026-06-09 02:50:00.872186, function: null, file: null}
Log registered: {message: [UploaderService] Total bytes uploaded: 100, timestamp: 2026-06-09 02:50:00.872228, function: null, file: null}
Log registered: {message: [UploaderService] Total upload duration: 0 seconds, timestamp: 2026-06-09 02:50:00.872265, function: null, file: null}
Log registered: {message: [UploaderService] Average speed: 200.0 bytes/second, timestamp: 2026-06-09 02:50:00.872301, function: null, file: null}
Log registered: {message: [UploaderService] Remaining bytes to upload: 200, timestamp: 2026-06-09 02:50:00.872336, function: null, file: null}
Log registered: {message: [UploaderService] Estimated time: 1.0 seconds, timestamp: 2026-06-09 02:50:00.872372, function: null, file: null}
Log registered: {message: Session metadata saved to /var/folders/6s/dp27g8gn26j9mp36sjfxb9tw0000gn/T/uploader_service_docsMrfecI/session_subsecond-estimate-guid/metadata.json, timestamp: 2026-06-09 02:50:00.873388, function: null, file: null}
Log registered: {message: UploaderService: Resetting upload queue and state., timestamp: 2026-06-09 02:50:00.873489, function: null, file: null}
Log registered: {message: UploaderService: Reset completed., timestamp: 2026-06-09 02:50:00.873547, function: null, file: null}
Log registered: {message: Session ended and uploader reset., timestamp: 2026-06-09 02:50:00.873584, function: null, file: null}
Log registered: {message: UploaderService: Resetting upload queue and state., timestamp: 2026-06-09 02:50:00.873623, function: null, file: null}
Log registered: {message: UploaderService: Reset completed., timestamp: 2026-06-09 02:50:00.873658, function: null, file: null}
00:06 +195 ~1 -1: /Users/jose/src/work/hydracamv2/test/services/uploader_service_test.dart: reset ignores stale in-flight upload completion
Log registered: {message: UploaderService: Resetting upload queue and state., timestamp: 2026-06-09 02:50:00.874727, function: null, file: null}
Log registered: {message: UploaderService: Reset completed., timestamp: 2026-06-09 02:50:00.874781, function: null, file: null}
Log registered: {message: UploaderService: Resetting upload queue and state., timestamp: 2026-06-09 02:50:00.877776, function: null, file: null}
Log registered: {message: UploaderService: Reset completed., timestamp: 2026-06-09 02:50:00.877914, function: null, file: null}
Log registered: {message: Session started with GUID: uploader-test-guid on device type: Master, timestamp: 2026-06-09 02:50:00.877982, function: null, file: null}
Log registered: {message: UploaderService: Resetting upload queue and state., timestamp: 2026-06-09 02:50:00.878336, function: null, file: null}
Log registered: {message: UploaderService: Reset completed., timestamp: 2026-06-09 02:50:00.878389, function: null, file: null}
Log registered: {message: Session started with GUID: old-session-guid on device type: Master, timestamp: 2026-06-09 02:50:00.878430, function: null, file: null}
Log registered: {message: [UploaderService] No uploaded media with valid durations. Returning zero duration., timestamp: 2026-06-09 02:50:00.878650, function: null, file: null}
Log registered: {message: Media added to upload queue: /var/folders/6s/dp27g8gn26j9mp36sjfxb9tw0000gn/T/hydracam_uploader_test6zS3Le/inflight.jpg, timestamp: 2026-06-09 02:50:00.878691, function: null, file: null}
Log registered: {message: Auto-upload is disabled. Media added to queue but not uploaded., timestamp: 2026-06-09 02:50:00.878806, function: null, file: null}
Log registered: {message: Manual upload initiated., timestamp: 2026-06-09 02:50:00.878851, function: null, file: null}
Log registered: {message: UploaderService: _startUploading called. _isUploading=false, queue length=1, timestamp: 2026-06-09 02:50:00.878889, function: null, file: null}
Log registered: {message: UploaderService: _processNextItem called. Queue length=1, timestamp: 2026-06-09 02:50:00.878926, function: null, file: null}
Log registered: {message: UploaderService: sessionGuid=old-session-guid, timestamp: 2026-06-09 02:50:00.878964, function: null, file: null}
Log registered: {message: Get token, timestamp: 2026-06-09 02:50:00.879783, function: null, file: null}
Log registered: {message: UploaderService: Resetting upload queue and state., timestamp: 2026-06-09 02:50:00.880493, function: null, file: null}
Log registered: {message: UploaderService: Reset completed., timestamp: 2026-06-09 02:50:00.880572, function: null, file: null}
Log registered: {message: UploaderService: Resetting upload queue and state., timestamp: 2026-06-09 02:50:00.880635, function: null, file: null}
Log registered: {message: UploaderService: Reset completed., timestamp: 2026-06-09 02:50:00.880674, function: null, file: null}
Log registered: {message: Session started with GUID: new-session-guid on device type: Master, timestamp: 2026-06-09 02:50:00.880709, function: null, file: null}
Log registered: {message: Media uploaded successfully, timestamp: 2026-06-09 02:50:00.882085, function: null, file: null}
Log registered: {message: Ignoring stale upload completion after uploader reset or cancellation: /var/folders/6s/dp27g8gn26j9mp36sjfxb9tw0000gn/T/hydracam_uploader_test6zS3Le/inflight.jpg, timestamp: 2026-06-09 02:50:00.882184, function: null, file: null}
Log registered: {message: Session metadata saved to /var/folders/6s/dp27g8gn26j9mp36sjfxb9tw0000gn/T/uploader_service_docsMrfecI/session_new-session-guid/metadata.json, timestamp: 2026-06-09 02:50:00.883405, function: null, file: null}
Log registered: {message: UploaderService: Resetting upload queue and state., timestamp: 2026-06-09 02:50:00.883517, function: null, file: null}
Log registered: {message: UploaderService: Reset completed., timestamp: 2026-06-09 02:50:00.883566, function: null, file: null}
Log registered: {message: Session ended and uploader reset., timestamp: 2026-06-09 02:50:00.883606, function: null, file: null}
Log registered: {message: UploaderService: Resetting upload queue and state., timestamp: 2026-06-09 02:50:00.883646, function: null, file: null}
Log registered: {message: UploaderService: Reset completed., timestamp: 2026-06-09 02:50:00.883682, function: null, file: null}
00:06 +196 ~1 -1: /Users/jose/src/work/hydracamv2/test/services/uploader_service_test.dart: cancelCurrentUpload clears active upload and ignores late completion
Log registered: {message: UploaderService: Resetting upload queue and state., timestamp: 2026-06-09 02:50:00.887293, function: null, file: null}
Log registered: {message: UploaderService: Reset completed., timestamp: 2026-06-09 02:50:00.887354, function: null, file: null}
Log registered: {message: UploaderService: Resetting upload queue and state., timestamp: 2026-06-09 02:50:00.888806, function: null, file: null}
Log registered: {message: UploaderService: Reset completed., timestamp: 2026-06-09 02:50:00.888920, function: null, file: null}
Log registered: {message: Session started with GUID: uploader-test-guid on device type: Master, timestamp: 2026-06-09 02:50:00.888991, function: null, file: null}
Log registered: {message: UploaderService: Resetting upload queue and state., timestamp: 2026-06-09 02:50:00.889401, function: null, file: null}
Log registered: {message: UploaderService: Reset completed., timestamp: 2026-06-09 02:50:00.889462, function: null, file: null}
Log registered: {message: Session started with GUID: cancel-session-guid on device type: Master, timestamp: 2026-06-09 02:50:00.889508, function: null, file: null}
Log registered: {message: [UploaderService] No uploaded media with valid durations. Returning zero duration., timestamp: 2026-06-09 02:50:00.889730, function: null, file: null}
Log registered: {message: Media added to upload queue: /var/folders/6s/dp27g8gn26j9mp36sjfxb9tw0000gn/T/hydracam_uploader_testfZxP6f/cancel-inflight.jpg, timestamp: 2026-06-09 02:50:00.889774, function: null, file: null}
Log registered: {message: Auto-upload is disabled. Media added to queue but not uploaded., timestamp: 2026-06-09 02:50:00.889880, function: null, file: null}
Log registered: {message: Manual upload initiated., timestamp: 2026-06-09 02:50:00.889921, function: null, file: null}
Log registered: {message: UploaderService: _startUploading called. _isUploading=false, queue length=1, timestamp: 2026-06-09 02:50:00.889960, function: null, file: null}
Log registered: {message: UploaderService: _processNextItem called. Queue length=1, timestamp: 2026-06-09 02:50:00.889995, function: null, file: null}
Log registered: {message: UploaderService: sessionGuid=cancel-session-guid, timestamp: 2026-06-09 02:50:00.890033, function: null, file: null}
Log registered: {message: Get token, timestamp: 2026-06-09 02:50:00.890604, function: null, file: null}
Log registered: {message: Cancelled in-flight API requests., timestamp: 2026-06-09 02:50:00.891344, function: null, file: null}
Log registered: {message: [UploaderService] Queue is empty. Returning zero duration., timestamp: 2026-06-09 02:50:00.891487, function: null, file: null}
Log registered: {message: Cancelled active upload: /var/folders/6s/dp27g8gn26j9mp36sjfxb9tw0000gn/T/hydracam_uploader_testfZxP6f/cancel-inflight.jpg, timestamp: 2026-06-09 02:50:00.891631, function: null, file: null}
Log registered: {message: Media uploaded successfully, timestamp: 2026-06-09 02:50:00.892971, function: null, file: null}
Log registered: {message: Ignoring stale upload completion after uploader reset or cancellation: /var/folders/6s/dp27g8gn26j9mp36sjfxb9tw0000gn/T/hydracam_uploader_testfZxP6f/cancel-inflight.jpg, timestamp: 2026-06-09 02:50:00.893043, function: null, file: null}
Log registered: {message: Session metadata saved to /var/folders/6s/dp27g8gn26j9mp36sjfxb9tw0000gn/T/uploader_service_docsMrfecI/session_cancel-session-guid/metadata.json, timestamp: 2026-06-09 02:50:00.894218, function: null, file: null}
Log registered: {message: UploaderService: Resetting upload queue and state., timestamp: 2026-06-09 02:50:00.894327, function: null, file: null}
Log registered: {message: UploaderService: Reset completed., timestamp: 2026-06-09 02:50:00.894400, function: null, file: null}
Log registered: {message: Session ended and uploader reset., timestamp: 2026-06-09 02:50:00.894474, function: null, file: null}
Log registered: {message: UploaderService: Resetting upload queue and state., timestamp: 2026-06-09 02:50:00.894632, function: null, file: null}
Log registered: {message: UploaderService: Reset completed., timestamp: 2026-06-09 02:50:00.894708, function: null, file: null}
00:06 +197 ~1 -1: /Users/jose/src/work/hydracamv2/test/services/uploader_service_test.dart: cancelCurrentUpload closes the active HTTP client
Log registered: {message: UploaderService: Resetting upload queue and state., timestamp: 2026-06-09 02:50:00.895909, function: null, file: null}
Log registered: {message: UploaderService: Reset completed., timestamp: 2026-06-09 02:50:00.895966, function: null, file: null}
Log registered: {message: UploaderService: Resetting upload queue and state., timestamp: 2026-06-09 02:50:00.896151, function: null, file: null}
Log registered: {message: UploaderService: Reset completed., timestamp: 2026-06-09 02:50:00.896206, function: null, file: null}
Log registered: {message: Session started with GUID: uploader-test-guid on device type: Master, timestamp: 2026-06-09 02:50:00.896252, function: null, file: null}
Log registered: {message: UploaderService: Resetting upload queue and state., timestamp: 2026-06-09 02:50:00.896700, function: null, file: null}
Log registered: {message: UploaderService: Reset completed., timestamp: 2026-06-09 02:50:00.896838, function: null, file: null}
Log registered: {message: Session started with GUID: cancel-http-session-guid on device type: Master, timestamp: 2026-06-09 02:50:00.896934, function: null, file: null}
Log registered: {message: [UploaderService] No uploaded media with valid durations. Returning zero duration., timestamp: 2026-06-09 02:50:00.897221, function: null, file: null}
Log registered: {message: Media added to upload queue: /var/folders/6s/dp27g8gn26j9mp36sjfxb9tw0000gn/T/hydracam_uploader_testKBeVFR/cancel-http.jpg, timestamp: 2026-06-09 02:50:00.897283, function: null, file: null}
Log registered: {message: Auto-upload is disabled. Media added to queue but not uploaded., timestamp: 2026-06-09 02:50:00.897479, function: null, file: null}
Log registered: {message: Manual upload initiated., timestamp: 2026-06-09 02:50:00.897534, function: null, file: null}
Log registered: {message: UploaderService: _startUploading called. _isUploading=false, queue length=1, timestamp: 2026-06-09 02:50:00.897581, function: null, file: null}
Log registered: {message: UploaderService: _processNextItem called. Queue length=1, timestamp: 2026-06-09 02:50:00.897623, function: null, file: null}
Log registered: {message: UploaderService: sessionGuid=cancel-http-session-guid, timestamp: 2026-06-09 02:50:00.897697, function: null, file: null}
Log registered: {message: Get token, timestamp: 2026-06-09 02:50:00.898147, function: null, file: null}
Log registered: {message: Cancelled in-flight API requests., timestamp: 2026-06-09 02:50:00.898807, function: null, file: null}
Log registered: {message: [UploaderService] Queue is empty. Returning zero duration., timestamp: 2026-06-09 02:50:00.898899, function: null, file: null}
Log registered: {message: Cancelled active upload: /var/folders/6s/dp27g8gn26j9mp36sjfxb9tw0000gn/T/hydracam_uploader_testKBeVFR/cancel-http.jpg, timestamp: 2026-06-09 02:50:00.898954, function: null, file: null}
Log registered: {message: Media uploaded successfully, timestamp: 2026-06-09 02:50:00.900278, function: null, file: null}
Log registered: {message: Ignoring stale upload completion after uploader reset or cancellation: /var/folders/6s/dp27g8gn26j9mp36sjfxb9tw0000gn/T/hydracam_uploader_testKBeVFR/cancel-http.jpg, timestamp: 2026-06-09 02:50:00.900393, function: null, file: null}
Log registered: {message: Session metadata saved to /var/folders/6s/dp27g8gn26j9mp36sjfxb9tw0000gn/T/uploader_service_docsMrfecI/session_cancel-http-session-guid/metadata.json, timestamp: 2026-06-09 02:50:00.901931, function: null, file: null}
Log registered: {message: UploaderService: Resetting upload queue and state., timestamp: 2026-06-09 02:50:00.902067, function: null, file: null}
Log registered: {message: UploaderService: Reset completed., timestamp: 2026-06-09 02:50:00.902120, function: null, file: null}
Log registered: {message: Session ended and uploader reset., timestamp: 2026-06-09 02:50:00.902167, function: null, file: null}
Log registered: {message: UploaderService: Resetting upload queue and state., timestamp: 2026-06-09 02:50:00.902208, function: null, file: null}
Log registered: {message: UploaderService: Reset completed., timestamp: 2026-06-09 02:50:00.902246, function: null, file: null}
00:06 +198 ~1 -1: /Users/jose/src/work/hydracamv2/test/services/uploader_service_test.dart: (tearDownAll)
00:06 +198 ~1 -1: /Users/jose/src/work/hydracamv2/test/services/network_info_service_test.dart: Network type labels describes Wi-Fi with unavailable SSID explicitly
00:06 +199 ~1 -1: /Users/jose/src/work/hydracamv2/test/services/auth0_service_test.dart: Auth0 login requests refresh-capable scopes
00:06 +200 ~1 -1: /Users/jose/src/work/hydracamv2/test/services/auth0_service_test.dart: Auth0 login requests refresh-capable scopes
00:06 +201 ~1 -1: /Users/jose/src/work/hydracamv2/test/services/auth0_service_test.dart: Auth0 login requests refresh-capable scopes
00:06 +202 ~1 -1: /Users/jose/src/work/hydracamv2/test/services/auth0_service_test.dart: Auth0 login requests refresh-capable scopes
00:06 +203 ~1 -1: /Users/jose/src/work/hydracamv2/test/services/auth0_service_test.dart: Auth0 login requests refresh-capable scopes
00:06 +204 ~1 -1: /Users/jose/src/work/hydracamv2/test/services/auth0_service_test.dart: Auth0 login persists returned credentials through secure store
Log registered: {message: Profile set: https://example.com/player.png, timestamp: 2026-06-09 02:50:01.182584, function: login, file: auth0_service.dart}
00:06 +205 ~1 -1: /Users/jose/src/work/hydracamv2/test/services/auth0_service_test.dart: Auth0 startup restore uses valid stored credentials
00:06 +205 ~1 -1: /Users/jose/src/work/hydracamv2/test/services/auth0_service_test.dart: Auth0 login persists returned credentials through secure store
Trace file unavailable: MissingPluginException(No implementation found for method getApplicationDocumentsDirectory on channel plugins.flutter.io/path_provider)
00:06 +205 ~1 -1: /Users/jose/src/work/hydracamv2/test/services/auth0_service_test.dart: Auth0 startup restore uses valid stored credentials
Log registered: {message: Restored Auth0 session from secure store., timestamp: 2026-06-09 02:50:01.190814, function: restoreStoredSession, file: auth0_service.dart}
00:06 +206 ~1 -1: /Users/jose/src/work/hydracamv2/test/services/auth0_service_test.dart: Auth0 startup restore refreshes expired credentials
Log registered: {message: Refreshed Auth0 session from secure store., timestamp: 2026-06-09 02:50:01.195716, function: restoreStoredSession, file: auth0_service.dart}
00:06 +207 ~1 -1: /Users/jose/src/work/hydracamv2/test/services/auth0_service_test.dart: Auth0 startup restore rejects expired stored credentials
00:06 +208 ~1 -1: /Users/jose/src/work/hydracamv2/test/services/auth0_service_test.dart: Auth0 logout clears secure credentials and browser session
Log registered: {message: Profile set: https://example.com/logout.png, timestamp: 2026-06-09 02:50:01.198571, function: login, file: auth0_service.dart}
Log registered: {message: Cleared Auth0 session., timestamp: 2026-06-09 02:50:01.199006, function: logout, file: auth0_service.dart}
00:06 +209 ~1 -1: /Users/jose/src/work/hydracamv2/test/services/camera_capture_settings_test.dart: VideoCaptureProfile maps sport 1080p60 to a 1080p target at 60 fps
00:06 +210 ~1 -1: /Users/jose/src/work/hydracamv2/test/services/camera_capture_settings_test.dart: VideoCaptureProfile maps 4K profiles to ultraHigh with expected frame rates
00:06 +211 ~1 -1: /Users/jose/src/work/hydracamv2/test/services/camera_capture_settings_test.dart: LensPreference labels iPhone ultra-wide as 0.5x
00:06 +212 ~1 -1: /Users/jose/src/work/hydracamv2/test/services/camera_capture_settings_test.dart: LensPreference labels Android back cameras by camera id when lens type is unknown
00:06 +213 ~1 -1: /Users/jose/src/work/hydracamv2/test/services/permission_service_test.dart: (setUpAll)
00:06 +213 ~1 -1: /Users/jose/src/work/hydracamv2/test/services/permission_service_test.dart: requestAllPermissions skips unsupported macOS permission handler
Log registered: {message: Skipping permission_handler startup request on macOS; native platform APIs will request resource access on demand., timestamp: 2026-06-09 02:50:01.256188, function: requestAllPermissions, file: PermissionService}
00:06 +214 ~1 -1: /Users/jose/src/work/hydracamv2/test/services/permission_service_test.dart: requestAllPermissions skips unsupported Linux permission handler
Log registered: {message: Skipping permission_handler startup request on linux; native platform APIs will request resource access on demand., timestamp: 2026-06-09 02:50:01.266264, function: requestAllPermissions, file: PermissionService}
00:06 +215 ~1 -1: /Users/jose/src/work/hydracamv2/test/services/permission_service_test.dart: requestAllPermissions requests location immediately on Android
Log registered: {message: Permission request completed.
Granted: [Permission.camera, Permission.microphone, Permission.locationWhenInUse]
Denied: [], timestamp: 2026-06-09 02:50:01.270963, function: requestAllPermissions, file: PermissionService}
00:06 +216 ~1 -1: /Users/jose/src/work/hydracamv2/test/services/permission_service_test.dart: openAppSettings skips unsupported macOS permission handler
Log registered: {message: Skipping permission_handler openAppSettings on macOS., timestamp: 2026-06-09 02:50:01.276948, function: openAppSettings, file: PermissionService}
00:06 +217 ~1 -1: /Users/jose/src/work/hydracamv2/test/services/permission_service_test.dart: openAppSettings skips unsupported Linux permission handler
Log registered: {message: Skipping permission_handler openAppSettings on linux., timestamp: 2026-06-09 02:50:01.283177, function: openAppSettings, file: PermissionService}
00:06 +218 ~1 -1: /Users/jose/src/work/hydracamv2/test/services/permission_service_test.dart: (tearDownAll)
00:06 +218 ~1 -1: /Users/jose/src/work/hydracamv2/test/widgets/camera_level_overlay_test.dart: shows green guidance for level devices
00:07 +219 ~1 -1: /Users/jose/src/work/hydracamv2/test/widgets/camera_setup_preview_screen_test.dart: renders perspective selector and level overlay
00:07 +220 ~1 -1: /Users/jose/src/work/hydracamv2/test/widgets/camera_setup_preview_screen_test.dart: renders perspective selector and level overlay
00:07 +221 ~1 -1: /Users/jose/src/work/hydracamv2/test/widgets/camera_setup_preview_screen_test.dart: renders perspective selector and level overlay
00:07 +222 ~1 -1: /Users/jose/src/work/hydracamv2/test/widgets/media_list_widget_test.dart: media list distinguishes failed uploads from pending uploads
00:07 +223 ~1 -1: /Users/jose/src/work/hydracamv2/test/widgets/media_list_widget_test.dart: media list distinguishes failed uploads from pending uploads
Log registered: {message: UploaderService: Resetting upload queue and state., timestamp: 2026-06-09 02:50:02.004959, function: null, file: null}
Log registered: {message: UploaderService: Reset completed., timestamp: 2026-06-09 02:50:02.006725, function: null, file: null}
00:07 +224 ~1 -1: /Users/jose/src/work/hydracamv2/test/widgets/session_info_widget_test.dart: does not reload network info during parent rebuilds
00:07 +224 ~1 -1: /Users/jose/src/work/hydracamv2/test/widgets/media_list_widget_test.dart: upload state is presented as a labeled status indicator
Log registered: {message: UploaderService: Resetting upload queue and state., timestamp: 2026-06-09 02:50:02.038393, function: null, file: null}
Log registered: {message: UploaderService: Reset completed., timestamp: 2026-06-09 02:50:02.038604, function: null, file: null}
00:07 +225 ~1 -1: /Users/jose/src/work/hydracamv2/test/widgets/session_info_widget_test.dart: does not reload network info during parent rebuilds
00:07 +225 ~1 -1: /Users/jose/src/work/hydracamv2/test/widgets/media_list_widget_test.dart: media list distinguishes failed uploads from pending uploads
Trace file unavailable: MissingPluginException(No implementation found for method getApplicationDocumentsDirectory on channel plugins.flutter.io/path_provider)
00:07 +225 ~1 -1: /Users/jose/src/work/hydracamv2/test/widgets/media_list_widget_test.dart: current upload progress includes uploaded and total bytes
Log registered: {message: UploaderService: Resetting upload queue and state., timestamp: 2026-06-09 02:50:02.064607, function: null, file: null}
Log registered: {message: UploaderService: Reset completed., timestamp: 2026-06-09 02:50:02.064795, function: null, file: null}
00:07 +226 ~1 -1: /Users/jose/src/work/hydracamv2/test/widgets/session_info_widget_test.dart: does not reload network info during parent rebuilds
00:07 +226 ~1 -1: /Users/jose/src/work/hydracamv2/test/widgets/media_list_widget_test.dart: current upload progress includes estimated time remaining
Log registered: {message: UploaderService: Resetting upload queue and state., timestamp: 2026-06-09 02:50:02.085432, function: null, file: null}
Log registered: {message: UploaderService: Reset completed., timestamp: 2026-06-09 02:50:02.085664, function: null, file: null}
00:07 +227 ~1 -1: /Users/jose/src/work/hydracamv2/test/widgets/session_info_widget_test.dart: does not reload network info during parent rebuilds
00:07 +228 ~1 -1: /Users/jose/src/work/hydracamv2/test/widgets/media_filter_dialog_test.dart: browse all returns unconstrained media filters
00:07 +229 ~1 -1: /Users/jose/src/work/hydracamv2/test/widgets/media_filter_dialog_test.dart: browse all returns unconstrained media filters
00:07 +229 ~1 -1: /Users/jose/src/work/hydracamv2/test/widgets/media_list_widget_test.dart: upload actions distinguish retry from queue upload
Log registered: {message: UploaderService: Resetting upload queue and state., timestamp: 2026-06-09 02:50:02.192097, function: null, file: null}
Log registered: {message: UploaderService: Reset completed., timestamp: 2026-06-09 02:50:02.192300, function: null, file: null}
00:07 +230 ~1 -1: /Users/jose/src/work/hydracamv2/test/widgets/media_filter_dialog_test.dart: browse all returns unconstrained media filters
00:07 +231 ~1 -1: /Users/jose/src/work/hydracamv2/test/widgets/media_filter_dialog_test.dart: browse all returns unconstrained media filters
00:07 +231 ~1 -1: /Users/jose/src/work/hydracamv2/test/widgets/media_list_widget_test.dart: pending upload can be cancelled from the media row
Log registered: {message: UploaderService: Resetting upload queue and state., timestamp: 2026-06-09 02:50:02.225381, function: null, file: null}
Log registered: {message: UploaderService: Reset completed., timestamp: 2026-06-09 02:50:02.225598, function: null, file: null}
00:07 +232 ~1 -1: /Users/jose/src/work/hydracamv2/test/widgets/media_filter_dialog_test.dart: browse all returns unconstrained media filters
00:07 +232 ~1 -1: /Users/jose/src/work/hydracamv2/test/widgets/media_list_widget_test.dart: current upload can be cancelled from the media row
Log registered: {message: UploaderService: Resetting upload queue and state., timestamp: 2026-06-09 02:50:02.250670, function: null, file: null}
Log registered: {message: UploaderService: Reset completed., timestamp: 2026-06-09 02:50:02.250878, function: null, file: null}
00:07 +233 ~1 -1: /Users/jose/src/work/hydracamv2/test/widgets/media_filter_dialog_test.dart: browse all returns unconstrained media filters
00:07 +234 ~1 -1: /Users/jose/src/work/hydracamv2/test/widgets/media_filter_dialog_test.dart: browse all returns unconstrained media filters
00:08 +235 ~1 -1: Some tests failed.

Failing tests:
  /Users/jose/src/work/hydracamv2/test/slave/slave_client_registration_test.dart: startUploadingAll command starts pending upload queue

[stderr]
The following plugins do not support Swift Package Manager for ios:
  - photo_manager
  - permission_handler_apple
  - disk_space_plus
This will become an error in a future version of Flutter. Please contact the plugin maintainers to request Swift Package Manager adoption.
The following plugins do not support Swift Package Manager for macos:
  - photo_manager
This will become an error in a future version of Flutter. Please contact the plugin maintainers to request Swift Package Manager adoption.
[exit-code] 1

$ flutter test test/slave/slave_client_registration_test.dart
00:00 +0: loading /Users/jose/src/work/hydracamv2/test/slave/slave_client_registration_test.dart
00:00 +0: slave registers before waiting for network payload
Log registered: {message: Retrieved existing Device ID: test-device, timestamp: 2026-06-09 02:50:53.864019, function: null, file: null}
Log registered: {message: Attempting to connect to master WebSocket at ws://127.0.0.1:62848/ws with Device ID: test-device, timestamp: 2026-06-09 02:50:53.866011, function: null, file: null}
Log registered: {message: Connected to WebSocket at ws://127.0.0.1:62848/ws, timestamp: 2026-06-09 02:50:53.867716, function: null, file: null}
Trace file unavailable: MissingPluginException(No implementation found for method getApplicationDocumentsDirectory on channel plugins.flutter.io/path_provider)
Log registered: {message: Connection closed, timestamp: 2026-06-09 02:50:53.885663, function: null, file: null}
00:00 +1: slave heartbeat includes camera setup status when available
Log registered: {message: Retrieved existing Device ID: test-device, timestamp: 2026-06-09 02:50:53.892936, function: null, file: null}
Log registered: {message: Attempting to connect to master WebSocket at ws://127.0.0.1:62850/ws with Device ID: test-device, timestamp: 2026-06-09 02:50:53.893093, function: null, file: null}
Log registered: {message: Connected to WebSocket at ws://127.0.0.1:62850/ws, timestamp: 2026-06-09 02:50:53.893457, function: null, file: null}
Log registered: {message: Connection closed, timestamp: 2026-06-09 02:50:53.897345, function: null, file: null}
00:00 +2: slave heartbeat reports active session guid
Log registered: {message: UploaderService: Resetting upload queue and state., timestamp: 2026-06-09 02:50:53.902843, function: null, file: null}
Log registered: {message: UploaderService: Reset completed., timestamp: 2026-06-09 02:50:53.903201, function: null, file: null}
Log registered: {message: Session started with GUID: slave-session-guid on device type: Slave, timestamp: 2026-06-09 02:50:53.903464, function: null, file: null}
Log registered: {message: Retrieved existing Device ID: test-device, timestamp: 2026-06-09 02:50:53.903920, function: null, file: null}
Log registered: {message: Attempting to connect to master WebSocket at ws://127.0.0.1:62852/ws with Device ID: test-device, timestamp: 2026-06-09 02:50:53.904002, function: null, file: null}
Log registered: {message: Connected to WebSocket at ws://127.0.0.1:62852/ws, timestamp: 2026-06-09 02:50:53.904308, function: null, file: null}
Log registered: {message: Connection closed, timestamp: 2026-06-09 02:50:53.907892, function: null, file: null}
Log registered: {message: Error saving session metadata: MissingPluginException(No implementation found for method getApplicationDocumentsDirectory on channel plugins.flutter.io/path_provider), timestamp: 2026-06-09 02:50:53.909817, function: null, file: null}
Log registered: {message: UploaderService: Resetting upload queue and state., timestamp: 2026-06-09 02:50:53.909958, function: null, file: null}
Log registered: {message: UploaderService: Reset completed., timestamp: 2026-06-09 02:50:53.910019, function: null, file: null}
Log registered: {message: Session ended and uploader reset., timestamp: 2026-06-09 02:50:53.910072, function: null, file: null}
00:00 +3: auto-record starts recording when sessionStarted arrives
Log registered: {message: Retrieved existing Device ID: test-device, timestamp: 2026-06-09 02:50:53.913293, function: null, file: null}
Log registered: {message: Attempting to connect to master WebSocket at ws://127.0.0.1:62855/ws with Device ID: test-device, timestamp: 2026-06-09 02:50:53.913423, function: null, file: null}
Log registered: {message: Connected to WebSocket at ws://127.0.0.1:62855/ws, timestamp: 2026-06-09 02:50:53.913793, function: null, file: null}
Log registered: {message: Command received from master: {"command":"sessionStarted","sessionGuid":"auto-record-session"}, timestamp: 2026-06-09 02:50:53.917373, function: null, file: null}
Log registered: {message: Command: {"command":"sessionStarted","sessionGuid":"auto-record-session"}, timestamp: 2026-06-09 02:50:53.918067, function: null, file: null}
Log registered: {message: Session guid: auto-record-session, timestamp: 2026-06-09 02:50:53.918170, function: null, file: null}
Log registered: {message: UploaderService: Resetting upload queue and state., timestamp: 2026-06-09 02:50:53.918440, function: null, file: null}
Log registered: {message: UploaderService: Reset completed., timestamp: 2026-06-09 02:50:53.918514, function: null, file: null}
Log registered: {message: Session started with GUID: auto-record-session on device type: Slave, timestamp: 2026-06-09 02:50:53.918595, function: null, file: null}
Log registered: {message: Get token, timestamp: 2026-06-09 02:50:53.919231, function: null, file: null}
Log registered: {message: Fetch token, timestamp: 2026-06-09 02:50:53.919544, function: null, file: null}
Log registered: {message: Auto-record starting recording for active session auto-record-session., timestamp: 2026-06-09 02:50:53.925066, function: null, file: null}
Log registered: {message: Starting video recording, timestamp: 2026-06-09 02:50:53.925602, function: null, file: null}
Log registered: {message: Mock camera ready for native controller mode on macOS., timestamp: 2026-06-09 02:50:53.926084, function: null, file: null}
Log registered: {message: Retrieved existing Device ID: test-device, timestamp: 2026-06-09 02:50:53.928782, function: null, file: null}
Log registered: {message: Mock video recording started for native controller mode., timestamp: 2026-06-09 02:50:53.929169, function: null, file: null}
Log registered: {message: Failed to fetch M2M token: , timestamp: 2026-06-09 02:50:53.929880, function: null, file: null}
Log registered: {message: Error on POST device/ReadyToTransmit: Exception: Failed to retrieve M2M token, timestamp: 2026-06-09 02:50:53.930090, function: null, file: null}
Log registered: {message: Failed to notify server: No response, timestamp: 2026-06-09 02:50:53.930167, function: null, file: null}
Log registered: {message: Connection closed, timestamp: 2026-06-09 02:50:53.930289, function: null, file: null}
Log registered: {message: Mock video saved to session path: /var/folders/6s/dp27g8gn26j9mp36sjfxb9tw0000gn/T/slave_client_docsIhWUWq/session_auto-record-session/mock_1_2026-06-09T02-50-53-931276.mp4, timestamp: 2026-06-09 02:50:53.937269, function: null, file: null}
Log registered: {message: Session metadata saved to /var/folders/6s/dp27g8gn26j9mp36sjfxb9tw0000gn/T/slave_client_docsIhWUWq/session_auto-record-session/metadata.json, timestamp: 2026-06-09 02:50:53.938091, function: null, file: null}
Log registered: {message: UploaderService: Resetting upload queue and state., timestamp: 2026-06-09 02:50:53.938198, function: null, file: null}
Log registered: {message: UploaderService: Reset completed., timestamp: 2026-06-09 02:50:53.938582, function: null, file: null}
Log registered: {message: Session ended and uploader reset., timestamp: 2026-06-09 02:50:53.938676, function: null, file: null}
00:00 +4: startUploadingAll command starts pending upload queue
Log registered: {message: UploaderService: Resetting upload queue and state., timestamp: 2026-06-09 02:50:53.940975, function: null, file: null}
Log registered: {message: UploaderService: Reset completed., timestamp: 2026-06-09 02:50:53.941056, function: null, file: null}
Log registered: {message: UploaderService: Resetting upload queue and state., timestamp: 2026-06-09 02:50:53.941145, function: null, file: null}
Log registered: {message: UploaderService: Reset completed., timestamp: 2026-06-09 02:50:53.941195, function: null, file: null}
Log registered: {message: Session started with GUID: backend-upload-session on device type: Slave, timestamp: 2026-06-09 02:50:53.941253, function: null, file: null}
Log registered: {message: [UploaderService] No uploaded media with valid durations. Returning zero duration., timestamp: 2026-06-09 02:50:53.943041, function: null, file: null}
Log registered: {message: Media added to upload queue: /var/folders/6s/dp27g8gn26j9mp36sjfxb9tw0000gn/T/slave_upload_commandDwuEVv/queued-photo.jpg, timestamp: 2026-06-09 02:50:53.943184, function: null, file: null}
Log registered: {message: Auto-upload is disabled. Media added to queue but not uploaded., timestamp: 2026-06-09 02:50:53.943459, function: null, file: null}
Log registered: {message: Retrieved existing Device ID: test-device, timestamp: 2026-06-09 02:50:53.943891, function: null, file: null}
Log registered: {message: Attempting to connect to master WebSocket at ws://127.0.0.1:62857/ws with Device ID: test-device, timestamp: 2026-06-09 02:50:53.943953, function: null, file: null}
Log registered: {message: Connected to WebSocket at ws://127.0.0.1:62857/ws, timestamp: 2026-06-09 02:50:53.944275, function: null, file: null}
Log registered: {message: Command received from master: {"command":"startUploadingAll"}, timestamp: 2026-06-09 02:50:53.947518, function: null, file: null}
Log registered: {message: Start-upload-all command received from master., timestamp: 2026-06-09 02:50:53.947776, function: null, file: null}
Log registered: {message: Manual upload initiated., timestamp: 2026-06-09 02:50:53.947903, function: null, file: null}
Log registered: {message: UploaderService: _startUploading called. _isUploading=false, queue length=1, timestamp: 2026-06-09 02:50:53.948056, function: null, file: null}
Log registered: {message: UploaderService: _processNextItem called. Queue length=1, timestamp: 2026-06-09 02:50:53.948412, function: null, file: null}
Log registered: {message: UploaderService: sessionGuid=backend-upload-session, timestamp: 2026-06-09 02:50:53.948573, function: null, file: null}
Log registered: {message: Get token, timestamp: 2026-06-09 02:50:53.949460, function: null, file: null}
Log registered: {message: Fetch token, timestamp: 2026-06-09 02:50:53.949531, function: null, file: null}
Log registered: {message: Failed to fetch M2M token: , timestamp: 2026-06-09 02:50:53.949904, function: null, file: null}
Log registered: {message: Error uploading media: Exception: Failed to retrieve M2M token, timestamp: 2026-06-09 02:50:53.949997, function: null, file: null}
Log registered: {message: Failed to upload media: /var/folders/6s/dp27g8gn26j9mp36sjfxb9tw0000gn/T/slave_upload_commandDwuEVv/queued-photo.jpg, timestamp: 2026-06-09 02:50:53.950118, function: null, file: null}
Log registered: {message: Session metadata saved to /var/folders/6s/dp27g8gn26j9mp36sjfxb9tw0000gn/T/slave_client_docsIhWUWq/session_backend-upload-session/metadata.json, timestamp: 2026-06-09 02:50:53.951011, function: null, file: null}
Log registered: {message: [UploaderService] Queue is empty. Returning zero duration., timestamp: 2026-06-09 02:50:53.951130, function: null, file: null}
Log registered: {message: UploaderService: _processNextItem called. Queue length=0, timestamp: 2026-06-09 02:50:53.951200, function: null, file: null}
Log registered: {message: UploaderService: Queue is empty. Uploading stopped., timestamp: 2026-06-09 02:50:53.951258, function: null, file: null}
Log registered: {message: Connection closed, timestamp: 2026-06-09 02:50:53.956525, function: null, file: null}
Log registered: {message: UploaderService: Resetting upload queue and state., timestamp: 2026-06-09 02:50:53.956767, function: null, file: null}
Log registered: {message: UploaderService: Reset completed., timestamp: 2026-06-09 02:50:53.956826, function: null, file: null}
Log registered: {message: Session metadata saved to /var/folders/6s/dp27g8gn26j9mp36sjfxb9tw0000gn/T/slave_client_docsIhWUWq/session_backend-upload-session/metadata.json, timestamp: 2026-06-09 02:50:53.958194, function: null, file: null}
Log registered: {message: UploaderService: Resetting upload queue and state., timestamp: 2026-06-09 02:50:53.958342, function: null, file: null}
Log registered: {message: UploaderService: Reset completed., timestamp: 2026-06-09 02:50:53.958402, function: null, file: null}
Log registered: {message: Session ended and uploader reset., timestamp: 2026-06-09 02:50:53.958450, function: null, file: null}
00:00 +5: identifySlave command replies with identifyAck
Log registered: {message: UploaderService: Resetting upload queue and state., timestamp: 2026-06-09 02:50:53.960331, function: null, file: null}
Log registered: {message: UploaderService: Reset completed., timestamp: 2026-06-09 02:50:53.960412, function: null, file: null}
Log registered: {message: Session started with GUID: slave-session-guid on device type: Slave, timestamp: 2026-06-09 02:50:53.960469, function: null, file: null}
Log registered: {message: Retrieved existing Device ID: test-device, timestamp: 2026-06-09 02:50:53.960872, function: null, file: null}
Log registered: {message: Attempting to connect to master WebSocket at ws://127.0.0.1:62859/ws with Device ID: test-device, timestamp: 2026-06-09 02:50:53.960965, function: null, file: null}
Log registered: {message: Connected to WebSocket at ws://127.0.0.1:62859/ws, timestamp: 2026-06-09 02:50:53.961284, function: null, file: null}
Log registered: {message: Command received from master: {"command":"identifySlave","requestId":"identify-test"}, timestamp: 2026-06-09 02:50:53.964508, function: null, file: null}
Log registered: {message: Sent identifyAck notification to master, timestamp: 2026-06-09 02:50:53.964916, function: null, file: null}
Log registered: {message: Connection closed, timestamp: 2026-06-09 02:50:53.965218, function: null, file: null}
Log registered: {message: Session metadata saved to /var/folders/6s/dp27g8gn26j9mp36sjfxb9tw0000gn/T/slave_client_docsIhWUWq/session_slave-session-guid/metadata.json, timestamp: 2026-06-09 02:50:53.966426, function: null, file: null}
Log registered: {message: UploaderService: Resetting upload queue and state., timestamp: 2026-06-09 02:50:53.966526, function: null, file: null}
Log registered: {message: UploaderService: Reset completed., timestamp: 2026-06-09 02:50:53.966586, function: null, file: null}
Log registered: {message: Session ended and uploader reset., timestamp: 2026-06-09 02:50:53.966629, function: null, file: null}
00:00 +6: scheduled command applies master clock offset before countdown
Log registered: {message: Retrieved existing Device ID: test-device, timestamp: 2026-06-09 02:50:53.968251, function: null, file: null}
Log registered: {message: Attempting to connect to master WebSocket at ws://127.0.0.1:62861/ws with Device ID: test-device, timestamp: 2026-06-09 02:50:53.968330, function: null, file: null}
Log registered: {message: Connected to WebSocket at ws://127.0.0.1:62861/ws, timestamp: 2026-06-09 02:50:53.968585, function: null, file: null}
Log registered: {message: Command received from master: {"type":"scheduledCommand","command":"takePhoto","scheduledTime":"2026-06-08T20:35:05.000Z","masterTime":"2026-06-08T20:35:02.000Z"}, timestamp: 2026-06-09 02:50:53.971327, function: null, file: null}
Log registered: {message: Updated slave scheduled clock offset from master: 2000 ms., timestamp: 2026-06-09 02:50:53.972077, function: null, file: null}
Log registered: {message: Command 'takePhoto' scheduled for 2026-06-08 20:35:05.000Z., timestamp: 2026-06-09 02:50:53.972337, function: null, file: null}
Log registered: {message: Connection closed, timestamp: 2026-06-09 02:50:53.972802, function: null, file: null}
00:00 +7: All tests passed!

[stderr]
The following plugins do not support Swift Package Manager for ios:
  - photo_manager
  - permission_handler_apple
  - disk_space_plus
This will become an error in a future version of Flutter. Please contact the plugin maintainers to request Swift Package Manager adoption.
The following plugins do not support Swift Package Manager for macos:
  - photo_manager
This will become an error in a future version of Flutter. Please contact the plugin maintainers to request Swift Package Manager adoption.
[exit-code] 0

$ git diff --check
[exit-code] 0

$ flutter analyze --no-pub
Analyzing hydracamv2...
No issues found! (ran in 3.8s)
[exit-code] 0

$ flutter test
00:00 +0: loading /Users/jose/src/work/hydracamv2/test/l10n/app_localizations_test.dart
00:00 +0: /Users/jose/src/work/hydracamv2/test/l10n/app_localizations_test.dart: seeded translations use locale-native spelling
00:00 +1: /Users/jose/src/work/hydracamv2/test/platform_setup_test.dart: Platform Setup Tests iOS Podfile should exist and be valid
00:00 +2: /Users/jose/src/work/hydracamv2/test/platform_setup_test.dart: Platform Setup Tests Android build.gradle should exist
00:00 +3: /Users/jose/src/work/hydracamv2/test/platform_setup_test.dart: Platform Setup Tests Web index.html should exist
00:00 +4: /Users/jose/src/work/hydracamv2/test/platform/platform_behavior_test.dart: Platform Behavior Platform detection works
00:00 +5: /Users/jose/src/work/hydracamv2/test/platform/platform_behavior_test.dart: Platform Behavior Mobile-specific features Camera should be available on mobile
00:00 +6: /Users/jose/src/work/hydracamv2/test/platform/platform_behavior_test.dart: Platform Behavior Mobile-specific features Gallery saving should work on mobile
00:00 +7: /Users/jose/src/work/hydracamv2/test/platform/platform_behavior_test.dart: Platform Behavior Mobile-specific features Permissions are required on mobile
00:00 +8: /Users/jose/src/work/hydracamv2/test/platform/platform_behavior_test.dart: Platform Behavior Desktop-specific features Desktop may have limited camera support
00:00 +9: /Users/jose/src/work/hydracamv2/test/platform/platform_behavior_test.dart: Platform Behavior Desktop-specific features Desktop uses file system directly
00:00 +10: /Users/jose/src/work/hydracamv2/test/platform/platform_behavior_test.dart: Platform Behavior Desktop-specific features Desktop may not need runtime permissions
00:00 +11: /Users/jose/src/work/hydracamv2/test/platform/platform_behavior_test.dart: Cross-platform features Networking works on all platforms
00:00 +12: /Users/jose/src/work/hydracamv2/test/platform/platform_behavior_test.dart: Cross-platform features Storage management works on all platforms
00:00 +13: /Users/jose/src/work/hydracamv2/test/platform/platform_behavior_test.dart: Cross-platform features Session management is platform-agnostic
00:00 +14: /Users/jose/src/work/hydracamv2/test/models/capture_context_metadata_test.dart: CameraPerspectiveMetadata exposes media-timeline canonical perspective options
00:00 +15: /Users/jose/src/work/hydracamv2/test/models/capture_context_metadata_test.dart: CameraPerspectiveMetadata normalizes known ids to canonical labels
00:00 +16: /Users/jose/src/work/hydracamv2/test/models/capture_context_metadata_test.dart: MediaCaptureContext serializes perspective, level, camera, profile, and device metadata
00:00 +17: /Users/jose/src/work/hydracamv2/test/models/capture_context_metadata_test.dart: MediaCaptureContext loads null and old metadata without capture context
00:00 +18: /Users/jose/src/work/hydracamv2/test/platform/multi_device_orchestration_test.dart: (setUpAll)
00:00 +18: /Users/jose/src/work/hydracamv2/test/platform/multi_device_orchestration_test.dart: Photo Scenarios Scenario P1: single slave burst populates queue and metadata
Log registered: {message: UploaderService: Resetting upload queue and state., timestamp: 2026-06-09 02:51:12.641730, function: null, file: null}
Log registered: {message: UploaderService: Reset completed., timestamp: 2026-06-09 02:51:12.644291, function: null, file: null}
Log registered: {message: UploaderService: Resetting upload queue and state., timestamp: 2026-06-09 02:51:12.646867, function: null, file: null}
Log registered: {message: UploaderService: Reset completed., timestamp: 2026-06-09 02:51:12.647305, function: null, file: null}
Log registered: {message: Session started with GUID: session_p1 on device type: Master, timestamp: 2026-06-09 02:51:12.647591, function: null, file: null}
Log registered: {message: Adding photo to upload queue: /var/folders/6s/dp27g8gn26j9mp36sjfxb9tw0000gn/T/hydracam_multi_device_media8F5jRz/p1-0.jpg, timestamp: 2026-06-09 02:51:12.651256, function: null, file: null}
Log registered: {message: Session metadata saved to /var/folders/6s/dp27g8gn26j9mp36sjfxb9tw0000gn/T/hydracam_multi_device_docscAbRPv/session_session_p1/metadata.json, timestamp: 2026-06-09 02:51:12.658383, function: null, file: null}
Log registered: {message: [UploaderService] No uploaded media with valid durations. Returning zero duration., timestamp: 2026-06-09 02:51:12.659345, function: null, file: null}
Log registered: {message: Media added to upload queue: /var/folders/6s/dp27g8gn26j9mp36sjfxb9tw0000gn/T/hydracam_multi_device_media8F5jRz/p1-0.jpg, timestamp: 2026-06-09 02:51:12.659481, function: null, file: null}
Log registered: {message: Auto-upload is disabled. Media added to queue but not uploaded., timestamp: 2026-06-09 02:51:12.660663, function: null, file: null}
Log registered: {message: Adding photo to upload queue: /var/folders/6s/dp27g8gn26j9mp36sjfxb9tw0000gn/T/hydracam_multi_device_media8F5jRz/p1-1.jpg, timestamp: 2026-06-09 02:51:12.661185, function: null, file: null}
Log registered: {message: Session metadata saved to /var/folders/6s/dp27g8gn26j9mp36sjfxb9tw0000gn/T/hydracam_multi_device_docscAbRPv/session_session_p1/metadata.json, timestamp: 2026-06-09 02:51:12.662146, function: null, file: null}
Log registered: {message: [UploaderService] No uploaded media with valid durations. Returning zero duration., timestamp: 2026-06-09 02:51:12.662514, function: null, file: null}
Log registered: {message: Media added to upload queue: /var/folders/6s/dp27g8gn26j9mp36sjfxb9tw0000gn/T/hydracam_multi_device_media8F5jRz/p1-1.jpg, timestamp: 2026-06-09 02:51:12.662644, function: null, file: null}
Log registered: {message: Auto-upload is disabled. Media added to queue but not uploaded., timestamp: 2026-06-09 02:51:12.662842, function: null, file: null}
Log registered: {message: Adding photo to upload queue: /var/folders/6s/dp27g8gn26j9mp36sjfxb9tw0000gn/T/hydracam_multi_device_media8F5jRz/p1-2.jpg, timestamp: 2026-06-09 02:51:12.663251, function: null, file: null}
Log registered: {message: Session metadata saved to /var/folders/6s/dp27g8gn26j9mp36sjfxb9tw0000gn/T/hydracam_multi_device_docscAbRPv/session_session_p1/metadata.json, timestamp: 2026-06-09 02:51:12.664196, function: null, file: null}
Log registered: {message: [UploaderService] No uploaded media with valid durations. Returning zero duration., timestamp: 2026-06-09 02:51:12.664334, function: null, file: null}
Log registered: {message: Media added to upload queue: /var/folders/6s/dp27g8gn26j9mp36sjfxb9tw0000gn/T/hydracam_multi_device_media8F5jRz/p1-2.jpg, timestamp: 2026-06-09 02:51:12.664409, function: null, file: null}
Log registered: {message: Auto-upload is disabled. Media added to queue but not uploaded., timestamp: 2026-06-09 02:51:12.664495, function: null, file: null}
00:00 +19: /Users/jose/src/work/hydracamv2/test/platform/multi_device_orchestration_test.dart: Photo Scenarios Scenario P1: single slave burst populates queue and metadata
00:00 +20: /Users/jose/src/work/hydracamv2/test/platform/multi_device_orchestration_test.dart: Photo Scenarios Scenario P1: single slave burst populates queue and metadata
Log registered: {message: UploaderService: Resetting upload queue and state., timestamp: 2026-06-09 02:51:12.690345, function: null, file: null}
Log registered: {message: UploaderService: Reset completed., timestamp: 2026-06-09 02:51:12.690579, function: null, file: null}
Log registered: {message: Session metadata saved to /var/folders/6s/dp27g8gn26j9mp36sjfxb9tw0000gn/T/hydracam_multi_device_docscAbRPv/session_session_p1/metadata.json, timestamp: 2026-06-09 02:51:12.692003, function: null, file: null}
Log registered: {message: UploaderService: Resetting upload queue and state., timestamp: 2026-06-09 02:51:12.692158, function: null, file: null}
Log registered: {message: UploaderService: Reset completed., timestamp: 2026-06-09 02:51:12.692225, function: null, file: null}
Log registered: {message: Session ended and uploader reset., timestamp: 2026-06-09 02:51:12.692283, function: null, file: null}
00:00 +21: /Users/jose/src/work/hydracamv2/test/platform/multi_device_orchestration_test.dart: Photo Scenarios Scenario P2: two slaves contribute photos with unique device IDs
Log registered: {message: UploaderService: Resetting upload queue and state., timestamp: 2026-06-09 02:51:12.694429, function: null, file: null}
Log registered: {message: UploaderService: Reset completed., timestamp: 2026-06-09 02:51:12.694519, function: null, file: null}
Log registered: {message: UploaderService: Resetting upload queue and state., timestamp: 2026-06-09 02:51:12.695023, function: null, file: null}
Log registered: {message: UploaderService: Reset completed., timestamp: 2026-06-09 02:51:12.695116, function: null, file: null}
Log registered: {message: Session started with GUID: session_p2 on device type: Master, timestamp: 2026-06-09 02:51:12.695196, function: null, file: null}
Log registered: {message: Adding photo to upload queue: /var/folders/6s/dp27g8gn26j9mp36sjfxb9tw0000gn/T/hydracam_multi_device_mediagzwhV1/p2-a.jpg, timestamp: 2026-06-09 02:51:12.695504, function: null, file: null}
Log registered: {message: Session metadata saved to /var/folders/6s/dp27g8gn26j9mp36sjfxb9tw0000gn/T/hydracam_multi_device_docsRnvLYw/session_session_p2/metadata.json, timestamp: 2026-06-09 02:51:12.696296, function: null, file: null}
Log registered: {message: [UploaderService] No uploaded media with valid durations. Returning zero duration., timestamp: 2026-06-09 02:51:12.696465, function: null, file: null}
Log registered: {message: Media added to upload queue: /var/folders/6s/dp27g8gn26j9mp36sjfxb9tw0000gn/T/hydracam_multi_device_mediagzwhV1/p2-a.jpg, timestamp: 2026-06-09 02:51:12.696595, function: null, file: null}
Log registered: {message: Auto-upload is disabled. Media added to queue but not uploaded., timestamp: 2026-06-09 02:51:12.696702, function: null, file: null}
Log registered: {message: Adding photo to upload queue: /var/folders/6s/dp27g8gn26j9mp36sjfxb9tw0000gn/T/hydracam_multi_device_mediagzwhV1/p2-b.jpg, timestamp: 2026-06-09 02:51:12.697013, function: null, file: null}
Log registered: {message: Session metadata saved to /var/folders/6s/dp27g8gn26j9mp36sjfxb9tw0000gn/T/hydracam_multi_device_docsRnvLYw/session_session_p2/metadata.json, timestamp: 2026-06-09 02:51:12.698008, function: null, file: null}
Log registered: {message: [UploaderService] No uploaded media with valid durations. Returning zero duration., timestamp: 2026-06-09 02:51:12.698163, function: null, file: null}
Log registered: {message: Media added to upload queue: /var/folders/6s/dp27g8gn26j9mp36sjfxb9tw0000gn/T/hydracam_multi_device_mediagzwhV1/p2-b.jpg, timestamp: 2026-06-09 02:51:12.698235, function: null, file: null}
Log registered: {message: Auto-upload is disabled. Media added to queue but not uploaded., timestamp: 2026-06-09 02:51:12.698318, function: null, file: null}
Log registered: {message: UploaderService: Resetting upload queue and state., timestamp: 2026-06-09 02:51:12.721164, function: null, file: null}
Log registered: {message: UploaderService: Reset completed., timestamp: 2026-06-09 02:51:12.721423, function: null, file: null}
Log registered: {message: Session metadata saved to /var/folders/6s/dp27g8gn26j9mp36sjfxb9tw0000gn/T/hydracam_multi_device_docsRnvLYw/session_session_p2/metadata.json, timestamp: 2026-06-09 02:51:12.722407, function: null, file: null}
Log registered: {message: UploaderService: Resetting upload queue and state., timestamp: 2026-06-09 02:51:12.722506, function: null, file: null}
Log registered: {message: UploaderService: Reset completed., timestamp: 2026-06-09 02:51:12.722564, function: null, file: null}
Log registered: {message: Session ended and uploader reset., timestamp: 2026-06-09 02:51:12.722613, function: null, file: null}
00:00 +22: /Users/jose/src/work/hydracamv2/test/platform/multi_device_orchestration_test.dart: Photo Scenarios Scenario P3: round-robin commands respect device order
Log registered: {message: UploaderService: Resetting upload queue and state., timestamp: 2026-06-09 02:51:12.724775, function: null, file: null}
Log registered: {message: UploaderService: Reset completed., timestamp: 2026-06-09 02:51:12.724917, function: null, file: null}
Log registered: {message: UploaderService: Resetting upload queue and state., timestamp: 2026-06-09 02:51:12.725754, function: null, file: null}
Log registered: {message: UploaderService: Reset completed., timestamp: 2026-06-09 02:51:12.725851, function: null, file: null}
Log registered: {message: Session started with GUID: session_p3 on device type: Master, timestamp: 2026-06-09 02:51:12.725913, function: null, file: null}
Log registered: {message: Adding photo to upload queue: /var/folders/6s/dp27g8gn26j9mp36sjfxb9tw0000gn/T/hydracam_multi_device_media7GIoZc/slave-A.jpg, timestamp: 2026-06-09 02:51:12.726364, function: null, file: null}
Log registered: {message: Session metadata saved to /var/folders/6s/dp27g8gn26j9mp36sjfxb9tw0000gn/T/hydracam_multi_device_docsQkVxNs/session_session_p3/metadata.json, timestamp: 2026-06-09 02:51:12.727227, function: null, file: null}
Log registered: {message: [UploaderService] No uploaded media with valid durations. Returning zero duration., timestamp: 2026-06-09 02:51:12.727392, function: null, file: null}
Log registered: {message: Media added to upload queue: /var/folders/6s/dp27g8gn26j9mp36sjfxb9tw0000gn/T/hydracam_multi_device_media7GIoZc/slave-A.jpg, timestamp: 2026-06-09 02:51:12.727507, function: null, file: null}
Log registered: {message: Auto-upload is disabled. Media added to queue but not uploaded., timestamp: 2026-06-09 02:51:12.727608, function: null, file: null}
Log registered: {message: Adding photo to upload queue: /var/folders/6s/dp27g8gn26j9mp36sjfxb9tw0000gn/T/hydracam_multi_device_media7GIoZc/slave-B.jpg, timestamp: 2026-06-09 02:51:12.728470, function: null, file: null}
Log registered: {message: Session metadata saved to /var/folders/6s/dp27g8gn26j9mp36sjfxb9tw0000gn/T/hydracam_multi_device_docsQkVxNs/session_session_p3/metadata.json, timestamp: 2026-06-09 02:51:12.729261, function: null, file: null}
Log registered: {message: [UploaderService] No uploaded media with valid durations. Returning zero duration., timestamp: 2026-06-09 02:51:12.729369, function: null, file: null}
Log registered: {message: Media added to upload queue: /var/folders/6s/dp27g8gn26j9mp36sjfxb9tw0000gn/T/hydracam_multi_device_media7GIoZc/slave-B.jpg, timestamp: 2026-06-09 02:51:12.729483, function: null, file: null}
Log registered: {message: Auto-upload is disabled. Media added to queue but not uploaded., timestamp: 2026-06-09 02:51:12.729612, function: null, file: null}
Log registered: {message: Adding photo to upload queue: /var/folders/6s/dp27g8gn26j9mp36sjfxb9tw0000gn/T/hydracam_multi_device_media7GIoZc/slave-C.jpg, timestamp: 2026-06-09 02:51:12.729984, function: null, file: null}
Log registered: {message: Session metadata saved to /var/folders/6s/dp27g8gn26j9mp36sjfxb9tw0000gn/T/hydracam_multi_device_docsQkVxNs/session_session_p3/metadata.json, timestamp: 2026-06-09 02:51:12.730916, function: null, file: null}
Log registered: {message: [UploaderService] No uploaded media with valid durations. Returning zero duration., timestamp: 2026-06-09 02:51:12.731030, function: null, file: null}
Log registered: {message: Media added to upload queue: /var/folders/6s/dp27g8gn26j9mp36sjfxb9tw0000gn/T/hydracam_multi_device_media7GIoZc/slave-C.jpg, timestamp: 2026-06-09 02:51:12.731123, function: null, file: null}
Log registered: {message: Auto-upload is disabled. Media added to queue but not uploaded., timestamp: 2026-06-09 02:51:12.731260, function: null, file: null}
Log registered: {message: Adding photo to upload queue: /var/folders/6s/dp27g8gn26j9mp36sjfxb9tw0000gn/T/hydracam_multi_device_media7GIoZc/slave-D.jpg, timestamp: 2026-06-09 02:51:12.731578, function: null, file: null}
Log registered: {message: Session metadata saved to /var/folders/6s/dp27g8gn26j9mp36sjfxb9tw0000gn/T/hydracam_multi_device_docsQkVxNs/session_session_p3/metadata.json, timestamp: 2026-06-09 02:51:12.732431, function: null, file: null}
Log registered: {message: [UploaderService] No uploaded media with valid durations. Returning zero duration., timestamp: 2026-06-09 02:51:12.732541, function: null, file: null}
Log registered: {message: Media added to upload queue: /var/folders/6s/dp27g8gn26j9mp36sjfxb9tw0000gn/T/hydracam_multi_device_media7GIoZc/slave-D.jpg, timestamp: 2026-06-09 02:51:12.732613, function: null, file: null}
Log registered: {message: Auto-upload is disabled. Media added to queue but not uploaded., timestamp: 2026-06-09 02:51:12.732723, function: null, file: null}
Log registered: {message: UploaderService: Resetting upload queue and state., timestamp: 2026-06-09 02:51:12.755591, function: null, file: null}
Log registered: {message: UploaderService: Reset completed., timestamp: 2026-06-09 02:51:12.755806, function: null, file: null}
Log registered: {message: Session metadata saved to /var/folders/6s/dp27g8gn26j9mp36sjfxb9tw0000gn/T/hydracam_multi_device_docsQkVxNs/session_session_p3/metadata.json, timestamp: 2026-06-09 02:51:12.756679, function: null, file: null}
Log registered: {message: UploaderService: Resetting upload queue and state., timestamp: 2026-06-09 02:51:12.756775, function: null, file: null}
Log registered: {message: UploaderService: Reset completed., timestamp: 2026-06-09 02:51:12.756847, function: null, file: null}
Log registered: {message: Session ended and uploader reset., timestamp: 2026-06-09 02:51:12.756894, function: null, file: null}
00:00 +23: /Users/jose/src/work/hydracamv2/test/platform/multi_device_orchestration_test.dart: Photo Scenarios Scenario P4: master rotation resets session state
Log registered: {message: UploaderService: Resetting upload queue and state., timestamp: 2026-06-09 02:51:12.759497, function: null, file: null}
Log registered: {message: UploaderService: Reset completed., timestamp: 2026-06-09 02:51:12.759597, function: null, file: null}
Log registered: {message: UploaderService: Resetting upload queue and state., timestamp: 2026-06-09 02:51:12.762342, function: null, file: null}
Log registered: {message: UploaderService: Reset completed., timestamp: 2026-06-09 02:51:12.762482, function: null, file: null}
Log registered: {message: Session started with GUID: session_p4_a on device type: Master, timestamp: 2026-06-09 02:51:12.762541, function: null, file: null}
Log registered: {message: Adding photo to upload queue: /var/folders/6s/dp27g8gn26j9mp36sjfxb9tw0000gn/T/hydracam_multi_device_mediaorWh29/p4.jpg, timestamp: 2026-06-09 02:51:12.762855, function: null, file: null}
Log registered: {message: Session metadata saved to /var/folders/6s/dp27g8gn26j9mp36sjfxb9tw0000gn/T/hydracam_multi_device_docsLuFKyP/session_session_p4_a/metadata.json, timestamp: 2026-06-09 02:51:12.763796, function: null, file: null}
Log registered: {message: [UploaderService] No uploaded media with valid durations. Returning zero duration., timestamp: 2026-06-09 02:51:12.763961, function: null, file: null}
Log registered: {message: Media added to upload queue: /var/folders/6s/dp27g8gn26j9mp36sjfxb9tw0000gn/T/hydracam_multi_device_mediaorWh29/p4.jpg, timestamp: 2026-06-09 02:51:12.764022, function: null, file: null}
Log registered: {message: Auto-upload is disabled. Media added to queue but not uploaded., timestamp: 2026-06-09 02:51:12.764101, function: null, file: null}
Log registered: {message: Session metadata saved to /var/folders/6s/dp27g8gn26j9mp36sjfxb9tw0000gn/T/hydracam_multi_device_docsLuFKyP/session_session_p4_a/metadata.json, timestamp: 2026-06-09 02:51:12.785433, function: null, file: null}
Log registered: {message: UploaderService: Resetting upload queue and state., timestamp: 2026-06-09 02:51:12.785678, function: null, file: null}
Log registered: {message: UploaderService: Reset completed., timestamp: 2026-06-09 02:51:12.785744, function: null, file: null}
Log registered: {message: Session ended and uploader reset., timestamp: 2026-06-09 02:51:12.785794, function: null, file: null}
Log registered: {message: UploaderService: Resetting upload queue and state., timestamp: 2026-06-09 02:51:12.785847, function: null, file: null}
Log registered: {message: UploaderService: Reset completed., timestamp: 2026-06-09 02:51:12.785889, function: null, file: null}
Log registered: {message: UploaderService: Resetting upload queue and state., timestamp: 2026-06-09 02:51:12.786078, function: null, file: null}
Log registered: {message: UploaderService: Reset completed., timestamp: 2026-06-09 02:51:12.786163, function: null, file: null}
Log registered: {message: Session started with GUID: session_p4_b on device type: Master, timestamp: 2026-06-09 02:51:12.786232, function: null, file: null}
Log registered: {message: UploaderService: Resetting upload queue and state., timestamp: 2026-06-09 02:51:12.786740, function: null, file: null}
Log registered: {message: UploaderService: Reset completed., timestamp: 2026-06-09 02:51:12.786920, function: null, file: null}
Log registered: {message: Session metadata saved to /var/folders/6s/dp27g8gn26j9mp36sjfxb9tw0000gn/T/hydracam_multi_device_docsLuFKyP/session_session_p4_b/metadata.json, timestamp: 2026-06-09 02:51:12.787992, function: null, file: null}
Log registered: {message: UploaderService: Resetting upload queue and state., timestamp: 2026-06-09 02:51:12.788144, function: null, file: null}
Log registered: {message: UploaderService: Reset completed., timestamp: 2026-06-09 02:51:12.788216, function: null, file: null}
Log registered: {message: Session ended and uploader reset., timestamp: 2026-06-09 02:51:12.788263, function: null, file: null}
00:00 +24: /Users/jose/src/work/hydracamv2/test/platform/multi_device_orchestration_test.dart: Video Scenarios Scenario V1: single slave video stored in session
Log registered: {message: UploaderService: Resetting upload queue and state., timestamp: 2026-06-09 02:51:12.790243, function: null, file: null}
Log registered: {message: UploaderService: Reset completed., timestamp: 2026-06-09 02:51:12.790317, function: null, file: null}
Log registered: {message: UploaderService: Resetting upload queue and state., timestamp: 2026-06-09 02:51:12.790626, function: null, file: null}
Log registered: {message: UploaderService: Reset completed., timestamp: 2026-06-09 02:51:12.790683, function: null, file: null}
Log registered: {message: Session started with GUID: session_v1 on device type: Master, timestamp: 2026-06-09 02:51:12.790729, function: null, file: null}
Log registered: {message: Adding video to upload queue: /var/folders/6s/dp27g8gn26j9mp36sjfxb9tw0000gn/T/hydracam_multi_device_medialxF5HL/v1.mp4, timestamp: 2026-06-09 02:51:12.791659, function: null, file: null}
Log registered: {message: Session metadata saved to /var/folders/6s/dp27g8gn26j9mp36sjfxb9tw0000gn/T/hydracam_multi_device_docs6bohyL/session_session_v1/metadata.json, timestamp: 2026-06-09 02:51:12.792705, function: null, file: null}
Log registered: {message: [UploaderService] No uploaded media with valid durations. Returning zero duration., timestamp: 2026-06-09 02:51:12.792877, function: null, file: null}
Log registered: {message: Media added to upload queue: /var/folders/6s/dp27g8gn26j9mp36sjfxb9tw0000gn/T/hydracam_multi_device_medialxF5HL/v1.mp4, timestamp: 2026-06-09 02:51:12.792975, function: null, file: null}
Log registered: {message: Auto-upload is disabled. Media added to queue but not uploaded., timestamp: 2026-06-09 02:51:12.793059, function: null, file: null}
Log registered: {message: UploaderService: Resetting upload queue and state., timestamp: 2026-06-09 02:51:12.814487, function: null, file: null}
Log registered: {message: UploaderService: Reset completed., timestamp: 2026-06-09 02:51:12.814637, function: null, file: null}
Log registered: {message: Session metadata saved to /var/folders/6s/dp27g8gn26j9mp36sjfxb9tw0000gn/T/hydracam_multi_device_docs6bohyL/session_session_v1/metadata.json, timestamp: 2026-06-09 02:51:12.815599, function: null, file: null}
Log registered: {message: UploaderService: Resetting upload queue and state., timestamp: 2026-06-09 02:51:12.815770, function: null, file: null}
Log registered: {message: UploaderService: Reset completed., timestamp: 2026-06-09 02:51:12.815841, function: null, file: null}
Log registered: {message: Session ended and uploader reset., timestamp: 2026-06-09 02:51:12.815961, function: null, file: null}
00:00 +25: /Users/jose/src/work/hydracamv2/test/platform/multi_device_orchestration_test.dart: Video Scenarios Scenario V2: multiple slave videos persist metadata
Log registered: {message: UploaderService: Resetting upload queue and state., timestamp: 2026-06-09 02:51:12.819300, function: null, file: null}
Log registered: {message: UploaderService: Reset completed., timestamp: 2026-06-09 02:51:12.819425, function: null, file: null}
Log registered: {message: UploaderService: Resetting upload queue and state., timestamp: 2026-06-09 02:51:12.819936, function: null, file: null}
Log registered: {message: UploaderService: Reset completed., timestamp: 2026-06-09 02:51:12.820053, function: null, file: null}
Log registered: {message: Session started with GUID: session_v2 on device type: Master, timestamp: 2026-06-09 02:51:12.820122, function: null, file: null}
Log registered: {message: Adding video to upload queue: /var/folders/6s/dp27g8gn26j9mp36sjfxb9tw0000gn/T/hydracam_multi_device_mediaIPiZLa/v2-a.mp4, timestamp: 2026-06-09 02:51:12.820657, function: null, file: null}
Log registered: {message: Session metadata saved to /var/folders/6s/dp27g8gn26j9mp36sjfxb9tw0000gn/T/hydracam_multi_device_docsyfFzqk/session_session_v2/metadata.json, timestamp: 2026-06-09 02:51:12.821375, function: null, file: null}
Log registered: {message: [UploaderService] No uploaded media with valid durations. Returning zero duration., timestamp: 2026-06-09 02:51:12.821531, function: null, file: null}
Log registered: {message: Media added to upload queue: /var/folders/6s/dp27g8gn26j9mp36sjfxb9tw0000gn/T/hydracam_multi_device_mediaIPiZLa/v2-a.mp4, timestamp: 2026-06-09 02:51:12.821592, function: null, file: null}
Log registered: {message: Auto-upload is disabled. Media added to queue but not uploaded., timestamp: 2026-06-09 02:51:12.821686, function: null, file: null}
Log registered: {message: Adding video to upload queue: /var/folders/6s/dp27g8gn26j9mp36sjfxb9tw0000gn/T/hydracam_multi_device_mediaIPiZLa/v2-b.mp4, timestamp: 2026-06-09 02:51:12.822029, function: null, file: null}
Log registered: {message: Session metadata saved to /var/folders/6s/dp27g8gn26j9mp36sjfxb9tw0000gn/T/hydracam_multi_device_docsyfFzqk/session_session_v2/metadata.json, timestamp: 2026-06-09 02:51:12.822716, function: null, file: null}
Log registered: {message: [UploaderService] No uploaded media with valid durations. Returning zero duration., timestamp: 2026-06-09 02:51:12.822833, function: null, file: null}
Log registered: {message: Media added to upload queue: /var/folders/6s/dp27g8gn26j9mp36sjfxb9tw0000gn/T/hydracam_multi_device_mediaIPiZLa/v2-b.mp4, timestamp: 2026-06-09 02:51:12.822886, function: null, file: null}
Log registered: {message: Auto-upload is disabled. Media added to queue but not uploaded., timestamp: 2026-06-09 02:51:12.822990, function: null, file: null}
Log registered: {message: UploaderService: Resetting upload queue and state., timestamp: 2026-06-09 02:51:12.844904, function: null, file: null}
Log registered: {message: UploaderService: Reset completed., timestamp: 2026-06-09 02:51:12.845079, function: null, file: null}
Log registered: {message: Session metadata saved to /var/folders/6s/dp27g8gn26j9mp36sjfxb9tw0000gn/T/hydracam_multi_device_docsyfFzqk/session_session_v2/metadata.json, timestamp: 2026-06-09 02:51:12.845786, function: null, file: null}
Log registered: {message: UploaderService: Resetting upload queue and state., timestamp: 2026-06-09 02:51:12.845863, function: null, file: null}
Log registered: {message: UploaderService: Reset completed., timestamp: 2026-06-09 02:51:12.845919, function: null, file: null}
Log registered: {message: Session ended and uploader reset., timestamp: 2026-06-09 02:51:12.845962, function: null, file: null}
00:00 +26: /Users/jose/src/work/hydracamv2/test/platform/multi_device_orchestration_test.dart: Video Scenarios Scenario V3: scheduled starts preserve offsets
Log registered: {message: UploaderService: Resetting upload queue and state., timestamp: 2026-06-09 02:51:12.847575, function: null, file: null}
Log registered: {message: UploaderService: Reset completed., timestamp: 2026-06-09 02:51:12.847641, function: null, file: null}
Log registered: {message: UploaderService: Resetting upload queue and state., timestamp: 2026-06-09 02:51:12.848020, function: null, file: null}
Log registered: {message: UploaderService: Reset completed., timestamp: 2026-06-09 02:51:12.848075, function: null, file: null}
Log registered: {message: Session started with GUID: session_v3 on device type: Master, timestamp: 2026-06-09 02:51:12.848119, function: null, file: null}
Log registered: {message: Adding video to upload queue: /var/folders/6s/dp27g8gn26j9mp36sjfxb9tw0000gn/T/hydracam_multi_device_mediaIA3acI/v3-a.mp4, timestamp: 2026-06-09 02:51:12.848714, function: null, file: null}
Log registered: {message: Session metadata saved to /var/folders/6s/dp27g8gn26j9mp36sjfxb9tw0000gn/T/hydracam_multi_device_docsv0ifpy/session_session_v3/metadata.json, timestamp: 2026-06-09 02:51:12.849804, function: null, file: null}
Log registered: {message: [UploaderService] No uploaded media with valid durations. Returning zero duration., timestamp: 2026-06-09 02:51:12.850354, function: null, file: null}
Log registered: {message: Media added to upload queue: /var/folders/6s/dp27g8gn26j9mp36sjfxb9tw0000gn/T/hydracam_multi_device_mediaIA3acI/v3-a.mp4, timestamp: 2026-06-09 02:51:12.850463, function: null, file: null}
Log registered: {message: Auto-upload is disabled. Media added to queue but not uploaded., timestamp: 2026-06-09 02:51:12.850581, function: null, file: null}
Log registered: {message: Adding video to upload queue: /var/folders/6s/dp27g8gn26j9mp36sjfxb9tw0000gn/T/hydracam_multi_device_mediaIA3acI/v3-b.mp4, timestamp: 2026-06-09 02:51:12.851050, function: null, file: null}
Log registered: {message: Session metadata saved to /var/folders/6s/dp27g8gn26j9mp36sjfxb9tw0000gn/T/hydracam_multi_device_docsv0ifpy/session_session_v3/metadata.json, timestamp: 2026-06-09 02:51:12.852199, function: null, file: null}
Log registered: {message: [UploaderService] No uploaded media with valid durations. Returning zero duration., timestamp: 2026-06-09 02:51:12.852325, function: null, file: null}
Log registered: {message: Media added to upload queue: /var/folders/6s/dp27g8gn26j9mp36sjfxb9tw0000gn/T/hydracam_multi_device_mediaIA3acI/v3-b.mp4, timestamp: 2026-06-09 02:51:12.852403, function: null, file: null}
Log registered: {message: Auto-upload is disabled. Media added to queue but not uploaded., timestamp: 2026-06-09 02:51:12.852532, function: null, file: null}
Log registered: {message: Adding video to upload queue: /var/folders/6s/dp27g8gn26j9mp36sjfxb9tw0000gn/T/hydracam_multi_device_mediaIA3acI/v3-c.mp4, timestamp: 2026-06-09 02:51:12.852818, function: null, file: null}
Log registered: {message: Session metadata saved to /var/folders/6s/dp27g8gn26j9mp36sjfxb9tw0000gn/T/hydracam_multi_device_docsv0ifpy/session_session_v3/metadata.json, timestamp: 2026-06-09 02:51:12.855814, function: null, file: null}
Log registered: {message: [UploaderService] No uploaded media with valid durations. Returning zero duration., timestamp: 2026-06-09 02:51:12.856087, function: null, file: null}
Log registered: {message: Media added to upload queue: /var/folders/6s/dp27g8gn26j9mp36sjfxb9tw0000gn/T/hydracam_multi_device_mediaIA3acI/v3-c.mp4, timestamp: 2026-06-09 02:51:12.856146, function: null, file: null}
Log registered: {message: Auto-upload is disabled. Media added to queue but not uploaded., timestamp: 2026-06-09 02:51:12.856228, function: null, file: null}
Log registered: {message: UploaderService: Resetting upload queue and state., timestamp: 2026-06-09 02:51:12.878864, function: null, file: null}
Log registered: {message: UploaderService: Reset completed., timestamp: 2026-06-09 02:51:12.879054, function: null, file: null}
Log registered: {message: Session metadata saved to /var/folders/6s/dp27g8gn26j9mp36sjfxb9tw0000gn/T/hydracam_multi_device_docsv0ifpy/session_session_v3/metadata.json, timestamp: 2026-06-09 02:51:12.879800, function: null, file: null}
Log registered: {message: UploaderService: Resetting upload queue and state., timestamp: 2026-06-09 02:51:12.879889, function: null, file: null}
Log registered: {message: UploaderService: Reset completed., timestamp: 2026-06-09 02:51:12.879954, function: null, file: null}
Log registered: {message: Session ended and uploader reset., timestamp: 2026-06-09 02:51:12.880014, function: null, file: null}
00:00 +27: /Users/jose/src/work/hydracamv2/test/platform/multi_device_orchestration_test.dart: (tearDownAll)
00:00 +27: /Users/jose/src/work/hydracamv2/test/widget_test.dart: (setUpAll)
Log registered: {message: StorageService monitoring disabled - timer not started., timestamp: 2026-06-09 02:51:13.016547, function: null, file: null}
00:00 +27: /Users/jose/src/work/hydracamv2/test/widget_test.dart: HydraCamApp builds without crashing
Log registered: {message: Navigation decision: automationEnabled=false, config=null, automationMaster=false, automationStandby=false, automationSetupPreview=false, forceSlave=false, timestamp: 2026-06-09 02:51:13.158047, function: null, file: null}
Log registered: {message: Navigating to SlaveScreen(isAutoMode=true, preferredMasterIp=null, forceSlaveMode=false), timestamp: 2026-06-09 02:51:13.158381, function: null, file: null}
00:01 +28: /Users/jose/src/work/hydracamv2/test/widget_test.dart: HydraCamApp builds without crashing
00:01 +29: /Users/jose/src/work/hydracamv2/test/widget_test.dart: HydraCamApp builds without crashing
Log registered: {message: StorageService monitoring disabled - timer not started., timestamp: 2026-06-09 02:51:13.506087, function: null, file: null}
Log registered: {message: BatteryService monitoring disabled - timer not started., timestamp: 2026-06-09 02:51:13.507018, function: null, file: null}
00:01 +30: /Users/jose/src/work/hydracamv2/test/screens/capture_settings_screen_test.dart: settings screen shows capture settings instead of camera quality
00:01 +30: /Users/jose/src/work/hydracamv2/test/widget_test.dart: (setUpAll)
Trace file unavailable: MissingPluginException(No implementation found for method getApplicationDocumentsDirectory on channel plugins.flutter.io/path_provider)
00:01 +30: /Users/jose/src/work/hydracamv2/test/widget_test.dart: automation screenshot boundary survives route replacement
Log registered: {message: Navigation decision: automationEnabled=false, config=null, automationMaster=false, automationStandby=false, automationSetupPreview=false, forceSlave=false, timestamp: 2026-06-09 02:51:13.550698, function: null, file: null}
Log registered: {message: Navigating to SlaveScreen(isAutoMode=true, preferredMasterIp=null, forceSlaveMode=false), timestamp: 2026-06-09 02:51:13.550925, function: null, file: null}
Log registered: {message: StorageService monitoring disabled - timer not started., timestamp: 2026-06-09 02:51:13.579300, function: null, file: null}
Log registered: {message: BatteryService monitoring disabled - timer not started., timestamp: 2026-06-09 02:51:13.579540, function: null, file: null}
00:01 +30: /Users/jose/src/work/hydracamv2/test/screens/session_details_screen_test.dart: load session action falls back to session id without guid
Log registered: {message: No metadata file found for session snapshot legacy-session-id, timestamp: 2026-06-09 02:51:13.582636, function: null, file: null}
00:01 +31: /Users/jose/src/work/hydracamv2/test/screens/capture_settings_screen_test.dart: settings screen shows capture settings instead of camera quality
00:01 +31: /Users/jose/src/work/hydracamv2/test/screens/uploader_info_screen_test.dart: cancel action clears the current upload row
Log registered: {message: UploaderService: Resetting upload queue and state., timestamp: 2026-06-09 02:51:13.637454, function: null, file: null}
Log registered: {message: UploaderService: Reset completed., timestamp: 2026-06-09 02:51:13.639909, function: null, file: null}
00:01 +31: /Users/jose/src/work/hydracamv2/test/screens/master_video_recording_screen_test.dart: recording preview exits when no recording is active and no controller exists
Log registered: {message: Closing recording preview because no recording is active., timestamp: 2026-06-09 02:51:13.662670, function: null, file: null}
00:01 +31: /Users/jose/src/work/hydracamv2/test/screens/capture_settings_screen_test.dart: settings screen shows capture settings instead of camera quality
00:01 +31: /Users/jose/src/work/hydracamv2/test/widget_test.dart: automation screenshot boundary survives route replacement
Log registered: {message: WebSocket Server stopped, timestamp: 2026-06-09 02:51:13.691262, function: null, file: null}
Log registered: {message: Stopped broadcasting master discovery message., timestamp: 2026-06-09 02:51:13.691828, function: null, file: null}
00:01 +32: /Users/jose/src/work/hydracamv2/test/screens/capture_settings_screen_test.dart: settings screen shows capture settings instead of camera quality
00:01 +33: /Users/jose/src/work/hydracamv2/test/screens/capture_settings_screen_test.dart: settings screen shows capture settings instead of camera quality
00:01 +34: /Users/jose/src/work/hydracamv2/test/screens/capture_settings_screen_test.dart: settings screen shows capture settings instead of camera quality
00:01 +35: /Users/jose/src/work/hydracamv2/test/screens/capture_settings_screen_test.dart: settings screen shows capture settings instead of camera quality
00:01 +35 ~1: /Users/jose/src/work/hydracamv2/test/screens/capture_settings_screen_test.dart: settings screen shows capture settings instead of camera quality
00:01 +36 ~1: /Users/jose/src/work/hydracamv2/test/screens/capture_settings_screen_test.dart: settings screen shows capture settings instead of camera quality
00:01 +36 ~1: /Users/jose/src/work/hydracamv2/test/slave/slave_client_registration_test.dart: slave registers before waiting for network payload
Log registered: {message: Retrieved existing Device ID: test-device, timestamp: 2026-06-09 02:51:13.721245, function: null, file: null}
Log registered: {message: Attempting to connect to master WebSocket at ws://127.0.0.1:62927/ws with Device ID: test-device, timestamp: 2026-06-09 02:51:13.723599, function: null, file: null}
Log registered: {message: Connected to WebSocket at ws://127.0.0.1:62927/ws, timestamp: 2026-06-09 02:51:13.725859, function: null, file: null}
00:01 +37 ~1: /Users/jose/src/work/hydracamv2/test/screens/capture_settings_screen_test.dart: settings screen shows capture settings instead of camera quality
00:01 +37 ~1: /Users/jose/src/work/hydracamv2/test/slave/slave_client_registration_test.dart: slave registers before waiting for network payload
Log registered: {message: Connection closed, timestamp: 2026-06-09 02:51:13.743226, function: null, file: null}
Trace file unavailable: MissingPluginException(No implementation found for method getApplicationDocumentsDirectory on channel plugins.flutter.io/path_provider)
00:01 +38 ~1: /Users/jose/src/work/hydracamv2/test/screens/uploader_info_screen_test.dart: cancel action clears the current upload row
00:01 +39 ~1: /Users/jose/src/work/hydracamv2/test/screens/uploader_info_screen_test.dart: cancel action clears the current upload row
00:01 +39 ~1: /Users/jose/src/work/hydracamv2/test/slave/slave_client_registration_test.dart: slave heartbeat includes camera setup status when available
Log registered: {message: Retrieved existing Device ID: test-device, timestamp: 2026-06-09 02:51:13.752325, function: null, file: null}
Log registered: {message: Attempting to connect to master WebSocket at ws://127.0.0.1:62929/ws with Device ID: test-device, timestamp: 2026-06-09 02:51:13.752684, function: null, file: null}
Log registered: {message: Connected to WebSocket at ws://127.0.0.1:62929/ws, timestamp: 2026-06-09 02:51:13.753163, function: null, file: null}
00:01 +39 ~1: /Users/jose/src/work/hydracamv2/test/screens/uploader_info_screen_test.dart: cancel action clears the current upload row
Log registered: {message: UploaderService: Resetting upload queue and state., timestamp: 2026-06-09 02:51:13.756799, function: null, file: null}
Log registered: {message: UploaderService: Reset completed., timestamp: 2026-06-09 02:51:13.757081, function: null, file: null}
Log registered: {message: Session started with GUID: uploader-info-session-guid on device type: Slave, timestamp: 2026-06-09 02:51:13.757388, function: null, file: null}
00:01 +39 ~1: /Users/jose/src/work/hydracamv2/test/slave/slave_client_registration_test.dart: slave heartbeat includes camera setup status when available
Log registered: {message: Connection closed, timestamp: 2026-06-09 02:51:13.757919, function: null, file: null}
00:01 +40 ~1: /Users/jose/src/work/hydracamv2/test/screens/uploader_info_screen_test.dart: cancel action clears the current upload row
00:01 +40 ~1: /Users/jose/src/work/hydracamv2/test/slave/slave_client_registration_test.dart: slave heartbeat reports active session guid
Log registered: {message: UploaderService: Resetting upload queue and state., timestamp: 2026-06-09 02:51:13.764979, function: null, file: null}
Log registered: {message: UploaderService: Reset completed., timestamp: 2026-06-09 02:51:13.765511, function: null, file: null}
Log registered: {message: Session started with GUID: slave-session-guid on device type: Slave, timestamp: 2026-06-09 02:51:13.765891, function: null, file: null}
Log registered: {message: Retrieved existing Device ID: test-device, timestamp: 2026-06-09 02:51:13.766785, function: null, file: null}
Log registered: {message: Attempting to connect to master WebSocket at ws://127.0.0.1:62931/ws with Device ID: test-device, timestamp: 2026-06-09 02:51:13.766913, function: null, file: null}
Log registered: {message: Connected to WebSocket at ws://127.0.0.1:62931/ws, timestamp: 2026-06-09 02:51:13.767353, function: null, file: null}
Log registered: {message: Connection closed, timestamp: 2026-06-09 02:51:13.771188, function: null, file: null}
00:01 +41 ~1: /Users/jose/src/work/hydracamv2/test/screens/uploader_info_screen_test.dart: cancel action clears the current upload row
00:01 +41 ~1: /Users/jose/src/work/hydracamv2/test/slave/slave_client_registration_test.dart: slave heartbeat reports active session guid
Log registered: {message: Error saving session metadata: MissingPluginException(No implementation found for method getApplicationDocumentsDirectory on channel plugins.flutter.io/path_provider), timestamp: 2026-06-09 02:51:13.773370, function: null, file: null}
Log registered: {message: UploaderService: Resetting upload queue and state., timestamp: 2026-06-09 02:51:13.773570, function: null, file: null}
Log registered: {message: UploaderService: Reset completed., timestamp: 2026-06-09 02:51:13.773649, function: null, file: null}
Log registered: {message: Session ended and uploader reset., timestamp: 2026-06-09 02:51:13.773710, function: null, file: null}
00:01 +42 ~1: /Users/jose/src/work/hydracamv2/test/screens/uploader_info_screen_test.dart: cancel action clears the current upload row
00:01 +42 ~1: /Users/jose/src/work/hydracamv2/test/slave/slave_client_registration_test.dart: auto-record starts recording when sessionStarted arrives
Log registered: {message: Retrieved existing Device ID: test-device, timestamp: 2026-06-09 02:51:13.776972, function: null, file: null}
Log registered: {message: Attempting to connect to master WebSocket at ws://127.0.0.1:62933/ws with Device ID: test-device, timestamp: 2026-06-09 02:51:13.777114, function: null, file: null}
Log registered: {message: Connected to WebSocket at ws://127.0.0.1:62933/ws, timestamp: 2026-06-09 02:51:13.777512, function: null, file: null}
Log registered: {message: Command received from master: {"command":"sessionStarted","sessionGuid":"auto-record-session"}, timestamp: 2026-06-09 02:51:13.781694, function: null, file: null}
Log registered: {message: Command: {"command":"sessionStarted","sessionGuid":"auto-record-session"}, timestamp: 2026-06-09 02:51:13.782558, function: null, file: null}
Log registered: {message: Session guid: auto-record-session, timestamp: 2026-06-09 02:51:13.782688, function: null, file: null}
Log registered: {message: UploaderService: Resetting upload queue and state., timestamp: 2026-06-09 02:51:13.782900, function: null, file: null}
Log registered: {message: UploaderService: Reset completed., timestamp: 2026-06-09 02:51:13.782990, function: null, file: null}
Log registered: {message: Session started with GUID: auto-record-session on device type: Slave, timestamp: 2026-06-09 02:51:13.783060, function: null, file: null}
Log registered: {message: Get token, timestamp: 2026-06-09 02:51:13.783711, function: null, file: null}
Log registered: {message: Fetch token, timestamp: 2026-06-09 02:51:13.784019, function: null, file: null}
Log registered: {message: Auto-record starting recording for active session auto-record-session., timestamp: 2026-06-09 02:51:13.790312, function: null, file: null}
Log registered: {message: Starting video recording, timestamp: 2026-06-09 02:51:13.790958, function: null, file: null}
Log registered: {message: Mock camera ready for native controller mode on macOS., timestamp: 2026-06-09 02:51:13.791439, function: null, file: null}
Log registered: {message: Retrieved existing Device ID: test-device, timestamp: 2026-06-09 02:51:13.794540, function: null, file: null}
Log registered: {message: Mock video recording started for native controller mode., timestamp: 2026-06-09 02:51:13.794982, function: null, file: null}
Log registered: {message: Failed to fetch M2M token: , timestamp: 2026-06-09 02:51:13.795899, function: null, file: null}
Log registered: {message: Error on POST device/ReadyToTransmit: Exception: Failed to retrieve M2M token, timestamp: 2026-06-09 02:51:13.796171, function: null, file: null}
Log registered: {message: Failed to notify server: No response, timestamp: 2026-06-09 02:51:13.796263, function: null, file: null}
Log registered: {message: Connection closed, timestamp: 2026-06-09 02:51:13.796406, function: null, file: null}
Log registered: {message: Mock video saved to session path: /var/folders/6s/dp27g8gn26j9mp36sjfxb9tw0000gn/T/slave_client_docsg0xtgc/session_auto-record-session/mock_1_2026-06-09T02-51-13-797597.mp4, timestamp: 2026-06-09 02:51:13.804210, function: null, file: null}
Log registered: {message: Session metadata saved to /var/folders/6s/dp27g8gn26j9mp36sjfxb9tw0000gn/T/slave_client_docsg0xtgc/session_auto-record-session/metadata.json, timestamp: 2026-06-09 02:51:13.805119, function: null, file: null}
Log registered: {message: UploaderService: Resetting upload queue and state., timestamp: 2026-06-09 02:51:13.805279, function: null, file: null}
Log registered: {message: UploaderService: Reset completed., timestamp: 2026-06-09 02:51:13.805675, function: null, file: null}
Log registered: {message: Session ended and uploader reset., timestamp: 2026-06-09 02:51:13.805763, function: null, file: null}
00:01 +43 ~1: /Users/jose/src/work/hydracamv2/test/screens/uploader_info_screen_test.dart: cancel action clears the current upload row
00:01 +43 ~1: /Users/jose/src/work/hydracamv2/test/slave/slave_client_registration_test.dart: startUploadingAll command starts pending upload queue
Log registered: {message: UploaderService: Resetting upload queue and state., timestamp: 2026-06-09 02:51:13.808123, function: null, file: null}
Log registered: {message: UploaderService: Reset completed., timestamp: 2026-06-09 02:51:13.808291, function: null, file: null}
Log registered: {message: UploaderService: Resetting upload queue and state., timestamp: 2026-06-09 02:51:13.808419, function: null, file: null}
Log registered: {message: UploaderService: Reset completed., timestamp: 2026-06-09 02:51:13.808556, function: null, file: null}
Log registered: {message: Session started with GUID: backend-upload-session on device type: Slave, timestamp: 2026-06-09 02:51:13.808625, function: null, file: null}
Log registered: {message: [UploaderService] No uploaded media with valid durations. Returning zero duration., timestamp: 2026-06-09 02:51:13.810632, function: null, file: null}
Log registered: {message: Media added to upload queue: /var/folders/6s/dp27g8gn26j9mp36sjfxb9tw0000gn/T/slave_upload_commandheQ3W4/queued-photo.jpg, timestamp: 2026-06-09 02:51:13.810949, function: null, file: null}
Log registered: {message: Auto-upload is disabled. Media added to queue but not uploaded., timestamp: 2026-06-09 02:51:13.811255, function: null, file: null}
Log registered: {message: Retrieved existing Device ID: test-device, timestamp: 2026-06-09 02:51:13.811734, function: null, file: null}
Log registered: {message: Attempting to connect to master WebSocket at ws://127.0.0.1:62936/ws with Device ID: test-device, timestamp: 2026-06-09 02:51:13.811801, function: null, file: null}
Log registered: {message: Connected to WebSocket at ws://127.0.0.1:62936/ws, timestamp: 2026-06-09 02:51:13.812127, function: null, file: null}
Log registered: {message: Command received from master: {"command":"startUploadingAll"}, timestamp: 2026-06-09 02:51:13.816304, function: null, file: null}
Log registered: {message: Start-upload-all command received from master., timestamp: 2026-06-09 02:51:13.816614, function: null, file: null}
Log registered: {message: Manual upload initiated., timestamp: 2026-06-09 02:51:13.816744, function: null, file: null}
Log registered: {message: UploaderService: _startUploading called. _isUploading=false, queue length=1, timestamp: 2026-06-09 02:51:13.816936, function: null, file: null}
Log registered: {message: UploaderService: _processNextItem called. Queue length=1, timestamp: 2026-06-09 02:51:13.817371, function: null, file: null}
Log registered: {message: UploaderService: sessionGuid=backend-upload-session, timestamp: 2026-06-09 02:51:13.817567, function: null, file: null}
Log registered: {message: Get token, timestamp: 2026-06-09 02:51:13.818577, function: null, file: null}
Log registered: {message: Fetch token, timestamp: 2026-06-09 02:51:13.818671, function: null, file: null}
Log registered: {message: Failed to fetch M2M token: , timestamp: 2026-06-09 02:51:13.819124, function: null, file: null}
Log registered: {message: Error uploading media: Exception: Failed to retrieve M2M token, timestamp: 2026-06-09 02:51:13.819225, function: null, file: null}
Log registered: {message: Failed to upload media: /var/folders/6s/dp27g8gn26j9mp36sjfxb9tw0000gn/T/slave_upload_commandheQ3W4/queued-photo.jpg, timestamp: 2026-06-09 02:51:13.819321, function: null, file: null}
Log registered: {message: Session metadata saved to /var/folders/6s/dp27g8gn26j9mp36sjfxb9tw0000gn/T/slave_client_docsg0xtgc/session_backend-upload-session/metadata.json, timestamp: 2026-06-09 02:51:13.820385, function: null, file: null}
Log registered: {message: [UploaderService] Queue is empty. Returning zero duration., timestamp: 2026-06-09 02:51:13.820553, function: null, file: null}
Log registered: {message: UploaderService: _processNextItem called. Queue length=0, timestamp: 2026-06-09 02:51:13.820623, function: null, file: null}
Log registered: {message: UploaderService: Queue is empty. Uploading stopped., timestamp: 2026-06-09 02:51:13.820691, function: null, file: null}
Log registered: {message: Connection closed, timestamp: 2026-06-09 02:51:13.824758, function: null, file: null}
Log registered: {message: UploaderService: Resetting upload queue and state., timestamp: 2026-06-09 02:51:13.825090, function: null, file: null}
Log registered: {message: UploaderService: Reset completed., timestamp: 2026-06-09 02:51:13.825183, function: null, file: null}
Log registered: {message: Session metadata saved to /var/folders/6s/dp27g8gn26j9mp36sjfxb9tw0000gn/T/slave_client_docsg0xtgc/session_backend-upload-session/metadata.json, timestamp: 2026-06-09 02:51:13.827054, function: null, file: null}
Log registered: {message: UploaderService: Resetting upload queue and state., timestamp: 2026-06-09 02:51:13.827216, function: null, file: null}
Log registered: {message: UploaderService: Reset completed., timestamp: 2026-06-09 02:51:13.827311, function: null, file: null}
Log registered: {message: Session ended and uploader reset., timestamp: 2026-06-09 02:51:13.827462, function: null, file: null}
00:01 +44 ~1: /Users/jose/src/work/hydracamv2/test/screens/uploader_info_screen_test.dart: cancel action clears the current upload row
00:01 +44 ~1: /Users/jose/src/work/hydracamv2/test/slave/slave_client_registration_test.dart: identifySlave command replies with identifyAck
Log registered: {message: UploaderService: Resetting upload queue and state., timestamp: 2026-06-09 02:51:13.829360, function: null, file: null}
Log registered: {message: UploaderService: Reset completed., timestamp: 2026-06-09 02:51:13.829484, function: null, file: null}
Log registered: {message: Session started with GUID: slave-session-guid on device type: Slave, timestamp: 2026-06-09 02:51:13.829552, function: null, file: null}
Log registered: {message: Retrieved existing Device ID: test-device, timestamp: 2026-06-09 02:51:13.830133, function: null, file: null}
Log registered: {message: Attempting to connect to master WebSocket at ws://127.0.0.1:62938/ws with Device ID: test-device, timestamp: 2026-06-09 02:51:13.830511, function: null, file: null}
Log registered: {message: Connected to WebSocket at ws://127.0.0.1:62938/ws, timestamp: 2026-06-09 02:51:13.830842, function: null, file: null}
Log registered: {message: Command received from master: {"command":"identifySlave","requestId":"identify-test"}, timestamp: 2026-06-09 02:51:13.834507, function: null, file: null}
Log registered: {message: Sent identifyAck notification to master, timestamp: 2026-06-09 02:51:13.835102, function: null, file: null}
Log registered: {message: Connection closed, timestamp: 2026-06-09 02:51:13.835592, function: null, file: null}
Log registered: {message: Session metadata saved to /var/folders/6s/dp27g8gn26j9mp36sjfxb9tw0000gn/T/slave_client_docsg0xtgc/session_slave-session-guid/metadata.json, timestamp: 2026-06-09 02:51:13.837222, function: null, file: null}
Log registered: {message: UploaderService: Resetting upload queue and state., timestamp: 2026-06-09 02:51:13.837434, function: null, file: null}
Log registered: {message: UploaderService: Reset completed., timestamp: 2026-06-09 02:51:13.837505, function: null, file: null}
Log registered: {message: Session ended and uploader reset., timestamp: 2026-06-09 02:51:13.837555, function: null, file: null}
00:01 +45 ~1: /Users/jose/src/work/hydracamv2/test/screens/uploader_info_screen_test.dart: cancel action clears the current upload row
00:01 +45 ~1: /Users/jose/src/work/hydracamv2/test/slave/slave_client_registration_test.dart: scheduled command applies master clock offset before countdown
Log registered: {message: Retrieved existing Device ID: test-device, timestamp: 2026-06-09 02:51:13.839977, function: null, file: null}
Log registered: {message: Attempting to connect to master WebSocket at ws://127.0.0.1:62940/ws with Device ID: test-device, timestamp: 2026-06-09 02:51:13.840084, function: null, file: null}
Log registered: {message: Connected to WebSocket at ws://127.0.0.1:62940/ws, timestamp: 2026-06-09 02:51:13.840396, function: null, file: null}
Log registered: {message: Command received from master: {"type":"scheduledCommand","command":"takePhoto","scheduledTime":"2026-06-08T20:35:05.000Z","masterTime":"2026-06-08T20:35:02.000Z"}, timestamp: 2026-06-09 02:51:13.844175, function: null, file: null}
Log registered: {message: Updated slave scheduled clock offset from master: 2000 ms., timestamp: 2026-06-09 02:51:13.845101, function: null, file: null}
Log registered: {message: Command 'takePhoto' scheduled for 2026-06-08 20:35:05.000Z., timestamp: 2026-06-09 02:51:13.845421, function: null, file: null}
Log registered: {message: Connection closed, timestamp: 2026-06-09 02:51:13.846015, function: null, file: null}
00:01 +46 ~1: /Users/jose/src/work/hydracamv2/test/screens/uploader_info_screen_test.dart: cancel action clears the current upload row
00:01 +46 ~1: /Users/jose/src/work/hydracamv2/test/screens/capture_settings_screen_test.dart: settings screen exposes disabled auto-record toggle
Log registered: {message: Updated autoRecordMode value to true, timestamp: 2026-06-09 02:51:13.880863, function: null, file: null}
00:01 +47 ~1: /Users/jose/src/work/hydracamv2/test/screens/uploader_info_screen_test.dart: cancel action clears the current upload row
00:01 +48 ~1: /Users/jose/src/work/hydracamv2/test/screens/uploader_info_screen_test.dart: cancel action clears the current upload row
Log registered: {message: [UploaderService] Queue is empty. Returning zero duration., timestamp: 2026-06-09 02:51:14.111628, function: null, file: null}
Log registered: {message: Cancelled active upload: /var/folders/6s/dp27g8gn26j9mp36sjfxb9tw0000gn/T/uploader_info_screen_testL8CxCD/current-upload.mp4, timestamp: 2026-06-09 02:51:14.111967, function: null, file: null}
Log registered: {message: Session metadata saved to /var/folders/6s/dp27g8gn26j9mp36sjfxb9tw0000gn/T/uploader_info_screen_docsosgvYu/session_uploader-info-session-guid/metadata.json, timestamp: 2026-06-09 02:51:14.173548, function: null, file: null}
Log registered: {message: UploaderService: Resetting upload queue and state., timestamp: 2026-06-09 02:51:14.173773, function: null, file: null}
Log registered: {message: UploaderService: Reset completed., timestamp: 2026-06-09 02:51:14.173848, function: null, file: null}
Log registered: {message: Session ended and uploader reset., timestamp: 2026-06-09 02:51:14.173906, function: null, file: null}
Log registered: {message: UploaderService: Resetting upload queue and state., timestamp: 2026-06-09 02:51:14.173972, function: null, file: null}
Log registered: {message: UploaderService: Reset completed., timestamp: 2026-06-09 02:51:14.174024, function: null, file: null}
00:02 +49 ~1: /Users/jose/src/work/hydracamv2/test/camera_singleton_initialization_test.dart: CameraServiceSingleton Initialization MasterScreen can be created when CameraServiceSingleton is initialized
Log registered: {message: WebSocket Server stopped, timestamp: 2026-06-09 02:51:14.174497, function: null, file: null}
Log registered: {message: Stopped broadcasting master discovery message., timestamp: 2026-06-09 02:51:14.176967, function: null, file: null}
00:02 +50 ~1: /Users/jose/src/work/hydracamv2/test/screens/capture_settings_screen_test.dart: settings language dropdown stores Polish override
Log registered: {message: Updated locale override to pl, timestamp: 2026-06-09 02:51:14.193168, function: null, file: null}
00:02 +51 ~1: /Users/jose/src/work/hydracamv2/test/screens/capture_settings_screen_test.dart: settings language dropdown stores Polish override
00:02 +52 ~1: /Users/jose/src/work/hydracamv2/test/screens/capture_settings_screen_test.dart: settings language dropdown stores Polish override
00:02 +53 ~1: /Users/jose/src/work/hydracamv2/test/camera_singleton_initialization_test.dart: CameraServiceSingleton Error Prevention Accessing instance before initialization throws clear error
00:02 +54 ~1: /Users/jose/src/work/hydracamv2/test/camera_singleton_initialization_test.dart: CameraServiceSingleton Error Prevention MasterScreen initState accesses CameraServiceSingleton safely
Log registered: {message: WebSocket Server stopped, timestamp: 2026-06-09 02:51:14.276281, function: null, file: null}
Log registered: {message: Stopped broadcasting master discovery message., timestamp: 2026-06-09 02:51:14.276542, function: null, file: null}
00:02 +55 ~1: /Users/jose/src/work/hydracamv2/test/camera_singleton_initialization_test.dart: StorageService Nullable Messenger StorageService can be created with null messenger for early init
00:02 +56 ~1: /Users/jose/src/work/hydracamv2/test/camera_singleton_initialization_test.dart: StorageService Nullable Messenger StorageService handles null messenger gracefully
00:02 +57 ~1: /Users/jose/src/work/hydracamv2/test/slave/slave_screen_fast_connect_test.dart: forced preferred master connects without network readiness probe
00:02 +58 ~1: /Users/jose/src/work/hydracamv2/test/slave/slave_screen_fast_connect_test.dart: forced preferred master connects without network readiness probe
00:02 +59 ~1: /Users/jose/src/work/hydracamv2/test/slave/slave_screen_fast_connect_test.dart: forced preferred master connects without network readiness probe
00:02 +60 ~1: /Users/jose/src/work/hydracamv2/test/slave/slave_screen_fast_connect_test.dart: forced preferred master connects without network readiness probe
00:02 +61 ~1: /Users/jose/src/work/hydracamv2/test/slave/slave_screen_fast_connect_test.dart: forced preferred master connects without network readiness probe
00:02 +62 ~1: /Users/jose/src/work/hydracamv2/test/slave/slave_screen_fast_connect_test.dart: forced preferred master connects without network readiness probe
Log registered: {message: Skipping slave network readiness for forced preferred master 192.168.178.153., timestamp: 2026-06-09 02:51:14.544986, function: null, file: null}
Log registered: {message: Connecting to master at IP: 192.168.178.153, timestamp: 2026-06-09 02:51:14.546889, function: null, file: null}
00:02 +63 ~1: /Users/jose/src/work/hydracamv2/test/slave/slave_screen_fast_connect_test.dart: forced preferred master connects without network readiness probe
00:02 +64 ~1: /Users/jose/src/work/hydracamv2/test/slave/slave_screen_fast_connect_test.dart: forced preferred master connects without network readiness probe
00:02 +65 ~1: /Users/jose/src/work/hydracamv2/test/slave/slave_screen_fast_connect_test.dart: forced preferred master connects without network readiness probe
00:02 +66 ~1: /Users/jose/src/work/hydracamv2/test/slave/slave_screen_fast_connect_test.dart: forced preferred master connects without network readiness probe
00:02 +67 ~1: /Users/jose/src/work/hydracamv2/test/slave/slave_screen_fast_connect_test.dart: forced preferred master connects without network readiness probe
00:02 +67 ~1: /Users/jose/src/work/hydracamv2/test/master/master_network_snapshot_cache_test.dart: stale socket close does not remove current client registration
Log registered: {message: Client slave-a disconnected. Total clients: 0, timestamp: 2026-06-09 02:51:14.660369, function: null, file: null}
00:02 +68 ~1: /Users/jose/src/work/hydracamv2/test/slave/slave_screen_fast_connect_test.dart: forced preferred master connects without network readiness probe
00:02 +68 ~1: /Users/jose/src/work/hydracamv2/test/master/master_network_snapshot_cache_test.dart: stale socket close does not remove current client registration
Trace file unavailable: MissingPluginException(No implementation found for method getApplicationDocumentsDirectory on channel plugins.flutter.io/path_provider)
00:02 +68 ~1: /Users/jose/src/work/hydracamv2/test/master/master_network_snapshot_cache_test.dart: master server retains disconnected device status after socket removal
Log registered: {message: Client slave-a disconnected. Total clients: 0, timestamp: 2026-06-09 02:51:14.665966, function: null, file: null}
00:02 +69 ~1: /Users/jose/src/work/hydracamv2/test/slave/slave_screen_fast_connect_test.dart: forced preferred master connects without network readiness probe
00:02 +69 ~1: /Users/jose/src/work/hydracamv2/test/master/master_network_snapshot_cache_test.dart: master server orders connected devices before disconnected history
Log registered: {message: Client a-stale-slave disconnected. Total clients: 0, timestamp: 2026-06-09 02:51:14.667293, function: null, file: null}
00:02 +70 ~1: /Users/jose/src/work/hydracamv2/test/slave/slave_screen_fast_connect_test.dart: forced preferred master connects without network readiness probe
00:02 +70 ~1: /Users/jose/src/work/hydracamv2/test/master/master_network_snapshot_cache_test.dart: scheduled commands include master send time for slave clock offset
Log registered: {message: Scheduling command 'takePhoto' for 2026-06-08T20:35:05.000Z, timestamp: 2026-06-09 02:51:14.669515, function: null, file: null}
Log registered: {message: Scheduled command 'takePhoto' sent to slave with deviceId: slave-a., timestamp: 2026-06-09 02:51:14.671350, function: null, file: null}
00:02 +71 ~1: /Users/jose/src/work/hydracamv2/test/slave/slave_screen_fast_connect_test.dart: forced preferred master connects without network readiness probe
00:02 +71 ~1: /Users/jose/src/work/hydracamv2/test/master/master_network_snapshot_cache_test.dart: scheduled command for missing slave does not broadcast
Log registered: {message: Scheduling command 'takePhoto' for 2026-06-09T02:20:00.000Z, timestamp: 2026-06-09 02:51:14.676306, function: null, file: null}
Log registered: {message: Scheduled command 'takePhoto' not sent. Slave missing-slave is not connected., timestamp: 2026-06-09 02:51:14.676420, function: null, file: null}
00:02 +72 ~1: /Users/jose/src/work/hydracamv2/test/slave/slave_screen_fast_connect_test.dart: forced preferred master connects without network readiness probe
00:02 +72 ~1: /Users/jose/src/work/hydracamv2/test/master/master_network_snapshot_cache_test.dart: scheduled broadcast sends to all eligible connected slaves
Log registered: {message: Scheduling command 'startRecordingVideo' for 2026-06-09T02:20:00.000Z, timestamp: 2026-06-09 02:51:14.677900, function: null, file: null}
Log registered: {message: Scheduled command 'startRecordingVideo' sent to all connected slaves., timestamp: 2026-06-09 02:51:14.678833, function: null, file: null}
00:02 +73 ~1: /Users/jose/src/work/hydracamv2/test/slave/slave_screen_fast_connect_test.dart: forced preferred master connects without network readiness probe
00:02 +73 ~1: /Users/jose/src/work/hydracamv2/test/master/master_network_snapshot_cache_test.dart: targeted command for missing slave does not broadcast
Log registered: {message: Sending command takePhoto, timestamp: 2026-06-09 02:51:14.680580, function: null, file: null}
Log registered: {message: Command 'takePhoto' not sent. Slave missing-slave is not connected., timestamp: 2026-06-09 02:51:14.680727, function: null, file: null}
00:02 +74 ~1: /Users/jose/src/work/hydracamv2/test/slave/slave_screen_fast_connect_test.dart: forced preferred master connects without network readiness probe
00:02 +74 ~1: /Users/jose/src/work/hydracamv2/test/master/master_network_snapshot_cache_test.dart: targeted command only sends to the requested connected slave
Log registered: {message: Sending command takePhoto, timestamp: 2026-06-09 02:51:14.682065, function: null, file: null}
Log registered: {message: Command 'takePhoto' sent to slave with deviceId: slave-a., timestamp: 2026-06-09 02:51:14.682194, function: null, file: null}
00:02 +75 ~1: /Users/jose/src/work/hydracamv2/test/slave/slave_screen_fast_connect_test.dart: forced preferred master connects without network readiness probe
00:02 +75 ~1: /Users/jose/src/work/hydracamv2/test/master/master_network_snapshot_cache_test.dart: broadcast command sends to all eligible connected slaves
Log registered: {message: Sending command stopRecordingVideo, timestamp: 2026-06-09 02:51:14.683572, function: null, file: null}
Log registered: {message: Command 'stopRecordingVideo' sent to all connected slaves., timestamp: 2026-06-09 02:51:14.683730, function: null, file: null}
00:02 +76 ~1: /Users/jose/src/work/hydracamv2/test/slave/slave_screen_fast_connect_test.dart: forced preferred master connects without network readiness probe
00:02 +76 ~1: /Users/jose/src/work/hydracamv2/test/master/master_network_snapshot_cache_test.dart: master sends identify command and records ack diagnostics
Log registered: {message: Identify command sent to slave with deviceId: slave-a., timestamp: 2026-06-09 02:51:14.685327, function: null, file: null}
00:02 +77 ~1: /Users/jose/src/work/hydracamv2/test/slave/slave_screen_fast_connect_test.dart: forced preferred master connects without network readiness probe
00:02 +78 ~1: /Users/jose/src/work/hydracamv2/test/slave/slave_screen_fast_connect_test.dart: slave app bar opens uploader info directly
Log registered: {message: Skipping slave network readiness for forced preferred master 192.168.178.153., timestamp: 2026-06-09 02:51:14.749119, function: null, file: null}
Log registered: {message: Connecting to master at IP: 192.168.178.153, timestamp: 2026-06-09 02:51:14.749337, function: null, file: null}
00:02 +79 ~1: /Users/jose/src/work/hydracamv2/test/slave/slave_screen_fast_connect_test.dart: connectivity stream errors are logged without uncaught exception
Log registered: {message: Skipping slave network readiness for forced preferred master 192.168.178.153., timestamp: 2026-06-09 02:51:14.924360, function: null, file: null}
Log registered: {message: Connecting to master at IP: 192.168.178.153, timestamp: 2026-06-09 02:51:14.924653, function: null, file: null}
Log registered: {message: Connectivity change listener failed: SocketException: dbus unavailable
#0      main.<anonymous closure> (file:///Users/jose/src/work/hydracamv2/test/slave/slave_screen_fast_connect_test.dart:214:18)
<asynchronous suspension>
#1      testWidgets.<anonymous closure>.<anonymous closure> (package:flutter_test/src/widget_tester.dart:192:15)
<asynchronous suspension>
#2      TestWidgetsFlutterBinding._runTestBody (package:flutter_test/src/binding.dart:1952:5)
<asynchronous suspension>
#3      StackZoneSpecification._registerCallback.<anonymous closure> (package:stack_trace/src/stack_zone_specification.dart:114:42)
<asynchronous suspension>
, timestamp: 2026-06-09 02:51:14.946562, function: null, file: null}
00:02 +80 ~1: /Users/jose/src/work/hydracamv2/test/slave/slave_screen_fast_connect_test.dart: linux skips default connectivity stream subscription
Log registered: {message: Skipping connectivity change listener on linux; network readiness will be checked on demand., timestamp: 2026-06-09 02:51:14.965462, function: null, file: null}
Log registered: {message: Skipping slave network readiness for forced preferred master 192.168.178.153., timestamp: 2026-06-09 02:51:14.965719, function: null, file: null}
Log registered: {message: Connecting to master at IP: 192.168.178.153, timestamp: 2026-06-09 02:51:14.965814, function: null, file: null}
00:02 +81 ~1: /Users/jose/src/work/hydracamv2/test/automation/automation_config_test.dart: automation bridge port can be overridden with a dart define
00:02 +82 ~1: /Users/jose/src/work/hydracamv2/test/slave/slave_screen_fast_connect_test.dart: recording slave surface exposes safe stop control
00:02 +83 ~1: /Users/jose/src/work/hydracamv2/test/slave/slave_screen_fast_connect_test.dart: recording slave surface exposes safe stop control
Log registered: {message: Skipping slave network readiness for forced preferred master 192.168.178.153., timestamp: 2026-06-09 02:51:15.012218, function: null, file: null}
Log registered: {message: Connecting to master at IP: 192.168.178.153, timestamp: 2026-06-09 02:51:15.012442, function: null, file: null}
00:03 +84 ~1: /Users/jose/src/work/hydracamv2/test/automation/automation_bridge_test.dart: health snapshot exposes automation target identity
00:03 +85 ~1: /Users/jose/src/work/hydracamv2/test/automation/automation_standby_screen_test.dart: standby screen renders visible status instead of a blank body
00:03 +86 ~1: /Users/jose/src/work/hydracamv2/test/automation/automation_standby_screen_test.dart: standby screen renders visible status instead of a blank body
00:03 +87 ~1: /Users/jose/src/work/hydracamv2/test/automation/automation_standby_screen_test.dart: standby screen renders visible status instead of a blank body
00:03 +88 ~1: /Users/jose/src/work/hydracamv2/test/automation/automation_standby_screen_test.dart: standby screen renders visible status instead of a blank body
00:03 +89 ~1: /Users/jose/src/work/hydracamv2/test/automation/automation_standby_screen_test.dart: standby screen renders visible status instead of a blank body
00:03 +90 ~1: /Users/jose/src/work/hydracamv2/test/automation/automation_standby_screen_test.dart: standby screen renders visible status instead of a blank body
00:03 +90 ~1: /Users/jose/src/work/hydracamv2/test/services/camera_service_failure_test.dart: takePhoto surfaces camera failures instead of returning a fake path
Log registered: {message: Initializing camera..., timestamp: 2026-06-09 02:51:15.378043, function: null, file: null}
00:03 +91 ~1: /Users/jose/src/work/hydracamv2/test/automation/automation_standby_screen_test.dart: standby screen renders visible status instead of a blank body
00:03 +91 ~1: /Users/jose/src/work/hydracamv2/test/services/camera_service_failure_test.dart: takePhoto surfaces camera failures instead of returning a fake path
Log registered: {message: Error taking photo: Exception: No cameras available on this device.
#0      CameraService.ensureCameraIsReady (package:hydracam/services/camera_service.dart:253:7)
<asynchronous suspension>
#1      CameraService.takePhoto (package:hydracam/services/camera_service.dart:303:7)
<asynchronous suspension>
#2      Throws._matchFuture (package:matcher/src/expect/throws_matcher.dart:103:19)
<asynchronous suspension>
#3      _expect.<anonymous closure> (package:matcher/src/expect/expect.dart:153:17)
<asynchronous suspension>
#4      StackZoneSpecification._registerCallback.<anonymous closure> (package:stack_trace/src/stack_zone_specification.dart:114:42)
<asynchronous suspension>
#5      expectLater.<anonymous closure> (package:flutter_test/src/widget_tester.dart:508:19)
<asynchronous suspension>
#6      main.<anonymous closure> (file:///Users/jose/src/work/hydracamv2/test/services/camera_service_failure_test.dart:56:5)
<asynchronous suspension>
#7      Declarer.test.<anonymous closure>.<anonymous closure> (package:test_api/src/backend/declarer.dart:253:15)
<asynchronous suspension>
#8      Declarer.test.<anonymous closure> (package:test_api/src/backend/declarer.dart:250:11)
<asynchronous suspension>
#9      Invoker._waitForOutstandingCallbacks.<anonymous closure> (package:test_api/src/backend/invoker.dart:318:9)
<asynchronous suspension>
, timestamp: 2026-06-09 02:51:15.388696, function: null, file: null}
00:03 +92 ~1: /Users/jose/src/work/hydracamv2/test/automation/automation_standby_screen_test.dart: standby screen renders visible status instead of a blank body
00:03 +93 ~1: /Users/jose/src/work/hydracamv2/test/automation/automation_standby_screen_test.dart: standby screen renders visible status instead of a blank body
00:03 +94 ~1: /Users/jose/src/work/hydracamv2/test/automation/automation_standby_screen_test.dart: standby screen renders visible status instead of a blank body
00:03 +95 ~1: /Users/jose/src/work/hydracamv2/test/automation/automation_standby_screen_test.dart: standby screen renders visible status instead of a blank body
00:03 +96 ~1: /Users/jose/src/work/hydracamv2/test/automation/automation_standby_screen_test.dart: standby screen renders visible status instead of a blank body
00:03 +97 ~1: /Users/jose/src/work/hydracamv2/test/automation/automation_standby_screen_test.dart: standby screen renders visible status instead of a blank body
00:03 +98 ~1: /Users/jose/src/work/hydracamv2/test/automation/automation_standby_screen_test.dart: standby screen renders visible status instead of a blank body
00:03 +98 ~1: /Users/jose/src/work/hydracamv2/test/services/camera_service_failure_test.dart: startRecordingVideo stays inactive when the camera platform fails
Log registered: {message: Initializing camera..., timestamp: 2026-06-09 02:51:15.397706, function: null, file: null}
00:03 +99 ~1: /Users/jose/src/work/hydracamv2/test/automation/automation_standby_screen_test.dart: standby screen renders visible status instead of a blank body
00:03 +100 ~1: /Users/jose/src/work/hydracamv2/test/automation/automation_standby_screen_test.dart: standby screen renders visible status instead of a blank body
00:03 +100 ~1: /Users/jose/src/work/hydracamv2/test/services/camera_service_failure_test.dart: startRecordingVideo stays inactive when the camera platform fails
Log registered: {message: Updated selected camera name to fake-back-camera, timestamp: 2026-06-09 02:51:15.399720, function: null, file: null}
00:03 +101 ~1: /Users/jose/src/work/hydracamv2/test/automation/automation_standby_screen_test.dart: standby screen renders visible status instead of a blank body
00:03 +101 ~1: /Users/jose/src/work/hydracamv2/test/services/camera_service_failure_test.dart: startRecordingVideo stays inactive when the camera platform fails
Log registered: {message: Camera successfully initialized., timestamp: 2026-06-09 02:51:15.405018, function: null, file: null}
Log registered: {message: Generated new Device ID: 7e7f0d38-0d71-4642-90a2-3ac7a0f223bf, timestamp: 2026-06-09 02:51:15.407326, function: null, file: null}
Log registered: {message: Camera video recording start failed with explicit fps; retrying with resolution preset defaults. Error: CameraException(ios_camera_start_failed, Simulated iPad recording start failure)
#0      CameraController.startVideoRecording (package:camera/src/camera_controller.dart:607:7)
<asynchronous suspension>
#1      Future.timeout.<anonymous closure> (dart:async/future_impl.dart:1061:7)
<asynchronous suspension>
#2      CameraService._startVideoRecordingWithFallback (package:hydracam/services/camera_service.dart:728:7)
<asynchronous suspension>
#3      CameraService.startRecordingVideo (package:hydracam/services/camera_service.dart:397:7)
<asynchronous suspension>
#4      Throws._matchFuture (package:matcher/src/expect/throws_matcher.dart:103:19)
<asynchronous suspension>
#5      _expect.<anonymous closure> (package:matcher/src/expect/expect.dart:153:17)
<asynchronous suspension>
#6      StackZoneSpecification._registerCallback.<anonymous closure> (package:stack_trace/src/stack_zone_specification.dart:114:42)
<asynchronous suspension>
#7      expectLater.<anonymous closure> (package:flutter_test/src/widget_tester.dart:508:19)
<asynchronous suspension>
#8      main.<anonymous closure> (file:///Users/jose/src/work/hydracamv2/test/services/camera_service_failure_test.dart:81:5)
<asynchronous suspension>
#9      Declarer.test.<anonymous closure>.<anonymous closure> (package:test_api/src/backend/declarer.dart:253:15)
<asynchronous suspension>
#10     Declarer.test.<anonymous closure> (package:test_api/src/backend/declarer.dart:250:11)
<asynchronous suspension>
#11     Invoker._waitForOutstandingCallbacks.<anonymous closure> (package:test_api/src/backend/invoker.dart:318:9)
<asynchronous suspension>
, timestamp: 2026-06-09 02:51:15.409237, function: null, file: null}
00:03 +102 ~1: /Users/jose/src/work/hydracamv2/test/services/camera_service_failure_test.dart: startRecordingVideo stays inactive when the camera platform fails
Log registered: {message: Camera reinitialized for video recording start without explicit fps: camera=fake-back-camera, profile=standard1080p30., timestamp: 2026-06-09 02:51:15.813182, function: null, file: null}
Log registered: {message: Error starting video recording: CameraException(ios_camera_start_failed, Simulated iPad recording start failure)
#0      CameraController.startVideoRecording (package:camera/src/camera_controller.dart:607:7)
<asynchronous suspension>
#1      Future.timeout.<anonymous closure> (dart:async/future_impl.dart:1061:7)
<asynchronous suspension>
#2      CameraService._startVideoRecordingWithFallback (package:hydracam/services/camera_service.dart:744:7)
<asynchronous suspension>
#3      CameraService.startRecordingVideo (package:hydracam/services/camera_service.dart:397:7)
<asynchronous suspension>
#4      Throws._matchFuture (package:matcher/src/expect/throws_matcher.dart:103:19)
<asynchronous suspension>
#5      _expect.<anonymous closure> (package:matcher/src/expect/expect.dart:153:17)
<asynchronous suspension>
#6      StackZoneSpecification._registerCallback.<anonymous closure> (package:stack_trace/src/stack_zone_specification.dart:114:42)
<asynchronous suspension>
#7      expectLater.<anonymous closure> (package:flutter_test/src/widget_tester.dart:508:19)
<asynchronous suspension>
#8      main.<anonymous closure> (file:///Users/jose/src/work/hydracamv2/test/services/camera_service_failure_test.dart:81:5)
<asynchronous suspension>
#9      Declarer.test.<anonymous closure>.<anonymous closure> (package:test_api/src/backend/declarer.dart:253:15)
<asynchronous suspension>
#10     Declarer.test.<anonymous closure> (package:test_api/src/backend/declarer.dart:250:11)
<asynchronous suspension>
#11     Invoker._waitForOutstandingCallbacks.<anonymous closure> (package:test_api/src/backend/invoker.dart:318:9)
<asynchronous suspension>
, timestamp: 2026-06-09 02:51:15.813647, function: null, file: null}
00:03 +103 ~1: /Users/jose/src/work/hydracamv2/test/services/camera_service_failure_test.dart: startRecordingVideo works when the iPad has no flash capability
Log registered: {message: Initializing camera..., timestamp: 2026-06-09 02:51:15.816742, function: null, file: null}
Log registered: {message: Updated selected camera name to fake-back-camera, timestamp: 2026-06-09 02:51:15.816988, function: null, file: null}
Log registered: {message: Flash is unavailable for camera readiness initialization; continuing without flash: CameraException(setFlashModeFailed, Device does not have flash capabilities), timestamp: 2026-06-09 02:51:15.817431, function: null, file: null}
Log registered: {message: Camera successfully initialized., timestamp: 2026-06-09 02:51:15.817525, function: null, file: null}
Log registered: {message: Generated new Device ID: 0950f1d0-a72f-4d60-b487-6a447076f510, timestamp: 2026-06-09 02:51:15.817690, function: null, file: null}
Log registered: {message: Video recording started with flash off, timestamp: 2026-06-09 02:51:15.817967, function: null, file: null}
00:03 +104 ~1: /Users/jose/src/work/hydracamv2/test/services/camera_service_failure_test.dart: non-flash initialization failures still surface
Log registered: {message: Initializing camera..., timestamp: 2026-06-09 02:51:15.819409, function: null, file: null}
Log registered: {message: Updated selected camera name to fake-back-camera, timestamp: 2026-06-09 02:51:15.819704, function: null, file: null}
Log registered: {message: Error initializing camera: CameraException(setFlashModeFailed, Camera session is unavailable)
#0      CameraController.setFlashMode (package:camera/src/camera_controller.dart:729:7)
<asynchronous suspension>
#1      CameraService._setFlashModeIfSupported (package:hydracam/services/camera_service.dart:821:7)
<asynchronous suspension>
#2      CameraService.ensureCameraIsReady (package:hydracam/services/camera_service.dart:268:7)
<asynchronous suspension>
#3      Throws._matchFuture (package:matcher/src/expect/throws_matcher.dart:103:19)
<asynchronous suspension>
#4      _expect.<anonymous closure> (package:matcher/src/expect/expect.dart:153:17)
<asynchronous suspension>
#5      StackZoneSpecification._registerCallback.<anonymous closure> (package:stack_trace/src/stack_zone_specification.dart:114:42)
<asynchronous suspension>
#6      expectLater.<anonymous closure> (package:flutter_test/src/widget_tester.dart:508:19)
<asynchronous suspension>
#7      main.<anonymous closure> (file:///Users/jose/src/work/hydracamv2/test/services/camera_service_failure_test.dart:130:5)
<asynchronous suspension>
#8      Declarer.test.<anonymous closure>.<anonymous closure> (package:test_api/src/backend/declarer.dart:253:15)
<asynchronous suspension>
#9      Declarer.test.<anonymous closure> (package:test_api/src/backend/declarer.dart:250:11)
<asynchronous suspension>
#10     Invoker._waitForOutstandingCallbacks.<anonymous closure> (package:test_api/src/backend/invoker.dart:318:9)
<asynchronous suspension>
, timestamp: 2026-06-09 02:51:15.820128, function: null, file: null}
00:03 +105 ~1: /Users/jose/src/work/hydracamv2/test/services/camera_service_failure_test.dart: stopRecordingVideo surfaces the camera plugin no-recording error
Log registered: {message: Initializing camera..., timestamp: 2026-06-09 02:51:15.821732, function: null, file: null}
Log registered: {message: Updated selected camera name to fake-back-camera, timestamp: 2026-06-09 02:51:15.821954, function: null, file: null}
Log registered: {message: Camera successfully initialized., timestamp: 2026-06-09 02:51:15.822240, function: null, file: null}
Log registered: {message: Error stopping video recording: Exception: stopVideoRecording was called when no video is recording.
#0      CameraService.stopRecordingVideo (package:hydracam/services/camera_service.dart:423:9)
#1      main.<anonymous closure> (file:///Users/jose/src/work/hydracamv2/test/services/camera_service_failure_test.dart:153:21)
<asynchronous suspension>
#2      Declarer.test.<anonymous closure>.<anonymous closure> (package:test_api/src/backend/declarer.dart:253:15)
<asynchronous suspension>
#3      Declarer.test.<anonymous closure> (package:test_api/src/backend/declarer.dart:250:11)
<asynchronous suspension>
#4      Invoker._waitForOutstandingCallbacks.<anonymous closure> (package:test_api/src/backend/invoker.dart:318:9)
<asynchronous suspension>
, timestamp: 2026-06-09 02:51:15.822554, function: null, file: null}
00:03 +106 ~1: /Users/jose/src/work/hydracamv2/test/services/camera_service_failure_test.dart: mock camera writes placeholder media without a platform camera
Log registered: {message: Using mock camera because HYDRACAM_MOCK_CAMERA is enabled., timestamp: 2026-06-09 02:51:15.824261, function: null, file: null}
Log registered: {message: Mock camera ready for native controller mode on macOS., timestamp: 2026-06-09 02:51:15.824486, function: null, file: null}
Log registered: {message: Generated new Device ID: 5fa48a52-515e-42e6-865d-79840653bf98, timestamp: 2026-06-09 02:51:15.824686, function: null, file: null}
Log registered: {message: Mock photo saved to session path: /var/folders/6s/dp27g8gn26j9mp36sjfxb9tw0000gn/T/camera_service_mock_docsYyFph7/session_null/mock_1_2026-06-09T02-51-15-825048.jpg, timestamp: 2026-06-09 02:51:15.826305, function: null, file: null}
Log registered: {message: Mock camera ready for native controller mode on macOS., timestamp: 2026-06-09 02:51:15.826477, function: null, file: null}
Log registered: {message: Retrieved existing Device ID: 5fa48a52-515e-42e6-865d-79840653bf98, timestamp: 2026-06-09 02:51:15.826598, function: null, file: null}
Log registered: {message: Mock video recording started for native controller mode., timestamp: 2026-06-09 02:51:15.826834, function: null, file: null}
Log registered: {message: Mock video saved to session path: /var/folders/6s/dp27g8gn26j9mp36sjfxb9tw0000gn/T/camera_service_mock_docsYyFph7/session_null/mock_2_2026-06-09T02-51-15-827146.mp4, timestamp: 2026-06-09 02:51:15.827949, function: null, file: null}
00:03 +107 ~1: /Users/jose/src/work/hydracamv2/test/services/camera_service_failure_test.dart: critical battery force stop saves mock recording and interrupts
Log registered: {message: Using mock camera because HYDRACAM_MOCK_CAMERA is enabled., timestamp: 2026-06-09 02:51:15.829456, function: null, file: null}
Log registered: {message: Mock camera ready for native controller mode on macOS., timestamp: 2026-06-09 02:51:15.829572, function: null, file: null}
Log registered: {message: Generated new Device ID: 209b77a6-827a-4498-9e47-a6ffa5ee047e, timestamp: 2026-06-09 02:51:15.829748, function: null, file: null}
Log registered: {message: Mock video recording started for native controller mode., timestamp: 2026-06-09 02:51:15.829824, function: null, file: null}
Log registered: {message: Stopping recording due to critical battery., timestamp: 2026-06-09 02:51:15.829987, function: null, file: null}
Log registered: {message: Mock video saved to session path: /var/folders/6s/dp27g8gn26j9mp36sjfxb9tw0000gn/T/camera_service_mock_docsYyFph7/session_null/mock_1_2026-06-09T02-51-15-830104.mp4, timestamp: 2026-06-09 02:51:15.830731, function: null, file: null}
Log registered: {message: Retrieved existing Device ID: 209b77a6-827a-4498-9e47-a6ffa5ee047e, timestamp: 2026-06-09 02:51:15.831198, function: null, file: null}
Log registered: {message: Adding video to upload queue: /var/folders/6s/dp27g8gn26j9mp36sjfxb9tw0000gn/T/camera_service_mock_docsYyFph7/session_null/mock_1_2026-06-09T02-51-15-830104.mp4, timestamp: 2026-06-09 02:51:15.831779, function: null, file: null}
Log registered: {message: Upload blocked: session is not backend-created; create the session through the webservice before capture., timestamp: 2026-06-09 02:51:15.834236, function: null, file: null}
00:03 +108 ~1: /Users/jose/src/work/hydracamv2/test/services/camera_service_failure_test.dart: critical battery force stop survives missing start timestamp
Log registered: {message: UploaderService: Resetting upload queue and state., timestamp: 2026-06-09 02:51:15.835850, function: null, file: null}
Log registered: {message: UploaderService: Reset completed., timestamp: 2026-06-09 02:51:15.836173, function: null, file: null}
Log registered: {message: Session started with GUID: critical-battery-missing-start on device type: Master, timestamp: 2026-06-09 02:51:15.836400, function: null, file: null}
Log registered: {message: Using mock camera because HYDRACAM_MOCK_CAMERA is enabled., timestamp: 2026-06-09 02:51:15.836476, function: null, file: null}
Log registered: {message: Mock camera ready for native controller mode on macOS., timestamp: 2026-06-09 02:51:15.836635, function: null, file: null}
Log registered: {message: Generated new Device ID: 04cbb8d8-063f-4da0-8000-ff39301e28ca, timestamp: 2026-06-09 02:51:15.836874, function: null, file: null}
Log registered: {message: Mock video recording started for native controller mode., timestamp: 2026-06-09 02:51:15.836950, function: null, file: null}
Log registered: {message: Stopping recording due to critical battery., timestamp: 2026-06-09 02:51:15.837039, function: null, file: null}
Log registered: {message: Mock video saved to session path: /var/folders/6s/dp27g8gn26j9mp36sjfxb9tw0000gn/T/camera_service_mock_docsYyFph7/session_critical-battery-missing-start/mock_1_2026-06-09T02-51-15-837172.mp4, timestamp: 2026-06-09 02:51:15.838104, function: null, file: null}
Log registered: {message: Retrieved existing Device ID: 04cbb8d8-063f-4da0-8000-ff39301e28ca, timestamp: 2026-06-09 02:51:15.838428, function: null, file: null}
Log registered: {message: Recording start timestamp was missing during forced stop; using end timestamp as fallback., timestamp: 2026-06-09 02:51:15.838496, function: null, file: null}
Log registered: {message: Adding video to upload queue: /var/folders/6s/dp27g8gn26j9mp36sjfxb9tw0000gn/T/camera_service_mock_docsYyFph7/session_critical-battery-missing-start/mock_1_2026-06-09T02-51-15-837172.mp4, timestamp: 2026-06-09 02:51:15.838663, function: null, file: null}
Log registered: {message: Session metadata saved to /var/folders/6s/dp27g8gn26j9mp36sjfxb9tw0000gn/T/camera_service_mock_docsYyFph7/session_critical-battery-missing-start/metadata.json, timestamp: 2026-06-09 02:51:15.840744, function: null, file: null}
Log registered: {message: [UploaderService] No uploaded media with valid durations. Returning zero duration., timestamp: 2026-06-09 02:51:15.841282, function: null, file: null}
Log registered: {message: Media added to upload queue: /var/folders/6s/dp27g8gn26j9mp36sjfxb9tw0000gn/T/camera_service_mock_docsYyFph7/session_critical-battery-missing-start/mock_1_2026-06-09T02-51-15-837172.mp4, timestamp: 2026-06-09 02:51:15.841387, function: null, file: null}
Log registered: {message: Auto-upload is enabled. Starting upload process., timestamp: 2026-06-09 02:51:15.841503, function: null, file: null}
Log registered: {message: UploaderService: _startUploading called. _isUploading=false, queue length=1, timestamp: 2026-06-09 02:51:15.841673, function: null, file: null}
Log registered: {message: UploaderService: _processNextItem called. Queue length=1, timestamp: 2026-06-09 02:51:15.842048, function: null, file: null}
Log registered: {message: UploaderService: sessionGuid=critical-battery-missing-start, timestamp: 2026-06-09 02:51:15.842127, function: null, file: null}
Log registered: {message: Get token, timestamp: 2026-06-09 02:51:15.843617, function: null, file: null}
Log registered: {message: Fetch token, timestamp: 2026-06-09 02:51:15.843934, function: null, file: null}
Log registered: {message: Failed to fetch M2M token: , timestamp: 2026-06-09 02:51:15.851214, function: null, file: null}
Log registered: {message: Error uploading media: Exception: Failed to retrieve M2M token, timestamp: 2026-06-09 02:51:15.851401, function: null, file: null}
Log registered: {message: Failed to upload media: /var/folders/6s/dp27g8gn26j9mp36sjfxb9tw0000gn/T/camera_service_mock_docsYyFph7/session_critical-battery-missing-start/mock_1_2026-06-09T02-51-15-837172.mp4, timestamp: 2026-06-09 02:51:15.852105, function: null, file: null}
Log registered: {message: Session metadata saved to /var/folders/6s/dp27g8gn26j9mp36sjfxb9tw0000gn/T/camera_service_mock_docsYyFph7/session_critical-battery-missing-start/metadata.json, timestamp: 2026-06-09 02:51:15.853023, function: null, file: null}
Log registered: {message: Session metadata saved to /var/folders/6s/dp27g8gn26j9mp36sjfxb9tw0000gn/T/camera_service_mock_docsYyFph7/session_critical-battery-missing-start/metadata.json, timestamp: 2026-06-09 02:51:15.853885, function: null, file: null}
Log registered: {message: UploaderService: Resetting upload queue and state., timestamp: 2026-06-09 02:51:15.854083, function: null, file: null}
Log registered: {message: UploaderService: Reset completed., timestamp: 2026-06-09 02:51:15.854189, function: null, file: null}
Log registered: {message: Session ended and uploader reset., timestamp: 2026-06-09 02:51:15.854264, function: null, file: null}
Log registered: {message: [UploaderService] Queue is empty. Returning zero duration., timestamp: 2026-06-09 02:51:15.854398, function: null, file: null}
Log registered: {message: UploaderService: _processNextItem called. Queue length=0, timestamp: 2026-06-09 02:51:15.854470, function: null, file: null}
Log registered: {message: UploaderService: Queue is empty. Uploading stopped., timestamp: 2026-06-09 02:51:15.854529, function: null, file: null}
00:03 +109 ~1: /Users/jose/src/work/hydracamv2/test/services/camera_service_failure_test.dart: selected ultra-wide lens uses sport 1080p60 controller settings
Log registered: {message: Initializing camera..., timestamp: 2026-06-09 02:51:15.856601, function: null, file: null}
Log registered: {message: Updated selected camera name to iphone-ultra-wide, timestamp: 2026-06-09 02:51:15.857177, function: null, file: null}
Log registered: {message: Camera successfully initialized., timestamp: 2026-06-09 02:51:15.857922, function: null, file: null}
Log registered: {message: Generated new Device ID: c31ba13a-99f3-4dec-ae12-bfb718696813, timestamp: 2026-06-09 02:51:15.858374, function: null, file: null}
Log registered: {message: Video recording started with flash off, timestamp: 2026-06-09 02:51:15.858746, function: null, file: null}
00:03 +110 ~1: /Users/jose/src/work/hydracamv2/test/services/camera_service_failure_test.dart: changing video profile preserves the selected camera
Log registered: {message: Initializing camera..., timestamp: 2026-06-09 02:51:15.860773, function: null, file: null}
Log registered: {message: Camera successfully initialized., timestamp: 2026-06-09 02:51:15.861250, function: null, file: null}
Log registered: {message: Changing video capture profile to detail4k30 (current: standard1080p30), timestamp: 2026-06-09 02:51:15.861497, function: null, file: null}
Log registered: {message: Updated video capture profile to detail4k30, timestamp: 2026-06-09 02:51:15.861901, function: null, file: null}
Log registered: {message: Camera capture settings applied and reinitialized: camera=iphone-telephoto, profile=detail4k30., timestamp: 2026-06-09 02:51:16.264939, function: null, file: null}
00:04 +111 ~1: /Users/jose/src/work/hydracamv2/test/services/camera_service_failure_test.dart: setup preview uses preset defaults without explicit fps
Log registered: {message: Initializing camera preview..., timestamp: 2026-06-09 02:51:16.266936, function: null, file: null}
Log registered: {message: Updated selected camera name to fake-back-camera, timestamp: 2026-06-09 02:51:16.267217, function: null, file: null}
Log registered: {message: Camera preview successfully initialized without explicit fps., timestamp: 2026-06-09 02:51:16.267542, function: null, file: null}
00:04 +112 ~1: /Users/jose/src/work/hydracamv2/test/services/camera_service_failure_test.dart: recording after setup preview rebuilds the explicit fps controller
Log registered: {message: Initializing camera preview..., timestamp: 2026-06-09 02:51:16.268994, function: null, file: null}
Log registered: {message: Updated selected camera name to fake-back-camera, timestamp: 2026-06-09 02:51:16.269370, function: null, file: null}
Log registered: {message: Camera preview successfully initialized without explicit fps., timestamp: 2026-06-09 02:51:16.269827, function: null, file: null}
Log registered: {message: Initializing camera..., timestamp: 2026-06-09 02:51:16.270019, function: null, file: null}
00:04 +113 ~1: /Users/jose/src/work/hydracamv2/test/services/camera_service_failure_test.dart: recording after setup preview rebuilds the explicit fps controller
00:04 +113 ~1: /Users/jose/src/work/hydracamv2/test/services/app_locale_service_test.dart: clears unsupported stored locale overrides
Log registered: {message: Cleared locale override, timestamp: 2026-06-09 02:51:16.316407, function: null, file: null}
Trace file unavailable: Binding has not yet been initialized.
The "instance" getter on the ServicesBinding binding mixin is only available once that binding has been initialized.
Typically, this is done by calling "WidgetsFlutterBinding.ensureInitialized()" or "runApp()" (the latter calls the former). Typically this call is done in the "void main()" method. The "ensureInitialized" method is idempotent; calling it multiple times is not harmful. After calling that method, the "instance" getter will return the binding.
In a test, one can call "TestWidgetsFlutterBinding.ensureInitialized()" as the first line in the test's "main()" method to initialize the binding.
If ServicesBinding is a custom binding mixin, there must also be a custom binding class, like WidgetsFlutterBinding, but that mixes in the selected binding, and that is the class that must be constructed before using the "instance" getter.
00:04 +114 ~1: /Users/jose/src/work/hydracamv2/test/services/camera_service_failure_test.dart: recording after setup preview rebuilds the explicit fps controller
00:04 +114 ~1: /Users/jose/src/work/hydracamv2/test/services/app_locale_service_test.dart: notifies listeners when locale override changes
Log registered: {message: Updated locale override to de, timestamp: 2026-06-09 02:51:16.333160, function: null, file: null}
00:04 +115 ~1: /Users/jose/src/work/hydracamv2/test/services/camera_service_failure_test.dart: recording after setup preview rebuilds the explicit fps controller
00:04 +115 ~1: /Users/jose/src/work/hydracamv2/test/services/user_service_test.dart: UserService restores HydraCam GUID after Auth0 restore
Log registered: {message: Fetching restored GUID for email: restored@example.com, timestamp: 2026-06-09 02:51:16.345277, function: null, file: null}
Log registered: {message: User session restored. GUID: hydracam-user-guid, timestamp: 2026-06-09 02:51:16.349024, function: null, file: null}
00:04 +116 ~1: /Users/jose/src/work/hydracamv2/test/services/camera_service_failure_test.dart: recording after setup preview rebuilds the explicit fps controller
00:04 +117 ~1: /Users/jose/src/work/hydracamv2/test/services/camera_service_failure_test.dart: recording after setup preview rebuilds the explicit fps controller
00:04 +117 ~1: /Users/jose/src/work/hydracamv2/test/services/user_service_test.dart: UserService restores HydraCam GUID after Auth0 restore
Trace file unavailable: MissingPluginException(No implementation found for method getApplicationDocumentsDirectory on channel plugins.flutter.io/path_provider)
00:04 +117 ~1: /Users/jose/src/work/hydracamv2/test/services/user_service_test.dart: UserService login clears stale GUID when switched account is unmapped
Log registered: {message: Profile set from user service: https://example.com/first.png, timestamp: 2026-06-09 02:51:16.355752, function: login, file: user_service.dart}
Log registered: {message: Fetching GUID for email: first@example.com, timestamp: 2026-06-09 02:51:16.356012, function: null, file: null}
Log registered: {message: User logged in successfully. GUID: first-guid, timestamp: 2026-06-09 02:51:16.356226, function: null, file: null}
Log registered: {message: Profile set from user service: https://example.com/missing.png, timestamp: 2026-06-09 02:51:16.356472, function: login, file: user_service.dart}
Log registered: {message: Fetching GUID for email: missing@example.com, timestamp: 2026-06-09 02:51:16.356622, function: null, file: null}
Log registered: {message: Failed to fetch GUID: User not found for missing@example.com, timestamp: 2026-06-09 02:51:16.356833, function: null, file: null}
00:04 +118 ~1: /Users/jose/src/work/hydracamv2/test/services/camera_service_failure_test.dart: recording after setup preview rebuilds the explicit fps controller
00:04 +119 ~1: /Users/jose/src/work/hydracamv2/test/services/camera_service_failure_test.dart: recording after setup preview rebuilds the explicit fps controller
00:04 +120 ~1: /Users/jose/src/work/hydracamv2/test/services/camera_service_failure_test.dart: recording after setup preview rebuilds the explicit fps controller
00:04 +120 ~1: /Users/jose/src/work/hydracamv2/test/services/device_service_test.dart: DeviceIdService reports native macOS device info instead of unsupported platform
Log registered: {message: Generated new Device ID: bd5ff927-4a7e-4175-94bf-b6e0ada6100d, timestamp: 2026-06-09 02:51:16.420550, function: null, file: null}
00:04 +121 ~1: /Users/jose/src/work/hydracamv2/test/services/camera_service_failure_test.dart: recording after setup preview rebuilds the explicit fps controller
00:04 +122 ~1: /Users/jose/src/work/hydracamv2/test/services/camera_service_failure_test.dart: recording after setup preview rebuilds the explicit fps controller
00:04 +123 ~1: /Users/jose/src/work/hydracamv2/test/services/camera_service_failure_test.dart: recording after setup preview rebuilds the explicit fps controller
00:04 +124 ~1: /Users/jose/src/work/hydracamv2/test/services/camera_service_failure_test.dart: recording after setup preview rebuilds the explicit fps controller
00:04 +125 ~1: /Users/jose/src/work/hydracamv2/test/services/camera_service_failure_test.dart: recording after setup preview rebuilds the explicit fps controller
00:04 +125 ~1: /Users/jose/src/work/hydracamv2/test/services/session_manager_test.dart: SessionManager Session lifecycle starts with no active session
Log registered: {message: UploaderService: Resetting upload queue and state., timestamp: 2026-06-09 02:51:16.478061, function: null, file: null}
Log registered: {message: UploaderService: Reset completed., timestamp: 2026-06-09 02:51:16.480489, function: null, file: null}
00:04 +125 ~1: /Users/jose/src/work/hydracamv2/test/services/hydracam_api_service_test.dart: uploadMedia includes app version fields in multipart metadata
Log registered: {message: Get token, timestamp: 2026-06-09 02:51:16.478914, function: null, file: null}
00:04 +126 ~1: /Users/jose/src/work/hydracamv2/test/services/camera_service_failure_test.dart: recording after setup preview rebuilds the explicit fps controller
00:04 +126 ~1: /Users/jose/src/work/hydracamv2/test/services/session_manager_test.dart: SessionManager Session lifecycle startSession creates new session
Log registered: {message: UploaderService: Resetting upload queue and state., timestamp: 2026-06-09 02:51:16.490281, function: null, file: null}
Log registered: {message: UploaderService: Reset completed., timestamp: 2026-06-09 02:51:16.490440, function: null, file: null}
Log registered: {message: UploaderService: Resetting upload queue and state., timestamp: 2026-06-09 02:51:16.491017, function: null, file: null}
Log registered: {message: UploaderService: Reset completed., timestamp: 2026-06-09 02:51:16.491175, function: null, file: null}
Log registered: {message: Session started with GUID: test-guid on device type: Master, timestamp: 2026-06-09 02:51:16.491447, function: null, file: null}
Log registered: {message: Session metadata saved to /var/folders/6s/dp27g8gn26j9mp36sjfxb9tw0000gn/T/session_manager_docsg144cP/session_test-guid/metadata.json, timestamp: 2026-06-09 02:51:16.497781, function: null, file: null}
Log registered: {message: UploaderService: Resetting upload queue and state., timestamp: 2026-06-09 02:51:16.498014, function: null, file: null}
Log registered: {message: UploaderService: Reset completed., timestamp: 2026-06-09 02:51:16.498111, function: null, file: null}
Log registered: {message: Session ended and uploader reset., timestamp: 2026-06-09 02:51:16.498175, function: null, file: null}
00:04 +127 ~1: /Users/jose/src/work/hydracamv2/test/services/camera_service_failure_test.dart: recording after setup preview rebuilds the explicit fps controller
00:04 +127 ~1: /Users/jose/src/work/hydracamv2/test/services/session_manager_test.dart: SessionManager Session lifecycle startBackendSession marks session as backend created
Log registered: {message: UploaderService: Resetting upload queue and state., timestamp: 2026-06-09 02:51:16.499540, function: null, file: null}
Log registered: {message: UploaderService: Reset completed., timestamp: 2026-06-09 02:51:16.499631, function: null, file: null}
Log registered: {message: UploaderService: Resetting upload queue and state., timestamp: 2026-06-09 02:51:16.500124, function: null, file: null}
Log registered: {message: UploaderService: Reset completed., timestamp: 2026-06-09 02:51:16.500310, function: null, file: null}
Log registered: {message: Session started with GUID: backend-guid on device type: Master, timestamp: 2026-06-09 02:51:16.500384, function: null, file: null}
Log registered: {message: Session metadata saved to /var/folders/6s/dp27g8gn26j9mp36sjfxb9tw0000gn/T/session_manager_docsg144cP/session_backend-guid/metadata.json, timestamp: 2026-06-09 02:51:16.501466, function: null, file: null}
Log registered: {message: UploaderService: Resetting upload queue and state., timestamp: 2026-06-09 02:51:16.501620, function: null, file: null}
Log registered: {message: UploaderService: Reset completed., timestamp: 2026-06-09 02:51:16.501751, function: null, file: null}
Log registered: {message: Session ended and uploader reset., timestamp: 2026-06-09 02:51:16.501881, function: null, file: null}
00:04 +127 ~1: /Users/jose/src/work/hydracamv2/test/services/hydracam_api_service_test.dart: uploadMedia includes app version fields in multipart metadata
Log registered: {message: Media uploaded successfully, timestamp: 2026-06-09 02:51:16.501741, function: null, file: null}
00:04 +128 ~1: /Users/jose/src/work/hydracamv2/test/services/camera_service_failure_test.dart: recording after setup preview rebuilds the explicit fps controller
00:04 +128 ~1: /Users/jose/src/work/hydracamv2/test/services/session_manager_test.dart: SessionManager Session lifecycle startBackendSession rejects local session GUIDs
Log registered: {message: UploaderService: Resetting upload queue and state., timestamp: 2026-06-09 02:51:16.503155, function: null, file: null}
Log registered: {message: UploaderService: Reset completed., timestamp: 2026-06-09 02:51:16.503248, function: null, file: null}
00:04 +129 ~1: /Users/jose/src/work/hydracamv2/test/services/camera_service_failure_test.dart: recording after setup preview rebuilds the explicit fps controller
00:04 +130 ~1: /Users/jose/src/work/hydracamv2/test/services/camera_service_failure_test.dart: recording after setup preview rebuilds the explicit fps controller
00:04 +130 ~1: /Users/jose/src/work/hydracamv2/test/services/session_manager_test.dart: SessionManager Session lifecycle joinBackendSession rejects local session GUIDs
Log registered: {message: UploaderService: Resetting upload queue and state., timestamp: 2026-06-09 02:51:16.506171, function: null, file: null}
Log registered: {message: UploaderService: Reset completed., timestamp: 2026-06-09 02:51:16.506354, function: null, file: null}
00:04 +130 ~1: /Users/jose/src/work/hydracamv2/test/services/hydracam_api_service_test.dart: uploadMedia includes video recording end and duration metadata
Log registered: {message: Get token, timestamp: 2026-06-09 02:51:16.506596, function: null, file: null}
00:04 +131 ~1: /Users/jose/src/work/hydracamv2/test/services/camera_service_failure_test.dart: recording after setup preview rebuilds the explicit fps controller
00:04 +131 ~1: /Users/jose/src/work/hydracamv2/test/services/session_manager_test.dart: SessionManager Session lifecycle endSession clears session state
Log registered: {message: UploaderService: Resetting upload queue and state., timestamp: 2026-06-09 02:51:16.508130, function: null, file: null}
Log registered: {message: UploaderService: Reset completed., timestamp: 2026-06-09 02:51:16.508206, function: null, file: null}
00:04 +131 ~1: /Users/jose/src/work/hydracamv2/test/services/hydracam_api_service_test.dart: uploadMedia includes video recording end and duration metadata
Log registered: {message: Media uploaded successfully, timestamp: 2026-06-09 02:51:16.508336, function: null, file: null}
00:04 +131 ~1: /Users/jose/src/work/hydracamv2/test/services/session_manager_test.dart: SessionManager Session lifecycle endSession clears session state
Log registered: {message: UploaderService: Resetting upload queue and state., timestamp: 2026-06-09 02:51:16.508529, function: null, file: null}
Log registered: {message: UploaderService: Reset completed., timestamp: 2026-06-09 02:51:16.508602, function: null, file: null}
Log registered: {message: Session started with GUID: test-guid on device type: Master, timestamp: 2026-06-09 02:51:16.508658, function: null, file: null}
00:04 +132 ~1: /Users/jose/src/work/hydracamv2/test/services/camera_service_failure_test.dart: recording after setup preview rebuilds the explicit fps controller
00:04 +132 ~1: /Users/jose/src/work/hydracamv2/test/services/session_manager_test.dart: SessionManager Session lifecycle endSession clears session state
Log registered: {message: Session metadata saved to /var/folders/6s/dp27g8gn26j9mp36sjfxb9tw0000gn/T/session_manager_docsg144cP/session_test-guid/metadata.json, timestamp: 2026-06-09 02:51:16.509467, function: null, file: null}
Log registered: {message: UploaderService: Resetting upload queue and state., timestamp: 2026-06-09 02:51:16.509582, function: null, file: null}
Log registered: {message: UploaderService: Reset completed., timestamp: 2026-06-09 02:51:16.509650, function: null, file: null}
Log registered: {message: Session ended and uploader reset., timestamp: 2026-06-09 02:51:16.509704, function: null, file: null}
00:04 +132 ~1: /Users/jose/src/work/hydracamv2/test/services/hydracam_api_service_test.dart: uploadMedia includes app version fields in multipart metadata
Trace file unavailable: MissingPluginException(No implementation found for method getApplicationDocumentsDirectory on channel plugins.flutter.io/path_provider)
00:04 +133 ~1: /Users/jose/src/work/hydracamv2/test/services/camera_service_failure_test.dart: recording after setup preview rebuilds the explicit fps controller
00:04 +133 ~1: /Users/jose/src/work/hydracamv2/test/services/session_manager_test.dart: SessionManager Session lifecycle scanAndReconstructSessions preserves active session identity
Log registered: {message: UploaderService: Resetting upload queue and state., timestamp: 2026-06-09 02:51:16.511151, function: null, file: null}
Log registered: {message: UploaderService: Reset completed., timestamp: 2026-06-09 02:51:16.511235, function: null, file: null}
00:04 +133 ~1: /Users/jose/src/work/hydracamv2/test/services/hydracam_api_service_test.dart: uploadMedia uses centralized upload-media contract fields
Log registered: {message: Get token, timestamp: 2026-06-09 02:51:16.511407, function: null, file: null}
00:04 +133 ~1: /Users/jose/src/work/hydracamv2/test/services/session_manager_test.dart: SessionManager Session lifecycle scanAndReconstructSessions preserves active session identity
Log registered: {message: UploaderService: Resetting upload queue and state., timestamp: 2026-06-09 02:51:16.511746, function: null, file: null}
Log registered: {message: UploaderService: Reset completed., timestamp: 2026-06-09 02:51:16.511873, function: null, file: null}
Log registered: {message: Session started with GUID: active-guid on device type: Slave, timestamp: 2026-06-09 02:51:16.511935, function: null, file: null}
00:04 +133 ~1: /Users/jose/src/work/hydracamv2/test/services/hydracam_api_service_test.dart: uploadMedia uses centralized upload-media contract fields
Log registered: {message: Media uploaded successfully, timestamp: 2026-06-09 02:51:16.513251, function: null, file: null}
00:04 +134 ~1: /Users/jose/src/work/hydracamv2/test/services/camera_service_failure_test.dart: recording after setup preview rebuilds the explicit fps controller
00:04 +134 ~1: /Users/jose/src/work/hydracamv2/test/services/hydracam_api_service_test.dart: uploadMedia omits video duration metadata for photo uploads
Log registered: {message: Get token, timestamp: 2026-06-09 02:51:16.516197, function: null, file: null}
Log registered: {message: Media uploaded successfully, timestamp: 2026-06-09 02:51:16.517492, function: null, file: null}
00:04 +135 ~1: /Users/jose/src/work/hydracamv2/test/services/camera_service_failure_test.dart: recording after setup preview rebuilds the explicit fps controller
00:04 +135 ~1: /Users/jose/src/work/hydracamv2/test/services/hydracam_api_service_test.dart: createSession returns typed backend session from API response
Log registered: {message: Get token, timestamp: 2026-06-09 02:51:16.519596, function: null, file: null}
00:04 +135 ~1: /Users/jose/src/work/hydracamv2/test/services/session_manager_test.dart: SessionManager Session lifecycle scanAndReconstructSessions preserves active session identity
Log registered: {message: Generated new Device ID: 01bb2483-d99d-450b-8849-af4c3cc5aced, timestamp: 2026-06-09 02:51:16.519953, function: null, file: null}
Log registered: {message: Session metadata saved to /var/folders/6s/dp27g8gn26j9mp36sjfxb9tw0000gn/T/session_manager_docsg144cP/session_scan-preserve-old/metadata.json, timestamp: 2026-06-09 02:51:16.522448, function: null, file: null}
Log registered: {message: Reconstructed session: scan-preserve-old with 0 photos and 1 videos., timestamp: 2026-06-09 02:51:16.522639, function: null, file: null}
00:04 +135 ~1: /Users/jose/src/work/hydracamv2/test/services/hydracam_api_service_test.dart: createSession returns typed backend session from API response
Log registered: {message: Session created successfully: HydraCamBackendSession(guid: backend-guid, sessionId: friendly-session, numericId: 42), timestamp: 2026-06-09 02:51:16.523909, function: null, file: null}
00:04 +136 ~1: /Users/jose/src/work/hydracamv2/test/services/camera_service_failure_test.dart: recording after setup preview rebuilds the explicit fps controller
00:04 +136 ~1: /Users/jose/src/work/hydracamv2/test/services/session_manager_test.dart: SessionManager Session lifecycle scanAndReconstructSessions preserves active session identity
Log registered: {message: Session metadata saved to /var/folders/6s/dp27g8gn26j9mp36sjfxb9tw0000gn/T/session_manager_docsg144cP/session_active-guid/metadata.json, timestamp: 2026-06-09 02:51:16.525183, function: null, file: null}
Log registered: {message: UploaderService: Resetting upload queue and state., timestamp: 2026-06-09 02:51:16.525368, function: null, file: null}
Log registered: {message: UploaderService: Reset completed., timestamp: 2026-06-09 02:51:16.525459, function: null, file: null}
Log registered: {message: Session ended and uploader reset., timestamp: 2026-06-09 02:51:16.525581, function: null, file: null}
00:04 +137 ~1: /Users/jose/src/work/hydracamv2/test/services/camera_service_failure_test.dart: recording after setup preview rebuilds the explicit fps controller
00:04 +137 ~1: /Users/jose/src/work/hydracamv2/test/services/hydracam_api_service_test.dart: uploadMedia rejects missing files before HTTP send
Log registered: {message: Upload file does not exist: /var/folders/6s/dp27g8gn26j9mp36sjfxb9tw0000gn/T/hydracam_api_testAMKI6b/missing-video.mp4, timestamp: 2026-06-09 02:51:16.526121, function: null, file: null}
00:04 +137 ~1: /Users/jose/src/work/hydracamv2/test/services/session_manager_test.dart: SessionManager Session lifecycle loadSessionMetadataSnapshot preserves active session identity
Log registered: {message: UploaderService: Resetting upload queue and state., timestamp: 2026-06-09 02:51:16.526801, function: null, file: null}
Log registered: {message: UploaderService: Reset completed., timestamp: 2026-06-09 02:51:16.526902, function: null, file: null}
00:04 +138 ~1: /Users/jose/src/work/hydracamv2/test/services/camera_service_failure_test.dart: recording after setup preview rebuilds the explicit fps controller
00:04 +138 ~1: /Users/jose/src/work/hydracamv2/test/services/session_manager_test.dart: SessionManager Session lifecycle loadSessionMetadataSnapshot preserves active session identity
Log registered: {message: UploaderService: Resetting upload queue and state., timestamp: 2026-06-09 02:51:16.529471, function: null, file: null}
Log registered: {message: UploaderService: Reset completed., timestamp: 2026-06-09 02:51:16.529566, function: null, file: null}
Log registered: {message: Session started with GUID: active-guid on device type: Slave, timestamp: 2026-06-09 02:51:16.529625, function: null, file: null}
00:04 +138 ~1: /Users/jose/src/work/hydracamv2/test/services/hydracam_api_service_test.dart: fetchCourts preserves encoded sports center query values
Log registered: {message: Get token, timestamp: 2026-06-09 02:51:16.529995, function: null, file: null}
Log registered: {message: Parsed list (courts): [], timestamp: 2026-06-09 02:51:16.531123, function: null, file: null}
00:04 +138 ~1: /Users/jose/src/work/hydracamv2/test/services/session_manager_test.dart: SessionManager Session lifecycle loadSessionMetadataSnapshot preserves active session identity
Log registered: {message: Retrieved existing Device ID: 01bb2483-d99d-450b-8849-af4c3cc5aced, timestamp: 2026-06-09 02:51:16.531514, function: null, file: null}
00:04 +139 ~1: /Users/jose/src/work/hydracamv2/test/services/camera_service_failure_test.dart: recording after setup preview rebuilds the explicit fps controller
00:04 +139 ~1: /Users/jose/src/work/hydracamv2/test/services/session_manager_test.dart: SessionManager Session lifecycle loadSessionMetadataSnapshot preserves active session identity
Log registered: {message: Session metadata snapshot loaded for old-guid, timestamp: 2026-06-09 02:51:16.532201, function: null, file: null}
00:04 +139 ~1: /Users/jose/src/work/hydracamv2/test/services/hydracam_api_service_test.dart: endSession preserves encoded session guid query values
Log registered: {message: Get token, timestamp: 2026-06-09 02:51:16.533145, function: null, file: null}
00:04 +139 ~1: /Users/jose/src/work/hydracamv2/test/services/session_manager_test.dart: SessionManager Session lifecycle loadSessionMetadataSnapshot preserves active session identity
Log registered: {message: Session metadata saved to /var/folders/6s/dp27g8gn26j9mp36sjfxb9tw0000gn/T/session_manager_docsg144cP/session_active-guid/metadata.json, timestamp: 2026-06-09 02:51:16.533458, function: null, file: null}
Log registered: {message: UploaderService: Resetting upload queue and state., timestamp: 2026-06-09 02:51:16.533577, function: null, file: null}
Log registered: {message: UploaderService: Reset completed., timestamp: 2026-06-09 02:51:16.533642, function: null, file: null}
Log registered: {message: Session ended and uploader reset., timestamp: 2026-06-09 02:51:16.533695, function: null, file: null}
00:04 +139 ~1: /Users/jose/src/work/hydracamv2/test/services/hydracam_api_service_test.dart: endSession preserves encoded session guid query values
Log registered: {message: Session ended successfully, timestamp: 2026-06-09 02:51:16.533741, function: null, file: null}
00:04 +140 ~1: /Users/jose/src/work/hydracamv2/test/services/camera_service_failure_test.dart: recording after setup preview rebuilds the explicit fps controller
00:04 +141 ~1: /Users/jose/src/work/hydracamv2/test/services/camera_service_failure_test.dart: recording after setup preview rebuilds the explicit fps controller
00:04 +141 ~1: /Users/jose/src/work/hydracamv2/test/services/session_manager_test.dart: SessionManager Session lifecycle rejoining same active session preserves media and upload queue
Log registered: {message: UploaderService: Resetting upload queue and state., timestamp: 2026-06-09 02:51:16.534907, function: null, file: null}
Log registered: {message: UploaderService: Reset completed., timestamp: 2026-06-09 02:51:16.534980, function: null, file: null}
Log registered: {message: UploaderService: Resetting upload queue and state., timestamp: 2026-06-09 02:51:16.535395, function: null, file: null}
00:04 +141 ~1: /Users/jose/src/work/hydracamv2/test/services/hydracam_api_service_test.dart: user lookups use centralized user contract endpoints
Log registered: {message: Get token, timestamp: 2026-06-09 02:51:16.535406, function: null, file: null}
00:04 +141 ~1: /Users/jose/src/work/hydracamv2/test/services/session_manager_test.dart: SessionManager Session lifecycle rejoining same active session preserves media and upload queue
Log registered: {message: UploaderService: Reset completed., timestamp: 2026-06-09 02:51:16.535513, function: null, file: null}
Log registered: {message: Session started with GUID: same-guid on device type: Master, timestamp: 2026-06-09 02:51:16.535569, function: null, file: null}
00:04 +141 ~1: /Users/jose/src/work/hydracamv2/test/services/hydracam_api_service_test.dart: user lookups use centralized user contract endpoints
Log registered: {message: Get token, timestamp: 2026-06-09 02:51:16.536024, function: null, file: null}
00:04 +141 ~1: /Users/jose/src/work/hydracamv2/test/services/session_manager_test.dart: SessionManager Session lifecycle rejoining same active session preserves media and upload queue
Log registered: {message: Adding photo to upload queue: /var/folders/6s/dp27g8gn26j9mp36sjfxb9tw0000gn/T/session_manager_test_mediaKbgbPh/same_session_photo.jpg, timestamp: 2026-06-09 02:51:16.536223, function: null, file: null}
00:04 +142 ~1: /Users/jose/src/work/hydracamv2/test/services/camera_service_failure_test.dart: recording after setup preview rebuilds the explicit fps controller
00:04 +142 ~1: /Users/jose/src/work/hydracamv2/test/services/session_manager_test.dart: SessionManager Session lifecycle rejoining same active session preserves media and upload queue
Log registered: {message: Session metadata saved to /var/folders/6s/dp27g8gn26j9mp36sjfxb9tw0000gn/T/session_manager_docsg144cP/session_same-guid/metadata.json, timestamp: 2026-06-09 02:51:16.537517, function: null, file: null}
Log registered: {message: [UploaderService] No uploaded media with valid durations. Returning zero duration., timestamp: 2026-06-09 02:51:16.538601, function: null, file: null}
Log registered: {message: Media added to upload queue: /var/folders/6s/dp27g8gn26j9mp36sjfxb9tw0000gn/T/session_manager_test_mediaKbgbPh/same_session_photo.jpg, timestamp: 2026-06-09 02:51:16.538733, function: null, file: null}
Log registered: {message: Auto-upload is disabled. Media added to queue but not uploaded., timestamp: 2026-06-09 02:51:16.538961, function: null, file: null}
Log registered: {message: Session already active with GUID: same-guid. Preserving existing media on rejoin as Slave., timestamp: 2026-06-09 02:51:16.539466, function: null, file: null}
Log registered: {message: Session metadata saved to /var/folders/6s/dp27g8gn26j9mp36sjfxb9tw0000gn/T/session_manager_docsg144cP/session_same-guid/metadata.json, timestamp: 2026-06-09 02:51:16.540846, function: null, file: null}
Log registered: {message: UploaderService: Resetting upload queue and state., timestamp: 2026-06-09 02:51:16.540989, function: null, file: null}
Log registered: {message: UploaderService: Reset completed., timestamp: 2026-06-09 02:51:16.541084, function: null, file: null}
Log registered: {message: Session ended and uploader reset., timestamp: 2026-06-09 02:51:16.541140, function: null, file: null}
00:04 +143 ~1: /Users/jose/src/work/hydracamv2/test/services/camera_service_failure_test.dart: recording after setup preview rebuilds the explicit fps controller
00:04 +143 ~1: /Users/jose/src/work/hydracamv2/test/services/session_manager_test.dart: SessionManager Session lifecycle joining a different session starts with clean media state
Log registered: {message: UploaderService: Resetting upload queue and state., timestamp: 2026-06-09 02:51:16.545090, function: null, file: null}
Log registered: {message: UploaderService: Reset completed., timestamp: 2026-06-09 02:51:16.545225, function: null, file: null}
Log registered: {message: UploaderService: Resetting upload queue and state., timestamp: 2026-06-09 02:51:16.545640, function: null, file: null}
Log registered: {message: UploaderService: Reset completed., timestamp: 2026-06-09 02:51:16.545706, function: null, file: null}
Log registered: {message: Session started with GUID: old-guid on device type: Master, timestamp: 2026-06-09 02:51:16.545758, function: null, file: null}
Log registered: {message: Adding photo to upload queue: /var/folders/6s/dp27g8gn26j9mp36sjfxb9tw0000gn/T/session_manager_test_mediaWUJx2R/old_session_photo.jpg, timestamp: 2026-06-09 02:51:16.546095, function: null, file: null}
Log registered: {message: Session metadata saved to /var/folders/6s/dp27g8gn26j9mp36sjfxb9tw0000gn/T/session_manager_docsg144cP/session_old-guid/metadata.json, timestamp: 2026-06-09 02:51:16.546880, function: null, file: null}
Log registered: {message: [UploaderService] No uploaded media with valid durations. Returning zero duration., timestamp: 2026-06-09 02:51:16.546998, function: null, file: null}
Log registered: {message: Media added to upload queue: /var/folders/6s/dp27g8gn26j9mp36sjfxb9tw0000gn/T/session_manager_test_mediaWUJx2R/old_session_photo.jpg, timestamp: 2026-06-09 02:51:16.547059, function: null, file: null}
Log registered: {message: Auto-upload is disabled. Media added to queue but not uploaded., timestamp: 2026-06-09 02:51:16.547147, function: null, file: null}
Log registered: {message: UploaderService: Resetting upload queue and state., timestamp: 2026-06-09 02:51:16.547233, function: null, file: null}
Log registered: {message: UploaderService: Reset completed., timestamp: 2026-06-09 02:51:16.547283, function: null, file: null}
Log registered: {message: Session started with GUID: new-guid on device type: Master, timestamp: 2026-06-09 02:51:16.547336, function: null, file: null}
Log registered: {message: Session metadata saved to /var/folders/6s/dp27g8gn26j9mp36sjfxb9tw0000gn/T/session_manager_docsg144cP/session_new-guid/metadata.json, timestamp: 2026-06-09 02:51:16.548416, function: null, file: null}
Log registered: {message: UploaderService: Resetting upload queue and state., timestamp: 2026-06-09 02:51:16.548507, function: null, file: null}
Log registered: {message: UploaderService: Reset completed., timestamp: 2026-06-09 02:51:16.548560, function: null, file: null}
Log registered: {message: Session ended and uploader reset., timestamp: 2026-06-09 02:51:16.548603, function: null, file: null}
00:04 +144 ~1: /Users/jose/src/work/hydracamv2/test/services/camera_service_failure_test.dart: recording after setup preview rebuilds the explicit fps controller
00:04 +144 ~1: /Users/jose/src/work/hydracamv2/test/services/session_manager_test.dart: SessionManager Session lifecycle addPhoto can be awaited through metadata and enqueue
Log registered: {message: UploaderService: Resetting upload queue and state., timestamp: 2026-06-09 02:51:16.551929, function: null, file: null}
Log registered: {message: UploaderService: Reset completed., timestamp: 2026-06-09 02:51:16.552007, function: null, file: null}
Log registered: {message: UploaderService: Resetting upload queue and state., timestamp: 2026-06-09 02:51:16.552345, function: null, file: null}
Log registered: {message: UploaderService: Reset completed., timestamp: 2026-06-09 02:51:16.552409, function: null, file: null}
Log registered: {message: Session started with GUID: await-photo-guid on device type: Master, timestamp: 2026-06-09 02:51:16.552457, function: null, file: null}
Log registered: {message: Adding photo to upload queue: /var/folders/6s/dp27g8gn26j9mp36sjfxb9tw0000gn/T/session_manager_test_mediaveJIxQ/await_photo.jpg, timestamp: 2026-06-09 02:51:16.552761, function: null, file: null}
Log registered: {message: Session metadata saved to /var/folders/6s/dp27g8gn26j9mp36sjfxb9tw0000gn/T/session_manager_docsg144cP/session_await-photo-guid/metadata.json, timestamp: 2026-06-09 02:51:16.553628, function: null, file: null}
Log registered: {message: [UploaderService] No uploaded media with valid durations. Returning zero duration., timestamp: 2026-06-09 02:51:16.553753, function: null, file: null}
Log registered: {message: Media added to upload queue: /var/folders/6s/dp27g8gn26j9mp36sjfxb9tw0000gn/T/session_manager_test_mediaveJIxQ/await_photo.jpg, timestamp: 2026-06-09 02:51:16.553819, function: null, file: null}
Log registered: {message: Auto-upload is disabled. Media added to queue but not uploaded., timestamp: 2026-06-09 02:51:16.553890, function: null, file: null}
Log registered: {message: Session metadata saved to /var/folders/6s/dp27g8gn26j9mp36sjfxb9tw0000gn/T/session_manager_docsg144cP/session_await-photo-guid/metadata.json, timestamp: 2026-06-09 02:51:16.556027, function: null, file: null}
Log registered: {message: UploaderService: Resetting upload queue and state., timestamp: 2026-06-09 02:51:16.556162, function: null, file: null}
Log registered: {message: UploaderService: Reset completed., timestamp: 2026-06-09 02:51:16.556219, function: null, file: null}
Log registered: {message: Session ended and uploader reset., timestamp: 2026-06-09 02:51:16.556265, function: null, file: null}
00:04 +145 ~1: /Users/jose/src/work/hydracamv2/test/services/camera_service_failure_test.dart: recording after setup preview rebuilds the explicit fps controller
00:04 +145 ~1: /Users/jose/src/work/hydracamv2/test/services/session_manager_test.dart: SessionManager Session lifecycle addVideo can be awaited through metadata and enqueue
Log registered: {message: UploaderService: Resetting upload queue and state., timestamp: 2026-06-09 02:51:16.557499, function: null, file: null}
Log registered: {message: UploaderService: Reset completed., timestamp: 2026-06-09 02:51:16.557572, function: null, file: null}
Log registered: {message: UploaderService: Resetting upload queue and state., timestamp: 2026-06-09 02:51:16.557928, function: null, file: null}
Log registered: {message: UploaderService: Reset completed., timestamp: 2026-06-09 02:51:16.557987, function: null, file: null}
Log registered: {message: Session started with GUID: await-video-guid on device type: Slave, timestamp: 2026-06-09 02:51:16.558041, function: null, file: null}
Log registered: {message: Adding video to upload queue: /var/folders/6s/dp27g8gn26j9mp36sjfxb9tw0000gn/T/session_manager_test_mediafJ4azY/await_video.mp4, timestamp: 2026-06-09 02:51:16.558404, function: null, file: null}
Log registered: {message: Session metadata saved to /var/folders/6s/dp27g8gn26j9mp36sjfxb9tw0000gn/T/session_manager_docsg144cP/session_await-video-guid/metadata.json, timestamp: 2026-06-09 02:51:16.559257, function: null, file: null}
Log registered: {message: [UploaderService] No uploaded media with valid durations. Returning zero duration., timestamp: 2026-06-09 02:51:16.559391, function: null, file: null}
Log registered: {message: Media added to upload queue: /var/folders/6s/dp27g8gn26j9mp36sjfxb9tw0000gn/T/session_manager_test_mediafJ4azY/await_video.mp4, timestamp: 2026-06-09 02:51:16.559478, function: null, file: null}
Log registered: {message: Auto-upload is disabled. Media added to queue but not uploaded., timestamp: 2026-06-09 02:51:16.559558, function: null, file: null}
Log registered: {message: Session metadata saved to /var/folders/6s/dp27g8gn26j9mp36sjfxb9tw0000gn/T/session_manager_docsg144cP/session_await-video-guid/metadata.json, timestamp: 2026-06-09 02:51:16.561444, function: null, file: null}
Log registered: {message: UploaderService: Resetting upload queue and state., timestamp: 2026-06-09 02:51:16.561625, function: null, file: null}
Log registered: {message: UploaderService: Reset completed., timestamp: 2026-06-09 02:51:16.562109, function: null, file: null}
Log registered: {message: Session ended and uploader reset., timestamp: 2026-06-09 02:51:16.562172, function: null, file: null}
00:04 +146 ~1: /Users/jose/src/work/hydracamv2/test/services/camera_service_failure_test.dart: recording after setup preview rebuilds the explicit fps controller
00:04 +146 ~1: /Users/jose/src/work/hydracamv2/test/services/session_manager_test.dart: SessionManager Session lifecycle restoreSessionFromMetadata restores media and caller role
Log registered: {message: UploaderService: Resetting upload queue and state., timestamp: 2026-06-09 02:51:16.563539, function: null, file: null}
Log registered: {message: UploaderService: Reset completed., timestamp: 2026-06-09 02:51:16.563661, function: null, file: null}
Log registered: {message: Retrieved existing Device ID: 01bb2483-d99d-450b-8849-af4c3cc5aced, timestamp: 2026-06-09 02:51:16.566234, function: null, file: null}
Log registered: {message: Session metadata snapshot loaded for restore-guid, timestamp: 2026-06-09 02:51:16.567045, function: null, file: null}
Log registered: {message: UploaderService: Resetting upload queue and state., timestamp: 2026-06-09 02:51:16.568196, function: null, file: null}
Log registered: {message: UploaderService: Reset completed., timestamp: 2026-06-09 02:51:16.568285, function: null, file: null}
Log registered: {message: Session started with GUID: restore-guid on device type: Master, timestamp: 2026-06-09 02:51:16.568368, function: null, file: null}
Log registered: {message: Adding photo to upload queue: /var/folders/6s/dp27g8gn26j9mp36sjfxb9tw0000gn/T/session_manager_test_mediaQxuYd3/restored_photo.jpg, timestamp: 2026-06-09 02:51:16.568447, function: null, file: null}
Log registered: {message: Session metadata saved to /var/folders/6s/dp27g8gn26j9mp36sjfxb9tw0000gn/T/session_manager_docsg144cP/session_restore-guid/metadata.json, timestamp: 2026-06-09 02:51:16.569762, function: null, file: null}
Log registered: {message: [UploaderService] No uploaded media with valid durations. Returning zero duration., timestamp: 2026-06-09 02:51:16.569915, function: null, file: null}
Log registered: {message: Media added to upload queue: /var/folders/6s/dp27g8gn26j9mp36sjfxb9tw0000gn/T/session_manager_test_mediaQxuYd3/restored_photo.jpg, timestamp: 2026-06-09 02:51:16.569973, function: null, file: null}
Log registered: {message: Auto-upload is disabled. Media added to queue but not uploaded., timestamp: 2026-06-09 02:51:16.570215, function: null, file: null}
Log registered: {message: Adding video to upload queue: /var/folders/6s/dp27g8gn26j9mp36sjfxb9tw0000gn/T/session_manager_test_mediaQxuYd3/restored_video.mp4, timestamp: 2026-06-09 02:51:16.570306, function: null, file: null}
Log registered: {message: Session metadata saved to /var/folders/6s/dp27g8gn26j9mp36sjfxb9tw0000gn/T/session_manager_docsg144cP/session_restore-guid/metadata.json, timestamp: 2026-06-09 02:51:16.571337, function: null, file: null}
Log registered: {message: [UploaderService] No uploaded media with valid durations. Returning zero duration., timestamp: 2026-06-09 02:51:16.571716, function: null, file: null}
Log registered: {message: Media added to upload queue: /var/folders/6s/dp27g8gn26j9mp36sjfxb9tw0000gn/T/session_manager_test_mediaQxuYd3/restored_video.mp4, timestamp: 2026-06-09 02:51:16.571815, function: null, file: null}
Log registered: {message: Auto-upload is disabled. Media added to queue but not uploaded., timestamp: 2026-06-09 02:51:16.571912, function: null, file: null}
Log registered: {message: Session metadata saved to /var/folders/6s/dp27g8gn26j9mp36sjfxb9tw0000gn/T/session_manager_docsg144cP/session_restore-guid/metadata.json, timestamp: 2026-06-09 02:51:16.573161, function: null, file: null}
Log registered: {message: UploaderService: Resetting upload queue and state., timestamp: 2026-06-09 02:51:16.573284, function: null, file: null}
Log registered: {message: UploaderService: Reset completed., timestamp: 2026-06-09 02:51:16.573379, function: null, file: null}
Log registered: {message: Session ended and uploader reset., timestamp: 2026-06-09 02:51:16.573457, function: null, file: null}
00:04 +147 ~1: /Users/jose/src/work/hydracamv2/test/services/camera_service_failure_test.dart: recording after setup preview rebuilds the explicit fps controller
00:04 +147 ~1: /Users/jose/src/work/hydracamv2/test/services/session_manager_test.dart: SessionManager Media management addPhoto adds photo to current session
Log registered: {message: UploaderService: Resetting upload queue and state., timestamp: 2026-06-09 02:51:16.574787, function: null, file: null}
Log registered: {message: UploaderService: Reset completed., timestamp: 2026-06-09 02:51:16.574888, function: null, file: null}
Log registered: {message: UploaderService: Resetting upload queue and state., timestamp: 2026-06-09 02:51:16.575141, function: null, file: null}
Log registered: {message: UploaderService: Reset completed., timestamp: 2026-06-09 02:51:16.575193, function: null, file: null}
Log registered: {message: Session started with GUID: test-guid on device type: Master, timestamp: 2026-06-09 02:51:16.575240, function: null, file: null}
Log registered: {message: Adding photo to upload queue: /var/folders/6s/dp27g8gn26j9mp36sjfxb9tw0000gn/T/session_manager_test_media9LmQ6A/test_photo.jpg, timestamp: 2026-06-09 02:51:16.575647, function: null, file: null}
Log registered: {message: Session metadata saved to /var/folders/6s/dp27g8gn26j9mp36sjfxb9tw0000gn/T/session_manager_docsg144cP/session_test-guid/metadata.json, timestamp: 2026-06-09 02:51:16.576370, function: null, file: null}
Log registered: {message: [UploaderService] No uploaded media with valid durations. Returning zero duration., timestamp: 2026-06-09 02:51:16.576450, function: null, file: null}
Log registered: {message: Media added to upload queue: /var/folders/6s/dp27g8gn26j9mp36sjfxb9tw0000gn/T/session_manager_test_media9LmQ6A/test_photo.jpg, timestamp: 2026-06-09 02:51:16.576495, function: null, file: null}
Log registered: {message: Auto-upload is disabled. Media added to queue but not uploaded., timestamp: 2026-06-09 02:51:16.576573, function: null, file: null}
Log registered: {message: Session metadata saved to /var/folders/6s/dp27g8gn26j9mp36sjfxb9tw0000gn/T/session_manager_docsg144cP/session_test-guid/metadata.json, timestamp: 2026-06-09 02:51:16.577487, function: null, file: null}
Log registered: {message: UploaderService: Resetting upload queue and state., timestamp: 2026-06-09 02:51:16.577676, function: null, file: null}
Log registered: {message: UploaderService: Reset completed., timestamp: 2026-06-09 02:51:16.577745, function: null, file: null}
Log registered: {message: Session ended and uploader reset., timestamp: 2026-06-09 02:51:16.577791, function: null, file: null}
00:04 +148 ~1: /Users/jose/src/work/hydracamv2/test/services/camera_service_failure_test.dart: recording after setup preview rebuilds the explicit fps controller
00:04 +148 ~1: /Users/jose/src/work/hydracamv2/test/services/session_manager_test.dart: SessionManager Media management addVideo adds video to current session
Log registered: {message: UploaderService: Resetting upload queue and state., timestamp: 2026-06-09 02:51:16.578832, function: null, file: null}
Log registered: {message: UploaderService: Reset completed., timestamp: 2026-06-09 02:51:16.578932, function: null, file: null}
Log registered: {message: UploaderService: Resetting upload queue and state., timestamp: 2026-06-09 02:51:16.579169, function: null, file: null}
Log registered: {message: UploaderService: Reset completed., timestamp: 2026-06-09 02:51:16.579223, function: null, file: null}
Log registered: {message: Session started with GUID: test-guid on device type: Master, timestamp: 2026-06-09 02:51:16.579272, function: null, file: null}
Log registered: {message: Adding video to upload queue: /var/folders/6s/dp27g8gn26j9mp36sjfxb9tw0000gn/T/session_manager_test_mediazbExCs/test_video.mp4, timestamp: 2026-06-09 02:51:16.579696, function: null, file: null}
Log registered: {message: Session metadata saved to /var/folders/6s/dp27g8gn26j9mp36sjfxb9tw0000gn/T/session_manager_docsg144cP/session_test-guid/metadata.json, timestamp: 2026-06-09 02:51:16.580524, function: null, file: null}
Log registered: {message: [UploaderService] No uploaded media with valid durations. Returning zero duration., timestamp: 2026-06-09 02:51:16.580621, function: null, file: null}
Log registered: {message: Media added to upload queue: /var/folders/6s/dp27g8gn26j9mp36sjfxb9tw0000gn/T/session_manager_test_mediazbExCs/test_video.mp4, timestamp: 2026-06-09 02:51:16.580664, function: null, file: null}
Log registered: {message: Auto-upload is disabled. Media added to queue but not uploaded., timestamp: 2026-06-09 02:51:16.580725, function: null, file: null}
Log registered: {message: Session metadata saved to /var/folders/6s/dp27g8gn26j9mp36sjfxb9tw0000gn/T/session_manager_docsg144cP/session_test-guid/metadata.json, timestamp: 2026-06-09 02:51:16.581723, function: null, file: null}
Log registered: {message: UploaderService: Resetting upload queue and state., timestamp: 2026-06-09 02:51:16.581809, function: null, file: null}
Log registered: {message: UploaderService: Reset completed., timestamp: 2026-06-09 02:51:16.581857, function: null, file: null}
Log registered: {message: Session ended and uploader reset., timestamp: 2026-06-09 02:51:16.581899, function: null, file: null}
00:04 +149 ~1: /Users/jose/src/work/hydracamv2/test/services/camera_service_failure_test.dart: recording after setup preview rebuilds the explicit fps controller
00:04 +149 ~1: /Users/jose/src/work/hydracamv2/test/services/session_manager_test.dart: SessionManager Media management video capture context persists and reloads from metadata
Log registered: {message: UploaderService: Resetting upload queue and state., timestamp: 2026-06-09 02:51:16.583124, function: null, file: null}
Log registered: {message: UploaderService: Reset completed., timestamp: 2026-06-09 02:51:16.583194, function: null, file: null}
Log registered: {message: UploaderService: Resetting upload queue and state., timestamp: 2026-06-09 02:51:16.583568, function: null, file: null}
Log registered: {message: UploaderService: Reset completed., timestamp: 2026-06-09 02:51:16.583621, function: null, file: null}
Log registered: {message: Session started with GUID: test-guid on device type: Master, timestamp: 2026-06-09 02:51:16.583662, function: null, file: null}
Log registered: {message: Adding video to upload queue: /var/folders/6s/dp27g8gn26j9mp36sjfxb9tw0000gn/T/session_manager_test_mediaXnwHAI/context_video.mp4, timestamp: 2026-06-09 02:51:16.584599, function: null, file: null}
Log registered: {message: Session metadata saved to /var/folders/6s/dp27g8gn26j9mp36sjfxb9tw0000gn/T/session_manager_docsg144cP/session_test-guid/metadata.json, timestamp: 2026-06-09 02:51:16.586557, function: null, file: null}
Log registered: {message: [UploaderService] No uploaded media with valid durations. Returning zero duration., timestamp: 2026-06-09 02:51:16.586682, function: null, file: null}
Log registered: {message: Media added to upload queue: /var/folders/6s/dp27g8gn26j9mp36sjfxb9tw0000gn/T/session_manager_test_mediaXnwHAI/context_video.mp4, timestamp: 2026-06-09 02:51:16.586736, function: null, file: null}
Log registered: {message: Auto-upload is disabled. Media added to queue but not uploaded., timestamp: 2026-06-09 02:51:16.586814, function: null, file: null}
Log registered: {message: Retrieved existing Device ID: 01bb2483-d99d-450b-8849-af4c3cc5aced, timestamp: 2026-06-09 02:51:16.588447, function: null, file: null}
Log registered: {message: Session metadata loaded for session test-guid, timestamp: 2026-06-09 02:51:16.589392, function: null, file: null}
Log registered: {message: Session metadata saved to /var/folders/6s/dp27g8gn26j9mp36sjfxb9tw0000gn/T/session_manager_docsg144cP/session_test-guid/metadata.json, timestamp: 2026-06-09 02:51:16.590685, function: null, file: null}
Log registered: {message: UploaderService: Resetting upload queue and state., timestamp: 2026-06-09 02:51:16.590812, function: null, file: null}
Log registered: {message: UploaderService: Reset completed., timestamp: 2026-06-09 02:51:16.590928, function: null, file: null}
Log registered: {message: Session ended and uploader reset., timestamp: 2026-06-09 02:51:16.590973, function: null, file: null}
00:04 +150 ~1: /Users/jose/src/work/hydracamv2/test/services/camera_service_failure_test.dart: recording after setup preview rebuilds the explicit fps controller
00:04 +150 ~1: /Users/jose/src/work/hydracamv2/test/services/session_manager_test.dart: SessionManager Media management metadata write preserves session captured before async path lookup
Log registered: {message: UploaderService: Resetting upload queue and state., timestamp: 2026-06-09 02:51:16.592252, function: null, file: null}
Log registered: {message: UploaderService: Reset completed., timestamp: 2026-06-09 02:51:16.592334, function: null, file: null}
Log registered: {message: UploaderService: Resetting upload queue and state., timestamp: 2026-06-09 02:51:16.592561, function: null, file: null}
Log registered: {message: UploaderService: Reset completed., timestamp: 2026-06-09 02:51:16.592609, function: null, file: null}
Log registered: {message: Session started with GUID: test-guid on device type: Master, timestamp: 2026-06-09 02:51:16.592655, function: null, file: null}
Log registered: {message: UploaderService: Resetting upload queue and state., timestamp: 2026-06-09 02:51:16.592997, function: null, file: null}
Log registered: {message: UploaderService: Reset completed., timestamp: 2026-06-09 02:51:16.593118, function: null, file: null}
Log registered: {message: Session started with GUID: metadata-old-guid on device type: Master, timestamp: 2026-06-09 02:51:16.593190, function: null, file: null}
Log registered: {message: UploaderService: Resetting upload queue and state., timestamp: 2026-06-09 02:51:16.593858, function: null, file: null}
Log registered: {message: UploaderService: Reset completed., timestamp: 2026-06-09 02:51:16.593963, function: null, file: null}
Log registered: {message: Session started with GUID: metadata-new-guid on device type: Slave, timestamp: 2026-06-09 02:51:16.594011, function: null, file: null}
Log registered: {message: Session metadata saved to /var/folders/6s/dp27g8gn26j9mp36sjfxb9tw0000gn/T/session_manager_docsg144cP/session_metadata-old-guid/metadata.json, timestamp: 2026-06-09 02:51:16.595142, function: null, file: null}
Log registered: {message: Session metadata saved to /var/folders/6s/dp27g8gn26j9mp36sjfxb9tw0000gn/T/session_manager_docsg144cP/session_metadata-new-guid/metadata.json, timestamp: 2026-06-09 02:51:16.597008, function: null, file: null}
Log registered: {message: UploaderService: Resetting upload queue and state., timestamp: 2026-06-09 02:51:16.597109, function: null, file: null}
Log registered: {message: UploaderService: Reset completed., timestamp: 2026-06-09 02:51:16.597162, function: null, file: null}
Log registered: {message: Session ended and uploader reset., timestamp: 2026-06-09 02:51:16.597200, function: null, file: null}
00:04 +151 ~1: /Users/jose/src/work/hydracamv2/test/services/camera_service_failure_test.dart: recording after setup preview rebuilds the explicit fps controller
00:04 +151 ~1: /Users/jose/src/work/hydracamv2/test/services/session_manager_test.dart: SessionManager Media management multiple media can be added to session
Log registered: {message: UploaderService: Resetting upload queue and state., timestamp: 2026-06-09 02:51:16.598500, function: null, file: null}
Log registered: {message: UploaderService: Reset completed., timestamp: 2026-06-09 02:51:16.598580, function: null, file: null}
Log registered: {message: UploaderService: Resetting upload queue and state., timestamp: 2026-06-09 02:51:16.598853, function: null, file: null}
Log registered: {message: UploaderService: Reset completed., timestamp: 2026-06-09 02:51:16.598964, function: null, file: null}
Log registered: {message: Session started with GUID: test-guid on device type: Master, timestamp: 2026-06-09 02:51:16.599118, function: null, file: null}
Log registered: {message: Adding photo to upload queue: /var/folders/6s/dp27g8gn26j9mp36sjfxb9tw0000gn/T/session_manager_test_mediarVYzSF/test_photo_1.jpg, timestamp: 2026-06-09 02:51:16.599689, function: null, file: null}
Log registered: {message: Session metadata saved to /var/folders/6s/dp27g8gn26j9mp36sjfxb9tw0000gn/T/session_manager_docsg144cP/session_test-guid/metadata.json, timestamp: 2026-06-09 02:51:16.600925, function: null, file: null}
Log registered: {message: [UploaderService] No uploaded media with valid durations. Returning zero duration., timestamp: 2026-06-09 02:51:16.601156, function: null, file: null}
Log registered: {message: Media added to upload queue: /var/folders/6s/dp27g8gn26j9mp36sjfxb9tw0000gn/T/session_manager_test_mediarVYzSF/test_photo_1.jpg, timestamp: 2026-06-09 02:51:16.601238, function: null, file: null}
Log registered: {message: Auto-upload is disabled. Media added to queue but not uploaded., timestamp: 2026-06-09 02:51:16.601322, function: null, file: null}
Log registered: {message: Adding photo to upload queue: /var/folders/6s/dp27g8gn26j9mp36sjfxb9tw0000gn/T/session_manager_test_mediarVYzSF/test_photo_2.jpg, timestamp: 2026-06-09 02:51:16.601377, function: null, file: null}
Log registered: {message: Session metadata saved to /var/folders/6s/dp27g8gn26j9mp36sjfxb9tw0000gn/T/session_manager_docsg144cP/session_test-guid/metadata.json, timestamp: 2026-06-09 02:51:16.603070, function: null, file: null}
Log registered: {message: [UploaderService] No uploaded media with valid durations. Returning zero duration., timestamp: 2026-06-09 02:51:16.603225, function: null, file: null}
Log registered: {message: Media added to upload queue: /var/folders/6s/dp27g8gn26j9mp36sjfxb9tw0000gn/T/session_manager_test_mediarVYzSF/test_photo_2.jpg, timestamp: 2026-06-09 02:51:16.603284, function: null, file: null}
Log registered: {message: Auto-upload is disabled. Media added to queue but not uploaded., timestamp: 2026-06-09 02:51:16.603359, function: null, file: null}
Log registered: {message: Session metadata saved to /var/folders/6s/dp27g8gn26j9mp36sjfxb9tw0000gn/T/session_manager_docsg144cP/session_test-guid/metadata.json, timestamp: 2026-06-09 02:51:16.604999, function: null, file: null}
Log registered: {message: UploaderService: Resetting upload queue and state., timestamp: 2026-06-09 02:51:16.605192, function: null, file: null}
Log registered: {message: UploaderService: Reset completed., timestamp: 2026-06-09 02:51:16.605264, function: null, file: null}
Log registered: {message: Session ended and uploader reset., timestamp: 2026-06-09 02:51:16.605307, function: null, file: null}
00:04 +152 ~1: /Users/jose/src/work/hydracamv2/test/services/camera_service_failure_test.dart: recording after setup preview rebuilds the explicit fps controller
Log registered: {message: Camera successfully initialized., timestamp: 2026-06-09 02:51:16.672901, function: null, file: null}
Log registered: {message: Generated new Device ID: 6671a4d2-f9e4-4294-916f-69e991c214a2, timestamp: 2026-06-09 02:51:16.673244, function: null, file: null}
Log registered: {message: Video recording started with flash off, timestamp: 2026-06-09 02:51:16.673418, function: null, file: null}
00:04 +153 ~1: /Users/jose/src/work/hydracamv2/test/services/storage_service_test.dart: StorageService anchors blocks recording and triggers callback when storage is critical
00:04 +154 ~1: /Users/jose/src/work/hydracamv2/test/services/storage_service_test.dart: StorageService anchors blocks recording and triggers callback when storage is critical
Log registered: {message: StorageService monitoring disabled - timer not started., timestamp: 2026-06-09 02:51:16.721381, function: null, file: null}
00:04 +155 ~1: /Users/jose/src/work/hydracamv2/test/services/storage_service_test.dart: StorageService anchors clears recording block after recovering above critical threshold
Log registered: {message: StorageService monitoring disabled - timer not started., timestamp: 2026-06-09 02:51:16.765357, function: null, file: null}
00:05 +156 ~1: /Users/jose/src/work/hydracamv2/test/services/gallery_session_matcher_test.dart: matches gallery videos inside an explicit session margin
00:05 +157 ~1: /Users/jose/src/work/hydracamv2/test/services/gallery_session_matcher_test.dart: excludes videos outside the margin and ranks nearest candidates first
00:05 +158 ~1: /Users/jose/src/work/hydracamv2/test/services/gallery_session_matcher_test.dart: matches raw video time ranges without requiring a saved video file
00:05 +159 ~1: /Users/jose/src/work/hydracamv2/test/services/device_level_service_test.dart: DeviceLevelReading reports green level when roll is within two degrees
00:05 +160 ~1: /Users/jose/src/work/hydracamv2/test/services/device_level_service_test.dart: DeviceLevelReading reports amber warning when roll is within five degrees
00:05 +161 ~1: /Users/jose/src/work/hydracamv2/test/services/device_level_service_test.dart: DeviceLevelReading reports red warning when roll is outside tolerance
00:05 +162 ~1: /Users/jose/src/work/hydracamv2/test/services/device_level_service_test.dart: DeviceLevelReading records sensor unavailable without blocking capture
00:05 +163 ~1: /Users/jose/src/work/hydracamv2/test/services/log_service_test.dart: registerLog stores message, timestamp, function, and file
Log registered: {message: Profile startup marker, timestamp: 2026-06-07 13:30:00.000, function: main, file: main.dart}
Trace file unavailable: Binding has not yet been initialized.
The "instance" getter on the ServicesBinding binding mixin is only available once that binding has been initialized.
Typically, this is done by calling "WidgetsFlutterBinding.ensureInitialized()" or "runApp()" (the latter calls the former). Typically this call is done in the "void main()" method. The "ensureInitialized" method is idempotent; calling it multiple times is not harmful. After calling that method, the "instance" getter will return the binding.
In a test, one can call "TestWidgetsFlutterBinding.ensureInitialized()" as the first line in the test's "main()" method to initialize the binding.
If ServicesBinding is a custom binding mixin, there must also be a custom binding class, like WidgetsFlutterBinding, but that mixes in the selected binding, and that is the class that must be constructed before using the "instance" getter.
00:05 +164 ~1: /Users/jose/src/work/hydracamv2/test/services/log_service_test.dart: registerLog stores message, timestamp, function, and file
00:05 +165 ~1: /Users/jose/src/work/hydracamv2/test/services/camera_service_test.dart: CameraService Recording state recordingInterrupted starts as false
00:05 +166 ~1: /Users/jose/src/work/hydracamv2/test/services/log_service_test.dart: clearLogs removes stored entries
Log registered: {message: temporary entry, timestamp: 2026-06-09 02:51:17.584583, function: null, file: null}
00:05 +167 ~1: /Users/jose/src/work/hydracamv2/test/services/camera_service_test.dart: CameraService Storage constraints storage service is correctly wired
00:05 +168 ~1: /Users/jose/src/work/hydracamv2/test/services/camera_service_test.dart: CameraService Force stop recording forceStopRecordingDueToStorage API exists
00:05 +169 ~1: /Users/jose/src/work/hydracamv2/test/services/scheduled_task_service_test.dart: computes delay from corrected local time
00:05 +170 ~1: /Users/jose/src/work/hydracamv2/test/services/scheduled_task_service_test.dart: runs scheduled tasks immediately when corrected time has passed
00:05 +171 ~1: /Users/jose/src/work/hydracamv2/test/services/scheduled_task_service_test.dart: keeps future corrected-time tasks cancellable
00:05 +172 ~1: /Users/jose/src/work/hydracamv2/test/services/battery_service_test.dart: skips linux battery plugin when DBus system bus is missing
00:05 +173 ~1: /Users/jose/src/work/hydracamv2/test/services/battery_service_test.dart: BatteryService shows warning when battery level is low
00:05 +174 ~1: /Users/jose/src/work/hydracamv2/test/services/battery_service_test.dart: BatteryService shows warning when battery level is low
00:05 +175 ~1: /Users/jose/src/work/hydracamv2/test/services/battery_service_test.dart: BatteryService shows warning when battery level is low
00:05 +176 ~1: /Users/jose/src/work/hydracamv2/test/services/battery_service_test.dart: BatteryService shows warning when battery level is low
00:05 +177 ~1: /Users/jose/src/work/hydracamv2/test/services/battery_service_test.dart: BatteryService shows warning when battery level is low
00:05 +177 ~1: /Users/jose/src/work/hydracamv2/test/services/settings_service_test.dart: stores selected camera name independently from lens preference
Log registered: {message: Updated camera lens preference to ultraWide, timestamp: 2026-06-09 02:51:17.689655, function: null, file: null}
00:05 +177 ~1: /Users/jose/src/work/hydracamv2/test/services/battery_service_test.dart: BatteryService shows warning when battery level is low
00:05 +177 ~1: /Users/jose/src/work/hydracamv2/test/services/settings_service_test.dart: stores selected camera name independently from lens preference
Trace file unavailable: Binding has not yet been initialized.
The "instance" getter on the ServicesBinding binding mixin is only available once that binding has been initialized.
Typically, this is done by calling "WidgetsFlutterBinding.ensureInitialized()" or "runApp()" (the latter calls the former). Typically this call is done in the "void main()" method. The "ensureInitialized" method is idempotent; calling it multiple times is not harmful. After calling that method, the "instance" getter will return the binding.
In a test, one can call "TestWidgetsFlutterBinding.ensureInitialized()" as the first line in the test's "main()" method to initialize the binding.
If ServicesBinding is a custom binding mixin, there must also be a custom binding class, like WidgetsFlutterBinding, but that mixes in the selected binding, and that is the class that must be constructed before using the "instance" getter.
Log registered: {message: Updated selected camera name to iphone-ultra-wide, timestamp: 2026-06-09 02:51:17.708751, function: null, file: null}
00:05 +178 ~1: /Users/jose/src/work/hydracamv2/test/services/battery_service_test.dart: BatteryService shows warning when battery level is low
00:05 +178 ~1: /Users/jose/src/work/hydracamv2/test/services/settings_service_test.dart: stores selected camera perspective by canonical id
Log registered: {message: Updated camera perspective to right_backglass_diagonal, timestamp: 2026-06-09 02:51:17.711448, function: null, file: null}
00:05 +179 ~1: /Users/jose/src/work/hydracamv2/test/services/battery_service_test.dart: BatteryService shows warning when battery level is low
00:05 +179 ~1: /Users/jose/src/work/hydracamv2/test/services/gallery_session_candidate_source_test.dart: loads active and historical gallery candidate sessions once
Log registered: {message: UploaderService: Resetting upload queue and state., timestamp: 2026-06-09 02:51:17.710110, function: null, file: null}
Log registered: {message: UploaderService: Reset completed., timestamp: 2026-06-09 02:51:17.712728, function: null, file: null}
00:05 +179 ~1: /Users/jose/src/work/hydracamv2/test/services/settings_service_test.dart: auto-record defaults disabled and can be stored
Log registered: {message: Updated autoRecordMode value to true, timestamp: 2026-06-09 02:51:17.712956, function: null, file: null}
00:05 +179 ~1: /Users/jose/src/work/hydracamv2/test/services/gallery_session_candidate_source_test.dart: loads active and historical gallery candidate sessions once
Log registered: {message: Session started with GUID: active-guid on device type: Master, timestamp: 2026-06-09 02:51:17.713131, function: null, file: null}
00:05 +180 ~1: /Users/jose/src/work/hydracamv2/test/services/battery_service_test.dart: BatteryService shows warning when battery level is low
00:05 +180 ~1: /Users/jose/src/work/hydracamv2/test/services/settings_service_test.dart: locale override can be stored and cleared
Log registered: {message: Updated locale override to pl, timestamp: 2026-06-09 02:51:17.714181, function: null, file: null}
Log registered: {message: Cleared locale override, timestamp: 2026-06-09 02:51:17.714489, function: null, file: null}
00:05 +181 ~1: /Users/jose/src/work/hydracamv2/test/services/battery_service_test.dart: BatteryService shows warning when battery level is low
00:05 +181 ~1: /Users/jose/src/work/hydracamv2/test/services/gallery_session_candidate_source_test.dart: loads active and historical gallery candidate sessions once
Log registered: {message: Generated new Device ID: b570b646-e727-4bef-8d1c-23c78b213d89, timestamp: 2026-06-09 02:51:17.737097, function: null, file: null}
Log registered: {message: Session metadata snapshot loaded for old-guid, timestamp: 2026-06-09 02:51:17.738006, function: null, file: null}
Log registered: {message: Retrieved existing Device ID: b570b646-e727-4bef-8d1c-23c78b213d89, timestamp: 2026-06-09 02:51:17.739150, function: null, file: null}
Log registered: {message: Session metadata snapshot loaded for active-guid, timestamp: 2026-06-09 02:51:17.739333, function: null, file: null}
Log registered: {message: Session metadata saved to /var/folders/6s/dp27g8gn26j9mp36sjfxb9tw0000gn/T/gallery_session_candidate_source_docs8UHd48/session_active-guid/metadata.json, timestamp: 2026-06-09 02:51:17.744485, function: null, file: null}
Log registered: {message: UploaderService: Resetting upload queue and state., timestamp: 2026-06-09 02:51:17.744707, function: null, file: null}
Log registered: {message: UploaderService: Reset completed., timestamp: 2026-06-09 02:51:17.744905, function: null, file: null}
Log registered: {message: Session ended and uploader reset., timestamp: 2026-06-09 02:51:17.744985, function: null, file: null}
00:05 +182 ~1: /Users/jose/src/work/hydracamv2/test/services/battery_service_test.dart: BatteryService shows warning when battery level is low
00:05 +182 ~1: /Users/jose/src/work/hydracamv2/test/services/uploader_service_test.dart: reset clears stale queue, current upload state, and progress
Log registered: {message: UploaderService: Resetting upload queue and state., timestamp: 2026-06-09 02:51:17.802071, function: null, file: null}
Log registered: {message: UploaderService: Reset completed., timestamp: 2026-06-09 02:51:17.804062, function: null, file: null}
Log registered: {message: UploaderService: Resetting upload queue and state., timestamp: 2026-06-09 02:51:17.804615, function: null, file: null}
Log registered: {message: UploaderService: Reset completed., timestamp: 2026-06-09 02:51:17.804751, function: null, file: null}
Log registered: {message: Session started with GUID: uploader-test-guid on device type: Master, timestamp: 2026-06-09 02:51:17.804982, function: null, file: null}
Log registered: {message: [UploaderService] No uploaded media with valid durations. Returning zero duration., timestamp: 2026-06-09 02:51:17.810326, function: null, file: null}
Log registered: {message: Media added to upload queue: /var/folders/6s/dp27g8gn26j9mp36sjfxb9tw0000gn/T/hydracam_uploader_testqYPVXZ/photo.jpg, timestamp: 2026-06-09 02:51:17.810679, function: null, file: null}
Log registered: {message: Auto-upload is disabled. Media added to queue but not uploaded., timestamp: 2026-06-09 02:51:17.812550, function: null, file: null}
Log registered: {message: UploaderService: Resetting upload queue and state., timestamp: 2026-06-09 02:51:17.815491, function: null, file: null}
Log registered: {message: UploaderService: Reset completed., timestamp: 2026-06-09 02:51:17.815896, function: null, file: null}
Log registered: {message: Session metadata saved to /var/folders/6s/dp27g8gn26j9mp36sjfxb9tw0000gn/T/uploader_service_docsF2Xk6L/session_uploader-test-guid/metadata.json, timestamp: 2026-06-09 02:51:17.822768, function: null, file: null}
Log registered: {message: UploaderService: Resetting upload queue and state., timestamp: 2026-06-09 02:51:17.822971, function: null, file: null}
Log registered: {message: UploaderService: Reset completed., timestamp: 2026-06-09 02:51:17.823083, function: null, file: null}
Log registered: {message: Session ended and uploader reset., timestamp: 2026-06-09 02:51:17.823378, function: null, file: null}
Log registered: {message: UploaderService: Resetting upload queue and state., timestamp: 2026-06-09 02:51:17.823534, function: null, file: null}
Log registered: {message: UploaderService: Reset completed., timestamp: 2026-06-09 02:51:17.823669, function: null, file: null}
00:05 +183 ~1: /Users/jose/src/work/hydracamv2/test/services/battery_service_test.dart: BatteryService shows warning when battery level is low
00:05 +183 ~1: /Users/jose/src/work/hydracamv2/test/services/uploader_service_test.dart: addMediaToQueue can be awaited through settings evaluation
Log registered: {message: UploaderService: Resetting upload queue and state., timestamp: 2026-06-09 02:51:17.825456, function: null, file: null}
Log registered: {message: UploaderService: Reset completed., timestamp: 2026-06-09 02:51:17.825545, function: null, file: null}
Log registered: {message: UploaderService: Resetting upload queue and state., timestamp: 2026-06-09 02:51:17.829718, function: null, file: null}
Log registered: {message: UploaderService: Reset completed., timestamp: 2026-06-09 02:51:17.829940, function: null, file: null}
Log registered: {message: Session started with GUID: uploader-test-guid on device type: Master, timestamp: 2026-06-09 02:51:17.830033, function: null, file: null}
Log registered: {message: [UploaderService] No uploaded media with valid durations. Returning zero duration., timestamp: 2026-06-09 02:51:17.830617, function: null, file: null}
Log registered: {message: Media added to upload queue: /var/folders/6s/dp27g8gn26j9mp36sjfxb9tw0000gn/T/hydracam_uploader_testhAUpyD/awaitable-enqueue.jpg, timestamp: 2026-06-09 02:51:17.830704, function: null, file: null}
Log registered: {message: Auto-upload is disabled. Media added to queue but not uploaded., timestamp: 2026-06-09 02:51:17.830870, function: null, file: null}
Log registered: {message: Session metadata saved to /var/folders/6s/dp27g8gn26j9mp36sjfxb9tw0000gn/T/uploader_service_docsF2Xk6L/session_uploader-test-guid/metadata.json, timestamp: 2026-06-09 02:51:17.832520, function: null, file: null}
Log registered: {message: UploaderService: Resetting upload queue and state., timestamp: 2026-06-09 02:51:17.832649, function: null, file: null}
Log registered: {message: UploaderService: Reset completed., timestamp: 2026-06-09 02:51:17.832721, function: null, file: null}
Log registered: {message: Session ended and uploader reset., timestamp: 2026-06-09 02:51:17.832792, function: null, file: null}
Log registered: {message: UploaderService: Resetting upload queue and state., timestamp: 2026-06-09 02:51:17.832855, function: null, file: null}
Log registered: {message: UploaderService: Reset completed., timestamp: 2026-06-09 02:51:17.832921, function: null, file: null}
00:05 +184 ~1: /Users/jose/src/work/hydracamv2/test/services/battery_service_test.dart: BatteryService shows warning when battery level is low
00:05 +184 ~1: /Users/jose/src/work/hydracamv2/test/services/uploader_service_test.dart: startUploadingManually can be awaited until the queue drains
Log registered: {message: UploaderService: Resetting upload queue and state., timestamp: 2026-06-09 02:51:17.834268, function: null, file: null}
Log registered: {message: UploaderService: Reset completed., timestamp: 2026-06-09 02:51:17.834350, function: null, file: null}
Log registered: {message: UploaderService: Resetting upload queue and state., timestamp: 2026-06-09 02:51:17.834906, function: null, file: null}
Log registered: {message: UploaderService: Reset completed., timestamp: 2026-06-09 02:51:17.834993, function: null, file: null}
Log registered: {message: Session started with GUID: uploader-test-guid on device type: Master, timestamp: 2026-06-09 02:51:17.835054, function: null, file: null}
Log registered: {message: [UploaderService] No uploaded media with valid durations. Returning zero duration., timestamp: 2026-06-09 02:51:17.836, function: null, file: null}
Log registered: {message: Media added to upload queue: /var/folders/6s/dp27g8gn26j9mp36sjfxb9tw0000gn/T/hydracam_uploader_testqkUYjg/await-manual-first.jpg, timestamp: 2026-06-09 02:51:17.836126, function: null, file: null}
Log registered: {message: Auto-upload is disabled. Media added to queue but not uploaded., timestamp: 2026-06-09 02:51:17.836343, function: null, file: null}
Log registered: {message: [UploaderService] No uploaded media with valid durations. Returning zero duration., timestamp: 2026-06-09 02:51:17.836556, function: null, file: null}
Log registered: {message: Media added to upload queue: /var/folders/6s/dp27g8gn26j9mp36sjfxb9tw0000gn/T/hydracam_uploader_testqkUYjg/await-manual-second.jpg, timestamp: 2026-06-09 02:51:17.836617, function: null, file: null}
Log registered: {message: Auto-upload is disabled. Media added to queue but not uploaded., timestamp: 2026-06-09 02:51:17.836692, function: null, file: null}
Log registered: {message: Manual upload initiated., timestamp: 2026-06-09 02:51:17.836802, function: null, file: null}
Log registered: {message: UploaderService: _startUploading called. _isUploading=false, queue length=2, timestamp: 2026-06-09 02:51:17.836957, function: null, file: null}
Log registered: {message: UploaderService: _processNextItem called. Queue length=2, timestamp: 2026-06-09 02:51:17.837440, function: null, file: null}
Log registered: {message: UploaderService: sessionGuid=uploader-test-guid, timestamp: 2026-06-09 02:51:17.837705, function: null, file: null}
Log registered: {message: Get token, timestamp: 2026-06-09 02:51:17.838992, function: null, file: null}
Log registered: {message: Media uploaded successfully, timestamp: 2026-06-09 02:51:17.852014, function: null, file: null}
Log registered: {message: Media uploaded: /var/folders/6s/dp27g8gn26j9mp36sjfxb9tw0000gn/T/hydracam_uploader_testqkUYjg/await-manual-first.jpg, timestamp: 2026-06-09 02:51:17.852344, function: null, file: null}
Log registered: {message: Session metadata saved to /var/folders/6s/dp27g8gn26j9mp36sjfxb9tw0000gn/T/uploader_service_docsF2Xk6L/session_uploader-test-guid/metadata.json, timestamp: 2026-06-09 02:51:17.853236, function: null, file: null}
Log registered: {message: [UploaderService] Total bytes uploaded: 4, timestamp: 2026-06-09 02:51:17.853704, function: null, file: null}
Log registered: {message: [UploaderService] Total upload duration: 0 seconds, timestamp: 2026-06-09 02:51:17.853872, function: null, file: null}
Log registered: {message: [UploaderService] Average speed: 274.66868090365995 bytes/second, timestamp: 2026-06-09 02:51:17.854270, function: null, file: null}
Log registered: {message: [UploaderService] Remaining bytes to upload: 4, timestamp: 2026-06-09 02:51:17.854419, function: null, file: null}
Log registered: {message: [UploaderService] Estimated time: 0.014563000000000001 seconds, timestamp: 2026-06-09 02:51:17.854481, function: null, file: null}
Log registered: {message: UploaderService: _processNextItem called. Queue length=1, timestamp: 2026-06-09 02:51:17.854684, function: null, file: null}
Log registered: {message: UploaderService: sessionGuid=uploader-test-guid, timestamp: 2026-06-09 02:51:17.854801, function: null, file: null}
Log registered: {message: Get token, timestamp: 2026-06-09 02:51:17.855130, function: null, file: null}
Log registered: {message: Media uploaded successfully, timestamp: 2026-06-09 02:51:17.856807, function: null, file: null}
Log registered: {message: Media uploaded: /var/folders/6s/dp27g8gn26j9mp36sjfxb9tw0000gn/T/hydracam_uploader_testqkUYjg/await-manual-second.jpg, timestamp: 2026-06-09 02:51:17.856959, function: null, file: null}
Log registered: {message: Session metadata saved to /var/folders/6s/dp27g8gn26j9mp36sjfxb9tw0000gn/T/uploader_service_docsF2Xk6L/session_uploader-test-guid/metadata.json, timestamp: 2026-06-09 02:51:17.857793, function: null, file: null}
Log registered: {message: [UploaderService] Queue is empty. Returning zero duration., timestamp: 2026-06-09 02:51:17.857988, function: null, file: null}
Log registered: {message: UploaderService: _processNextItem called. Queue length=0, timestamp: 2026-06-09 02:51:17.858108, function: null, file: null}
Log registered: {message: UploaderService: Queue is empty. Uploading stopped., timestamp: 2026-06-09 02:51:17.858172, function: null, file: null}
Log registered: {message: Session metadata saved to /var/folders/6s/dp27g8gn26j9mp36sjfxb9tw0000gn/T/uploader_service_docsF2Xk6L/session_uploader-test-guid/metadata.json, timestamp: 2026-06-09 02:51:17.859334, function: null, file: null}
Log registered: {message: UploaderService: Resetting upload queue and state., timestamp: 2026-06-09 02:51:17.859437, function: null, file: null}
Log registered: {message: UploaderService: Reset completed., timestamp: 2026-06-09 02:51:17.859500, function: null, file: null}
Log registered: {message: Session ended and uploader reset., timestamp: 2026-06-09 02:51:17.859555, function: null, file: null}
Log registered: {message: UploaderService: Resetting upload queue and state., timestamp: 2026-06-09 02:51:17.859606, function: null, file: null}
Log registered: {message: UploaderService: Reset completed., timestamp: 2026-06-09 02:51:17.859650, function: null, file: null}
00:05 +185 ~1: /Users/jose/src/work/hydracamv2/test/services/battery_service_test.dart: BatteryService shows warning when battery level is low
00:05 +185 ~1: /Users/jose/src/work/hydracamv2/test/services/uploader_service_test.dart: addMediaToQueue refuses media when session is not backend-created
Log registered: {message: UploaderService: Resetting upload queue and state., timestamp: 2026-06-09 02:51:17.860897, function: null, file: null}
Log registered: {message: UploaderService: Reset completed., timestamp: 2026-06-09 02:51:17.860969, function: null, file: null}
Log registered: {message: UploaderService: Resetting upload queue and state., timestamp: 2026-06-09 02:51:17.861248, function: null, file: null}
Log registered: {message: UploaderService: Reset completed., timestamp: 2026-06-09 02:51:17.861372, function: null, file: null}
Log registered: {message: Session started with GUID: uploader-test-guid on device type: Master, timestamp: 2026-06-09 02:51:17.861444, function: null, file: null}
Log registered: {message: Session metadata saved to /var/folders/6s/dp27g8gn26j9mp36sjfxb9tw0000gn/T/uploader_service_docsF2Xk6L/session_uploader-test-guid/metadata.json, timestamp: 2026-06-09 02:51:17.862572, function: null, file: null}
Log registered: {message: UploaderService: Resetting upload queue and state., timestamp: 2026-06-09 02:51:17.862712, function: null, file: null}
Log registered: {message: UploaderService: Reset completed., timestamp: 2026-06-09 02:51:17.862827, function: null, file: null}
Log registered: {message: Session ended and uploader reset., timestamp: 2026-06-09 02:51:17.862888, function: null, file: null}
Log registered: {message: UploaderService: Resetting upload queue and state., timestamp: 2026-06-09 02:51:17.862955, function: null, file: null}
Log registered: {message: UploaderService: Reset completed., timestamp: 2026-06-09 02:51:17.863015, function: null, file: null}
Log registered: {message: Session started with GUID: diagnostic-session-guid on device type: Master, timestamp: 2026-06-09 02:51:17.863067, function: null, file: null}
Log registered: {message: Upload blocked: session is not backend-created; create the session through the webservice before capture., timestamp: 2026-06-09 02:51:17.863399, function: null, file: null}
Log registered: {message: Session metadata saved to /var/folders/6s/dp27g8gn26j9mp36sjfxb9tw0000gn/T/uploader_service_docsF2Xk6L/session_diagnostic-session-guid/metadata.json, timestamp: 2026-06-09 02:51:17.864349, function: null, file: null}
Log registered: {message: Session metadata saved to /var/folders/6s/dp27g8gn26j9mp36sjfxb9tw0000gn/T/uploader_service_docsF2Xk6L/session_diagnostic-session-guid/metadata.json, timestamp: 2026-06-09 02:51:17.865410, function: null, file: null}
Log registered: {message: UploaderService: Resetting upload queue and state., timestamp: 2026-06-09 02:51:17.865529, function: null, file: null}
Log registered: {message: UploaderService: Reset completed., timestamp: 2026-06-09 02:51:17.865602, function: null, file: null}
Log registered: {message: Session ended and uploader reset., timestamp: 2026-06-09 02:51:17.865673, function: null, file: null}
Log registered: {message: UploaderService: Resetting upload queue and state., timestamp: 2026-06-09 02:51:17.865727, function: null, file: null}
Log registered: {message: UploaderService: Reset completed., timestamp: 2026-06-09 02:51:17.865802, function: null, file: null}
00:05 +186 ~1: /Users/jose/src/work/hydracamv2/test/services/battery_service_test.dart: BatteryService shows warning when battery level is low
00:05 +186 ~1: /Users/jose/src/work/hydracamv2/test/services/uploader_service_test.dart: cancelQueuedMedia removes a pending item without touching others
Log registered: {message: UploaderService: Resetting upload queue and state., timestamp: 2026-06-09 02:51:17.866898, function: null, file: null}
Log registered: {message: UploaderService: Reset completed., timestamp: 2026-06-09 02:51:17.866966, function: null, file: null}
Log registered: {message: UploaderService: Resetting upload queue and state., timestamp: 2026-06-09 02:51:17.867137, function: null, file: null}
Log registered: {message: UploaderService: Reset completed., timestamp: 2026-06-09 02:51:17.867190, function: null, file: null}
Log registered: {message: Session started with GUID: uploader-test-guid on device type: Master, timestamp: 2026-06-09 02:51:17.867238, function: null, file: null}
Log registered: {message: [UploaderService] No uploaded media with valid durations. Returning zero duration., timestamp: 2026-06-09 02:51:17.867802, function: null, file: null}
Log registered: {message: Media added to upload queue: /var/folders/6s/dp27g8gn26j9mp36sjfxb9tw0000gn/T/hydracam_uploader_test60UAfg/first.jpg, timestamp: 2026-06-09 02:51:17.867875, function: null, file: null}
Log registered: {message: Auto-upload is disabled. Media added to queue but not uploaded., timestamp: 2026-06-09 02:51:17.868036, function: null, file: null}
Log registered: {message: [UploaderService] No uploaded media with valid durations. Returning zero duration., timestamp: 2026-06-09 02:51:17.868123, function: null, file: null}
Log registered: {message: Media added to upload queue: /var/folders/6s/dp27g8gn26j9mp36sjfxb9tw0000gn/T/hydracam_uploader_test60UAfg/second.jpg, timestamp: 2026-06-09 02:51:17.868171, function: null, file: null}
Log registered: {message: Auto-upload is disabled. Media added to queue but not uploaded., timestamp: 2026-06-09 02:51:17.868240, function: null, file: null}
Log registered: {message: [UploaderService] No uploaded media with valid durations. Returning zero duration., timestamp: 2026-06-09 02:51:17.868604, function: null, file: null}
Log registered: {message: Cancelled pending upload: /var/folders/6s/dp27g8gn26j9mp36sjfxb9tw0000gn/T/hydracam_uploader_test60UAfg/first.jpg, timestamp: 2026-06-09 02:51:17.868684, function: null, file: null}
Log registered: {message: No pending queued media to cancel: /var/folders/6s/dp27g8gn26j9mp36sjfxb9tw0000gn/T/hydracam_uploader_test60UAfg/first.jpg, timestamp: 2026-06-09 02:51:17.868759, function: null, file: null}
Log registered: {message: Session metadata saved to /var/folders/6s/dp27g8gn26j9mp36sjfxb9tw0000gn/T/uploader_service_docsF2Xk6L/session_uploader-test-guid/metadata.json, timestamp: 2026-06-09 02:51:17.869978, function: null, file: null}
Log registered: {message: UploaderService: Resetting upload queue and state., timestamp: 2026-06-09 02:51:17.870096, function: null, file: null}
Log registered: {message: UploaderService: Reset completed., timestamp: 2026-06-09 02:51:17.870152, function: null, file: null}
Log registered: {message: Session ended and uploader reset., timestamp: 2026-06-09 02:51:17.870206, function: null, file: null}
Log registered: {message: UploaderService: Resetting upload queue and state., timestamp: 2026-06-09 02:51:17.870321, function: null, file: null}
Log registered: {message: UploaderService: Reset completed., timestamp: 2026-06-09 02:51:17.870414, function: null, file: null}
00:05 +187 ~1: /Users/jose/src/work/hydracamv2/test/services/battery_service_test.dart: BatteryService shows warning when battery level is low
00:05 +187 ~1: /Users/jose/src/work/hydracamv2/test/services/uploader_service_test.dart: addMediaToQueue ignores retry for media already uploading
Log registered: {message: UploaderService: Resetting upload queue and state., timestamp: 2026-06-09 02:51:17.871991, function: null, file: null}
Log registered: {message: UploaderService: Reset completed., timestamp: 2026-06-09 02:51:17.872087, function: null, file: null}
Log registered: {message: UploaderService: Resetting upload queue and state., timestamp: 2026-06-09 02:51:17.872261, function: null, file: null}
Log registered: {message: UploaderService: Reset completed., timestamp: 2026-06-09 02:51:17.872333, function: null, file: null}
Log registered: {message: Session started with GUID: uploader-test-guid on device type: Master, timestamp: 2026-06-09 02:51:17.872385, function: null, file: null}
Log registered: {message: Media already uploading: /var/folders/6s/dp27g8gn26j9mp36sjfxb9tw0000gn/T/hydracam_uploader_testw6EF9n/currently-uploading.jpg, timestamp: 2026-06-09 02:51:17.873060, function: null, file: null}
Log registered: {message: Session metadata saved to /var/folders/6s/dp27g8gn26j9mp36sjfxb9tw0000gn/T/uploader_service_docsF2Xk6L/session_uploader-test-guid/metadata.json, timestamp: 2026-06-09 02:51:17.874258, function: null, file: null}
Log registered: {message: UploaderService: Resetting upload queue and state., timestamp: 2026-06-09 02:51:17.874422, function: null, file: null}
Log registered: {message: UploaderService: Reset completed., timestamp: 2026-06-09 02:51:17.874536, function: null, file: null}
Log registered: {message: Session ended and uploader reset., timestamp: 2026-06-09 02:51:17.874592, function: null, file: null}
Log registered: {message: UploaderService: Resetting upload queue and state., timestamp: 2026-06-09 02:51:17.874638, function: null, file: null}
Log registered: {message: UploaderService: Reset completed., timestamp: 2026-06-09 02:51:17.874680, function: null, file: null}
00:05 +188 ~1: /Users/jose/src/work/hydracamv2/test/services/battery_service_test.dart: BatteryService shows warning when battery level is low
00:05 +188 ~1: /Users/jose/src/work/hydracamv2/test/services/uploader_service_test.dart: estimateTotalTimeRemaining uses completed upload samples
Log registered: {message: UploaderService: Resetting upload queue and state., timestamp: 2026-06-09 02:51:17.876557, function: null, file: null}
Log registered: {message: UploaderService: Reset completed., timestamp: 2026-06-09 02:51:17.876665, function: null, file: null}
Log registered: {message: UploaderService: Resetting upload queue and state., timestamp: 2026-06-09 02:51:17.876897, function: null, file: null}
Log registered: {message: UploaderService: Reset completed., timestamp: 2026-06-09 02:51:17.876953, function: null, file: null}
Log registered: {message: Session started with GUID: uploader-test-guid on device type: Master, timestamp: 2026-06-09 02:51:17.877005, function: null, file: null}
Log registered: {message: UploaderService: Resetting upload queue and state., timestamp: 2026-06-09 02:51:17.877580, function: null, file: null}
Log registered: {message: UploaderService: Reset completed., timestamp: 2026-06-09 02:51:17.877703, function: null, file: null}
Log registered: {message: Session started with GUID: estimate-session-guid on device type: Master, timestamp: 2026-06-09 02:51:17.877770, function: null, file: null}
Log registered: {message: [UploaderService] No uploaded media with valid durations. Returning zero duration., timestamp: 2026-06-09 02:51:17.878234, function: null, file: null}
Log registered: {message: Media added to upload queue: /var/folders/6s/dp27g8gn26j9mp36sjfxb9tw0000gn/T/hydracam_uploader_testQDAzws/completed-estimate.jpg, timestamp: 2026-06-09 02:51:17.878296, function: null, file: null}
Log registered: {message: Auto-upload is disabled. Media added to queue but not uploaded., timestamp: 2026-06-09 02:51:17.878475, function: null, file: null}
Log registered: {message: Manual upload initiated., timestamp: 2026-06-09 02:51:17.878533, function: null, file: null}
Log registered: {message: UploaderService: _startUploading called. _isUploading=false, queue length=1, timestamp: 2026-06-09 02:51:17.878592, function: null, file: null}
Log registered: {message: UploaderService: _processNextItem called. Queue length=1, timestamp: 2026-06-09 02:51:17.878643, function: null, file: null}
Log registered: {message: UploaderService: sessionGuid=estimate-session-guid, timestamp: 2026-06-09 02:51:17.879222, function: null, file: null}
Log registered: {message: Get token, timestamp: 2026-06-09 02:51:17.879753, function: null, file: null}
Log registered: {message: Media uploaded successfully, timestamp: 2026-06-09 02:51:17.882174, function: null, file: null}
Log registered: {message: Media uploaded: /var/folders/6s/dp27g8gn26j9mp36sjfxb9tw0000gn/T/hydracam_uploader_testQDAzws/completed-estimate.jpg, timestamp: 2026-06-09 02:51:17.882392, function: null, file: null}
Log registered: {message: Session metadata saved to /var/folders/6s/dp27g8gn26j9mp36sjfxb9tw0000gn/T/uploader_service_docsF2Xk6L/session_estimate-session-guid/metadata.json, timestamp: 2026-06-09 02:51:17.883897, function: null, file: null}
Log registered: {message: [UploaderService] Queue is empty. Returning zero duration., timestamp: 2026-06-09 02:51:17.884065, function: null, file: null}
Log registered: {message: UploaderService: _processNextItem called. Queue length=0, timestamp: 2026-06-09 02:51:17.884140, function: null, file: null}
Log registered: {message: UploaderService: Queue is empty. Uploading stopped., timestamp: 2026-06-09 02:51:17.884190, function: null, file: null}
Log registered: {message: [UploaderService] Total bytes uploaded: 100, timestamp: 2026-06-09 02:51:17.884273, function: null, file: null}
Log registered: {message: [UploaderService] Total upload duration: 5 seconds, timestamp: 2026-06-09 02:51:17.884325, function: null, file: null}
Log registered: {message: [UploaderService] Average speed: 20.0 bytes/second, timestamp: 2026-06-09 02:51:17.884377, function: null, file: null}
Log registered: {message: [UploaderService] Remaining bytes to upload: 200, timestamp: 2026-06-09 02:51:17.884425, function: null, file: null}
Log registered: {message: [UploaderService] Estimated time: 10.0 seconds, timestamp: 2026-06-09 02:51:17.884603, function: null, file: null}
Log registered: {message: Media added to upload queue: /var/folders/6s/dp27g8gn26j9mp36sjfxb9tw0000gn/T/hydracam_uploader_testQDAzws/pending-estimate.jpg, timestamp: 2026-06-09 02:51:17.884677, function: null, file: null}
Log registered: {message: Auto-upload is disabled. Media added to queue but not uploaded., timestamp: 2026-06-09 02:51:17.884810, function: null, file: null}
Log registered: {message: [UploaderService] Total bytes uploaded: 100, timestamp: 2026-06-09 02:51:17.884943, function: null, file: null}
Log registered: {message: [UploaderService] Total upload duration: 5 seconds, timestamp: 2026-06-09 02:51:17.884996, function: null, file: null}
Log registered: {message: [UploaderService] Average speed: 20.0 bytes/second, timestamp: 2026-06-09 02:51:17.885066, function: null, file: null}
Log registered: {message: [UploaderService] Remaining bytes to upload: 200, timestamp: 2026-06-09 02:51:17.885126, function: null, file: null}
Log registered: {message: [UploaderService] Estimated time: 10.0 seconds, timestamp: 2026-06-09 02:51:17.885169, function: null, file: null}
Log registered: {message: Session metadata saved to /var/folders/6s/dp27g8gn26j9mp36sjfxb9tw0000gn/T/uploader_service_docsF2Xk6L/session_estimate-session-guid/metadata.json, timestamp: 2026-06-09 02:51:17.890681, function: null, file: null}
Log registered: {message: UploaderService: Resetting upload queue and state., timestamp: 2026-06-09 02:51:17.890827, function: null, file: null}
Log registered: {message: UploaderService: Reset completed., timestamp: 2026-06-09 02:51:17.890908, function: null, file: null}
Log registered: {message: Session ended and uploader reset., timestamp: 2026-06-09 02:51:17.890954, function: null, file: null}
Log registered: {message: UploaderService: Resetting upload queue and state., timestamp: 2026-06-09 02:51:17.891014, function: null, file: null}
Log registered: {message: UploaderService: Reset completed., timestamp: 2026-06-09 02:51:17.891051, function: null, file: null}
00:05 +189 ~1: /Users/jose/src/work/hydracamv2/test/services/battery_service_test.dart: BatteryService shows warning when battery level is low
00:05 +189 ~1: /Users/jose/src/work/hydracamv2/test/services/uploader_service_test.dart: estimateTotalTimeRemaining keeps sub-second upload samples
Log registered: {message: UploaderService: Resetting upload queue and state., timestamp: 2026-06-09 02:51:17.892483, function: null, file: null}
Log registered: {message: UploaderService: Reset completed., timestamp: 2026-06-09 02:51:17.892536, function: null, file: null}
Log registered: {message: UploaderService: Resetting upload queue and state., timestamp: 2026-06-09 02:51:17.892696, function: null, file: null}
Log registered: {message: UploaderService: Reset completed., timestamp: 2026-06-09 02:51:17.892740, function: null, file: null}
Log registered: {message: Session started with GUID: uploader-test-guid on device type: Master, timestamp: 2026-06-09 02:51:17.892780, function: null, file: null}
Log registered: {message: UploaderService: Resetting upload queue and state., timestamp: 2026-06-09 02:51:17.893124, function: null, file: null}
Log registered: {message: UploaderService: Reset completed., timestamp: 2026-06-09 02:51:17.893224, function: null, file: null}
Log registered: {message: Session started with GUID: subsecond-estimate-guid on device type: Master, timestamp: 2026-06-09 02:51:17.893270, function: null, file: null}
Log registered: {message: [UploaderService] No uploaded media with valid durations. Returning zero duration., timestamp: 2026-06-09 02:51:17.893663, function: null, file: null}
Log registered: {message: Media added to upload queue: /var/folders/6s/dp27g8gn26j9mp36sjfxb9tw0000gn/T/hydracam_uploader_testDULz69/subsecond-completed.jpg, timestamp: 2026-06-09 02:51:17.893741, function: null, file: null}
Log registered: {message: Auto-upload is disabled. Media added to queue but not uploaded., timestamp: 2026-06-09 02:51:17.893910, function: null, file: null}
Log registered: {message: Manual upload initiated., timestamp: 2026-06-09 02:51:17.893958, function: null, file: null}
Log registered: {message: UploaderService: _startUploading called. _isUploading=false, queue length=1, timestamp: 2026-06-09 02:51:17.893996, function: null, file: null}
Log registered: {message: UploaderService: _processNextItem called. Queue length=1, timestamp: 2026-06-09 02:51:17.894048, function: null, file: null}
Log registered: {message: UploaderService: sessionGuid=subsecond-estimate-guid, timestamp: 2026-06-09 02:51:17.894161, function: null, file: null}
Log registered: {message: Get token, timestamp: 2026-06-09 02:51:17.894486, function: null, file: null}
Log registered: {message: Media uploaded successfully, timestamp: 2026-06-09 02:51:17.896371, function: null, file: null}
Log registered: {message: Media uploaded: /var/folders/6s/dp27g8gn26j9mp36sjfxb9tw0000gn/T/hydracam_uploader_testDULz69/subsecond-completed.jpg, timestamp: 2026-06-09 02:51:17.896494, function: null, file: null}
Log registered: {message: Session metadata saved to /var/folders/6s/dp27g8gn26j9mp36sjfxb9tw0000gn/T/uploader_service_docsF2Xk6L/session_subsecond-estimate-guid/metadata.json, timestamp: 2026-06-09 02:51:17.897541, function: null, file: null}
Log registered: {message: [UploaderService] Queue is empty. Returning zero duration., timestamp: 2026-06-09 02:51:17.897705, function: null, file: null}
Log registered: {message: UploaderService: _processNextItem called. Queue length=0, timestamp: 2026-06-09 02:51:17.897769, function: null, file: null}
Log registered: {message: UploaderService: Queue is empty. Uploading stopped., timestamp: 2026-06-09 02:51:17.897815, function: null, file: null}
Log registered: {message: [UploaderService] Total bytes uploaded: 100, timestamp: 2026-06-09 02:51:17.897885, function: null, file: null}
Log registered: {message: [UploaderService] Total upload duration: 0 seconds, timestamp: 2026-06-09 02:51:17.897972, function: null, file: null}
Log registered: {message: [UploaderService] Average speed: 200.0 bytes/second, timestamp: 2026-06-09 02:51:17.898032, function: null, file: null}
Log registered: {message: [UploaderService] Remaining bytes to upload: 200, timestamp: 2026-06-09 02:51:17.898079, function: null, file: null}
Log registered: {message: [UploaderService] Estimated time: 1.0 seconds, timestamp: 2026-06-09 02:51:17.898118, function: null, file: null}
Log registered: {message: Media added to upload queue: /var/folders/6s/dp27g8gn26j9mp36sjfxb9tw0000gn/T/hydracam_uploader_testDULz69/subsecond-pending.jpg, timestamp: 2026-06-09 02:51:17.898163, function: null, file: null}
Log registered: {message: Auto-upload is disabled. Media added to queue but not uploaded., timestamp: 2026-06-09 02:51:17.898232, function: null, file: null}
Log registered: {message: [UploaderService] Total bytes uploaded: 100, timestamp: 2026-06-09 02:51:17.898286, function: null, file: null}
Log registered: {message: [UploaderService] Total upload duration: 0 seconds, timestamp: 2026-06-09 02:51:17.898333, function: null, file: null}
Log registered: {message: [UploaderService] Average speed: 200.0 bytes/second, timestamp: 2026-06-09 02:51:17.898368, function: null, file: null}
Log registered: {message: [UploaderService] Remaining bytes to upload: 200, timestamp: 2026-06-09 02:51:17.898403, function: null, file: null}
Log registered: {message: [UploaderService] Estimated time: 1.0 seconds, timestamp: 2026-06-09 02:51:17.898436, function: null, file: null}
Log registered: {message: Session metadata saved to /var/folders/6s/dp27g8gn26j9mp36sjfxb9tw0000gn/T/uploader_service_docsF2Xk6L/session_subsecond-estimate-guid/metadata.json, timestamp: 2026-06-09 02:51:17.899451, function: null, file: null}
Log registered: {message: UploaderService: Resetting upload queue and state., timestamp: 2026-06-09 02:51:17.899540, function: null, file: null}
Log registered: {message: UploaderService: Reset completed., timestamp: 2026-06-09 02:51:17.899589, function: null, file: null}
Log registered: {message: Session ended and uploader reset., timestamp: 2026-06-09 02:51:17.899631, function: null, file: null}
Log registered: {message: UploaderService: Resetting upload queue and state., timestamp: 2026-06-09 02:51:17.899670, function: null, file: null}
Log registered: {message: UploaderService: Reset completed., timestamp: 2026-06-09 02:51:17.899715, function: null, file: null}
00:05 +190 ~1: /Users/jose/src/work/hydracamv2/test/services/battery_service_test.dart: BatteryService shows warning when battery level is low
00:05 +190 ~1: /Users/jose/src/work/hydracamv2/test/services/uploader_service_test.dart: reset ignores stale in-flight upload completion
Log registered: {message: UploaderService: Resetting upload queue and state., timestamp: 2026-06-09 02:51:17.900995, function: null, file: null}
Log registered: {message: UploaderService: Reset completed., timestamp: 2026-06-09 02:51:17.901048, function: null, file: null}
Log registered: {message: UploaderService: Resetting upload queue and state., timestamp: 2026-06-09 02:51:17.904965, function: null, file: null}
Log registered: {message: UploaderService: Reset completed., timestamp: 2026-06-09 02:51:17.905081, function: null, file: null}
Log registered: {message: Session started with GUID: uploader-test-guid on device type: Master, timestamp: 2026-06-09 02:51:17.905127, function: null, file: null}
Log registered: {message: UploaderService: Resetting upload queue and state., timestamp: 2026-06-09 02:51:17.905489, function: null, file: null}
Log registered: {message: UploaderService: Reset completed., timestamp: 2026-06-09 02:51:17.905541, function: null, file: null}
Log registered: {message: Session started with GUID: old-session-guid on device type: Master, timestamp: 2026-06-09 02:51:17.905582, function: null, file: null}
Log registered: {message: [UploaderService] No uploaded media with valid durations. Returning zero duration., timestamp: 2026-06-09 02:51:17.906575, function: null, file: null}
Log registered: {message: Media added to upload queue: /var/folders/6s/dp27g8gn26j9mp36sjfxb9tw0000gn/T/hydracam_uploader_test182uPN/inflight.jpg, timestamp: 2026-06-09 02:51:17.906646, function: null, file: null}
Log registered: {message: Auto-upload is disabled. Media added to queue but not uploaded., timestamp: 2026-06-09 02:51:17.906777, function: null, file: null}
Log registered: {message: Manual upload initiated., timestamp: 2026-06-09 02:51:17.906823, function: null, file: null}
Log registered: {message: UploaderService: _startUploading called. _isUploading=false, queue length=1, timestamp: 2026-06-09 02:51:17.906864, function: null, file: null}
Log registered: {message: UploaderService: _processNextItem called. Queue length=1, timestamp: 2026-06-09 02:51:17.906903, function: null, file: null}
Log registered: {message: UploaderService: sessionGuid=old-session-guid, timestamp: 2026-06-09 02:51:17.906942, function: null, file: null}
Log registered: {message: Get token, timestamp: 2026-06-09 02:51:17.907688, function: null, file: null}
Log registered: {message: UploaderService: Resetting upload queue and state., timestamp: 2026-06-09 02:51:17.908364, function: null, file: null}
Log registered: {message: UploaderService: Reset completed., timestamp: 2026-06-09 02:51:17.908451, function: null, file: null}
Log registered: {message: UploaderService: Resetting upload queue and state., timestamp: 2026-06-09 02:51:17.908596, function: null, file: null}
Log registered: {message: UploaderService: Reset completed., timestamp: 2026-06-09 02:51:17.908668, function: null, file: null}
Log registered: {message: Session started with GUID: new-session-guid on device type: Master, timestamp: 2026-06-09 02:51:17.908715, function: null, file: null}
Log registered: {message: Media uploaded successfully, timestamp: 2026-06-09 02:51:17.910018, function: null, file: null}
Log registered: {message: Ignoring stale upload completion after uploader reset or cancellation: /var/folders/6s/dp27g8gn26j9mp36sjfxb9tw0000gn/T/hydracam_uploader_test182uPN/inflight.jpg, timestamp: 2026-06-09 02:51:17.910105, function: null, file: null}
Log registered: {message: Session metadata saved to /var/folders/6s/dp27g8gn26j9mp36sjfxb9tw0000gn/T/uploader_service_docsF2Xk6L/session_new-session-guid/metadata.json, timestamp: 2026-06-09 02:51:17.911626, function: null, file: null}
Log registered: {message: UploaderService: Resetting upload queue and state., timestamp: 2026-06-09 02:51:17.911713, function: null, file: null}
Log registered: {message: UploaderService: Reset completed., timestamp: 2026-06-09 02:51:17.911755, function: null, file: null}
Log registered: {message: Session ended and uploader reset., timestamp: 2026-06-09 02:51:17.911794, function: null, file: null}
Log registered: {message: UploaderService: Resetting upload queue and state., timestamp: 2026-06-09 02:51:17.911832, function: null, file: null}
Log registered: {message: UploaderService: Reset completed., timestamp: 2026-06-09 02:51:17.911869, function: null, file: null}
00:05 +191 ~1: /Users/jose/src/work/hydracamv2/test/services/battery_service_test.dart: BatteryService shows warning when battery level is low
00:05 +191 ~1: /Users/jose/src/work/hydracamv2/test/services/uploader_service_test.dart: cancelCurrentUpload clears active upload and ignores late completion
Log registered: {message: UploaderService: Resetting upload queue and state., timestamp: 2026-06-09 02:51:17.912900, function: null, file: null}
Log registered: {message: UploaderService: Reset completed., timestamp: 2026-06-09 02:51:17.913031, function: null, file: null}
Log registered: {message: UploaderService: Resetting upload queue and state., timestamp: 2026-06-09 02:51:17.913257, function: null, file: null}
Log registered: {message: UploaderService: Reset completed., timestamp: 2026-06-09 02:51:17.913307, function: null, file: null}
Log registered: {message: Session started with GUID: uploader-test-guid on device type: Master, timestamp: 2026-06-09 02:51:17.913359, function: null, file: null}
Log registered: {message: UploaderService: Resetting upload queue and state., timestamp: 2026-06-09 02:51:17.913768, function: null, file: null}
Log registered: {message: UploaderService: Reset completed., timestamp: 2026-06-09 02:51:17.913842, function: null, file: null}
Log registered: {message: Session started with GUID: cancel-session-guid on device type: Master, timestamp: 2026-06-09 02:51:17.913886, function: null, file: null}
Log registered: {message: [UploaderService] No uploaded media with valid durations. Returning zero duration., timestamp: 2026-06-09 02:51:17.914113, function: null, file: null}
Log registered: {message: Media added to upload queue: /var/folders/6s/dp27g8gn26j9mp36sjfxb9tw0000gn/T/hydracam_uploader_testCgYgnO/cancel-inflight.jpg, timestamp: 2026-06-09 02:51:17.914164, function: null, file: null}
Log registered: {message: Auto-upload is disabled. Media added to queue but not uploaded., timestamp: 2026-06-09 02:51:17.914291, function: null, file: null}
Log registered: {message: Manual upload initiated., timestamp: 2026-06-09 02:51:17.914344, function: null, file: null}
Log registered: {message: UploaderService: _startUploading called. _isUploading=false, queue length=1, timestamp: 2026-06-09 02:51:17.914478, function: null, file: null}
Log registered: {message: UploaderService: _processNextItem called. Queue length=1, timestamp: 2026-06-09 02:51:17.914535, function: null, file: null}
Log registered: {message: UploaderService: sessionGuid=cancel-session-guid, timestamp: 2026-06-09 02:51:17.914584, function: null, file: null}
Log registered: {message: Get token, timestamp: 2026-06-09 02:51:17.915165, function: null, file: null}
Log registered: {message: Cancelled in-flight API requests., timestamp: 2026-06-09 02:51:17.915753, function: null, file: null}
Log registered: {message: [UploaderService] Queue is empty. Returning zero duration., timestamp: 2026-06-09 02:51:17.915885, function: null, file: null}
Log registered: {message: Cancelled active upload: /var/folders/6s/dp27g8gn26j9mp36sjfxb9tw0000gn/T/hydracam_uploader_testCgYgnO/cancel-inflight.jpg, timestamp: 2026-06-09 02:51:17.916007, function: null, file: null}
Log registered: {message: Media uploaded successfully, timestamp: 2026-06-09 02:51:17.917423, function: null, file: null}
Log registered: {message: Ignoring stale upload completion after uploader reset or cancellation: /var/folders/6s/dp27g8gn26j9mp36sjfxb9tw0000gn/T/hydracam_uploader_testCgYgnO/cancel-inflight.jpg, timestamp: 2026-06-09 02:51:17.917508, function: null, file: null}
Log registered: {message: Session metadata saved to /var/folders/6s/dp27g8gn26j9mp36sjfxb9tw0000gn/T/uploader_service_docsF2Xk6L/session_cancel-session-guid/metadata.json, timestamp: 2026-06-09 02:51:17.918563, function: null, file: null}
Log registered: {message: UploaderService: Resetting upload queue and state., timestamp: 2026-06-09 02:51:17.918663, function: null, file: null}
Log registered: {message: UploaderService: Reset completed., timestamp: 2026-06-09 02:51:17.918716, function: null, file: null}
Log registered: {message: Session ended and uploader reset., timestamp: 2026-06-09 02:51:17.918757, function: null, file: null}
Log registered: {message: UploaderService: Resetting upload queue and state., timestamp: 2026-06-09 02:51:17.918812, function: null, file: null}
Log registered: {message: UploaderService: Reset completed., timestamp: 2026-06-09 02:51:17.918849, function: null, file: null}
00:05 +192 ~1: /Users/jose/src/work/hydracamv2/test/services/battery_service_test.dart: BatteryService shows warning when battery level is low
00:05 +192 ~1: /Users/jose/src/work/hydracamv2/test/services/uploader_service_test.dart: cancelCurrentUpload closes the active HTTP client
Log registered: {message: UploaderService: Resetting upload queue and state., timestamp: 2026-06-09 02:51:17.920246, function: null, file: null}
Log registered: {message: UploaderService: Reset completed., timestamp: 2026-06-09 02:51:17.920310, function: null, file: null}
Log registered: {message: UploaderService: Resetting upload queue and state., timestamp: 2026-06-09 02:51:17.920465, function: null, file: null}
Log registered: {message: UploaderService: Reset completed., timestamp: 2026-06-09 02:51:17.920509, function: null, file: null}
Log registered: {message: Session started with GUID: uploader-test-guid on device type: Master, timestamp: 2026-06-09 02:51:17.920549, function: null, file: null}
Log registered: {message: UploaderService: Resetting upload queue and state., timestamp: 2026-06-09 02:51:17.920981, function: null, file: null}
Log registered: {message: UploaderService: Reset completed., timestamp: 2026-06-09 02:51:17.921055, function: null, file: null}
Log registered: {message: Session started with GUID: cancel-http-session-guid on device type: Master, timestamp: 2026-06-09 02:51:17.921168, function: null, file: null}
Log registered: {message: [UploaderService] No uploaded media with valid durations. Returning zero duration., timestamp: 2026-06-09 02:51:17.921471, function: null, file: null}
Log registered: {message: Media added to upload queue: /var/folders/6s/dp27g8gn26j9mp36sjfxb9tw0000gn/T/hydracam_uploader_testkmlM3Q/cancel-http.jpg, timestamp: 2026-06-09 02:51:17.921549, function: null, file: null}
Log registered: {message: Auto-upload is disabled. Media added to queue but not uploaded., timestamp: 2026-06-09 02:51:17.921727, function: null, file: null}
Log registered: {message: Manual upload initiated., timestamp: 2026-06-09 02:51:17.921781, function: null, file: null}
Log registered: {message: UploaderService: _startUploading called. _isUploading=false, queue length=1, timestamp: 2026-06-09 02:51:17.921821, function: null, file: null}
Log registered: {message: UploaderService: _processNextItem called. Queue length=1, timestamp: 2026-06-09 02:51:17.921861, function: null, file: null}
Log registered: {message: UploaderService: sessionGuid=cancel-http-session-guid, timestamp: 2026-06-09 02:51:17.921909, function: null, file: null}
Log registered: {message: Get token, timestamp: 2026-06-09 02:51:17.922520, function: null, file: null}
Log registered: {message: Cancelled in-flight API requests., timestamp: 2026-06-09 02:51:17.923070, function: null, file: null}
Log registered: {message: [UploaderService] Queue is empty. Returning zero duration., timestamp: 2026-06-09 02:51:17.923141, function: null, file: null}
Log registered: {message: Cancelled active upload: /var/folders/6s/dp27g8gn26j9mp36sjfxb9tw0000gn/T/hydracam_uploader_testkmlM3Q/cancel-http.jpg, timestamp: 2026-06-09 02:51:17.923189, function: null, file: null}
Log registered: {message: Media uploaded successfully, timestamp: 2026-06-09 02:51:17.924539, function: null, file: null}
Log registered: {message: Ignoring stale upload completion after uploader reset or cancellation: /var/folders/6s/dp27g8gn26j9mp36sjfxb9tw0000gn/T/hydracam_uploader_testkmlM3Q/cancel-http.jpg, timestamp: 2026-06-09 02:51:17.924653, function: null, file: null}
Log registered: {message: Session metadata saved to /var/folders/6s/dp27g8gn26j9mp36sjfxb9tw0000gn/T/uploader_service_docsF2Xk6L/session_cancel-http-session-guid/metadata.json, timestamp: 2026-06-09 02:51:17.925934, function: null, file: null}
Log registered: {message: UploaderService: Resetting upload queue and state., timestamp: 2026-06-09 02:51:17.926048, function: null, file: null}
Log registered: {message: UploaderService: Reset completed., timestamp: 2026-06-09 02:51:17.926148, function: null, file: null}
Log registered: {message: Session ended and uploader reset., timestamp: 2026-06-09 02:51:17.926205, function: null, file: null}
Log registered: {message: UploaderService: Resetting upload queue and state., timestamp: 2026-06-09 02:51:17.926256, function: null, file: null}
Log registered: {message: UploaderService: Reset completed., timestamp: 2026-06-09 02:51:17.926292, function: null, file: null}
00:05 +193 ~1: /Users/jose/src/work/hydracamv2/test/services/battery_service_test.dart: BatteryService shows warning when battery level is low
Log registered: {message: BatteryService monitoring disabled - timer not started., timestamp: 2026-06-09 02:51:17.950311, function: null, file: null}
00:05 +194 ~1: /Users/jose/src/work/hydracamv2/test/services/battery_service_test.dart: BatteryService triggers one autostop when battery becomes critical
Log registered: {message: BatteryService monitoring disabled - timer not started., timestamp: 2026-06-09 02:51:18.037805, function: null, file: null}
Log registered: {message: Critical battery: triggering recording stop at 8%., timestamp: 2026-06-09 02:51:18.038081, function: null, file: null}
Log registered: {message: Critical battery: triggering recording stop at 8%., timestamp: 2026-06-09 02:51:18.051873, function: null, file: null}
00:06 +195 ~1: /Users/jose/src/work/hydracamv2/test/services/battery_service_test.dart: BatteryService throttles repeated low-battery warnings
00:06 +195 ~1: /Users/jose/src/work/hydracamv2/test/services/battery_service_test.dart: BatteryService shows warning when battery level is low
Log registered: {message: BatteryService: Error reading battery level: MissingPluginException(No implementation found for method getBatteryLevel on channel dev.fluttercommunity.plus/battery), timestamp: 2026-06-09 02:51:18.073415, function: null, file: null}
00:06 +195 ~1: /Users/jose/src/work/hydracamv2/test/services/battery_service_test.dart: BatteryService throttles repeated low-battery warnings
Log registered: {message: BatteryService monitoring disabled - timer not started., timestamp: 2026-06-09 02:51:18.084764, function: null, file: null}
00:06 +196 ~1: /Users/jose/src/work/hydracamv2/test/services/linux_dbus_availability_test.dart: Linux DBus availability skips system-bus plugins only on linux without system bus
00:06 +197 ~1: /Users/jose/src/work/hydracamv2/test/services/linux_dbus_availability_test.dart: Linux DBus availability uses DBus session path when provided
00:06 +198 ~1: /Users/jose/src/work/hydracamv2/test/services/linux_dbus_availability_test.dart: Linux DBus availability falls back to XDG runtime bus path
00:06 +199 ~1: /Users/jose/src/work/hydracamv2/test/services/camera_capture_settings_test.dart: VideoCaptureProfile maps sport 1080p60 to a 1080p target at 60 fps
00:06 +200 ~1: /Users/jose/src/work/hydracamv2/test/services/camera_capture_settings_test.dart: VideoCaptureProfile maps 4K profiles to ultraHigh with expected frame rates
00:06 +201 ~1: /Users/jose/src/work/hydracamv2/test/services/camera_capture_settings_test.dart: LensPreference labels iPhone ultra-wide as 0.5x
00:06 +202 ~1: /Users/jose/src/work/hydracamv2/test/services/camera_capture_settings_test.dart: LensPreference labels Android back cameras by camera id when lens type is unknown
00:06 +203 ~1: /Users/jose/src/work/hydracamv2/test/services/network_info_service_test.dart: Network type labels describes Wi-Fi with unavailable SSID explicitly
00:06 +204 ~1: /Users/jose/src/work/hydracamv2/test/services/auth0_service_test.dart: Auth0 login requests refresh-capable scopes
00:06 +205 ~1: /Users/jose/src/work/hydracamv2/test/services/auth0_service_test.dart: Auth0 login requests refresh-capable scopes
00:06 +206 ~1: /Users/jose/src/work/hydracamv2/test/services/auth0_service_test.dart: Auth0 login requests refresh-capable scopes
00:06 +207 ~1: /Users/jose/src/work/hydracamv2/test/services/auth0_service_test.dart: Auth0 login requests refresh-capable scopes
00:06 +208 ~1: /Users/jose/src/work/hydracamv2/test/services/auth0_service_test.dart: Auth0 login requests refresh-capable scopes
00:06 +209 ~1: /Users/jose/src/work/hydracamv2/test/services/auth0_service_test.dart: Auth0 login persists returned credentials through secure store
Log registered: {message: Profile set: https://example.com/player.png, timestamp: 2026-06-09 02:51:18.735148, function: login, file: auth0_service.dart}
00:06 +210 ~1: /Users/jose/src/work/hydracamv2/test/services/auth0_service_test.dart: Auth0 startup restore uses valid stored credentials
00:06 +210 ~1: /Users/jose/src/work/hydracamv2/test/services/auth0_service_test.dart: Auth0 login persists returned credentials through secure store
Trace file unavailable: MissingPluginException(No implementation found for method getApplicationDocumentsDirectory on channel plugins.flutter.io/path_provider)
00:06 +210 ~1: /Users/jose/src/work/hydracamv2/test/services/auth0_service_test.dart: Auth0 startup restore uses valid stored credentials
Log registered: {message: Restored Auth0 session from secure store., timestamp: 2026-06-09 02:51:18.742296, function: restoreStoredSession, file: auth0_service.dart}
00:06 +211 ~1: /Users/jose/src/work/hydracamv2/test/services/permission_service_test.dart: (setUpAll)
00:06 +211 ~1: /Users/jose/src/work/hydracamv2/test/services/auth0_service_test.dart: Auth0 startup restore refreshes expired credentials
Log registered: {message: Refreshed Auth0 session from secure store., timestamp: 2026-06-09 02:51:18.745543, function: restoreStoredSession, file: auth0_service.dart}
00:06 +212 ~1: /Users/jose/src/work/hydracamv2/test/services/permission_service_test.dart: (setUpAll)
00:06 +213 ~1: /Users/jose/src/work/hydracamv2/test/services/permission_service_test.dart: (setUpAll)
00:06 +213 ~1: /Users/jose/src/work/hydracamv2/test/services/auth0_service_test.dart: Auth0 logout clears secure credentials and browser session
Log registered: {message: Profile set: https://example.com/logout.png, timestamp: 2026-06-09 02:51:18.748780, function: login, file: auth0_service.dart}
Log registered: {message: Cleared Auth0 session., timestamp: 2026-06-09 02:51:18.749235, function: logout, file: auth0_service.dart}
00:06 +214 ~1: /Users/jose/src/work/hydracamv2/test/services/permission_service_test.dart: requestAllPermissions skips unsupported macOS permission handler
Log registered: {message: Skipping permission_handler startup request on macOS; native platform APIs will request resource access on demand., timestamp: 2026-06-09 02:51:18.751807, function: requestAllPermissions, file: PermissionService}
00:06 +215 ~1: /Users/jose/src/work/hydracamv2/test/widgets/camera_level_overlay_test.dart: shows green guidance for level devices
00:06 +215 ~1: /Users/jose/src/work/hydracamv2/test/services/permission_service_test.dart: requestAllPermissions skips unsupported Linux permission handler
Log registered: {message: Skipping permission_handler startup request on linux; native platform APIs will request resource access on demand., timestamp: 2026-06-09 02:51:18.759834, function: requestAllPermissions, file: PermissionService}
00:06 +216 ~1: /Users/jose/src/work/hydracamv2/test/widgets/camera_level_overlay_test.dart: shows green guidance for level devices
00:06 +216 ~1: /Users/jose/src/work/hydracamv2/test/services/permission_service_test.dart: requestAllPermissions requests location immediately on Android
Log registered: {message: Permission request completed.
Granted: [Permission.camera, Permission.microphone, Permission.locationWhenInUse]
Denied: [], timestamp: 2026-06-09 02:51:18.764031, function: requestAllPermissions, file: PermissionService}
00:06 +217 ~1: /Users/jose/src/work/hydracamv2/test/widgets/camera_level_overlay_test.dart: shows green guidance for level devices
00:06 +217 ~1: /Users/jose/src/work/hydracamv2/test/services/permission_service_test.dart: openAppSettings skips unsupported macOS permission handler
Log registered: {message: Skipping permission_handler openAppSettings on macOS., timestamp: 2026-06-09 02:51:18.772328, function: openAppSettings, file: PermissionService}
00:06 +218 ~1: /Users/jose/src/work/hydracamv2/test/widgets/camera_level_overlay_test.dart: shows green guidance for level devices
00:06 +218 ~1: /Users/jose/src/work/hydracamv2/test/services/permission_service_test.dart: openAppSettings skips unsupported Linux permission handler
Log registered: {message: Skipping permission_handler openAppSettings on linux., timestamp: 2026-06-09 02:51:18.775689, function: openAppSettings, file: PermissionService}
00:06 +219 ~1: /Users/jose/src/work/hydracamv2/test/widgets/camera_level_overlay_test.dart: shows green guidance for level devices
00:07 +220 ~1: /Users/jose/src/work/hydracamv2/test/widgets/camera_setup_preview_screen_test.dart: renders perspective selector and level overlay
00:07 +221 ~1: /Users/jose/src/work/hydracamv2/test/widgets/camera_setup_preview_screen_test.dart: renders perspective selector and level overlay
00:07 +222 ~1: /Users/jose/src/work/hydracamv2/test/widgets/camera_setup_preview_screen_test.dart: renders perspective selector and level overlay
00:07 +223 ~1: /Users/jose/src/work/hydracamv2/test/widgets/media_list_widget_test.dart: media list distinguishes failed uploads from pending uploads
Log registered: {message: UploaderService: Resetting upload queue and state., timestamp: 2026-06-09 02:51:19.255013, function: null, file: null}
Log registered: {message: UploaderService: Reset completed., timestamp: 2026-06-09 02:51:19.256626, function: null, file: null}
00:07 +224 ~1: /Users/jose/src/work/hydracamv2/test/widgets/camera_setup_preview_screen_test.dart: warn-only flow allows recording while red tilted
00:07 +225 ~1: /Users/jose/src/work/hydracamv2/test/widgets/media_list_widget_test.dart: upload state is presented as a labeled status indicator
Log registered: {message: UploaderService: Resetting upload queue and state., timestamp: 2026-06-09 02:51:19.291298, function: null, file: null}
Log registered: {message: UploaderService: Reset completed., timestamp: 2026-06-09 02:51:19.291480, function: null, file: null}
00:07 +226 ~1: /Users/jose/src/work/hydracamv2/test/widgets/media_list_widget_test.dart: current upload progress includes uploaded and total bytes
00:07 +226 ~1: /Users/jose/src/work/hydracamv2/test/widgets/media_list_widget_test.dart: media list distinguishes failed uploads from pending uploads
Trace file unavailable: MissingPluginException(No implementation found for method getApplicationDocumentsDirectory on channel plugins.flutter.io/path_provider)
00:07 +226 ~1: /Users/jose/src/work/hydracamv2/test/widgets/media_list_widget_test.dart: current upload progress includes uploaded and total bytes
Log registered: {message: UploaderService: Resetting upload queue and state., timestamp: 2026-06-09 02:51:19.317884, function: null, file: null}
Log registered: {message: UploaderService: Reset completed., timestamp: 2026-06-09 02:51:19.318070, function: null, file: null}
00:07 +227 ~1: /Users/jose/src/work/hydracamv2/test/widgets/media_list_widget_test.dart: current upload progress includes estimated time remaining
Log registered: {message: UploaderService: Resetting upload queue and state., timestamp: 2026-06-09 02:51:19.337476, function: null, file: null}
Log registered: {message: UploaderService: Reset completed., timestamp: 2026-06-09 02:51:19.337671, function: null, file: null}
00:07 +228 ~1: /Users/jose/src/work/hydracamv2/test/widgets/session_info_widget_test.dart: does not reload network info during parent rebuilds
00:07 +228 ~1: /Users/jose/src/work/hydracamv2/test/widgets/media_list_widget_test.dart: upload actions distinguish retry from queue upload
Log registered: {message: UploaderService: Resetting upload queue and state., timestamp: 2026-06-09 02:51:19.437893, function: null, file: null}
Log registered: {message: UploaderService: Reset completed., timestamp: 2026-06-09 02:51:19.438126, function: null, file: null}
00:07 +229 ~1: /Users/jose/src/work/hydracamv2/test/widgets/session_info_widget_test.dart: does not reload network info during parent rebuilds
00:07 +229 ~1: /Users/jose/src/work/hydracamv2/test/widgets/media_list_widget_test.dart: pending upload can be cancelled from the media row
Log registered: {message: UploaderService: Resetting upload queue and state., timestamp: 2026-06-09 02:51:19.462482, function: null, file: null}
Log registered: {message: UploaderService: Reset completed., timestamp: 2026-06-09 02:51:19.462661, function: null, file: null}
00:07 +230 ~1: /Users/jose/src/work/hydracamv2/test/widgets/session_info_widget_test.dart: does not reload network info during parent rebuilds
00:07 +230 ~1: /Users/jose/src/work/hydracamv2/test/widgets/media_list_widget_test.dart: current upload can be cancelled from the media row
Log registered: {message: UploaderService: Resetting upload queue and state., timestamp: 2026-06-09 02:51:19.484748, function: null, file: null}
Log registered: {message: UploaderService: Reset completed., timestamp: 2026-06-09 02:51:19.484924, function: null, file: null}
00:07 +231 ~1: /Users/jose/src/work/hydracamv2/test/widgets/session_info_widget_test.dart: does not reload network info during parent rebuilds
00:07 +232 ~1: /Users/jose/src/work/hydracamv2/test/widgets/media_filter_dialog_test.dart: browse all returns unconstrained media filters
00:07 +233 ~1: /Users/jose/src/work/hydracamv2/test/widgets/media_filter_dialog_test.dart: browse all returns unconstrained media filters
00:07 +234 ~1: /Users/jose/src/work/hydracamv2/test/widgets/media_filter_dialog_test.dart: browse all returns unconstrained media filters
00:07 +235 ~1: /Users/jose/src/work/hydracamv2/test/widgets/media_filter_dialog_test.dart: browse all returns unconstrained media filters
00:07 +236 ~1: All tests passed!

[stderr]
The following plugins do not support Swift Package Manager for ios:
  - photo_manager
  - permission_handler_apple
  - disk_space_plus
This will become an error in a future version of Flutter. Please contact the plugin maintainers to request Swift Package Manager adoption.
The following plugins do not support Swift Package Manager for macos:
  - photo_manager
This will become an error in a future version of Flutter. Please contact the plugin maintainers to request Swift Package Manager adoption.
[exit-code] 0

$ git diff --check
[exit-code] 0
