# HydraCam evidence run command log

$ flutter test --no-pub test/services/log_service_test.dart
00:00 +0: loading /Users/jose/src/work/hydracamv2/test/services/log_service_test.dart
00:00 +0: (setUpAll)
00:00 +0: registerLog stores message, timestamp, function, and file
Log registered: {message: Profile startup marker, timestamp: 2026-06-07 13:30:00.000, function: main, file: main.dart}
00:00 +1: clearLogs removes stored entries
Log registered: {message: temporary entry, timestamp: 2026-06-18 13:30:18.262528, function: null, file: null}
00:00 +2: trace persistence retries after a transient path failure
Log registered: {message: before path is ready, timestamp: 2026-06-18 13:30:18.265782, function: null, file: null}
Trace file unavailable: FileSystemException: documents path unavailable, path = ''
Log registered: {message: after path is ready, timestamp: 2026-06-18 13:30:18.268566, function: null, file: null}
00:00 +3: trace persistence reports repeated path failures once
00:00 +4: (tearDownAll)
00:00 +4: All tests passed!
[exit-code] 0

$ flutter analyze --no-pub
Analyzing hydracamv2...
No issues found! (ran in 5.9s)
[exit-code] 0

$ flutter test --no-pub
00:00 +0: loading /Users/jose/src/work/hydracamv2/test/l10n/app_localizations_test.dart
00:00 +0: /Users/jose/src/work/hydracamv2/test/l10n/app_localizations_test.dart: seeded translations use locale-native spelling
00:00 +1: /Users/jose/src/work/hydracamv2/test/platform_setup_test.dart: Platform Setup Tests iOS Podfile should exist and be valid
00:00 +2: /Users/jose/src/work/hydracamv2/test/platform_setup_test.dart: Platform Setup Tests Android build.gradle should exist
00:00 +3: /Users/jose/src/work/hydracamv2/test/platform_setup_test.dart: Platform Setup Tests Web index.html should exist
00:00 +4: /Users/jose/src/work/hydracamv2/test/integration/two_device_sync_capture_test.dart: (setUpAll)
00:00 +4: /Users/jose/src/work/hydracamv2/test/integration/two_device_sync_capture_test.dart: real MasterServer + real SlaveClient calibrate and persist syncMetadata through a master-driven takePhoto
Log registered: {message: WebSocket Server successfully started on port 4040, timestamp: 2026-06-18 13:30:37.511896, function: null, file: null}
Log registered: {message: UploaderService: Resetting upload queue and state., timestamp: 2026-06-18 13:30:37.521406, function: null, file: null}
Log registered: {message: UploaderService: Reset completed., timestamp: 2026-06-18 13:30:37.521898, function: null, file: null}
Log registered: {message: Session started with GUID: integration-sync-session on device type: Slave, timestamp: 2026-06-18 13:30:37.522217, function: null, file: null}
Log registered: {message: Retrieved existing Device ID: slave-integration, timestamp: 2026-06-18 13:30:37.527280, function: null, file: null}
Log registered: {message: Attempting to connect to master WebSocket at ws://127.0.0.1:59691/ws with Device ID: slave-integration, timestamp: 2026-06-18 13:30:37.527588, function: null, file: null}
Log registered: {message: New WebSocket client connected., timestamp: 2026-06-18 13:30:37.536446, function: null, file: null}
Log registered: {message: Could not read slave app version diagnostics: MissingPluginException(No implementation found for method getAll on channel dev.fluttercommunity.plus/package_info), timestamp: 2026-06-18 13:30:37.537614, function: null, file: null}
Log registered: {message: Could not read slave hardware diagnostics: MissingPluginException(No implementation found for method getDeviceInfo on channel dev.fluttercommunity.plus/device_info), timestamp: 2026-06-18 13:30:37.541873, function: null, file: null}
Log registered: {message: Connected to WebSocket at ws://127.0.0.1:59691/ws, timestamp: 2026-06-18 13:30:37.543568, function: null, file: null}
Log registered: {message: Data received from slave: {type: deviceId, deviceId: slave-integration, sessionGuid: integration-sync-session, setupStatus: {cameraPerspectiveId: unknown, cameraPerspectiveLabel: Unknown, isLevel: false, sensorAvailable: false}}, timestamp: 2026-06-18 13:30:37.547308, function: null, file: null}
Log registered: {message: Data received from slave: {type: getSessionStatus, deviceId: slave-integration}, timestamp: 2026-06-18 13:30:37.549136, function: null, file: null}
Log registered: {message: Received getSessionStatus from slave-integration, timestamp: 2026-06-18 13:30:37.549263, function: null, file: null}
Log registered: {message: Sent sessionStatus to slave-integration: {"command":"sessionStatus","sessionGuid":"integration-sync-session"}, timestamp: 2026-06-18 13:30:37.549760, function: null, file: null}
Log registered: {message: Data received from slave: {type: timeSyncRequest, deviceId: slave-integration, id: 1:0, t0: 2026-06-18T11:30:37.544168Z}, timestamp: 2026-06-18 13:30:37.550397, function: null, file: null}
Log registered: {message: Data received from slave: {type: timeSyncRequest, deviceId: slave-integration, id: 1:1, t0: 2026-06-18T11:30:37.544338Z}, timestamp: 2026-06-18 13:30:37.550737, function: null, file: null}
Log registered: {message: Data received from slave: {type: timeSyncRequest, deviceId: slave-integration, id: 1:2, t0: 2026-06-18T11:30:37.544389Z}, timestamp: 2026-06-18 13:30:37.550970, function: null, file: null}
Log registered: {message: Data received from slave: {type: timeSyncRequest, deviceId: slave-integration, id: 1:3, t0: 2026-06-18T11:30:37.544432Z}, timestamp: 2026-06-18 13:30:37.551187, function: null, file: null}
Log registered: {message: Data received from slave: {type: timeSyncRequest, deviceId: slave-integration, id: 1:4, t0: 2026-06-18T11:30:37.544475Z}, timestamp: 2026-06-18 13:30:37.551358, function: null, file: null}
Log registered: {message: Data received from slave: {type: timeSyncRequest, deviceId: slave-integration, id: 1:5, t0: 2026-06-18T11:30:37.544516Z}, timestamp: 2026-06-18 13:30:37.551668, function: null, file: null}
Log registered: {message: Data received from slave: {type: timeSyncRequest, deviceId: slave-integration, id: 1:6, t0: 2026-06-18T11:30:37.544555Z}, timestamp: 2026-06-18 13:30:37.552019, function: null, file: null}
Log registered: {message: Data received from slave: {type: timeSyncRequest, deviceId: slave-integration, id: 1:7, t0: 2026-06-18T11:30:37.544598Z}, timestamp: 2026-06-18 13:30:37.552182, function: null, file: null}
Log registered: {message: Data received from slave: {type: heartbeat, deviceId: slave-integration, sessionGuid: integration-sync-session, timestamp: 2026-06-18T13:30:37.545235, setupStatus: {cameraPerspectiveId: unknown, cameraPerspectiveLabel: Unknown, isLevel: false, sensorAvailable: false}, sessionMedia: {photoCount: 0, videoCount: 0, pendingUploadCount: 0, uploadedCount: 0}}, timestamp: 2026-06-18 13:30:37.552371, function: null, file: null}
Log registered: {message: Registered new slave with deviceId: slave-integration, timestamp: 2026-06-18 13:30:37.553130, function: null, file: null}
Log registered: {message: Sent sessionStatus to slave-integration: {"command":"sessionStatus","sessionGuid":"integration-sync-session"}, timestamp: 2026-06-18 13:30:37.553370, function: null, file: null}
Log registered: {message: Received heartbeat from slave-integration, timestamp: 2026-06-18 13:30:37.553515, function: null, file: null}
Log registered: {message: Command received from master: {"command":"sessionStatus","sessionGuid":"integration-sync-session"}, timestamp: 2026-06-18 13:30:37.555543, function: null, file: null}
Log registered: {message: Command: {"command":"sessionStatus","sessionGuid":"integration-sync-session"}, timestamp: 2026-06-18 13:30:37.555760, function: null, file: null}
Log registered: {message: Session guid: integration-sync-session, timestamp: 2026-06-18 13:30:37.555838, function: null, file: null}
Log registered: {message: Session already active with GUID: integration-sync-session. Preserving existing media on rejoin as Slave., timestamp: 2026-06-18 13:30:37.556037, function: null, file: null}
Log registered: {message: Get token, timestamp: 2026-06-18 13:30:37.556535, function: null, file: null}
Log registered: {message: Fetch token, timestamp: 2026-06-18 13:30:37.556860, function: null, file: null}
Log registered: {message: Failed to fetch M2M token: , timestamp: 2026-06-18 13:30:37.566318, function: null, file: null}
Log registered: {message: Error on POST device/ReadyToTransmit: Exception: Failed to retrieve M2M token, timestamp: 2026-06-18 13:30:37.566628, function: null, file: null}
Log registered: {message: Failed to notify server: No response, timestamp: 2026-06-18 13:30:37.566743, function: null, file: null}
Log registered: {message: Clock synced to master: offset -2 ms, uncertainty 9 ms, RTT 18 ms, 8 samples, green., timestamp: 2026-06-18 13:30:37.568399, function: null, file: null}
Log registered: {message: Command received from master: {"command":"sessionStatus","sessionGuid":"integration-sync-session"}, timestamp: 2026-06-18 13:30:37.569511, function: null, file: null}
Log registered: {message: Command: {"command":"sessionStatus","sessionGuid":"integration-sync-session"}, timestamp: 2026-06-18 13:30:37.569692, function: null, file: null}
Log registered: {message: Session guid: integration-sync-session, timestamp: 2026-06-18 13:30:37.569799, function: null, file: null}
Log registered: {message: Session already active with GUID: integration-sync-session. Preserving existing media on rejoin as Slave., timestamp: 2026-06-18 13:30:37.569866, function: null, file: null}
Log registered: {message: Get token, timestamp: 2026-06-18 13:30:37.569929, function: null, file: null}
Log registered: {message: Fetch token, timestamp: 2026-06-18 13:30:37.569985, function: null, file: null}
Log registered: {message: Sending command takePhoto, timestamp: 2026-06-18 13:30:37.570424, function: null, file: null}
Log registered: {message: Command 'takePhoto' sent to slave with deviceId: slave-integration., timestamp: 2026-06-18 13:30:37.570775, function: null, file: null}
Log registered: {message: Failed to fetch M2M token: , timestamp: 2026-06-18 13:30:37.571352, function: null, file: null}
Log registered: {message: Error on POST device/ReadyToTransmit: Exception: Failed to retrieve M2M token, timestamp: 2026-06-18 13:30:37.571491, function: null, file: null}
Log registered: {message: Failed to notify server: No response, timestamp: 2026-06-18 13:30:37.571558, function: null, file: null}
Log registered: {message: Command received from master: takePhoto, timestamp: 2026-06-18 13:30:37.572134, function: null, file: null}
Log registered: {message: Mock camera ready for native controller mode on macOS., timestamp: 2026-06-18 13:30:37.573268, function: null, file: null}
Log registered: {message: Retrieved existing Device ID: slave-integration, timestamp: 2026-06-18 13:30:37.573997, function: null, file: null}
Log registered: {message: Mock photo saved to session path: /var/folders/6s/dp27g8gn26j9mp36sjfxb9tw0000gn/T/two_device_sync_docsJxRBGL/session_integration-sync-session/mock_1_2026-06-18T13-30-37-574975.jpg, timestamp: 2026-06-18 13:30:37.576868, function: null, file: null}
Log registered: {message: Retrieved existing Device ID: slave-integration, timestamp: 2026-06-18 13:30:37.577087, function: null, file: null}
Log registered: {message: Adding photo to upload queue: /var/folders/6s/dp27g8gn26j9mp36sjfxb9tw0000gn/T/two_device_sync_docsJxRBGL/session_integration-sync-session/mock_1_2026-06-18T13-30-37-574975.jpg, timestamp: 2026-06-18 13:30:37.577951, function: null, file: null}
Log registered: {message: Session metadata saved to /var/folders/6s/dp27g8gn26j9mp36sjfxb9tw0000gn/T/two_device_sync_docsJxRBGL/session_integration-sync-session/metadata.json, timestamp: 2026-06-18 13:30:37.581246, function: null, file: null}
Log registered: {message: Sync sidecar saved to /var/folders/6s/dp27g8gn26j9mp36sjfxb9tw0000gn/T/two_device_sync_docsJxRBGL/session_integration-sync-session/mock_1_2026-06-18T13-30-37-574975.jpg.sync.json, timestamp: 2026-06-18 13:30:37.582122, function: null, file: null}
Log registered: {message: [UploaderService] No uploaded media with valid durations. Returning zero duration., timestamp: 2026-06-18 13:30:37.582929, function: null, file: null}
Log registered: {message: Media added to upload queue: /var/folders/6s/dp27g8gn26j9mp36sjfxb9tw0000gn/T/two_device_sync_docsJxRBGL/session_integration-sync-session/mock_1_2026-06-18T13-30-37-574975.jpg, timestamp: 2026-06-18 13:30:37.583063, function: null, file: null}
Log registered: {message: Auto-upload is disabled. Media added to queue but not uploaded., timestamp: 2026-06-18 13:30:37.583291, function: null, file: null}
Log registered: {message: Connection closed, timestamp: 2026-06-18 13:30:37.597836, function: null, file: null}
Log registered: {message: WebSocket Server stopped, timestamp: 2026-06-18 13:30:37.599760, function: null, file: null}
Log registered: {message: Session metadata saved to /var/folders/6s/dp27g8gn26j9mp36sjfxb9tw0000gn/T/two_device_sync_docsJxRBGL/session_integration-sync-session/metadata.json, timestamp: 2026-06-18 13:30:37.606697, function: null, file: null}
Log registered: {message: UploaderService: Resetting upload queue and state., timestamp: 2026-06-18 13:30:37.606838, function: null, file: null}
Log registered: {message: UploaderService: Reset completed., timestamp: 2026-06-18 13:30:37.606922, function: null, file: null}
Log registered: {message: Session ended and uploader reset., timestamp: 2026-06-18 13:30:37.606973, function: null, file: null}
00:00 +5: /Users/jose/src/work/hydracamv2/test/integration/two_device_sync_capture_test.dart: (tearDownAll)
00:00 +5: /Users/jose/src/work/hydracamv2/test/integration/two_device_sync_capture_test.dart: real MasterServer + real SlaveClient calibrate and persist syncMetadata through a master-driven takePhoto
Trace persistence retry scheduled: PathNotFoundException: Cannot open file, path = '/var/folders/6s/dp27g8gn26j9mp36sjfxb9tw0000gn/T/two_device_sync_docsJxRBGL/logs/hydracam-trace-2026-06-18T13-30-37-538870.ndjson' (OS Error: No such file or directory, errno = 2)
00:00 +5: /Users/jose/src/work/hydracamv2/test/platform/multi_device_orchestration_test.dart: (setUpAll)
00:00 +5: /Users/jose/src/work/hydracamv2/test/platform/multi_device_orchestration_test.dart: Photo Scenarios Scenario P1: single slave burst populates queue and metadata
Log registered: {message: UploaderService: Resetting upload queue and state., timestamp: 2026-06-18 13:30:37.672763, function: null, file: null}
Log registered: {message: UploaderService: Reset completed., timestamp: 2026-06-18 13:30:37.675010, function: null, file: null}
Log registered: {message: UploaderService: Resetting upload queue and state., timestamp: 2026-06-18 13:30:37.678993, function: null, file: null}
Log registered: {message: UploaderService: Reset completed., timestamp: 2026-06-18 13:30:37.679177, function: null, file: null}
Log registered: {message: Session started with GUID: session_p1 on device type: Master, timestamp: 2026-06-18 13:30:37.679441, function: null, file: null}
Log registered: {message: Adding photo to upload queue: /var/folders/6s/dp27g8gn26j9mp36sjfxb9tw0000gn/T/hydracam_multi_device_mediaVTfJ9f/p1-0.jpg, timestamp: 2026-06-18 13:30:37.684432, function: null, file: null}
Log registered: {message: Session metadata saved to /var/folders/6s/dp27g8gn26j9mp36sjfxb9tw0000gn/T/hydracam_multi_device_docs3frTHy/session_session_p1/metadata.json, timestamp: 2026-06-18 13:30:37.689300, function: null, file: null}
Log registered: {message: [UploaderService] No uploaded media with valid durations. Returning zero duration., timestamp: 2026-06-18 13:30:37.690264, function: null, file: null}
Log registered: {message: Media added to upload queue: /var/folders/6s/dp27g8gn26j9mp36sjfxb9tw0000gn/T/hydracam_multi_device_mediaVTfJ9f/p1-0.jpg, timestamp: 2026-06-18 13:30:37.690486, function: null, file: null}
Log registered: {message: Auto-upload is disabled. Media added to queue but not uploaded., timestamp: 2026-06-18 13:30:37.691452, function: null, file: null}
Log registered: {message: Adding photo to upload queue: /var/folders/6s/dp27g8gn26j9mp36sjfxb9tw0000gn/T/hydracam_multi_device_mediaVTfJ9f/p1-1.jpg, timestamp: 2026-06-18 13:30:37.691880, function: null, file: null}
Log registered: {message: Session metadata saved to /var/folders/6s/dp27g8gn26j9mp36sjfxb9tw0000gn/T/hydracam_multi_device_docs3frTHy/session_session_p1/metadata.json, timestamp: 2026-06-18 13:30:37.692892, function: null, file: null}
Log registered: {message: [UploaderService] No uploaded media with valid durations. Returning zero duration., timestamp: 2026-06-18 13:30:37.693195, function: null, file: null}
Log registered: {message: Media added to upload queue: /var/folders/6s/dp27g8gn26j9mp36sjfxb9tw0000gn/T/hydracam_multi_device_mediaVTfJ9f/p1-1.jpg, timestamp: 2026-06-18 13:30:37.693294, function: null, file: null}
Log registered: {message: Auto-upload is disabled. Media added to queue but not uploaded., timestamp: 2026-06-18 13:30:37.693390, function: null, file: null}
Log registered: {message: Adding photo to upload queue: /var/folders/6s/dp27g8gn26j9mp36sjfxb9tw0000gn/T/hydracam_multi_device_mediaVTfJ9f/p1-2.jpg, timestamp: 2026-06-18 13:30:37.693757, function: null, file: null}
Log registered: {message: Session metadata saved to /var/folders/6s/dp27g8gn26j9mp36sjfxb9tw0000gn/T/hydracam_multi_device_docs3frTHy/session_session_p1/metadata.json, timestamp: 2026-06-18 13:30:37.694502, function: null, file: null}
Log registered: {message: [UploaderService] No uploaded media with valid durations. Returning zero duration., timestamp: 2026-06-18 13:30:37.694643, function: null, file: null}
Log registered: {message: Media added to upload queue: /var/folders/6s/dp27g8gn26j9mp36sjfxb9tw0000gn/T/hydracam_multi_device_mediaVTfJ9f/p1-2.jpg, timestamp: 2026-06-18 13:30:37.694711, function: null, file: null}
Log registered: {message: Auto-upload is disabled. Media added to queue but not uploaded., timestamp: 2026-06-18 13:30:37.694811, function: null, file: null}
Log registered: {message: UploaderService: Resetting upload queue and state., timestamp: 2026-06-18 13:30:37.721420, function: null, file: null}
Log registered: {message: UploaderService: Reset completed., timestamp: 2026-06-18 13:30:37.721602, function: null, file: null}
Log registered: {message: Session metadata saved to /var/folders/6s/dp27g8gn26j9mp36sjfxb9tw0000gn/T/hydracam_multi_device_docs3frTHy/session_session_p1/metadata.json, timestamp: 2026-06-18 13:30:37.722750, function: null, file: null}
Log registered: {message: UploaderService: Resetting upload queue and state., timestamp: 2026-06-18 13:30:37.722863, function: null, file: null}
Log registered: {message: UploaderService: Reset completed., timestamp: 2026-06-18 13:30:37.722925, function: null, file: null}
Log registered: {message: Session ended and uploader reset., timestamp: 2026-06-18 13:30:37.723001, function: null, file: null}
00:01 +6: /Users/jose/src/work/hydracamv2/test/platform/multi_device_orchestration_test.dart: Photo Scenarios Scenario P2: two slaves contribute photos with unique device IDs
Log registered: {message: UploaderService: Resetting upload queue and state., timestamp: 2026-06-18 13:30:37.725083, function: null, file: null}
Log registered: {message: UploaderService: Reset completed., timestamp: 2026-06-18 13:30:37.725160, function: null, file: null}
Log registered: {message: UploaderService: Resetting upload queue and state., timestamp: 2026-06-18 13:30:37.725647, function: null, file: null}
Log registered: {message: UploaderService: Reset completed., timestamp: 2026-06-18 13:30:37.725784, function: null, file: null}
Log registered: {message: Session started with GUID: session_p2 on device type: Master, timestamp: 2026-06-18 13:30:37.725850, function: null, file: null}
Log registered: {message: Adding photo to upload queue: /var/folders/6s/dp27g8gn26j9mp36sjfxb9tw0000gn/T/hydracam_multi_device_mediapoZOc4/p2-a.jpg, timestamp: 2026-06-18 13:30:37.726193, function: null, file: null}
Log registered: {message: Session metadata saved to /var/folders/6s/dp27g8gn26j9mp36sjfxb9tw0000gn/T/hydracam_multi_device_docsoW3t25/session_session_p2/metadata.json, timestamp: 2026-06-18 13:30:37.726954, function: null, file: null}
Log registered: {message: [UploaderService] No uploaded media with valid durations. Returning zero duration., timestamp: 2026-06-18 13:30:37.727110, function: null, file: null}
Log registered: {message: Media added to upload queue: /var/folders/6s/dp27g8gn26j9mp36sjfxb9tw0000gn/T/hydracam_multi_device_mediapoZOc4/p2-a.jpg, timestamp: 2026-06-18 13:30:37.727188, function: null, file: null}
Log registered: {message: Auto-upload is disabled. Media added to queue but not uploaded., timestamp: 2026-06-18 13:30:37.727274, function: null, file: null}
Log registered: {message: Adding photo to upload queue: /var/folders/6s/dp27g8gn26j9mp36sjfxb9tw0000gn/T/hydracam_multi_device_mediapoZOc4/p2-b.jpg, timestamp: 2026-06-18 13:30:37.727555, function: null, file: null}
Log registered: {message: Session metadata saved to /var/folders/6s/dp27g8gn26j9mp36sjfxb9tw0000gn/T/hydracam_multi_device_docsoW3t25/session_session_p2/metadata.json, timestamp: 2026-06-18 13:30:37.728222, function: null, file: null}
Log registered: {message: [UploaderService] No uploaded media with valid durations. Returning zero duration., timestamp: 2026-06-18 13:30:37.728317, function: null, file: null}
Log registered: {message: Media added to upload queue: /var/folders/6s/dp27g8gn26j9mp36sjfxb9tw0000gn/T/hydracam_multi_device_mediapoZOc4/p2-b.jpg, timestamp: 2026-06-18 13:30:37.728373, function: null, file: null}
Log registered: {message: Auto-upload is disabled. Media added to queue but not uploaded., timestamp: 2026-06-18 13:30:37.728540, function: null, file: null}
Log registered: {message: UploaderService: Resetting upload queue and state., timestamp: 2026-06-18 13:30:37.752560, function: null, file: null}
Log registered: {message: UploaderService: Reset completed., timestamp: 2026-06-18 13:30:37.752715, function: null, file: null}
Log registered: {message: Session metadata saved to /var/folders/6s/dp27g8gn26j9mp36sjfxb9tw0000gn/T/hydracam_multi_device_docsoW3t25/session_session_p2/metadata.json, timestamp: 2026-06-18 13:30:37.753560, function: null, file: null}
Log registered: {message: UploaderService: Resetting upload queue and state., timestamp: 2026-06-18 13:30:37.753679, function: null, file: null}
Log registered: {message: UploaderService: Reset completed., timestamp: 2026-06-18 13:30:37.753762, function: null, file: null}
Log registered: {message: Session ended and uploader reset., timestamp: 2026-06-18 13:30:37.753958, function: null, file: null}
00:01 +7: /Users/jose/src/work/hydracamv2/test/platform/platform_behavior_test.dart: Platform Behavior Platform detection works
00:01 +7: /Users/jose/src/work/hydracamv2/test/platform/multi_device_orchestration_test.dart: Photo Scenarios Scenario P3: round-robin commands respect device order
Log registered: {message: UploaderService: Resetting upload queue and state., timestamp: 2026-06-18 13:30:37.755827, function: null, file: null}
Log registered: {message: UploaderService: Reset completed., timestamp: 2026-06-18 13:30:37.755925, function: null, file: null}
Log registered: {message: UploaderService: Resetting upload queue and state., timestamp: 2026-06-18 13:30:37.756438, function: null, file: null}
Log registered: {message: UploaderService: Reset completed., timestamp: 2026-06-18 13:30:37.756543, function: null, file: null}
Log registered: {message: Session started with GUID: session_p3 on device type: Master, timestamp: 2026-06-18 13:30:37.756606, function: null, file: null}
Log registered: {message: Adding photo to upload queue: /var/folders/6s/dp27g8gn26j9mp36sjfxb9tw0000gn/T/hydracam_multi_device_mediaSfv15R/slave-A.jpg, timestamp: 2026-06-18 13:30:37.756978, function: null, file: null}
Log registered: {message: Session metadata saved to /var/folders/6s/dp27g8gn26j9mp36sjfxb9tw0000gn/T/hydracam_multi_device_docsfjR8eN/session_session_p3/metadata.json, timestamp: 2026-06-18 13:30:37.757791, function: null, file: null}
Log registered: {message: [UploaderService] No uploaded media with valid durations. Returning zero duration., timestamp: 2026-06-18 13:30:37.758187, function: null, file: null}
Log registered: {message: Media added to upload queue: /var/folders/6s/dp27g8gn26j9mp36sjfxb9tw0000gn/T/hydracam_multi_device_mediaSfv15R/slave-A.jpg, timestamp: 2026-06-18 13:30:37.758262, function: null, file: null}
Log registered: {message: Auto-upload is disabled. Media added to queue but not uploaded., timestamp: 2026-06-18 13:30:37.758351, function: null, file: null}
Log registered: {message: Adding photo to upload queue: /var/folders/6s/dp27g8gn26j9mp36sjfxb9tw0000gn/T/hydracam_multi_device_mediaSfv15R/slave-B.jpg, timestamp: 2026-06-18 13:30:37.758789, function: null, file: null}
Log registered: {message: Session metadata saved to /var/folders/6s/dp27g8gn26j9mp36sjfxb9tw0000gn/T/hydracam_multi_device_docsfjR8eN/session_session_p3/metadata.json, timestamp: 2026-06-18 13:30:37.759571, function: null, file: null}
Log registered: {message: [UploaderService] No uploaded media with valid durations. Returning zero duration., timestamp: 2026-06-18 13:30:37.759672, function: null, file: null}
Log registered: {message: Media added to upload queue: /var/folders/6s/dp27g8gn26j9mp36sjfxb9tw0000gn/T/hydracam_multi_device_mediaSfv15R/slave-B.jpg, timestamp: 2026-06-18 13:30:37.759732, function: null, file: null}
Log registered: {message: Auto-upload is disabled. Media added to queue but not uploaded., timestamp: 2026-06-18 13:30:37.759808, function: null, file: null}
Log registered: {message: Adding photo to upload queue: /var/folders/6s/dp27g8gn26j9mp36sjfxb9tw0000gn/T/hydracam_multi_device_mediaSfv15R/slave-C.jpg, timestamp: 2026-06-18 13:30:37.760056, function: null, file: null}
Log registered: {message: Session metadata saved to /var/folders/6s/dp27g8gn26j9mp36sjfxb9tw0000gn/T/hydracam_multi_device_docsfjR8eN/session_session_p3/metadata.json, timestamp: 2026-06-18 13:30:37.760715, function: null, file: null}
Log registered: {message: [UploaderService] No uploaded media with valid durations. Returning zero duration., timestamp: 2026-06-18 13:30:37.760828, function: null, file: null}
Log registered: {message: Media added to upload queue: /var/folders/6s/dp27g8gn26j9mp36sjfxb9tw0000gn/T/hydracam_multi_device_mediaSfv15R/slave-C.jpg, timestamp: 2026-06-18 13:30:37.760890, function: null, file: null}
Log registered: {message: Auto-upload is disabled. Media added to queue but not uploaded., timestamp: 2026-06-18 13:30:37.761003, function: null, file: null}
Log registered: {message: Adding photo to upload queue: /var/folders/6s/dp27g8gn26j9mp36sjfxb9tw0000gn/T/hydracam_multi_device_mediaSfv15R/slave-D.jpg, timestamp: 2026-06-18 13:30:37.761320, function: null, file: null}
Log registered: {message: Session metadata saved to /var/folders/6s/dp27g8gn26j9mp36sjfxb9tw0000gn/T/hydracam_multi_device_docsfjR8eN/session_session_p3/metadata.json, timestamp: 2026-06-18 13:30:37.762030, function: null, file: null}
Log registered: {message: [UploaderService] No uploaded media with valid durations. Returning zero duration., timestamp: 2026-06-18 13:30:37.762111, function: null, file: null}
Log registered: {message: Media added to upload queue: /var/folders/6s/dp27g8gn26j9mp36sjfxb9tw0000gn/T/hydracam_multi_device_mediaSfv15R/slave-D.jpg, timestamp: 2026-06-18 13:30:37.762163, function: null, file: null}
Log registered: {message: Auto-upload is disabled. Media added to queue but not uploaded., timestamp: 2026-06-18 13:30:37.762233, function: null, file: null}
00:01 +8: /Users/jose/src/work/hydracamv2/test/platform/multi_device_orchestration_test.dart: Photo Scenarios Scenario P3: round-robin commands respect device order
00:01 +9: /Users/jose/src/work/hydracamv2/test/platform/multi_device_orchestration_test.dart: Photo Scenarios Scenario P3: round-robin commands respect device order
00:01 +10: /Users/jose/src/work/hydracamv2/test/platform/multi_device_orchestration_test.dart: Photo Scenarios Scenario P3: round-robin commands respect device order
00:01 +11: /Users/jose/src/work/hydracamv2/test/platform/multi_device_orchestration_test.dart: Photo Scenarios Scenario P3: round-robin commands respect device order
00:01 +12: /Users/jose/src/work/hydracamv2/test/platform/multi_device_orchestration_test.dart: Photo Scenarios Scenario P3: round-robin commands respect device order
00:01 +13: /Users/jose/src/work/hydracamv2/test/platform/multi_device_orchestration_test.dart: Photo Scenarios Scenario P3: round-robin commands respect device order
00:01 +14: /Users/jose/src/work/hydracamv2/test/platform/multi_device_orchestration_test.dart: Photo Scenarios Scenario P3: round-robin commands respect device order
00:01 +15: /Users/jose/src/work/hydracamv2/test/platform/multi_device_orchestration_test.dart: Photo Scenarios Scenario P3: round-robin commands respect device order
00:01 +16: /Users/jose/src/work/hydracamv2/test/platform/multi_device_orchestration_test.dart: Photo Scenarios Scenario P3: round-robin commands respect device order
00:01 +17: /Users/jose/src/work/hydracamv2/test/platform/multi_device_orchestration_test.dart: Photo Scenarios Scenario P3: round-robin commands respect device order
Log registered: {message: UploaderService: Resetting upload queue and state., timestamp: 2026-06-18 13:30:37.785917, function: null, file: null}
Log registered: {message: UploaderService: Reset completed., timestamp: 2026-06-18 13:30:37.786123, function: null, file: null}
Log registered: {message: Session metadata saved to /var/folders/6s/dp27g8gn26j9mp36sjfxb9tw0000gn/T/hydracam_multi_device_docsfjR8eN/session_session_p3/metadata.json, timestamp: 2026-06-18 13:30:37.787844, function: null, file: null}
Log registered: {message: UploaderService: Resetting upload queue and state., timestamp: 2026-06-18 13:30:37.787993, function: null, file: null}
Log registered: {message: UploaderService: Reset completed., timestamp: 2026-06-18 13:30:37.788056, function: null, file: null}
Log registered: {message: Session ended and uploader reset., timestamp: 2026-06-18 13:30:37.788106, function: null, file: null}
00:01 +18: /Users/jose/src/work/hydracamv2/test/platform/multi_device_orchestration_test.dart: Photo Scenarios Scenario P4: master rotation resets session state
Log registered: {message: UploaderService: Resetting upload queue and state., timestamp: 2026-06-18 13:30:37.790499, function: null, file: null}
Log registered: {message: UploaderService: Reset completed., timestamp: 2026-06-18 13:30:37.790629, function: null, file: null}
Log registered: {message: UploaderService: Resetting upload queue and state., timestamp: 2026-06-18 13:30:37.791190, function: null, file: null}
Log registered: {message: UploaderService: Reset completed., timestamp: 2026-06-18 13:30:37.791270, function: null, file: null}
Log registered: {message: Session started with GUID: session_p4_a on device type: Master, timestamp: 2026-06-18 13:30:37.791323, function: null, file: null}
Log registered: {message: Adding photo to upload queue: /var/folders/6s/dp27g8gn26j9mp36sjfxb9tw0000gn/T/hydracam_multi_device_mediaeBXz9g/p4.jpg, timestamp: 2026-06-18 13:30:37.791845, function: null, file: null}
Log registered: {message: Session metadata saved to /var/folders/6s/dp27g8gn26j9mp36sjfxb9tw0000gn/T/hydracam_multi_device_docshoPLnL/session_session_p4_a/metadata.json, timestamp: 2026-06-18 13:30:37.792896, function: null, file: null}
Log registered: {message: [UploaderService] No uploaded media with valid durations. Returning zero duration., timestamp: 2026-06-18 13:30:37.793056, function: null, file: null}
Log registered: {message: Media added to upload queue: /var/folders/6s/dp27g8gn26j9mp36sjfxb9tw0000gn/T/hydracam_multi_device_mediaeBXz9g/p4.jpg, timestamp: 2026-06-18 13:30:37.793137, function: null, file: null}
Log registered: {message: Auto-upload is disabled. Media added to queue but not uploaded., timestamp: 2026-06-18 13:30:37.793285, function: null, file: null}
Log registered: {message: Session metadata saved to /var/folders/6s/dp27g8gn26j9mp36sjfxb9tw0000gn/T/hydracam_multi_device_docshoPLnL/session_session_p4_a/metadata.json, timestamp: 2026-06-18 13:30:37.815970, function: null, file: null}
Log registered: {message: UploaderService: Resetting upload queue and state., timestamp: 2026-06-18 13:30:37.816449, function: null, file: null}
Log registered: {message: UploaderService: Reset completed., timestamp: 2026-06-18 13:30:37.816816, function: null, file: null}
Log registered: {message: Session ended and uploader reset., timestamp: 2026-06-18 13:30:37.817191, function: null, file: null}
Log registered: {message: UploaderService: Resetting upload queue and state., timestamp: 2026-06-18 13:30:37.817300, function: null, file: null}
Log registered: {message: UploaderService: Reset completed., timestamp: 2026-06-18 13:30:37.817357, function: null, file: null}
Log registered: {message: UploaderService: Resetting upload queue and state., timestamp: 2026-06-18 13:30:37.817419, function: null, file: null}
Log registered: {message: UploaderService: Reset completed., timestamp: 2026-06-18 13:30:37.817464, function: null, file: null}
Log registered: {message: Session started with GUID: session_p4_b on device type: Master, timestamp: 2026-06-18 13:30:37.817512, function: null, file: null}
Log registered: {message: UploaderService: Resetting upload queue and state., timestamp: 2026-06-18 13:30:37.818080, function: null, file: null}
Log registered: {message: UploaderService: Reset completed., timestamp: 2026-06-18 13:30:37.818218, function: null, file: null}
Log registered: {message: Session metadata saved to /var/folders/6s/dp27g8gn26j9mp36sjfxb9tw0000gn/T/hydracam_multi_device_docshoPLnL/session_session_p4_b/metadata.json, timestamp: 2026-06-18 13:30:37.820957, function: null, file: null}
Log registered: {message: UploaderService: Resetting upload queue and state., timestamp: 2026-06-18 13:30:37.821083, function: null, file: null}
Log registered: {message: UploaderService: Reset completed., timestamp: 2026-06-18 13:30:37.821137, function: null, file: null}
Log registered: {message: Session ended and uploader reset., timestamp: 2026-06-18 13:30:37.821182, function: null, file: null}
00:01 +19: /Users/jose/src/work/hydracamv2/test/platform/multi_device_orchestration_test.dart: Video Scenarios Scenario V1: single slave video stored in session
Log registered: {message: UploaderService: Resetting upload queue and state., timestamp: 2026-06-18 13:30:37.823155, function: null, file: null}
Log registered: {message: UploaderService: Reset completed., timestamp: 2026-06-18 13:30:37.823242, function: null, file: null}
Log registered: {message: UploaderService: Resetting upload queue and state., timestamp: 2026-06-18 13:30:37.823580, function: null, file: null}
Log registered: {message: UploaderService: Reset completed., timestamp: 2026-06-18 13:30:37.823637, function: null, file: null}
Log registered: {message: Session started with GUID: session_v1 on device type: Master, timestamp: 2026-06-18 13:30:37.823684, function: null, file: null}
Log registered: {message: Adding video to upload queue: /var/folders/6s/dp27g8gn26j9mp36sjfxb9tw0000gn/T/hydracam_multi_device_mediaqNBMMk/v1.mp4, timestamp: 2026-06-18 13:30:37.824824, function: null, file: null}
Log registered: {message: Session metadata saved to /var/folders/6s/dp27g8gn26j9mp36sjfxb9tw0000gn/T/hydracam_multi_device_docs6mAXi0/session_session_v1/metadata.json, timestamp: 2026-06-18 13:30:37.826104, function: null, file: null}
Log registered: {message: [UploaderService] No uploaded media with valid durations. Returning zero duration., timestamp: 2026-06-18 13:30:37.826289, function: null, file: null}
Log registered: {message: Media added to upload queue: /var/folders/6s/dp27g8gn26j9mp36sjfxb9tw0000gn/T/hydracam_multi_device_mediaqNBMMk/v1.mp4, timestamp: 2026-06-18 13:30:37.826381, function: null, file: null}
Log registered: {message: Auto-upload is disabled. Media added to queue but not uploaded., timestamp: 2026-06-18 13:30:37.826462, function: null, file: null}
00:01 +20: /Users/jose/src/work/hydracamv2/test/platform/multi_device_orchestration_test.dart: Video Scenarios Scenario V1: single slave video stored in session
00:01 +21: /Users/jose/src/work/hydracamv2/test/platform/multi_device_orchestration_test.dart: Video Scenarios Scenario V1: single slave video stored in session
00:01 +22: /Users/jose/src/work/hydracamv2/test/platform/multi_device_orchestration_test.dart: Video Scenarios Scenario V1: single slave video stored in session
00:01 +23: /Users/jose/src/work/hydracamv2/test/platform/multi_device_orchestration_test.dart: Video Scenarios Scenario V1: single slave video stored in session
Log registered: {message: UploaderService: Resetting upload queue and state., timestamp: 2026-06-18 13:30:37.849966, function: null, file: null}
Log registered: {message: UploaderService: Reset completed., timestamp: 2026-06-18 13:30:37.850249, function: null, file: null}
Log registered: {message: Session metadata saved to /var/folders/6s/dp27g8gn26j9mp36sjfxb9tw0000gn/T/hydracam_multi_device_docs6mAXi0/session_session_v1/metadata.json, timestamp: 2026-06-18 13:30:37.851462, function: null, file: null}
Log registered: {message: UploaderService: Resetting upload queue and state., timestamp: 2026-06-18 13:30:37.851586, function: null, file: null}
Log registered: {message: UploaderService: Reset completed., timestamp: 2026-06-18 13:30:37.851650, function: null, file: null}
Log registered: {message: Session ended and uploader reset., timestamp: 2026-06-18 13:30:37.851734, function: null, file: null}
00:01 +24: /Users/jose/src/work/hydracamv2/test/platform/multi_device_orchestration_test.dart: Video Scenarios Scenario V2: multiple slave videos persist metadata
Log registered: {message: UploaderService: Resetting upload queue and state., timestamp: 2026-06-18 13:30:37.853366, function: null, file: null}
Log registered: {message: UploaderService: Reset completed., timestamp: 2026-06-18 13:30:37.853468, function: null, file: null}
Log registered: {message: UploaderService: Resetting upload queue and state., timestamp: 2026-06-18 13:30:37.853810, function: null, file: null}
Log registered: {message: UploaderService: Reset completed., timestamp: 2026-06-18 13:30:37.853869, function: null, file: null}
Log registered: {message: Session started with GUID: session_v2 on device type: Master, timestamp: 2026-06-18 13:30:37.853922, function: null, file: null}
Log registered: {message: Adding video to upload queue: /var/folders/6s/dp27g8gn26j9mp36sjfxb9tw0000gn/T/hydracam_multi_device_mediap3fsOh/v2-a.mp4, timestamp: 2026-06-18 13:30:37.854278, function: null, file: null}
Log registered: {message: Session metadata saved to /var/folders/6s/dp27g8gn26j9mp36sjfxb9tw0000gn/T/hydracam_multi_device_docstkiZ4n/session_session_v2/metadata.json, timestamp: 2026-06-18 13:30:37.855256, function: null, file: null}
Log registered: {message: [UploaderService] No uploaded media with valid durations. Returning zero duration., timestamp: 2026-06-18 13:30:37.855391, function: null, file: null}
Log registered: {message: Media added to upload queue: /var/folders/6s/dp27g8gn26j9mp36sjfxb9tw0000gn/T/hydracam_multi_device_mediap3fsOh/v2-a.mp4, timestamp: 2026-06-18 13:30:37.855450, function: null, file: null}
Log registered: {message: Auto-upload is disabled. Media added to queue but not uploaded., timestamp: 2026-06-18 13:30:37.855542, function: null, file: null}
Log registered: {message: Adding video to upload queue: /var/folders/6s/dp27g8gn26j9mp36sjfxb9tw0000gn/T/hydracam_multi_device_mediap3fsOh/v2-b.mp4, timestamp: 2026-06-18 13:30:37.855933, function: null, file: null}
Log registered: {message: Session metadata saved to /var/folders/6s/dp27g8gn26j9mp36sjfxb9tw0000gn/T/hydracam_multi_device_docstkiZ4n/session_session_v2/metadata.json, timestamp: 2026-06-18 13:30:37.856687, function: null, file: null}
Log registered: {message: [UploaderService] No uploaded media with valid durations. Returning zero duration., timestamp: 2026-06-18 13:30:37.856803, function: null, file: null}
Log registered: {message: Media added to upload queue: /var/folders/6s/dp27g8gn26j9mp36sjfxb9tw0000gn/T/hydracam_multi_device_mediap3fsOh/v2-b.mp4, timestamp: 2026-06-18 13:30:37.856862, function: null, file: null}
Log registered: {message: Auto-upload is disabled. Media added to queue but not uploaded., timestamp: 2026-06-18 13:30:37.857094, function: null, file: null}
Log registered: {message: UploaderService: Resetting upload queue and state., timestamp: 2026-06-18 13:30:37.879443, function: null, file: null}
Log registered: {message: UploaderService: Reset completed., timestamp: 2026-06-18 13:30:37.879685, function: null, file: null}
Log registered: {message: Session metadata saved to /var/folders/6s/dp27g8gn26j9mp36sjfxb9tw0000gn/T/hydracam_multi_device_docstkiZ4n/session_session_v2/metadata.json, timestamp: 2026-06-18 13:30:37.880944, function: null, file: null}
Log registered: {message: UploaderService: Resetting upload queue and state., timestamp: 2026-06-18 13:30:37.881140, function: null, file: null}
Log registered: {message: UploaderService: Reset completed., timestamp: 2026-06-18 13:30:37.881212, function: null, file: null}
Log registered: {message: Session ended and uploader reset., timestamp: 2026-06-18 13:30:37.881300, function: null, file: null}
00:01 +25: /Users/jose/src/work/hydracamv2/test/platform/multi_device_orchestration_test.dart: Video Scenarios Scenario V3: scheduled starts preserve offsets
Log registered: {message: UploaderService: Resetting upload queue and state., timestamp: 2026-06-18 13:30:37.883400, function: null, file: null}
Log registered: {message: UploaderService: Reset completed., timestamp: 2026-06-18 13:30:37.883500, function: null, file: null}
Log registered: {message: UploaderService: Resetting upload queue and state., timestamp: 2026-06-18 13:30:37.884233, function: null, file: null}
Log registered: {message: UploaderService: Reset completed., timestamp: 2026-06-18 13:30:37.884363, function: null, file: null}
Log registered: {message: Session started with GUID: session_v3 on device type: Master, timestamp: 2026-06-18 13:30:37.884417, function: null, file: null}
Log registered: {message: Adding video to upload queue: /var/folders/6s/dp27g8gn26j9mp36sjfxb9tw0000gn/T/hydracam_multi_device_mediad4gWB9/v3-a.mp4, timestamp: 2026-06-18 13:30:37.884759, function: null, file: null}
Log registered: {message: Session metadata saved to /var/folders/6s/dp27g8gn26j9mp36sjfxb9tw0000gn/T/hydracam_multi_device_docsxUdzrZ/session_session_v3/metadata.json, timestamp: 2026-06-18 13:30:37.886015, function: null, file: null}
Log registered: {message: [UploaderService] No uploaded media with valid durations. Returning zero duration., timestamp: 2026-06-18 13:30:37.887076, function: null, file: null}
Log registered: {message: Media added to upload queue: /var/folders/6s/dp27g8gn26j9mp36sjfxb9tw0000gn/T/hydracam_multi_device_mediad4gWB9/v3-a.mp4, timestamp: 2026-06-18 13:30:37.887181, function: null, file: null}
Log registered: {message: Auto-upload is disabled. Media added to queue but not uploaded., timestamp: 2026-06-18 13:30:37.887273, function: null, file: null}
Log registered: {message: Adding video to upload queue: /var/folders/6s/dp27g8gn26j9mp36sjfxb9tw0000gn/T/hydracam_multi_device_mediad4gWB9/v3-b.mp4, timestamp: 2026-06-18 13:30:37.887905, function: null, file: null}
Log registered: {message: Session metadata saved to /var/folders/6s/dp27g8gn26j9mp36sjfxb9tw0000gn/T/hydracam_multi_device_docsxUdzrZ/session_session_v3/metadata.json, timestamp: 2026-06-18 13:30:37.889926, function: null, file: null}
Log registered: {message: [UploaderService] No uploaded media with valid durations. Returning zero duration., timestamp: 2026-06-18 13:30:37.890089, function: null, file: null}
Log registered: {message: Media added to upload queue: /var/folders/6s/dp27g8gn26j9mp36sjfxb9tw0000gn/T/hydracam_multi_device_mediad4gWB9/v3-b.mp4, timestamp: 2026-06-18 13:30:37.890334, function: null, file: null}
Log registered: {message: Auto-upload is disabled. Media added to queue but not uploaded., timestamp: 2026-06-18 13:30:37.890546, function: null, file: null}
Log registered: {message: Adding video to upload queue: /var/folders/6s/dp27g8gn26j9mp36sjfxb9tw0000gn/T/hydracam_multi_device_mediad4gWB9/v3-c.mp4, timestamp: 2026-06-18 13:30:37.891265, function: null, file: null}
Log registered: {message: Session metadata saved to /var/folders/6s/dp27g8gn26j9mp36sjfxb9tw0000gn/T/hydracam_multi_device_docsxUdzrZ/session_session_v3/metadata.json, timestamp: 2026-06-18 13:30:37.893010, function: null, file: null}
Log registered: {message: [UploaderService] No uploaded media with valid durations. Returning zero duration., timestamp: 2026-06-18 13:30:37.893143, function: null, file: null}
Log registered: {message: Media added to upload queue: /var/folders/6s/dp27g8gn26j9mp36sjfxb9tw0000gn/T/hydracam_multi_device_mediad4gWB9/v3-c.mp4, timestamp: 2026-06-18 13:30:37.893199, function: null, file: null}
Log registered: {message: Auto-upload is disabled. Media added to queue but not uploaded., timestamp: 2026-06-18 13:30:37.893276, function: null, file: null}
00:01 +26: /Users/jose/src/work/hydracamv2/test/platform/multi_device_orchestration_test.dart: Video Scenarios Scenario V3: scheduled starts preserve offsets
Log registered: {message: UploaderService: Resetting upload queue and state., timestamp: 2026-06-18 13:30:37.915733, function: null, file: null}
Log registered: {message: UploaderService: Reset completed., timestamp: 2026-06-18 13:30:37.916003, function: null, file: null}
00:01 +27: /Users/jose/src/work/hydracamv2/test/platform/multi_device_orchestration_test.dart: Video Scenarios Scenario V3: scheduled starts preserve offsets
Log registered: {message: Session metadata saved to /var/folders/6s/dp27g8gn26j9mp36sjfxb9tw0000gn/T/hydracam_multi_device_docsxUdzrZ/session_session_v3/metadata.json, timestamp: 2026-06-18 13:30:37.918489, function: null, file: null}
Log registered: {message: UploaderService: Resetting upload queue and state., timestamp: 2026-06-18 13:30:37.918612, function: null, file: null}
Log registered: {message: UploaderService: Reset completed., timestamp: 2026-06-18 13:30:37.918713, function: null, file: null}
Log registered: {message: Session ended and uploader reset., timestamp: 2026-06-18 13:30:37.918816, function: null, file: null}
00:01 +28: /Users/jose/src/work/hydracamv2/test/platform/multi_device_orchestration_test.dart: (tearDownAll)
00:01 +28: /Users/jose/src/work/hydracamv2/test/models/session_upload_state_test.dart: summarizes an empty session as not uploaded
00:01 +29: /Users/jose/src/work/hydracamv2/test/models/session_upload_state_test.dart: summarizes a session with no uploaded media as not uploaded
00:01 +30: /Users/jose/src/work/hydracamv2/test/models/session_upload_state_test.dart: summarizes a mixed session as partially uploaded
00:01 +31: /Users/jose/src/work/hydracamv2/test/models/session_upload_state_test.dart: summarizes a complete session as uploaded
00:02 +32: /Users/jose/src/work/hydracamv2/test/widget_test.dart: (setUpAll)
Log registered: {message: StorageService monitoring disabled - timer not started., timestamp: 2026-06-18 13:30:39.144113, function: null, file: null}
00:02 +32: /Users/jose/src/work/hydracamv2/test/widget_test.dart: HydraCamApp builds without crashing
Log registered: {message: Navigation decision: automationEnabled=false, config=null, automationMaster=false, automationStandby=false, automationSetupPreview=false, forceSlave=false, timestamp: 2026-06-18 13:30:39.290701, function: null, file: null}
Log registered: {message: Navigating to SlaveScreen(isAutoMode=true, preferredMasterIp=null, forceSlaveMode=false), timestamp: 2026-06-18 13:30:39.291002, function: null, file: null}
Log registered: {message: StorageService monitoring disabled - timer not started., timestamp: 2026-06-18 13:30:39.648813, function: null, file: null}
Log registered: {message: BatteryService monitoring disabled - timer not started., timestamp: 2026-06-18 13:30:39.649372, function: null, file: null}
00:03 +33: /Users/jose/src/work/hydracamv2/test/screens/session_details_screen_test.dart: session details shows player assignment backend state
00:03 +33: /Users/jose/src/work/hydracamv2/test/widget_test.dart: (setUpAll)
Trace file unavailable: MissingPluginException(No implementation found for method getApplicationDocumentsDirectory on channel plugins.flutter.io/path_provider)
00:03 +33: /Users/jose/src/work/hydracamv2/test/widget_test.dart: automation screenshot boundary survives route replacement
Log registered: {message: Navigation decision: automationEnabled=false, config=null, automationMaster=false, automationStandby=false, automationSetupPreview=false, forceSlave=false, timestamp: 2026-06-18 13:30:39.691732, function: null, file: null}
Log registered: {message: Navigating to SlaveScreen(isAutoMode=true, preferredMasterIp=null, forceSlaveMode=false), timestamp: 2026-06-18 13:30:39.691984, function: null, file: null}
00:03 +34: /Users/jose/src/work/hydracamv2/test/screens/capture_settings_screen_test.dart: settings screen shows capture settings instead of camera quality
00:03 +34: /Users/jose/src/work/hydracamv2/test/widget_test.dart: automation screenshot boundary survives route replacement
Log registered: {message: StorageService monitoring disabled - timer not started., timestamp: 2026-06-18 13:30:39.726935, function: null, file: null}
Log registered: {message: BatteryService monitoring disabled - timer not started., timestamp: 2026-06-18 13:30:39.727201, function: null, file: null}
00:03 +35: /Users/jose/src/work/hydracamv2/test/screens/capture_settings_screen_test.dart: settings screen shows capture settings instead of camera quality
00:03 +36: /Users/jose/src/work/hydracamv2/test/screens/capture_settings_screen_test.dart: settings screen shows capture settings instead of camera quality
00:03 +36: /Users/jose/src/work/hydracamv2/test/widget_test.dart: automation screenshot boundary survives route replacement
Log registered: {message: WebSocket Server stopped, timestamp: 2026-06-18 13:30:39.869620, function: null, file: null}
Log registered: {message: Stopped broadcasting master discovery message., timestamp: 2026-06-18 13:30:39.870079, function: null, file: null}
00:03 +37: /Users/jose/src/work/hydracamv2/test/screens/capture_settings_screen_test.dart: settings screen shows capture settings instead of camera quality
00:03 +38: /Users/jose/src/work/hydracamv2/test/screens/capture_settings_screen_test.dart: settings screen shows capture settings instead of camera quality
00:03 +39: /Users/jose/src/work/hydracamv2/test/screens/capture_settings_screen_test.dart: settings screen shows capture settings instead of camera quality
00:03 +39: /Users/jose/src/work/hydracamv2/test/screens/session_details_screen_test.dart: load session action falls back to session id without guid
Log registered: {message: No metadata file found for session snapshot legacy-session-id, timestamp: 2026-06-18 13:30:39.951914, function: null, file: null}
00:03 +40: /Users/jose/src/work/hydracamv2/test/screens/capture_settings_screen_test.dart: settings screen shows capture settings instead of camera quality
00:03 +41: /Users/jose/src/work/hydracamv2/test/screens/master_video_recording_screen_test.dart: recording preview exits when no recording is active and no controller exists
Log registered: {message: Closing recording preview because no recording is active., timestamp: 2026-06-18 13:30:40.079308, function: null, file: null}
00:03 +41: /Users/jose/src/work/hydracamv2/test/screens/session_details_screen_test.dart: upload confirm action reports missing restored metadata
Log registered: {message: No metadata file found for session snapshot missing-upload-guid, timestamp: 2026-06-18 13:30:40.101766, function: null, file: null}
00:03 +42: /Users/jose/src/work/hydracamv2/test/screens/session_details_screen_test.dart: upload confirm action reports missing restored metadata
00:03 +43: /Users/jose/src/work/hydracamv2/test/screens/capture_settings_screen_test.dart: settings screen exposes disabled auto-record toggle
00:03 +44: /Users/jose/src/work/hydracamv2/test/screens/capture_settings_screen_test.dart: settings screen exposes disabled auto-record toggle
Log registered: {message: Updated autoRecordMode value to true, timestamp: 2026-06-18 13:30:40.199966, function: null, file: null}
00:03 +45: /Users/jose/src/work/hydracamv2/test/screens/navigation_list_screens_test.dart: sports center and court lists use operational cards and badges
00:03 +46: /Users/jose/src/work/hydracamv2/test/screens/navigation_list_screens_test.dart: sports center and court lists use operational cards and badges
00:03 +47: /Users/jose/src/work/hydracamv2/test/screens/navigation_list_screens_test.dart: sports center and court lists use operational cards and badges
Log registered: {message: Get token, timestamp: 2026-06-18 13:30:40.325454, function: null, file: null}
00:03 +48: /Users/jose/src/work/hydracamv2/test/screens/navigation_list_screens_test.dart: sports center and court lists use operational cards and badges
Log registered: {message: Parsed list (sportscenters): [{guid: sports-center-guid, name: Keepeyeonball Club, city: Berlin, numberOfCourts: 3}], timestamp: 2026-06-18 13:30:40.406884, function: null, file: null}
00:03 +48: /Users/jose/src/work/hydracamv2/test/screens/capture_settings_screen_test.dart: settings language dropdown stores Polish override
Log registered: {message: Updated locale override to pl, timestamp: 2026-06-18 13:30:40.520891, function: null, file: null}
00:03 +48: /Users/jose/src/work/hydracamv2/test/screens/navigation_list_screens_test.dart: sports center and court lists use operational cards and badges
Log registered: {message: Get token, timestamp: 2026-06-18 13:30:40.548879, function: null, file: null}
00:03 +49: /Users/jose/src/work/hydracamv2/test/screens/navigation_list_screens_test.dart: sports center and court lists use operational cards and badges
Log registered: {message: Parsed list (courts): [{guid: court-guid, name: Court A, location: Main hall}], timestamp: 2026-06-18 13:30:40.597407, function: null, file: null}
00:03 +49: /Users/jose/src/work/hydracamv2/test/screens/sessions_screen_test.dart: backend sessions list uses guid as primary session reference
Log registered: {message: Get token, timestamp: 2026-06-18 13:30:40.602728, function: null, file: null}
00:03 +50: /Users/jose/src/work/hydracamv2/test/screens/sessions_screen_test.dart: backend sessions list uses guid as primary session reference
00:03 +50: /Users/jose/src/work/hydracamv2/test/screens/navigation_list_screens_test.dart: court list fits compact width without overflow
Log registered: {message: Get token, timestamp: 2026-06-18 13:30:40.656104, function: null, file: null}
Log registered: {message: Parsed list (courts): [{guid: court-guid, name: A very long championship glass court name, location: Main hall near camera bridge}], timestamp: 2026-06-18 13:30:40.663785, function: null, file: null}
00:03 +51: /Users/jose/src/work/hydracamv2/test/screens/sessions_screen_test.dart: backend sessions list uses guid as primary session reference
Log registered: {message: Parsed list (sessions): [{guid: backend-session-guid, sessionId: legacy-session-id, startTime: 2026-06-09T01:00:00Z, endTime: 2026-06-09T02:00:00Z}], timestamp: 2026-06-18 13:30:40.691144, function: null, file: null}
00:04 +52: /Users/jose/src/work/hydracamv2/test/screens/media_selection_screen_test.dart: video tiles show nearest candidate session guid
00:04 +52: /Users/jose/src/work/hydracamv2/test/screens/sessions_screen_test.dart: loading backend session reports guid as selected session
Log registered: {message: Get token, timestamp: 2026-06-18 13:30:40.878695, function: null, file: null}
Log registered: {message: Parsed list (sessions): [{guid: backend-session-guid, sessionId: legacy-session-id, startTime: 2026-06-09T01:00:00Z, endTime: 2026-06-09T02:00:00Z}], timestamp: 2026-06-18 13:30:40.889943, function: null, file: null}
Log registered: {message: Loading session: {guid: backend-session-guid, sessionId: legacy-session-id, startTime: 2026-06-09T01:00:00Z, endTime: 2026-06-09T02:00:00Z}, timestamp: 2026-06-18 13:30:40.945932, function: _loadSession, file: sessions_screen.dart}
Log registered: {message: UploaderService: Resetting upload queue and state., timestamp: 2026-06-18 13:30:40.946878, function: null, file: null}
Log registered: {message: UploaderService: Reset completed., timestamp: 2026-06-18 13:30:40.947256, function: null, file: null}
Log registered: {message: Session started with GUID: backend-session-guid on device type: Master, timestamp: 2026-06-18 13:30:40.947506, function: null, file: null}
00:04 +53: /Users/jose/src/work/hydracamv2/test/screens/login_screen_test.dart: desktop Auth0 login failure explains mobile-only support
00:04 +54: /Users/jose/src/work/hydracamv2/test/screens/login_screen_test.dart: desktop Auth0 login failure explains mobile-only support
00:04 +54: /Users/jose/src/work/hydracamv2/test/screens/sessions_screen_test.dart: loading backend session reports guid as selected session
Log registered: {message: Session metadata saved to /var/folders/6s/dp27g8gn26j9mp36sjfxb9tw0000gn/T/sessions_screen_docsDAezwf/session_backend-session-guid/metadata.json, timestamp: 2026-06-18 13:30:41.029691, function: null, file: null}
Log registered: {message: UploaderService: Resetting upload queue and state., timestamp: 2026-06-18 13:30:41.029913, function: null, file: null}
Log registered: {message: UploaderService: Reset completed., timestamp: 2026-06-18 13:30:41.029990, function: null, file: null}
Log registered: {message: Session ended and uploader reset., timestamp: 2026-06-18 13:30:41.030053, function: null, file: null}
00:04 +55: /Users/jose/src/work/hydracamv2/test/screens/login_screen_test.dart: desktop Auth0 login failure explains mobile-only support
Log registered: {message: Error during login: Unsupported operation: Auth0 interactive login is only supported on Android and iOS., timestamp: 2026-06-18 13:30:41.114611, function: null, file: null}
00:04 +56: /Users/jose/src/work/hydracamv2/test/screens/login_screen_test.dart: logged-out login screen uses operational surface without overflow
00:04 +57: /Users/jose/src/work/hydracamv2/test/screens/previous_sessions_screen_test.dart: stored media screen avoids local-session language
00:04 +57: /Users/jose/src/work/hydracamv2/test/screens/uploader_info_screen_test.dart: cancel action clears the current upload row
Log registered: {message: UploaderService: Resetting upload queue and state., timestamp: 2026-06-18 13:30:41.324042, function: null, file: null}
Log registered: {message: UploaderService: Reset completed., timestamp: 2026-06-18 13:30:41.326485, function: null, file: null}
00:04 +58: /Users/jose/src/work/hydracamv2/test/screens/previous_sessions_screen_test.dart: stored media screen avoids local-session language
00:04 +59: /Users/jose/src/work/hydracamv2/test/screens/previous_sessions_screen_test.dart: stored media screen avoids local-session language
00:04 +59: /Users/jose/src/work/hydracamv2/test/screens/uploader_info_screen_test.dart: cancel action clears the current upload row
Log registered: {message: UploaderService: Resetting upload queue and state., timestamp: 2026-06-18 13:30:41.436364, function: null, file: null}
Log registered: {message: UploaderService: Reset completed., timestamp: 2026-06-18 13:30:41.436619, function: null, file: null}
Log registered: {message: Session started with GUID: uploader-info-session-guid on device type: Slave, timestamp: 2026-06-18 13:30:41.436860, function: null, file: null}
00:04 +60: /Users/jose/src/work/hydracamv2/test/screens/previous_sessions_screen_test.dart: stored media screen avoids local-session language
00:04 +61: /Users/jose/src/work/hydracamv2/test/screens/previous_sessions_screen_test.dart: stored media screen avoids local-session language
00:04 +62: /Users/jose/src/work/hydracamv2/test/screens/uploader_info_screen_test.dart: cancel action clears the current upload row
00:04 +63: /Users/jose/src/work/hydracamv2/test/screens/uploader_info_screen_test.dart: cancel action clears the current upload row
00:04 +64: /Users/jose/src/work/hydracamv2/test/screens/uploader_info_screen_test.dart: cancel action clears the current upload row
00:04 +65: /Users/jose/src/work/hydracamv2/test/screens/uploader_info_screen_test.dart: cancel action clears the current upload row
00:04 +66: /Users/jose/src/work/hydracamv2/test/screens/uploader_info_screen_test.dart: cancel action clears the current upload row
00:04 +66 ~1: /Users/jose/src/work/hydracamv2/test/screens/uploader_info_screen_test.dart: cancel action clears the current upload row
00:04 +66 ~1: /Users/jose/src/work/hydracamv2/test/slave/slave_client_time_sync_test.dart: slave calibrates its clock from the master's timeSyncResponse replies
Log registered: {message: Retrieved existing Device ID: test-device, timestamp: 2026-06-18 13:30:41.665512, function: null, file: null}
Log registered: {message: Attempting to connect to master WebSocket at ws://127.0.0.1:60306/ws with Device ID: test-device, timestamp: 2026-06-18 13:30:41.668547, function: null, file: null}
Log registered: {message: Could not read slave app version diagnostics: MissingPluginException(No implementation found for method getAll on channel dev.fluttercommunity.plus/package_info), timestamp: 2026-06-18 13:30:41.682505, function: null, file: null}
Trace file unavailable: MissingPluginException(No implementation found for method getApplicationDocumentsDirectory on channel plugins.flutter.io/path_provider)
Log registered: {message: Could not read slave hardware diagnostics: MissingPluginException(No implementation found for method getDeviceInfo on channel dev.fluttercommunity.plus/device_info), timestamp: 2026-06-18 13:30:41.684045, function: null, file: null}
Log registered: {message: Connected to WebSocket at ws://127.0.0.1:60306/ws, timestamp: 2026-06-18 13:30:41.686160, function: null, file: null}
Log registered: {message: Clock synced to master: offset 0 ms, uncertainty 3 ms, RTT 5 ms, 8 samples, green., timestamp: 2026-06-18 13:30:41.696468, function: null, file: null}
Log registered: {message: Connection closed, timestamp: 2026-06-18 13:30:41.699285, function: null, file: null}
00:05 +67 ~1: /Users/jose/src/work/hydracamv2/test/screens/uploader_info_screen_test.dart: cancel action clears the current upload row
Log registered: {message: [UploaderService] Queue is empty. Returning zero duration., timestamp: 2026-06-18 13:30:41.751880, function: null, file: null}
Log registered: {message: Cancelled active upload: /var/folders/6s/dp27g8gn26j9mp36sjfxb9tw0000gn/T/uploader_info_screen_testMXukWd/current-upload.mp4, timestamp: 2026-06-18 13:30:41.752176, function: null, file: null}
Log registered: {message: Session metadata saved to /var/folders/6s/dp27g8gn26j9mp36sjfxb9tw0000gn/T/uploader_info_screen_docsMEpD5t/session_uploader-info-session-guid/metadata.json, timestamp: 2026-06-18 13:30:41.825657, function: null, file: null}
Log registered: {message: UploaderService: Resetting upload queue and state., timestamp: 2026-06-18 13:30:41.825853, function: null, file: null}
Log registered: {message: UploaderService: Reset completed., timestamp: 2026-06-18 13:30:41.825922, function: null, file: null}
Log registered: {message: Session ended and uploader reset., timestamp: 2026-06-18 13:30:41.825980, function: null, file: null}
Log registered: {message: UploaderService: Resetting upload queue and state., timestamp: 2026-06-18 13:30:41.826044, function: null, file: null}
Log registered: {message: UploaderService: Reset completed., timestamp: 2026-06-18 13:30:41.826103, function: null, file: null}
00:05 +68 ~1: /Users/jose/src/work/hydracamv2/test/screens/role_selection_screen_test.dart: role selection is an operational capture entry surface
00:05 +68 ~1: /Users/jose/src/work/hydracamv2/test/screens/uploader_info_screen_test.dart: queued cancel action refreshes row as retryable cancellation
Log registered: {message: UploaderService: Resetting upload queue and state., timestamp: 2026-06-18 13:30:41.829933, function: null, file: null}
Log registered: {message: UploaderService: Reset completed., timestamp: 2026-06-18 13:30:41.830021, function: null, file: null}
Log registered: {message: UploaderService: Resetting upload queue and state., timestamp: 2026-06-18 13:30:41.832280, function: null, file: null}
Log registered: {message: UploaderService: Reset completed., timestamp: 2026-06-18 13:30:41.832435, function: null, file: null}
Log registered: {message: Session started with GUID: uploader-info-queued-session-guid on device type: Slave, timestamp: 2026-06-18 13:30:41.832502, function: null, file: null}
Log registered: {message: [UploaderService] No uploaded media with valid durations. Returning zero duration., timestamp: 2026-06-18 13:30:41.833441, function: null, file: null}
Log registered: {message: Media added to upload queue: /var/folders/6s/dp27g8gn26j9mp36sjfxb9tw0000gn/T/uploader_info_screen_testJf99rI/queued-upload.mp4, timestamp: 2026-06-18 13:30:41.833544, function: null, file: null}
Log registered: {message: Auto-upload is disabled. Media added to queue but not uploaded., timestamp: 2026-06-18 13:30:41.834489, function: null, file: null}
Log registered: {message: Session metadata saved to /var/folders/6s/dp27g8gn26j9mp36sjfxb9tw0000gn/T/uploader_info_screen_docsMEpD5t/session_uploader-info-queued-session-guid/metadata.json, timestamp: 2026-06-18 13:30:41.865244, function: null, file: null}
Log registered: {message: [UploaderService] Queue is empty. Returning zero duration., timestamp: 2026-06-18 13:30:41.865434, function: null, file: null}
Log registered: {message: Cancelled pending upload: /var/folders/6s/dp27g8gn26j9mp36sjfxb9tw0000gn/T/uploader_info_screen_testJf99rI/queued-upload.mp4, timestamp: 2026-06-18 13:30:41.865517, function: null, file: null}
Log registered: {message: Session metadata saved to /var/folders/6s/dp27g8gn26j9mp36sjfxb9tw0000gn/T/uploader_info_screen_docsMEpD5t/session_uploader-info-queued-session-guid/metadata.json, timestamp: 2026-06-18 13:30:41.886150, function: null, file: null}
Log registered: {message: UploaderService: Resetting upload queue and state., timestamp: 2026-06-18 13:30:41.886351, function: null, file: null}
Log registered: {message: UploaderService: Reset completed., timestamp: 2026-06-18 13:30:41.886440, function: null, file: null}
Log registered: {message: Session ended and uploader reset., timestamp: 2026-06-18 13:30:41.886498, function: null, file: null}
Log registered: {message: UploaderService: Resetting upload queue and state., timestamp: 2026-06-18 13:30:41.886552, function: null, file: null}
Log registered: {message: UploaderService: Reset completed., timestamp: 2026-06-18 13:30:41.886601, function: null, file: null}
00:05 +69 ~1: /Users/jose/src/work/hydracamv2/test/screens/role_selection_screen_test.dart: role selection is an operational capture entry surface
00:05 +69 ~1: /Users/jose/src/work/hydracamv2/test/screens/uploader_info_screen_test.dart: summary shows pending queue and current upload
Log registered: {message: UploaderService: Resetting upload queue and state., timestamp: 2026-06-18 13:30:41.887811, function: null, file: null}
Log registered: {message: UploaderService: Reset completed., timestamp: 2026-06-18 13:30:41.887947, function: null, file: null}
Log registered: {message: UploaderService: Resetting upload queue and state., timestamp: 2026-06-18 13:30:41.890122, function: null, file: null}
Log registered: {message: UploaderService: Reset completed., timestamp: 2026-06-18 13:30:41.890214, function: null, file: null}
Log registered: {message: Session started with GUID: uploader-info-summary-guid on device type: Master, timestamp: 2026-06-18 13:30:41.890265, function: null, file: null}
Log registered: {message: [UploaderService] No uploaded media with valid durations. Returning zero duration., timestamp: 2026-06-18 13:30:41.890887, function: null, file: null}
Log registered: {message: Media added to upload queue: /var/folders/6s/dp27g8gn26j9mp36sjfxb9tw0000gn/T/uploader_info_screen_testx4S4X3/queued-upload.mp4, timestamp: 2026-06-18 13:30:41.891056, function: null, file: null}
Log registered: {message: Auto-upload is disabled. Media added to queue but not uploaded., timestamp: 2026-06-18 13:30:41.891251, function: null, file: null}
00:05 +69 ~1: /Users/jose/src/work/hydracamv2/test/slave/slave_client_registration_test.dart: slave registers before waiting for network payload
Log registered: {message: Retrieved existing Device ID: test-device, timestamp: 2026-06-18 13:30:41.899955, function: null, file: null}
Log registered: {message: Attempting to connect to master WebSocket at ws://127.0.0.1:60320/ws with Device ID: test-device, timestamp: 2026-06-18 13:30:41.902337, function: null, file: null}
Log registered: {message: Could not read slave app version diagnostics: MissingPluginException(No implementation found for method getAll on channel dev.fluttercommunity.plus/package_info), timestamp: 2026-06-18 13:30:41.917547, function: null, file: null}
Trace file unavailable: MissingPluginException(No implementation found for method getApplicationDocumentsDirectory on channel plugins.flutter.io/path_provider)
Log registered: {message: Could not read slave hardware diagnostics: MissingPluginException(No implementation found for method getDeviceInfo on channel dev.fluttercommunity.plus/device_info), timestamp: 2026-06-18 13:30:41.919223, function: null, file: null}
Log registered: {message: Connected to WebSocket at ws://127.0.0.1:60320/ws, timestamp: 2026-06-18 13:30:41.921405, function: null, file: null}
Log registered: {message: Connection closed, timestamp: 2026-06-18 13:30:41.928874, function: null, file: null}
00:05 +70 ~1: /Users/jose/src/work/hydracamv2/test/screens/role_selection_screen_test.dart: role selection is an operational capture entry surface
00:05 +70 ~1: /Users/jose/src/work/hydracamv2/test/screens/uploader_info_screen_test.dart: summary shows pending queue and current upload
Log registered: {message: Session metadata saved to /var/folders/6s/dp27g8gn26j9mp36sjfxb9tw0000gn/T/uploader_info_screen_docsMEpD5t/session_uploader-info-summary-guid/metadata.json, timestamp: 2026-06-18 13:30:41.934842, function: null, file: null}
Log registered: {message: UploaderService: Resetting upload queue and state., timestamp: 2026-06-18 13:30:41.935129, function: null, file: null}
Log registered: {message: Cancelled in-flight API requests., timestamp: 2026-06-18 13:30:41.935412, function: null, file: null}
Log registered: {message: UploaderService: Reset completed., timestamp: 2026-06-18 13:30:41.935540, function: null, file: null}
Log registered: {message: Session ended and uploader reset., timestamp: 2026-06-18 13:30:41.935602, function: null, file: null}
Log registered: {message: UploaderService: Resetting upload queue and state., timestamp: 2026-06-18 13:30:41.935663, function: null, file: null}
Log registered: {message: UploaderService: Reset completed., timestamp: 2026-06-18 13:30:41.935718, function: null, file: null}
00:05 +70 ~1: /Users/jose/src/work/hydracamv2/test/slave/slave_client_registration_test.dart: slave registration includes app and hardware diagnostics
Log registered: {message: Retrieved existing Device ID: test-device, timestamp: 2026-06-18 13:30:41.935731, function: null, file: null}
Log registered: {message: Attempting to connect to master WebSocket at ws://127.0.0.1:60322/ws with Device ID: test-device, timestamp: 2026-06-18 13:30:41.935876, function: null, file: null}
00:05 +71 ~1: /Users/jose/src/work/hydracamv2/test/screens/role_selection_screen_test.dart: role selection is an operational capture entry surface
00:05 +71 ~1: /Users/jose/src/work/hydracamv2/test/slave/slave_client_registration_test.dart: slave registration includes app and hardware diagnostics
Log registered: {message: Connected to WebSocket at ws://127.0.0.1:60322/ws, timestamp: 2026-06-18 13:30:41.936396, function: null, file: null}
00:05 +71 ~1: /Users/jose/src/work/hydracamv2/test/screens/uploader_info_screen_test.dart: start uploads action drains the pending queue
Log registered: {message: UploaderService: Resetting upload queue and state., timestamp: 2026-06-18 13:30:41.937124, function: null, file: null}
Log registered: {message: UploaderService: Reset completed., timestamp: 2026-06-18 13:30:41.937238, function: null, file: null}
00:05 +72 ~1: /Users/jose/src/work/hydracamv2/test/camera_singleton_initialization_test.dart: CameraServiceSingleton Initialization MasterScreen can be created when CameraServiceSingleton is initialized
00:05 +72 ~1: /Users/jose/src/work/hydracamv2/test/screens/uploader_info_screen_test.dart: start uploads action drains the pending queue
Log registered: {message: UploaderService: Resetting upload queue and state., timestamp: 2026-06-18 13:30:41.939746, function: null, file: null}
Log registered: {message: UploaderService: Reset completed., timestamp: 2026-06-18 13:30:41.939864, function: null, file: null}
Log registered: {message: Session started with GUID: uploader-info-start-guid on device type: Master, timestamp: 2026-06-18 13:30:41.939924, function: null, file: null}
Log registered: {message: [UploaderService] No uploaded media with valid durations. Returning zero duration., timestamp: 2026-06-18 13:30:41.940526, function: null, file: null}
Log registered: {message: Media added to upload queue: /var/folders/6s/dp27g8gn26j9mp36sjfxb9tw0000gn/T/uploader_info_screen_testlzvKgp/queued-photo.jpg, timestamp: 2026-06-18 13:30:41.940630, function: null, file: null}
Log registered: {message: Auto-upload is disabled. Media added to queue but not uploaded., timestamp: 2026-06-18 13:30:41.940776, function: null, file: null}
00:05 +72 ~1: /Users/jose/src/work/hydracamv2/test/slave/slave_client_registration_test.dart: slave registration includes app and hardware diagnostics
Log registered: {message: Connection closed, timestamp: 2026-06-18 13:30:41.940877, function: null, file: null}
00:05 +73 ~1: /Users/jose/src/work/hydracamv2/test/camera_singleton_initialization_test.dart: CameraServiceSingleton Initialization MasterScreen can be created when CameraServiceSingleton is initialized
00:05 +73 ~1: /Users/jose/src/work/hydracamv2/test/slave/slave_client_registration_test.dart: slave heartbeat includes camera setup status when available
Log registered: {message: Retrieved existing Device ID: test-device, timestamp: 2026-06-18 13:30:41.944168, function: null, file: null}
Log registered: {message: Attempting to connect to master WebSocket at ws://127.0.0.1:60324/ws with Device ID: test-device, timestamp: 2026-06-18 13:30:41.944301, function: null, file: null}
Log registered: {message: Could not read slave app version diagnostics: MissingPluginException(No implementation found for method getAll on channel dev.fluttercommunity.plus/package_info), timestamp: 2026-06-18 13:30:41.945713, function: null, file: null}
Log registered: {message: Could not read slave hardware diagnostics: MissingPluginException(No implementation found for method getDeviceInfo on channel dev.fluttercommunity.plus/device_info), timestamp: 2026-06-18 13:30:41.947340, function: null, file: null}
Log registered: {message: Connected to WebSocket at ws://127.0.0.1:60324/ws, timestamp: 2026-06-18 13:30:41.947842, function: null, file: null}
Log registered: {message: Connection closed, timestamp: 2026-06-18 13:30:41.949701, function: null, file: null}
00:05 +74 ~1: /Users/jose/src/work/hydracamv2/test/camera_singleton_initialization_test.dart: CameraServiceSingleton Initialization MasterScreen can be created when CameraServiceSingleton is initialized
00:05 +74 ~1: /Users/jose/src/work/hydracamv2/test/slave/slave_client_registration_test.dart: slave heartbeat reports active session guid
Log registered: {message: UploaderService: Resetting upload queue and state., timestamp: 2026-06-18 13:30:41.956421, function: null, file: null}
Log registered: {message: UploaderService: Reset completed., timestamp: 2026-06-18 13:30:41.956867, function: null, file: null}
Log registered: {message: Session started with GUID: slave-session-guid on device type: Slave, timestamp: 2026-06-18 13:30:41.957108, function: null, file: null}
Log registered: {message: Adding photo to upload queue: /var/folders/6s/dp27g8gn26j9mp36sjfxb9tw0000gn/T/slave-heartbeat4J6w4L/photo.jpg, timestamp: 2026-06-18 13:30:41.960624, function: null, file: null}
Log registered: {message: Error saving session metadata: MissingPluginException(No implementation found for method getApplicationDocumentsDirectory on channel plugins.flutter.io/path_provider), timestamp: 2026-06-18 13:30:41.961916, function: null, file: null}
Log registered: {message: [UploaderService] No uploaded media with valid durations. Returning zero duration., timestamp: 2026-06-18 13:30:41.962812, function: null, file: null}
Log registered: {message: Media added to upload queue: /var/folders/6s/dp27g8gn26j9mp36sjfxb9tw0000gn/T/slave-heartbeat4J6w4L/photo.jpg, timestamp: 2026-06-18 13:30:41.962948, function: null, file: null}
Log registered: {message: Auto-upload is disabled. Media added to queue but not uploaded., timestamp: 2026-06-18 13:30:41.963169, function: null, file: null}
Log registered: {message: Retrieved existing Device ID: test-device, timestamp: 2026-06-18 13:30:41.963509, function: null, file: null}
Log registered: {message: Attempting to connect to master WebSocket at ws://127.0.0.1:60326/ws with Device ID: test-device, timestamp: 2026-06-18 13:30:41.963577, function: null, file: null}
Log registered: {message: Could not read slave app version diagnostics: MissingPluginException(No implementation found for method getAll on channel dev.fluttercommunity.plus/package_info), timestamp: 2026-06-18 13:30:41.965003, function: null, file: null}
Log registered: {message: Could not read slave hardware diagnostics: MissingPluginException(No implementation found for method getDeviceInfo on channel dev.fluttercommunity.plus/device_info), timestamp: 2026-06-18 13:30:41.966746, function: null, file: null}
Log registered: {message: Connected to WebSocket at ws://127.0.0.1:60326/ws, timestamp: 2026-06-18 13:30:41.967099, function: null, file: null}
Log registered: {message: Connection closed, timestamp: 2026-06-18 13:30:41.968664, function: null, file: null}
Log registered: {message: Error saving session metadata: MissingPluginException(No implementation found for method getApplicationDocumentsDirectory on channel plugins.flutter.io/path_provider), timestamp: 2026-06-18 13:30:41.970109, function: null, file: null}
Log registered: {message: UploaderService: Resetting upload queue and state., timestamp: 2026-06-18 13:30:41.970222, function: null, file: null}
Log registered: {message: UploaderService: Reset completed., timestamp: 2026-06-18 13:30:41.970294, function: null, file: null}
Log registered: {message: Session ended and uploader reset., timestamp: 2026-06-18 13:30:41.970342, function: null, file: null}
00:05 +75 ~1: /Users/jose/src/work/hydracamv2/test/camera_singleton_initialization_test.dart: CameraServiceSingleton Initialization MasterScreen can be created when CameraServiceSingleton is initialized
00:05 +75 ~1: /Users/jose/src/work/hydracamv2/test/screens/uploader_info_screen_test.dart: start uploads action drains the pending queue
Log registered: {message: Manual upload initiated., timestamp: 2026-06-18 13:30:41.973001, function: null, file: null}
Log registered: {message: UploaderService: _startUploading called. _isUploading=false, queue length=1, timestamp: 2026-06-18 13:30:41.973323, function: null, file: null}
Log registered: {message: UploaderService: _processNextItem called. Queue length=1, timestamp: 2026-06-18 13:30:41.973818, function: null, file: null}
Log registered: {message: UploaderService: sessionGuid=uploader-info-start-guid, timestamp: 2026-06-18 13:30:41.973985, function: null, file: null}
00:05 +75 ~1: /Users/jose/src/work/hydracamv2/test/slave/slave_client_registration_test.dart: noSession preserves an active slave session and upload queue
Log registered: {message: UploaderService: Resetting upload queue and state., timestamp: 2026-06-18 13:30:41.973975, function: null, file: null}
Log registered: {message: UploaderService: Reset completed., timestamp: 2026-06-18 13:30:41.974081, function: null, file: null}
Log registered: {message: UploaderService: Resetting upload queue and state., timestamp: 2026-06-18 13:30:41.974197, function: null, file: null}
Log registered: {message: UploaderService: Reset completed., timestamp: 2026-06-18 13:30:41.974247, function: null, file: null}
Log registered: {message: Session started with GUID: slave-active-session on device type: Slave, timestamp: 2026-06-18 13:30:41.974299, function: null, file: null}
Log registered: {message: [UploaderService] No uploaded media with valid durations. Returning zero duration., timestamp: 2026-06-18 13:30:41.974923, function: null, file: null}
Log registered: {message: Media added to upload queue: /var/folders/6s/dp27g8gn26j9mp36sjfxb9tw0000gn/T/slave_no_sessionidKcBH/queued-photo.jpg, timestamp: 2026-06-18 13:30:41.975027, function: null, file: null}
Log registered: {message: Auto-upload is disabled. Media added to queue but not uploaded., timestamp: 2026-06-18 13:30:41.975220, function: null, file: null}
Log registered: {message: Retrieved existing Device ID: test-device, timestamp: 2026-06-18 13:30:41.975673, function: null, file: null}
Log registered: {message: Attempting to connect to master WebSocket at ws://127.0.0.1:60328/ws with Device ID: test-device, timestamp: 2026-06-18 13:30:41.975750, function: null, file: null}
00:05 +75 ~1: /Users/jose/src/work/hydracamv2/test/screens/uploader_info_screen_test.dart: start uploads action drains the pending queue
Log registered: {message: Get token, timestamp: 2026-06-18 13:30:41.975889, function: null, file: null}
00:05 +75 ~1: /Users/jose/src/work/hydracamv2/test/slave/slave_client_registration_test.dart: noSession preserves an active slave session and upload queue
Log registered: {message: Could not read slave app version diagnostics: MissingPluginException(No implementation found for method getAll on channel dev.fluttercommunity.plus/package_info), timestamp: 2026-06-18 13:30:41.977347, function: null, file: null}
Log registered: {message: Could not read slave hardware diagnostics: MissingPluginException(No implementation found for method getDeviceInfo on channel dev.fluttercommunity.plus/device_info), timestamp: 2026-06-18 13:30:41.978795, function: null, file: null}
Log registered: {message: Connected to WebSocket at ws://127.0.0.1:60328/ws, timestamp: 2026-06-18 13:30:41.979275, function: null, file: null}
Log registered: {message: Command received from master: {"command":"noSession"}, timestamp: 2026-06-18 13:30:41.984076, function: null, file: null}
Log registered: {message: Master reported no active session; keeping active session slave-active-session until explicit sessionEnded., timestamp: 2026-06-18 13:30:41.984938, function: null, file: null}
00:05 +75 ~1: /Users/jose/src/work/hydracamv2/test/screens/uploader_info_screen_test.dart: start uploads action drains the pending queue
Log registered: {message: Media uploaded successfully, timestamp: 2026-06-18 13:30:41.987872, function: null, file: null}
Log registered: {message: Media uploaded: /var/folders/6s/dp27g8gn26j9mp36sjfxb9tw0000gn/T/uploader_info_screen_testlzvKgp/queued-photo.jpg, timestamp: 2026-06-18 13:30:41.988272, function: null, file: null}
Log registered: {message: Session metadata saved to /var/folders/6s/dp27g8gn26j9mp36sjfxb9tw0000gn/T/uploader_info_screen_docsMEpD5t/session_uploader-info-start-guid/metadata.json, timestamp: 2026-06-18 13:30:41.989135, function: null, file: null}
Log registered: {message: [UploaderService] Queue is empty. Returning zero duration., timestamp: 2026-06-18 13:30:41.989569, function: null, file: null}
Log registered: {message: UploaderService: _processNextItem called. Queue length=0, timestamp: 2026-06-18 13:30:41.989650, function: null, file: null}
Log registered: {message: UploaderService: Queue is empty. Uploading stopped., timestamp: 2026-06-18 13:30:41.989720, function: null, file: null}
00:05 +75 ~1: /Users/jose/src/work/hydracamv2/test/slave/slave_client_registration_test.dart: noSession preserves an active slave session and upload queue
Log registered: {message: Connection closed, timestamp: 2026-06-18 13:30:41.994127, function: null, file: null}
Log registered: {message: UploaderService: Resetting upload queue and state., timestamp: 2026-06-18 13:30:41.994440, function: null, file: null}
Log registered: {message: UploaderService: Reset completed., timestamp: 2026-06-18 13:30:41.994508, function: null, file: null}
Log registered: {message: Session metadata saved to /var/folders/6s/dp27g8gn26j9mp36sjfxb9tw0000gn/T/slave_client_docsw3UDpD/session_slave-active-session/metadata.json, timestamp: 2026-06-18 13:30:41.995870, function: null, file: null}
Log registered: {message: UploaderService: Resetting upload queue and state., timestamp: 2026-06-18 13:30:41.995994, function: null, file: null}
Log registered: {message: UploaderService: Reset completed., timestamp: 2026-06-18 13:30:41.996049, function: null, file: null}
Log registered: {message: Session ended and uploader reset., timestamp: 2026-06-18 13:30:41.996100, function: null, file: null}
00:05 +76 ~1: /Users/jose/src/work/hydracamv2/test/camera_singleton_initialization_test.dart: CameraServiceSingleton Initialization MasterScreen can be created when CameraServiceSingleton is initialized
00:05 +76 ~1: /Users/jose/src/work/hydracamv2/test/slave/slave_client_registration_test.dart: noSession preserves an active slave session and upload queue
Trace persistence retry scheduled: PathNotFoundException: Cannot open file, path = '/var/folders/6s/dp27g8gn26j9mp36sjfxb9tw0000gn/T/slave_client_docsw3UDpD/logs/hydracam-trace-2026-06-18T13-30-41-981188.ndjson' (OS Error: No such file or directory, errno = 2)
00:05 +76 ~1: /Users/jose/src/work/hydracamv2/test/slave/slave_client_registration_test.dart: conflicting sessionStatus preserves active slave session and queue
Log registered: {message: UploaderService: Resetting upload queue and state., timestamp: 2026-06-18 13:30:41.999262, function: null, file: null}
Log registered: {message: UploaderService: Reset completed., timestamp: 2026-06-18 13:30:41.999348, function: null, file: null}
Log registered: {message: UploaderService: Resetting upload queue and state., timestamp: 2026-06-18 13:30:41.999405, function: null, file: null}
Log registered: {message: UploaderService: Reset completed., timestamp: 2026-06-18 13:30:41.999447, function: null, file: null}
Log registered: {message: Session started with GUID: slave-active-session on device type: Slave, timestamp: 2026-06-18 13:30:41.999491, function: null, file: null}
Log registered: {message: [UploaderService] No uploaded media with valid durations. Returning zero duration., timestamp: 2026-06-18 13:30:42.000483, function: null, file: null}
Log registered: {message: Media added to upload queue: /var/folders/6s/dp27g8gn26j9mp36sjfxb9tw0000gn/T/slave_conflictkkmlRp/queued-photo.jpg, timestamp: 2026-06-18 13:30:42.000635, function: null, file: null}
Log registered: {message: Auto-upload is disabled. Media added to queue but not uploaded., timestamp: 2026-06-18 13:30:42.000841, function: null, file: null}
Log registered: {message: Retrieved existing Device ID: test-device, timestamp: 2026-06-18 13:30:42.001249, function: null, file: null}
Log registered: {message: Attempting to connect to master WebSocket at ws://127.0.0.1:60331/ws with Device ID: test-device, timestamp: 2026-06-18 13:30:42.001317, function: null, file: null}
Log registered: {message: Could not read slave app version diagnostics: MissingPluginException(No implementation found for method getAll on channel dev.fluttercommunity.plus/package_info), timestamp: 2026-06-18 13:30:42.003073, function: null, file: null}
Log registered: {message: Could not read slave hardware diagnostics: MissingPluginException(No implementation found for method getDeviceInfo on channel dev.fluttercommunity.plus/device_info), timestamp: 2026-06-18 13:30:42.004474, function: null, file: null}
Log registered: {message: Connected to WebSocket at ws://127.0.0.1:60331/ws, timestamp: 2026-06-18 13:30:42.004943, function: null, file: null}
Log registered: {message: Command received from master: {"command":"sessionStatus","sessionGuid":"master-other-session"}, timestamp: 2026-06-18 13:30:42.006879, function: null, file: null}
Log registered: {message: Command: {"command":"sessionStatus","sessionGuid":"master-other-session"}, timestamp: 2026-06-18 13:30:42.006997, function: null, file: null}
Log registered: {message: Session guid: master-other-session, timestamp: 2026-06-18 13:30:42.007079, function: null, file: null}
00:05 +76 ~1: /Users/jose/src/work/hydracamv2/test/screens/uploader_info_screen_test.dart: start uploads action drains the pending queue
Log registered: {message: Session metadata saved to /var/folders/6s/dp27g8gn26j9mp36sjfxb9tw0000gn/T/uploader_info_screen_docsMEpD5t/session_uploader-info-start-guid/metadata.json, timestamp: 2026-06-18 13:30:42.006852, function: null, file: null}
Log registered: {message: UploaderService: Resetting upload queue and state., timestamp: 2026-06-18 13:30:42.007046, function: null, file: null}
Log registered: {message: UploaderService: Reset completed., timestamp: 2026-06-18 13:30:42.007111, function: null, file: null}
Log registered: {message: Session ended and uploader reset., timestamp: 2026-06-18 13:30:42.007158, function: null, file: null}
Log registered: {message: UploaderService: Resetting upload queue and state., timestamp: 2026-06-18 13:30:42.007205, function: null, file: null}
Log registered: {message: UploaderService: Reset completed., timestamp: 2026-06-18 13:30:42.007246, function: null, file: null}
00:05 +77 ~1: /Users/jose/src/work/hydracamv2/test/camera_singleton_initialization_test.dart: CameraServiceSingleton Initialization MasterScreen can be created when CameraServiceSingleton is initialized
00:05 +77 ~1: /Users/jose/src/work/hydracamv2/test/slave/slave_client_registration_test.dart: conflicting sessionStatus preserves active slave session and queue
Log registered: {message: Master session conflict: keeping active session slave-active-session instead of joining master-other-session., timestamp: 2026-06-18 13:30:42.007374, function: null, file: null}
00:05 +77 ~1: /Users/jose/src/work/hydracamv2/test/camera_singleton_initialization_test.dart: CameraServiceSingleton Initialization MasterScreen can be created when CameraServiceSingleton is initialized
00:05 +77 ~1: /Users/jose/src/work/hydracamv2/test/slave/slave_client_registration_test.dart: conflicting sessionStatus preserves active slave session and queue
Log registered: {message: Connection closed, timestamp: 2026-06-18 13:30:42.017723, function: null, file: null}
Log registered: {message: UploaderService: Resetting upload queue and state., timestamp: 2026-06-18 13:30:42.018179, function: null, file: null}
Log registered: {message: UploaderService: Reset completed., timestamp: 2026-06-18 13:30:42.018321, function: null, file: null}
Log registered: {message: Session metadata saved to /var/folders/6s/dp27g8gn26j9mp36sjfxb9tw0000gn/T/slave_client_docsA6VO2n/session_slave-active-session/metadata.json, timestamp: 2026-06-18 13:30:42.020075, function: null, file: null}
Log registered: {message: UploaderService: Resetting upload queue and state., timestamp: 2026-06-18 13:30:42.020208, function: null, file: null}
Log registered: {message: UploaderService: Reset completed., timestamp: 2026-06-18 13:30:42.020286, function: null, file: null}
Log registered: {message: Session ended and uploader reset., timestamp: 2026-06-18 13:30:42.020380, function: null, file: null}
00:05 +78 ~1: /Users/jose/src/work/hydracamv2/test/camera_singleton_initialization_test.dart: CameraServiceSingleton Initialization MasterScreen can be created when CameraServiceSingleton is initialized
00:05 +78 ~1: /Users/jose/src/work/hydracamv2/test/slave/slave_client_registration_test.dart: auto-record starts recording when sessionStarted arrives
Log registered: {message: Retrieved existing Device ID: test-device, timestamp: 2026-06-18 13:30:42.029604, function: null, file: null}
Log registered: {message: Attempting to connect to master WebSocket at ws://127.0.0.1:60333/ws with Device ID: test-device, timestamp: 2026-06-18 13:30:42.029727, function: null, file: null}
Log registered: {message: Could not read slave app version diagnostics: MissingPluginException(No implementation found for method getAll on channel dev.fluttercommunity.plus/package_info), timestamp: 2026-06-18 13:30:42.031221, function: null, file: null}
Log registered: {message: Could not read slave hardware diagnostics: MissingPluginException(No implementation found for method getDeviceInfo on channel dev.fluttercommunity.plus/device_info), timestamp: 2026-06-18 13:30:42.032496, function: null, file: null}
Log registered: {message: Connected to WebSocket at ws://127.0.0.1:60333/ws, timestamp: 2026-06-18 13:30:42.033014, function: null, file: null}
Log registered: {message: Command received from master: {"command":"sessionStarted","sessionGuid":"auto-record-session"}, timestamp: 2026-06-18 13:30:42.034442, function: null, file: null}
Log registered: {message: Command: {"command":"sessionStarted","sessionGuid":"auto-record-session"}, timestamp: 2026-06-18 13:30:42.034561, function: null, file: null}
Log registered: {message: Session guid: auto-record-session, timestamp: 2026-06-18 13:30:42.034616, function: null, file: null}
Log registered: {message: UploaderService: Resetting upload queue and state., timestamp: 2026-06-18 13:30:42.034679, function: null, file: null}
Log registered: {message: UploaderService: Reset completed., timestamp: 2026-06-18 13:30:42.034726, function: null, file: null}
Log registered: {message: Session started with GUID: auto-record-session on device type: Slave, timestamp: 2026-06-18 13:30:42.034771, function: null, file: null}
Log registered: {message: Get token, timestamp: 2026-06-18 13:30:42.035276, function: null, file: null}
Log registered: {message: Fetch token, timestamp: 2026-06-18 13:30:42.035572, function: null, file: null}
Log registered: {message: Auto-record starting recording for active session auto-record-session., timestamp: 2026-06-18 13:30:42.041160, function: null, file: null}
Log registered: {message: Starting video recording, timestamp: 2026-06-18 13:30:42.041707, function: null, file: null}
Log registered: {message: Mock camera ready for native controller mode on macOS., timestamp: 2026-06-18 13:30:42.042234, function: null, file: null}
Log registered: {message: Retrieved existing Device ID: test-device, timestamp: 2026-06-18 13:30:42.045126, function: null, file: null}
Log registered: {message: Mock video recording started for native controller mode., timestamp: 2026-06-18 13:30:42.045495, function: null, file: null}
Log registered: {message: Failed to fetch M2M token: , timestamp: 2026-06-18 13:30:42.046289, function: null, file: null}
Log registered: {message: Error on POST device/ReadyToTransmit: Exception: Failed to retrieve M2M token, timestamp: 2026-06-18 13:30:42.046521, function: null, file: null}
Log registered: {message: Failed to notify server: No response, timestamp: 2026-06-18 13:30:42.046600, function: null, file: null}
Log registered: {message: Connection closed, timestamp: 2026-06-18 13:30:42.046743, function: null, file: null}
Log registered: {message: Mock video saved to session path: /var/folders/6s/dp27g8gn26j9mp36sjfxb9tw0000gn/T/slave_client_docsLmASRI/session_auto-record-session/mock_1_2026-06-18T13-30-42-047858.mp4, timestamp: 2026-06-18 13:30:42.049651, function: null, file: null}
Log registered: {message: Session metadata saved to /var/folders/6s/dp27g8gn26j9mp36sjfxb9tw0000gn/T/slave_client_docsLmASRI/session_auto-record-session/metadata.json, timestamp: 2026-06-18 13:30:42.050587, function: null, file: null}
Log registered: {message: UploaderService: Resetting upload queue and state., timestamp: 2026-06-18 13:30:42.050699, function: null, file: null}
Log registered: {message: UploaderService: Reset completed., timestamp: 2026-06-18 13:30:42.050753, function: null, file: null}
Log registered: {message: Session ended and uploader reset., timestamp: 2026-06-18 13:30:42.050797, function: null, file: null}
00:05 +79 ~1: /Users/jose/src/work/hydracamv2/test/camera_singleton_initialization_test.dart: CameraServiceSingleton Initialization MasterScreen can be created when CameraServiceSingleton is initialized
00:05 +79 ~1: /Users/jose/src/work/hydracamv2/test/slave/slave_client_registration_test.dart: startUploadingAll command starts pending upload queue
Log registered: {message: UploaderService: Resetting upload queue and state., timestamp: 2026-06-18 13:30:42.052927, function: null, file: null}
Log registered: {message: UploaderService: Reset completed., timestamp: 2026-06-18 13:30:42.053027, function: null, file: null}
Log registered: {message: UploaderService: Resetting upload queue and state., timestamp: 2026-06-18 13:30:42.053108, function: null, file: null}
Log registered: {message: UploaderService: Reset completed., timestamp: 2026-06-18 13:30:42.053204, function: null, file: null}
Log registered: {message: Session started with GUID: backend-upload-session on device type: Slave, timestamp: 2026-06-18 13:30:42.053286, function: null, file: null}
Log registered: {message: [UploaderService] No uploaded media with valid durations. Returning zero duration., timestamp: 2026-06-18 13:30:42.053706, function: null, file: null}
Log registered: {message: Media added to upload queue: /var/folders/6s/dp27g8gn26j9mp36sjfxb9tw0000gn/T/slave_upload_command3uANuB/queued-photo.jpg, timestamp: 2026-06-18 13:30:42.053798, function: null, file: null}
Log registered: {message: Auto-upload is disabled. Media added to queue but not uploaded., timestamp: 2026-06-18 13:30:42.054077, function: null, file: null}
Log registered: {message: Retrieved existing Device ID: test-device, timestamp: 2026-06-18 13:30:42.054413, function: null, file: null}
Log registered: {message: Attempting to connect to master WebSocket at ws://127.0.0.1:60335/ws with Device ID: test-device, timestamp: 2026-06-18 13:30:42.054471, function: null, file: null}
Log registered: {message: Could not read slave app version diagnostics: MissingPluginException(No implementation found for method getAll on channel dev.fluttercommunity.plus/package_info), timestamp: 2026-06-18 13:30:42.055931, function: null, file: null}
Log registered: {message: Could not read slave hardware diagnostics: MissingPluginException(No implementation found for method getDeviceInfo on channel dev.fluttercommunity.plus/device_info), timestamp: 2026-06-18 13:30:42.057202, function: null, file: null}
Log registered: {message: Connected to WebSocket at ws://127.0.0.1:60335/ws, timestamp: 2026-06-18 13:30:42.057512, function: null, file: null}
Log registered: {message: Command received from master: {"command":"startUploadingAll"}, timestamp: 2026-06-18 13:30:42.058940, function: null, file: null}
Log registered: {message: Start-upload-all command received from master., timestamp: 2026-06-18 13:30:42.059208, function: null, file: null}
Log registered: {message: Manual upload initiated., timestamp: 2026-06-18 13:30:42.059372, function: null, file: null}
Log registered: {message: UploaderService: _startUploading called. _isUploading=false, queue length=1, timestamp: 2026-06-18 13:30:42.059555, function: null, file: null}
Log registered: {message: UploaderService: _processNextItem called. Queue length=1, timestamp: 2026-06-18 13:30:42.060012, function: null, file: null}
Log registered: {message: UploaderService: sessionGuid=backend-upload-session, timestamp: 2026-06-18 13:30:42.060245, function: null, file: null}
Log registered: {message: Upload file is not valid photo media: /var/folders/6s/dp27g8gn26j9mp36sjfxb9tw0000gn/T/slave_upload_command3uANuB/queued-photo.jpg, timestamp: 2026-06-18 13:30:42.062621, function: null, file: null}
Log registered: {message: Failed to upload media: /var/folders/6s/dp27g8gn26j9mp36sjfxb9tw0000gn/T/slave_upload_command3uANuB/queued-photo.jpg, timestamp: 2026-06-18 13:30:42.062745, function: null, file: null}
Log registered: {message: Session metadata saved to /var/folders/6s/dp27g8gn26j9mp36sjfxb9tw0000gn/T/slave_client_docsLmASRI/session_backend-upload-session/metadata.json, timestamp: 2026-06-18 13:30:42.063540, function: null, file: null}
Log registered: {message: [UploaderService] Queue is empty. Returning zero duration., timestamp: 2026-06-18 13:30:42.063722, function: null, file: null}
Log registered: {message: UploaderService: _processNextItem called. Queue length=0, timestamp: 2026-06-18 13:30:42.063814, function: null, file: null}
Log registered: {message: UploaderService: Queue is empty. Uploading stopped., timestamp: 2026-06-18 13:30:42.063919, function: null, file: null}
Log registered: {message: Connection closed, timestamp: 2026-06-18 13:30:42.069994, function: null, file: null}
Log registered: {message: UploaderService: Resetting upload queue and state., timestamp: 2026-06-18 13:30:42.070235, function: null, file: null}
Log registered: {message: UploaderService: Reset completed., timestamp: 2026-06-18 13:30:42.070292, function: null, file: null}
Log registered: {message: Session metadata saved to /var/folders/6s/dp27g8gn26j9mp36sjfxb9tw0000gn/T/slave_client_docsLmASRI/session_backend-upload-session/metadata.json, timestamp: 2026-06-18 13:30:42.071889, function: null, file: null}
Log registered: {message: UploaderService: Resetting upload queue and state., timestamp: 2026-06-18 13:30:42.071991, function: null, file: null}
Log registered: {message: UploaderService: Reset completed., timestamp: 2026-06-18 13:30:42.072040, function: null, file: null}
Log registered: {message: Session ended and uploader reset., timestamp: 2026-06-18 13:30:42.072078, function: null, file: null}
00:05 +80 ~1: /Users/jose/src/work/hydracamv2/test/camera_singleton_initialization_test.dart: CameraServiceSingleton Initialization MasterScreen can be created when CameraServiceSingleton is initialized
00:05 +80 ~1: /Users/jose/src/work/hydracamv2/test/slave/slave_client_registration_test.dart: identifySlave command replies with identifyAck
Log registered: {message: UploaderService: Resetting upload queue and state., timestamp: 2026-06-18 13:30:42.073612, function: null, file: null}
Log registered: {message: UploaderService: Reset completed., timestamp: 2026-06-18 13:30:42.073695, function: null, file: null}
Log registered: {message: Session started with GUID: slave-session-guid on device type: Slave, timestamp: 2026-06-18 13:30:42.073741, function: null, file: null}
Log registered: {message: Adding photo to upload queue: /var/folders/6s/dp27g8gn26j9mp36sjfxb9tw0000gn/T/slave-identifyWvFCYX/photo.jpg, timestamp: 2026-06-18 13:30:42.074358, function: null, file: null}
Log registered: {message: Session metadata saved to /var/folders/6s/dp27g8gn26j9mp36sjfxb9tw0000gn/T/slave_client_docsLmASRI/session_slave-session-guid/metadata.json, timestamp: 2026-06-18 13:30:42.075538, function: null, file: null}
Log registered: {message: [UploaderService] No uploaded media with valid durations. Returning zero duration., timestamp: 2026-06-18 13:30:42.075645, function: null, file: null}
Log registered: {message: Media added to upload queue: /var/folders/6s/dp27g8gn26j9mp36sjfxb9tw0000gn/T/slave-identifyWvFCYX/photo.jpg, timestamp: 2026-06-18 13:30:42.075689, function: null, file: null}
Log registered: {message: Auto-upload is disabled. Media added to queue but not uploaded., timestamp: 2026-06-18 13:30:42.075798, function: null, file: null}
Log registered: {message: Retrieved existing Device ID: test-device, timestamp: 2026-06-18 13:30:42.076204, function: null, file: null}
Log registered: {message: Attempting to connect to master WebSocket at ws://127.0.0.1:60337/ws with Device ID: test-device, timestamp: 2026-06-18 13:30:42.076350, function: null, file: null}
Log registered: {message: Could not read slave app version diagnostics: MissingPluginException(No implementation found for method getAll on channel dev.fluttercommunity.plus/package_info), timestamp: 2026-06-18 13:30:42.077744, function: null, file: null}
Log registered: {message: Could not read slave hardware diagnostics: MissingPluginException(No implementation found for method getDeviceInfo on channel dev.fluttercommunity.plus/device_info), timestamp: 2026-06-18 13:30:42.079408, function: null, file: null}
Log registered: {message: Connected to WebSocket at ws://127.0.0.1:60337/ws, timestamp: 2026-06-18 13:30:42.079791, function: null, file: null}
Log registered: {message: Command received from master: {"command":"identifySlave","requestId":"identify-test"}, timestamp: 2026-06-18 13:30:42.081528, function: null, file: null}
Log registered: {message: Sent identifyAck notification to master, timestamp: 2026-06-18 13:30:42.082081, function: null, file: null}
Log registered: {message: Connection closed, timestamp: 2026-06-18 13:30:42.082555, function: null, file: null}
Log registered: {message: Session metadata saved to /var/folders/6s/dp27g8gn26j9mp36sjfxb9tw0000gn/T/slave_client_docsLmASRI/session_slave-session-guid/metadata.json, timestamp: 2026-06-18 13:30:42.084165, function: null, file: null}
Log registered: {message: UploaderService: Resetting upload queue and state., timestamp: 2026-06-18 13:30:42.084278, function: null, file: null}
Log registered: {message: UploaderService: Reset completed., timestamp: 2026-06-18 13:30:42.084331, function: null, file: null}
Log registered: {message: Session ended and uploader reset., timestamp: 2026-06-18 13:30:42.084371, function: null, file: null}
00:05 +81 ~1: /Users/jose/src/work/hydracamv2/test/camera_singleton_initialization_test.dart: CameraServiceSingleton Initialization MasterScreen can be created when CameraServiceSingleton is initialized
00:05 +81 ~1: /Users/jose/src/work/hydracamv2/test/slave/slave_client_registration_test.dart: scheduled command applies master clock offset before countdown
Log registered: {message: Retrieved existing Device ID: test-device, timestamp: 2026-06-18 13:30:42.086604, function: null, file: null}
Log registered: {message: Attempting to connect to master WebSocket at ws://127.0.0.1:60339/ws with Device ID: test-device, timestamp: 2026-06-18 13:30:42.086742, function: null, file: null}
Log registered: {message: Could not read slave app version diagnostics: MissingPluginException(No implementation found for method getAll on channel dev.fluttercommunity.plus/package_info), timestamp: 2026-06-18 13:30:42.088133, function: null, file: null}
Log registered: {message: Could not read slave hardware diagnostics: MissingPluginException(No implementation found for method getDeviceInfo on channel dev.fluttercommunity.plus/device_info), timestamp: 2026-06-18 13:30:42.089438, function: null, file: null}
Log registered: {message: Connected to WebSocket at ws://127.0.0.1:60339/ws, timestamp: 2026-06-18 13:30:42.089765, function: null, file: null}
Log registered: {message: Command received from master: {"type":"scheduledCommand","command":"takePhoto","scheduledTime":"2026-06-08T20:35:05.000Z","masterTime":"2026-06-08T20:35:02.000Z"}, timestamp: 2026-06-18 13:30:42.091017, function: null, file: null}
Log registered: {message: Applied coarse fallback clock offset from master timestamp: 2000 ms., timestamp: 2026-06-18 13:30:42.091882, function: null, file: null}
Log registered: {message: Command 'takePhoto' scheduled for 2026-06-08 20:35:05.000Z., timestamp: 2026-06-18 13:30:42.092282, function: null, file: null}
Log registered: {message: Connection closed, timestamp: 2026-06-18 13:30:42.092928, function: null, file: null}
00:05 +82 ~1: /Users/jose/src/work/hydracamv2/test/camera_singleton_initialization_test.dart: CameraServiceSingleton Initialization MasterScreen can be created when CameraServiceSingleton is initialized
Log registered: {message: WebSocket Server stopped, timestamp: 2026-06-18 13:30:42.139501, function: null, file: null}
Log registered: {message: Stopped broadcasting master discovery message., timestamp: 2026-06-18 13:30:42.141585, function: null, file: null}
00:05 +83 ~1: /Users/jose/src/work/hydracamv2/test/slave/slave_screen_sync_chip_test.dart: shows calibrating placeholder before any calibration
00:05 +84 ~1: /Users/jose/src/work/hydracamv2/test/slave/slave_screen_sync_chip_test.dart: shows calibrating placeholder before any calibration
00:05 +85 ~1: /Users/jose/src/work/hydracamv2/test/slave/slave_screen_sync_chip_test.dart: shows calibrating placeholder before any calibration
00:05 +86 ~1: /Users/jose/src/work/hydracamv2/test/slave/slave_screen_sync_chip_test.dart: shows calibrating placeholder before any calibration
00:05 +87 ~1: /Users/jose/src/work/hydracamv2/test/camera_singleton_initialization_test.dart: CameraServiceSingleton Error Prevention MasterScreen initState accesses CameraServiceSingleton safely
Log registered: {message: WebSocket Server stopped, timestamp: 2026-06-18 13:30:42.244669, function: null, file: null}
Log registered: {message: Stopped broadcasting master discovery message., timestamp: 2026-06-18 13:30:42.244947, function: null, file: null}
00:05 +88 ~1: /Users/jose/src/work/hydracamv2/test/slave/slave_screen_sync_chip_test.dart: shows offset, RTT and sample summary for a green calibration
00:05 +89 ~1: /Users/jose/src/work/hydracamv2/test/slave/slave_screen_sync_chip_test.dart: shows offset, RTT and sample summary for a green calibration
00:05 +90 ~1: /Users/jose/src/work/hydracamv2/test/slave/slave_screen_sync_chip_test.dart: shows offset, RTT and sample summary for a green calibration
00:05 +91 ~1: /Users/jose/src/work/hydracamv2/test/master/master_time_sync_test.dart: master answers a timeSyncRequest with echoed id/t0 and its t1/t2
Log registered: {message: Data received from slave: {type: timeSyncRequest, deviceId: slave-a, id: 3:5, t0: 2026-01-01T00:00:00.000Z}, timestamp: 2026-06-18 13:30:42.483712, function: null, file: null}
Trace file unavailable: Binding has not yet been initialized.
The "instance" getter on the ServicesBinding binding mixin is only available once that binding has been initialized.
Typically, this is done by calling "WidgetsFlutterBinding.ensureInitialized()" or "runApp()" (the latter calls the former). Typically this call is done in the "void main()" method. The "ensureInitialized" method is idempotent; calling it multiple times is not harmful. After calling that method, the "instance" getter will return the binding.
In a test, one can call "TestWidgetsFlutterBinding.ensureInitialized()" as the first line in the test's "main()" method to initialize the binding.
If ServicesBinding is a custom binding mixin, there must also be a custom binding class, like WidgetsFlutterBinding, but that mixes in the selected binding, and that is the class that must be constructed before using the "instance" getter.
00:05 +92 ~1: /Users/jose/src/work/hydracamv2/test/slave/slave_screen_fast_connect_test.dart: forced preferred master connects without network readiness probe
Log registered: {message: Skipping slave network readiness for forced preferred master 192.168.178.153., timestamp: 2026-06-18 13:30:42.800312, function: null, file: null}
Log registered: {message: Connecting to master at IP: 192.168.178.153, timestamp: 2026-06-18 13:30:42.802343, function: null, file: null}
00:06 +92 ~1: /Users/jose/src/work/hydracamv2/test/master/master_screen_test.dart: (setUpAll)
Log registered: {message: StorageService monitoring disabled - timer not started., timestamp: 2026-06-18 13:30:42.936447, function: null, file: null}
00:06 +92 ~1: /Users/jose/src/work/hydracamv2/test/slave/slave_screen_fast_connect_test.dart: forced preferred master connects without network readiness probe
00:06 +93 ~1: /Users/jose/src/work/hydracamv2/test/slave/slave_screen_fast_connect_test.dart: forced preferred master connects without network readiness probe
00:06 +94 ~1: /Users/jose/src/work/hydracamv2/test/slave/slave_screen_fast_connect_test.dart: forced preferred master connects without network readiness probe
00:06 +95 ~1: /Users/jose/src/work/hydracamv2/test/slave/slave_screen_fast_connect_test.dart: forced preferred master connects without network readiness probe
00:06 +96 ~1: /Users/jose/src/work/hydracamv2/test/slave/slave_screen_fast_connect_test.dart: forced preferred master connects without network readiness probe
00:06 +97 ~1: /Users/jose/src/work/hydracamv2/test/slave/slave_screen_fast_connect_test.dart: forced preferred master connects without network readiness probe
00:06 +98 ~1: /Users/jose/src/work/hydracamv2/test/slave/slave_screen_fast_connect_test.dart: forced preferred master connects without network readiness probe
00:06 +99 ~1: /Users/jose/src/work/hydracamv2/test/slave/slave_screen_fast_connect_test.dart: forced preferred master connects without network readiness probe
00:06 +100 ~1: /Users/jose/src/work/hydracamv2/test/slave/slave_screen_fast_connect_test.dart: forced preferred master connects without network readiness probe
00:06 +101 ~1: /Users/jose/src/work/hydracamv2/test/slave/slave_screen_fast_connect_test.dart: forced preferred master connects without network readiness probe
00:06 +102 ~1: /Users/jose/src/work/hydracamv2/test/slave/slave_screen_fast_connect_test.dart: forced preferred master connects without network readiness probe
00:06 +102 ~1: /Users/jose/src/work/hydracamv2/test/master/master_announcer_test.dart: starts periodic discovery without real UDP and cancels on stop
Log registered: {message: Stopped broadcasting master discovery message., timestamp: 2026-06-18 13:30:43.090035, function: null, file: null}
Trace file unavailable: Binding has not yet been initialized.
The "instance" getter on the ServicesBinding binding mixin is only available once that binding has been initialized.
Typically, this is done by calling "WidgetsFlutterBinding.ensureInitialized()" or "runApp()" (the latter calls the former). Typically this call is done in the "void main()" method. The "ensureInitialized" method is idempotent; calling it multiple times is not harmful. After calling that method, the "instance" getter will return the binding.
In a test, one can call "TestWidgetsFlutterBinding.ensureInitialized()" as the first line in the test's "main()" method to initialize the binding.
If ServicesBinding is a custom binding mixin, there must also be a custom binding class, like WidgetsFlutterBinding, but that mixes in the selected binding, and that is the class that must be constructed before using the "instance" getter.
00:06 +103 ~1: /Users/jose/src/work/hydracamv2/test/slave/slave_screen_fast_connect_test.dart: forced preferred master connects without network readiness probe
00:06 +103 ~1: /Users/jose/src/work/hydracamv2/test/master/master_announcer_test.dart: broadcast errors do not stop later timer ticks
Log registered: {message: Error during broadcasting: Bad state: transient UDP failure, timestamp: 2026-06-18 13:30:43.117624, function: null, file: null}
Log registered: {message: Stopped broadcasting master discovery message., timestamp: 2026-06-18 13:30:43.118200, function: null, file: null}
00:06 +104 ~1: /Users/jose/src/work/hydracamv2/test/slave/slave_screen_fast_connect_test.dart: forced preferred master connects without network readiness probe
00:06 +105 ~1: /Users/jose/src/work/hydracamv2/test/master/master_screen_test.dart: start area uses service-session language
00:06 +105 ~1: /Users/jose/src/work/hydracamv2/test/slave/slave_screen_fast_connect_test.dart: slave app bar opens uploader info directly
Log registered: {message: Skipping slave network readiness for forced preferred master 192.168.178.153., timestamp: 2026-06-18 13:30:43.140521, function: null, file: null}
Log registered: {message: Connecting to master at IP: 192.168.178.153, timestamp: 2026-06-18 13:30:43.140789, function: null, file: null}
00:06 +105 ~1: /Users/jose/src/work/hydracamv2/test/master/master_screen_test.dart: start area uses service-session language
00:06 +105 ~1: /Users/jose/src/work/hydracamv2/test/master/master_media_sync_metadata_test.dart: incoming photo message carries syncMetadata into stored CapturedPhoto
Log registered: {message: UploaderService: Resetting upload queue and state., timestamp: 2026-06-18 13:30:43.219705, function: null, file: null}
Log registered: {message: UploaderService: Reset completed., timestamp: 2026-06-18 13:30:43.222460, function: null, file: null}
Log registered: {message: Session started with GUID: sync-photo-guid on device type: Master, timestamp: 2026-06-18 13:30:43.223488, function: null, file: null}
Log registered: {message: Data received from slave: {type: photo, deviceId: slave-a, data: [255, 216, 255], captureDate: 2026-06-09T03:44:00.000Z, syncMetadata: {offsetMs: 42, minRoundTripMs: 8, uncertaintyMs: 3, confidence: green, sampleCount: 6, calibratedAt: 2026-06-09T03:40:00.000Z, calibrationAgeMs: 1200}}, timestamp: 2026-06-18 13:30:43.224882, function: null, file: null}
Log registered: {message: Save media locally, timestamp: 2026-06-18 13:30:43.225575, function: null, file: null}
00:06 +106 ~1: /Users/jose/src/work/hydracamv2/test/master/master_screen_test.dart: start area uses service-session language
00:06 +107 ~1: /Users/jose/src/work/hydracamv2/test/master/master_screen_test.dart: start area uses service-session language
00:06 +107 ~1: /Users/jose/src/work/hydracamv2/test/master/master_media_sync_metadata_test.dart: incoming photo message carries syncMetadata into stored CapturedPhoto
Log registered: {message: Adding photo to upload queue: /var/folders/6s/dp27g8gn26j9mp36sjfxb9tw0000gn/T/master_media_sync_photo0tMz7C/session_sync-photo-guid/media_1770000000789.jpg, timestamp: 2026-06-18 13:30:43.235882, function: null, file: null}
Log registered: {message: Session metadata saved to /var/folders/6s/dp27g8gn26j9mp36sjfxb9tw0000gn/T/master_server_docsBtZiXG/session_sync-photo-guid/metadata.json, timestamp: 2026-06-18 13:30:43.239208, function: null, file: null}
Log registered: {message: Sync sidecar saved to /var/folders/6s/dp27g8gn26j9mp36sjfxb9tw0000gn/T/master_media_sync_photo0tMz7C/session_sync-photo-guid/media_1770000000789.jpg.sync.json, timestamp: 2026-06-18 13:30:43.240121, function: null, file: null}
Log registered: {message: [UploaderService] No uploaded media with valid durations. Returning zero duration., timestamp: 2026-06-18 13:30:43.241961, function: null, file: null}
Log registered: {message: Media added to upload queue: /var/folders/6s/dp27g8gn26j9mp36sjfxb9tw0000gn/T/master_media_sync_photo0tMz7C/session_sync-photo-guid/media_1770000000789.jpg, timestamp: 2026-06-18 13:30:43.242140, function: null, file: null}
Log registered: {message: Auto-upload is disabled. Media added to queue but not uploaded., timestamp: 2026-06-18 13:30:43.243121, function: null, file: null}
Log registered: {message: Photo from slave device (slave-a) received and stored at: /var/folders/6s/dp27g8gn26j9mp36sjfxb9tw0000gn/T/master_media_sync_photo0tMz7C/session_sync-photo-guid/media_1770000000789.jpg, timestamp: 2026-06-18 13:30:43.243337, function: null, file: null}
Log registered: {message: Session metadata saved to /var/folders/6s/dp27g8gn26j9mp36sjfxb9tw0000gn/T/master_server_docsBtZiXG/session_sync-photo-guid/metadata.json, timestamp: 2026-06-18 13:30:43.247614, function: null, file: null}
Log registered: {message: UploaderService: Resetting upload queue and state., timestamp: 2026-06-18 13:30:43.247808, function: null, file: null}
Log registered: {message: UploaderService: Reset completed., timestamp: 2026-06-18 13:30:43.248030, function: null, file: null}
Log registered: {message: Session ended and uploader reset., timestamp: 2026-06-18 13:30:43.248108, function: null, file: null}
00:06 +108 ~1: /Users/jose/src/work/hydracamv2/test/master/master_screen_test.dart: start area uses service-session language
00:06 +108 ~1: /Users/jose/src/work/hydracamv2/test/master/master_media_sync_metadata_test.dart: incoming video message carries syncMetadata into stored CapturedVideo
Log registered: {message: UploaderService: Resetting upload queue and state., timestamp: 2026-06-18 13:30:43.250236, function: null, file: null}
Log registered: {message: UploaderService: Reset completed., timestamp: 2026-06-18 13:30:43.250331, function: null, file: null}
Log registered: {message: Session started with GUID: sync-video-guid on device type: Master, timestamp: 2026-06-18 13:30:43.250395, function: null, file: null}
Log registered: {message: Data received from slave: {type: video, deviceId: slave-a, data: [0, 0, 0, 24], startRecordingDate: 2026-06-09T03:44:00.000Z, endRecordingDate: 2026-06-09T03:45:00.000Z, syncMetadata: {offsetMs: 42, minRoundTripMs: 8, uncertaintyMs: 3, confidence: green, sampleCount: 6, calibratedAt: 2026-06-09T03:40:00.000Z, calibrationAgeMs: 1200}}, timestamp: 2026-06-18 13:30:43.250565, function: null, file: null}
Log registered: {message: Save media locally, timestamp: 2026-06-18 13:30:43.250654, function: null, file: null}
Log registered: {message: Adding video to upload queue: /var/folders/6s/dp27g8gn26j9mp36sjfxb9tw0000gn/T/master_media_sync_videozAD55z/session_sync-video-guid/media_1770000000789.mp4, timestamp: 2026-06-18 13:30:43.252080, function: null, file: null}
Log registered: {message: Session metadata saved to /var/folders/6s/dp27g8gn26j9mp36sjfxb9tw0000gn/T/master_server_docsrkLw2M/session_sync-video-guid/metadata.json, timestamp: 2026-06-18 13:30:43.255900, function: null, file: null}
Log registered: {message: Sync sidecar saved to /var/folders/6s/dp27g8gn26j9mp36sjfxb9tw0000gn/T/master_media_sync_videozAD55z/session_sync-video-guid/media_1770000000789.mp4.sync.json, timestamp: 2026-06-18 13:30:43.256657, function: null, file: null}
Log registered: {message: [UploaderService] No uploaded media with valid durations. Returning zero duration., timestamp: 2026-06-18 13:30:43.256833, function: null, file: null}
Log registered: {message: Media added to upload queue: /var/folders/6s/dp27g8gn26j9mp36sjfxb9tw0000gn/T/master_media_sync_videozAD55z/session_sync-video-guid/media_1770000000789.mp4, timestamp: 2026-06-18 13:30:43.256943, function: null, file: null}
Log registered: {message: Auto-upload is disabled. Media added to queue but not uploaded., timestamp: 2026-06-18 13:30:43.257146, function: null, file: null}
Log registered: {message: Video from slave device (slave-a) received and stored at: /var/folders/6s/dp27g8gn26j9mp36sjfxb9tw0000gn/T/master_media_sync_videozAD55z/session_sync-video-guid/media_1770000000789.mp4, timestamp: 2026-06-18 13:30:43.257246, function: null, file: null}
Log registered: {message: Session metadata saved to /var/folders/6s/dp27g8gn26j9mp36sjfxb9tw0000gn/T/master_server_docsrkLw2M/session_sync-video-guid/metadata.json, timestamp: 2026-06-18 13:30:43.258756, function: null, file: null}
Log registered: {message: UploaderService: Resetting upload queue and state., timestamp: 2026-06-18 13:30:43.258880, function: null, file: null}
Log registered: {message: UploaderService: Reset completed., timestamp: 2026-06-18 13:30:43.258953, function: null, file: null}
Log registered: {message: Session ended and uploader reset., timestamp: 2026-06-18 13:30:43.259010, function: null, file: null}
00:06 +109 ~1: /Users/jose/src/work/hydracamv2/test/master/master_screen_test.dart: start area uses service-session language
00:06 +109 ~1: /Users/jose/src/work/hydracamv2/test/master/master_media_sync_metadata_test.dart: omitting syncMetadata leaves stored media syncMetadata null
Log registered: {message: UploaderService: Resetting upload queue and state., timestamp: 2026-06-18 13:30:43.260892, function: null, file: null}
Log registered: {message: UploaderService: Reset completed., timestamp: 2026-06-18 13:30:43.261006, function: null, file: null}
Log registered: {message: Session started with GUID: sync-absent-guid on device type: Master, timestamp: 2026-06-18 13:30:43.261071, function: null, file: null}
Log registered: {message: Data received from slave: {type: photo, deviceId: slave-a, data: [255, 216, 255], captureDate: 2026-06-09T03:44:00.000Z}, timestamp: 2026-06-18 13:30:43.261189, function: null, file: null}
Log registered: {message: Save media locally, timestamp: 2026-06-18 13:30:43.261258, function: null, file: null}
Log registered: {message: Adding photo to upload queue: /var/folders/6s/dp27g8gn26j9mp36sjfxb9tw0000gn/T/master_media_sync_absentxSsQCP/session_sync-absent-guid/media_1770000000789.jpg, timestamp: 2026-06-18 13:30:43.263512, function: null, file: null}
Log registered: {message: Session metadata saved to /var/folders/6s/dp27g8gn26j9mp36sjfxb9tw0000gn/T/master_server_docs4CHK1V/session_sync-absent-guid/metadata.json, timestamp: 2026-06-18 13:30:43.264626, function: null, file: null}
Log registered: {message: [UploaderService] No uploaded media with valid durations. Returning zero duration., timestamp: 2026-06-18 13:30:43.264820, function: null, file: null}
Log registered: {message: Media added to upload queue: /var/folders/6s/dp27g8gn26j9mp36sjfxb9tw0000gn/T/master_media_sync_absentxSsQCP/session_sync-absent-guid/media_1770000000789.jpg, timestamp: 2026-06-18 13:30:43.264933, function: null, file: null}
Log registered: {message: Auto-upload is disabled. Media added to queue but not uploaded., timestamp: 2026-06-18 13:30:43.265181, function: null, file: null}
Log registered: {message: Photo from slave device (slave-a) received and stored at: /var/folders/6s/dp27g8gn26j9mp36sjfxb9tw0000gn/T/master_media_sync_absentxSsQCP/session_sync-absent-guid/media_1770000000789.jpg, timestamp: 2026-06-18 13:30:43.265261, function: null, file: null}
Log registered: {message: Session metadata saved to /var/folders/6s/dp27g8gn26j9mp36sjfxb9tw0000gn/T/master_server_docs4CHK1V/session_sync-absent-guid/metadata.json, timestamp: 2026-06-18 13:30:43.268825, function: null, file: null}
Log registered: {message: UploaderService: Resetting upload queue and state., timestamp: 2026-06-18 13:30:43.268941, function: null, file: null}
Log registered: {message: UploaderService: Reset completed., timestamp: 2026-06-18 13:30:43.269017, function: null, file: null}
Log registered: {message: Session ended and uploader reset., timestamp: 2026-06-18 13:30:43.269068, function: null, file: null}
00:06 +110 ~1: /Users/jose/src/work/hydracamv2/test/master/master_screen_test.dart: start area uses service-session language
00:06 +111 ~1: /Users/jose/src/work/hydracamv2/test/master/master_screen_test.dart: start area uses service-session language
00:06 +112 ~1: /Users/jose/src/work/hydracamv2/test/master/master_screen_test.dart: start area uses service-session language
00:06 +113 ~1: /Users/jose/src/work/hydracamv2/test/master/master_screen_test.dart: start area uses service-session language
00:06 +114 ~1: /Users/jose/src/work/hydracamv2/test/master/master_screen_test.dart: start area uses service-session language
00:06 +114 ~1: /Users/jose/src/work/hydracamv2/test/master/master_network_snapshot_cache_test.dart: pending server start closes immediately when stop is requested
Log registered: {message: WebSocket Server stopped, timestamp: 2026-06-18 13:30:43.322797, function: null, file: null}
00:06 +115 ~1: /Users/jose/src/work/hydracamv2/test/master/master_screen_test.dart: start area uses service-session language
00:06 +115 ~1: /Users/jose/src/work/hydracamv2/test/master/master_network_snapshot_cache_test.dart: pending server start closes immediately when stop is requested
Log registered: {message: WebSocket Server startup cancelled because stop was requested., timestamp: 2026-06-18 13:30:43.329492, function: null, file: null}
00:06 +116 ~1: /Users/jose/src/work/hydracamv2/test/master/master_screen_test.dart: start area uses service-session language
00:06 +116 ~1: /Users/jose/src/work/hydracamv2/test/slave/slave_screen_fast_connect_test.dart: connectivity stream errors are logged without uncaught exception
Log registered: {message: Skipping slave network readiness for forced preferred master 192.168.178.153., timestamp: 2026-06-18 13:30:43.346892, function: null, file: null}
Log registered: {message: Connecting to master at IP: 192.168.178.153, timestamp: 2026-06-18 13:30:43.347100, function: null, file: null}
00:06 +117 ~1: /Users/jose/src/work/hydracamv2/test/master/master_screen_test.dart: start area uses service-session language
00:06 +118 ~1: /Users/jose/src/work/hydracamv2/test/master/master_screen_test.dart: start area uses service-session language
00:06 +119 ~1: /Users/jose/src/work/hydracamv2/test/master/master_screen_test.dart: start area uses service-session language
00:06 +120 ~1: /Users/jose/src/work/hydracamv2/test/master/master_screen_test.dart: start area uses service-session language
00:06 +120 ~1: /Users/jose/src/work/hydracamv2/test/master/master_network_snapshot_cache_test.dart: incoming device registration sends current session status
Log registered: {message: Data received from slave: {type: deviceId, deviceId: slave-a, sessionGuid: slave-session-guid, network: {isWifiActive: true, ipAddress: 192.168.178.62, source: slave-test}}, timestamp: 2026-06-18 13:30:43.363305, function: null, file: null}
Log registered: {message: Registered new slave with deviceId: slave-a, timestamp: 2026-06-18 13:30:43.363983, function: null, file: null}
Log registered: {message: Sent noSession to slave-a, timestamp: 2026-06-18 13:30:43.364562, function: null, file: null}
00:06 +121 ~1: /Users/jose/src/work/hydracamv2/test/master/master_screen_test.dart: start area uses service-session language
00:06 +121 ~1: /Users/jose/src/work/hydracamv2/test/master/master_network_snapshot_cache_test.dart: incoming device registration exposes app and hardware diagnostics
Log registered: {message: Data received from slave: {type: deviceId, deviceId: slave-a, appVersion: 1.4.0, appBuildNumber: 16, hardware: Samsung Galaxy S10e}, timestamp: 2026-06-18 13:30:43.366703, function: null, file: null}
Log registered: {message: Registered new slave with deviceId: slave-a, timestamp: 2026-06-18 13:30:43.366925, function: null, file: null}
Log registered: {message: Sent noSession to slave-a, timestamp: 2026-06-18 13:30:43.367009, function: null, file: null}
00:06 +122 ~1: /Users/jose/src/work/hydracamv2/test/master/master_screen_test.dart: start area uses service-session language
00:06 +122 ~1: /Users/jose/src/work/hydracamv2/test/master/master_network_snapshot_cache_test.dart: incoming heartbeat preserves slave session media diagnostics
Log registered: {message: Data received from slave: {type: heartbeat, deviceId: slave-a, sessionGuid: slave-session-guid, sessionMedia: {photoCount: 1, videoCount: 0, pendingUploadCount: 1, uploadedCount: 0}}, timestamp: 2026-06-18 13:30:43.370124, function: null, file: null}
Log registered: {message: Received heartbeat from slave-a, timestamp: 2026-06-18 13:30:43.370567, function: null, file: null}
00:06 +123 ~1: /Users/jose/src/work/hydracamv2/test/master/master_screen_test.dart: start area uses service-session language
00:06 +123 ~1: /Users/jose/src/work/hydracamv2/test/slave/slave_screen_fast_connect_test.dart: connectivity stream errors are logged without uncaught exception
Log registered: {message: Connectivity change listener failed: SocketException: dbus unavailable
#0      main.<anonymous closure> (file:///Users/jose/src/work/hydracamv2/test/slave/slave_screen_fast_connect_test.dart:228:18)
<asynchronous suspension>
#1      testWidgets.<anonymous closure>.<anonymous closure> (package:flutter_test/src/widget_tester.dart:192:15)
<asynchronous suspension>
#2      TestWidgetsFlutterBinding._runTestBody (package:flutter_test/src/binding.dart:1952:5)
<asynchronous suspension>
#3      StackZoneSpecification._registerCallback.<anonymous closure> (package:stack_trace/src/stack_zone_specification.dart:114:42)
<asynchronous suspension>
, timestamp: 2026-06-18 13:30:43.373190, function: null, file: null}
00:06 +123 ~1: /Users/jose/src/work/hydracamv2/test/master/master_network_snapshot_cache_test.dart: incoming photo media is saved through session media storage
Log registered: {message: UploaderService: Resetting upload queue and state., timestamp: 2026-06-18 13:30:43.375022, function: null, file: null}
Log registered: {message: UploaderService: Reset completed., timestamp: 2026-06-18 13:30:43.375433, function: null, file: null}
Log registered: {message: Session started with GUID: server-media-guid on device type: Master, timestamp: 2026-06-18 13:30:43.375670, function: null, file: null}
Log registered: {message: Data received from slave: {type: photo, deviceId: slave-a, data: [255, 216, 255], captureDate: 2026-06-09T03:44:00.000Z}, timestamp: 2026-06-18 13:30:43.375989, function: null, file: null}
Log registered: {message: Save media locally, timestamp: 2026-06-18 13:30:43.376804, function: null, file: null}
Log registered: {message: Adding photo to upload queue: /var/folders/6s/dp27g8gn26j9mp36sjfxb9tw0000gn/T/master_received_mediaQUcfld/session_server-media-guid/media_1770000000789.jpg, timestamp: 2026-06-18 13:30:43.380216, function: null, file: null}
Log registered: {message: Session metadata saved to /var/folders/6s/dp27g8gn26j9mp36sjfxb9tw0000gn/T/master_server_docsUvlvfn/session_server-media-guid/metadata.json, timestamp: 2026-06-18 13:30:43.383055, function: null, file: null}
Log registered: {message: [UploaderService] No uploaded media with valid durations. Returning zero duration., timestamp: 2026-06-18 13:30:43.384111, function: null, file: null}
Log registered: {message: Media added to upload queue: /var/folders/6s/dp27g8gn26j9mp36sjfxb9tw0000gn/T/master_received_mediaQUcfld/session_server-media-guid/media_1770000000789.jpg, timestamp: 2026-06-18 13:30:43.384326, function: null, file: null}
Log registered: {message: Auto-upload is disabled. Media added to queue but not uploaded., timestamp: 2026-06-18 13:30:43.385250, function: null, file: null}
Log registered: {message: Photo from slave device (slave-a) received and stored at: /var/folders/6s/dp27g8gn26j9mp36sjfxb9tw0000gn/T/master_received_mediaQUcfld/session_server-media-guid/media_1770000000789.jpg, timestamp: 2026-06-18 13:30:43.385355, function: null, file: null}
Log registered: {message: Session metadata saved to /var/folders/6s/dp27g8gn26j9mp36sjfxb9tw0000gn/T/master_server_docsUvlvfn/session_server-media-guid/metadata.json, timestamp: 2026-06-18 13:30:43.387824, function: null, file: null}
Log registered: {message: UploaderService: Resetting upload queue and state., timestamp: 2026-06-18 13:30:43.388009, function: null, file: null}
Log registered: {message: UploaderService: Reset completed., timestamp: 2026-06-18 13:30:43.388177, function: null, file: null}
Log registered: {message: Session ended and uploader reset., timestamp: 2026-06-18 13:30:43.388258, function: null, file: null}
00:06 +124 ~1: /Users/jose/src/work/hydracamv2/test/master/master_screen_test.dart: start area uses service-session language
00:06 +124 ~1: /Users/jose/src/work/hydracamv2/test/master/master_network_snapshot_cache_test.dart: stale socket close does not remove current client registration
Log registered: {message: Client slave-a disconnected. Total clients: 0, timestamp: 2026-06-18 13:30:43.390904, function: null, file: null}
00:06 +125 ~1: /Users/jose/src/work/hydracamv2/test/master/master_screen_test.dart: start area uses service-session language
00:06 +125 ~1: /Users/jose/src/work/hydracamv2/test/master/master_network_snapshot_cache_test.dart: master server retains disconnected device status after socket removal
Log registered: {message: Client slave-a disconnected. Total clients: 0, timestamp: 2026-06-18 13:30:43.392814, function: null, file: null}
00:06 +126 ~1: /Users/jose/src/work/hydracamv2/test/master/master_screen_test.dart: start area uses service-session language
00:06 +126 ~1: /Users/jose/src/work/hydracamv2/test/master/master_network_snapshot_cache_test.dart: stopServer clears transport state without ending the active session
Log registered: {message: UploaderService: Resetting upload queue and state., timestamp: 2026-06-18 13:30:43.394358, function: null, file: null}
Log registered: {message: UploaderService: Reset completed., timestamp: 2026-06-18 13:30:43.394465, function: null, file: null}
Log registered: {message: Session started with GUID: stop-server-session-guid on device type: Master, timestamp: 2026-06-18 13:30:43.394565, function: null, file: null}
Log registered: {message: WebSocket Server stopped, timestamp: 2026-06-18 13:30:43.394870, function: null, file: null}
Log registered: {message: Capture session with GUID: stop-server-session-guid ended and stored in history., timestamp: 2026-06-18 13:30:43.395197, function: null, file: null}
Log registered: {message: Session metadata saved to /var/folders/6s/dp27g8gn26j9mp36sjfxb9tw0000gn/T/master_server_docsCXkugo/session_stop-server-session-guid/metadata.json, timestamp: 2026-06-18 13:30:43.399362, function: null, file: null}
Log registered: {message: UploaderService: Resetting upload queue and state., timestamp: 2026-06-18 13:30:43.399577, function: null, file: null}
Log registered: {message: UploaderService: Reset completed., timestamp: 2026-06-18 13:30:43.399660, function: null, file: null}
Log registered: {message: Session ended and uploader reset., timestamp: 2026-06-18 13:30:43.399714, function: null, file: null}
Log registered: {message: Command sent to 0 eligible connected slave(s): {"command":"sessionEnded"}, timestamp: 2026-06-18 13:30:43.400295, function: null, file: null}
00:06 +127 ~1: /Users/jose/src/work/hydracamv2/test/master/master_screen_test.dart: start area uses service-session language
00:06 +127 ~1: /Users/jose/src/work/hydracamv2/test/master/master_network_snapshot_cache_test.dart: master server orders connected devices before disconnected history
Log registered: {message: Client a-stale-slave disconnected. Total clients: 0, timestamp: 2026-06-18 13:30:43.402725, function: null, file: null}
00:06 +128 ~1: /Users/jose/src/work/hydracamv2/test/master/master_screen_test.dart: start area uses service-session language
00:06 +128 ~1: /Users/jose/src/work/hydracamv2/test/master/master_network_snapshot_cache_test.dart: scheduled commands include master send time for slave clock offset
Log registered: {message: Scheduling command 'takePhoto' for 2026-06-08T20:35:05.000Z, timestamp: 2026-06-18 13:30:43.404837, function: null, file: null}
Log registered: {message: Scheduled command 'takePhoto' sent to slave with deviceId: slave-a., timestamp: 2026-06-18 13:30:43.405120, function: null, file: null}
00:06 +129 ~1: /Users/jose/src/work/hydracamv2/test/master/master_screen_test.dart: start area uses service-session language
00:06 +130 ~1: /Users/jose/src/work/hydracamv2/test/master/master_screen_test.dart: start area uses service-session language
00:06 +130 ~1: /Users/jose/src/work/hydracamv2/test/master/master_network_snapshot_cache_test.dart: scheduled command for missing slave does not broadcast
Log registered: {message: Scheduling command 'takePhoto' for 2026-06-09T02:20:00.000Z, timestamp: 2026-06-18 13:30:43.408537, function: null, file: null}
Log registered: {message: Scheduled command 'takePhoto' not sent. Slave missing-slave is not connected., timestamp: 2026-06-18 13:30:43.408670, function: null, file: null}
00:06 +131 ~1: /Users/jose/src/work/hydracamv2/test/master/master_screen_test.dart: start area uses service-session language
00:06 +131 ~1: /Users/jose/src/work/hydracamv2/test/master/master_network_snapshot_cache_test.dart: scheduled broadcast sends to all eligible connected slaves
Log registered: {message: Scheduling command 'startRecordingVideo' for 2026-06-09T02:20:00.000Z, timestamp: 2026-06-18 13:30:43.411557, function: null, file: null}
Log registered: {message: Scheduled command 'startRecordingVideo' sent to 2 eligible connected slave(s)., timestamp: 2026-06-18 13:30:43.412123, function: null, file: null}
00:06 +132 ~1: /Users/jose/src/work/hydracamv2/test/master/master_screen_test.dart: start area uses service-session language
00:06 +132 ~1: /Users/jose/src/work/hydracamv2/test/master/master_network_snapshot_cache_test.dart: targeted command for missing slave does not broadcast
Log registered: {message: Sending command takePhoto, timestamp: 2026-06-18 13:30:43.416079, function: null, file: null}
Log registered: {message: Command 'takePhoto' not sent. Slave missing-slave is not connected., timestamp: 2026-06-18 13:30:43.416276, function: null, file: null}
00:06 +133 ~1: /Users/jose/src/work/hydracamv2/test/master/master_screen_test.dart: start area uses service-session language
00:06 +133 ~1: /Users/jose/src/work/hydracamv2/test/master/master_network_snapshot_cache_test.dart: targeted command only sends to the requested connected slave
Log registered: {message: Sending command takePhoto, timestamp: 2026-06-18 13:30:43.419180, function: null, file: null}
Log registered: {message: Command 'takePhoto' sent to slave with deviceId: slave-a., timestamp: 2026-06-18 13:30:43.419357, function: null, file: null}
00:06 +134 ~1: /Users/jose/src/work/hydracamv2/test/master/master_screen_test.dart: start area uses service-session language
00:06 +134 ~1: /Users/jose/src/work/hydracamv2/test/master/master_network_snapshot_cache_test.dart: broadcast command sends to all eligible connected slaves
Log registered: {message: Sending command stopRecordingVideo, timestamp: 2026-06-18 13:30:43.421321, function: null, file: null}
Log registered: {message: Command 'stopRecordingVideo' sent to 2 eligible connected slave(s)., timestamp: 2026-06-18 13:30:43.421461, function: null, file: null}
00:06 +135 ~1: /Users/jose/src/work/hydracamv2/test/master/master_screen_test.dart: start area uses service-session language
00:06 +135 ~1: /Users/jose/src/work/hydracamv2/test/slave/slave_screen_fast_connect_test.dart: linux skips default connectivity stream subscription
Log registered: {message: Skipping connectivity change listener on linux; network readiness will be checked on demand., timestamp: 2026-06-18 13:30:43.423209, function: null, file: null}
Log registered: {message: Skipping slave network readiness for forced preferred master 192.168.178.153., timestamp: 2026-06-18 13:30:43.423541, function: null, file: null}
Log registered: {message: Connecting to master at IP: 192.168.178.153, timestamp: 2026-06-18 13:30:43.423949, function: null, file: null}
00:06 +135 ~1: /Users/jose/src/work/hydracamv2/test/master/master_network_snapshot_cache_test.dart: broadcast command skips slaves reporting a different session
Log registered: {message: UploaderService: Resetting upload queue and state., timestamp: 2026-06-18 13:30:43.424036, function: null, file: null}
Log registered: {message: UploaderService: Reset completed., timestamp: 2026-06-18 13:30:43.424221, function: null, file: null}
Log registered: {message: Session started with GUID: master-session-guid on device type: Master, timestamp: 2026-06-18 13:30:43.424316, function: null, file: null}
Log registered: {message: Sending command takePhoto, timestamp: 2026-06-18 13:30:43.424702, function: null, file: null}
Log registered: {message: Command 'takePhoto' skipped for slave stale-session-slave due to session mismatch., timestamp: 2026-06-18 13:30:43.425626, function: null, file: null}
Log registered: {message: Command 'takePhoto' sent to 1 eligible connected slave(s)., timestamp: 2026-06-18 13:30:43.425756, function: null, file: null}
Log registered: {message: Session metadata saved to /var/folders/6s/dp27g8gn26j9mp36sjfxb9tw0000gn/T/master_server_docsZ7X7T3/session_master-session-guid/metadata.json, timestamp: 2026-06-18 13:30:43.428491, function: null, file: null}
Log registered: {message: UploaderService: Resetting upload queue and state., timestamp: 2026-06-18 13:30:43.428776, function: null, file: null}
Log registered: {message: UploaderService: Reset completed., timestamp: 2026-06-18 13:30:43.428906, function: null, file: null}
Log registered: {message: Session ended and uploader reset., timestamp: 2026-06-18 13:30:43.428984, function: null, file: null}
00:06 +136 ~1: /Users/jose/src/work/hydracamv2/test/master/master_screen_test.dart: start area uses service-session language
00:06 +136 ~1: /Users/jose/src/work/hydracamv2/test/master/master_network_snapshot_cache_test.dart: master sends identify command and records ack diagnostics
Log registered: {message: Identify command sent to slave with deviceId: slave-a., timestamp: 2026-06-18 13:30:43.434052, function: null, file: null}
Log registered: {message: Data received from slave: {type: identifyAck, deviceId: slave-a, requestId: identify-test, timestamp: 2026-06-08T21:35:01.000Z, sessionGuid: slave-session-guid, network: {isWifiActive: true, ipAddress: 192.168.178.64, source: identify-ack-test}, sessionMedia: {photoCount: 2, videoCount: 1, pendingUploadCount: 1, uploadedCount: 2}}, timestamp: 2026-06-18 13:30:43.434732, function: null, file: null}
Log registered: {message: Received identify acknowledgement from slave-a, timestamp: 2026-06-18 13:30:43.435312, function: null, file: null}
00:06 +137 ~1: /Users/jose/src/work/hydracamv2/test/master/master_screen_test.dart: start area uses service-session language
00:06 +137 ~1: /Users/jose/src/work/hydracamv2/test/master/master_network_snapshot_cache_test.dart: identify command still reaches slaves reporting a different session
Log registered: {message: UploaderService: Resetting upload queue and state., timestamp: 2026-06-18 13:30:43.438816, function: null, file: null}
Log registered: {message: UploaderService: Reset completed., timestamp: 2026-06-18 13:30:43.438997, function: null, file: null}
Log registered: {message: Session started with GUID: master-session-guid on device type: Master, timestamp: 2026-06-18 13:30:43.439077, function: null, file: null}
Log registered: {message: Identify command sent to slave with deviceId: stale-session-slave., timestamp: 2026-06-18 13:30:43.439382, function: null, file: null}
Log registered: {message: Session metadata saved to /var/folders/6s/dp27g8gn26j9mp36sjfxb9tw0000gn/T/master_server_docsV1xXf1/session_master-session-guid/metadata.json, timestamp: 2026-06-18 13:30:43.441123, function: null, file: null}
Log registered: {message: UploaderService: Resetting upload queue and state., timestamp: 2026-06-18 13:30:43.441253, function: null, file: null}
Log registered: {message: UploaderService: Reset completed., timestamp: 2026-06-18 13:30:43.441310, function: null, file: null}
Log registered: {message: Session ended and uploader reset., timestamp: 2026-06-18 13:30:43.441354, function: null, file: null}
00:06 +138 ~1: /Users/jose/src/work/hydracamv2/test/master/master_screen_test.dart: start area uses service-session language
00:06 +138 ~1: /Users/jose/src/work/hydracamv2/test/master/master_network_snapshot_cache_test.dart: pending identify becomes unavailable when the slave disconnects
Log registered: {message: Identify command sent to slave with deviceId: slave-a., timestamp: 2026-06-18 13:30:43.450856, function: null, file: null}
Log registered: {message: Client slave-a disconnected. Total clients: 0, timestamp: 2026-06-18 13:30:43.451270, function: null, file: null}
00:06 +139 ~1: /Users/jose/src/work/hydracamv2/test/master/master_screen_test.dart: start area uses service-session language
00:06 +140 ~1: /Users/jose/src/work/hydracamv2/test/master/master_screen_test.dart: start area uses service-session language
Log registered: {message: WebSocket Server stopped, timestamp: 2026-06-18 13:30:43.484131, function: null, file: null}
Log registered: {message: Stopped broadcasting master discovery message., timestamp: 2026-06-18 13:30:43.484550, function: null, file: null}
00:06 +141 ~1: /Users/jose/src/work/hydracamv2/test/slave/slave_screen_fast_connect_test.dart: linux skips default connectivity stream subscription
00:06 +142 ~1: /Users/jose/src/work/hydracamv2/test/master/master_screen_test.dart: start session button creates backend session
00:06 +142 ~1: /Users/jose/src/work/hydracamv2/test/slave/slave_screen_fast_connect_test.dart: recording slave surface exposes safe stop control
Log registered: {message: Skipping slave network readiness for forced preferred master 192.168.178.153., timestamp: 2026-06-18 13:30:43.518249, function: null, file: null}
Log registered: {message: Connecting to master at IP: 192.168.178.153, timestamp: 2026-06-18 13:30:43.518439, function: null, file: null}
00:06 +142 ~1: /Users/jose/src/work/hydracamv2/test/master/master_screen_test.dart: start session button creates backend session
Log registered: {message: Get token, timestamp: 2026-06-18 13:30:43.576541, function: null, file: null}
Log registered: {message: Session created successfully: HydraCamBackendSession(guid: master-screen-guid, sessionId: master-session-id, numericId: null), timestamp: 2026-06-18 13:30:43.586270, function: null, file: null}
Log registered: {message: Response to create session: HydraCamBackendSession(guid: master-screen-guid, sessionId: master-session-id, numericId: null), timestamp: 2026-06-18 13:30:43.586489, function: null, file: null}
Log registered: {message: UploaderService: Resetting upload queue and state., timestamp: 2026-06-18 13:30:43.587006, function: null, file: null}
Log registered: {message: UploaderService: Reset completed., timestamp: 2026-06-18 13:30:43.587260, function: null, file: null}
Log registered: {message: Session started with GUID: master-screen-guid on device type: Master, timestamp: 2026-06-18 13:30:43.587486, function: null, file: null}
Log registered: {message: Session already active with GUID: master-screen-guid. Preserving existing media on rejoin as Master., timestamp: 2026-06-18 13:30:43.588898, function: null, file: null}
Log registered: {message: New capture session started with GUID: master-screen-guid, timestamp: 2026-06-18 13:30:43.588999, function: null, file: null}
Log registered: {message: Command sent to 0 eligible connected slave(s): {"command":"sessionStarted","sessionGuid":"master-screen-guid"}, timestamp: 2026-06-18 13:30:43.589188, function: null, file: null}
Log registered: {message: Session created with GUID: master-screen-guid, timestamp: 2026-06-18 13:30:43.589827, function: null, file: null}
00:06 +143 ~1: /Users/jose/src/work/hydracamv2/test/master/master_screen_test.dart: start session button creates backend session
00:06 +143 ~1: /Users/jose/src/work/hydracamv2/test/slave/slave_screen_fast_connect_test.dart: recording slave screen auto-off dims and tap wakes
Log registered: {message: Skipping slave network readiness for forced preferred master 192.168.178.153., timestamp: 2026-06-18 13:30:43.613501, function: null, file: null}
Log registered: {message: Connecting to master at IP: 192.168.178.153, timestamp: 2026-06-18 13:30:43.613716, function: null, file: null}
00:06 +143 ~1: /Users/jose/src/work/hydracamv2/test/master/master_screen_test.dart: start session button creates backend session
Log registered: {message: WebSocket Server stopped, timestamp: 2026-06-18 13:30:43.652559, function: null, file: null}
Log registered: {message: Stopped broadcasting master discovery message., timestamp: 2026-06-18 13:30:43.652836, function: null, file: null}
Log registered: {message: Session metadata saved to /var/folders/6s/dp27g8gn26j9mp36sjfxb9tw0000gn/T/master_screen_docskcuWTg/session_master-screen-guid/metadata.json, timestamp: 2026-06-18 13:30:43.662484, function: null, file: null}
Log registered: {message: UploaderService: Resetting upload queue and state., timestamp: 2026-06-18 13:30:43.662700, function: null, file: null}
Log registered: {message: UploaderService: Reset completed., timestamp: 2026-06-18 13:30:43.662774, function: null, file: null}
Log registered: {message: Session ended and uploader reset., timestamp: 2026-06-18 13:30:43.662836, function: null, file: null}
00:06 +144 ~1: /Users/jose/src/work/hydracamv2/test/slave/slave_screen_fast_connect_test.dart: recording slave screen auto-off dims and tap wakes
00:07 +145 ~1: /Users/jose/src/work/hydracamv2/test/master/master_screen_test.dart: disposing master screen does not end active session
Log registered: {message: UploaderService: Resetting upload queue and state., timestamp: 2026-06-18 13:30:43.708033, function: null, file: null}
Log registered: {message: UploaderService: Reset completed., timestamp: 2026-06-18 13:30:43.708187, function: null, file: null}
Log registered: {message: Session started with GUID: dispose-contract-guid on device type: Master, timestamp: 2026-06-18 13:30:43.708245, function: null, file: null}
00:07 +145 ~1: /Users/jose/src/work/hydracamv2/test/slave/slave_screen_fast_connect_test.dart: identify command acknowledgement shows visible slave frame
Log registered: {message: Skipping slave network readiness for forced preferred master 192.168.178.153., timestamp: 2026-06-18 13:30:43.711148, function: null, file: null}
Log registered: {message: Connecting to master at IP: 192.168.178.153, timestamp: 2026-06-18 13:30:43.711317, function: null, file: null}
00:07 +145 ~1: /Users/jose/src/work/hydracamv2/test/master/master_screen_test.dart: disposing master screen does not end active session
Log registered: {message: Session metadata saved to /var/folders/6s/dp27g8gn26j9mp36sjfxb9tw0000gn/T/master_screen_docsWM3azo/session_dispose-contract-guid/metadata.json, timestamp: 2026-06-18 13:30:43.715612, function: null, file: null}
Log registered: {message: UploaderService: Resetting upload queue and state., timestamp: 2026-06-18 13:30:43.715809, function: null, file: null}
Log registered: {message: UploaderService: Reset completed., timestamp: 2026-06-18 13:30:43.715881, function: null, file: null}
Log registered: {message: Session ended and uploader reset., timestamp: 2026-06-18 13:30:43.715937, function: null, file: null}
Log registered: {message: Error checking connectivity: MissingPluginException(No implementation found for method check on channel dev.fluttercommunity.plus/connectivity), timestamp: 2026-06-18 13:30:43.718220, function: null, file: null}
00:07 +146 ~1: /Users/jose/src/work/hydracamv2/test/slave/slave_screen_fast_connect_test.dart: identify command acknowledgement shows visible slave frame
00:07 +147 ~1: /Users/jose/src/work/hydracamv2/test/slave/slave_screen_fast_connect_test.dart: identify command acknowledgement shows visible slave frame
00:07 +148 ~1: /Users/jose/src/work/hydracamv2/test/master/master_screen_test.dart: known devices modal shows slave session media diagnostics
00:07 +149 ~1: /Users/jose/src/work/hydracamv2/test/master/master_screen_test.dart: start uploads control tells slaves to upload queued media
Log registered: {message: UploaderService: Resetting upload queue and state., timestamp: 2026-06-18 13:30:43.806496, function: null, file: null}
Log registered: {message: UploaderService: Reset completed., timestamp: 2026-06-18 13:30:43.806621, function: null, file: null}
Log registered: {message: Session started with GUID: master-upload-control-guid on device type: Master, timestamp: 2026-06-18 13:30:43.806686, function: null, file: null}
Log registered: {message: No items in queue to upload., timestamp: 2026-06-18 13:30:43.840951, function: null, file: null}
Log registered: {message: Session metadata saved to /var/folders/6s/dp27g8gn26j9mp36sjfxb9tw0000gn/T/master_screen_docs6XEXt4/session_master-upload-control-guid/metadata.json, timestamp: 2026-06-18 13:30:43.851517, function: null, file: null}
Log registered: {message: UploaderService: Resetting upload queue and state., timestamp: 2026-06-18 13:30:43.851682, function: null, file: null}
Log registered: {message: UploaderService: Reset completed., timestamp: 2026-06-18 13:30:43.851751, function: null, file: null}
Log registered: {message: Session ended and uploader reset., timestamp: 2026-06-18 13:30:43.851803, function: null, file: null}
00:07 +150 ~1: /Users/jose/src/work/hydracamv2/test/master/master_screen_test.dart: recording start path opens master video preview
Log registered: {message: Get token, timestamp: 2026-06-18 13:30:43.887324, function: null, file: null}
Log registered: {message: Session created successfully: HydraCamBackendSession(guid: recording-preview-guid, sessionId: recording-preview-id, numericId: null), timestamp: 2026-06-18 13:30:43.888237, function: null, file: null}
Log registered: {message: Response to create session: HydraCamBackendSession(guid: recording-preview-guid, sessionId: recording-preview-id, numericId: null), timestamp: 2026-06-18 13:30:43.888345, function: null, file: null}
Log registered: {message: UploaderService: Resetting upload queue and state., timestamp: 2026-06-18 13:30:43.888430, function: null, file: null}
Log registered: {message: UploaderService: Reset completed., timestamp: 2026-06-18 13:30:43.888488, function: null, file: null}
Log registered: {message: Session started with GUID: recording-preview-guid on device type: Master, timestamp: 2026-06-18 13:30:43.888532, function: null, file: null}
Log registered: {message: Session already active with GUID: recording-preview-guid. Preserving existing media on rejoin as Master., timestamp: 2026-06-18 13:30:43.888668, function: null, file: null}
Log registered: {message: New capture session started with GUID: recording-preview-guid, timestamp: 2026-06-18 13:30:43.888718, function: null, file: null}
Log registered: {message: Command sent to 0 eligible connected slave(s): {"command":"sessionStarted","sessionGuid":"recording-preview-guid"}, timestamp: 2026-06-18 13:30:43.888776, function: null, file: null}
Log registered: {message: Session created with GUID: recording-preview-guid, timestamp: 2026-06-18 13:30:43.888830, function: null, file: null}
Log registered: {message: PRESSED TOGGLE RECORDING. IS RECORDING = false, timestamp: 2026-06-18 13:30:43.927102, function: null, file: null}
Log registered: {message: Mock camera ready for native controller mode on macOS., timestamp: 2026-06-18 13:30:43.928556, function: null, file: null}
Log registered: {message: Scheduling command 'startRecordingVideo' for 2026-06-18T13:30:44.079556, timestamp: 2026-06-18 13:30:44.082696, function: null, file: null}
Log registered: {message: No slave devices connected. Scheduled command 'startRecordingVideo' not sent., timestamp: 2026-06-18 13:30:44.082925, function: null, file: null}
Log registered: {message: Will record from master and show preview, timestamp: 2026-06-18 13:30:44.083636, function: null, file: null}
Log registered: {message: Mock camera ready for native controller mode on macOS., timestamp: 2026-06-18 13:30:44.083885, function: null, file: null}
Log registered: {message: Generated new Device ID: 65fdf97e-b020-48d8-bbab-40952d17b1f0, timestamp: 2026-06-18 13:30:44.086070, function: null, file: null}
Log registered: {message: Mock video recording started for native controller mode., timestamp: 2026-06-18 13:30:44.086691, function: null, file: null}
Log registered: {message: Command 'startRecordingVideo' finished executing by master at 2026-06-18 13:30:44.087244, timestamp: 2026-06-18 13:30:44.087253, function: null, file: null}
Log registered: {message: WebSocket Server stopped, timestamp: 2026-06-18 13:30:44.127187, function: null, file: null}
Log registered: {message: Stopped broadcasting master discovery message., timestamp: 2026-06-18 13:30:44.127413, function: null, file: null}
Log registered: {message: Session metadata saved to /var/folders/6s/dp27g8gn26j9mp36sjfxb9tw0000gn/T/master_screen_docsuRMt7g/session_recording-preview-guid/metadata.json, timestamp: 2026-06-18 13:30:44.134805, function: null, file: null}
Log registered: {message: UploaderService: Resetting upload queue and state., timestamp: 2026-06-18 13:30:44.134939, function: null, file: null}
Log registered: {message: UploaderService: Reset completed., timestamp: 2026-06-18 13:30:44.134999, function: null, file: null}
Log registered: {message: Session ended and uploader reset., timestamp: 2026-06-18 13:30:44.135049, function: null, file: null}
00:07 +151 ~1: /Users/jose/src/work/hydracamv2/test/master/master_screen_test.dart: (tearDownAll)
00:07 +151 ~1: /Users/jose/src/work/hydracamv2/test/automation/automation_standby_screen_test.dart: standby screen renders visible status instead of a blank body
00:07 +152 ~1: /Users/jose/src/work/hydracamv2/test/automation/automation_standby_screen_test.dart: standby screen renders visible status instead of a blank body
00:07 +153 ~1: /Users/jose/src/work/hydracamv2/test/automation/automation_standby_screen_test.dart: standby screen renders visible status instead of a blank body
00:07 +154 ~1: /Users/jose/src/work/hydracamv2/test/automation/automation_standby_screen_test.dart: standby screen renders visible status instead of a blank body
00:07 +155 ~1: /Users/jose/src/work/hydracamv2/test/automation/automation_standby_screen_test.dart: standby screen renders visible status instead of a blank body
00:07 +155 ~1: /Users/jose/src/work/hydracamv2/test/automation/automation_bridge_test.dart: automation port collision does not throw during startup
Log registered: {message: Automation bridge unavailable on port 60925: SocketException: Failed to create server socket (OS Error: The shared flag to bind() needs to be `true` if binding multiple times on the same (address, port) combination.), address = 0.0.0.0, port = 60925
#0      _NativeSocket.bind (dart:io-patch/socket_patch.dart:1216:7)
<asynchronous suspension>
#1      _RawServerSocket.bind.<anonymous closure> (dart:io-patch/socket_patch.dart:2163:12)
<asynchronous suspension>
#2      _ServerSocket.bind.<anonymous closure> (dart:io-patch/socket_patch.dart:2483:12)
<asynchronous suspension>
#3      _HttpServer.bind.<anonymous closure> (dart:_http/http_impl.dart:3476:24)
<asynchronous suspension>
#4      AutomationBridge._startServer (package:hydracam/automation/automation_bridge.dart:130:15)
<asynchronous suspension>
#5      AutomationBridge.ensureInitialized (package:hydracam/automation/automation_bridge.dart:57:7)
<asynchronous suspension>
#6      _Completes.matchAsync.<anonymous closure> (package:matcher/src/expect/future_matchers.dart:54:22)
<asynchronous suspension>
#7      _expect.<anonymous closure> (package:matcher/src/expect/expect.dart:153:17)
<asynchronous suspension>
#8      StackZoneSpecification._registerCallback.<anonymous closure> (package:stack_trace/src/stack_zone_specification.dart:114:42)
<asynchronous suspension>
#9      expectLater.<anonymous closure> (package:flutter_test/src/widget_tester.dart:508:19)
<asynchronous suspension>
#10     main.<anonymous closure> (file:///Users/jose/src/work/hydracamv2/test/automation/automation_bridge_test.dart:62:5)
<asynchronous suspension>
#11     Declarer.test.<anonymous closure>.<anonymous closure> (package:test_api/src/backend/declarer.dart:253:15)
<asynchronous suspension>
#12     Declarer.test.<anonymous closure> (package:test_api/src/backend/declarer.dart:250:11)
<asynchronous suspension>
#13     Invoker._waitForOutstandingCallbacks.<anonymous closure> (package:test_api/src/backend/invoker.dart:318:9)
<asynchronous suspension>
, timestamp: 2026-06-18 13:30:44.540043, function: ensureInitialized, file: automation_bridge.dart}
00:07 +156 ~1: /Users/jose/src/work/hydracamv2/test/automation/automation_standby_screen_test.dart: standby screen renders visible status instead of a blank body
00:07 +157 ~1: /Users/jose/src/work/hydracamv2/test/automation/automation_standby_screen_test.dart: standby screen fits short phone viewports without overflow
00:07 +157 ~1: /Users/jose/src/work/hydracamv2/test/services/camera_service_failure_test.dart: takePhoto surfaces camera failures instead of returning a fake path
Log registered: {message: Unable to resolve camera compatibility policy; using defaults: MissingPluginException(No implementation found for method getDeviceInfo on channel dev.fluttercommunity.plus/device_info)
#0      MethodChannel._invokeMethod (package:flutter/src/services/platform_channel.dart:364:7)
<asynchronous suspension>
#1      MethodChannelDeviceInfo.deviceInfo (package:device_info_plus_platform_interface/method_channel/method_channel_device_info.dart:20:8)
<asynchronous suspension>
#2      DeviceInfoPlugin.macOsInfo (package:device_info_plus/device_info_plus.dart:87:32)
<asynchronous suspension>
#3      DeviceIdService.getDeviceInfo (package:hydracam/services/device_service.dart:56:41)
<asynchronous suspension>
#4      CameraService._loadCompatibilityPolicy (package:hydracam/services/camera_service.dart:904:26)
<asynchronous suspension>
#5      CameraService.ensureCameraIsReady (package:hydracam/services/camera_service.dart:282:20)
<asynchronous suspension>
#6      CameraService.takePhoto (package:hydracam/services/camera_service.dart:352:7)
<asynchronous suspension>
#7      Throws._matchFuture (package:matcher/src/expect/throws_matcher.dart:103:19)
<asynchronous suspension>
#8      _expect.<anonymous closure> (package:matcher/src/expect/expect.dart:153:17)
<asynchronous suspension>
#9      StackZoneSpecification._registerCallback.<anonymous closure> (package:stack_trace/src/stack_zone_specification.dart:114:42)
<asynchronous suspension>
#10     expectLater.<anonymous closure> (package:flutter_test/src/widget_tester.dart:508:19)
<asynchronous suspension>
#11     main.<anonymous closure> (file:///Users/jose/src/work/hydracamv2/test/services/camera_service_failure_test.dart:56:5)
<asynchronous suspension>
#12     Declarer.test.<anonymous closure>.<anonymous closure> (package:test_api/src/backend/declarer.dart:253:15)
<asynchronous suspension>
#13     Declarer.test.<anonymous closure> (package:test_api/src/backend/declarer.dart:250:11)
<asynchronous suspension>
#14     Invoker._waitForOutstandingCallbacks.<anonymous closure> (package:test_api/src/backend/invoker.dart:318:9)
<asynchronous suspension>
, timestamp: 2026-06-18 13:30:44.630901, function: null, file: null}
Log registered: {message: Initializing camera..., timestamp: 2026-06-18 13:30:44.633937, function: null, file: null}
Log registered: {message: Error taking photo: Exception: No cameras available on this device.
#0      CameraService.ensureCameraIsReady (package:hydracam/services/camera_service.dart:299:7)
<asynchronous suspension>
#1      CameraService.takePhoto (package:hydracam/services/camera_service.dart:352:7)
<asynchronous suspension>
#2      Throws._matchFuture (package:matcher/src/expect/throws_matcher.dart:103:19)
<asynchronous suspension>
#3      _expect.<anonymous closure> (package:matcher/src/expect/expect.dart:153:17)
<asynchronous suspension>
#4      StackZoneSpecification._registerCallback.<anonymous closure> (package:stack_trace/src/stack_zone_specification.dart:114:42)
<asynchronous suspension>
#5      expectLater.<anonymous closure> (package:flutter_test/src/widget_tester.dart:508:19)
<asynchronous suspension>
#6      main.<anonymous closure> (file:///Users/jose/src/work/hydracamv2/test/services/camera_service_failure_test.dart:56:5)
<asynchronous suspension>
#7      Declarer.test.<anonymous closure>.<anonymous closure> (package:test_api/src/backend/declarer.dart:253:15)
<asynchronous suspension>
#8      Declarer.test.<anonymous closure> (package:test_api/src/backend/declarer.dart:250:11)
<asynchronous suspension>
#9      Invoker._waitForOutstandingCallbacks.<anonymous closure> (package:test_api/src/backend/invoker.dart:318:9)
<asynchronous suspension>
, timestamp: 2026-06-18 13:30:44.637378, function: null, file: null}
00:07 +158 ~1: /Users/jose/src/work/hydracamv2/test/automation/automation_standby_screen_test.dart: standby screen fits short phone viewports without overflow
00:07 +158 ~1: /Users/jose/src/work/hydracamv2/test/services/camera_service_failure_test.dart: startRecordingVideo stays inactive when the camera platform fails
Log registered: {message: Unable to resolve camera compatibility policy; using defaults: MissingPluginException(No implementation found for method getDeviceInfo on channel dev.fluttercommunity.plus/device_info)
#0      MethodChannel._invokeMethod (package:flutter/src/services/platform_channel.dart:364:7)
<asynchronous suspension>
#1      MethodChannelDeviceInfo.deviceInfo (package:device_info_plus_platform_interface/method_channel/method_channel_device_info.dart:20:8)
<asynchronous suspension>
#2      DeviceInfoPlugin.macOsInfo (package:device_info_plus/device_info_plus.dart:87:32)
<asynchronous suspension>
#3      DeviceIdService.getDeviceInfo (package:hydracam/services/device_service.dart:56:41)
<asynchronous suspension>
#4      CameraService._loadCompatibilityPolicy (package:hydracam/services/camera_service.dart:904:26)
<asynchronous suspension>
#5      CameraService.ensureCameraIsReady (package:hydracam/services/camera_service.dart:282:20)
<asynchronous suspension>
#6      CameraService.startRecordingVideo (package:hydracam/services/camera_service.dart:435:7)
<asynchronous suspension>
#7      Throws._matchFuture (package:matcher/src/expect/throws_matcher.dart:103:19)
<asynchronous suspension>
#8      _expect.<anonymous closure> (package:matcher/src/expect/expect.dart:153:17)
<asynchronous suspension>
#9      StackZoneSpecification._registerCallback.<anonymous closure> (package:stack_trace/src/stack_zone_specification.dart:114:42)
<asynchronous suspension>
#10     expectLater.<anonymous closure> (package:flutter_test/src/widget_tester.dart:508:19)
<asynchronous suspension>
#11     main.<anonymous closure> (file:///Users/jose/src/work/hydracamv2/test/services/camera_service_failure_test.dart:81:5)
<asynchronous suspension>
#12     Declarer.test.<anonymous closure>.<anonymous closure> (package:test_api/src/backend/declarer.dart:253:15)
<asynchronous suspension>
#13     Declarer.test.<anonymous closure> (package:test_api/src/backend/declarer.dart:250:11)
<asynchronous suspension>
#14     Invoker._waitForOutstandingCallbacks.<anonymous closure> (package:test_api/src/backend/invoker.dart:318:9)
<asynchronous suspension>
, timestamp: 2026-06-18 13:30:44.645667, function: null, file: null}
Log registered: {message: Initializing camera..., timestamp: 2026-06-18 13:30:44.645880, function: null, file: null}
Log registered: {message: Updated selected camera name to fake-back-camera, timestamp: 2026-06-18 13:30:44.647586, function: null, file: null}
Log registered: {message: Camera successfully initialized., timestamp: 2026-06-18 13:30:44.651532, function: null, file: null}
Log registered: {message: Generated new Device ID: 11eda783-4f47-4cb7-9df1-bfa3d0b8c0a6, timestamp: 2026-06-18 13:30:44.653423, function: null, file: null}
Log registered: {message: Camera video recording start failed with explicit fps; retrying with resolution preset defaults. Error: CameraException(ios_camera_start_failed, Simulated iPad recording start failure)
#0      CameraController.startVideoRecording (package:camera/src/camera_controller.dart:612:7)
<asynchronous suspension>
#1      Future.timeout.<anonymous closure> (dart:async/future_impl.dart:1061:7)
<asynchronous suspension>
#2      CameraService._startVideoRecordingWithFallback (package:hydracam/services/camera_service.dart:776:7)
<asynchronous suspension>
#3      CameraService.startRecordingVideo (package:hydracam/services/camera_service.dart:446:7)
<asynchronous suspension>
#4      Throws._matchFuture (package:matcher/src/expect/throws_matcher.dart:103:19)
<asynchronous suspension>
#5      _expect.<anonymous closure> (package:matcher/src/expect/expect.dart:153:17)
<asynchronous suspension>
#6      StackZoneSpecification._registerCallback.<anonymous closure> (package:stack_trace/src/stack_zone_specification.dart:114:42)
<asynchronous suspension>
#7      expectLater.<anonymous closure> (package:flutter_test/src/widget_tester.dart:508:19)
<asynchronous suspension>
#8      main.<anonymous closure> (file:///Users/jose/src/work/hydracamv2/test/services/camera_service_failure_test.dart:81:5)
<asynchronous suspension>
#9      Declarer.test.<anonymous closure>.<anonymous closure> (package:test_api/src/backend/declarer.dart:253:15)
<asynchronous suspension>
#10     Declarer.test.<anonymous closure> (package:test_api/src/backend/declarer.dart:250:11)
<asynchronous suspension>
#11     Invoker._waitForOutstandingCallbacks.<anonymous closure> (package:test_api/src/backend/invoker.dart:318:9)
<asynchronous suspension>
, timestamp: 2026-06-18 13:30:44.655214, function: null, file: null}
00:07 +159 ~1: /Users/jose/src/work/hydracamv2/test/services/camera_service_failure_test.dart: startRecordingVideo stays inactive when the camera platform fails
00:07 +160 ~1: /Users/jose/src/work/hydracamv2/test/services/camera_service_failure_test.dart: startRecordingVideo stays inactive when the camera platform fails
00:07 +161 ~1: /Users/jose/src/work/hydracamv2/test/services/camera_service_failure_test.dart: startRecordingVideo stays inactive when the camera platform fails
00:07 +162 ~1: /Users/jose/src/work/hydracamv2/test/services/camera_service_failure_test.dart: startRecordingVideo stays inactive when the camera platform fails
00:07 +163 ~1: /Users/jose/src/work/hydracamv2/test/services/camera_service_failure_test.dart: startRecordingVideo stays inactive when the camera platform fails
00:07 +163 ~1: /Users/jose/src/work/hydracamv2/test/automation/runtime_role_switch_test.dart: launch config ignores stale saved automation role
Log registered: {message: No fresh launch config found., timestamp: 2026-06-18 13:30:44.664498, function: null, file: null}
Trace file unavailable: Binding has not yet been initialized.
The "instance" getter on the ServicesBinding binding mixin is only available once that binding has been initialized.
Typically, this is done by calling "WidgetsFlutterBinding.ensureInitialized()" or "runApp()" (the latter calls the former). Typically this call is done in the "void main()" method. The "ensureInitialized" method is idempotent; calling it multiple times is not harmful. After calling that method, the "instance" getter will return the binding.
In a test, one can call "TestWidgetsFlutterBinding.ensureInitialized()" as the first line in the test's "main()" method to initialize the binding.
If ServicesBinding is a custom binding mixin, there must also be a custom binding class, like WidgetsFlutterBinding, but that mixes in the selected binding, and that is the class that must be constructed before using the "instance" getter.
00:07 +164 ~1: /Users/jose/src/work/hydracamv2/test/services/camera_service_failure_test.dart: startRecordingVideo stays inactive when the camera platform fails
00:07 +165 ~1: /Users/jose/src/work/hydracamv2/test/services/camera_service_failure_test.dart: startRecordingVideo stays inactive when the camera platform fails
00:07 +166 ~1: /Users/jose/src/work/hydracamv2/test/services/camera_service_failure_test.dart: startRecordingVideo stays inactive when the camera platform fails
00:07 +166 ~1: /Users/jose/src/work/hydracamv2/test/automation/runtime_role_switch_test.dart: launch config uses fresh platform automation role
Log registered: {message: Launch config from intent: role=standby, preferredMasterIp=192.168.178.153, targetId=s7, forceSlaveMode=false, manualLaunch=null, timestamp: 2026-06-18 13:30:44.686864, function: null, file: null}
00:08 +167 ~1: /Users/jose/src/work/hydracamv2/test/services/camera_service_failure_test.dart: startRecordingVideo stays inactive when the camera platform fails
00:08 +168 ~1: /Users/jose/src/work/hydracamv2/test/services/camera_service_failure_test.dart: startRecordingVideo stays inactive when the camera platform fails
00:08 +168 ~1: /Users/jose/src/work/hydracamv2/test/automation/runtime_role_switch_test.dart: launch config identifies a manual launcher start
Log registered: {message: Launch config from intent: role=null, preferredMasterIp=null, targetId=null, forceSlaveMode=null, manualLaunch=true, timestamp: 2026-06-18 13:30:44.688412, function: null, file: null}
00:08 +169 ~1: /Users/jose/src/work/hydracamv2/test/services/camera_service_failure_test.dart: startRecordingVideo stays inactive when the camera platform fails
00:08 +170 ~1: /Users/jose/src/work/hydracamv2/test/services/camera_service_failure_test.dart: startRecordingVideo stays inactive when the camera platform fails
00:08 +170 ~1: /Users/jose/src/work/hydracamv2/test/automation/runtime_role_switch_test.dart: launch config clear removes cached automation role
Log registered: {message: Launch config from intent: role=standby, preferredMasterIp=null, targetId=s7, forceSlaveMode=null, manualLaunch=null, timestamp: 2026-06-18 13:30:44.689881, function: null, file: null}
00:08 +171 ~1: /Users/jose/src/work/hydracamv2/test/services/camera_service_failure_test.dart: startRecordingVideo stays inactive when the camera platform fails
00:08 +172 ~1: /Users/jose/src/work/hydracamv2/test/services/camera_service_failure_test.dart: startRecordingVideo stays inactive when the camera platform fails
00:08 +173 ~1: /Users/jose/src/work/hydracamv2/test/services/camera_service_failure_test.dart: startRecordingVideo stays inactive when the camera platform fails
00:08 +174 ~1: /Users/jose/src/work/hydracamv2/test/services/camera_service_failure_test.dart: startRecordingVideo stays inactive when the camera platform fails
00:08 +175 ~1: /Users/jose/src/work/hydracamv2/test/services/camera_service_failure_test.dart: startRecordingVideo stays inactive when the camera platform fails
00:08 +176 ~1: /Users/jose/src/work/hydracamv2/test/services/camera_service_failure_test.dart: startRecordingVideo stays inactive when the camera platform fails
00:08 +177 ~1: /Users/jose/src/work/hydracamv2/test/services/camera_service_failure_test.dart: startRecordingVideo stays inactive when the camera platform fails
00:08 +178 ~1: /Users/jose/src/work/hydracamv2/test/services/camera_service_failure_test.dart: startRecordingVideo stays inactive when the camera platform fails
00:08 +179 ~1: /Users/jose/src/work/hydracamv2/test/services/camera_service_failure_test.dart: startRecordingVideo stays inactive when the camera platform fails
00:08 +180 ~1: /Users/jose/src/work/hydracamv2/test/services/camera_service_failure_test.dart: startRecordingVideo stays inactive when the camera platform fails
00:08 +180 ~1: /Users/jose/src/work/hydracamv2/test/services/app_locale_service_test.dart: clears unsupported stored locale overrides
Log registered: {message: Cleared locale override, timestamp: 2026-06-18 13:30:44.897827, function: null, file: null}
00:08 +181 ~1: /Users/jose/src/work/hydracamv2/test/services/camera_service_failure_test.dart: startRecordingVideo stays inactive when the camera platform fails
00:08 +182 ~1: /Users/jose/src/work/hydracamv2/test/services/camera_service_failure_test.dart: startRecordingVideo stays inactive when the camera platform fails
00:08 +182 ~1: /Users/jose/src/work/hydracamv2/test/services/app_locale_service_test.dart: clears unsupported stored locale overrides
Trace file unavailable: Binding has not yet been initialized.
The "instance" getter on the ServicesBinding binding mixin is only available once that binding has been initialized.
Typically, this is done by calling "WidgetsFlutterBinding.ensureInitialized()" or "runApp()" (the latter calls the former). Typically this call is done in the "void main()" method. The "ensureInitialized" method is idempotent; calling it multiple times is not harmful. After calling that method, the "instance" getter will return the binding.
In a test, one can call "TestWidgetsFlutterBinding.ensureInitialized()" as the first line in the test's "main()" method to initialize the binding.
If ServicesBinding is a custom binding mixin, there must also be a custom binding class, like WidgetsFlutterBinding, but that mixes in the selected binding, and that is the class that must be constructed before using the "instance" getter.
00:08 +183 ~1: /Users/jose/src/work/hydracamv2/test/services/camera_service_failure_test.dart: startRecordingVideo stays inactive when the camera platform fails
00:08 +183 ~1: /Users/jose/src/work/hydracamv2/test/services/app_locale_service_test.dart: notifies listeners when locale override changes
Log registered: {message: Updated locale override to de, timestamp: 2026-06-18 13:30:44.914597, function: null, file: null}
00:08 +184 ~1: /Users/jose/src/work/hydracamv2/test/services/camera_service_failure_test.dart: startRecordingVideo stays inactive when the camera platform fails
00:08 +185 ~1: /Users/jose/src/work/hydracamv2/test/services/camera_service_failure_test.dart: startRecordingVideo stays inactive when the camera platform fails
Log registered: {message: Camera reinitialized for video recording start without explicit fps: camera=fake-back-camera, profile=standard1080p30., timestamp: 2026-06-18 13:30:45.060066, function: null, file: null}
Log registered: {message: Error starting video recording: CameraException(ios_camera_start_failed, Simulated iPad recording start failure)
#0      CameraController.startVideoRecording (package:camera/src/camera_controller.dart:612:7)
<asynchronous suspension>
#1      Future.timeout.<anonymous closure> (dart:async/future_impl.dart:1061:7)
<asynchronous suspension>
#2      CameraService._startVideoRecordingWithFallback (package:hydracam/services/camera_service.dart:792:7)
<asynchronous suspension>
#3      CameraService.startRecordingVideo (package:hydracam/services/camera_service.dart:446:7)
<asynchronous suspension>
#4      Throws._matchFuture (package:matcher/src/expect/throws_matcher.dart:103:19)
<asynchronous suspension>
#5      _expect.<anonymous closure> (package:matcher/src/expect/expect.dart:153:17)
<asynchronous suspension>
#6      StackZoneSpecification._registerCallback.<anonymous closure> (package:stack_trace/src/stack_zone_specification.dart:114:42)
<asynchronous suspension>
#7      expectLater.<anonymous closure> (package:flutter_test/src/widget_tester.dart:508:19)
<asynchronous suspension>
#8      main.<anonymous closure> (file:///Users/jose/src/work/hydracamv2/test/services/camera_service_failure_test.dart:81:5)
<asynchronous suspension>
#9      Declarer.test.<anonymous closure>.<anonymous closure> (package:test_api/src/backend/declarer.dart:253:15)
<asynchronous suspension>
#10     Declarer.test.<anonymous closure> (package:test_api/src/backend/declarer.dart:250:11)
<asynchronous suspension>
#11     Invoker._waitForOutstandingCallbacks.<anonymous closure> (package:test_api/src/backend/invoker.dart:318:9)
<asynchronous suspension>
, timestamp: 2026-06-18 13:30:45.060518, function: null, file: null}
00:08 +186 ~1: /Users/jose/src/work/hydracamv2/test/services/camera_service_failure_test.dart: startRecordingVideo works when the iPad has no flash capability
Log registered: {message: Unable to resolve camera compatibility policy; using defaults: MissingPluginException(No implementation found for method getDeviceInfo on channel dev.fluttercommunity.plus/device_info)
#0      MethodChannel._invokeMethod (package:flutter/src/services/platform_channel.dart:364:7)
<asynchronous suspension>
#1      MethodChannelDeviceInfo.deviceInfo (package:device_info_plus_platform_interface/method_channel/method_channel_device_info.dart:20:8)
<asynchronous suspension>
#2      DeviceInfoPlugin.macOsInfo (package:device_info_plus/device_info_plus.dart:87:32)
<asynchronous suspension>
#3      DeviceIdService.getDeviceInfo (package:hydracam/services/device_service.dart:56:41)
<asynchronous suspension>
#4      CameraService._loadCompatibilityPolicy (package:hydracam/services/camera_service.dart:904:26)
<asynchronous suspension>
#5      CameraService.ensureCameraIsReady (package:hydracam/services/camera_service.dart:282:20)
<asynchronous suspension>
#6      CameraService.startRecordingVideo (package:hydracam/services/camera_service.dart:435:7)
<asynchronous suspension>
#7      main.<anonymous closure> (file:///Users/jose/src/work/hydracamv2/test/services/camera_service_failure_test.dart:108:5)
<asynchronous suspension>
#8      Declarer.test.<anonymous closure>.<anonymous closure> (package:test_api/src/backend/declarer.dart:253:15)
<asynchronous suspension>
#9      Declarer.test.<anonymous closure> (package:test_api/src/backend/declarer.dart:250:11)
<asynchronous suspension>
#10     Invoker._waitForOutstandingCallbacks.<anonymous closure> (package:test_api/src/backend/invoker.dart:318:9)
<asynchronous suspension>
, timestamp: 2026-06-18 13:30:45.062951, function: null, file: null}
Log registered: {message: Initializing camera..., timestamp: 2026-06-18 13:30:45.063112, function: null, file: null}
Log registered: {message: Updated selected camera name to fake-back-camera, timestamp: 2026-06-18 13:30:45.063319, function: null, file: null}
Log registered: {message: Flash is unavailable for camera readiness initialization; continuing without flash: CameraException(setFlashModeFailed, Device does not have flash capabilities), timestamp: 2026-06-18 13:30:45.063919, function: null, file: null}
Log registered: {message: Camera successfully initialized., timestamp: 2026-06-18 13:30:45.064069, function: null, file: null}
Log registered: {message: Generated new Device ID: f111e1a1-e7e8-408c-b921-0579c65af361, timestamp: 2026-06-18 13:30:45.064238, function: null, file: null}
Log registered: {message: Video recording started with flash off, timestamp: 2026-06-18 13:30:45.064503, function: null, file: null}
00:08 +187 ~1: /Users/jose/src/work/hydracamv2/test/services/camera_service_failure_test.dart: non-flash initialization failures still surface
Log registered: {message: Unable to resolve camera compatibility policy; using defaults: MissingPluginException(No implementation found for method getDeviceInfo on channel dev.fluttercommunity.plus/device_info)
#0      MethodChannel._invokeMethod (package:flutter/src/services/platform_channel.dart:364:7)
<asynchronous suspension>
#1      MethodChannelDeviceInfo.deviceInfo (package:device_info_plus_platform_interface/method_channel/method_channel_device_info.dart:20:8)
<asynchronous suspension>
#2      DeviceInfoPlugin.macOsInfo (package:device_info_plus/device_info_plus.dart:87:32)
<asynchronous suspension>
#3      DeviceIdService.getDeviceInfo (package:hydracam/services/device_service.dart:56:41)
<asynchronous suspension>
#4      CameraService._loadCompatibilityPolicy (package:hydracam/services/camera_service.dart:904:26)
<asynchronous suspension>
#5      CameraService.ensureCameraIsReady (package:hydracam/services/camera_service.dart:282:20)
<asynchronous suspension>
#6      Throws._matchFuture (package:matcher/src/expect/throws_matcher.dart:103:19)
<asynchronous suspension>
#7      _expect.<anonymous closure> (package:matcher/src/expect/expect.dart:153:17)
<asynchronous suspension>
#8      StackZoneSpecification._registerCallback.<anonymous closure> (package:stack_trace/src/stack_zone_specification.dart:114:42)
<asynchronous suspension>
#9      expectLater.<anonymous closure> (package:flutter_test/src/widget_tester.dart:508:19)
<asynchronous suspension>
#10     main.<anonymous closure> (file:///Users/jose/src/work/hydracamv2/test/services/camera_service_failure_test.dart:130:5)
<asynchronous suspension>
#11     Declarer.test.<anonymous closure>.<anonymous closure> (package:test_api/src/backend/declarer.dart:253:15)
<asynchronous suspension>
#12     Declarer.test.<anonymous closure> (package:test_api/src/backend/declarer.dart:250:11)
<asynchronous suspension>
#13     Invoker._waitForOutstandingCallbacks.<anonymous closure> (package:test_api/src/backend/invoker.dart:318:9)
<asynchronous suspension>
, timestamp: 2026-06-18 13:30:45.069251, function: null, file: null}
Log registered: {message: Initializing camera..., timestamp: 2026-06-18 13:30:45.069433, function: null, file: null}
Log registered: {message: Updated selected camera name to fake-back-camera, timestamp: 2026-06-18 13:30:45.069733, function: null, file: null}
Log registered: {message: Error initializing camera: CameraException(setFlashModeFailed, Camera session is unavailable)
#0      CameraController.setFlashMode (package:camera/src/camera_controller.dart:822:7)
<asynchronous suspension>
#1      CameraService._setFlashModeIfSupported (package:hydracam/services/camera_service.dart:948:7)
<asynchronous suspension>
#2      CameraService.ensureCameraIsReady (package:hydracam/services/camera_service.dart:317:7)
<asynchronous suspension>
#3      Throws._matchFuture (package:matcher/src/expect/throws_matcher.dart:103:19)
<asynchronous suspension>
#4      _expect.<anonymous closure> (package:matcher/src/expect/expect.dart:153:17)
<asynchronous suspension>
#5      StackZoneSpecification._registerCallback.<anonymous closure> (package:stack_trace/src/stack_zone_specification.dart:114:42)
<asynchronous suspension>
#6      expectLater.<anonymous closure> (package:flutter_test/src/widget_tester.dart:508:19)
<asynchronous suspension>
#7      main.<anonymous closure> (file:///Users/jose/src/work/hydracamv2/test/services/camera_service_failure_test.dart:130:5)
<asynchronous suspension>
#8      Declarer.test.<anonymous closure>.<anonymous closure> (package:test_api/src/backend/declarer.dart:253:15)
<asynchronous suspension>
#9      Declarer.test.<anonymous closure> (package:test_api/src/backend/declarer.dart:250:11)
<asynchronous suspension>
#10     Invoker._waitForOutstandingCallbacks.<anonymous closure> (package:test_api/src/backend/invoker.dart:318:9)
<asynchronous suspension>
, timestamp: 2026-06-18 13:30:45.070117, function: null, file: null}
00:08 +188 ~1: /Users/jose/src/work/hydracamv2/test/services/camera_service_failure_test.dart: stopRecordingVideo surfaces the camera plugin no-recording error
Log registered: {message: Unable to resolve camera compatibility policy; using defaults: MissingPluginException(No implementation found for method getDeviceInfo on channel dev.fluttercommunity.plus/device_info)
#0      MethodChannel._invokeMethod (package:flutter/src/services/platform_channel.dart:364:7)
<asynchronous suspension>
#1      MethodChannelDeviceInfo.deviceInfo (package:device_info_plus_platform_interface/method_channel/method_channel_device_info.dart:20:8)
<asynchronous suspension>
#2      DeviceInfoPlugin.macOsInfo (package:device_info_plus/device_info_plus.dart:87:32)
<asynchronous suspension>
#3      DeviceIdService.getDeviceInfo (package:hydracam/services/device_service.dart:56:41)
<asynchronous suspension>
#4      CameraService._loadCompatibilityPolicy (package:hydracam/services/camera_service.dart:904:26)
<asynchronous suspension>
#5      CameraService.ensureCameraIsReady (package:hydracam/services/camera_service.dart:282:20)
<asynchronous suspension>
#6      main.<anonymous closure> (file:///Users/jose/src/work/hydracamv2/test/services/camera_service_failure_test.dart:150:5)
<asynchronous suspension>
#7      Declarer.test.<anonymous closure>.<anonymous closure> (package:test_api/src/backend/declarer.dart:253:15)
<asynchronous suspension>
#8      Declarer.test.<anonymous closure> (package:test_api/src/backend/declarer.dart:250:11)
<asynchronous suspension>
#9      Invoker._waitForOutstandingCallbacks.<anonymous closure> (package:test_api/src/backend/invoker.dart:318:9)
<asynchronous suspension>
, timestamp: 2026-06-18 13:30:45.071739, function: null, file: null}
Log registered: {message: Initializing camera..., timestamp: 2026-06-18 13:30:45.071857, function: null, file: null}
Log registered: {message: Updated selected camera name to fake-back-camera, timestamp: 2026-06-18 13:30:45.072101, function: null, file: null}
Log registered: {message: Camera successfully initialized., timestamp: 2026-06-18 13:30:45.072478, function: null, file: null}
Log registered: {message: Error stopping video recording: Exception: stopVideoRecording was called when no video is recording.
#0      CameraService.stopRecordingVideo (package:hydracam/services/camera_service.dart:472:9)
#1      main.<anonymous closure> (file:///Users/jose/src/work/hydracamv2/test/services/camera_service_failure_test.dart:153:21)
<asynchronous suspension>
#2      Declarer.test.<anonymous closure>.<anonymous closure> (package:test_api/src/backend/declarer.dart:253:15)
<asynchronous suspension>
#3      Declarer.test.<anonymous closure> (package:test_api/src/backend/declarer.dart:250:11)
<asynchronous suspension>
#4      Invoker._waitForOutstandingCallbacks.<anonymous closure> (package:test_api/src/backend/invoker.dart:318:9)
<asynchronous suspension>
, timestamp: 2026-06-18 13:30:45.072824, function: null, file: null}
00:08 +189 ~1: /Users/jose/src/work/hydracamv2/test/services/camera_service_failure_test.dart: mock camera writes placeholder media without a platform camera
Log registered: {message: Using mock camera because HYDRACAM_MOCK_CAMERA is enabled., timestamp: 2026-06-18 13:30:45.074273, function: null, file: null}
Log registered: {message: Mock camera ready for native controller mode on macOS., timestamp: 2026-06-18 13:30:45.074547, function: null, file: null}
Log registered: {message: Generated new Device ID: 89304ea2-21f1-44e9-bbf3-fb0ffd2dbfa1, timestamp: 2026-06-18 13:30:45.074805, function: null, file: null}
Log registered: {message: Mock photo saved to session path: /var/folders/6s/dp27g8gn26j9mp36sjfxb9tw0000gn/T/camera_service_mock_docsVWMnCs/session_null/mock_1_2026-06-18T13-30-45-075394.jpg, timestamp: 2026-06-18 13:30:45.077066, function: null, file: null}
Log registered: {message: Mock camera ready for native controller mode on macOS., timestamp: 2026-06-18 13:30:45.077319, function: null, file: null}
Log registered: {message: Retrieved existing Device ID: 89304ea2-21f1-44e9-bbf3-fb0ffd2dbfa1, timestamp: 2026-06-18 13:30:45.077511, function: null, file: null}
Log registered: {message: Mock video recording started for native controller mode., timestamp: 2026-06-18 13:30:45.077661, function: null, file: null}
Log registered: {message: Mock video saved to session path: /var/folders/6s/dp27g8gn26j9mp36sjfxb9tw0000gn/T/camera_service_mock_docsVWMnCs/session_null/mock_2_2026-06-18T13-30-45-077946.mp4, timestamp: 2026-06-18 13:30:45.078659, function: null, file: null}
00:08 +190 ~1: /Users/jose/src/work/hydracamv2/test/services/camera_service_failure_test.dart: critical battery force stop saves mock recording and interrupts
Log registered: {message: UploaderService: Resetting upload queue and state., timestamp: 2026-06-18 13:30:45.083215, function: null, file: null}
Log registered: {message: UploaderService: Reset completed., timestamp: 2026-06-18 13:30:45.083589, function: null, file: null}
Log registered: {message: Session started with GUID: critical-battery-force-stop on device type: Master, timestamp: 2026-06-18 13:30:45.083828, function: null, file: null}
Log registered: {message: Using mock camera because HYDRACAM_MOCK_CAMERA is enabled., timestamp: 2026-06-18 13:30:45.083919, function: null, file: null}
Log registered: {message: Mock camera ready for native controller mode on macOS., timestamp: 2026-06-18 13:30:45.084068, function: null, file: null}
Log registered: {message: Generated new Device ID: 35bbad78-3b2c-4860-ae1a-29a2bb753515, timestamp: 2026-06-18 13:30:45.084351, function: null, file: null}
Log registered: {message: Mock video recording started for native controller mode., timestamp: 2026-06-18 13:30:45.084450, function: null, file: null}
Log registered: {message: Stopping recording due to critical battery., timestamp: 2026-06-18 13:30:45.084648, function: null, file: null}
Log registered: {message: Mock video saved to session path: /var/folders/6s/dp27g8gn26j9mp36sjfxb9tw0000gn/T/camera_service_mock_docsVWMnCs/session_critical-battery-force-stop/mock_1_2026-06-18T13-30-45-084761.mp4, timestamp: 2026-06-18 13:30:45.085661, function: null, file: null}
Log registered: {message: Retrieved existing Device ID: 35bbad78-3b2c-4860-ae1a-29a2bb753515, timestamp: 2026-06-18 13:30:45.086182, function: null, file: null}
Log registered: {message: Adding video to upload queue: /var/folders/6s/dp27g8gn26j9mp36sjfxb9tw0000gn/T/camera_service_mock_docsVWMnCs/session_critical-battery-force-stop/mock_1_2026-06-18T13-30-45-084761.mp4, timestamp: 2026-06-18 13:30:45.086776, function: null, file: null}
Log registered: {message: Session metadata saved to /var/folders/6s/dp27g8gn26j9mp36sjfxb9tw0000gn/T/camera_service_mock_docsVWMnCs/session_critical-battery-force-stop/metadata.json, timestamp: 2026-06-18 13:30:45.089295, function: null, file: null}
Log registered: {message: [UploaderService] No uploaded media with valid durations. Returning zero duration., timestamp: 2026-06-18 13:30:45.090426, function: null, file: null}
Log registered: {message: Media added to upload queue: /var/folders/6s/dp27g8gn26j9mp36sjfxb9tw0000gn/T/camera_service_mock_docsVWMnCs/session_critical-battery-force-stop/mock_1_2026-06-18T13-30-45-084761.mp4, timestamp: 2026-06-18 13:30:45.090634, function: null, file: null}
Log registered: {message: Auto-upload is enabled. Starting upload process., timestamp: 2026-06-18 13:30:45.090796, function: null, file: null}
Log registered: {message: UploaderService: _startUploading called. _isUploading=false, queue length=1, timestamp: 2026-06-18 13:30:45.090994, function: null, file: null}
Log registered: {message: UploaderService: _processNextItem called. Queue length=1, timestamp: 2026-06-18 13:30:45.092029, function: null, file: null}
Log registered: {message: UploaderService: sessionGuid=critical-battery-force-stop, timestamp: 2026-06-18 13:30:45.092249, function: null, file: null}
Log registered: {message: Upload file is not valid video media: /var/folders/6s/dp27g8gn26j9mp36sjfxb9tw0000gn/T/camera_service_mock_docsVWMnCs/session_critical-battery-force-stop/mock_1_2026-06-18T13-30-45-084761.mp4, timestamp: 2026-06-18 13:30:45.097254, function: null, file: null}
Log registered: {message: Failed to upload media: /var/folders/6s/dp27g8gn26j9mp36sjfxb9tw0000gn/T/camera_service_mock_docsVWMnCs/session_critical-battery-force-stop/mock_1_2026-06-18T13-30-45-084761.mp4, timestamp: 2026-06-18 13:30:45.097440, function: null, file: null}
Log registered: {message: Session metadata saved to /var/folders/6s/dp27g8gn26j9mp36sjfxb9tw0000gn/T/camera_service_mock_docsVWMnCs/session_critical-battery-force-stop/metadata.json, timestamp: 2026-06-18 13:30:45.097756, function: null, file: null}
Log registered: {message: Session metadata saved to /var/folders/6s/dp27g8gn26j9mp36sjfxb9tw0000gn/T/camera_service_mock_docsVWMnCs/session_critical-battery-force-stop/metadata.json, timestamp: 2026-06-18 13:30:45.098789, function: null, file: null}
Log registered: {message: UploaderService: Resetting upload queue and state., timestamp: 2026-06-18 13:30:45.098890, function: null, file: null}
Log registered: {message: Cancelled in-flight API requests., timestamp: 2026-06-18 13:30:45.099173, function: null, file: null}
Log registered: {message: UploaderService: Reset completed., timestamp: 2026-06-18 13:30:45.099261, function: null, file: null}
Log registered: {message: Session ended and uploader reset., timestamp: 2026-06-18 13:30:45.099326, function: null, file: null}
Log registered: {message: [UploaderService] Queue is empty. Returning zero duration., timestamp: 2026-06-18 13:30:45.099408, function: null, file: null}
Log registered: {message: UploaderService: _processNextItem called. Queue length=0, timestamp: 2026-06-18 13:30:45.099481, function: null, file: null}
Log registered: {message: UploaderService: Queue is empty. Uploading stopped., timestamp: 2026-06-18 13:30:45.099572, function: null, file: null}
00:08 +191 ~1: /Users/jose/src/work/hydracamv2/test/services/camera_service_failure_test.dart: critical storage force stop saves mock recording and interrupts
Log registered: {message: UploaderService: Resetting upload queue and state., timestamp: 2026-06-18 13:30:45.101303, function: null, file: null}
Log registered: {message: UploaderService: Reset completed., timestamp: 2026-06-18 13:30:45.101395, function: null, file: null}
Log registered: {message: Session started with GUID: critical-storage-force-stop on device type: Master, timestamp: 2026-06-18 13:30:45.101452, function: null, file: null}
Log registered: {message: Using mock camera because HYDRACAM_MOCK_CAMERA is enabled., timestamp: 2026-06-18 13:30:45.101520, function: null, file: null}
Log registered: {message: Mock camera ready for native controller mode on macOS., timestamp: 2026-06-18 13:30:45.101649, function: null, file: null}
Log registered: {message: Generated new Device ID: 8f75be13-0ad0-4a41-bad3-1bfa6997e744, timestamp: 2026-06-18 13:30:45.101876, function: null, file: null}
Log registered: {message: Mock video recording started for native controller mode., timestamp: 2026-06-18 13:30:45.101967, function: null, file: null}
Log registered: {message: Stopping recording due to critical storage., timestamp: 2026-06-18 13:30:45.102095, function: null, file: null}
Log registered: {message: Mock video saved to session path: /var/folders/6s/dp27g8gn26j9mp36sjfxb9tw0000gn/T/camera_service_mock_docsVWMnCs/session_critical-storage-force-stop/mock_1_2026-06-18T13-30-45-102270.mp4, timestamp: 2026-06-18 13:30:45.103246, function: null, file: null}
Log registered: {message: Retrieved existing Device ID: 8f75be13-0ad0-4a41-bad3-1bfa6997e744, timestamp: 2026-06-18 13:30:45.103403, function: null, file: null}
Log registered: {message: Adding video to upload queue: /var/folders/6s/dp27g8gn26j9mp36sjfxb9tw0000gn/T/camera_service_mock_docsVWMnCs/session_critical-storage-force-stop/mock_1_2026-06-18T13-30-45-102270.mp4, timestamp: 2026-06-18 13:30:45.103645, function: null, file: null}
Log registered: {message: Session metadata saved to /var/folders/6s/dp27g8gn26j9mp36sjfxb9tw0000gn/T/camera_service_mock_docsVWMnCs/session_critical-storage-force-stop/metadata.json, timestamp: 2026-06-18 13:30:45.104789, function: null, file: null}
Log registered: {message: [UploaderService] No uploaded media with valid durations. Returning zero duration., timestamp: 2026-06-18 13:30:45.104911, function: null, file: null}
Log registered: {message: Media added to upload queue: /var/folders/6s/dp27g8gn26j9mp36sjfxb9tw0000gn/T/camera_service_mock_docsVWMnCs/session_critical-storage-force-stop/mock_1_2026-06-18T13-30-45-102270.mp4, timestamp: 2026-06-18 13:30:45.104974, function: null, file: null}
Log registered: {message: Auto-upload is enabled. Starting upload process., timestamp: 2026-06-18 13:30:45.105058, function: null, file: null}
Log registered: {message: UploaderService: _startUploading called. _isUploading=false, queue length=1, timestamp: 2026-06-18 13:30:45.105133, function: null, file: null}
Log registered: {message: UploaderService: _processNextItem called. Queue length=1, timestamp: 2026-06-18 13:30:45.105184, function: null, file: null}
Log registered: {message: UploaderService: sessionGuid=critical-storage-force-stop, timestamp: 2026-06-18 13:30:45.105248, function: null, file: null}
Log registered: {message: Upload file is not valid video media: /var/folders/6s/dp27g8gn26j9mp36sjfxb9tw0000gn/T/camera_service_mock_docsVWMnCs/session_critical-storage-force-stop/mock_1_2026-06-18T13-30-45-102270.mp4, timestamp: 2026-06-18 13:30:45.106326, function: null, file: null}
Log registered: {message: Failed to upload media: /var/folders/6s/dp27g8gn26j9mp36sjfxb9tw0000gn/T/camera_service_mock_docsVWMnCs/session_critical-storage-force-stop/mock_1_2026-06-18T13-30-45-102270.mp4, timestamp: 2026-06-18 13:30:45.106405, function: null, file: null}
Log registered: {message: Session metadata saved to /var/folders/6s/dp27g8gn26j9mp36sjfxb9tw0000gn/T/camera_service_mock_docsVWMnCs/session_critical-storage-force-stop/metadata.json, timestamp: 2026-06-18 13:30:45.106644, function: null, file: null}
Log registered: {message: Session metadata saved to /var/folders/6s/dp27g8gn26j9mp36sjfxb9tw0000gn/T/camera_service_mock_docsVWMnCs/session_critical-storage-force-stop/metadata.json, timestamp: 2026-06-18 13:30:45.107417, function: null, file: null}
Log registered: {message: UploaderService: Resetting upload queue and state., timestamp: 2026-06-18 13:30:45.107503, function: null, file: null}
Log registered: {message: Cancelled in-flight API requests., timestamp: 2026-06-18 13:30:45.107569, function: null, file: null}
Log registered: {message: UploaderService: Reset completed., timestamp: 2026-06-18 13:30:45.107620, function: null, file: null}
Log registered: {message: Session ended and uploader reset., timestamp: 2026-06-18 13:30:45.107664, function: null, file: null}
Log registered: {message: [UploaderService] Queue is empty. Returning zero duration., timestamp: 2026-06-18 13:30:45.107730, function: null, file: null}
Log registered: {message: UploaderService: _processNextItem called. Queue length=0, timestamp: 2026-06-18 13:30:45.107780, function: null, file: null}
Log registered: {message: UploaderService: Queue is empty. Uploading stopped., timestamp: 2026-06-18 13:30:45.107824, function: null, file: null}
00:08 +192 ~1: /Users/jose/src/work/hydracamv2/test/services/camera_service_failure_test.dart: critical battery force stop survives missing start timestamp
Log registered: {message: UploaderService: Resetting upload queue and state., timestamp: 2026-06-18 13:30:45.109194, function: null, file: null}
Log registered: {message: UploaderService: Reset completed., timestamp: 2026-06-18 13:30:45.109278, function: null, file: null}
Log registered: {message: Session started with GUID: critical-battery-missing-start on device type: Master, timestamp: 2026-06-18 13:30:45.109333, function: null, file: null}
Log registered: {message: Using mock camera because HYDRACAM_MOCK_CAMERA is enabled., timestamp: 2026-06-18 13:30:45.109391, function: null, file: null}
Log registered: {message: Mock camera ready for native controller mode on macOS., timestamp: 2026-06-18 13:30:45.109470, function: null, file: null}
Log registered: {message: Generated new Device ID: 62e5dcfe-e462-491b-a899-d2298bd83a6a, timestamp: 2026-06-18 13:30:45.109698, function: null, file: null}
Log registered: {message: Mock video recording started for native controller mode., timestamp: 2026-06-18 13:30:45.109827, function: null, file: null}
Log registered: {message: Stopping recording due to critical battery., timestamp: 2026-06-18 13:30:45.109939, function: null, file: null}
Log registered: {message: Mock video saved to session path: /var/folders/6s/dp27g8gn26j9mp36sjfxb9tw0000gn/T/camera_service_mock_docsVWMnCs/session_critical-battery-missing-start/mock_1_2026-06-18T13-30-45-110082.mp4, timestamp: 2026-06-18 13:30:45.110868, function: null, file: null}
Log registered: {message: Retrieved existing Device ID: 62e5dcfe-e462-491b-a899-d2298bd83a6a, timestamp: 2026-06-18 13:30:45.110988, function: null, file: null}
Log registered: {message: Recording start timestamp was missing during forced stop; using end timestamp as fallback., timestamp: 2026-06-18 13:30:45.111043, function: null, file: null}
Log registered: {message: Adding video to upload queue: /var/folders/6s/dp27g8gn26j9mp36sjfxb9tw0000gn/T/camera_service_mock_docsVWMnCs/session_critical-battery-missing-start/mock_1_2026-06-18T13-30-45-110082.mp4, timestamp: 2026-06-18 13:30:45.111125, function: null, file: null}
Log registered: {message: Session metadata saved to /var/folders/6s/dp27g8gn26j9mp36sjfxb9tw0000gn/T/camera_service_mock_docsVWMnCs/session_critical-battery-missing-start/metadata.json, timestamp: 2026-06-18 13:30:45.111864, function: null, file: null}
Log registered: {message: [UploaderService] No uploaded media with valid durations. Returning zero duration., timestamp: 2026-06-18 13:30:45.111994, function: null, file: null}
Log registered: {message: Media added to upload queue: /var/folders/6s/dp27g8gn26j9mp36sjfxb9tw0000gn/T/camera_service_mock_docsVWMnCs/session_critical-battery-missing-start/mock_1_2026-06-18T13-30-45-110082.mp4, timestamp: 2026-06-18 13:30:45.112045, function: null, file: null}
Log registered: {message: Auto-upload is enabled. Starting upload process., timestamp: 2026-06-18 13:30:45.112122, function: null, file: null}
Log registered: {message: UploaderService: _startUploading called. _isUploading=false, queue length=1, timestamp: 2026-06-18 13:30:45.112169, function: null, file: null}
Log registered: {message: UploaderService: _processNextItem called. Queue length=1, timestamp: 2026-06-18 13:30:45.112209, function: null, file: null}
Log registered: {message: UploaderService: sessionGuid=critical-battery-missing-start, timestamp: 2026-06-18 13:30:45.112263, function: null, file: null}
Log registered: {message: Upload file is not valid video media: /var/folders/6s/dp27g8gn26j9mp36sjfxb9tw0000gn/T/camera_service_mock_docsVWMnCs/session_critical-battery-missing-start/mock_1_2026-06-18T13-30-45-110082.mp4, timestamp: 2026-06-18 13:30:45.113296, function: null, file: null}
Log registered: {message: Failed to upload media: /var/folders/6s/dp27g8gn26j9mp36sjfxb9tw0000gn/T/camera_service_mock_docsVWMnCs/session_critical-battery-missing-start/mock_1_2026-06-18T13-30-45-110082.mp4, timestamp: 2026-06-18 13:30:45.113430, function: null, file: null}
Log registered: {message: Session metadata saved to /var/folders/6s/dp27g8gn26j9mp36sjfxb9tw0000gn/T/camera_service_mock_docsVWMnCs/session_critical-battery-missing-start/metadata.json, timestamp: 2026-06-18 13:30:45.113617, function: null, file: null}
Log registered: {message: Session metadata saved to /var/folders/6s/dp27g8gn26j9mp36sjfxb9tw0000gn/T/camera_service_mock_docsVWMnCs/session_critical-battery-missing-start/metadata.json, timestamp: 2026-06-18 13:30:45.114448, function: null, file: null}
Log registered: {message: UploaderService: Resetting upload queue and state., timestamp: 2026-06-18 13:30:45.114551, function: null, file: null}
Log registered: {message: Cancelled in-flight API requests., timestamp: 2026-06-18 13:30:45.114628, function: null, file: null}
Log registered: {message: UploaderService: Reset completed., timestamp: 2026-06-18 13:30:45.114736, function: null, file: null}
Log registered: {message: Session ended and uploader reset., timestamp: 2026-06-18 13:30:45.114785, function: null, file: null}
Log registered: {message: [UploaderService] Queue is empty. Returning zero duration., timestamp: 2026-06-18 13:30:45.114849, function: null, file: null}
Log registered: {message: UploaderService: _processNextItem called. Queue length=0, timestamp: 2026-06-18 13:30:45.114897, function: null, file: null}
Log registered: {message: UploaderService: Queue is empty. Uploading stopped., timestamp: 2026-06-18 13:30:45.114941, function: null, file: null}
00:08 +193 ~1: /Users/jose/src/work/hydracamv2/test/services/camera_service_failure_test.dart: selected ultra-wide lens uses sport 1080p60 controller settings
Log registered: {message: Unable to resolve camera compatibility policy; using defaults: MissingPluginException(No implementation found for method getDeviceInfo on channel dev.fluttercommunity.plus/device_info)
#0      MethodChannel._invokeMethod (package:flutter/src/services/platform_channel.dart:364:7)
<asynchronous suspension>
#1      MethodChannelDeviceInfo.deviceInfo (package:device_info_plus_platform_interface/method_channel/method_channel_device_info.dart:20:8)
<asynchronous suspension>
#2      DeviceInfoPlugin.macOsInfo (package:device_info_plus/device_info_plus.dart:87:32)
<asynchronous suspension>
#3      DeviceIdService.getDeviceInfo (package:hydracam/services/device_service.dart:56:41)
<asynchronous suspension>
#4      CameraService._loadCompatibilityPolicy (package:hydracam/services/camera_service.dart:904:26)
<asynchronous suspension>
#5      CameraService.ensureCameraIsReady (package:hydracam/services/camera_service.dart:282:20)
<asynchronous suspension>
#6      CameraService.startRecordingVideo (package:hydracam/services/camera_service.dart:435:7)
<asynchronous suspension>
#7      main.<anonymous closure> (file:///Users/jose/src/work/hydracamv2/test/services/camera_service_failure_test.dart:334:5)
<asynchronous suspension>
#8      Declarer.test.<anonymous closure>.<anonymous closure> (package:test_api/src/backend/declarer.dart:253:15)
<asynchronous suspension>
#9      Declarer.test.<anonymous closure> (package:test_api/src/backend/declarer.dart:250:11)
<asynchronous suspension>
#10     Invoker._waitForOutstandingCallbacks.<anonymous closure> (package:test_api/src/backend/invoker.dart:318:9)
<asynchronous suspension>
, timestamp: 2026-06-18 13:30:45.116802, function: null, file: null}
Log registered: {message: Initializing camera..., timestamp: 2026-06-18 13:30:45.117019, function: null, file: null}
Log registered: {message: Updated selected camera name to iphone-ultra-wide, timestamp: 2026-06-18 13:30:45.117480, function: null, file: null}
Log registered: {message: Camera successfully initialized., timestamp: 2026-06-18 13:30:45.117917, function: null, file: null}
Log registered: {message: Generated new Device ID: 729dd10a-7488-453a-9e97-a58a78fcda3e, timestamp: 2026-06-18 13:30:45.118043, function: null, file: null}
Log registered: {message: Video recording started with flash off, timestamp: 2026-06-18 13:30:45.118189, function: null, file: null}
00:08 +194 ~1: /Users/jose/src/work/hydracamv2/test/services/camera_service_failure_test.dart: changing video profile preserves the selected camera
Log registered: {message: Unable to resolve camera compatibility policy; using defaults: MissingPluginException(No implementation found for method getDeviceInfo on channel dev.fluttercommunity.plus/device_info)
#0      MethodChannel._invokeMethod (package:flutter/src/services/platform_channel.dart:364:7)
<asynchronous suspension>
#1      MethodChannelDeviceInfo.deviceInfo (package:device_info_plus_platform_interface/method_channel/method_channel_device_info.dart:20:8)
<asynchronous suspension>
#2      DeviceInfoPlugin.macOsInfo (package:device_info_plus/device_info_plus.dart:87:32)
<asynchronous suspension>
#3      DeviceIdService.getDeviceInfo (package:hydracam/services/device_service.dart:56:41)
<asynchronous suspension>
#4      CameraService._loadCompatibilityPolicy (package:hydracam/services/camera_service.dart:904:26)
<asynchronous suspension>
#5      CameraService.ensureCameraIsReady (package:hydracam/services/camera_service.dart:282:20)
<asynchronous suspension>
#6      main.<anonymous closure> (file:///Users/jose/src/work/hydracamv2/test/services/camera_service_failure_test.dart:371:5)
<asynchronous suspension>
#7      Declarer.test.<anonymous closure>.<anonymous closure> (package:test_api/src/backend/declarer.dart:253:15)
<asynchronous suspension>
#8      Declarer.test.<anonymous closure> (package:test_api/src/backend/declarer.dart:250:11)
<asynchronous suspension>
#9      Invoker._waitForOutstandingCallbacks.<anonymous closure> (package:test_api/src/backend/invoker.dart:318:9)
<asynchronous suspension>
, timestamp: 2026-06-18 13:30:45.119845, function: null, file: null}
Log registered: {message: Initializing camera..., timestamp: 2026-06-18 13:30:45.119984, function: null, file: null}
Log registered: {message: Camera successfully initialized., timestamp: 2026-06-18 13:30:45.120498, function: null, file: null}
Log registered: {message: Changing video capture profile to detail4k30 (current: standard1080p30), timestamp: 2026-06-18 13:30:45.120663, function: null, file: null}
Log registered: {message: Updated video capture profile to detail4k30, timestamp: 2026-06-18 13:30:45.121046, function: null, file: null}
00:08 +194 ~1: /Users/jose/src/work/hydracamv2/test/services/gallery_persistence_service_test.dart: savePhoto returns when Photos permission request stalls
Log registered: {message: GalleryPersistenceService: Timed out requesting gallery permission after 20ms; keeping media in the session directory only., timestamp: 2026-06-18 13:30:45.254753, function: null, file: null}
00:08 +195 ~1: /Users/jose/src/work/hydracamv2/test/services/camera_service_failure_test.dart: changing video profile preserves the selected camera
00:08 +195 ~1: /Users/jose/src/work/hydracamv2/test/services/gallery_persistence_service_test.dart: savePhoto returns when Photos permission request stalls
Trace file unavailable: MissingPluginException(No implementation found for method getApplicationDocumentsDirectory on channel plugins.flutter.io/path_provider)
00:08 +195 ~1: /Users/jose/src/work/hydracamv2/test/services/gallery_persistence_service_test.dart: savePhoto returns when gallery photo save stalls
Log registered: {message: GalleryPersistenceService: Timed out saving media to gallery after 20ms; keeping media in the session directory only. /var/folders/6s/dp27g8gn26j9mp36sjfxb9tw0000gn/T/gallery_persistence_service_testDdy4kr/capture.jpg, timestamp: 2026-06-18 13:30:45.288018, function: null, file: null}
00:08 +196 ~1: /Users/jose/src/work/hydracamv2/test/services/camera_service_failure_test.dart: changing video profile preserves the selected camera
Log registered: {message: Camera capture settings applied and reinitialized: camera=iphone-telephoto, profile=detail4k30., timestamp: 2026-06-18 13:30:45.523219, function: null, file: null}
00:08 +197 ~1: /Users/jose/src/work/hydracamv2/test/services/camera_service_failure_test.dart: setup preview uses preset defaults without explicit fps
Log registered: {message: Unable to resolve camera compatibility policy; using defaults: MissingPluginException(No implementation found for method getDeviceInfo on channel dev.fluttercommunity.plus/device_info)
#0      MethodChannel._invokeMethod (package:flutter/src/services/platform_channel.dart:364:7)
<asynchronous suspension>
#1      MethodChannelDeviceInfo.deviceInfo (package:device_info_plus_platform_interface/method_channel/method_channel_device_info.dart:20:8)
<asynchronous suspension>
#2      DeviceInfoPlugin.macOsInfo (package:device_info_plus/device_info_plus.dart:87:32)
<asynchronous suspension>
#3      DeviceIdService.getDeviceInfo (package:hydracam/services/device_service.dart:56:41)
<asynchronous suspension>
#4      CameraService._loadCompatibilityPolicy (package:hydracam/services/camera_service.dart:904:26)
<asynchronous suspension>
#5      CameraService.ensureCameraIsReady (package:hydracam/services/camera_service.dart:282:20)
<asynchronous suspension>
#6      CameraService.prepareCameraPreview (package:hydracam/services/camera_service.dart:339:5)
<asynchronous suspension>
#7      main.<anonymous closure> (file:///Users/jose/src/work/hydracamv2/test/services/camera_service_failure_test.dart:390:5)
<asynchronous suspension>
#8      Declarer.test.<anonymous closure>.<anonymous closure> (package:test_api/src/backend/declarer.dart:253:15)
<asynchronous suspension>
#9      Declarer.test.<anonymous closure> (package:test_api/src/backend/declarer.dart:250:11)
<asynchronous suspension>
#10     Invoker._waitForOutstandingCallbacks.<anonymous closure> (package:test_api/src/backend/invoker.dart:318:9)
<asynchronous suspension>
, timestamp: 2026-06-18 13:30:45.525121, function: null, file: null}
Log registered: {message: Initializing camera preview..., timestamp: 2026-06-18 13:30:45.525307, function: null, file: null}
Log registered: {message: Updated selected camera name to fake-back-camera, timestamp: 2026-06-18 13:30:45.525559, function: null, file: null}
Log registered: {message: Camera preview successfully initialized without explicit fps., timestamp: 2026-06-18 13:30:45.526001, function: null, file: null}
00:08 +198 ~1: /Users/jose/src/work/hydracamv2/test/services/camera_service_failure_test.dart: Samsung S7 edge keeps requested profile without explicit fps
Log registered: {message: Samsung S7 edge compatibility mode: preserve requested resolution with preset-default fps, timestamp: 2026-06-18 13:30:45.527313, function: null, file: null}
Log registered: {message: Initializing camera..., timestamp: 2026-06-18 13:30:45.527421, function: null, file: null}
Log registered: {message: Updated selected camera name to fake-back-camera, timestamp: 2026-06-18 13:30:45.527694, function: null, file: null}
Log registered: {message: Samsung S7 edge compatibility mode: preserve requested resolution with preset-default fps using platform default fps for camera controller., timestamp: 2026-06-18 13:30:45.527808, function: null, file: null}
Log registered: {message: Camera successfully initialized., timestamp: 2026-06-18 13:30:45.528043, function: null, file: null}
00:08 +199 ~1: /Users/jose/src/work/hydracamv2/test/services/camera_service_failure_test.dart: non-S7 Android keeps requested explicit fps profile
Log registered: {message: Initializing camera..., timestamp: 2026-06-18 13:30:45.529342, function: null, file: null}
Log registered: {message: Updated selected camera name to fake-back-camera, timestamp: 2026-06-18 13:30:45.529605, function: null, file: null}
Log registered: {message: Camera successfully initialized., timestamp: 2026-06-18 13:30:45.529854, function: null, file: null}
00:08 +200 ~1: /Users/jose/src/work/hydracamv2/test/services/camera_service_failure_test.dart: recording after setup preview rebuilds the explicit fps controller
Log registered: {message: Unable to resolve camera compatibility policy; using defaults: MissingPluginException(No implementation found for method getDeviceInfo on channel dev.fluttercommunity.plus/device_info)
#0      MethodChannel._invokeMethod (package:flutter/src/services/platform_channel.dart:364:7)
<asynchronous suspension>
#1      MethodChannelDeviceInfo.deviceInfo (package:device_info_plus_platform_interface/method_channel/method_channel_device_info.dart:20:8)
<asynchronous suspension>
#2      DeviceInfoPlugin.macOsInfo (package:device_info_plus/device_info_plus.dart:87:32)
<asynchronous suspension>
#3      DeviceIdService.getDeviceInfo (package:hydracam/services/device_service.dart:56:41)
<asynchronous suspension>
#4      CameraService._loadCompatibilityPolicy (package:hydracam/services/camera_service.dart:904:26)
<asynchronous suspension>
#5      CameraService.ensureCameraIsReady (package:hydracam/services/camera_service.dart:282:20)
<asynchronous suspension>
#6      CameraService.prepareCameraPreview (package:hydracam/services/camera_service.dart:339:5)
<asynchronous suspension>
#7      main.<anonymous closure> (file:///Users/jose/src/work/hydracamv2/test/services/camera_service_failure_test.dart:466:5)
<asynchronous suspension>
#8      Declarer.test.<anonymous closure>.<anonymous closure> (package:test_api/src/backend/declarer.dart:253:15)
<asynchronous suspension>
#9      Declarer.test.<anonymous closure> (package:test_api/src/backend/declarer.dart:250:11)
<asynchronous suspension>
#10     Invoker._waitForOutstandingCallbacks.<anonymous closure> (package:test_api/src/backend/invoker.dart:318:9)
<asynchronous suspension>
, timestamp: 2026-06-18 13:30:45.531144, function: null, file: null}
Log registered: {message: Initializing camera preview..., timestamp: 2026-06-18 13:30:45.531255, function: null, file: null}
Log registered: {message: Updated selected camera name to fake-back-camera, timestamp: 2026-06-18 13:30:45.531500, function: null, file: null}
Log registered: {message: Camera preview successfully initialized without explicit fps., timestamp: 2026-06-18 13:30:45.531935, function: null, file: null}
Log registered: {message: Initializing camera..., timestamp: 2026-06-18 13:30:45.532065, function: null, file: null}
00:08 +200 ~1: /Users/jose/src/work/hydracamv2/test/services/user_service_test.dart: UserService restores HydraCam GUID after Auth0 restore
Log registered: {message: Fetching restored GUID for email: restored@example.com, timestamp: 2026-06-18 13:30:45.580935, function: null, file: null}
Log registered: {message: User session restored. GUID: hydracam-user-guid, timestamp: 2026-06-18 13:30:45.584403, function: null, file: null}
00:08 +201 ~1: /Users/jose/src/work/hydracamv2/test/services/camera_service_failure_test.dart: recording after setup preview rebuilds the explicit fps controller
00:08 +202 ~1: /Users/jose/src/work/hydracamv2/test/services/camera_service_failure_test.dart: recording after setup preview rebuilds the explicit fps controller
00:08 +202 ~1: /Users/jose/src/work/hydracamv2/test/services/user_service_test.dart: UserService restores HydraCam GUID after Auth0 restore
Trace file unavailable: MissingPluginException(No implementation found for method getApplicationDocumentsDirectory on channel plugins.flutter.io/path_provider)
00:08 +203 ~1: /Users/jose/src/work/hydracamv2/test/services/camera_service_failure_test.dart: recording after setup preview rebuilds the explicit fps controller
00:08 +203 ~1: /Users/jose/src/work/hydracamv2/test/services/user_service_test.dart: UserService login rejects blank Auth0 email
Log registered: {message: Profile set from user service: https://example.com/blank-login.png, timestamp: 2026-06-18 13:30:45.590984, function: login, file: user_service.dart}
00:08 +204 ~1: /Users/jose/src/work/hydracamv2/test/services/camera_service_failure_test.dart: recording after setup preview rebuilds the explicit fps controller
00:08 +204 ~1: /Users/jose/src/work/hydracamv2/test/services/user_service_test.dart: UserService login clears stale GUID when switched account is unmapped
Log registered: {message: Profile set from user service: https://example.com/first.png, timestamp: 2026-06-18 13:30:45.593088, function: login, file: user_service.dart}
Log registered: {message: Fetching GUID for email: first@example.com, timestamp: 2026-06-18 13:30:45.593243, function: null, file: null}
Log registered: {message: User logged in successfully. GUID: first-guid, timestamp: 2026-06-18 13:30:45.593433, function: null, file: null}
Log registered: {message: Profile set from user service: https://example.com/missing.png, timestamp: 2026-06-18 13:30:45.593654, function: login, file: user_service.dart}
Log registered: {message: Fetching GUID for email: missing@example.com, timestamp: 2026-06-18 13:30:45.593751, function: null, file: null}
Log registered: {message: Failed to fetch GUID: User not found for missing@example.com, timestamp: 2026-06-18 13:30:45.593849, function: null, file: null}
00:08 +205 ~1: /Users/jose/src/work/hydracamv2/test/services/camera_service_failure_test.dart: recording after setup preview rebuilds the explicit fps controller
00:08 +205 ~1: /Users/jose/src/work/hydracamv2/test/services/user_service_test.dart: UserService login clears stale user when Auth0 login fails
Log registered: {message: Profile set from user service: https://example.com/first.png, timestamp: 2026-06-18 13:30:45.595132, function: login, file: user_service.dart}
Log registered: {message: Fetching GUID for email: first@example.com, timestamp: 2026-06-18 13:30:45.595226, function: null, file: null}
Log registered: {message: User logged in successfully. GUID: first-guid, timestamp: 2026-06-18 13:30:45.595333, function: null, file: null}
Log registered: {message: Error during login: Exception: Auth0 session failed, timestamp: 2026-06-18 13:30:45.598366, function: null, file: null}
00:08 +206 ~1: /Users/jose/src/work/hydracamv2/test/services/camera_service_failure_test.dart: recording after setup preview rebuilds the explicit fps controller
00:09 +207 ~1: /Users/jose/src/work/hydracamv2/test/services/camera_service_failure_test.dart: recording after setup preview rebuilds the explicit fps controller
00:09 +208 ~1: /Users/jose/src/work/hydracamv2/test/services/camera_service_failure_test.dart: recording after setup preview rebuilds the explicit fps controller
00:09 +209 ~1: /Users/jose/src/work/hydracamv2/test/services/camera_service_failure_test.dart: recording after setup preview rebuilds the explicit fps controller
00:09 +210 ~1: /Users/jose/src/work/hydracamv2/test/services/camera_service_failure_test.dart: recording after setup preview rebuilds the explicit fps controller
00:09 +211 ~1: /Users/jose/src/work/hydracamv2/test/services/camera_service_failure_test.dart: recording after setup preview rebuilds the explicit fps controller
00:09 +211 ~1: /Users/jose/src/work/hydracamv2/test/services/device_service_test.dart: DeviceIdService reports native macOS device info instead of unsupported platform
Log registered: {message: Generated new Device ID: 4234610d-3d84-4de8-8726-30a3ecd6f5b2, timestamp: 2026-06-18 13:30:45.748774, function: null, file: null}
00:09 +212 ~1: /Users/jose/src/work/hydracamv2/test/services/camera_service_failure_test.dart: recording after setup preview rebuilds the explicit fps controller
00:09 +212 ~1: /Users/jose/src/work/hydracamv2/test/services/session_manager_test.dart: SessionManager Session lifecycle starts with no active session
Log registered: {message: UploaderService: Resetting upload queue and state., timestamp: 2026-06-18 13:30:45.848943, function: null, file: null}
Log registered: {message: UploaderService: Reset completed., timestamp: 2026-06-18 13:30:45.851492, function: null, file: null}
00:09 +213 ~1: /Users/jose/src/work/hydracamv2/test/services/camera_service_failure_test.dart: recording after setup preview rebuilds the explicit fps controller
00:09 +213 ~1: /Users/jose/src/work/hydracamv2/test/services/session_manager_test.dart: SessionManager Session lifecycle startSession creates new session
Log registered: {message: UploaderService: Resetting upload queue and state., timestamp: 2026-06-18 13:30:45.860283, function: null, file: null}
Log registered: {message: UploaderService: Reset completed., timestamp: 2026-06-18 13:30:45.860422, function: null, file: null}
Log registered: {message: UploaderService: Resetting upload queue and state., timestamp: 2026-06-18 13:30:45.860946, function: null, file: null}
Log registered: {message: UploaderService: Reset completed., timestamp: 2026-06-18 13:30:45.861062, function: null, file: null}
Log registered: {message: Session started with GUID: test-guid on device type: Master, timestamp: 2026-06-18 13:30:45.861299, function: null, file: null}
Log registered: {message: Session metadata saved to /var/folders/6s/dp27g8gn26j9mp36sjfxb9tw0000gn/T/session_manager_docsSIHeLJ/session_test-guid/metadata.json, timestamp: 2026-06-18 13:30:45.867889, function: null, file: null}
Log registered: {message: UploaderService: Resetting upload queue and state., timestamp: 2026-06-18 13:30:45.868078, function: null, file: null}
Log registered: {message: UploaderService: Reset completed., timestamp: 2026-06-18 13:30:45.868154, function: null, file: null}
Log registered: {message: Session ended and uploader reset., timestamp: 2026-06-18 13:30:45.868216, function: null, file: null}
00:09 +214 ~1: /Users/jose/src/work/hydracamv2/test/services/camera_service_failure_test.dart: recording after setup preview rebuilds the explicit fps controller
00:09 +214 ~1: /Users/jose/src/work/hydracamv2/test/services/session_manager_test.dart: SessionManager Session lifecycle startCreatedSession starts a service-created session
Log registered: {message: UploaderService: Resetting upload queue and state., timestamp: 2026-06-18 13:30:45.869372, function: null, file: null}
Log registered: {message: UploaderService: Reset completed., timestamp: 2026-06-18 13:30:45.869462, function: null, file: null}
Log registered: {message: UploaderService: Resetting upload queue and state., timestamp: 2026-06-18 13:30:45.869880, function: null, file: null}
Log registered: {message: UploaderService: Reset completed., timestamp: 2026-06-18 13:30:45.869953, function: null, file: null}
Log registered: {message: Session started with GUID: backend-guid on device type: Master, timestamp: 2026-06-18 13:30:45.870021, function: null, file: null}
Log registered: {message: Session metadata saved to /var/folders/6s/dp27g8gn26j9mp36sjfxb9tw0000gn/T/session_manager_docsSIHeLJ/session_backend-guid/metadata.json, timestamp: 2026-06-18 13:30:45.871089, function: null, file: null}
Log registered: {message: UploaderService: Resetting upload queue and state., timestamp: 2026-06-18 13:30:45.871203, function: null, file: null}
Log registered: {message: UploaderService: Reset completed., timestamp: 2026-06-18 13:30:45.871267, function: null, file: null}
Log registered: {message: Session ended and uploader reset., timestamp: 2026-06-18 13:30:45.871323, function: null, file: null}
00:09 +215 ~1: /Users/jose/src/work/hydracamv2/test/services/camera_service_failure_test.dart: recording after setup preview rebuilds the explicit fps controller
00:09 +215 ~1: /Users/jose/src/work/hydracamv2/test/services/session_manager_test.dart: SessionManager Session lifecycle startCreatedSession rejects non-service GUIDs
Log registered: {message: UploaderService: Resetting upload queue and state., timestamp: 2026-06-18 13:30:45.872321, function: null, file: null}
Log registered: {message: UploaderService: Reset completed., timestamp: 2026-06-18 13:30:45.872400, function: null, file: null}
00:09 +216 ~1: /Users/jose/src/work/hydracamv2/test/services/camera_service_failure_test.dart: recording after setup preview rebuilds the explicit fps controller
00:09 +216 ~1: /Users/jose/src/work/hydracamv2/test/services/session_manager_test.dart: SessionManager Session lifecycle joinSession rejects non-service GUIDs
Log registered: {message: UploaderService: Resetting upload queue and state., timestamp: 2026-06-18 13:30:45.874336, function: null, file: null}
Log registered: {message: UploaderService: Reset completed., timestamp: 2026-06-18 13:30:45.874401, function: null, file: null}
00:09 +217 ~1: /Users/jose/src/work/hydracamv2/test/services/camera_service_failure_test.dart: recording after setup preview rebuilds the explicit fps controller
00:09 +217 ~1: /Users/jose/src/work/hydracamv2/test/services/session_manager_test.dart: SessionManager Session lifecycle canUploadCurrentSession requires an active service GUID
Log registered: {message: UploaderService: Resetting upload queue and state., timestamp: 2026-06-18 13:30:45.875803, function: null, file: null}
Log registered: {message: UploaderService: Reset completed., timestamp: 2026-06-18 13:30:45.875890, function: null, file: null}
Log registered: {message: UploaderService: Resetting upload queue and state., timestamp: 2026-06-18 13:30:45.876785, function: null, file: null}
Log registered: {message: UploaderService: Reset completed., timestamp: 2026-06-18 13:30:45.876856, function: null, file: null}
Log registered: {message: Session started with GUID: service-session-guid on device type: Master, timestamp: 2026-06-18 13:30:45.876923, function: null, file: null}
Log registered: {message: Session metadata saved to /var/folders/6s/dp27g8gn26j9mp36sjfxb9tw0000gn/T/session_manager_docsSIHeLJ/session_service-session-guid/metadata.json, timestamp: 2026-06-18 13:30:45.878514, function: null, file: null}
Log registered: {message: UploaderService: Resetting upload queue and state., timestamp: 2026-06-18 13:30:45.878599, function: null, file: null}
Log registered: {message: UploaderService: Reset completed., timestamp: 2026-06-18 13:30:45.878657, function: null, file: null}
Log registered: {message: Session ended and uploader reset., timestamp: 2026-06-18 13:30:45.878710, function: null, file: null}
00:09 +218 ~1: /Users/jose/src/work/hydracamv2/test/services/camera_service_failure_test.dart: recording after setup preview rebuilds the explicit fps controller
00:09 +218 ~1: /Users/jose/src/work/hydracamv2/test/services/session_manager_test.dart: SessionManager Session lifecycle endSession clears session state
Log registered: {message: UploaderService: Resetting upload queue and state., timestamp: 2026-06-18 13:30:45.880348, function: null, file: null}
Log registered: {message: UploaderService: Reset completed., timestamp: 2026-06-18 13:30:45.880425, function: null, file: null}
Log registered: {message: UploaderService: Resetting upload queue and state., timestamp: 2026-06-18 13:30:45.880955, function: null, file: null}
Log registered: {message: UploaderService: Reset completed., timestamp: 2026-06-18 13:30:45.881036, function: null, file: null}
Log registered: {message: Session started with GUID: test-guid on device type: Master, timestamp: 2026-06-18 13:30:45.881132, function: null, file: null}
00:09 +219 ~1: /Users/jose/src/work/hydracamv2/test/services/camera_service_failure_test.dart: recording after setup preview rebuilds the explicit fps controller
00:09 +220 ~1: /Users/jose/src/work/hydracamv2/test/services/camera_service_failure_test.dart: recording after setup preview rebuilds the explicit fps controller
00:09 +220 ~1: /Users/jose/src/work/hydracamv2/test/services/session_manager_test.dart: SessionManager Session lifecycle endSession clears session state
Log registered: {message: Session metadata saved to /var/folders/6s/dp27g8gn26j9mp36sjfxb9tw0000gn/T/session_manager_docsSIHeLJ/session_test-guid/metadata.json, timestamp: 2026-06-18 13:30:45.885853, function: null, file: null}
Log registered: {message: UploaderService: Resetting upload queue and state., timestamp: 2026-06-18 13:30:45.885960, function: null, file: null}
Log registered: {message: UploaderService: Reset completed., timestamp: 2026-06-18 13:30:45.886022, function: null, file: null}
Log registered: {message: Session ended and uploader reset., timestamp: 2026-06-18 13:30:45.886075, function: null, file: null}
00:09 +221 ~1: /Users/jose/src/work/hydracamv2/test/services/camera_service_failure_test.dart: recording after setup preview rebuilds the explicit fps controller
00:09 +221 ~1: /Users/jose/src/work/hydracamv2/test/services/session_manager_test.dart: SessionManager Session lifecycle scanAndReconstructSessions preserves active session identity
Log registered: {message: UploaderService: Resetting upload queue and state., timestamp: 2026-06-18 13:30:45.889130, function: null, file: null}
Log registered: {message: UploaderService: Reset completed., timestamp: 2026-06-18 13:30:45.889210, function: null, file: null}
Log registered: {message: UploaderService: Resetting upload queue and state., timestamp: 2026-06-18 13:30:45.889703, function: null, file: null}
Log registered: {message: UploaderService: Reset completed., timestamp: 2026-06-18 13:30:45.889847, function: null, file: null}
Log registered: {message: Session started with GUID: active-guid on device type: Slave, timestamp: 2026-06-18 13:30:45.889914, function: null, file: null}
Log registered: {message: Generated new Device ID: 4ef73539-1945-438a-a762-abf4f898b1c5, timestamp: 2026-06-18 13:30:45.899087, function: null, file: null}
Log registered: {message: Session metadata saved to /var/folders/6s/dp27g8gn26j9mp36sjfxb9tw0000gn/T/session_manager_docsSIHeLJ/session_scan-preserve-old/metadata.json, timestamp: 2026-06-18 13:30:45.905524, function: null, file: null}
Log registered: {message: Reconstructed session: scan-preserve-old with 0 photos and 1 videos., timestamp: 2026-06-18 13:30:45.905740, function: null, file: null}
Log registered: {message: Session metadata saved to /var/folders/6s/dp27g8gn26j9mp36sjfxb9tw0000gn/T/session_manager_docsSIHeLJ/session_active-guid/metadata.json, timestamp: 2026-06-18 13:30:45.912138, function: null, file: null}
Log registered: {message: UploaderService: Resetting upload queue and state., timestamp: 2026-06-18 13:30:45.912313, function: null, file: null}
Log registered: {message: UploaderService: Reset completed., timestamp: 2026-06-18 13:30:45.912392, function: null, file: null}
Log registered: {message: Session ended and uploader reset., timestamp: 2026-06-18 13:30:45.912524, function: null, file: null}
00:09 +222 ~1: /Users/jose/src/work/hydracamv2/test/services/camera_service_failure_test.dart: recording after setup preview rebuilds the explicit fps controller
00:09 +222 ~1: /Users/jose/src/work/hydracamv2/test/services/session_manager_test.dart: SessionManager Session lifecycle scanAndReconstructSessions preserves full directory session id
Log registered: {message: UploaderService: Resetting upload queue and state., timestamp: 2026-06-18 13:30:45.916389, function: null, file: null}
Log registered: {message: UploaderService: Reset completed., timestamp: 2026-06-18 13:30:45.916832, function: null, file: null}
Log registered: {message: Retrieved existing Device ID: 4ef73539-1945-438a-a762-abf4f898b1c5, timestamp: 2026-06-18 13:30:45.926753, function: null, file: null}
Log registered: {message: Session metadata saved to /var/folders/6s/dp27g8gn26j9mp36sjfxb9tw0000gn/T/session_manager_docsSIHeLJ/session_scan_preserve_full_guid/metadata.json, timestamp: 2026-06-18 13:30:45.927680, function: null, file: null}
Log registered: {message: Reconstructed session: scan_preserve_full_guid with 0 photos and 1 videos., timestamp: 2026-06-18 13:30:45.927818, function: null, file: null}
00:09 +223 ~1: /Users/jose/src/work/hydracamv2/test/services/camera_service_failure_test.dart: recording after setup preview rebuilds the explicit fps controller
00:09 +223 ~1: /Users/jose/src/work/hydracamv2/test/services/session_manager_test.dart: SessionManager Session lifecycle loadSessionMetadataSnapshot preserves active session identity
Log registered: {message: UploaderService: Resetting upload queue and state., timestamp: 2026-06-18 13:30:45.934833, function: null, file: null}
Log registered: {message: UploaderService: Reset completed., timestamp: 2026-06-18 13:30:45.934952, function: null, file: null}
Log registered: {message: UploaderService: Resetting upload queue and state., timestamp: 2026-06-18 13:30:45.935403, function: null, file: null}
Log registered: {message: UploaderService: Reset completed., timestamp: 2026-06-18 13:30:45.935472, function: null, file: null}
Log registered: {message: Session started with GUID: active-guid on device type: Slave, timestamp: 2026-06-18 13:30:45.935617, function: null, file: null}
00:09 +223 ~1: /Users/jose/src/work/hydracamv2/test/services/camera_service_failure_test.dart: recording after setup preview rebuilds the explicit fps controller
Log registered: {message: Camera successfully initialized., timestamp: 2026-06-18 13:30:45.935857, function: null, file: null}
Log registered: {message: Generated new Device ID: 5e5f36c8-6997-4f8d-a6a8-0e358e6780f1, timestamp: 2026-06-18 13:30:45.936303, function: null, file: null}
Log registered: {message: Video recording started with flash off, timestamp: 2026-06-18 13:30:45.936488, function: null, file: null}
00:09 +224 ~1: /Users/jose/src/work/hydracamv2/test/services/storage_service_test.dart: StorageService anchors blocks recording and triggers callback when storage is critical
00:09 +225 ~1: /Users/jose/src/work/hydracamv2/test/services/storage_service_test.dart: StorageService anchors blocks recording and triggers callback when storage is critical
00:09 +225 ~1: /Users/jose/src/work/hydracamv2/test/services/session_manager_test.dart: SessionManager Session lifecycle loadSessionMetadataSnapshot preserves active session identity
Log registered: {message: Retrieved existing Device ID: 4ef73539-1945-438a-a762-abf4f898b1c5, timestamp: 2026-06-18 13:30:45.939657, function: null, file: null}
Log registered: {message: Session metadata snapshot loaded for old-guid, timestamp: 2026-06-18 13:30:45.940329, function: null, file: null}
Log registered: {message: Session metadata saved to /var/folders/6s/dp27g8gn26j9mp36sjfxb9tw0000gn/T/session_manager_docsSIHeLJ/session_active-guid/metadata.json, timestamp: 2026-06-18 13:30:45.941789, function: null, file: null}
Log registered: {message: UploaderService: Resetting upload queue and state., timestamp: 2026-06-18 13:30:45.941899, function: null, file: null}
Log registered: {message: UploaderService: Reset completed., timestamp: 2026-06-18 13:30:45.941956, function: null, file: null}
Log registered: {message: Session ended and uploader reset., timestamp: 2026-06-18 13:30:45.942071, function: null, file: null}
00:09 +225 ~1: /Users/jose/src/work/hydracamv2/test/services/storage_service_test.dart: StorageService anchors blocks recording and triggers callback when storage is critical
00:09 +226 ~1: /Users/jose/src/work/hydracamv2/test/services/storage_service_test.dart: StorageService anchors blocks recording and triggers callback when storage is critical
00:09 +226 ~1: /Users/jose/src/work/hydracamv2/test/services/session_manager_test.dart: SessionManager Session lifecycle loadSessionMetadata previews without replacing active session
Log registered: {message: UploaderService: Resetting upload queue and state., timestamp: 2026-06-18 13:30:45.943882, function: null, file: null}
Log registered: {message: UploaderService: Reset completed., timestamp: 2026-06-18 13:30:45.944067, function: null, file: null}
Log registered: {message: UploaderService: Resetting upload queue and state., timestamp: 2026-06-18 13:30:45.944584, function: null, file: null}
Log registered: {message: UploaderService: Reset completed., timestamp: 2026-06-18 13:30:45.944698, function: null, file: null}
Log registered: {message: Session started with GUID: active-preview-guid on device type: Master, timestamp: 2026-06-18 13:30:45.944795, function: null, file: null}
Log registered: {message: Retrieved existing Device ID: 4ef73539-1945-438a-a762-abf4f898b1c5, timestamp: 2026-06-18 13:30:45.945959, function: null, file: null}
Log registered: {message: Session metadata loaded for session previous-preview-guid, timestamp: 2026-06-18 13:30:45.946141, function: null, file: null}
Log registered: {message: Session metadata saved to /var/folders/6s/dp27g8gn26j9mp36sjfxb9tw0000gn/T/session_manager_docsSIHeLJ/session_active-preview-guid/metadata.json, timestamp: 2026-06-18 13:30:45.947157, function: null, file: null}
Log registered: {message: UploaderService: Resetting upload queue and state., timestamp: 2026-06-18 13:30:45.947260, function: null, file: null}
Log registered: {message: UploaderService: Reset completed., timestamp: 2026-06-18 13:30:45.947317, function: null, file: null}
Log registered: {message: Session ended and uploader reset., timestamp: 2026-06-18 13:30:45.947363, function: null, file: null}
00:09 +227 ~1: /Users/jose/src/work/hydracamv2/test/services/storage_service_test.dart: StorageService anchors blocks recording and triggers callback when storage is critical
00:09 +227 ~1: /Users/jose/src/work/hydracamv2/test/services/session_manager_test.dart: SessionManager Session lifecycle loadSessionMetadataSnapshot tolerates cleaned-up media files
Log registered: {message: UploaderService: Resetting upload queue and state., timestamp: 2026-06-18 13:30:45.954237, function: null, file: null}
Log registered: {message: UploaderService: Reset completed., timestamp: 2026-06-18 13:30:45.954321, function: null, file: null}
Log registered: {message: Retrieved existing Device ID: 4ef73539-1945-438a-a762-abf4f898b1c5, timestamp: 2026-06-18 13:30:45.959216, function: null, file: null}
Log registered: {message: Session metadata snapshot loaded for cleaned-media-guid, timestamp: 2026-06-18 13:30:45.960204, function: null, file: null}
00:09 +228 ~1: /Users/jose/src/work/hydracamv2/test/services/storage_service_test.dart: StorageService anchors blocks recording and triggers callback when storage is critical
00:09 +228 ~1: /Users/jose/src/work/hydracamv2/test/services/session_manager_test.dart: SessionManager Session lifecycle rejoining same active session preserves media and upload queue
Log registered: {message: UploaderService: Resetting upload queue and state., timestamp: 2026-06-18 13:30:45.963165, function: null, file: null}
Log registered: {message: UploaderService: Reset completed., timestamp: 2026-06-18 13:30:45.963263, function: null, file: null}
Log registered: {message: UploaderService: Resetting upload queue and state., timestamp: 2026-06-18 13:30:45.963686, function: null, file: null}
Log registered: {message: UploaderService: Reset completed., timestamp: 2026-06-18 13:30:45.963745, function: null, file: null}
Log registered: {message: Session started with GUID: same-guid on device type: Master, timestamp: 2026-06-18 13:30:45.963792, function: null, file: null}
Log registered: {message: Adding photo to upload queue: /var/folders/6s/dp27g8gn26j9mp36sjfxb9tw0000gn/T/session_manager_test_mediawOLO4l/same_session_photo.jpg, timestamp: 2026-06-18 13:30:45.964493, function: null, file: null}
Log registered: {message: Session metadata saved to /var/folders/6s/dp27g8gn26j9mp36sjfxb9tw0000gn/T/session_manager_docsSIHeLJ/session_same-guid/metadata.json, timestamp: 2026-06-18 13:30:45.965401, function: null, file: null}
Log registered: {message: [UploaderService] No uploaded media with valid durations. Returning zero duration., timestamp: 2026-06-18 13:30:45.967042, function: null, file: null}
Log registered: {message: Media added to upload queue: /var/folders/6s/dp27g8gn26j9mp36sjfxb9tw0000gn/T/session_manager_test_mediawOLO4l/same_session_photo.jpg, timestamp: 2026-06-18 13:30:45.967181, function: null, file: null}
Log registered: {message: Auto-upload is disabled. Media added to queue but not uploaded., timestamp: 2026-06-18 13:30:45.967390, function: null, file: null}
Log registered: {message: Session already active with GUID: same-guid. Preserving existing media on rejoin as Slave., timestamp: 2026-06-18 13:30:45.967790, function: null, file: null}
Log registered: {message: Session metadata saved to /var/folders/6s/dp27g8gn26j9mp36sjfxb9tw0000gn/T/session_manager_docsSIHeLJ/session_same-guid/metadata.json, timestamp: 2026-06-18 13:30:45.971097, function: null, file: null}
Log registered: {message: UploaderService: Resetting upload queue and state., timestamp: 2026-06-18 13:30:45.971243, function: null, file: null}
Log registered: {message: UploaderService: Reset completed., timestamp: 2026-06-18 13:30:45.971356, function: null, file: null}
Log registered: {message: Session ended and uploader reset., timestamp: 2026-06-18 13:30:45.971438, function: null, file: null}
00:09 +229 ~1: /Users/jose/src/work/hydracamv2/test/services/storage_service_test.dart: StorageService anchors blocks recording and triggers callback when storage is critical
00:09 +229 ~1: /Users/jose/src/work/hydracamv2/test/services/session_manager_test.dart: SessionManager Session lifecycle joining a different session starts with clean media state
Log registered: {message: UploaderService: Resetting upload queue and state., timestamp: 2026-06-18 13:30:45.972714, function: null, file: null}
Log registered: {message: UploaderService: Reset completed., timestamp: 2026-06-18 13:30:45.972810, function: null, file: null}
Log registered: {message: UploaderService: Resetting upload queue and state., timestamp: 2026-06-18 13:30:45.973650, function: null, file: null}
Log registered: {message: UploaderService: Reset completed., timestamp: 2026-06-18 13:30:45.974166, function: null, file: null}
Log registered: {message: Session started with GUID: old-guid on device type: Master, timestamp: 2026-06-18 13:30:45.974273, function: null, file: null}
Log registered: {message: Adding photo to upload queue: /var/folders/6s/dp27g8gn26j9mp36sjfxb9tw0000gn/T/session_manager_test_mediaMK2Z94/old_session_photo.jpg, timestamp: 2026-06-18 13:30:45.975070, function: null, file: null}
Log registered: {message: Session metadata saved to /var/folders/6s/dp27g8gn26j9mp36sjfxb9tw0000gn/T/session_manager_docsSIHeLJ/session_old-guid/metadata.json, timestamp: 2026-06-18 13:30:45.976317, function: null, file: null}
Log registered: {message: [UploaderService] No uploaded media with valid durations. Returning zero duration., timestamp: 2026-06-18 13:30:45.976490, function: null, file: null}
Log registered: {message: Media added to upload queue: /var/folders/6s/dp27g8gn26j9mp36sjfxb9tw0000gn/T/session_manager_test_mediaMK2Z94/old_session_photo.jpg, timestamp: 2026-06-18 13:30:45.976564, function: null, file: null}
Log registered: {message: Auto-upload is disabled. Media added to queue but not uploaded., timestamp: 2026-06-18 13:30:45.976652, function: null, file: null}
Log registered: {message: UploaderService: Resetting upload queue and state., timestamp: 2026-06-18 13:30:45.976739, function: null, file: null}
Log registered: {message: UploaderService: Reset completed., timestamp: 2026-06-18 13:30:45.976787, function: null, file: null}
Log registered: {message: Session started with GUID: new-guid on device type: Master, timestamp: 2026-06-18 13:30:45.976829, function: null, file: null}
Log registered: {message: Session metadata saved to /var/folders/6s/dp27g8gn26j9mp36sjfxb9tw0000gn/T/session_manager_docsSIHeLJ/session_new-guid/metadata.json, timestamp: 2026-06-18 13:30:45.978851, function: null, file: null}
Log registered: {message: UploaderService: Resetting upload queue and state., timestamp: 2026-06-18 13:30:45.979122, function: null, file: null}
Log registered: {message: UploaderService: Reset completed., timestamp: 2026-06-18 13:30:45.979225, function: null, file: null}
Log registered: {message: Session ended and uploader reset., timestamp: 2026-06-18 13:30:45.979271, function: null, file: null}
00:09 +230 ~1: /Users/jose/src/work/hydracamv2/test/services/storage_service_test.dart: StorageService anchors blocks recording and triggers callback when storage is critical
00:09 +230 ~1: /Users/jose/src/work/hydracamv2/test/services/session_manager_test.dart: SessionManager Session lifecycle addPhoto can be awaited through metadata and enqueue
Log registered: {message: UploaderService: Resetting upload queue and state., timestamp: 2026-06-18 13:30:45.981071, function: null, file: null}
Log registered: {message: UploaderService: Reset completed., timestamp: 2026-06-18 13:30:45.981181, function: null, file: null}
Log registered: {message: UploaderService: Resetting upload queue and state., timestamp: 2026-06-18 13:30:45.981569, function: null, file: null}
Log registered: {message: UploaderService: Reset completed., timestamp: 2026-06-18 13:30:45.981647, function: null, file: null}
Log registered: {message: Session started with GUID: await-photo-guid on device type: Master, timestamp: 2026-06-18 13:30:45.981766, function: null, file: null}
Log registered: {message: Adding photo to upload queue: /var/folders/6s/dp27g8gn26j9mp36sjfxb9tw0000gn/T/session_manager_test_mediaWxrfrD/await_photo.jpg, timestamp: 2026-06-18 13:30:45.982714, function: null, file: null}
Log registered: {message: Session metadata saved to /var/folders/6s/dp27g8gn26j9mp36sjfxb9tw0000gn/T/session_manager_docsSIHeLJ/session_await-photo-guid/metadata.json, timestamp: 2026-06-18 13:30:45.983861, function: null, file: null}
Log registered: {message: [UploaderService] No uploaded media with valid durations. Returning zero duration., timestamp: 2026-06-18 13:30:45.984073, function: null, file: null}
Log registered: {message: Media added to upload queue: /var/folders/6s/dp27g8gn26j9mp36sjfxb9tw0000gn/T/session_manager_test_mediaWxrfrD/await_photo.jpg, timestamp: 2026-06-18 13:30:45.984410, function: null, file: null}
Log registered: {message: Auto-upload is disabled. Media added to queue but not uploaded., timestamp: 2026-06-18 13:30:45.984552, function: null, file: null}
Log registered: {message: Session metadata saved to /var/folders/6s/dp27g8gn26j9mp36sjfxb9tw0000gn/T/session_manager_docsSIHeLJ/session_await-photo-guid/metadata.json, timestamp: 2026-06-18 13:30:45.987419, function: null, file: null}
Log registered: {message: UploaderService: Resetting upload queue and state., timestamp: 2026-06-18 13:30:45.987579, function: null, file: null}
Log registered: {message: UploaderService: Reset completed., timestamp: 2026-06-18 13:30:45.987636, function: null, file: null}
Log registered: {message: Session ended and uploader reset., timestamp: 2026-06-18 13:30:45.987679, function: null, file: null}
00:09 +231 ~1: /Users/jose/src/work/hydracamv2/test/services/storage_service_test.dart: StorageService anchors blocks recording and triggers callback when storage is critical
00:09 +231 ~1: /Users/jose/src/work/hydracamv2/test/services/session_manager_test.dart: SessionManager Session lifecycle addVideo can be awaited through metadata and enqueue
Log registered: {message: UploaderService: Resetting upload queue and state., timestamp: 2026-06-18 13:30:45.989049, function: null, file: null}
Log registered: {message: UploaderService: Reset completed., timestamp: 2026-06-18 13:30:45.989145, function: null, file: null}
Log registered: {message: UploaderService: Resetting upload queue and state., timestamp: 2026-06-18 13:30:45.989493, function: null, file: null}
Log registered: {message: UploaderService: Reset completed., timestamp: 2026-06-18 13:30:45.989566, function: null, file: null}
Log registered: {message: Session started with GUID: await-video-guid on device type: Slave, timestamp: 2026-06-18 13:30:45.989616, function: null, file: null}
Log registered: {message: Adding video to upload queue: /var/folders/6s/dp27g8gn26j9mp36sjfxb9tw0000gn/T/session_manager_test_media7nEbkD/await_video.mp4, timestamp: 2026-06-18 13:30:45.990249, function: null, file: null}
Log registered: {message: Session metadata saved to /var/folders/6s/dp27g8gn26j9mp36sjfxb9tw0000gn/T/session_manager_docsSIHeLJ/session_await-video-guid/metadata.json, timestamp: 2026-06-18 13:30:45.991299, function: null, file: null}
Log registered: {message: [UploaderService] No uploaded media with valid durations. Returning zero duration., timestamp: 2026-06-18 13:30:45.991527, function: null, file: null}
Log registered: {message: Media added to upload queue: /var/folders/6s/dp27g8gn26j9mp36sjfxb9tw0000gn/T/session_manager_test_media7nEbkD/await_video.mp4, timestamp: 2026-06-18 13:30:45.991646, function: null, file: null}
Log registered: {message: Auto-upload is disabled. Media added to queue but not uploaded., timestamp: 2026-06-18 13:30:45.991754, function: null, file: null}
Log registered: {message: Session metadata saved to /var/folders/6s/dp27g8gn26j9mp36sjfxb9tw0000gn/T/session_manager_docsSIHeLJ/session_await-video-guid/metadata.json, timestamp: 2026-06-18 13:30:45.993915, function: null, file: null}
Log registered: {message: UploaderService: Resetting upload queue and state., timestamp: 2026-06-18 13:30:45.994017, function: null, file: null}
Log registered: {message: UploaderService: Reset completed., timestamp: 2026-06-18 13:30:45.994137, function: null, file: null}
Log registered: {message: Session ended and uploader reset., timestamp: 2026-06-18 13:30:45.994416, function: null, file: null}
00:09 +232 ~1: /Users/jose/src/work/hydracamv2/test/services/storage_service_test.dart: StorageService anchors blocks recording and triggers callback when storage is critical
00:09 +232 ~1: /Users/jose/src/work/hydracamv2/test/services/session_manager_test.dart: SessionManager Session lifecycle restoreSessionFromMetadata restores media and caller role
Log registered: {message: UploaderService: Resetting upload queue and state., timestamp: 2026-06-18 13:30:45.996883, function: null, file: null}
Log registered: {message: UploaderService: Reset completed., timestamp: 2026-06-18 13:30:45.997006, function: null, file: null}
Log registered: {message: Retrieved existing Device ID: 4ef73539-1945-438a-a762-abf4f898b1c5, timestamp: 2026-06-18 13:30:45.999697, function: null, file: null}
Log registered: {message: Session metadata snapshot loaded for restore-guid, timestamp: 2026-06-18 13:30:45.999895, function: null, file: null}
Log registered: {message: UploaderService: Resetting upload queue and state., timestamp: 2026-06-18 13:30:45.999969, function: null, file: null}
Log registered: {message: UploaderService: Reset completed., timestamp: 2026-06-18 13:30:46.000015, function: null, file: null}
Log registered: {message: Session started with GUID: restore-guid on device type: Master, timestamp: 2026-06-18 13:30:46.000057, function: null, file: null}
Log registered: {message: Adding photo to upload queue: /var/folders/6s/dp27g8gn26j9mp36sjfxb9tw0000gn/T/session_manager_test_mediaZkdiSh/restored_photo.jpg, timestamp: 2026-06-18 13:30:46.000105, function: null, file: null}
Log registered: {message: Session metadata saved to /var/folders/6s/dp27g8gn26j9mp36sjfxb9tw0000gn/T/session_manager_docsSIHeLJ/session_restore-guid/metadata.json, timestamp: 2026-06-18 13:30:46.000766, function: null, file: null}
Log registered: {message: [UploaderService] No uploaded media with valid durations. Returning zero duration., timestamp: 2026-06-18 13:30:46.000849, function: null, file: null}
Log registered: {message: Media added to upload queue: /var/folders/6s/dp27g8gn26j9mp36sjfxb9tw0000gn/T/session_manager_test_mediaZkdiSh/restored_photo.jpg, timestamp: 2026-06-18 13:30:46.000890, function: null, file: null}
Log registered: {message: Auto-upload is disabled. Media added to queue but not uploaded., timestamp: 2026-06-18 13:30:46.000953, function: null, file: null}
Log registered: {message: Adding video to upload queue: /var/folders/6s/dp27g8gn26j9mp36sjfxb9tw0000gn/T/session_manager_test_mediaZkdiSh/restored_video.mp4, timestamp: 2026-06-18 13:30:46.001306, function: null, file: null}
Log registered: {message: Session metadata saved to /var/folders/6s/dp27g8gn26j9mp36sjfxb9tw0000gn/T/session_manager_docsSIHeLJ/session_restore-guid/metadata.json, timestamp: 2026-06-18 13:30:46.003082, function: null, file: null}
Log registered: {message: [UploaderService] No uploaded media with valid durations. Returning zero duration., timestamp: 2026-06-18 13:30:46.003401, function: null, file: null}
Log registered: {message: Media added to upload queue: /var/folders/6s/dp27g8gn26j9mp36sjfxb9tw0000gn/T/session_manager_test_mediaZkdiSh/restored_video.mp4, timestamp: 2026-06-18 13:30:46.003474, function: null, file: null}
Log registered: {message: Auto-upload is disabled. Media added to queue but not uploaded., timestamp: 2026-06-18 13:30:46.003599, function: null, file: null}
Log registered: {message: Session metadata saved to /var/folders/6s/dp27g8gn26j9mp36sjfxb9tw0000gn/T/session_manager_docsSIHeLJ/session_restore-guid/metadata.json, timestamp: 2026-06-18 13:30:46.004797, function: null, file: null}
Log registered: {message: UploaderService: Resetting upload queue and state., timestamp: 2026-06-18 13:30:46.004893, function: null, file: null}
Log registered: {message: UploaderService: Reset completed., timestamp: 2026-06-18 13:30:46.004941, function: null, file: null}
Log registered: {message: Session ended and uploader reset., timestamp: 2026-06-18 13:30:46.004982, function: null, file: null}
00:09 +233 ~1: /Users/jose/src/work/hydracamv2/test/services/storage_service_test.dart: StorageService anchors blocks recording and triggers callback when storage is critical
00:09 +233 ~1: /Users/jose/src/work/hydracamv2/test/services/session_manager_test.dart: SessionManager Session lifecycle restoreSessionFromMetadata does not requeue uploaded media
Log registered: {message: UploaderService: Resetting upload queue and state., timestamp: 2026-06-18 13:30:46.006241, function: null, file: null}
Log registered: {message: UploaderService: Reset completed., timestamp: 2026-06-18 13:30:46.006324, function: null, file: null}
Log registered: {message: Retrieved existing Device ID: 4ef73539-1945-438a-a762-abf4f898b1c5, timestamp: 2026-06-18 13:30:46.008779, function: null, file: null}
Log registered: {message: Session metadata snapshot loaded for uploaded-restore-guid, timestamp: 2026-06-18 13:30:46.008930, function: null, file: null}
Log registered: {message: UploaderService: Resetting upload queue and state., timestamp: 2026-06-18 13:30:46.009019, function: null, file: null}
Log registered: {message: UploaderService: Reset completed., timestamp: 2026-06-18 13:30:46.009063, function: null, file: null}
Log registered: {message: Session started with GUID: uploaded-restore-guid on device type: Master, timestamp: 2026-06-18 13:30:46.009103, function: null, file: null}
Log registered: {message: Adding photo to upload queue: /var/folders/6s/dp27g8gn26j9mp36sjfxb9tw0000gn/T/session_manager_test_mediagswa42/uploaded_photo.jpg, timestamp: 2026-06-18 13:30:46.009148, function: null, file: null}
Log registered: {message: Session metadata saved to /var/folders/6s/dp27g8gn26j9mp36sjfxb9tw0000gn/T/session_manager_docsSIHeLJ/session_uploaded-restore-guid/metadata.json, timestamp: 2026-06-18 13:30:46.009703, function: null, file: null}
Log registered: {message: Media already uploaded: /var/folders/6s/dp27g8gn26j9mp36sjfxb9tw0000gn/T/session_manager_test_mediagswa42/uploaded_photo.jpg, timestamp: 2026-06-18 13:30:46.009785, function: null, file: null}
Log registered: {message: Adding video to upload queue: /var/folders/6s/dp27g8gn26j9mp36sjfxb9tw0000gn/T/session_manager_test_mediagswa42/uploaded_video.mp4, timestamp: 2026-06-18 13:30:46.009959, function: null, file: null}
Log registered: {message: Session metadata saved to /var/folders/6s/dp27g8gn26j9mp36sjfxb9tw0000gn/T/session_manager_docsSIHeLJ/session_uploaded-restore-guid/metadata.json, timestamp: 2026-06-18 13:30:46.010997, function: null, file: null}
Log registered: {message: Media already uploaded: /var/folders/6s/dp27g8gn26j9mp36sjfxb9tw0000gn/T/session_manager_test_mediagswa42/uploaded_video.mp4, timestamp: 2026-06-18 13:30:46.011093, function: null, file: null}
Log registered: {message: Session metadata saved to /var/folders/6s/dp27g8gn26j9mp36sjfxb9tw0000gn/T/session_manager_docsSIHeLJ/session_uploaded-restore-guid/metadata.json, timestamp: 2026-06-18 13:30:46.011818, function: null, file: null}
Log registered: {message: UploaderService: Resetting upload queue and state., timestamp: 2026-06-18 13:30:46.011891, function: null, file: null}
Log registered: {message: UploaderService: Reset completed., timestamp: 2026-06-18 13:30:46.011951, function: null, file: null}
Log registered: {message: Session ended and uploader reset., timestamp: 2026-06-18 13:30:46.012019, function: null, file: null}
00:09 +234 ~1: /Users/jose/src/work/hydracamv2/test/services/storage_service_test.dart: StorageService anchors blocks recording and triggers callback when storage is critical
00:09 +234 ~1: /Users/jose/src/work/hydracamv2/test/services/session_manager_test.dart: SessionManager Media management addPhoto adds photo to current session
Log registered: {message: UploaderService: Resetting upload queue and state., timestamp: 2026-06-18 13:30:46.013041, function: null, file: null}
Log registered: {message: UploaderService: Reset completed., timestamp: 2026-06-18 13:30:46.013149, function: null, file: null}
Log registered: {message: UploaderService: Resetting upload queue and state., timestamp: 2026-06-18 13:30:46.013592, function: null, file: null}
Log registered: {message: UploaderService: Reset completed., timestamp: 2026-06-18 13:30:46.013670, function: null, file: null}
Log registered: {message: Session started with GUID: test-guid on device type: Master, timestamp: 2026-06-18 13:30:46.013716, function: null, file: null}
Log registered: {message: Adding photo to upload queue: /var/folders/6s/dp27g8gn26j9mp36sjfxb9tw0000gn/T/session_manager_test_mediadx6xsG/test_photo.jpg, timestamp: 2026-06-18 13:30:46.014230, function: null, file: null}
Log registered: {message: Session metadata saved to /var/folders/6s/dp27g8gn26j9mp36sjfxb9tw0000gn/T/session_manager_docsSIHeLJ/session_test-guid/metadata.json, timestamp: 2026-06-18 13:30:46.015016, function: null, file: null}
Log registered: {message: [UploaderService] No uploaded media with valid durations. Returning zero duration., timestamp: 2026-06-18 13:30:46.015123, function: null, file: null}
Log registered: {message: Media added to upload queue: /var/folders/6s/dp27g8gn26j9mp36sjfxb9tw0000gn/T/session_manager_test_mediadx6xsG/test_photo.jpg, timestamp: 2026-06-18 13:30:46.015188, function: null, file: null}
Log registered: {message: Auto-upload is disabled. Media added to queue but not uploaded., timestamp: 2026-06-18 13:30:46.015274, function: null, file: null}
Log registered: {message: Session metadata saved to /var/folders/6s/dp27g8gn26j9mp36sjfxb9tw0000gn/T/session_manager_docsSIHeLJ/session_test-guid/metadata.json, timestamp: 2026-06-18 13:30:46.016524, function: null, file: null}
Log registered: {message: UploaderService: Resetting upload queue and state., timestamp: 2026-06-18 13:30:46.016612, function: null, file: null}
Log registered: {message: UploaderService: Reset completed., timestamp: 2026-06-18 13:30:46.016653, function: null, file: null}
Log registered: {message: Session ended and uploader reset., timestamp: 2026-06-18 13:30:46.016688, function: null, file: null}
00:09 +235 ~1: /Users/jose/src/work/hydracamv2/test/services/storage_service_test.dart: StorageService anchors blocks recording and triggers callback when storage is critical
00:09 +235 ~1: /Users/jose/src/work/hydracamv2/test/services/session_manager_test.dart: SessionManager Media management addVideo adds video to current session
Log registered: {message: UploaderService: Resetting upload queue and state., timestamp: 2026-06-18 13:30:46.017926, function: null, file: null}
Log registered: {message: UploaderService: Reset completed., timestamp: 2026-06-18 13:30:46.018004, function: null, file: null}
Log registered: {message: UploaderService: Resetting upload queue and state., timestamp: 2026-06-18 13:30:46.018182, function: null, file: null}
Log registered: {message: UploaderService: Reset completed., timestamp: 2026-06-18 13:30:46.018224, function: null, file: null}
Log registered: {message: Session started with GUID: test-guid on device type: Master, timestamp: 2026-06-18 13:30:46.018276, function: null, file: null}
Log registered: {message: Adding video to upload queue: /var/folders/6s/dp27g8gn26j9mp36sjfxb9tw0000gn/T/session_manager_test_mediajGrlVO/test_video.mp4, timestamp: 2026-06-18 13:30:46.019023, function: null, file: null}
Log registered: {message: Session metadata saved to /var/folders/6s/dp27g8gn26j9mp36sjfxb9tw0000gn/T/session_manager_docsSIHeLJ/session_test-guid/metadata.json, timestamp: 2026-06-18 13:30:46.020181, function: null, file: null}
Log registered: {message: [UploaderService] No uploaded media with valid durations. Returning zero duration., timestamp: 2026-06-18 13:30:46.020339, function: null, file: null}
Log registered: {message: Media added to upload queue: /var/folders/6s/dp27g8gn26j9mp36sjfxb9tw0000gn/T/session_manager_test_mediajGrlVO/test_video.mp4, timestamp: 2026-06-18 13:30:46.020395, function: null, file: null}
Log registered: {message: Auto-upload is disabled. Media added to queue but not uploaded., timestamp: 2026-06-18 13:30:46.020468, function: null, file: null}
Log registered: {message: Session metadata saved to /var/folders/6s/dp27g8gn26j9mp36sjfxb9tw0000gn/T/session_manager_docsSIHeLJ/session_test-guid/metadata.json, timestamp: 2026-06-18 13:30:46.021669, function: null, file: null}
Log registered: {message: UploaderService: Resetting upload queue and state., timestamp: 2026-06-18 13:30:46.021754, function: null, file: null}
Log registered: {message: UploaderService: Reset completed., timestamp: 2026-06-18 13:30:46.021836, function: null, file: null}
Log registered: {message: Session ended and uploader reset., timestamp: 2026-06-18 13:30:46.021928, function: null, file: null}
00:09 +236 ~1: /Users/jose/src/work/hydracamv2/test/services/storage_service_test.dart: StorageService anchors blocks recording and triggers callback when storage is critical
00:09 +236 ~1: /Users/jose/src/work/hydracamv2/test/services/session_manager_test.dart: SessionManager Media management video capture context persists and reloads from metadata
Log registered: {message: UploaderService: Resetting upload queue and state., timestamp: 2026-06-18 13:30:46.023006, function: null, file: null}
Log registered: {message: UploaderService: Reset completed., timestamp: 2026-06-18 13:30:46.023067, function: null, file: null}
Log registered: {message: UploaderService: Resetting upload queue and state., timestamp: 2026-06-18 13:30:46.023260, function: null, file: null}
Log registered: {message: UploaderService: Reset completed., timestamp: 2026-06-18 13:30:46.023302, function: null, file: null}
Log registered: {message: Session started with GUID: test-guid on device type: Master, timestamp: 2026-06-18 13:30:46.023343, function: null, file: null}
Log registered: {message: Adding video to upload queue: /var/folders/6s/dp27g8gn26j9mp36sjfxb9tw0000gn/T/session_manager_test_mediaUphk7I/context_video.mp4, timestamp: 2026-06-18 13:30:46.024298, function: null, file: null}
Log registered: {message: Session metadata saved to /var/folders/6s/dp27g8gn26j9mp36sjfxb9tw0000gn/T/session_manager_docsSIHeLJ/session_test-guid/metadata.json, timestamp: 2026-06-18 13:30:46.026069, function: null, file: null}
Log registered: {message: [UploaderService] No uploaded media with valid durations. Returning zero duration., timestamp: 2026-06-18 13:30:46.026169, function: null, file: null}
Log registered: {message: Media added to upload queue: /var/folders/6s/dp27g8gn26j9mp36sjfxb9tw0000gn/T/session_manager_test_mediaUphk7I/context_video.mp4, timestamp: 2026-06-18 13:30:46.026213, function: null, file: null}
Log registered: {message: Auto-upload is disabled. Media added to queue but not uploaded., timestamp: 2026-06-18 13:30:46.026278, function: null, file: null}
Log registered: {message: Retrieved existing Device ID: 4ef73539-1945-438a-a762-abf4f898b1c5, timestamp: 2026-06-18 13:30:46.027482, function: null, file: null}
Log registered: {message: Session metadata loaded for session test-guid, timestamp: 2026-06-18 13:30:46.028190, function: null, file: null}
00:09 +236 ~1: /Users/jose/src/work/hydracamv2/test/services/storage_service_test.dart: StorageService anchors blocks recording and triggers callback when storage is critical
Log registered: {message: StorageService monitoring disabled - timer not started., timestamp: 2026-06-18 13:30:46.027027, function: null, file: null}
00:09 +236 ~1: /Users/jose/src/work/hydracamv2/test/services/session_manager_test.dart: SessionManager Media management video capture context persists and reloads from metadata
Log registered: {message: Session metadata saved to /var/folders/6s/dp27g8gn26j9mp36sjfxb9tw0000gn/T/session_manager_docsSIHeLJ/session_test-guid/metadata.json, timestamp: 2026-06-18 13:30:46.029261, function: null, file: null}
00:09 +236 ~1: /Users/jose/src/work/hydracamv2/test/services/storage_service_test.dart: StorageService anchors blocks recording and triggers callback when storage is critical
Log registered: {message: Critical storage: triggering recording stop at 0.39 GB., timestamp: 2026-06-18 13:30:46.029232, function: null, file: null}
00:09 +236 ~1: /Users/jose/src/work/hydracamv2/test/services/session_manager_test.dart: SessionManager Media management video capture context persists and reloads from metadata
Log registered: {message: UploaderService: Resetting upload queue and state., timestamp: 2026-06-18 13:30:46.029336, function: null, file: null}
Log registered: {message: UploaderService: Reset completed., timestamp: 2026-06-18 13:30:46.029383, function: null, file: null}
Log registered: {message: Session ended and uploader reset., timestamp: 2026-06-18 13:30:46.029420, function: null, file: null}
00:09 +237 ~1: /Users/jose/src/work/hydracamv2/test/services/storage_service_test.dart: StorageService anchors blocks recording and triggers callback when storage is critical
00:09 +238 ~1: /Users/jose/src/work/hydracamv2/test/services/storage_service_test.dart: StorageService anchors blocks recording and triggers callback when storage is critical
00:09 +238 ~1: /Users/jose/src/work/hydracamv2/test/services/session_manager_test.dart: SessionManager Media management metadata write preserves session captured before async path lookup
Log registered: {message: UploaderService: Resetting upload queue and state., timestamp: 2026-06-18 13:30:46.030782, function: null, file: null}
Log registered: {message: UploaderService: Reset completed., timestamp: 2026-06-18 13:30:46.030846, function: null, file: null}
Log registered: {message: UploaderService: Resetting upload queue and state., timestamp: 2026-06-18 13:30:46.031066, function: null, file: null}
Log registered: {message: UploaderService: Reset completed., timestamp: 2026-06-18 13:30:46.031107, function: null, file: null}
Log registered: {message: Session started with GUID: test-guid on device type: Master, timestamp: 2026-06-18 13:30:46.031146, function: null, file: null}
00:09 +239 ~1: /Users/jose/src/work/hydracamv2/test/services/storage_service_test.dart: StorageService anchors blocks recording and triggers callback when storage is critical
00:09 +239 ~1: /Users/jose/src/work/hydracamv2/test/services/session_manager_test.dart: SessionManager Media management metadata write preserves session captured before async path lookup
Log registered: {message: UploaderService: Resetting upload queue and state., timestamp: 2026-06-18 13:30:46.031428, function: null, file: null}
Log registered: {message: UploaderService: Reset completed., timestamp: 2026-06-18 13:30:46.031485, function: null, file: null}
Log registered: {message: Session started with GUID: metadata-old-guid on device type: Master, timestamp: 2026-06-18 13:30:46.031588, function: null, file: null}
Log registered: {message: UploaderService: Resetting upload queue and state., timestamp: 2026-06-18 13:30:46.032118, function: null, file: null}
Log registered: {message: UploaderService: Reset completed., timestamp: 2026-06-18 13:30:46.032178, function: null, file: null}
Log registered: {message: Session started with GUID: metadata-new-guid on device type: Slave, timestamp: 2026-06-18 13:30:46.032222, function: null, file: null}
Log registered: {message: Session metadata saved to /var/folders/6s/dp27g8gn26j9mp36sjfxb9tw0000gn/T/session_manager_docsSIHeLJ/session_metadata-old-guid/metadata.json, timestamp: 2026-06-18 13:30:46.033449, function: null, file: null}
00:09 +240 ~1: /Users/jose/src/work/hydracamv2/test/services/storage_service_test.dart: StorageService anchors blocks recording and triggers callback when storage is critical
00:09 +240 ~1: /Users/jose/src/work/hydracamv2/test/services/session_manager_test.dart: SessionManager Media management metadata write preserves session captured before async path lookup
Log registered: {message: Session metadata saved to /var/folders/6s/dp27g8gn26j9mp36sjfxb9tw0000gn/T/session_manager_docsSIHeLJ/session_metadata-new-guid/metadata.json, timestamp: 2026-06-18 13:30:46.036462, function: null, file: null}
Log registered: {message: UploaderService: Resetting upload queue and state., timestamp: 2026-06-18 13:30:46.036602, function: null, file: null}
Log registered: {message: UploaderService: Reset completed., timestamp: 2026-06-18 13:30:46.036690, function: null, file: null}
Log registered: {message: Session ended and uploader reset., timestamp: 2026-06-18 13:30:46.036730, function: null, file: null}
00:09 +241 ~1: /Users/jose/src/work/hydracamv2/test/services/storage_service_test.dart: StorageService anchors blocks recording and triggers callback when storage is critical
00:09 +241 ~1: /Users/jose/src/work/hydracamv2/test/services/session_manager_test.dart: SessionManager Media management multiple media can be added to session
Log registered: {message: UploaderService: Resetting upload queue and state., timestamp: 2026-06-18 13:30:46.046890, function: null, file: null}
Log registered: {message: UploaderService: Reset completed., timestamp: 2026-06-18 13:30:46.046953, function: null, file: null}
Log registered: {message: UploaderService: Resetting upload queue and state., timestamp: 2026-06-18 13:30:46.047126, function: null, file: null}
Log registered: {message: UploaderService: Reset completed., timestamp: 2026-06-18 13:30:46.047166, function: null, file: null}
Log registered: {message: Session started with GUID: test-guid on device type: Master, timestamp: 2026-06-18 13:30:46.047202, function: null, file: null}
Log registered: {message: Adding photo to upload queue: /var/folders/6s/dp27g8gn26j9mp36sjfxb9tw0000gn/T/session_manager_test_mediazECOoS/test_photo_1.jpg, timestamp: 2026-06-18 13:30:46.047761, function: null, file: null}
Log registered: {message: Session metadata saved to /var/folders/6s/dp27g8gn26j9mp36sjfxb9tw0000gn/T/session_manager_docsSIHeLJ/session_test-guid/metadata.json, timestamp: 2026-06-18 13:30:46.049184, function: null, file: null}
Log registered: {message: [UploaderService] No uploaded media with valid durations. Returning zero duration., timestamp: 2026-06-18 13:30:46.049269, function: null, file: null}
Log registered: {message: Media added to upload queue: /var/folders/6s/dp27g8gn26j9mp36sjfxb9tw0000gn/T/session_manager_test_mediazECOoS/test_photo_1.jpg, timestamp: 2026-06-18 13:30:46.049312, function: null, file: null}
Log registered: {message: Auto-upload is disabled. Media added to queue but not uploaded., timestamp: 2026-06-18 13:30:46.049376, function: null, file: null}
Log registered: {message: Adding photo to upload queue: /var/folders/6s/dp27g8gn26j9mp36sjfxb9tw0000gn/T/session_manager_test_mediazECOoS/test_photo_2.jpg, timestamp: 2026-06-18 13:30:46.049415, function: null, file: null}
Log registered: {message: Session metadata saved to /var/folders/6s/dp27g8gn26j9mp36sjfxb9tw0000gn/T/session_manager_docsSIHeLJ/session_test-guid/metadata.json, timestamp: 2026-06-18 13:30:46.050399, function: null, file: null}
Log registered: {message: [UploaderService] No uploaded media with valid durations. Returning zero duration., timestamp: 2026-06-18 13:30:46.050481, function: null, file: null}
Log registered: {message: Media added to upload queue: /var/folders/6s/dp27g8gn26j9mp36sjfxb9tw0000gn/T/session_manager_test_mediazECOoS/test_photo_2.jpg, timestamp: 2026-06-18 13:30:46.050524, function: null, file: null}
Log registered: {message: Auto-upload is disabled. Media added to queue but not uploaded., timestamp: 2026-06-18 13:30:46.050623, function: null, file: null}
00:09 +242 ~1: /Users/jose/src/work/hydracamv2/test/services/session_manager_test.dart: SessionManager Media management multiple media can be added to session
00:09 +242 ~1: /Users/jose/src/work/hydracamv2/test/services/storage_service_test.dart: StorageService anchors clears recording block after recovering above critical threshold
Log registered: {message: StorageService monitoring disabled - timer not started., timestamp: 2026-06-18 13:30:46.064129, function: null, file: null}
Log registered: {message: Critical storage: triggering recording stop at 0.39 GB., timestamp: 2026-06-18 13:30:46.064304, function: null, file: null}
00:09 +243 ~1: /Users/jose/src/work/hydracamv2/test/services/session_manager_test.dart: SessionManager Media management multiple media can be added to session
00:09 +243 ~1: /Users/jose/src/work/hydracamv2/test/services/storage_service_test.dart: StorageService anchors critical callback failures do not escape storage handling
Log registered: {message: StorageService monitoring disabled - timer not started., timestamp: 2026-06-18 13:30:46.077236, function: null, file: null}
Log registered: {message: Critical storage: triggering recording stop at 0.39 GB., timestamp: 2026-06-18 13:30:46.077518, function: null, file: null}
Log registered: {message: StorageService: critical storage callback failed: Bad state: forced stop failed
#0      main.<anonymous closure>.<anonymous closure>.<anonymous closure> (file:///Users/jose/src/work/hydracamv2/test/services/storage_service_test.dart:156:11)
#1      StorageService._runCriticalStorageCallback (package:hydracam/services/storage_service.dart:95:39)
#2      StorageService._handleStorageLevel (package:hydracam/services/storage_service.dart:79:19)
#3      StorageService.simulateStorageLevel (package:hydracam/services/storage_service.dart:153:5)
#4      main.<anonymous closure>.<anonymous closure>.<anonymous closure> (file:///Users/jose/src/work/hydracamv2/test/services/storage_service_test.dart:166:30)
#5      _ReturnsNormally.typedMatches (package:matcher/src/core_matchers.dart:156:22)
#6      FeatureMatcher.matches (package:matcher/src/feature_matcher.dart:16:42)
#7      _expect (package:matcher/src/expect/expect.dart:176:30)
#8      expect (package:matcher/src/expect/expect.dart:65:3)
#9      expect (package:flutter_test/src/widget_tester.dart:473:18)
#10     main.<anonymous closure>.<anonymous closure> (file:///Users/jose/src/work/hydracamv2/test/services/storage_service_test.dart:165:7)
<asynchronous suspension>
#11     testWidgets.<anonymous closure>.<anonymous closure> (package:flutter_test/src/widget_tester.dart:192:15)
<asynchronous suspension>
#12     TestWidgetsFlutterBinding._runTestBody (package:flutter_test/src/binding.dart:1952:5)
<asynchronous suspension>
#13     StackZoneSpecification._registerCallback.<anonymous closure> (package:stack_trace/src/stack_zone_specification.dart:114:42)
<asynchronous suspension>
, timestamp: 2026-06-18 13:30:46.077783, function: null, file: null}
00:09 +244 ~1: /Users/jose/src/work/hydracamv2/test/services/session_manager_test.dart: SessionManager Media management multiple media can be added to session
Log registered: {message: Session metadata saved to /var/folders/6s/dp27g8gn26j9mp36sjfxb9tw0000gn/T/session_manager_docsSIHeLJ/session_test-guid/metadata.json, timestamp: 2026-06-18 13:30:46.081484, function: null, file: null}
Log registered: {message: UploaderService: Resetting upload queue and state., timestamp: 2026-06-18 13:30:46.081612, function: null, file: null}
Log registered: {message: UploaderService: Reset completed., timestamp: 2026-06-18 13:30:46.081676, function: null, file: null}
Log registered: {message: Session ended and uploader reset., timestamp: 2026-06-18 13:30:46.081780, function: null, file: null}
00:09 +245 ~1: /Users/jose/src/work/hydracamv2/test/services/session_manager_test.dart: (tearDownAll)
00:09 +245 ~1: /Users/jose/src/work/hydracamv2/test/services/hydracam_api_service_test.dart: uploadMedia includes app version fields in multipart metadata
Log registered: {message: Get token, timestamp: 2026-06-18 13:30:46.452081, function: null, file: null}
Log registered: {message: Media uploaded successfully, timestamp: 2026-06-18 13:30:46.471034, function: null, file: null}
00:09 +246 ~1: /Users/jose/src/work/hydracamv2/test/services/hydracam_api_service_test.dart: uploadMedia includes app version fields in multipart metadata
Trace file unavailable: MissingPluginException(No implementation found for method getApplicationDocumentsDirectory on channel plugins.flutter.io/path_provider)
00:09 +246 ~1: /Users/jose/src/work/hydracamv2/test/services/hydracam_api_service_test.dart: uploadMedia includes video recording end and duration metadata
Log registered: {message: Get token, timestamp: 2026-06-18 13:30:46.479564, function: null, file: null}
Log registered: {message: Media uploaded successfully, timestamp: 2026-06-18 13:30:46.481165, function: null, file: null}
00:09 +247 ~1: /Users/jose/src/work/hydracamv2/test/services/hydracam_api_service_test.dart: uploadMedia derives duration from recording timestamps when mismatched
Log registered: {message: Get token, timestamp: 2026-06-18 13:30:46.485605, function: null, file: null}
Log registered: {message: Media uploaded successfully, timestamp: 2026-06-18 13:30:46.487031, function: null, file: null}
00:09 +248 ~1: /Users/jose/src/work/hydracamv2/test/services/hydracam_api_service_test.dart: uploadMedia rejects inverted video recording timestamps
Log registered: {message: Upload video duration is invalid: recordingEndDate is before captureDate for /var/folders/6s/dp27g8gn26j9mp36sjfxb9tw0000gn/T/hydracam_api_testNhzD9I/video-inverted-duration.mp4, timestamp: 2026-06-18 13:30:46.489233, function: null, file: null}
00:09 +249 ~1: /Users/jose/src/work/hydracamv2/test/services/hydracam_api_service_test.dart: uploadMedia uses centralized upload-media contract fields
Log registered: {message: Get token, timestamp: 2026-06-18 13:30:46.493232, function: null, file: null}
Log registered: {message: Media uploaded successfully, timestamp: 2026-06-18 13:30:46.494780, function: null, file: null}
00:09 +250 ~1: /Users/jose/src/work/hydracamv2/test/services/hydracam_api_service_test.dart: uploadMedia omits video duration metadata for photo uploads
Log registered: {message: Get token, timestamp: 2026-06-18 13:30:46.496870, function: null, file: null}
Log registered: {message: Media uploaded successfully, timestamp: 2026-06-18 13:30:46.498108, function: null, file: null}
00:09 +251 ~1: /Users/jose/src/work/hydracamv2/test/services/hydracam_api_service_test.dart: createSession returns typed backend session from API response
Log registered: {message: Get token, timestamp: 2026-06-18 13:30:46.500015, function: null, file: null}
Log registered: {message: Session created successfully: HydraCamBackendSession(guid: backend-guid, sessionId: friendly-session, numericId: 42), timestamp: 2026-06-18 13:30:46.503830, function: null, file: null}
00:09 +252 ~1: /Users/jose/src/work/hydracamv2/test/services/hydracam_api_service_test.dart: warmUpBackend sends an authenticated lightweight startup request
Log registered: {message: Get token, timestamp: 2026-06-18 13:30:46.505781, function: null, file: null}
Log registered: {message: Backend warm-up completed., timestamp: 2026-06-18 13:30:46.506938, function: null, file: null}
00:09 +253 ~1: /Users/jose/src/work/hydracamv2/test/services/hydracam_api_service_test.dart: uploadMedia rejects missing files before HTTP send
Log registered: {message: Upload file does not exist: /var/folders/6s/dp27g8gn26j9mp36sjfxb9tw0000gn/T/hydracam_api_testoTh5RR/missing-video.mp4, timestamp: 2026-06-18 13:30:46.508964, function: null, file: null}
00:09 +254 ~1: /Users/jose/src/work/hydracamv2/test/services/hydracam_api_service_test.dart: uploadMedia rejects empty files before HTTP send
Log registered: {message: Upload file is empty: /var/folders/6s/dp27g8gn26j9mp36sjfxb9tw0000gn/T/hydracam_api_testnRwbCQ/empty-video.mp4, timestamp: 2026-06-18 13:30:46.510397, function: null, file: null}
00:09 +255 ~1: /Users/jose/src/work/hydracamv2/test/services/hydracam_api_service_test.dart: uploadMedia rejects corrupt local photo and video before HTTP send
Log registered: {message: Upload file is not valid photo media: /var/folders/6s/dp27g8gn26j9mp36sjfxb9tw0000gn/T/hydracam_api_testXQI0hJ/corrupt-photo.jpg, timestamp: 2026-06-18 13:30:46.512729, function: null, file: null}
Log registered: {message: Upload file is not valid video media: /var/folders/6s/dp27g8gn26j9mp36sjfxb9tw0000gn/T/hydracam_api_testXQI0hJ/corrupt-video.mp4, timestamp: 2026-06-18 13:30:46.513216, function: null, file: null}
00:09 +256 ~1: /Users/jose/src/work/hydracamv2/test/services/hydracam_api_service_test.dart: uploadMedia rejects backend failure bodies with HTTP 200
Log registered: {message: Get token, timestamp: 2026-06-18 13:30:46.515598, function: null, file: null}
Log registered: {message: Failed to upload media: HTTP 200 backend response reported failure - {"success":false,"message":"Rejected corrupt media"}, timestamp: 2026-06-18 13:30:46.517131, function: null, file: null}
00:09 +257 ~1: /Users/jose/src/work/hydracamv2/test/services/hydracam_api_service_test.dart: uploadMedia accepts deployed legacy plaintext success body
Log registered: {message: Get token, timestamp: 2026-06-18 13:30:46.519825, function: null, file: null}
Log registered: {message: Media uploaded successfully, timestamp: 2026-06-18 13:30:46.521205, function: null, file: null}
00:09 +258 ~1: /Users/jose/src/work/hydracamv2/test/services/hydracam_api_service_test.dart: uploadMedia accepts JSON success aliases
Log registered: {message: Get token, timestamp: 2026-06-18 13:30:46.545278, function: null, file: null}
Log registered: {message: Media uploaded successfully, timestamp: 2026-06-18 13:30:46.546687, function: null, file: null}
Log registered: {message: Get token, timestamp: 2026-06-18 13:30:46.547996, function: null, file: null}
Log registered: {message: Media uploaded successfully, timestamp: 2026-06-18 13:30:46.549290, function: null, file: null}
Log registered: {message: Get token, timestamp: 2026-06-18 13:30:46.552055, function: null, file: null}
Log registered: {message: Media uploaded successfully, timestamp: 2026-06-18 13:30:46.553362, function: null, file: null}
00:09 +259 ~1: /Users/jose/src/work/hydracamv2/test/services/hydracam_api_service_test.dart: uploadMedia rejects malformed backend success bodies
Log registered: {message: Get token, timestamp: 2026-06-18 13:30:46.555575, function: null, file: null}
Log registered: {message: Malformed upload response body: not-json (FormatException: Unexpected character (at character 1)
not-json
^
), timestamp: 2026-06-18 13:30:46.557499, function: null, file: null}
Log registered: {message: Failed to upload media: HTTP 200 backend response reported failure - not-json, timestamp: 2026-06-18 13:30:46.557803, function: null, file: null}
00:09 +260 ~1: /Users/jose/src/work/hydracamv2/test/services/hydracam_api_service_test.dart: uploadMedia bounds logged response bodies for failures
Log registered: {message: Get token, timestamp: 2026-06-18 13:30:46.562528, function: null, file: null}
Log registered: {message: Failed to upload media: HTTP 500 - backend failure xxxxxxxxxxxxxxxxxxxxxxxxxxxxxxxxxxxxxxxxxxxxxxxxxxxxxxxxxxxxxxxxxxxxxxxxxxxxxxxxxxxxxxxxxxxxxxxxxxxxxxxxxxxxxxxxxxxxxxxxxxxxxxxxxxxxxxxxxxxxxxxxxxxxxxxxxxxxxxxxxxxxxxxxxxxxxxxxxxxxxxxxxxxxxxxxxxxxxxxxxxxxxxxxxxxxxxxxxxxxxxxxxxxxxxxxxxxxxxxxxxxxxxxxxxxxxxxxxxxxxxxxxxxxxxxxxxxxxxxxxxxx..., timestamp: 2026-06-18 13:30:46.563834, function: null, file: null}
00:09 +261 ~1: /Users/jose/src/work/hydracamv2/test/services/hydracam_api_service_test.dart: uploadMedia rejects backend error objects with HTTP 200
Log registered: {message: Get token, timestamp: 2026-06-18 13:30:46.566008, function: null, file: null}
Log registered: {message: Failed to upload media: HTTP 200 backend response reported failure - {"error":"Unsupported media codec"}, timestamp: 2026-06-18 13:30:46.567340, function: null, file: null}
00:09 +262 ~1: /Users/jose/src/work/hydracamv2/test/services/hydracam_api_service_test.dart: fetchCourts preserves encoded sports center query values
Log registered: {message: Get token, timestamp: 2026-06-18 13:30:46.580770, function: null, file: null}
Log registered: {message: Parsed list (courts): [], timestamp: 2026-06-18 13:30:46.582119, function: null, file: null}
00:09 +263 ~1: /Users/jose/src/work/hydracamv2/test/services/hydracam_api_service_test.dart: endSession preserves encoded session guid query values
Log registered: {message: Get token, timestamp: 2026-06-18 13:30:46.583956, function: null, file: null}
Log registered: {message: Session ended successfully, timestamp: 2026-06-18 13:30:46.584760, function: null, file: null}
00:09 +264 ~1: /Users/jose/src/work/hydracamv2/test/services/hydracam_api_service_test.dart: deleteDebugSession sends service cleanup identifiers
Log registered: {message: Get token, timestamp: 2026-06-18 13:30:46.586460, function: null, file: null}
Log registered: {message: Debug session deleted from service: debug guid/one+two, timestamp: 2026-06-18 13:30:46.587011, function: null, file: null}
00:09 +265 ~1: /Users/jose/src/work/hydracamv2/test/services/hydracam_api_service_test.dart: user lookups use centralized user contract endpoints
Log registered: {message: Get token, timestamp: 2026-06-18 13:30:46.588446, function: null, file: null}
Log registered: {message: Get token, timestamp: 2026-06-18 13:30:46.589116, function: null, file: null}
00:09 +266 ~1: /Users/jose/src/work/hydracamv2/test/services/gallery_session_matcher_test.dart: matches gallery videos inside an explicit session margin
00:09 +267 ~1: /Users/jose/src/work/hydracamv2/test/services/gallery_session_matcher_test.dart: excludes videos outside the margin and ranks nearest candidates first
00:09 +268 ~1: /Users/jose/src/work/hydracamv2/test/services/gallery_session_matcher_test.dart: matches raw video time ranges without requiring a saved video file
00:10 +269 ~1: /Users/jose/src/work/hydracamv2/test/services/gallery_session_attachment_service_test.dart: copyImportedMedia writes gallery files inside the session directory
Log registered: {message: Copying gallery media into session: /var/folders/6s/dp27g8gn26j9mp36sjfxb9tw0000gn/T/gallery_session_attachment_service_testMXYB9m/camera roll/photo one.jpg -> /var/folders/6s/dp27g8gn26j9mp36sjfxb9tw0000gn/T/gallery_session_attachment_service_testMXYB9m/session_session-guid/gallery_asset_id_one_photo one.jpg, timestamp: 2026-06-18 13:30:46.872852, function: null, file: null}
Log registered: {message: Copied gallery media into session: /var/folders/6s/dp27g8gn26j9mp36sjfxb9tw0000gn/T/gallery_session_attachment_service_testMXYB9m/session_session-guid/gallery_asset_id_one_photo one.jpg, timestamp: 2026-06-18 13:30:46.876989, function: null, file: null}
00:10 +270 ~1: /Users/jose/src/work/hydracamv2/test/services/gallery_session_attachment_service_test.dart: copyImportedMedia does not overwrite an existing session copy
00:10 +270 ~1: /Users/jose/src/work/hydracamv2/test/services/gallery_session_attachment_service_test.dart: copyImportedMedia writes gallery files inside the session directory
Trace file unavailable: PathNotFoundException: Creation failed, path = '/var/folders/6s/dp27g8gn26j9mp36sjfxb9tw0000gn/T/gallery_session_attachment_service_testMXYB9m/logs' (OS Error: No such file or directory, errno = 2)
00:10 +270 ~1: /Users/jose/src/work/hydracamv2/test/services/gallery_session_attachment_service_test.dart: copyImportedMedia does not overwrite an existing session copy
Log registered: {message: Copying gallery media into session: /var/folders/6s/dp27g8gn26j9mp36sjfxb9tw0000gn/T/gallery_session_attachment_service_test3crSru/camera roll/idempotent.jpg -> /var/folders/6s/dp27g8gn26j9mp36sjfxb9tw0000gn/T/gallery_session_attachment_service_test3crSru/session_copy-idempotent-guid/gallery_copy_idempotent_idempotent.jpg, timestamp: 2026-06-18 13:30:46.888694, function: null, file: null}
Log registered: {message: Copied gallery media into session: /var/folders/6s/dp27g8gn26j9mp36sjfxb9tw0000gn/T/gallery_session_attachment_service_test3crSru/session_copy-idempotent-guid/gallery_copy_idempotent_idempotent.jpg, timestamp: 2026-06-18 13:30:46.889270, function: null, file: null}
Log registered: {message: Reusing existing gallery media session copy: /var/folders/6s/dp27g8gn26j9mp36sjfxb9tw0000gn/T/gallery_session_attachment_service_test3crSru/session_copy-idempotent-guid/gallery_copy_idempotent_idempotent.jpg, timestamp: 2026-06-18 13:30:46.890566, function: null, file: null}
00:10 +271 ~1: /Users/jose/src/work/hydracamv2/test/services/device_level_service_test.dart: DeviceLevelReading reports green level when roll is within two degrees
00:10 +271 ~1: /Users/jose/src/work/hydracamv2/test/services/gallery_session_attachment_service_test.dart: attachImportedMedia copies and registers gallery photos
Log registered: {message: UploaderService: Resetting upload queue and state., timestamp: 2026-06-18 13:30:46.896500, function: null, file: null}
Log registered: {message: UploaderService: Reset completed., timestamp: 2026-06-18 13:30:46.897033, function: null, file: null}
Log registered: {message: Session started with GUID: gallery-guid on device type: Master, timestamp: 2026-06-18 13:30:46.897377, function: null, file: null}
Log registered: {message: Copying gallery media into session: /var/folders/6s/dp27g8gn26j9mp36sjfxb9tw0000gn/T/gallery_session_attachment_service_test1Mt2lM/camera roll/photo two.jpg -> /var/folders/6s/dp27g8gn26j9mp36sjfxb9tw0000gn/T/gallery_session_attachment_service_test1Mt2lM/session_gallery-guid/gallery_gallery_photo_two_photo two.jpg, timestamp: 2026-06-18 13:30:46.898473, function: null, file: null}
Log registered: {message: Copied gallery media into session: /var/folders/6s/dp27g8gn26j9mp36sjfxb9tw0000gn/T/gallery_session_attachment_service_test1Mt2lM/session_gallery-guid/gallery_gallery_photo_two_photo two.jpg, timestamp: 2026-06-18 13:30:46.899087, function: null, file: null}
Log registered: {message: Adding photo to upload queue: /var/folders/6s/dp27g8gn26j9mp36sjfxb9tw0000gn/T/gallery_session_attachment_service_test1Mt2lM/session_gallery-guid/gallery_gallery_photo_two_photo two.jpg, timestamp: 2026-06-18 13:30:46.899617, function: null, file: null}
00:10 +272 ~1: /Users/jose/src/work/hydracamv2/test/services/gallery_session_attachment_service_test.dart: attachImportedMedia copies and registers gallery photos
Log registered: {message: Session metadata saved to /var/folders/6s/dp27g8gn26j9mp36sjfxb9tw0000gn/T/gallery_session_attachment_service_test1Mt2lM/session_gallery-guid/metadata.json, timestamp: 2026-06-18 13:30:46.901500, function: null, file: null}
00:10 +273 ~1: /Users/jose/src/work/hydracamv2/test/services/gallery_session_attachment_service_test.dart: attachImportedMedia copies and registers gallery photos
Log registered: {message: [UploaderService] No uploaded media with valid durations. Returning zero duration., timestamp: 2026-06-18 13:30:46.902416, function: null, file: null}
Log registered: {message: Media added to upload queue: /var/folders/6s/dp27g8gn26j9mp36sjfxb9tw0000gn/T/gallery_session_attachment_service_test1Mt2lM/session_gallery-guid/gallery_gallery_photo_two_photo two.jpg, timestamp: 2026-06-18 13:30:46.902579, function: null, file: null}
00:10 +274 ~1: /Users/jose/src/work/hydracamv2/test/services/gallery_session_attachment_service_test.dart: attachImportedMedia copies and registers gallery photos
Log registered: {message: Auto-upload is disabled. Media added to queue but not uploaded., timestamp: 2026-06-18 13:30:46.903493, function: null, file: null}
00:10 +275 ~1: /Users/jose/src/work/hydracamv2/test/services/gallery_session_attachment_service_test.dart: attachImportedMedia copies and registers gallery photos
Log registered: {message: Session metadata saved to /var/folders/6s/dp27g8gn26j9mp36sjfxb9tw0000gn/T/gallery_session_attachment_service_test1Mt2lM/session_gallery-guid/metadata.json, timestamp: 2026-06-18 13:30:46.906414, function: null, file: null}
Log registered: {message: UploaderService: Resetting upload queue and state., timestamp: 2026-06-18 13:30:46.906585, function: null, file: null}
Log registered: {message: UploaderService: Reset completed., timestamp: 2026-06-18 13:30:46.906663, function: null, file: null}
Log registered: {message: Session ended and uploader reset., timestamp: 2026-06-18 13:30:46.906721, function: null, file: null}
00:10 +276 ~1: /Users/jose/src/work/hydracamv2/test/services/gallery_session_attachment_service_test.dart: attachImportedMedia does not duplicate the same gallery photo
Log registered: {message: UploaderService: Resetting upload queue and state., timestamp: 2026-06-18 13:30:46.908955, function: null, file: null}
Log registered: {message: UploaderService: Reset completed., timestamp: 2026-06-18 13:30:46.909041, function: null, file: null}
Log registered: {message: Session started with GUID: duplicate-gallery-guid on device type: Master, timestamp: 2026-06-18 13:30:46.909198, function: null, file: null}
Log registered: {message: Copying gallery media into session: /var/folders/6s/dp27g8gn26j9mp36sjfxb9tw0000gn/T/gallery_session_attachment_service_testJxdGrR/camera roll/duplicate.jpg -> /var/folders/6s/dp27g8gn26j9mp36sjfxb9tw0000gn/T/gallery_session_attachment_service_testJxdGrR/session_duplicate-gallery-guid/gallery_duplicate_photo_duplicate.jpg, timestamp: 2026-06-18 13:30:46.910030, function: null, file: null}
Log registered: {message: Copied gallery media into session: /var/folders/6s/dp27g8gn26j9mp36sjfxb9tw0000gn/T/gallery_session_attachment_service_testJxdGrR/session_duplicate-gallery-guid/gallery_duplicate_photo_duplicate.jpg, timestamp: 2026-06-18 13:30:46.910609, function: null, file: null}
Log registered: {message: Adding photo to upload queue: /var/folders/6s/dp27g8gn26j9mp36sjfxb9tw0000gn/T/gallery_session_attachment_service_testJxdGrR/session_duplicate-gallery-guid/gallery_duplicate_photo_duplicate.jpg, timestamp: 2026-06-18 13:30:46.910732, function: null, file: null}
Log registered: {message: Session metadata saved to /var/folders/6s/dp27g8gn26j9mp36sjfxb9tw0000gn/T/gallery_session_attachment_service_testJxdGrR/session_duplicate-gallery-guid/metadata.json, timestamp: 2026-06-18 13:30:46.911409, function: null, file: null}
Log registered: {message: [UploaderService] No uploaded media with valid durations. Returning zero duration., timestamp: 2026-06-18 13:30:46.911572, function: null, file: null}
Log registered: {message: Media added to upload queue: /var/folders/6s/dp27g8gn26j9mp36sjfxb9tw0000gn/T/gallery_session_attachment_service_testJxdGrR/session_duplicate-gallery-guid/gallery_duplicate_photo_duplicate.jpg, timestamp: 2026-06-18 13:30:46.911693, function: null, file: null}
Log registered: {message: Auto-upload is disabled. Media added to queue but not uploaded., timestamp: 2026-06-18 13:30:46.911856, function: null, file: null}
Log registered: {message: Skipping duplicate gallery photo attachment: /var/folders/6s/dp27g8gn26j9mp36sjfxb9tw0000gn/T/gallery_session_attachment_service_testJxdGrR/session_duplicate-gallery-guid/gallery_duplicate_photo_duplicate.jpg, timestamp: 2026-06-18 13:30:46.912187, function: null, file: null}
Log registered: {message: Session metadata saved to /var/folders/6s/dp27g8gn26j9mp36sjfxb9tw0000gn/T/gallery_session_attachment_service_testJxdGrR/session_duplicate-gallery-guid/metadata.json, timestamp: 2026-06-18 13:30:46.913734, function: null, file: null}
Log registered: {message: UploaderService: Resetting upload queue and state., timestamp: 2026-06-18 13:30:46.913850, function: null, file: null}
Log registered: {message: UploaderService: Reset completed., timestamp: 2026-06-18 13:30:46.913976, function: null, file: null}
Log registered: {message: Session ended and uploader reset., timestamp: 2026-06-18 13:30:46.914078, function: null, file: null}
00:10 +277 ~1: /Users/jose/src/work/hydracamv2/test/services/gallery_session_attachment_service_test.dart: duplicate gallery attachment does not overwrite the session copy
Log registered: {message: UploaderService: Resetting upload queue and state., timestamp: 2026-06-18 13:30:46.919148, function: null, file: null}
Log registered: {message: UploaderService: Reset completed., timestamp: 2026-06-18 13:30:46.919249, function: null, file: null}
Log registered: {message: Session started with GUID: duplicate-copy-guid on device type: Master, timestamp: 2026-06-18 13:30:46.919344, function: null, file: null}
Log registered: {message: Copying gallery media into session: /var/folders/6s/dp27g8gn26j9mp36sjfxb9tw0000gn/T/gallery_session_attachment_service_testqIdR16/camera roll/overwrite.jpg -> /var/folders/6s/dp27g8gn26j9mp36sjfxb9tw0000gn/T/gallery_session_attachment_service_testqIdR16/session_duplicate-copy-guid/gallery_duplicate_copy_overwrite.jpg, timestamp: 2026-06-18 13:30:46.920077, function: null, file: null}
Log registered: {message: Copied gallery media into session: /var/folders/6s/dp27g8gn26j9mp36sjfxb9tw0000gn/T/gallery_session_attachment_service_testqIdR16/session_duplicate-copy-guid/gallery_duplicate_copy_overwrite.jpg, timestamp: 2026-06-18 13:30:46.921109, function: null, file: null}
Log registered: {message: Adding photo to upload queue: /var/folders/6s/dp27g8gn26j9mp36sjfxb9tw0000gn/T/gallery_session_attachment_service_testqIdR16/session_duplicate-copy-guid/gallery_duplicate_copy_overwrite.jpg, timestamp: 2026-06-18 13:30:46.921234, function: null, file: null}
Log registered: {message: Session metadata saved to /var/folders/6s/dp27g8gn26j9mp36sjfxb9tw0000gn/T/gallery_session_attachment_service_testqIdR16/session_duplicate-copy-guid/metadata.json, timestamp: 2026-06-18 13:30:46.922911, function: null, file: null}
Log registered: {message: [UploaderService] No uploaded media with valid durations. Returning zero duration., timestamp: 2026-06-18 13:30:46.923066, function: null, file: null}
Log registered: {message: Media added to upload queue: /var/folders/6s/dp27g8gn26j9mp36sjfxb9tw0000gn/T/gallery_session_attachment_service_testqIdR16/session_duplicate-copy-guid/gallery_duplicate_copy_overwrite.jpg, timestamp: 2026-06-18 13:30:46.923183, function: null, file: null}
Log registered: {message: Auto-upload is disabled. Media added to queue but not uploaded., timestamp: 2026-06-18 13:30:46.923333, function: null, file: null}
Log registered: {message: Skipping duplicate gallery photo attachment: /var/folders/6s/dp27g8gn26j9mp36sjfxb9tw0000gn/T/gallery_session_attachment_service_testqIdR16/session_duplicate-copy-guid/gallery_duplicate_copy_overwrite.jpg, timestamp: 2026-06-18 13:30:46.923792, function: null, file: null}
Log registered: {message: Session metadata saved to /var/folders/6s/dp27g8gn26j9mp36sjfxb9tw0000gn/T/gallery_session_attachment_service_testqIdR16/session_duplicate-copy-guid/metadata.json, timestamp: 2026-06-18 13:30:46.924799, function: null, file: null}
Log registered: {message: UploaderService: Resetting upload queue and state., timestamp: 2026-06-18 13:30:46.924923, function: null, file: null}
Log registered: {message: UploaderService: Reset completed., timestamp: 2026-06-18 13:30:46.924989, function: null, file: null}
Log registered: {message: Session ended and uploader reset., timestamp: 2026-06-18 13:30:46.925042, function: null, file: null}
00:10 +278 ~1: /Users/jose/src/work/hydracamv2/test/services/log_service_test.dart: registerLog stores message, timestamp, function, and file
Log registered: {message: Profile startup marker, timestamp: 2026-06-07 13:30:00.000, function: main, file: main.dart}
00:10 +279 ~1: /Users/jose/src/work/hydracamv2/test/services/log_service_test.dart: clearLogs removes stored entries
Log registered: {message: temporary entry, timestamp: 2026-06-18 13:30:46.940179, function: null, file: null}
00:10 +280 ~1: /Users/jose/src/work/hydracamv2/test/services/log_service_test.dart: trace persistence retries after a transient path failure
Log registered: {message: before path is ready, timestamp: 2026-06-18 13:30:46.942620, function: null, file: null}
Trace file unavailable: FileSystemException: documents path unavailable, path = ''
Log registered: {message: after path is ready, timestamp: 2026-06-18 13:30:46.946286, function: null, file: null}
00:10 +281 ~1: /Users/jose/src/work/hydracamv2/test/services/log_service_test.dart: trace persistence reports repeated path failures once
00:10 +282 ~1: /Users/jose/src/work/hydracamv2/test/services/log_service_test.dart: (tearDownAll)
00:10 +282 ~1: /Users/jose/src/work/hydracamv2/test/services/camera_service_test.dart: CameraService Recording state isRecording starts as false
00:10 +283 ~1: /Users/jose/src/work/hydracamv2/test/services/camera_service_test.dart: CameraService Recording state recordingInterrupted starts as false
00:10 +284 ~1: /Users/jose/src/work/hydracamv2/test/services/camera_service_test.dart: CameraService Storage constraints storage service is correctly wired
00:10 +285 ~1: /Users/jose/src/work/hydracamv2/test/services/camera_service_test.dart: CameraService Force stop recording forceStopRecordingDueToStorage API exists
00:10 +286 ~1: /Users/jose/src/work/hydracamv2/test/services/scheduled_task_service_test.dart: computes delay from corrected local time
00:10 +287 ~1: /Users/jose/src/work/hydracamv2/test/services/scheduled_task_service_test.dart: runs scheduled tasks immediately when corrected time has passed
00:10 +288 ~1: /Users/jose/src/work/hydracamv2/test/services/scheduled_task_service_test.dart: past-due async scheduled tasks can be awaited
00:10 +289 ~1: /Users/jose/src/work/hydracamv2/test/services/scheduled_task_service_test.dart: keeps future corrected-time tasks cancellable
00:10 +290 ~1: /Users/jose/src/work/hydracamv2/test/services/scheduled_task_service_test.dart: cancelled scheduled tasks settle the returned future
00:10 +291 ~1: /Users/jose/src/work/hydracamv2/test/services/scheduled_task_service_test.dart: past-due replacement cancels same-id pending task
00:10 +292 ~1: /Users/jose/src/work/hydracamv2/test/services/settings_service_test.dart: master recording defaults off on macOS controller builds
00:10 +293 ~1: /Users/jose/src/work/hydracamv2/test/services/settings_service_test.dart: stored master recording preference overrides macOS default
00:10 +294 ~1: /Users/jose/src/work/hydracamv2/test/services/settings_service_test.dart: new installs default to auto back lens and standard 1080p30
00:10 +295 ~1: /Users/jose/src/work/hydracamv2/test/services/settings_service_test.dart: legacy camera quality migrates to video capture profiles
Log registered: {message: Migrated legacy camera quality to dataSaver480p30, timestamp: 2026-06-18 13:30:47.483628, function: null, file: null}
Trace file unavailable: Binding has not yet been initialized.
The "instance" getter on the ServicesBinding binding mixin is only available once that binding has been initialized.
Typically, this is done by calling "WidgetsFlutterBinding.ensureInitialized()" or "runApp()" (the latter calls the former). Typically this call is done in the "void main()" method. The "ensureInitialized" method is idempotent; calling it multiple times is not harmful. After calling that method, the "instance" getter will return the binding.
In a test, one can call "TestWidgetsFlutterBinding.ensureInitialized()" as the first line in the test's "main()" method to initialize the binding.
If ServicesBinding is a custom binding mixin, there must also be a custom binding class, like WidgetsFlutterBinding, but that mixes in the selected binding, and that is the class that must be constructed before using the "instance" getter.
Log registered: {message: Migrated legacy camera quality to compat720p30, timestamp: 2026-06-18 13:30:47.498374, function: null, file: null}
Log registered: {message: Migrated legacy camera quality to standard1080p30, timestamp: 2026-06-18 13:30:47.498769, function: null, file: null}
00:10 +296 ~1: /Users/jose/src/work/hydracamv2/test/services/settings_service_test.dart: legacy camera quality API writes canonical video profile only
Log registered: {message: Updated video capture profile to compat720p30, timestamp: 2026-06-18 13:30:47.500631, function: null, file: null}
Log registered: {message: Updated legacy camera quality value to medium, timestamp: 2026-06-18 13:30:47.500774, function: null, file: null}
00:10 +297 ~1: /Users/jose/src/work/hydracamv2/test/services/settings_service_test.dart: canonical video profile setter clears stale legacy camera quality
Log registered: {message: Updated video capture profile to sport1080p60, timestamp: 2026-06-18 13:30:47.502440, function: null, file: null}
00:10 +298 ~1: /Users/jose/src/work/hydracamv2/test/services/settings_service_test.dart: stores selected camera name independently from lens preference
Log registered: {message: Updated camera lens preference to ultraWide, timestamp: 2026-06-18 13:30:47.503820, function: null, file: null}
Log registered: {message: Updated selected camera name to iphone-ultra-wide, timestamp: 2026-06-18 13:30:47.504180, function: null, file: null}
00:10 +299 ~1: /Users/jose/src/work/hydracamv2/test/services/settings_service_test.dart: stores selected camera perspective by canonical id
Log registered: {message: Updated camera perspective to right_backglass_diagonal, timestamp: 2026-06-18 13:30:47.505617, function: null, file: null}
00:10 +300 ~1: /Users/jose/src/work/hydracamv2/test/services/settings_service_test.dart: auto-record defaults disabled and can be stored
Log registered: {message: Updated autoRecordMode value to true, timestamp: 2026-06-18 13:30:47.507133, function: null, file: null}
00:10 +301 ~1: /Users/jose/src/work/hydracamv2/test/services/settings_service_test.dart: locale override can be stored and cleared
Log registered: {message: Updated locale override to pl, timestamp: 2026-06-18 13:30:47.508508, function: null, file: null}
Log registered: {message: Cleared locale override, timestamp: 2026-06-18 13:30:47.508835, function: null, file: null}
00:10 +302 ~1: /Users/jose/src/work/hydracamv2/test/services/battery_service_test.dart: skips linux battery plugin when DBus system bus is missing
00:10 +303 ~1: /Users/jose/src/work/hydracamv2/test/services/battery_service_test.dart: BatteryService shows warning when battery level is low
00:10 +303 ~1: /Users/jose/src/work/hydracamv2/test/services/gallery_session_candidate_source_test.dart: loads active and historical gallery candidate sessions once
Log registered: {message: UploaderService: Resetting upload queue and state., timestamp: 2026-06-18 13:30:47.667427, function: null, file: null}
Log registered: {message: UploaderService: Reset completed., timestamp: 2026-06-18 13:30:47.669600, function: null, file: null}
Log registered: {message: Session started with GUID: active-guid on device type: Master, timestamp: 2026-06-18 13:30:47.670756, function: null, file: null}
Log registered: {message: Generated new Device ID: ff0507c3-9e35-467d-b8af-79235ab0520b, timestamp: 2026-06-18 13:30:47.686060, function: null, file: null}
Log registered: {message: Session metadata snapshot loaded for old-guid, timestamp: 2026-06-18 13:30:47.686986, function: null, file: null}
Log registered: {message: Retrieved existing Device ID: ff0507c3-9e35-467d-b8af-79235ab0520b, timestamp: 2026-06-18 13:30:47.687895, function: null, file: null}
Log registered: {message: Session metadata snapshot loaded for active-guid, timestamp: 2026-06-18 13:30:47.688074, function: null, file: null}
Log registered: {message: Session metadata saved to /var/folders/6s/dp27g8gn26j9mp36sjfxb9tw0000gn/T/gallery_session_candidate_source_docsJ2tZCd/session_active-guid/metadata.json, timestamp: 2026-06-18 13:30:47.692670, function: null, file: null}
Log registered: {message: UploaderService: Resetting upload queue and state., timestamp: 2026-06-18 13:30:47.692853, function: null, file: null}
Log registered: {message: UploaderService: Reset completed., timestamp: 2026-06-18 13:30:47.692933, function: null, file: null}
Log registered: {message: Session ended and uploader reset., timestamp: 2026-06-18 13:30:47.692996, function: null, file: null}
00:11 +304 ~1: /Users/jose/src/work/hydracamv2/test/services/battery_service_test.dart: BatteryService shows warning when battery level is low
Log registered: {message: BatteryService monitoring disabled - timer not started., timestamp: 2026-06-18 13:30:47.840535, function: null, file: null}
00:11 +304 ~1: /Users/jose/src/work/hydracamv2/test/services/uploader_service_test.dart: reset clears stale queue, current upload state, and progress
Log registered: {message: UploaderService: Resetting upload queue and state., timestamp: 2026-06-18 13:30:47.864926, function: null, file: null}
Log registered: {message: UploaderService: Reset completed., timestamp: 2026-06-18 13:30:47.866841, function: null, file: null}
Log registered: {message: UploaderService: Resetting upload queue and state., timestamp: 2026-06-18 13:30:47.868296, function: null, file: null}
Log registered: {message: UploaderService: Reset completed., timestamp: 2026-06-18 13:30:47.868456, function: null, file: null}
Log registered: {message: Session started with GUID: uploader-test-guid on device type: Master, timestamp: 2026-06-18 13:30:47.868741, function: null, file: null}
Log registered: {message: [UploaderService] No uploaded media with valid durations. Returning zero duration., timestamp: 2026-06-18 13:30:47.875561, function: null, file: null}
Log registered: {message: Media added to upload queue: /var/folders/6s/dp27g8gn26j9mp36sjfxb9tw0000gn/T/hydracam_uploader_testPouhM4/photo.jpg, timestamp: 2026-06-18 13:30:47.875841, function: null, file: null}
Log registered: {message: Auto-upload is disabled. Media added to queue but not uploaded., timestamp: 2026-06-18 13:30:47.877584, function: null, file: null}
Log registered: {message: UploaderService: Resetting upload queue and state., timestamp: 2026-06-18 13:30:47.879838, function: null, file: null}
Log registered: {message: Cancelled in-flight API requests., timestamp: 2026-06-18 13:30:47.880179, function: null, file: null}
Log registered: {message: UploaderService: Reset completed., timestamp: 2026-06-18 13:30:47.880368, function: null, file: null}
Log registered: {message: Session metadata saved to /var/folders/6s/dp27g8gn26j9mp36sjfxb9tw0000gn/T/uploader_service_docsRysoeR/session_uploader-test-guid/metadata.json, timestamp: 2026-06-18 13:30:47.886335, function: null, file: null}
Log registered: {message: UploaderService: Resetting upload queue and state., timestamp: 2026-06-18 13:30:47.886705, function: null, file: null}
Log registered: {message: UploaderService: Reset completed., timestamp: 2026-06-18 13:30:47.886825, function: null, file: null}
Log registered: {message: Session ended and uploader reset., timestamp: 2026-06-18 13:30:47.886951, function: null, file: null}
Log registered: {message: UploaderService: Resetting upload queue and state., timestamp: 2026-06-18 13:30:47.887078, function: null, file: null}
Log registered: {message: UploaderService: Reset completed., timestamp: 2026-06-18 13:30:47.887143, function: null, file: null}
00:11 +305 ~1: /Users/jose/src/work/hydracamv2/test/services/battery_service_test.dart: BatteryService shows warning when battery level is low
00:11 +305 ~1: /Users/jose/src/work/hydracamv2/test/services/uploader_service_test.dart: addMediaToQueue can be awaited through settings evaluation
Log registered: {message: UploaderService: Resetting upload queue and state., timestamp: 2026-06-18 13:30:47.888821, function: null, file: null}
Log registered: {message: UploaderService: Reset completed., timestamp: 2026-06-18 13:30:47.888929, function: null, file: null}
Log registered: {message: UploaderService: Resetting upload queue and state., timestamp: 2026-06-18 13:30:47.889128, function: null, file: null}
Log registered: {message: UploaderService: Reset completed., timestamp: 2026-06-18 13:30:47.889190, function: null, file: null}
Log registered: {message: Session started with GUID: uploader-test-guid on device type: Master, timestamp: 2026-06-18 13:30:47.889251, function: null, file: null}
Log registered: {message: [UploaderService] No uploaded media with valid durations. Returning zero duration., timestamp: 2026-06-18 13:30:47.889792, function: null, file: null}
Log registered: {message: Media added to upload queue: /var/folders/6s/dp27g8gn26j9mp36sjfxb9tw0000gn/T/hydracam_uploader_testSb4XU7/awaitable-enqueue.jpg, timestamp: 2026-06-18 13:30:47.889893, function: null, file: null}
Log registered: {message: Auto-upload is disabled. Media added to queue but not uploaded., timestamp: 2026-06-18 13:30:47.890111, function: null, file: null}
Log registered: {message: Session metadata saved to /var/folders/6s/dp27g8gn26j9mp36sjfxb9tw0000gn/T/uploader_service_docsRysoeR/session_uploader-test-guid/metadata.json, timestamp: 2026-06-18 13:30:47.891545, function: null, file: null}
Log registered: {message: UploaderService: Resetting upload queue and state., timestamp: 2026-06-18 13:30:47.891664, function: null, file: null}
Log registered: {message: UploaderService: Reset completed., timestamp: 2026-06-18 13:30:47.891732, function: null, file: null}
Log registered: {message: Session ended and uploader reset., timestamp: 2026-06-18 13:30:47.891785, function: null, file: null}
Log registered: {message: UploaderService: Resetting upload queue and state., timestamp: 2026-06-18 13:30:47.891839, function: null, file: null}
Log registered: {message: UploaderService: Reset completed., timestamp: 2026-06-18 13:30:47.891891, function: null, file: null}
00:11 +306 ~1: /Users/jose/src/work/hydracamv2/test/services/battery_service_test.dart: BatteryService shows warning when battery level is low
00:11 +306 ~1: /Users/jose/src/work/hydracamv2/test/services/uploader_service_test.dart: startUploadingManually can be awaited until the queue drains
Log registered: {message: UploaderService: Resetting upload queue and state., timestamp: 2026-06-18 13:30:47.893083, function: null, file: null}
Log registered: {message: UploaderService: Reset completed., timestamp: 2026-06-18 13:30:47.893197, function: null, file: null}
Log registered: {message: UploaderService: Resetting upload queue and state., timestamp: 2026-06-18 13:30:47.893382, function: null, file: null}
Log registered: {message: UploaderService: Reset completed., timestamp: 2026-06-18 13:30:47.893454, function: null, file: null}
Log registered: {message: Session started with GUID: uploader-test-guid on device type: Master, timestamp: 2026-06-18 13:30:47.893540, function: null, file: null}
Log registered: {message: [UploaderService] No uploaded media with valid durations. Returning zero duration., timestamp: 2026-06-18 13:30:47.894416, function: null, file: null}
Log registered: {message: Media added to upload queue: /var/folders/6s/dp27g8gn26j9mp36sjfxb9tw0000gn/T/hydracam_uploader_testEppflc/await-manual-first.jpg, timestamp: 2026-06-18 13:30:47.894548, function: null, file: null}
Log registered: {message: Auto-upload is disabled. Media added to queue but not uploaded., timestamp: 2026-06-18 13:30:47.894869, function: null, file: null}
Log registered: {message: [UploaderService] No uploaded media with valid durations. Returning zero duration., timestamp: 2026-06-18 13:30:47.895160, function: null, file: null}
Log registered: {message: Media added to upload queue: /var/folders/6s/dp27g8gn26j9mp36sjfxb9tw0000gn/T/hydracam_uploader_testEppflc/await-manual-second.jpg, timestamp: 2026-06-18 13:30:47.895278, function: null, file: null}
Log registered: {message: Auto-upload is disabled. Media added to queue but not uploaded., timestamp: 2026-06-18 13:30:47.895450, function: null, file: null}
Log registered: {message: Manual upload initiated., timestamp: 2026-06-18 13:30:47.895570, function: null, file: null}
Log registered: {message: UploaderService: _startUploading called. _isUploading=false, queue length=2, timestamp: 2026-06-18 13:30:47.895755, function: null, file: null}
Log registered: {message: UploaderService: _processNextItem called. Queue length=2, timestamp: 2026-06-18 13:30:47.896269, function: null, file: null}
Log registered: {message: UploaderService: sessionGuid=uploader-test-guid, timestamp: 2026-06-18 13:30:47.896496, function: null, file: null}
Log registered: {message: Get token, timestamp: 2026-06-18 13:30:47.898676, function: null, file: null}
00:11 +307 ~1: /Users/jose/src/work/hydracamv2/test/services/uploader_service_test.dart: startUploadingManually can be awaited until the queue drains
Log registered: {message: Media uploaded successfully, timestamp: 2026-06-18 13:30:47.911681, function: null, file: null}
Log registered: {message: Media uploaded: /var/folders/6s/dp27g8gn26j9mp36sjfxb9tw0000gn/T/hydracam_uploader_testEppflc/await-manual-first.jpg, timestamp: 2026-06-18 13:30:47.911997, function: null, file: null}
Log registered: {message: Session metadata saved to /var/folders/6s/dp27g8gn26j9mp36sjfxb9tw0000gn/T/uploader_service_docsRysoeR/session_uploader-test-guid/metadata.json, timestamp: 2026-06-18 13:30:47.912922, function: null, file: null}
Log registered: {message: [UploaderService] Total bytes uploaded: 6, timestamp: 2026-06-18 13:30:47.913487, function: null, file: null}
Log registered: {message: [UploaderService] Total upload duration: 0 seconds, timestamp: 2026-06-18 13:30:47.913743, function: null, file: null}
Log registered: {message: [UploaderService] Average speed: 388.52554555462024 bytes/second, timestamp: 2026-06-18 13:30:47.914221, function: null, file: null}
Log registered: {message: [UploaderService] Remaining bytes to upload: 6, timestamp: 2026-06-18 13:30:47.914398, function: null, file: null}
Log registered: {message: [UploaderService] Estimated time: 0.015442999999999998 seconds, timestamp: 2026-06-18 13:30:47.914467, function: null, file: null}
Log registered: {message: UploaderService: _processNextItem called. Queue length=1, timestamp: 2026-06-18 13:30:47.914608, function: null, file: null}
Log registered: {message: UploaderService: sessionGuid=uploader-test-guid, timestamp: 2026-06-18 13:30:47.914666, function: null, file: null}
Log registered: {message: Get token, timestamp: 2026-06-18 13:30:47.915401, function: null, file: null}
Log registered: {message: Media uploaded successfully, timestamp: 2026-06-18 13:30:47.916904, function: null, file: null}
Log registered: {message: Media uploaded: /var/folders/6s/dp27g8gn26j9mp36sjfxb9tw0000gn/T/hydracam_uploader_testEppflc/await-manual-second.jpg, timestamp: 2026-06-18 13:30:47.917024, function: null, file: null}
Log registered: {message: Session metadata saved to /var/folders/6s/dp27g8gn26j9mp36sjfxb9tw0000gn/T/uploader_service_docsRysoeR/session_uploader-test-guid/metadata.json, timestamp: 2026-06-18 13:30:47.917593, function: null, file: null}
Log registered: {message: [UploaderService] Queue is empty. Returning zero duration., timestamp: 2026-06-18 13:30:47.917710, function: null, file: null}
Log registered: {message: UploaderService: _processNextItem called. Queue length=0, timestamp: 2026-06-18 13:30:47.917776, function: null, file: null}
Log registered: {message: UploaderService: Queue is empty. Uploading stopped., timestamp: 2026-06-18 13:30:47.917877, function: null, file: null}
Log registered: {message: Session metadata saved to /var/folders/6s/dp27g8gn26j9mp36sjfxb9tw0000gn/T/uploader_service_docsRysoeR/session_uploader-test-guid/metadata.json, timestamp: 2026-06-18 13:30:47.918957, function: null, file: null}
Log registered: {message: UploaderService: Resetting upload queue and state., timestamp: 2026-06-18 13:30:47.919063, function: null, file: null}
Log registered: {message: UploaderService: Reset completed., timestamp: 2026-06-18 13:30:47.919126, function: null, file: null}
Log registered: {message: Session ended and uploader reset., timestamp: 2026-06-18 13:30:47.919178, function: null, file: null}
Log registered: {message: UploaderService: Resetting upload queue and state., timestamp: 2026-06-18 13:30:47.919229, function: null, file: null}
Log registered: {message: UploaderService: Reset completed., timestamp: 2026-06-18 13:30:47.919274, function: null, file: null}
00:11 +308 ~1: /Users/jose/src/work/hydracamv2/test/services/battery_service_test.dart: BatteryService triggers one autostop when battery becomes critical
00:11 +308 ~1: /Users/jose/src/work/hydracamv2/test/services/uploader_service_test.dart: addMediaToQueue refuses media when no service session is active
Log registered: {message: UploaderService: Resetting upload queue and state., timestamp: 2026-06-18 13:30:47.920606, function: null, file: null}
Log registered: {message: UploaderService: Reset completed., timestamp: 2026-06-18 13:30:47.920738, function: null, file: null}
Log registered: {message: UploaderService: Resetting upload queue and state., timestamp: 2026-06-18 13:30:47.921005, function: null, file: null}
Log registered: {message: UploaderService: Reset completed., timestamp: 2026-06-18 13:30:47.921132, function: null, file: null}
Log registered: {message: Session started with GUID: uploader-test-guid on device type: Master, timestamp: 2026-06-18 13:30:47.921240, function: null, file: null}
Log registered: {message: Session metadata saved to /var/folders/6s/dp27g8gn26j9mp36sjfxb9tw0000gn/T/uploader_service_docsRysoeR/session_uploader-test-guid/metadata.json, timestamp: 2026-06-18 13:30:47.922428, function: null, file: null}
Log registered: {message: UploaderService: Resetting upload queue and state., timestamp: 2026-06-18 13:30:47.922596, function: null, file: null}
Log registered: {message: UploaderService: Reset completed., timestamp: 2026-06-18 13:30:47.922699, function: null, file: null}
Log registered: {message: Session ended and uploader reset., timestamp: 2026-06-18 13:30:47.922763, function: null, file: null}
Log registered: {message: Upload blocked: no active service session is available for this media., timestamp: 2026-06-18 13:30:47.923117, function: null, file: null}
Log registered: {message: UploaderService: Resetting upload queue and state., timestamp: 2026-06-18 13:30:47.923490, function: null, file: null}
Log registered: {message: UploaderService: Reset completed., timestamp: 2026-06-18 13:30:47.923557, function: null, file: null}
00:11 +309 ~1: /Users/jose/src/work/hydracamv2/test/services/battery_service_test.dart: BatteryService triggers one autostop when battery becomes critical
Log registered: {message: BatteryService monitoring disabled - timer not started., timestamp: 2026-06-18 13:30:47.924599, function: null, file: null}
Log registered: {message: Critical battery: triggering recording stop at 8%., timestamp: 2026-06-18 13:30:47.924896, function: null, file: null}
00:11 +309 ~1: /Users/jose/src/work/hydracamv2/test/services/uploader_service_test.dart: startUploadingManually marks missing queued file as failed
Log registered: {message: UploaderService: Resetting upload queue and state., timestamp: 2026-06-18 13:30:47.924972, function: null, file: null}
Log registered: {message: UploaderService: Reset completed., timestamp: 2026-06-18 13:30:47.925094, function: null, file: null}
Log registered: {message: UploaderService: Resetting upload queue and state., timestamp: 2026-06-18 13:30:47.925264, function: null, file: null}
Log registered: {message: UploaderService: Reset completed., timestamp: 2026-06-18 13:30:47.925319, function: null, file: null}
Log registered: {message: Session started with GUID: uploader-test-guid on device type: Master, timestamp: 2026-06-18 13:30:47.925370, function: null, file: null}
Log registered: {message: UploaderService: Resetting upload queue and state., timestamp: 2026-06-18 13:30:47.925912, function: null, file: null}
Log registered: {message: UploaderService: Reset completed., timestamp: 2026-06-18 13:30:47.926005, function: null, file: null}
Log registered: {message: Session started with GUID: missing-file-session-guid on device type: Master, timestamp: 2026-06-18 13:30:47.926060, function: null, file: null}
Log registered: {message: Adding photo to upload queue: /var/folders/6s/dp27g8gn26j9mp36sjfxb9tw0000gn/T/hydracam_uploader_testR4jANE/deleted-before-upload.jpg, timestamp: 2026-06-18 13:30:47.926543, function: null, file: null}
Log registered: {message: Session metadata saved to /var/folders/6s/dp27g8gn26j9mp36sjfxb9tw0000gn/T/uploader_service_docsRysoeR/session_missing-file-session-guid/metadata.json, timestamp: 2026-06-18 13:30:47.927834, function: null, file: null}
Log registered: {message: [UploaderService] No uploaded media with valid durations. Returning zero duration., timestamp: 2026-06-18 13:30:47.927979, function: null, file: null}
Log registered: {message: Media added to upload queue: /var/folders/6s/dp27g8gn26j9mp36sjfxb9tw0000gn/T/hydracam_uploader_testR4jANE/deleted-before-upload.jpg, timestamp: 2026-06-18 13:30:47.928044, function: null, file: null}
Log registered: {message: Auto-upload is disabled. Media added to queue but not uploaded., timestamp: 2026-06-18 13:30:47.928235, function: null, file: null}
Log registered: {message: Manual upload initiated., timestamp: 2026-06-18 13:30:47.928705, function: null, file: null}
Log registered: {message: UploaderService: _startUploading called. _isUploading=false, queue length=1, timestamp: 2026-06-18 13:30:47.928803, function: null, file: null}
Log registered: {message: UploaderService: _processNextItem called. Queue length=1, timestamp: 2026-06-18 13:30:47.928891, function: null, file: null}
Log registered: {message: UploaderService: sessionGuid=missing-file-session-guid, timestamp: 2026-06-18 13:30:47.929022, function: null, file: null}
Log registered: {message: UploaderService: File does not exist: /var/folders/6s/dp27g8gn26j9mp36sjfxb9tw0000gn/T/hydracam_uploader_testR4jANE/deleted-before-upload.jpg, timestamp: 2026-06-18 13:30:47.929152, function: null, file: null}
Log registered: {message: Session metadata saved to /var/folders/6s/dp27g8gn26j9mp36sjfxb9tw0000gn/T/uploader_service_docsRysoeR/session_missing-file-session-guid/metadata.json, timestamp: 2026-06-18 13:30:47.929786, function: null, file: null}
Log registered: {message: [UploaderService] Queue is empty. Returning zero duration., timestamp: 2026-06-18 13:30:47.929884, function: null, file: null}
Log registered: {message: UploaderService: _processNextItem called. Queue length=0, timestamp: 2026-06-18 13:30:47.929965, function: null, file: null}
Log registered: {message: UploaderService: Queue is empty. Uploading stopped., timestamp: 2026-06-18 13:30:47.930052, function: null, file: null}
Log registered: {message: Session metadata saved to /var/folders/6s/dp27g8gn26j9mp36sjfxb9tw0000gn/T/uploader_service_docsRysoeR/session_missing-file-session-guid/metadata.json, timestamp: 2026-06-18 13:30:47.933417, function: null, file: null}
Log registered: {message: UploaderService: Resetting upload queue and state., timestamp: 2026-06-18 13:30:47.933561, function: null, file: null}
Log registered: {message: UploaderService: Reset completed., timestamp: 2026-06-18 13:30:47.933619, function: null, file: null}
Log registered: {message: Session ended and uploader reset., timestamp: 2026-06-18 13:30:47.933667, function: null, file: null}
Log registered: {message: UploaderService: Resetting upload queue and state., timestamp: 2026-06-18 13:30:47.933718, function: null, file: null}
Log registered: {message: UploaderService: Reset completed., timestamp: 2026-06-18 13:30:47.933760, function: null, file: null}
00:11 +310 ~1: /Users/jose/src/work/hydracamv2/test/services/battery_service_test.dart: BatteryService triggers one autostop when battery becomes critical
00:11 +310 ~1: /Users/jose/src/work/hydracamv2/test/services/uploader_service_test.dart: debug session upload deletes local media even when user setting is false
Log registered: {message: UploaderService: Resetting upload queue and state., timestamp: 2026-06-18 13:30:47.935183, function: null, file: null}
Log registered: {message: UploaderService: Reset completed., timestamp: 2026-06-18 13:30:47.935267, function: null, file: null}
Log registered: {message: UploaderService: Resetting upload queue and state., timestamp: 2026-06-18 13:30:47.935472, function: null, file: null}
Log registered: {message: UploaderService: Reset completed., timestamp: 2026-06-18 13:30:47.935530, function: null, file: null}
Log registered: {message: Session started with GUID: uploader-test-guid on device type: Master, timestamp: 2026-06-18 13:30:47.935578, function: null, file: null}
Log registered: {message: Update delete local file after upload value to false, timestamp: 2026-06-18 13:30:47.936360, function: null, file: null}
Log registered: {message: UploaderService: Resetting upload queue and state., timestamp: 2026-06-18 13:30:47.936522, function: null, file: null}
Log registered: {message: UploaderService: Reset completed., timestamp: 2026-06-18 13:30:47.936636, function: null, file: null}
Log registered: {message: Session started with GUID: debug-service-session-guid on device type: Master, timestamp: 2026-06-18 13:30:47.936706, function: null, file: null}
Log registered: {message: Adding photo to upload queue: /var/folders/6s/dp27g8gn26j9mp36sjfxb9tw0000gn/T/hydracam_uploader_testU6s22w/debug-photo.jpg, timestamp: 2026-06-18 13:30:47.937208, function: null, file: null}
Log registered: {message: Session metadata saved to /var/folders/6s/dp27g8gn26j9mp36sjfxb9tw0000gn/T/uploader_service_docsRysoeR/session_debug-service-session-guid/metadata.json, timestamp: 2026-06-18 13:30:47.938178, function: null, file: null}
Log registered: {message: [UploaderService] No uploaded media with valid durations. Returning zero duration., timestamp: 2026-06-18 13:30:47.938298, function: null, file: null}
Log registered: {message: Media added to upload queue: /var/folders/6s/dp27g8gn26j9mp36sjfxb9tw0000gn/T/hydracam_uploader_testU6s22w/debug-photo.jpg, timestamp: 2026-06-18 13:30:47.938364, function: null, file: null}
Log registered: {message: Auto-upload is disabled. Media added to queue but not uploaded., timestamp: 2026-06-18 13:30:47.938506, function: null, file: null}
Log registered: {message: Manual upload initiated., timestamp: 2026-06-18 13:30:47.938592, function: null, file: null}
Log registered: {message: UploaderService: _startUploading called. _isUploading=false, queue length=1, timestamp: 2026-06-18 13:30:47.938666, function: null, file: null}
Log registered: {message: UploaderService: _processNextItem called. Queue length=1, timestamp: 2026-06-18 13:30:47.938795, function: null, file: null}
Log registered: {message: UploaderService: sessionGuid=debug-service-session-guid, timestamp: 2026-06-18 13:30:47.939249, function: null, file: null}
Log registered: {message: Get token, timestamp: 2026-06-18 13:30:47.939870, function: null, file: null}
00:11 +310 ~1: /Users/jose/src/work/hydracamv2/test/services/battery_service_test.dart: BatteryService triggers one autostop when battery becomes critical
Log registered: {message: Critical battery: triggering recording stop at 8%., timestamp: 2026-06-18 13:30:47.939791, function: null, file: null}
00:11 +310 ~1: /Users/jose/src/work/hydracamv2/test/services/uploader_service_test.dart: debug session upload deletes local media even when user setting is false
Log registered: {message: Media uploaded successfully, timestamp: 2026-06-18 13:30:47.943493, function: null, file: null}
Log registered: {message: Media uploaded: /var/folders/6s/dp27g8gn26j9mp36sjfxb9tw0000gn/T/hydracam_uploader_testU6s22w/debug-photo.jpg, timestamp: 2026-06-18 13:30:47.943736, function: null, file: null}
Log registered: {message: Session metadata saved to /var/folders/6s/dp27g8gn26j9mp36sjfxb9tw0000gn/T/uploader_service_docsRysoeR/session_debug-service-session-guid/metadata.json, timestamp: 2026-06-18 13:30:47.945039, function: null, file: null}
Log registered: {message: Deleted uploaded local file: /var/folders/6s/dp27g8gn26j9mp36sjfxb9tw0000gn/T/hydracam_uploader_testU6s22w/debug-photo.jpg, timestamp: 2026-06-18 13:30:47.945765, function: null, file: null}
Log registered: {message: [UploaderService] Queue is empty. Returning zero duration., timestamp: 2026-06-18 13:30:47.945953, function: null, file: null}
Log registered: {message: UploaderService: _processNextItem called. Queue length=0, timestamp: 2026-06-18 13:30:47.946029, function: null, file: null}
Log registered: {message: UploaderService: Queue is empty. Uploading stopped., timestamp: 2026-06-18 13:30:47.946081, function: null, file: null}
Log registered: {message: Session metadata saved to /var/folders/6s/dp27g8gn26j9mp36sjfxb9tw0000gn/T/uploader_service_docsRysoeR/session_debug-service-session-guid/metadata.json, timestamp: 2026-06-18 13:30:47.947222, function: null, file: null}
Log registered: {message: UploaderService: Resetting upload queue and state., timestamp: 2026-06-18 13:30:47.947349, function: null, file: null}
Log registered: {message: UploaderService: Reset completed., timestamp: 2026-06-18 13:30:47.947408, function: null, file: null}
Log registered: {message: Session ended and uploader reset., timestamp: 2026-06-18 13:30:47.947459, function: null, file: null}
Log registered: {message: UploaderService: Resetting upload queue and state., timestamp: 2026-06-18 13:30:47.947624, function: null, file: null}
Log registered: {message: UploaderService: Reset completed., timestamp: 2026-06-18 13:30:47.947729, function: null, file: null}
00:11 +311 ~1: /Users/jose/src/work/hydracamv2/test/services/battery_service_test.dart: BatteryService triggers one autostop when battery becomes critical
00:11 +312 ~1: /Users/jose/src/work/hydracamv2/test/services/uploader_service_test.dart: cancelQueuedMedia removes a pending item without touching others
Log registered: {message: UploaderService: Resetting upload queue and state., timestamp: 2026-06-18 13:30:47.949464, function: null, file: null}
Log registered: {message: UploaderService: Reset completed., timestamp: 2026-06-18 13:30:47.949608, function: null, file: null}
Log registered: {message: UploaderService: Resetting upload queue and state., timestamp: 2026-06-18 13:30:47.949836, function: null, file: null}
Log registered: {message: UploaderService: Reset completed., timestamp: 2026-06-18 13:30:47.949893, function: null, file: null}
Log registered: {message: Session started with GUID: uploader-test-guid on device type: Master, timestamp: 2026-06-18 13:30:47.949944, function: null, file: null}
Log registered: {message: [UploaderService] No uploaded media with valid durations. Returning zero duration., timestamp: 2026-06-18 13:30:47.950870, function: null, file: null}
Log registered: {message: Media added to upload queue: /var/folders/6s/dp27g8gn26j9mp36sjfxb9tw0000gn/T/hydracam_uploader_test9Ndhjd/first.jpg, timestamp: 2026-06-18 13:30:47.950977, function: null, file: null}
Log registered: {message: Auto-upload is disabled. Media added to queue but not uploaded., timestamp: 2026-06-18 13:30:47.951322, function: null, file: null}
Log registered: {message: [UploaderService] No uploaded media with valid durations. Returning zero duration., timestamp: 2026-06-18 13:30:47.951447, function: null, file: null}
Log registered: {message: Media added to upload queue: /var/folders/6s/dp27g8gn26j9mp36sjfxb9tw0000gn/T/hydracam_uploader_test9Ndhjd/second.jpg, timestamp: 2026-06-18 13:30:47.951500, function: null, file: null}
Log registered: {message: Auto-upload is disabled. Media added to queue but not uploaded., timestamp: 2026-06-18 13:30:47.951576, function: null, file: null}
Log registered: {message: Session metadata saved to /var/folders/6s/dp27g8gn26j9mp36sjfxb9tw0000gn/T/uploader_service_docsRysoeR/session_uploader-test-guid/metadata.json, timestamp: 2026-06-18 13:30:47.952942, function: null, file: null}
Log registered: {message: [UploaderService] No uploaded media with valid durations. Returning zero duration., timestamp: 2026-06-18 13:30:47.953072, function: null, file: null}
Log registered: {message: Cancelled pending upload: /var/folders/6s/dp27g8gn26j9mp36sjfxb9tw0000gn/T/hydracam_uploader_test9Ndhjd/first.jpg, timestamp: 2026-06-18 13:30:47.953155, function: null, file: null}
Log registered: {message: No pending queued media to cancel: /var/folders/6s/dp27g8gn26j9mp36sjfxb9tw0000gn/T/hydracam_uploader_test9Ndhjd/first.jpg, timestamp: 2026-06-18 13:30:47.953325, function: null, file: null}
Log registered: {message: Session metadata saved to /var/folders/6s/dp27g8gn26j9mp36sjfxb9tw0000gn/T/uploader_service_docsRysoeR/session_uploader-test-guid/metadata.json, timestamp: 2026-06-18 13:30:47.955118, function: null, file: null}
Log registered: {message: UploaderService: Resetting upload queue and state., timestamp: 2026-06-18 13:30:47.955373, function: null, file: null}
Log registered: {message: UploaderService: Reset completed., timestamp: 2026-06-18 13:30:47.955709, function: null, file: null}
Log registered: {message: Session ended and uploader reset., timestamp: 2026-06-18 13:30:47.956033, function: null, file: null}
Log registered: {message: UploaderService: Resetting upload queue and state., timestamp: 2026-06-18 13:30:47.956132, function: null, file: null}
Log registered: {message: UploaderService: Reset completed., timestamp: 2026-06-18 13:30:47.956267, function: null, file: null}
00:11 +313 ~1: /Users/jose/src/work/hydracamv2/test/services/battery_service_test.dart: BatteryService throttles repeated low-battery warnings
00:11 +313 ~1: /Users/jose/src/work/hydracamv2/test/services/uploader_service_test.dart: cancelQueuedMedia persists queued cancellation metadata
Log registered: {message: UploaderService: Resetting upload queue and state., timestamp: 2026-06-18 13:30:47.957813, function: null, file: null}
Log registered: {message: UploaderService: Reset completed., timestamp: 2026-06-18 13:30:47.957888, function: null, file: null}
Log registered: {message: UploaderService: Resetting upload queue and state., timestamp: 2026-06-18 13:30:47.958134, function: null, file: null}
Log registered: {message: UploaderService: Reset completed., timestamp: 2026-06-18 13:30:47.958201, function: null, file: null}
Log registered: {message: Session started with GUID: uploader-test-guid on device type: Master, timestamp: 2026-06-18 13:30:47.958255, function: null, file: null}
Log registered: {message: UploaderService: Resetting upload queue and state., timestamp: 2026-06-18 13:30:47.958551, function: null, file: null}
Log registered: {message: UploaderService: Reset completed., timestamp: 2026-06-18 13:30:47.958602, function: null, file: null}
Log registered: {message: Session started with GUID: queued-cancel-metadata-guid on device type: Master, timestamp: 2026-06-18 13:30:47.958642, function: null, file: null}
Log registered: {message: Adding photo to upload queue: /var/folders/6s/dp27g8gn26j9mp36sjfxb9tw0000gn/T/hydracam_uploader_testaeugMW/queued-cancel-metadata.jpg, timestamp: 2026-06-18 13:30:47.958962, function: null, file: null}
Log registered: {message: Session metadata saved to /var/folders/6s/dp27g8gn26j9mp36sjfxb9tw0000gn/T/uploader_service_docsRysoeR/session_queued-cancel-metadata-guid/metadata.json, timestamp: 2026-06-18 13:30:47.959761, function: null, file: null}
Log registered: {message: [UploaderService] No uploaded media with valid durations. Returning zero duration., timestamp: 2026-06-18 13:30:47.959859, function: null, file: null}
Log registered: {message: Media added to upload queue: /var/folders/6s/dp27g8gn26j9mp36sjfxb9tw0000gn/T/hydracam_uploader_testaeugMW/queued-cancel-metadata.jpg, timestamp: 2026-06-18 13:30:47.959910, function: null, file: null}
Log registered: {message: Auto-upload is disabled. Media added to queue but not uploaded., timestamp: 2026-06-18 13:30:47.960027, function: null, file: null}
Log registered: {message: Session metadata saved to /var/folders/6s/dp27g8gn26j9mp36sjfxb9tw0000gn/T/uploader_service_docsRysoeR/session_queued-cancel-metadata-guid/metadata.json, timestamp: 2026-06-18 13:30:47.960916, function: null, file: null}
Log registered: {message: [UploaderService] Queue is empty. Returning zero duration., timestamp: 2026-06-18 13:30:47.961027, function: null, file: null}
Log registered: {message: Cancelled pending upload: /var/folders/6s/dp27g8gn26j9mp36sjfxb9tw0000gn/T/hydracam_uploader_testaeugMW/queued-cancel-metadata.jpg, timestamp: 2026-06-18 13:30:47.961082, function: null, file: null}
Log registered: {message: Session metadata saved to /var/folders/6s/dp27g8gn26j9mp36sjfxb9tw0000gn/T/uploader_service_docsRysoeR/session_queued-cancel-metadata-guid/metadata.json, timestamp: 2026-06-18 13:30:47.962866, function: null, file: null}
Log registered: {message: UploaderService: Resetting upload queue and state., timestamp: 2026-06-18 13:30:47.962980, function: null, file: null}
Log registered: {message: UploaderService: Reset completed., timestamp: 2026-06-18 13:30:47.963059, function: null, file: null}
Log registered: {message: Session ended and uploader reset., timestamp: 2026-06-18 13:30:47.963110, function: null, file: null}
Log registered: {message: UploaderService: Resetting upload queue and state., timestamp: 2026-06-18 13:30:47.963313, function: null, file: null}
Log registered: {message: UploaderService: Reset completed., timestamp: 2026-06-18 13:30:47.963371, function: null, file: null}
00:11 +314 ~1: /Users/jose/src/work/hydracamv2/test/services/battery_service_test.dart: BatteryService throttles repeated low-battery warnings
00:11 +314 ~1: /Users/jose/src/work/hydracamv2/test/services/battery_service_test.dart: BatteryService shows warning when battery level is low
Log registered: {message: BatteryService: Error reading battery level: MissingPluginException(No implementation found for method getBatteryLevel on channel dev.fluttercommunity.plus/battery), timestamp: 2026-06-18 13:30:47.963596, function: null, file: null}
00:11 +314 ~1: /Users/jose/src/work/hydracamv2/test/services/uploader_service_test.dart: addMediaToQueue ignores retry for media already uploading
Log registered: {message: UploaderService: Resetting upload queue and state., timestamp: 2026-06-18 13:30:47.964767, function: null, file: null}
Log registered: {message: UploaderService: Reset completed., timestamp: 2026-06-18 13:30:47.964932, function: null, file: null}
Log registered: {message: UploaderService: Resetting upload queue and state., timestamp: 2026-06-18 13:30:47.965263, function: null, file: null}
Log registered: {message: UploaderService: Reset completed., timestamp: 2026-06-18 13:30:47.965409, function: null, file: null}
Log registered: {message: Session started with GUID: uploader-test-guid on device type: Master, timestamp: 2026-06-18 13:30:47.965468, function: null, file: null}
Log registered: {message: Media already uploading: /var/folders/6s/dp27g8gn26j9mp36sjfxb9tw0000gn/T/hydracam_uploader_testz51OiR/currently-uploading.jpg, timestamp: 2026-06-18 13:30:47.966053, function: null, file: null}
Log registered: {message: Session metadata saved to /var/folders/6s/dp27g8gn26j9mp36sjfxb9tw0000gn/T/uploader_service_docsRysoeR/session_uploader-test-guid/metadata.json, timestamp: 2026-06-18 13:30:47.967279, function: null, file: null}
Log registered: {message: UploaderService: Resetting upload queue and state., timestamp: 2026-06-18 13:30:47.967398, function: null, file: null}
Log registered: {message: Cancelled in-flight API requests., timestamp: 2026-06-18 13:30:47.967460, function: null, file: null}
Log registered: {message: UploaderService: Reset completed., timestamp: 2026-06-18 13:30:47.967518, function: null, file: null}
Log registered: {message: Session ended and uploader reset., timestamp: 2026-06-18 13:30:47.967562, function: null, file: null}
Log registered: {message: UploaderService: Resetting upload queue and state., timestamp: 2026-06-18 13:30:47.967602, function: null, file: null}
Log registered: {message: UploaderService: Reset completed., timestamp: 2026-06-18 13:30:47.967639, function: null, file: null}
00:11 +315 ~1: /Users/jose/src/work/hydracamv2/test/services/battery_service_test.dart: BatteryService throttles repeated low-battery warnings
00:11 +315 ~1: /Users/jose/src/work/hydracamv2/test/services/uploader_service_test.dart: estimateTotalTimeRemaining uses completed upload samples
Log registered: {message: UploaderService: Resetting upload queue and state., timestamp: 2026-06-18 13:30:47.968674, function: null, file: null}
Log registered: {message: UploaderService: Reset completed., timestamp: 2026-06-18 13:30:47.968742, function: null, file: null}
Log registered: {message: UploaderService: Resetting upload queue and state., timestamp: 2026-06-18 13:30:47.968938, function: null, file: null}
Log registered: {message: UploaderService: Reset completed., timestamp: 2026-06-18 13:30:47.968991, function: null, file: null}
Log registered: {message: Session started with GUID: uploader-test-guid on device type: Master, timestamp: 2026-06-18 13:30:47.969057, function: null, file: null}
Log registered: {message: UploaderService: Resetting upload queue and state., timestamp: 2026-06-18 13:30:47.969475, function: null, file: null}
Log registered: {message: UploaderService: Reset completed., timestamp: 2026-06-18 13:30:47.969528, function: null, file: null}
Log registered: {message: Session started with GUID: estimate-session-guid on device type: Master, timestamp: 2026-06-18 13:30:47.969574, function: null, file: null}
Log registered: {message: [UploaderService] No uploaded media with valid durations. Returning zero duration., timestamp: 2026-06-18 13:30:47.970089, function: null, file: null}
Log registered: {message: Media added to upload queue: /var/folders/6s/dp27g8gn26j9mp36sjfxb9tw0000gn/T/hydracam_uploader_testmB97C3/completed-estimate.jpg, timestamp: 2026-06-18 13:30:47.970165, function: null, file: null}
Log registered: {message: Auto-upload is disabled. Media added to queue but not uploaded., timestamp: 2026-06-18 13:30:47.970449, function: null, file: null}
Log registered: {message: Manual upload initiated., timestamp: 2026-06-18 13:30:47.970557, function: null, file: null}
Log registered: {message: UploaderService: _startUploading called. _isUploading=false, queue length=1, timestamp: 2026-06-18 13:30:47.970613, function: null, file: null}
Log registered: {message: UploaderService: _processNextItem called. Queue length=1, timestamp: 2026-06-18 13:30:47.970658, function: null, file: null}
Log registered: {message: UploaderService: sessionGuid=estimate-session-guid, timestamp: 2026-06-18 13:30:47.970772, function: null, file: null}
Log registered: {message: Get token, timestamp: 2026-06-18 13:30:47.972109, function: null, file: null}
Log registered: {message: Media uploaded successfully, timestamp: 2026-06-18 13:30:47.974356, function: null, file: null}
Log registered: {message: Media uploaded: /var/folders/6s/dp27g8gn26j9mp36sjfxb9tw0000gn/T/hydracam_uploader_testmB97C3/completed-estimate.jpg, timestamp: 2026-06-18 13:30:47.974473, function: null, file: null}
Log registered: {message: Session metadata saved to /var/folders/6s/dp27g8gn26j9mp36sjfxb9tw0000gn/T/uploader_service_docsRysoeR/session_estimate-session-guid/metadata.json, timestamp: 2026-06-18 13:30:47.975659, function: null, file: null}
Log registered: {message: [UploaderService] Queue is empty. Returning zero duration., timestamp: 2026-06-18 13:30:47.975805, function: null, file: null}
Log registered: {message: UploaderService: _processNextItem called. Queue length=0, timestamp: 2026-06-18 13:30:47.975890, function: null, file: null}
Log registered: {message: UploaderService: Queue is empty. Uploading stopped., timestamp: 2026-06-18 13:30:47.975937, function: null, file: null}
Log registered: {message: [UploaderService] Total bytes uploaded: 100, timestamp: 2026-06-18 13:30:47.976021, function: null, file: null}
Log registered: {message: [UploaderService] Total upload duration: 5 seconds, timestamp: 2026-06-18 13:30:47.976071, function: null, file: null}
Log registered: {message: [UploaderService] Average speed: 20.0 bytes/second, timestamp: 2026-06-18 13:30:47.976125, function: null, file: null}
Log registered: {message: [UploaderService] Remaining bytes to upload: 200, timestamp: 2026-06-18 13:30:47.976176, function: null, file: null}
Log registered: {message: [UploaderService] Estimated time: 10.0 seconds, timestamp: 2026-06-18 13:30:47.976221, function: null, file: null}
Log registered: {message: Media added to upload queue: /var/folders/6s/dp27g8gn26j9mp36sjfxb9tw0000gn/T/hydracam_uploader_testmB97C3/pending-estimate.jpg, timestamp: 2026-06-18 13:30:47.976264, function: null, file: null}
Log registered: {message: Auto-upload is disabled. Media added to queue but not uploaded., timestamp: 2026-06-18 13:30:47.976331, function: null, file: null}
Log registered: {message: [UploaderService] Total bytes uploaded: 100, timestamp: 2026-06-18 13:30:47.976402, function: null, file: null}
Log registered: {message: [UploaderService] Total upload duration: 5 seconds, timestamp: 2026-06-18 13:30:47.976445, function: null, file: null}
Log registered: {message: [UploaderService] Average speed: 20.0 bytes/second, timestamp: 2026-06-18 13:30:47.976488, function: null, file: null}
Log registered: {message: [UploaderService] Remaining bytes to upload: 200, timestamp: 2026-06-18 13:30:47.976526, function: null, file: null}
Log registered: {message: [UploaderService] Estimated time: 10.0 seconds, timestamp: 2026-06-18 13:30:47.976561, function: null, file: null}
00:11 +315 ~1: /Users/jose/src/work/hydracamv2/test/services/battery_service_test.dart: BatteryService throttles repeated low-battery warnings
Log registered: {message: BatteryService monitoring disabled - timer not started., timestamp: 2026-06-18 13:30:47.976463, function: null, file: null}
00:11 +315 ~1: /Users/jose/src/work/hydracamv2/test/services/uploader_service_test.dart: estimateTotalTimeRemaining uses completed upload samples
Log registered: {message: Session metadata saved to /var/folders/6s/dp27g8gn26j9mp36sjfxb9tw0000gn/T/uploader_service_docsRysoeR/session_estimate-session-guid/metadata.json, timestamp: 2026-06-18 13:30:47.977930, function: null, file: null}
Log registered: {message: UploaderService: Resetting upload queue and state., timestamp: 2026-06-18 13:30:47.978065, function: null, file: null}
Log registered: {message: UploaderService: Reset completed., timestamp: 2026-06-18 13:30:47.978117, function: null, file: null}
Log registered: {message: Session ended and uploader reset., timestamp: 2026-06-18 13:30:47.978157, function: null, file: null}
Log registered: {message: UploaderService: Resetting upload queue and state., timestamp: 2026-06-18 13:30:47.978199, function: null, file: null}
Log registered: {message: UploaderService: Reset completed., timestamp: 2026-06-18 13:30:47.978240, function: null, file: null}
00:11 +316 ~1: /Users/jose/src/work/hydracamv2/test/services/battery_service_test.dart: BatteryService throttles repeated low-battery warnings
00:11 +316 ~1: /Users/jose/src/work/hydracamv2/test/services/uploader_service_test.dart: estimateTotalTimeRemaining keeps sub-second upload samples
Log registered: {message: UploaderService: Resetting upload queue and state., timestamp: 2026-06-18 13:30:47.979555, function: null, file: null}
Log registered: {message: UploaderService: Reset completed., timestamp: 2026-06-18 13:30:47.979622, function: null, file: null}
Log registered: {message: UploaderService: Resetting upload queue and state., timestamp: 2026-06-18 13:30:47.979814, function: null, file: null}
Log registered: {message: UploaderService: Reset completed., timestamp: 2026-06-18 13:30:47.979858, function: null, file: null}
Log registered: {message: Session started with GUID: uploader-test-guid on device type: Master, timestamp: 2026-06-18 13:30:47.979949, function: null, file: null}
Log registered: {message: UploaderService: Resetting upload queue and state., timestamp: 2026-06-18 13:30:47.980506, function: null, file: null}
Log registered: {message: UploaderService: Reset completed., timestamp: 2026-06-18 13:30:47.980593, function: null, file: null}
Log registered: {message: Session started with GUID: subsecond-estimate-guid on device type: Master, timestamp: 2026-06-18 13:30:47.980646, function: null, file: null}
Log registered: {message: [UploaderService] No uploaded media with valid durations. Returning zero duration., timestamp: 2026-06-18 13:30:47.981346, function: null, file: null}
Log registered: {message: Media added to upload queue: /var/folders/6s/dp27g8gn26j9mp36sjfxb9tw0000gn/T/hydracam_uploader_test8OpXcS/subsecond-completed.jpg, timestamp: 2026-06-18 13:30:47.981452, function: null, file: null}
Log registered: {message: Auto-upload is disabled. Media added to queue but not uploaded., timestamp: 2026-06-18 13:30:47.981661, function: null, file: null}
Log registered: {message: Manual upload initiated., timestamp: 2026-06-18 13:30:47.981707, function: null, file: null}
Log registered: {message: UploaderService: _startUploading called. _isUploading=false, queue length=1, timestamp: 2026-06-18 13:30:47.981749, function: null, file: null}
Log registered: {message: UploaderService: _processNextItem called. Queue length=1, timestamp: 2026-06-18 13:30:47.981786, function: null, file: null}
Log registered: {message: UploaderService: sessionGuid=subsecond-estimate-guid, timestamp: 2026-06-18 13:30:47.981857, function: null, file: null}
Log registered: {message: Get token, timestamp: 2026-06-18 13:30:47.983049, function: null, file: null}
00:11 +317 ~1: /Users/jose/src/work/hydracamv2/test/services/battery_service_test.dart: BatteryService throttles repeated low-battery warnings
00:11 +317 ~1: /Users/jose/src/work/hydracamv2/test/services/uploader_service_test.dart: estimateTotalTimeRemaining keeps sub-second upload samples
Log registered: {message: Media uploaded successfully, timestamp: 2026-06-18 13:30:47.985409, function: null, file: null}
Log registered: {message: Media uploaded: /var/folders/6s/dp27g8gn26j9mp36sjfxb9tw0000gn/T/hydracam_uploader_test8OpXcS/subsecond-completed.jpg, timestamp: 2026-06-18 13:30:47.985699, function: null, file: null}
Log registered: {message: Session metadata saved to /var/folders/6s/dp27g8gn26j9mp36sjfxb9tw0000gn/T/uploader_service_docsRysoeR/session_subsecond-estimate-guid/metadata.json, timestamp: 2026-06-18 13:30:47.987823, function: null, file: null}
00:11 +318 ~1: /Users/jose/src/work/hydracamv2/test/services/battery_service_test.dart: BatteryService throttles repeated low-battery warnings
00:11 +318 ~1: /Users/jose/src/work/hydracamv2/test/services/uploader_service_test.dart: estimateTotalTimeRemaining keeps sub-second upload samples
Log registered: {message: [UploaderService] Queue is empty. Returning zero duration., timestamp: 2026-06-18 13:30:47.988397, function: null, file: null}
Log registered: {message: UploaderService: _processNextItem called. Queue length=0, timestamp: 2026-06-18 13:30:47.988502, function: null, file: null}
Log registered: {message: UploaderService: Queue is empty. Uploading stopped., timestamp: 2026-06-18 13:30:47.988551, function: null, file: null}
Log registered: {message: [UploaderService] Total bytes uploaded: 100, timestamp: 2026-06-18 13:30:47.988636, function: null, file: null}
Log registered: {message: [UploaderService] Total upload duration: 0 seconds, timestamp: 2026-06-18 13:30:47.988683, function: null, file: null}
Log registered: {message: [UploaderService] Average speed: 200.0 bytes/second, timestamp: 2026-06-18 13:30:47.988733, function: null, file: null}
Log registered: {message: [UploaderService] Remaining bytes to upload: 200, timestamp: 2026-06-18 13:30:47.988773, function: null, file: null}
Log registered: {message: [UploaderService] Estimated time: 1.0 seconds, timestamp: 2026-06-18 13:30:47.989072, function: null, file: null}
Log registered: {message: Media added to upload queue: /var/folders/6s/dp27g8gn26j9mp36sjfxb9tw0000gn/T/hydracam_uploader_test8OpXcS/subsecond-pending.jpg, timestamp: 2026-06-18 13:30:47.989318, function: null, file: null}
Log registered: {message: Auto-upload is disabled. Media added to queue but not uploaded., timestamp: 2026-06-18 13:30:47.989464, function: null, file: null}
Log registered: {message: [UploaderService] Total bytes uploaded: 100, timestamp: 2026-06-18 13:30:47.989531, function: null, file: null}
Log registered: {message: [UploaderService] Total upload duration: 0 seconds, timestamp: 2026-06-18 13:30:47.989576, function: null, file: null}
Log registered: {message: [UploaderService] Average speed: 200.0 bytes/second, timestamp: 2026-06-18 13:30:47.989623, function: null, file: null}
Log registered: {message: [UploaderService] Remaining bytes to upload: 200, timestamp: 2026-06-18 13:30:47.989662, function: null, file: null}
Log registered: {message: [UploaderService] Estimated time: 1.0 seconds, timestamp: 2026-06-18 13:30:47.989698, function: null, file: null}
00:11 +319 ~1: /Users/jose/src/work/hydracamv2/test/services/uploader_service_test.dart: estimateTotalTimeRemaining keeps sub-second upload samples
00:11 +320 ~1: /Users/jose/src/work/hydracamv2/test/services/uploader_service_test.dart: estimateTotalTimeRemaining keeps sub-second upload samples
Log registered: {message: Session metadata saved to /var/folders/6s/dp27g8gn26j9mp36sjfxb9tw0000gn/T/uploader_service_docsRysoeR/session_subsecond-estimate-guid/metadata.json, timestamp: 2026-06-18 13:30:47.991553, function: null, file: null}
Log registered: {message: UploaderService: Resetting upload queue and state., timestamp: 2026-06-18 13:30:47.991672, function: null, file: null}
Log registered: {message: UploaderService: Reset completed., timestamp: 2026-06-18 13:30:47.991724, function: null, file: null}
Log registered: {message: Session ended and uploader reset., timestamp: 2026-06-18 13:30:47.991764, function: null, file: null}
Log registered: {message: UploaderService: Resetting upload queue and state., timestamp: 2026-06-18 13:30:47.991810, function: null, file: null}
Log registered: {message: UploaderService: Reset completed., timestamp: 2026-06-18 13:30:47.991948, function: null, file: null}
00:11 +321 ~1: /Users/jose/src/work/hydracamv2/test/services/uploader_service_test.dart: reset ignores stale in-flight upload completion
Log registered: {message: UploaderService: Resetting upload queue and state., timestamp: 2026-06-18 13:30:47.993323, function: null, file: null}
Log registered: {message: UploaderService: Reset completed., timestamp: 2026-06-18 13:30:47.993421, function: null, file: null}
Log registered: {message: UploaderService: Resetting upload queue and state., timestamp: 2026-06-18 13:30:47.993656, function: null, file: null}
Log registered: {message: UploaderService: Reset completed., timestamp: 2026-06-18 13:30:47.993710, function: null, file: null}
Log registered: {message: Session started with GUID: uploader-test-guid on device type: Master, timestamp: 2026-06-18 13:30:47.993755, function: null, file: null}
Log registered: {message: UploaderService: Resetting upload queue and state., timestamp: 2026-06-18 13:30:47.994157, function: null, file: null}
Log registered: {message: UploaderService: Reset completed., timestamp: 2026-06-18 13:30:47.994209, function: null, file: null}
Log registered: {message: Session started with GUID: old-session-guid on device type: Master, timestamp: 2026-06-18 13:30:47.994248, function: null, file: null}
Log registered: {message: [UploaderService] No uploaded media with valid durations. Returning zero duration., timestamp: 2026-06-18 13:30:47.994587, function: null, file: null}
Log registered: {message: Media added to upload queue: /var/folders/6s/dp27g8gn26j9mp36sjfxb9tw0000gn/T/hydracam_uploader_testv5SRuA/inflight.jpg, timestamp: 2026-06-18 13:30:47.994680, function: null, file: null}
Log registered: {message: Auto-upload is disabled. Media added to queue but not uploaded., timestamp: 2026-06-18 13:30:47.994909, function: null, file: null}
Log registered: {message: Manual upload initiated., timestamp: 2026-06-18 13:30:47.995020, function: null, file: null}
Log registered: {message: UploaderService: _startUploading called. _isUploading=false, queue length=1, timestamp: 2026-06-18 13:30:47.995135, function: null, file: null}
Log registered: {message: UploaderService: _processNextItem called. Queue length=1, timestamp: 2026-06-18 13:30:47.995228, function: null, file: null}
Log registered: {message: UploaderService: sessionGuid=old-session-guid, timestamp: 2026-06-18 13:30:47.995391, function: null, file: null}
Log registered: {message: Get token, timestamp: 2026-06-18 13:30:47.997195, function: null, file: null}
Log registered: {message: UploaderService: Resetting upload queue and state., timestamp: 2026-06-18 13:30:47.997910, function: null, file: null}
Log registered: {message: Cancelled in-flight API requests., timestamp: 2026-06-18 13:30:47.998049, function: null, file: null}
Log registered: {message: UploaderService: Reset completed., timestamp: 2026-06-18 13:30:47.998109, function: null, file: null}
Log registered: {message: UploaderService: Resetting upload queue and state., timestamp: 2026-06-18 13:30:47.998158, function: null, file: null}
Log registered: {message: UploaderService: Reset completed., timestamp: 2026-06-18 13:30:47.998195, function: null, file: null}
Log registered: {message: Session started with GUID: new-session-guid on device type: Master, timestamp: 2026-06-18 13:30:47.998233, function: null, file: null}
Log registered: {message: Media uploaded successfully, timestamp: 2026-06-18 13:30:47.999363, function: null, file: null}
Log registered: {message: Ignoring stale upload completion after uploader reset or cancellation: /var/folders/6s/dp27g8gn26j9mp36sjfxb9tw0000gn/T/hydracam_uploader_testv5SRuA/inflight.jpg, timestamp: 2026-06-18 13:30:47.999450, function: null, file: null}
Log registered: {message: Session metadata saved to /var/folders/6s/dp27g8gn26j9mp36sjfxb9tw0000gn/T/uploader_service_docsRysoeR/session_new-session-guid/metadata.json, timestamp: 2026-06-18 13:30:48.000599, function: null, file: null}
Log registered: {message: UploaderService: Resetting upload queue and state., timestamp: 2026-06-18 13:30:48.000726, function: null, file: null}
Log registered: {message: UploaderService: Reset completed., timestamp: 2026-06-18 13:30:48.000786, function: null, file: null}
Log registered: {message: Session ended and uploader reset., timestamp: 2026-06-18 13:30:48.000831, function: null, file: null}
Log registered: {message: UploaderService: Resetting upload queue and state., timestamp: 2026-06-18 13:30:48.000872, function: null, file: null}
Log registered: {message: UploaderService: Reset completed., timestamp: 2026-06-18 13:30:48.000912, function: null, file: null}
00:11 +322 ~1: /Users/jose/src/work/hydracamv2/test/services/debug_session_policy_test.dart: labels debug build session ids with debug prefix
00:11 +323 ~1: /Users/jose/src/work/hydracamv2/test/services/uploader_service_test.dart: cancelCurrentUpload clears active upload and ignores late completion
Log registered: {message: UploaderService: Resetting upload queue and state., timestamp: 2026-06-18 13:30:48.027883, function: null, file: null}
Log registered: {message: UploaderService: Reset completed., timestamp: 2026-06-18 13:30:48.028086, function: null, file: null}
Log registered: {message: UploaderService: Resetting upload queue and state., timestamp: 2026-06-18 13:30:48.028520, function: null, file: null}
Log registered: {message: UploaderService: Reset completed., timestamp: 2026-06-18 13:30:48.028593, function: null, file: null}
Log registered: {message: Session started with GUID: uploader-test-guid on device type: Master, timestamp: 2026-06-18 13:30:48.028637, function: null, file: null}
Log registered: {message: UploaderService: Resetting upload queue and state., timestamp: 2026-06-18 13:30:48.029045, function: null, file: null}
Log registered: {message: UploaderService: Reset completed., timestamp: 2026-06-18 13:30:48.029094, function: null, file: null}
Log registered: {message: Session started with GUID: cancel-session-guid on device type: Master, timestamp: 2026-06-18 13:30:48.029130, function: null, file: null}
00:11 +324 ~1: /Users/jose/src/work/hydracamv2/test/services/uploader_service_test.dart: cancelCurrentUpload clears active upload and ignores late completion
Log registered: {message: [UploaderService] No uploaded media with valid durations. Returning zero duration., timestamp: 2026-06-18 13:30:48.029423, function: null, file: null}
Log registered: {message: Media added to upload queue: /var/folders/6s/dp27g8gn26j9mp36sjfxb9tw0000gn/T/hydracam_uploader_test7TyRaf/cancel-inflight.jpg, timestamp: 2026-06-18 13:30:48.029502, function: null, file: null}
Log registered: {message: Auto-upload is disabled. Media added to queue but not uploaded., timestamp: 2026-06-18 13:30:48.029679, function: null, file: null}
Log registered: {message: Manual upload initiated., timestamp: 2026-06-18 13:30:48.029726, function: null, file: null}
Log registered: {message: UploaderService: _startUploading called. _isUploading=false, queue length=1, timestamp: 2026-06-18 13:30:48.029764, function: null, file: null}
Log registered: {message: UploaderService: _processNextItem called. Queue length=1, timestamp: 2026-06-18 13:30:48.029802, function: null, file: null}
Log registered: {message: UploaderService: sessionGuid=cancel-session-guid, timestamp: 2026-06-18 13:30:48.029842, function: null, file: null}
Log registered: {message: Get token, timestamp: 2026-06-18 13:30:48.030381, function: null, file: null}
00:11 +325 ~1: /Users/jose/src/work/hydracamv2/test/services/uploader_service_test.dart: cancelCurrentUpload clears active upload and ignores late completion
Log registered: {message: Cancelled in-flight API requests., timestamp: 2026-06-18 13:30:48.030890, function: null, file: null}
Log registered: {message: [UploaderService] Queue is empty. Returning zero duration., timestamp: 2026-06-18 13:30:48.031018, function: null, file: null}
Log registered: {message: Session metadata saved to /var/folders/6s/dp27g8gn26j9mp36sjfxb9tw0000gn/T/uploader_service_docsRysoeR/session_cancel-session-guid/metadata.json, timestamp: 2026-06-18 13:30:48.032070, function: null, file: null}
Log registered: {message: Cancelled active upload: /var/folders/6s/dp27g8gn26j9mp36sjfxb9tw0000gn/T/hydracam_uploader_test7TyRaf/cancel-inflight.jpg, timestamp: 2026-06-18 13:30:48.032199, function: null, file: null}
Log registered: {message: Media uploaded successfully, timestamp: 2026-06-18 13:30:48.033229, function: null, file: null}
Log registered: {message: Ignoring stale upload completion after uploader reset or cancellation: /var/folders/6s/dp27g8gn26j9mp36sjfxb9tw0000gn/T/hydracam_uploader_test7TyRaf/cancel-inflight.jpg, timestamp: 2026-06-18 13:30:48.033314, function: null, file: null}
Log registered: {message: Session metadata saved to /var/folders/6s/dp27g8gn26j9mp36sjfxb9tw0000gn/T/uploader_service_docsRysoeR/session_cancel-session-guid/metadata.json, timestamp: 2026-06-18 13:30:48.036104, function: null, file: null}
Log registered: {message: UploaderService: Resetting upload queue and state., timestamp: 2026-06-18 13:30:48.036238, function: null, file: null}
Log registered: {message: UploaderService: Reset completed., timestamp: 2026-06-18 13:30:48.036303, function: null, file: null}
Log registered: {message: Session ended and uploader reset., timestamp: 2026-06-18 13:30:48.036346, function: null, file: null}
Log registered: {message: UploaderService: Resetting upload queue and state., timestamp: 2026-06-18 13:30:48.036385, function: null, file: null}
Log registered: {message: UploaderService: Reset completed., timestamp: 2026-06-18 13:30:48.036417, function: null, file: null}
00:11 +326 ~1: /Users/jose/src/work/hydracamv2/test/services/uploader_service_test.dart: cancelCurrentUpload persists active cancellation metadata
Log registered: {message: UploaderService: Resetting upload queue and state., timestamp: 2026-06-18 13:30:48.043167, function: null, file: null}
Log registered: {message: UploaderService: Reset completed., timestamp: 2026-06-18 13:30:48.043236, function: null, file: null}
Log registered: {message: UploaderService: Resetting upload queue and state., timestamp: 2026-06-18 13:30:48.043496, function: null, file: null}
Log registered: {message: UploaderService: Reset completed., timestamp: 2026-06-18 13:30:48.043557, function: null, file: null}
Log registered: {message: Session started with GUID: uploader-test-guid on device type: Master, timestamp: 2026-06-18 13:30:48.043601, function: null, file: null}
Log registered: {message: UploaderService: Resetting upload queue and state., timestamp: 2026-06-18 13:30:48.044124, function: null, file: null}
Log registered: {message: UploaderService: Reset completed., timestamp: 2026-06-18 13:30:48.044209, function: null, file: null}
Log registered: {message: Session started with GUID: active-cancel-metadata-guid on device type: Master, timestamp: 2026-06-18 13:30:48.044251, function: null, file: null}
Log registered: {message: Adding photo to upload queue: /var/folders/6s/dp27g8gn26j9mp36sjfxb9tw0000gn/T/hydracam_uploader_testxtDAT5/active-cancel-metadata.jpg, timestamp: 2026-06-18 13:30:48.044489, function: null, file: null}
Log registered: {message: Session metadata saved to /var/folders/6s/dp27g8gn26j9mp36sjfxb9tw0000gn/T/uploader_service_docsRysoeR/session_active-cancel-metadata-guid/metadata.json, timestamp: 2026-06-18 13:30:48.045460, function: null, file: null}
Log registered: {message: [UploaderService] No uploaded media with valid durations. Returning zero duration., timestamp: 2026-06-18 13:30:48.045552, function: null, file: null}
Log registered: {message: Media added to upload queue: /var/folders/6s/dp27g8gn26j9mp36sjfxb9tw0000gn/T/hydracam_uploader_testxtDAT5/active-cancel-metadata.jpg, timestamp: 2026-06-18 13:30:48.045610, function: null, file: null}
Log registered: {message: Auto-upload is disabled. Media added to queue but not uploaded., timestamp: 2026-06-18 13:30:48.045741, function: null, file: null}
Log registered: {message: Manual upload initiated., timestamp: 2026-06-18 13:30:48.045812, function: null, file: null}
Log registered: {message: UploaderService: _startUploading called. _isUploading=false, queue length=1, timestamp: 2026-06-18 13:30:48.045866, function: null, file: null}
Log registered: {message: UploaderService: _processNextItem called. Queue length=1, timestamp: 2026-06-18 13:30:48.045909, function: null, file: null}
Log registered: {message: UploaderService: sessionGuid=active-cancel-metadata-guid, timestamp: 2026-06-18 13:30:48.045948, function: null, file: null}
Log registered: {message: Get token, timestamp: 2026-06-18 13:30:48.046515, function: null, file: null}
Log registered: {message: Cancelled in-flight API requests., timestamp: 2026-06-18 13:30:48.046890, function: null, file: null}
Log registered: {message: [UploaderService] Queue is empty. Returning zero duration., timestamp: 2026-06-18 13:30:48.047022, function: null, file: null}
Log registered: {message: Session metadata saved to /var/folders/6s/dp27g8gn26j9mp36sjfxb9tw0000gn/T/uploader_service_docsRysoeR/session_active-cancel-metadata-guid/metadata.json, timestamp: 2026-06-18 13:30:48.047834, function: null, file: null}
Log registered: {message: Cancelled active upload: /var/folders/6s/dp27g8gn26j9mp36sjfxb9tw0000gn/T/hydracam_uploader_testxtDAT5/active-cancel-metadata.jpg, timestamp: 2026-06-18 13:30:48.047915, function: null, file: null}
Log registered: {message: Media uploaded successfully, timestamp: 2026-06-18 13:30:48.049440, function: null, file: null}
Log registered: {message: Ignoring stale upload completion after uploader reset or cancellation: /var/folders/6s/dp27g8gn26j9mp36sjfxb9tw0000gn/T/hydracam_uploader_testxtDAT5/active-cancel-metadata.jpg, timestamp: 2026-06-18 13:30:48.049530, function: null, file: null}
Log registered: {message: Session metadata saved to /var/folders/6s/dp27g8gn26j9mp36sjfxb9tw0000gn/T/uploader_service_docsRysoeR/session_active-cancel-metadata-guid/metadata.json, timestamp: 2026-06-18 13:30:48.050270, function: null, file: null}
Log registered: {message: UploaderService: Resetting upload queue and state., timestamp: 2026-06-18 13:30:48.050342, function: null, file: null}
Log registered: {message: UploaderService: Reset completed., timestamp: 2026-06-18 13:30:48.050392, function: null, file: null}
Log registered: {message: Session ended and uploader reset., timestamp: 2026-06-18 13:30:48.050434, function: null, file: null}
Log registered: {message: UploaderService: Resetting upload queue and state., timestamp: 2026-06-18 13:30:48.050470, function: null, file: null}
Log registered: {message: UploaderService: Reset completed., timestamp: 2026-06-18 13:30:48.050503, function: null, file: null}
00:11 +327 ~1: /Users/jose/src/work/hydracamv2/test/services/uploader_service_test.dart: cancelCurrentUpload closes the active HTTP client
Log registered: {message: UploaderService: Resetting upload queue and state., timestamp: 2026-06-18 13:30:48.051467, function: null, file: null}
Log registered: {message: UploaderService: Reset completed., timestamp: 2026-06-18 13:30:48.051527, function: null, file: null}
Log registered: {message: UploaderService: Resetting upload queue and state., timestamp: 2026-06-18 13:30:48.051696, function: null, file: null}
Log registered: {message: UploaderService: Reset completed., timestamp: 2026-06-18 13:30:48.051735, function: null, file: null}
Log registered: {message: Session started with GUID: uploader-test-guid on device type: Master, timestamp: 2026-06-18 13:30:48.051783, function: null, file: null}
Log registered: {message: UploaderService: Resetting upload queue and state., timestamp: 2026-06-18 13:30:48.052135, function: null, file: null}
Log registered: {message: UploaderService: Reset completed., timestamp: 2026-06-18 13:30:48.052179, function: null, file: null}
Log registered: {message: Session started with GUID: cancel-http-session-guid on device type: Master, timestamp: 2026-06-18 13:30:48.052214, function: null, file: null}
Log registered: {message: [UploaderService] No uploaded media with valid durations. Returning zero duration., timestamp: 2026-06-18 13:30:48.052432, function: null, file: null}
Log registered: {message: Media added to upload queue: /var/folders/6s/dp27g8gn26j9mp36sjfxb9tw0000gn/T/hydracam_uploader_testloX7Cc/cancel-http.jpg, timestamp: 2026-06-18 13:30:48.052473, function: null, file: null}
Log registered: {message: Auto-upload is disabled. Media added to queue but not uploaded., timestamp: 2026-06-18 13:30:48.052659, function: null, file: null}
Log registered: {message: Manual upload initiated., timestamp: 2026-06-18 13:30:48.052717, function: null, file: null}
Log registered: {message: UploaderService: _startUploading called. _isUploading=false, queue length=1, timestamp: 2026-06-18 13:30:48.052758, function: null, file: null}
Log registered: {message: UploaderService: _processNextItem called. Queue length=1, timestamp: 2026-06-18 13:30:48.052797, function: null, file: null}
Log registered: {message: UploaderService: sessionGuid=cancel-http-session-guid, timestamp: 2026-06-18 13:30:48.052836, function: null, file: null}
Log registered: {message: Get token, timestamp: 2026-06-18 13:30:48.053497, function: null, file: null}
Log registered: {message: Cancelled in-flight API requests., timestamp: 2026-06-18 13:30:48.053974, function: null, file: null}
Log registered: {message: [UploaderService] Queue is empty. Returning zero duration., timestamp: 2026-06-18 13:30:48.054068, function: null, file: null}
Log registered: {message: Session metadata saved to /var/folders/6s/dp27g8gn26j9mp36sjfxb9tw0000gn/T/uploader_service_docsRysoeR/session_cancel-http-session-guid/metadata.json, timestamp: 2026-06-18 13:30:48.055375, function: null, file: null}
Log registered: {message: Cancelled active upload: /var/folders/6s/dp27g8gn26j9mp36sjfxb9tw0000gn/T/hydracam_uploader_testloX7Cc/cancel-http.jpg, timestamp: 2026-06-18 13:30:48.055471, function: null, file: null}
Log registered: {message: Media uploaded successfully, timestamp: 2026-06-18 13:30:48.055801, function: null, file: null}
Log registered: {message: Ignoring stale upload completion after uploader reset or cancellation: /var/folders/6s/dp27g8gn26j9mp36sjfxb9tw0000gn/T/hydracam_uploader_testloX7Cc/cancel-http.jpg, timestamp: 2026-06-18 13:30:48.055869, function: null, file: null}
Log registered: {message: Session metadata saved to /var/folders/6s/dp27g8gn26j9mp36sjfxb9tw0000gn/T/uploader_service_docsRysoeR/session_cancel-http-session-guid/metadata.json, timestamp: 2026-06-18 13:30:48.056530, function: null, file: null}
Log registered: {message: UploaderService: Resetting upload queue and state., timestamp: 2026-06-18 13:30:48.056613, function: null, file: null}
Log registered: {message: UploaderService: Reset completed., timestamp: 2026-06-18 13:30:48.056680, function: null, file: null}
Log registered: {message: Session ended and uploader reset., timestamp: 2026-06-18 13:30:48.056729, function: null, file: null}
Log registered: {message: UploaderService: Resetting upload queue and state., timestamp: 2026-06-18 13:30:48.056777, function: null, file: null}
Log registered: {message: UploaderService: Reset completed., timestamp: 2026-06-18 13:30:48.056839, function: null, file: null}
00:11 +328 ~1: /Users/jose/src/work/hydracamv2/test/services/uploader_service_test.dart: reset closes the active HTTP client
Log registered: {message: UploaderService: Resetting upload queue and state., timestamp: 2026-06-18 13:30:48.057724, function: null, file: null}
Log registered: {message: UploaderService: Reset completed., timestamp: 2026-06-18 13:30:48.057785, function: null, file: null}
Log registered: {message: UploaderService: Resetting upload queue and state., timestamp: 2026-06-18 13:30:48.057926, function: null, file: null}
Log registered: {message: UploaderService: Reset completed., timestamp: 2026-06-18 13:30:48.057965, function: null, file: null}
Log registered: {message: Session started with GUID: uploader-test-guid on device type: Master, timestamp: 2026-06-18 13:30:48.058001, function: null, file: null}
Log registered: {message: UploaderService: Resetting upload queue and state., timestamp: 2026-06-18 13:30:48.058318, function: null, file: null}
Log registered: {message: UploaderService: Reset completed., timestamp: 2026-06-18 13:30:48.058386, function: null, file: null}
Log registered: {message: Session started with GUID: reset-http-session-guid on device type: Master, timestamp: 2026-06-18 13:30:48.058448, function: null, file: null}
Log registered: {message: [UploaderService] No uploaded media with valid durations. Returning zero duration., timestamp: 2026-06-18 13:30:48.058806, function: null, file: null}
Log registered: {message: Media added to upload queue: /var/folders/6s/dp27g8gn26j9mp36sjfxb9tw0000gn/T/hydracam_uploader_testpZ7Dud/reset-http.jpg, timestamp: 2026-06-18 13:30:48.058850, function: null, file: null}
Log registered: {message: Auto-upload is disabled. Media added to queue but not uploaded., timestamp: 2026-06-18 13:30:48.058994, function: null, file: null}
Log registered: {message: Manual upload initiated., timestamp: 2026-06-18 13:30:48.059035, function: null, file: null}
Log registered: {message: UploaderService: _startUploading called. _isUploading=false, queue length=1, timestamp: 2026-06-18 13:30:48.059066, function: null, file: null}
Log registered: {message: UploaderService: _processNextItem called. Queue length=1, timestamp: 2026-06-18 13:30:48.059096, function: null, file: null}
Log registered: {message: UploaderService: sessionGuid=reset-http-session-guid, timestamp: 2026-06-18 13:30:48.059131, function: null, file: null}
Log registered: {message: Get token, timestamp: 2026-06-18 13:30:48.059476, function: null, file: null}
Log registered: {message: UploaderService: Resetting upload queue and state., timestamp: 2026-06-18 13:30:48.059759, function: null, file: null}
Log registered: {message: Cancelled in-flight API requests., timestamp: 2026-06-18 13:30:48.059815, function: null, file: null}
Log registered: {message: UploaderService: Reset completed., timestamp: 2026-06-18 13:30:48.059858, function: null, file: null}
Log registered: {message: Media uploaded successfully, timestamp: 2026-06-18 13:30:48.060906, function: null, file: null}
Log registered: {message: Ignoring stale upload completion after uploader reset or cancellation: /var/folders/6s/dp27g8gn26j9mp36sjfxb9tw0000gn/T/hydracam_uploader_testpZ7Dud/reset-http.jpg, timestamp: 2026-06-18 13:30:48.060982, function: null, file: null}
Log registered: {message: Session metadata saved to /var/folders/6s/dp27g8gn26j9mp36sjfxb9tw0000gn/T/uploader_service_docsRysoeR/session_reset-http-session-guid/metadata.json, timestamp: 2026-06-18 13:30:48.061894, function: null, file: null}
Log registered: {message: UploaderService: Resetting upload queue and state., timestamp: 2026-06-18 13:30:48.061977, function: null, file: null}
Log registered: {message: UploaderService: Reset completed., timestamp: 2026-06-18 13:30:48.062015, function: null, file: null}
Log registered: {message: Session ended and uploader reset., timestamp: 2026-06-18 13:30:48.062052, function: null, file: null}
Log registered: {message: UploaderService: Resetting upload queue and state., timestamp: 2026-06-18 13:30:48.062085, function: null, file: null}
Log registered: {message: UploaderService: Reset completed., timestamp: 2026-06-18 13:30:48.062115, function: null, file: null}
00:11 +329 ~1: /Users/jose/src/work/hydracamv2/test/services/uploader_service_test.dart: (tearDownAll)
00:11 +329 ~1: /Users/jose/src/work/hydracamv2/test/services/time_sync_service_test.dart: computeSample computes offset and round-trip from the four NTP timestamps
00:11 +330 ~1: /Users/jose/src/work/hydracamv2/test/services/time_sync_service_test.dart: aggregate returns null when there are no samples
00:11 +331 ~1: /Users/jose/src/work/hydracamv2/test/services/time_sync_service_test.dart: aggregate returns null when every sample has an impossible round-trip
00:11 +332 ~1: /Users/jose/src/work/hydracamv2/test/services/time_sync_service_test.dart: aggregate drops high-RTT outliers and picks the minimum-delay offset
00:11 +333 ~1: /Users/jose/src/work/hydracamv2/test/services/time_sync_service_test.dart: aggregate classifies a tight, fresh calibration as green
00:11 +334 ~1: /Users/jose/src/work/hydracamv2/test/services/time_sync_service_test.dart: confidenceFor green requires tight uncertainty and a fresh calibration
00:11 +335 ~1: /Users/jose/src/work/hydracamv2/test/services/time_sync_service_test.dart: confidenceFor a stale but tight calibration degrades to yellow
00:11 +336 ~1: /Users/jose/src/work/hydracamv2/test/services/time_sync_service_test.dart: confidenceFor moderate uncertainty is yellow
00:11 +337 ~1: /Users/jose/src/work/hydracamv2/test/services/time_sync_service_test.dart: confidenceFor large uncertainty is red
00:11 +338 ~1: /Users/jose/src/work/hydracamv2/test/services/time_sync_service_test.dart: TimeSyncResult ageAt clamps negative ages to zero
00:11 +339 ~1: /Users/jose/src/work/hydracamv2/test/services/time_sync_service_test.dart: TimeSyncResult toSyncMetadata recomputes confidence with the capture-time age
00:11 +340 ~1: /Users/jose/src/work/hydracamv2/test/services/debug_session_cleanup_service_test.dart: deletes registered debug sessions from the service
00:11 +341 ~1: /Users/jose/src/work/hydracamv2/test/services/debug_session_cleanup_service_test.dart: deletes registered debug sessions from the service
00:11 +342 ~1: /Users/jose/src/work/hydracamv2/test/services/debug_session_cleanup_service_test.dart: deletes registered debug sessions from the service
00:11 +343 ~1: /Users/jose/src/work/hydracamv2/test/services/debug_session_cleanup_service_test.dart: deletes registered debug sessions from the service
Log registered: {message: Get token, timestamp: 2026-06-18 13:30:48.199146, function: null, file: null}
Log registered: {message: Debug session deleted from service: debug-guid, timestamp: 2026-06-18 13:30:48.210649, function: null, file: null}
00:11 +344 ~1: /Users/jose/src/work/hydracamv2/test/services/auth0_service_test.dart: Auth0 login requests refresh-capable scopes
00:11 +345 ~1: /Users/jose/src/work/hydracamv2/test/services/auth0_service_test.dart: Auth0 login uses Android package redirect URI
Log registered: {message: Profile set: https://example.com/android.png, timestamp: 2026-06-18 13:30:48.355321, function: login, file: auth0_service.dart}
00:11 +346 ~1: /Users/jose/src/work/hydracamv2/test/services/auth0_service_test.dart: Auth0 login uses iOS bundle redirect URI
00:11 +346 ~1: /Users/jose/src/work/hydracamv2/test/services/auth0_service_test.dart: Auth0 login uses Android package redirect URI
Trace file unavailable: MissingPluginException(No implementation found for method getApplicationDocumentsDirectory on channel plugins.flutter.io/path_provider)
00:11 +346 ~1: /Users/jose/src/work/hydracamv2/test/services/auth0_service_test.dart: Auth0 login uses iOS bundle redirect URI
Log registered: {message: Profile set: https://example.com/ios.png, timestamp: 2026-06-18 13:30:48.366077, function: login, file: auth0_service.dart}
00:11 +347 ~1: /Users/jose/src/work/hydracamv2/test/services/auth0_service_test.dart: Auth0 login persists returned credentials through secure store
Log registered: {message: Profile set: https://example.com/player.png, timestamp: 2026-06-18 13:30:48.368218, function: login, file: auth0_service.dart}
00:11 +348 ~1: /Users/jose/src/work/hydracamv2/test/services/auth0_service_test.dart: Auth0 login trims returned email claim
Log registered: {message: Profile set: https://example.com/player.png, timestamp: 2026-06-18 13:30:48.371153, function: login, file: auth0_service.dart}
00:11 +349 ~1: /Users/jose/src/work/hydracamv2/test/services/auth0_service_test.dart: Auth0 login rejects returned credentials without email
Log registered: {message: Rejected Auth0 session without an email claim., timestamp: 2026-06-18 13:30:48.374643, function: login, file: auth0_service.dart}
00:11 +350 ~1: /Users/jose/src/work/hydracamv2/test/services/auth0_service_test.dart: Auth0 login failure clears stale session state
Log registered: {message: Profile set: https://example.com/stale.png, timestamp: 2026-06-18 13:30:48.379608, function: login, file: auth0_service.dart}
00:11 +351 ~1: /Users/jose/src/work/hydracamv2/test/services/auth0_service_test.dart: Auth0 startup restore uses valid stored credentials
Log registered: {message: Restored Auth0 session from secure store., timestamp: 2026-06-18 13:30:48.382888, function: restoreStoredSession, file: auth0_service.dart}
00:11 +352 ~1: /Users/jose/src/work/hydracamv2/test/services/auth0_service_test.dart: Auth0 startup restore trims stored email claim
Log registered: {message: Restored Auth0 session from secure store., timestamp: 2026-06-18 13:30:48.384518, function: restoreStoredSession, file: auth0_service.dart}
00:11 +353 ~1: /Users/jose/src/work/hydracamv2/test/services/auth0_service_test.dart: Auth0 startup restore refreshes expired credentials
Log registered: {message: Refreshed Auth0 session from secure store., timestamp: 2026-06-18 13:30:48.386525, function: restoreStoredSession, file: auth0_service.dart}
00:11 +354 ~1: /Users/jose/src/work/hydracamv2/test/services/auth0_service_test.dart: Auth0 startup restore clears stale credentials after failed refresh
00:11 +355 ~1: /Users/jose/src/work/hydracamv2/test/services/auth0_service_test.dart: Auth0 startup restore rejects expired stored credentials
00:11 +356 ~1: /Users/jose/src/work/hydracamv2/test/services/auth0_service_test.dart: Auth0 startup restore rejects blank stored access token
00:11 +357 ~1: /Users/jose/src/work/hydracamv2/test/services/auth0_service_test.dart: Auth0 startup restore ignores blank refresh token
00:11 +358 ~1: /Users/jose/src/work/hydracamv2/test/services/auth0_service_test.dart: Auth0 startup restore rejects stored credentials without email
Log registered: {message: Rejected Auth0 session without an email claim., timestamp: 2026-06-18 13:30:48.393319, function: restoreStoredSession, file: auth0_service.dart}
00:11 +359 ~1: /Users/jose/src/work/hydracamv2/test/services/auth0_service_test.dart: Auth0 startup restore clears malformed stored credentials
Log registered: {message: Failed to parse Auth0 ID token: FormatException: Invalid character (at character 1)
%%%%
^
, timestamp: 2026-06-18 13:30:48.395159, function: parseIdTokenPayload, file: auth0_service.dart}
Log registered: {message: Failed to parse Auth0 ID token: FormatException: Invalid character (at character 1)
%%%%
^
, timestamp: 2026-06-18 13:30:48.395983, function: parseIdTokenPayload, file: auth0_service.dart}
Log registered: {message: Rejected Auth0 session without an email claim., timestamp: 2026-06-18 13:30:48.396187, function: restoreStoredSession, file: auth0_service.dart}
00:11 +360 ~1: /Users/jose/src/work/hydracamv2/test/services/auth0_service_test.dart: Auth0 logout clears secure credentials and browser session
Log registered: {message: Profile set: https://example.com/logout.png, timestamp: 2026-06-18 13:30:48.397758, function: login, file: auth0_service.dart}
Log registered: {message: Cleared Auth0 session., timestamp: 2026-06-18 13:30:48.398275, function: logout, file: auth0_service.dart}
00:11 +361 ~1: /Users/jose/src/work/hydracamv2/test/services/auth0_service_test.dart: Auth0 startup restore skips unsupported desktop platforms
Log registered: {message: Skipped Auth0 restore on unsupported platform., timestamp: 2026-06-18 13:30:48.399287, function: restoreStoredSession, file: auth0_service.dart}
00:11 +362 ~1: /Users/jose/src/work/hydracamv2/test/services/auth0_service_test.dart: Auth0 login rejects unsupported desktop platforms
00:11 +363 ~1: /Users/jose/src/work/hydracamv2/test/services/auth0_service_test.dart: Auth0 logout clears stored credentials on unsupported desktop platforms
Log registered: {message: Cleared stored Auth0 session on unsupported platform., timestamp: 2026-06-18 13:30:48.401366, function: logout, file: auth0_service.dart}
00:11 +364 ~1: /Users/jose/src/work/hydracamv2/test/services/permission_service_test.dart: (setUpAll)
00:11 +364 ~1: /Users/jose/src/work/hydracamv2/test/services/permission_service_test.dart: requestAllPermissions skips unsupported macOS permission handler
Log registered: {message: Skipping permission_handler startup request on macOS; native platform APIs will request resource access on demand., timestamp: 2026-06-18 13:30:48.434444, function: requestAllPermissions, file: PermissionService}
00:11 +365 ~1: /Users/jose/src/work/hydracamv2/test/services/permission_service_test.dart: requestAllPermissions skips unsupported Linux permission handler
Log registered: {message: Skipping permission_handler startup request on linux; native platform APIs will request resource access on demand., timestamp: 2026-06-18 13:30:48.442518, function: requestAllPermissions, file: PermissionService}
00:11 +366 ~1: /Users/jose/src/work/hydracamv2/test/services/permission_service_test.dart: requestAllPermissions requests location immediately on Android
Log registered: {message: Permission request completed.
Granted: [Permission.camera, Permission.microphone, Permission.locationWhenInUse]
Denied: [], timestamp: 2026-06-18 13:30:48.452434, function: requestAllPermissions, file: PermissionService}
00:11 +367 ~1: /Users/jose/src/work/hydracamv2/test/services/permission_service_test.dart: requestAllPermissions returns false when platform request stalls
Log registered: {message: Permission request timed out after 0s: TimeoutException after 0:00:00.010000: Future not completed
#0      Future.timeout.<anonymous closure> (dart:async/future_impl.dart:1042:24)
<asynchronous suspension>
#1      PermissionService.requestAllPermissions (package:hydracam/services/permission_service.dart:38:18)
<asynchronous suspension>
#2      main.<anonymous closure> (file:///Users/jose/src/work/hydracamv2/test/services/permission_service_test.dart:79:26)
<asynchronous suspension>
#3      Declarer.test.<anonymous closure>.<anonymous closure> (package:test_api/src/backend/declarer.dart:253:15)
<asynchronous suspension>
#4      Declarer.test.<anonymous closure> (package:test_api/src/backend/declarer.dart:250:11)
<asynchronous suspension>
#5      Invoker._waitForOutstandingCallbacks.<anonymous closure> (package:test_api/src/backend/invoker.dart:318:9)
<asynchronous suspension>
, timestamp: 2026-06-18 13:30:48.470088, function: requestAllPermissions, file: PermissionService}
00:11 +368 ~1: /Users/jose/src/work/hydracamv2/test/services/permission_service_test.dart: openAppSettings skips unsupported macOS permission handler
Log registered: {message: Skipping permission_handler openAppSettings on macOS., timestamp: 2026-06-18 13:30:48.471658, function: openAppSettings, file: PermissionService}
00:11 +369 ~1: /Users/jose/src/work/hydracamv2/test/services/permission_service_test.dart: openAppSettings skips unsupported Linux permission handler
Log registered: {message: Skipping permission_handler openAppSettings on linux., timestamp: 2026-06-18 13:30:48.473706, function: openAppSettings, file: PermissionService}
00:11 +370 ~1: /Users/jose/src/work/hydracamv2/test/services/permission_service_test.dart: (tearDownAll)
00:12 +370 ~1: /Users/jose/src/work/hydracamv2/test/services/network_info_service_test.dart: Network type labels describes Wi-Fi with unavailable SSID explicitly
00:12 +371 ~1: /Users/jose/src/work/hydracamv2/test/services/network_info_service_test.dart: Network type labels includes SSID when the platform exposes it
00:12 +372 ~1: /Users/jose/src/work/hydracamv2/test/services/network_info_service_test.dart: Network type labels describes pending connected-device network status
00:12 +373 ~1: /Users/jose/src/work/hydracamv2/test/services/network_info_service_test.dart: Network type labels describes unavailable SSID as a location requirement
00:12 +374 ~1: /Users/jose/src/work/hydracamv2/test/services/network_info_service_test.dart: Network type labels skips linux connectivity plugin when DBus system bus is missing
00:12 +375 ~1: /Users/jose/src/work/hydracamv2/test/services/camera_capture_settings_test.dart: VideoCaptureProfile maps sport 1080p60 to a 1080p target at 60 fps
00:12 +376 ~1: /Users/jose/src/work/hydracamv2/test/services/camera_capture_settings_test.dart: VideoCaptureProfile maps 4K profiles to ultraHigh with expected frame rates
00:12 +377 ~1: /Users/jose/src/work/hydracamv2/test/services/camera_capture_settings_test.dart: LensPreference labels iPhone ultra-wide as 0.5x
00:12 +378 ~1: /Users/jose/src/work/hydracamv2/test/services/camera_capture_settings_test.dart: LensPreference labels Android back cameras by camera id when lens type is unknown
00:12 +379 ~1: /Users/jose/src/work/hydracamv2/test/widgets/camera_level_overlay_test.dart: shows green guidance for level devices
00:13 +380 ~1: /Users/jose/src/work/hydracamv2/test/widgets/hydracam_surface_test.dart: surface uses the default operational surface tone
00:13 +381 ~1: /Users/jose/src/work/hydracamv2/test/widgets/camera_setup_preview_screen_test.dart: renders perspective selector and level overlay
00:13 +382 ~1: /Users/jose/src/work/hydracamv2/test/widgets/camera_setup_preview_screen_test.dart: renders perspective selector and level overlay
00:13 +383 ~1: /Users/jose/src/work/hydracamv2/test/widgets/camera_setup_preview_screen_test.dart: renders perspective selector and level overlay
00:13 +384 ~1: /Users/jose/src/work/hydracamv2/test/widgets/camera_setup_preview_screen_test.dart: renders perspective selector and level overlay
00:13 +385 ~1: /Users/jose/src/work/hydracamv2/test/widgets/camera_setup_preview_screen_test.dart: renders perspective selector and level overlay
00:13 +386 ~1: /Users/jose/src/work/hydracamv2/test/widgets/camera_setup_preview_screen_test.dart: renders perspective selector and level overlay
00:13 +387 ~1: /Users/jose/src/work/hydracamv2/test/widgets/hydra_cam_app_bar_test.dart: hides action menu during tiny startup layouts
00:13 +388 ~1: /Users/jose/src/work/hydracamv2/test/widgets/media_list_widget_test.dart: media list distinguishes failed uploads from pending uploads
00:13 +389 ~1: /Users/jose/src/work/hydracamv2/test/widgets/media_list_widget_test.dart: media list distinguishes failed uploads from pending uploads
00:13 +390 ~1: /Users/jose/src/work/hydracamv2/test/widgets/media_list_widget_test.dart: media list distinguishes failed uploads from pending uploads
00:13 +391 ~1: /Users/jose/src/work/hydracamv2/test/widgets/media_list_widget_test.dart: media list distinguishes failed uploads from pending uploads
00:13 +392 ~1: /Users/jose/src/work/hydracamv2/test/widgets/media_list_widget_test.dart: media list distinguishes failed uploads from pending uploads
00:13 +393 ~1: /Users/jose/src/work/hydracamv2/test/widgets/media_list_widget_test.dart: media list distinguishes failed uploads from pending uploads
Log registered: {message: UploaderService: Resetting upload queue and state., timestamp: 2026-06-18 13:30:50.182083, function: null, file: null}
Log registered: {message: UploaderService: Reset completed., timestamp: 2026-06-18 13:30:50.183884, function: null, file: null}
00:13 +394 ~1: /Users/jose/src/work/hydracamv2/test/widgets/media_filter_dialog_test.dart: browse all returns unconstrained media filters
00:13 +394 ~1: /Users/jose/src/work/hydracamv2/test/widgets/camera_setup_preview_screen_test.dart: standalone setup route can return to normal app
Log registered: {message: Mock camera ready for native controller mode on macOS., timestamp: 2026-06-18 13:30:50.185838, function: null, file: null}
00:13 +395 ~1: /Users/jose/src/work/hydracamv2/test/widgets/media_filter_dialog_test.dart: browse all returns unconstrained media filters
00:13 +396 ~1: /Users/jose/src/work/hydracamv2/test/widgets/media_filter_dialog_test.dart: browse all returns unconstrained media filters
00:13 +396 ~1: /Users/jose/src/work/hydracamv2/test/widgets/add_gallery_media_button_test.dart: active session button opens media filter dialog
Log registered: {message: UploaderService: Resetting upload queue and state., timestamp: 2026-06-18 13:30:50.203512, function: null, file: null}
Log registered: {message: UploaderService: Reset completed., timestamp: 2026-06-18 13:30:50.205824, function: null, file: null}
Log registered: {message: Session started with GUID: gallery-button-guid on device type: Master, timestamp: 2026-06-18 13:30:50.206170, function: null, file: null}
00:13 +396 ~1: /Users/jose/src/work/hydracamv2/test/widgets/media_list_widget_test.dart: upload state is presented as a labeled status indicator
Log registered: {message: UploaderService: Resetting upload queue and state., timestamp: 2026-06-18 13:30:50.226404, function: null, file: null}
Log registered: {message: UploaderService: Reset completed., timestamp: 2026-06-18 13:30:50.226679, function: null, file: null}
00:13 +397 ~1: /Users/jose/src/work/hydracamv2/test/widgets/media_filter_dialog_test.dart: browse all returns unconstrained media filters
00:13 +397 ~1: /Users/jose/src/work/hydracamv2/test/widgets/media_list_widget_test.dart: media list distinguishes failed uploads from pending uploads
Trace file unavailable: MissingPluginException(No implementation found for method getApplicationDocumentsDirectory on channel plugins.flutter.io/path_provider)
00:13 +397 ~1: /Users/jose/src/work/hydracamv2/test/widgets/camera_setup_preview_screen_test.dart: standalone setup route can return to normal app
Log registered: {message: Mock camera stopped, timestamp: 2026-06-18 13:30:50.256557, function: null, file: null}
00:13 +397 ~1: /Users/jose/src/work/hydracamv2/test/widgets/media_list_widget_test.dart: current upload progress includes uploaded and total bytes
Log registered: {message: UploaderService: Resetting upload queue and state., timestamp: 2026-06-18 13:30:50.257339, function: null, file: null}
00:13 +398 ~1: /Users/jose/src/work/hydracamv2/test/widgets/media_filter_dialog_test.dart: browse all returns unconstrained media filters
00:13 +398 ~1: /Users/jose/src/work/hydracamv2/test/widgets/media_list_widget_test.dart: current upload progress includes uploaded and total bytes
Log registered: {message: Cancelled in-flight API requests., timestamp: 2026-06-18 13:30:50.257802, function: null, file: null}
Log registered: {message: UploaderService: Reset completed., timestamp: 2026-06-18 13:30:50.258033, function: null, file: null}
00:13 +399 ~1: /Users/jose/src/work/hydracamv2/test/widgets/media_filter_dialog_test.dart: browse all returns unconstrained media filters
00:13 +399 ~1: /Users/jose/src/work/hydracamv2/test/widgets/media_list_widget_test.dart: current upload progress includes estimated time remaining
Log registered: {message: UploaderService: Resetting upload queue and state., timestamp: 2026-06-18 13:30:50.280701, function: null, file: null}
Log registered: {message: Cancelled in-flight API requests., timestamp: 2026-06-18 13:30:50.280895, function: null, file: null}
Log registered: {message: UploaderService: Reset completed., timestamp: 2026-06-18 13:30:50.280990, function: null, file: null}
00:13 +400 ~1: /Users/jose/src/work/hydracamv2/test/widgets/media_filter_dialog_test.dart: browse all returns unconstrained media filters
00:13 +401 ~1: /Users/jose/src/work/hydracamv2/test/widgets/media_filter_dialog_test.dart: browse all returns unconstrained media filters
00:13 +402 ~1: /Users/jose/src/work/hydracamv2/test/widgets/add_gallery_media_button_test.dart: active session button opens media filter dialog
00:13 +402 ~1: /Users/jose/src/work/hydracamv2/test/widgets/media_list_widget_test.dart: upload actions distinguish retry from queue upload
Log registered: {message: UploaderService: Resetting upload queue and state., timestamp: 2026-06-18 13:30:50.391376, function: null, file: null}
Log registered: {message: UploaderService: Reset completed., timestamp: 2026-06-18 13:30:50.391598, function: null, file: null}
00:13 +403 ~1: /Users/jose/src/work/hydracamv2/test/widgets/add_gallery_media_button_test.dart: active session button opens media filter dialog
Log registered: {message: Session metadata saved to /var/folders/6s/dp27g8gn26j9mp36sjfxb9tw0000gn/T/add_gallery_button_docsYGm51R/session_gallery-button-guid/metadata.json, timestamp: 2026-06-18 13:30:50.404675, function: null, file: null}
Log registered: {message: UploaderService: Resetting upload queue and state., timestamp: 2026-06-18 13:30:50.404888, function: null, file: null}
Log registered: {message: UploaderService: Reset completed., timestamp: 2026-06-18 13:30:50.404954, function: null, file: null}
Log registered: {message: Session ended and uploader reset., timestamp: 2026-06-18 13:30:50.405011, function: null, file: null}
00:13 +404 ~1: /Users/jose/src/work/hydracamv2/test/widgets/media_list_widget_test.dart: missing local media rows suppress upload actions
00:13 +404 ~1: /Users/jose/src/work/hydracamv2/test/widgets/add_gallery_media_button_test.dart: gallery load errors are reported without crashing
Log registered: {message: UploaderService: Resetting upload queue and state., timestamp: 2026-06-18 13:30:50.408525, function: null, file: null}
Log registered: {message: UploaderService: Reset completed., timestamp: 2026-06-18 13:30:50.408740, function: null, file: null}
Log registered: {message: Session started with GUID: gallery-load-error-guid on device type: Master, timestamp: 2026-06-18 13:30:50.408860, function: null, file: null}
00:13 +404 ~1: /Users/jose/src/work/hydracamv2/test/widgets/media_list_widget_test.dart: missing local media rows suppress upload actions
Log registered: {message: UploaderService: Resetting upload queue and state., timestamp: 2026-06-18 13:30:50.414290, function: null, file: null}
Log registered: {message: UploaderService: Reset completed., timestamp: 2026-06-18 13:30:50.414438, function: null, file: null}
00:13 +405 ~1: /Users/jose/src/work/hydracamv2/test/widgets/add_gallery_media_button_test.dart: gallery load errors are reported without crashing
00:13 +405 ~1: /Users/jose/src/work/hydracamv2/test/widgets/media_list_widget_test.dart: pending upload can be cancelled from the media row
Log registered: {message: UploaderService: Resetting upload queue and state., timestamp: 2026-06-18 13:30:50.435543, function: null, file: null}
Log registered: {message: UploaderService: Reset completed., timestamp: 2026-06-18 13:30:50.435741, function: null, file: null}
00:13 +406 ~1: /Users/jose/src/work/hydracamv2/test/widgets/add_gallery_media_button_test.dart: gallery load errors are reported without crashing
00:13 +406 ~1: /Users/jose/src/work/hydracamv2/test/widgets/media_list_widget_test.dart: current upload can be cancelled from the media row
Log registered: {message: UploaderService: Resetting upload queue and state., timestamp: 2026-06-18 13:30:50.455868, function: null, file: null}
Log registered: {message: Cancelled in-flight API requests., timestamp: 2026-06-18 13:30:50.456052, function: null, file: null}
Log registered: {message: UploaderService: Reset completed., timestamp: 2026-06-18 13:30:50.456219, function: null, file: null}
00:13 +407 ~1: /Users/jose/src/work/hydracamv2/test/widgets/add_gallery_media_button_test.dart: gallery load errors are reported without crashing
Log registered: {message: Failed to load gallery media for import: PlatformException(gallery_unavailable, Gallery provider unavailable, null, null), timestamp: 2026-06-18 13:30:50.458209, function: null, file: null}
Log registered: {message: Session metadata saved to /var/folders/6s/dp27g8gn26j9mp36sjfxb9tw0000gn/T/add_gallery_button_docspLKq7p/session_gallery-load-error-guid/metadata.json, timestamp: 2026-06-18 13:30:50.501860, function: null, file: null}
Log registered: {message: UploaderService: Resetting upload queue and state., timestamp: 2026-06-18 13:30:50.502034, function: null, file: null}
Log registered: {message: UploaderService: Reset completed., timestamp: 2026-06-18 13:30:50.502093, function: null, file: null}
Log registered: {message: Session ended and uploader reset., timestamp: 2026-06-18 13:30:50.502156, function: null, file: null}
00:13 +408 ~1: /Users/jose/src/work/hydracamv2/test/widgets/add_gallery_media_button_test.dart: selected gallery media is copied into the active session
Log registered: {message: UploaderService: Resetting upload queue and state., timestamp: 2026-06-18 13:30:50.506013, function: null, file: null}
Log registered: {message: UploaderService: Reset completed., timestamp: 2026-06-18 13:30:50.506176, function: null, file: null}
Log registered: {message: Session started with GUID: gallery-copy-guid on device type: Master, timestamp: 2026-06-18 13:30:50.506300, function: null, file: null}
Log registered: {message: Album: Gallery, Assets Processed: 1, timestamp: 2026-06-18 13:30:50.541504, function: null, file: null}
Log registered: {message: Retrieved existing Device ID: gallery-import-device, timestamp: 2026-06-18 13:30:51.693533, function: null, file: null}
Log registered: {message: Importing selected gallery asset into active session: gallery-photo-1, timestamp: 2026-06-18 13:30:51.693804, function: null, file: null}
Log registered: {message: Resolved gallery asset file for import: /var/folders/6s/dp27g8gn26j9mp36sjfxb9tw0000gn/T/add_gallery_button_docsJAyWso/source.jpg, timestamp: 2026-06-18 13:30:51.694281, function: null, file: null}
Log registered: {message: Session metadata saved to /var/folders/6s/dp27g8gn26j9mp36sjfxb9tw0000gn/T/add_gallery_button_docsJAyWso/session_gallery-copy-guid/metadata.json, timestamp: 2026-06-18 13:30:51.741677, function: null, file: null}
Log registered: {message: UploaderService: Resetting upload queue and state., timestamp: 2026-06-18 13:30:51.741843, function: null, file: null}
Log registered: {message: UploaderService: Reset completed., timestamp: 2026-06-18 13:30:51.741904, function: null, file: null}
Log registered: {message: Session ended and uploader reset., timestamp: 2026-06-18 13:30:51.741976, function: null, file: null}
00:15 +409 ~1: /Users/jose/src/work/hydracamv2/test/widgets/add_gallery_media_button_test.dart: unavailable selected gallery media reports no import
Log registered: {message: UploaderService: Resetting upload queue and state., timestamp: 2026-06-18 13:30:51.745762, function: null, file: null}
Log registered: {message: UploaderService: Reset completed., timestamp: 2026-06-18 13:30:51.745898, function: null, file: null}
Log registered: {message: Session started with GUID: gallery-missing-file-guid on device type: Master, timestamp: 2026-06-18 13:30:51.745968, function: null, file: null}
Log registered: {message: Album: Gallery, Assets Processed: 1, timestamp: 2026-06-18 13:30:51.775516, function: null, file: null}
Log registered: {message: Retrieved existing Device ID: gallery-import-device, timestamp: 2026-06-18 13:30:51.855805, function: null, file: null}
Log registered: {message: Importing selected gallery asset into active session: missing-gallery-photo, timestamp: 2026-06-18 13:30:51.855975, function: null, file: null}
Log registered: {message: Skipping gallery asset with no available local file: missing-gallery-photo, timestamp: 2026-06-18 13:30:51.856152, function: null, file: null}
Log registered: {message: No selected gallery media was imported into the active session., timestamp: 2026-06-18 13:30:51.856208, function: null, file: null}
Log registered: {message: Session metadata saved to /var/folders/6s/dp27g8gn26j9mp36sjfxb9tw0000gn/T/add_gallery_button_docsp6OIiB/session_gallery-missing-file-guid/metadata.json, timestamp: 2026-06-18 13:30:51.883493, function: null, file: null}
Log registered: {message: UploaderService: Resetting upload queue and state., timestamp: 2026-06-18 13:30:51.883666, function: null, file: null}
Log registered: {message: UploaderService: Reset completed., timestamp: 2026-06-18 13:30:51.883730, function: null, file: null}
Log registered: {message: Session ended and uploader reset., timestamp: 2026-06-18 13:30:51.883773, function: null, file: null}
00:15 +410 ~1: /Users/jose/src/work/hydracamv2/test/widgets/add_gallery_media_button_test.dart: partially unavailable selected gallery media reports skipped
Log registered: {message: UploaderService: Resetting upload queue and state., timestamp: 2026-06-18 13:30:51.887247, function: null, file: null}
Log registered: {message: UploaderService: Reset completed., timestamp: 2026-06-18 13:30:51.887372, function: null, file: null}
Log registered: {message: Session started with GUID: gallery-partial-guid on device type: Master, timestamp: 2026-06-18 13:30:51.887431, function: null, file: null}
Log registered: {message: Album: Gallery, Assets Processed: 2, timestamp: 2026-06-18 13:30:51.912960, function: null, file: null}
Log registered: {message: Retrieved existing Device ID: gallery-import-device, timestamp: 2026-06-18 13:30:53.002806, function: null, file: null}
Log registered: {message: Importing selected gallery asset into active session: partial-gallery-photo, timestamp: 2026-06-18 13:30:53.003044, function: null, file: null}
Log registered: {message: Resolved gallery asset file for import: /var/folders/6s/dp27g8gn26j9mp36sjfxb9tw0000gn/T/add_gallery_button_docscFjd1d/partial-source.jpg, timestamp: 2026-06-18 13:30:53.003253, function: null, file: null}
Log registered: {message: Importing selected gallery asset into active session: missing-gallery-photo, timestamp: 2026-06-18 13:30:53.003821, function: null, file: null}
Log registered: {message: Skipping gallery asset with no available local file: missing-gallery-photo, timestamp: 2026-06-18 13:30:53.003973, function: null, file: null}
Log registered: {message: Session metadata saved to /var/folders/6s/dp27g8gn26j9mp36sjfxb9tw0000gn/T/add_gallery_button_docscFjd1d/session_gallery-partial-guid/metadata.json, timestamp: 2026-06-18 13:30:53.035400, function: null, file: null}
Log registered: {message: UploaderService: Resetting upload queue and state., timestamp: 2026-06-18 13:30:53.035584, function: null, file: null}
Log registered: {message: UploaderService: Reset completed., timestamp: 2026-06-18 13:30:53.035647, function: null, file: null}
Log registered: {message: Session ended and uploader reset., timestamp: 2026-06-18 13:30:53.035719, function: null, file: null}
00:16 +411 ~1: /Users/jose/src/work/hydracamv2/test/widgets/add_gallery_media_button_test.dart: gallery import continues after one selected asset fails
Log registered: {message: UploaderService: Resetting upload queue and state., timestamp: 2026-06-18 13:30:53.039452, function: null, file: null}
Log registered: {message: UploaderService: Reset completed., timestamp: 2026-06-18 13:30:53.039562, function: null, file: null}
Log registered: {message: Session started with GUID: gallery-failure-guid on device type: Master, timestamp: 2026-06-18 13:30:53.039619, function: null, file: null}
Log registered: {message: Album: Gallery, Assets Processed: 2, timestamp: 2026-06-18 13:30:53.071040, function: null, file: null}
Log registered: {message: Retrieved existing Device ID: gallery-import-device, timestamp: 2026-06-18 13:30:54.158418, function: null, file: null}
Log registered: {message: Importing selected gallery asset into active session: failed-gallery-photo, timestamp: 2026-06-18 13:30:54.158663, function: null, file: null}
Log registered: {message: Resolved gallery asset file for import: /var/folders/6s/dp27g8gn26j9mp36sjfxb9tw0000gn/T/add_gallery_button_docszRtNlR/failed-source.jpg, timestamp: 2026-06-18 13:30:54.158902, function: null, file: null}
Log registered: {message: Failed to import selected gallery asset failed-gallery-photo: Bad state: Failed to attach failed-gallery-photo, timestamp: 2026-06-18 13:30:54.159229, function: null, file: null}
Log registered: {message: Importing selected gallery asset into active session: imported-gallery-photo, timestamp: 2026-06-18 13:30:54.159327, function: null, file: null}
Log registered: {message: Resolved gallery asset file for import: /var/folders/6s/dp27g8gn26j9mp36sjfxb9tw0000gn/T/add_gallery_button_docszRtNlR/imported-source.jpg, timestamp: 2026-06-18 13:30:54.159483, function: null, file: null}
Log registered: {message: Session metadata saved to /var/folders/6s/dp27g8gn26j9mp36sjfxb9tw0000gn/T/add_gallery_button_docszRtNlR/session_gallery-failure-guid/metadata.json, timestamp: 2026-06-18 13:30:54.192989, function: null, file: null}
Log registered: {message: UploaderService: Resetting upload queue and state., timestamp: 2026-06-18 13:30:54.193135, function: null, file: null}
Log registered: {message: UploaderService: Reset completed., timestamp: 2026-06-18 13:30:54.193190, function: null, file: null}
Log registered: {message: Session ended and uploader reset., timestamp: 2026-06-18 13:30:54.193230, function: null, file: null}
00:17 +412 ~1: /Users/jose/src/work/hydracamv2/test/widgets/add_gallery_media_button_test.dart: (tearDownAll)
00:17 +412 ~1: All tests passed!
[exit-code] 0

$ flutter devices --device-timeout 10
