# HydraCam evidence run command log

$ git status -sb
## codex/hydracam-visual-makeover...github/codex/hydracam-visual-makeover
?? logs/verification-runs/20260611-0237-eight-target-random-master-role-switch/
?? logs/verification-runs/20260611-s7-s10e-hardware-ui-overflow-e2e/
?? logs/verification-runs/20260611-s7-two-s10e-hardware-ui-oriented-scroll-e2e/
?? logs/verification-runs/20260611-s7-two-s10e-hardware-ui-scroll-e2e/
?? logs/verification-runs/20260612-0649-visual-makeover-cross-platform-smoke/
?? logs/verification-runs/20260612-0657-regular-evaluation-tier-b-simulator-baseline/
?? logs/verification-runs/20260612-0703-regular-evaluation-tier-a-ipad-hardware-baseline/
?? logs/verification-runs/20260612-0706-local-ide-emulator-deploy-setup/
?? logs/verification-runs/20260612-1723-cleanup-attached-phone-validation/
?? logs/verification-runs/20260614-0941-hydracam-multicamera-legacy-mediatimeline-flow/
?? logs/verification-runs/20260615-1935-store-distribution-readiness/
?? logs/verification-runs/20260617-1033-test-android-apps-hardware-ui-smoke/
?? logs/verification-runs/20260617-1212-test-android-apps-hardware-ui-smoke-unlocked/
?? logs/verification-runs/20260617-1232-test-android-apps-s9-hardware-ui-smoke-unlocked/
?? logs/verification-runs/20260617-1435-auth0-cross-platform-evaluation/
?? logs/verification-runs/20260617-1929-uploader-reset-cancels-transport/
?? logs/verification-runs/20260617-1933-auth0-malformed-id-token-restore-cleanup/
?? logs/verification-runs/20260617-1938-user-restore-blank-email-guard/
?? logs/verification-runs/20260617-1941-user-login-blank-email-guard/
?? logs/verification-runs/20260617-1944-auth0-email-claim-normalization/
?? logs/verification-runs/20260617-1947-auth0-login-failure-clears-stale-session/
?? logs/verification-runs/20260617-1948-ipad-prepare-camera-stuck/
?? logs/verification-runs/20260617-1949-auth0-blank-stored-token-guards/
?? logs/verification-runs/20260617-2019-ipad-legacy-upload-success-response/
?? logs/verification-runs/20260618-1717-stale-session-ended-preserves-slave-session/
?? logs/verification-runs/20260618-all-connected-redeploy/
[exit-code] 0

$ flutter test --no-pub test/slave/slave_client_registration_test.dart
00:00 +0: loading /Users/jose/src/work/hydracamv2/test/slave/slave_client_registration_test.dart
00:00 +0: slave registers before waiting for network payload
Log registered: {message: Retrieved existing Device ID: test-device, timestamp: 2026-06-18 17:16:07.891793, function: null, file: null}
Log registered: {message: Attempting to connect to master WebSocket at ws://127.0.0.1:57057/ws with Device ID: test-device, timestamp: 2026-06-18 17:16:07.894338, function: null, file: null}
Log registered: {message: Could not read slave app version diagnostics: MissingPluginException(No implementation found for method getAll on channel dev.fluttercommunity.plus/package_info), timestamp: 2026-06-18 17:16:07.899213, function: null, file: null}
Trace file unavailable: MissingPluginException(No implementation found for method getApplicationDocumentsDirectory on channel plugins.flutter.io/path_provider)
Log registered: {message: Could not read slave hardware diagnostics: MissingPluginException(No implementation found for method getDeviceInfo on channel dev.fluttercommunity.plus/device_info), timestamp: 2026-06-18 17:16:07.908439, function: null, file: null}
Log registered: {message: Connected to WebSocket at ws://127.0.0.1:57057/ws, timestamp: 2026-06-18 17:16:07.910305, function: null, file: null}
Log registered: {message: Connection closed, timestamp: 2026-06-18 17:16:07.917292, function: null, file: null}
00:00 +1: slave registration includes app and hardware diagnostics
Log registered: {message: Retrieved existing Device ID: test-device, timestamp: 2026-06-18 17:16:07.924610, function: null, file: null}
Log registered: {message: Attempting to connect to master WebSocket at ws://127.0.0.1:57263/ws with Device ID: test-device, timestamp: 2026-06-18 17:16:07.924720, function: null, file: null}
Log registered: {message: Connected to WebSocket at ws://127.0.0.1:57263/ws, timestamp: 2026-06-18 17:16:07.925257, function: null, file: null}
Log registered: {message: Connection closed, timestamp: 2026-06-18 17:16:07.929676, function: null, file: null}
00:00 +2: slave heartbeat includes camera setup status when available
Log registered: {message: Retrieved existing Device ID: test-device, timestamp: 2026-06-18 17:16:07.932856, function: null, file: null}
Log registered: {message: Attempting to connect to master WebSocket at ws://127.0.0.1:57303/ws with Device ID: test-device, timestamp: 2026-06-18 17:16:07.932974, function: null, file: null}
Log registered: {message: Could not read slave app version diagnostics: MissingPluginException(No implementation found for method getAll on channel dev.fluttercommunity.plus/package_info), timestamp: 2026-06-18 17:16:07.933717, function: null, file: null}
Log registered: {message: Could not read slave hardware diagnostics: MissingPluginException(No implementation found for method getDeviceInfo on channel dev.fluttercommunity.plus/device_info), timestamp: 2026-06-18 17:16:07.934616, function: null, file: null}
Log registered: {message: Connected to WebSocket at ws://127.0.0.1:57303/ws, timestamp: 2026-06-18 17:16:07.934809, function: null, file: null}
Log registered: {message: Connection closed, timestamp: 2026-06-18 17:16:07.938444, function: null, file: null}
00:00 +3: slave heartbeat reports active session guid
Log registered: {message: UploaderService: Resetting upload queue and state., timestamp: 2026-06-18 17:16:07.944332, function: null, file: null}
Log registered: {message: UploaderService: Reset completed., timestamp: 2026-06-18 17:16:07.944798, function: null, file: null}
Log registered: {message: Session started with GUID: slave-session-guid on device type: Slave, timestamp: 2026-06-18 17:16:07.945106, function: null, file: null}
Log registered: {message: Adding photo to upload queue: /var/folders/6s/dp27g8gn26j9mp36sjfxb9tw0000gn/T/slave-heartbeatJsF0Vc/photo.jpg, timestamp: 2026-06-18 17:16:07.948695, function: null, file: null}
Log registered: {message: Error saving session metadata: MissingPluginException(No implementation found for method getApplicationDocumentsDirectory on channel plugins.flutter.io/path_provider), timestamp: 2026-06-18 17:16:07.949942, function: null, file: null}
Log registered: {message: [UploaderService] No uploaded media with valid durations. Returning zero duration., timestamp: 2026-06-18 17:16:07.950937, function: null, file: null}
Log registered: {message: Media added to upload queue: /var/folders/6s/dp27g8gn26j9mp36sjfxb9tw0000gn/T/slave-heartbeatJsF0Vc/photo.jpg, timestamp: 2026-06-18 17:16:07.951098, function: null, file: null}
Log registered: {message: Auto-upload is disabled. Media added to queue but not uploaded., timestamp: 2026-06-18 17:16:07.951303, function: null, file: null}
Log registered: {message: Retrieved existing Device ID: test-device, timestamp: 2026-06-18 17:16:07.951649, function: null, file: null}
Log registered: {message: Attempting to connect to master WebSocket at ws://127.0.0.1:57481/ws with Device ID: test-device, timestamp: 2026-06-18 17:16:07.951756, function: null, file: null}
Log registered: {message: Could not read slave app version diagnostics: MissingPluginException(No implementation found for method getAll on channel dev.fluttercommunity.plus/package_info), timestamp: 2026-06-18 17:16:07.952994, function: null, file: null}
Log registered: {message: Could not read slave hardware diagnostics: MissingPluginException(No implementation found for method getDeviceInfo on channel dev.fluttercommunity.plus/device_info), timestamp: 2026-06-18 17:16:07.954629, function: null, file: null}
Log registered: {message: Connected to WebSocket at ws://127.0.0.1:57481/ws, timestamp: 2026-06-18 17:16:07.954977, function: null, file: null}
Log registered: {message: Connection closed, timestamp: 2026-06-18 17:16:07.957816, function: null, file: null}
Log registered: {message: Error saving session metadata: MissingPluginException(No implementation found for method getApplicationDocumentsDirectory on channel plugins.flutter.io/path_provider), timestamp: 2026-06-18 17:16:07.959088, function: null, file: null}
Log registered: {message: UploaderService: Resetting upload queue and state., timestamp: 2026-06-18 17:16:07.959195, function: null, file: null}
Log registered: {message: UploaderService: Reset completed., timestamp: 2026-06-18 17:16:07.959264, function: null, file: null}
Log registered: {message: Session ended and uploader reset., timestamp: 2026-06-18 17:16:07.959311, function: null, file: null}
00:00 +4: noSession preserves an active slave session and upload queue
Log registered: {message: UploaderService: Resetting upload queue and state., timestamp: 2026-06-18 17:16:07.963675, function: null, file: null}
Log registered: {message: UploaderService: Reset completed., timestamp: 2026-06-18 17:16:07.963761, function: null, file: null}
Log registered: {message: UploaderService: Resetting upload queue and state., timestamp: 2026-06-18 17:16:07.963864, function: null, file: null}
Log registered: {message: UploaderService: Reset completed., timestamp: 2026-06-18 17:16:07.963921, function: null, file: null}
Log registered: {message: Session started with GUID: slave-active-session on device type: Slave, timestamp: 2026-06-18 17:16:07.963967, function: null, file: null}
Log registered: {message: [UploaderService] No uploaded media with valid durations. Returning zero duration., timestamp: 2026-06-18 17:16:07.964493, function: null, file: null}
Log registered: {message: Media added to upload queue: /var/folders/6s/dp27g8gn26j9mp36sjfxb9tw0000gn/T/slave_no_sessionP3goHk/queued-photo.jpg, timestamp: 2026-06-18 17:16:07.964564, function: null, file: null}
Log registered: {message: Auto-upload is disabled. Media added to queue but not uploaded., timestamp: 2026-06-18 17:16:07.964710, function: null, file: null}
Log registered: {message: Retrieved existing Device ID: test-device, timestamp: 2026-06-18 17:16:07.965153, function: null, file: null}
Log registered: {message: Attempting to connect to master WebSocket at ws://127.0.0.1:57568/ws with Device ID: test-device, timestamp: 2026-06-18 17:16:07.965216, function: null, file: null}
Log registered: {message: Could not read slave app version diagnostics: MissingPluginException(No implementation found for method getAll on channel dev.fluttercommunity.plus/package_info), timestamp: 2026-06-18 17:16:07.966317, function: null, file: null}
Log registered: {message: Could not read slave hardware diagnostics: MissingPluginException(No implementation found for method getDeviceInfo on channel dev.fluttercommunity.plus/device_info), timestamp: 2026-06-18 17:16:07.967590, function: null, file: null}
Log registered: {message: Connected to WebSocket at ws://127.0.0.1:57568/ws, timestamp: 2026-06-18 17:16:07.967711, function: null, file: null}
Log registered: {message: Command received from master: {"command":"noSession"}, timestamp: 2026-06-18 17:16:07.972242, function: null, file: null}
Log registered: {message: Master reported no active session; keeping active session slave-active-session until explicit sessionEnded., timestamp: 2026-06-18 17:16:07.972878, function: null, file: null}
Log registered: {message: Connection closed, timestamp: 2026-06-18 17:16:07.981269, function: null, file: null}
Log registered: {message: UploaderService: Resetting upload queue and state., timestamp: 2026-06-18 17:16:07.982950, function: null, file: null}
Log registered: {message: UploaderService: Reset completed., timestamp: 2026-06-18 17:16:07.983025, function: null, file: null}
Log registered: {message: Session metadata saved to /var/folders/6s/dp27g8gn26j9mp36sjfxb9tw0000gn/T/slave_client_docscsGwVO/session_slave-active-session/metadata.json, timestamp: 2026-06-18 17:16:07.984333, function: null, file: null}
Log registered: {message: UploaderService: Resetting upload queue and state., timestamp: 2026-06-18 17:16:07.984427, function: null, file: null}
Log registered: {message: UploaderService: Reset completed., timestamp: 2026-06-18 17:16:07.984477, function: null, file: null}
Log registered: {message: Session ended and uploader reset., timestamp: 2026-06-18 17:16:07.984517, function: null, file: null}
00:00 +5: conflicting sessionStatus preserves active slave session and queue
00:00 +5: noSession preserves an active slave session and upload queue
Trace persistence retry scheduled: PathNotFoundException: Cannot open file, path = '/var/folders/6s/dp27g8gn26j9mp36sjfxb9tw0000gn/T/slave_client_docscsGwVO/logs/hydracam-trace-2026-06-18T17-16-07-969681.ndjson' (OS Error: No such file or directory, errno = 2)
00:00 +5: conflicting sessionStatus preserves active slave session and queue
Log registered: {message: UploaderService: Resetting upload queue and state., timestamp: 2026-06-18 17:16:07.987493, function: null, file: null}
Log registered: {message: UploaderService: Reset completed., timestamp: 2026-06-18 17:16:07.987575, function: null, file: null}
Log registered: {message: UploaderService: Resetting upload queue and state., timestamp: 2026-06-18 17:16:07.987629, function: null, file: null}
Log registered: {message: UploaderService: Reset completed., timestamp: 2026-06-18 17:16:07.987669, function: null, file: null}
Log registered: {message: Session started with GUID: slave-active-session on device type: Slave, timestamp: 2026-06-18 17:16:07.987715, function: null, file: null}
Log registered: {message: [UploaderService] No uploaded media with valid durations. Returning zero duration., timestamp: 2026-06-18 17:16:07.988067, function: null, file: null}
Log registered: {message: Media added to upload queue: /var/folders/6s/dp27g8gn26j9mp36sjfxb9tw0000gn/T/slave_conflictu9CZeO/queued-photo.jpg, timestamp: 2026-06-18 17:16:07.988140, function: null, file: null}
Log registered: {message: Auto-upload is disabled. Media added to queue but not uploaded., timestamp: 2026-06-18 17:16:07.988271, function: null, file: null}
Log registered: {message: Retrieved existing Device ID: test-device, timestamp: 2026-06-18 17:16:07.988570, function: null, file: null}
Log registered: {message: Attempting to connect to master WebSocket at ws://127.0.0.1:57765/ws with Device ID: test-device, timestamp: 2026-06-18 17:16:07.988624, function: null, file: null}
Log registered: {message: Could not read slave app version diagnostics: MissingPluginException(No implementation found for method getAll on channel dev.fluttercommunity.plus/package_info), timestamp: 2026-06-18 17:16:07.989206, function: null, file: null}
Log registered: {message: Could not read slave hardware diagnostics: MissingPluginException(No implementation found for method getDeviceInfo on channel dev.fluttercommunity.plus/device_info), timestamp: 2026-06-18 17:16:07.990570, function: null, file: null}
Log registered: {message: Connected to WebSocket at ws://127.0.0.1:57765/ws, timestamp: 2026-06-18 17:16:07.990696, function: null, file: null}
Log registered: {message: Command received from master: {"command":"sessionStatus","sessionGuid":"master-other-session"}, timestamp: 2026-06-18 17:16:07.992734, function: null, file: null}
Log registered: {message: Command: {"command":"sessionStatus","sessionGuid":"master-other-session"}, timestamp: 2026-06-18 17:16:07.992836, function: null, file: null}
Log registered: {message: Session guid: master-other-session, timestamp: 2026-06-18 17:16:07.992885, function: null, file: null}
Log registered: {message: Master session conflict: keeping active session slave-active-session instead of joining master-other-session., timestamp: 2026-06-18 17:16:07.993049, function: null, file: null}
Log registered: {message: Connection closed, timestamp: 2026-06-18 17:16:08.004171, function: null, file: null}
Log registered: {message: UploaderService: Resetting upload queue and state., timestamp: 2026-06-18 17:16:08.004410, function: null, file: null}
Log registered: {message: UploaderService: Reset completed., timestamp: 2026-06-18 17:16:08.004469, function: null, file: null}
Log registered: {message: Session metadata saved to /var/folders/6s/dp27g8gn26j9mp36sjfxb9tw0000gn/T/slave_client_docsPd5i6d/session_slave-active-session/metadata.json, timestamp: 2026-06-18 17:16:08.005699, function: null, file: null}
Log registered: {message: UploaderService: Resetting upload queue and state., timestamp: 2026-06-18 17:16:08.005790, function: null, file: null}
Log registered: {message: UploaderService: Reset completed., timestamp: 2026-06-18 17:16:08.005839, function: null, file: null}
Log registered: {message: Session ended and uploader reset., timestamp: 2026-06-18 17:16:08.005882, function: null, file: null}
00:00 +6: auto-record starts recording when sessionStarted arrives
00:00 +6: conflicting sessionStatus preserves active slave session and queue
Trace persistence retry scheduled: PathNotFoundException: Cannot open file, path = '/var/folders/6s/dp27g8gn26j9mp36sjfxb9tw0000gn/T/slave_client_docsPd5i6d/logs/hydracam-trace-2026-06-18T17-16-07-992615.ndjson' (OS Error: No such file or directory, errno = 2)
00:00 +6: auto-record starts recording when sessionStarted arrives
Log registered: {message: Retrieved existing Device ID: test-device, timestamp: 2026-06-18 17:16:08.008537, function: null, file: null}
Log registered: {message: Attempting to connect to master WebSocket at ws://127.0.0.1:57882/ws with Device ID: test-device, timestamp: 2026-06-18 17:16:08.008607, function: null, file: null}
Log registered: {message: Could not read slave app version diagnostics: MissingPluginException(No implementation found for method getAll on channel dev.fluttercommunity.plus/package_info), timestamp: 2026-06-18 17:16:08.009338, function: null, file: null}
Log registered: {message: Could not read slave hardware diagnostics: MissingPluginException(No implementation found for method getDeviceInfo on channel dev.fluttercommunity.plus/device_info), timestamp: 2026-06-18 17:16:08.010049, function: null, file: null}
Log registered: {message: Connected to WebSocket at ws://127.0.0.1:57882/ws, timestamp: 2026-06-18 17:16:08.010194, function: null, file: null}
Log registered: {message: Command received from master: {"command":"sessionStarted","sessionGuid":"auto-record-session"}, timestamp: 2026-06-18 17:16:08.012362, function: null, file: null}
Log registered: {message: Command: {"command":"sessionStarted","sessionGuid":"auto-record-session"}, timestamp: 2026-06-18 17:16:08.012440, function: null, file: null}
Log registered: {message: Session guid: auto-record-session, timestamp: 2026-06-18 17:16:08.012488, function: null, file: null}
Log registered: {message: UploaderService: Resetting upload queue and state., timestamp: 2026-06-18 17:16:08.012534, function: null, file: null}
Log registered: {message: UploaderService: Reset completed., timestamp: 2026-06-18 17:16:08.012571, function: null, file: null}
Log registered: {message: Session started with GUID: auto-record-session on device type: Slave, timestamp: 2026-06-18 17:16:08.012608, function: null, file: null}
Log registered: {message: Get token, timestamp: 2026-06-18 17:16:08.013103, function: null, file: null}
Log registered: {message: Fetch token, timestamp: 2026-06-18 17:16:08.013380, function: null, file: null}
Log registered: {message: Auto-record starting recording for active session auto-record-session., timestamp: 2026-06-18 17:16:08.019021, function: null, file: null}
Log registered: {message: Starting video recording, timestamp: 2026-06-18 17:16:08.019486, function: null, file: null}
Log registered: {message: Mock camera ready for native controller mode on macOS., timestamp: 2026-06-18 17:16:08.019837, function: null, file: null}
Log registered: {message: Retrieved existing Device ID: test-device, timestamp: 2026-06-18 17:16:08.022118, function: null, file: null}
Log registered: {message: Mock video recording started for native controller mode., timestamp: 2026-06-18 17:16:08.022479, function: null, file: null}
Log registered: {message: Failed to fetch M2M token: , timestamp: 2026-06-18 17:16:08.023114, function: null, file: null}
Log registered: {message: Error on POST device/ReadyToTransmit: Exception: Failed to retrieve M2M token, timestamp: 2026-06-18 17:16:08.023297, function: null, file: null}
Log registered: {message: Failed to notify server: No response, timestamp: 2026-06-18 17:16:08.023356, function: null, file: null}
Log registered: {message: Connection closed, timestamp: 2026-06-18 17:16:08.023448, function: null, file: null}
Log registered: {message: Mock video saved to session path: /var/folders/6s/dp27g8gn26j9mp36sjfxb9tw0000gn/T/slave_client_docsOcfpP2/session_auto-record-session/mock_1_2026-06-18T17-16-08-024377.mp4, timestamp: 2026-06-18 17:16:08.027053, function: null, file: null}
Log registered: {message: Session metadata saved to /var/folders/6s/dp27g8gn26j9mp36sjfxb9tw0000gn/T/slave_client_docsOcfpP2/session_auto-record-session/metadata.json, timestamp: 2026-06-18 17:16:08.027805, function: null, file: null}
Log registered: {message: UploaderService: Resetting upload queue and state., timestamp: 2026-06-18 17:16:08.027891, function: null, file: null}
Log registered: {message: UploaderService: Reset completed., timestamp: 2026-06-18 17:16:08.027942, function: null, file: null}
Log registered: {message: Session ended and uploader reset., timestamp: 2026-06-18 17:16:08.027979, function: null, file: null}
00:00 +7: startUploadingAll command starts pending upload queue
Log registered: {message: UploaderService: Resetting upload queue and state., timestamp: 2026-06-18 17:16:08.029738, function: null, file: null}
Log registered: {message: UploaderService: Reset completed., timestamp: 2026-06-18 17:16:08.030005, function: null, file: null}
Log registered: {message: UploaderService: Resetting upload queue and state., timestamp: 2026-06-18 17:16:08.030055, function: null, file: null}
Log registered: {message: UploaderService: Reset completed., timestamp: 2026-06-18 17:16:08.030311, function: null, file: null}
Log registered: {message: Session started with GUID: backend-upload-session on device type: Slave, timestamp: 2026-06-18 17:16:08.030354, function: null, file: null}
Log registered: {message: [UploaderService] No uploaded media with valid durations. Returning zero duration., timestamp: 2026-06-18 17:16:08.030717, function: null, file: null}
Log registered: {message: Media added to upload queue: /var/folders/6s/dp27g8gn26j9mp36sjfxb9tw0000gn/T/slave_upload_commandU969Ou/queued-photo.jpg, timestamp: 2026-06-18 17:16:08.030768, function: null, file: null}
Log registered: {message: Auto-upload is disabled. Media added to queue but not uploaded., timestamp: 2026-06-18 17:16:08.030922, function: null, file: null}
Log registered: {message: Retrieved existing Device ID: test-device, timestamp: 2026-06-18 17:16:08.031227, function: null, file: null}
Log registered: {message: Attempting to connect to master WebSocket at ws://127.0.0.1:58079/ws with Device ID: test-device, timestamp: 2026-06-18 17:16:08.031281, function: null, file: null}
Log registered: {message: Could not read slave app version diagnostics: MissingPluginException(No implementation found for method getAll on channel dev.fluttercommunity.plus/package_info), timestamp: 2026-06-18 17:16:08.032013, function: null, file: null}
Log registered: {message: Could not read slave hardware diagnostics: MissingPluginException(No implementation found for method getDeviceInfo on channel dev.fluttercommunity.plus/device_info), timestamp: 2026-06-18 17:16:08.032244, function: null, file: null}
Log registered: {message: Connected to WebSocket at ws://127.0.0.1:58079/ws, timestamp: 2026-06-18 17:16:08.032368, function: null, file: null}
Log registered: {message: Command received from master: {"command":"startUploadingAll"}, timestamp: 2026-06-18 17:16:08.036844, function: null, file: null}
Log registered: {message: Start-upload-all command received from master., timestamp: 2026-06-18 17:16:08.037093, function: null, file: null}
Log registered: {message: Manual upload initiated., timestamp: 2026-06-18 17:16:08.037192, function: null, file: null}
Log registered: {message: UploaderService: _startUploading called. _isUploading=false, queue length=1, timestamp: 2026-06-18 17:16:08.037341, function: null, file: null}
Log registered: {message: UploaderService: _processNextItem called. Queue length=1, timestamp: 2026-06-18 17:16:08.037727, function: null, file: null}
Log registered: {message: UploaderService: sessionGuid=backend-upload-session, timestamp: 2026-06-18 17:16:08.037849, function: null, file: null}
Log registered: {message: Upload file is not valid photo media: /var/folders/6s/dp27g8gn26j9mp36sjfxb9tw0000gn/T/slave_upload_commandU969Ou/queued-photo.jpg, timestamp: 2026-06-18 17:16:08.040298, function: null, file: null}
Log registered: {message: Failed to upload media: /var/folders/6s/dp27g8gn26j9mp36sjfxb9tw0000gn/T/slave_upload_commandU969Ou/queued-photo.jpg, timestamp: 2026-06-18 17:16:08.040423, function: null, file: null}
Log registered: {message: Session metadata saved to /var/folders/6s/dp27g8gn26j9mp36sjfxb9tw0000gn/T/slave_client_docsOcfpP2/session_backend-upload-session/metadata.json, timestamp: 2026-06-18 17:16:08.041816, function: null, file: null}
Log registered: {message: [UploaderService] Queue is empty. Returning zero duration., timestamp: 2026-06-18 17:16:08.041895, function: null, file: null}
Log registered: {message: UploaderService: _processNextItem called. Queue length=0, timestamp: 2026-06-18 17:16:08.041941, function: null, file: null}
Log registered: {message: UploaderService: Queue is empty. Uploading stopped., timestamp: 2026-06-18 17:16:08.042116, function: null, file: null}
Log registered: {message: Connection closed, timestamp: 2026-06-18 17:16:08.043730, function: null, file: null}
Log registered: {message: UploaderService: Resetting upload queue and state., timestamp: 2026-06-18 17:16:08.043941, function: null, file: null}
Log registered: {message: UploaderService: Reset completed., timestamp: 2026-06-18 17:16:08.043986, function: null, file: null}
Log registered: {message: Session metadata saved to /var/folders/6s/dp27g8gn26j9mp36sjfxb9tw0000gn/T/slave_client_docsOcfpP2/session_backend-upload-session/metadata.json, timestamp: 2026-06-18 17:16:08.045131, function: null, file: null}
Log registered: {message: UploaderService: Resetting upload queue and state., timestamp: 2026-06-18 17:16:08.045207, function: null, file: null}
Log registered: {message: UploaderService: Reset completed., timestamp: 2026-06-18 17:16:08.045253, function: null, file: null}
Log registered: {message: Session ended and uploader reset., timestamp: 2026-06-18 17:16:08.045305, function: null, file: null}
00:00 +8: identifySlave command replies with identifyAck
Log registered: {message: UploaderService: Resetting upload queue and state., timestamp: 2026-06-18 17:16:08.047054, function: null, file: null}
Log registered: {message: UploaderService: Reset completed., timestamp: 2026-06-18 17:16:08.047109, function: null, file: null}
Log registered: {message: Session started with GUID: slave-session-guid on device type: Slave, timestamp: 2026-06-18 17:16:08.047152, function: null, file: null}
Log registered: {message: Adding photo to upload queue: /var/folders/6s/dp27g8gn26j9mp36sjfxb9tw0000gn/T/slave-identifyceaoLy/photo.jpg, timestamp: 2026-06-18 17:16:08.047484, function: null, file: null}
Log registered: {message: Session metadata saved to /var/folders/6s/dp27g8gn26j9mp36sjfxb9tw0000gn/T/slave_client_docsOcfpP2/session_slave-session-guid/metadata.json, timestamp: 2026-06-18 17:16:08.048577, function: null, file: null}
Log registered: {message: [UploaderService] No uploaded media with valid durations. Returning zero duration., timestamp: 2026-06-18 17:16:08.048665, function: null, file: null}
Log registered: {message: Media added to upload queue: /var/folders/6s/dp27g8gn26j9mp36sjfxb9tw0000gn/T/slave-identifyceaoLy/photo.jpg, timestamp: 2026-06-18 17:16:08.048730, function: null, file: null}
Log registered: {message: Auto-upload is disabled. Media added to queue but not uploaded., timestamp: 2026-06-18 17:16:08.048933, function: null, file: null}
Log registered: {message: Retrieved existing Device ID: test-device, timestamp: 2026-06-18 17:16:08.049186, function: null, file: null}
Log registered: {message: Attempting to connect to master WebSocket at ws://127.0.0.1:58243/ws with Device ID: test-device, timestamp: 2026-06-18 17:16:08.049244, function: null, file: null}
Log registered: {message: Could not read slave app version diagnostics: MissingPluginException(No implementation found for method getAll on channel dev.fluttercommunity.plus/package_info), timestamp: 2026-06-18 17:16:08.050382, function: null, file: null}
Log registered: {message: Could not read slave hardware diagnostics: MissingPluginException(No implementation found for method getDeviceInfo on channel dev.fluttercommunity.plus/device_info), timestamp: 2026-06-18 17:16:08.051107, function: null, file: null}
Log registered: {message: Connected to WebSocket at ws://127.0.0.1:58243/ws, timestamp: 2026-06-18 17:16:08.051281, function: null, file: null}
Log registered: {message: Command received from master: {"command":"identifySlave","requestId":"identify-test"}, timestamp: 2026-06-18 17:16:08.053077, function: null, file: null}
Log registered: {message: Sent identifyAck notification to master, timestamp: 2026-06-18 17:16:08.054616, function: null, file: null}
Log registered: {message: Connection closed, timestamp: 2026-06-18 17:16:08.054981, function: null, file: null}
Log registered: {message: Session metadata saved to /var/folders/6s/dp27g8gn26j9mp36sjfxb9tw0000gn/T/slave_client_docsOcfpP2/session_slave-session-guid/metadata.json, timestamp: 2026-06-18 17:16:08.056122, function: null, file: null}
Log registered: {message: UploaderService: Resetting upload queue and state., timestamp: 2026-06-18 17:16:08.056196, function: null, file: null}
Log registered: {message: UploaderService: Reset completed., timestamp: 2026-06-18 17:16:08.056241, function: null, file: null}
Log registered: {message: Session ended and uploader reset., timestamp: 2026-06-18 17:16:08.056275, function: null, file: null}
00:00 +9: scheduled command applies master clock offset before countdown
Log registered: {message: Retrieved existing Device ID: test-device, timestamp: 2026-06-18 17:16:08.058258, function: null, file: null}
Log registered: {message: Attempting to connect to master WebSocket at ws://127.0.0.1:58367/ws with Device ID: test-device, timestamp: 2026-06-18 17:16:08.058325, function: null, file: null}
Log registered: {message: Could not read slave app version diagnostics: MissingPluginException(No implementation found for method getAll on channel dev.fluttercommunity.plus/package_info), timestamp: 2026-06-18 17:16:08.059918, function: null, file: null}
Log registered: {message: Could not read slave hardware diagnostics: MissingPluginException(No implementation found for method getDeviceInfo on channel dev.fluttercommunity.plus/device_info), timestamp: 2026-06-18 17:16:08.060848, function: null, file: null}
Log registered: {message: Connected to WebSocket at ws://127.0.0.1:58367/ws, timestamp: 2026-06-18 17:16:08.060986, function: null, file: null}
Log registered: {message: Command received from master: {"type":"scheduledCommand","command":"takePhoto","scheduledTime":"2026-06-08T20:35:05.000Z","masterTime":"2026-06-08T20:35:02.000Z"}, timestamp: 2026-06-18 17:16:08.062565, function: null, file: null}
Log registered: {message: Applied coarse fallback clock offset from master timestamp: 2000 ms., timestamp: 2026-06-18 17:16:08.063393, function: null, file: null}
Log registered: {message: Command 'takePhoto' scheduled for 2026-06-08 20:35:05.000Z., timestamp: 2026-06-18 17:16:08.063667, function: null, file: null}
Log registered: {message: Connection closed, timestamp: 2026-06-18 17:16:08.064242, function: null, file: null}
00:00 +10: All tests passed!
[exit-code] 0

$ flutter test --no-pub test/slave/slave_client_registration_test.dart
00:00 +0: loading /Users/jose/src/work/hydracamv2/test/slave/slave_client_registration_test.dart
00:00 +0: slave registers before waiting for network payload
Log registered: {message: Retrieved existing Device ID: test-device, timestamp: 2026-06-18 17:16:42.005988, function: null, file: null}
Log registered: {message: Attempting to connect to master WebSocket at ws://127.0.0.1:50774/ws with Device ID: test-device, timestamp: 2026-06-18 17:16:42.007850, function: null, file: null}
Log registered: {message: Could not read slave app version diagnostics: MissingPluginException(No implementation found for method getAll on channel dev.fluttercommunity.plus/package_info), timestamp: 2026-06-18 17:16:42.014778, function: null, file: null}
Trace file unavailable: MissingPluginException(No implementation found for method getApplicationDocumentsDirectory on channel plugins.flutter.io/path_provider)
Log registered: {message: Could not read slave hardware diagnostics: MissingPluginException(No implementation found for method getDeviceInfo on channel dev.fluttercommunity.plus/device_info), timestamp: 2026-06-18 17:16:42.020095, function: null, file: null}
Log registered: {message: Connected to WebSocket at ws://127.0.0.1:50774/ws, timestamp: 2026-06-18 17:16:42.021657, function: null, file: null}
Log registered: {message: Connection closed, timestamp: 2026-06-18 17:16:42.027361, function: null, file: null}
00:00 +1: slave registration includes app and hardware diagnostics
Log registered: {message: Retrieved existing Device ID: test-device, timestamp: 2026-06-18 17:16:42.032731, function: null, file: null}
Log registered: {message: Attempting to connect to master WebSocket at ws://127.0.0.1:50782/ws with Device ID: test-device, timestamp: 2026-06-18 17:16:42.032813, function: null, file: null}
Log registered: {message: Connected to WebSocket at ws://127.0.0.1:50782/ws, timestamp: 2026-06-18 17:16:42.033277, function: null, file: null}
Log registered: {message: Connection closed, timestamp: 2026-06-18 17:16:42.036744, function: null, file: null}
00:00 +2: slave heartbeat includes camera setup status when available
Log registered: {message: Retrieved existing Device ID: test-device, timestamp: 2026-06-18 17:16:42.039192, function: null, file: null}
Log registered: {message: Attempting to connect to master WebSocket at ws://127.0.0.1:50784/ws with Device ID: test-device, timestamp: 2026-06-18 17:16:42.039271, function: null, file: null}
Log registered: {message: Could not read slave app version diagnostics: MissingPluginException(No implementation found for method getAll on channel dev.fluttercommunity.plus/package_info), timestamp: 2026-06-18 17:16:42.039885, function: null, file: null}
Log registered: {message: Could not read slave hardware diagnostics: MissingPluginException(No implementation found for method getDeviceInfo on channel dev.fluttercommunity.plus/device_info), timestamp: 2026-06-18 17:16:42.041227, function: null, file: null}
Log registered: {message: Connected to WebSocket at ws://127.0.0.1:50784/ws, timestamp: 2026-06-18 17:16:42.041379, function: null, file: null}
Log registered: {message: Connection closed, timestamp: 2026-06-18 17:16:42.043336, function: null, file: null}
00:00 +3: slave heartbeat reports active session guid
Log registered: {message: UploaderService: Resetting upload queue and state., timestamp: 2026-06-18 17:16:42.048825, function: null, file: null}
Log registered: {message: UploaderService: Reset completed., timestamp: 2026-06-18 17:16:42.049154, function: null, file: null}
Log registered: {message: Session started with GUID: slave-session-guid on device type: Slave, timestamp: 2026-06-18 17:16:42.049357, function: null, file: null}
Log registered: {message: Adding photo to upload queue: /var/folders/6s/dp27g8gn26j9mp36sjfxb9tw0000gn/T/slave-heartbeatoGW5GG/photo.jpg, timestamp: 2026-06-18 17:16:42.052633, function: null, file: null}
Log registered: {message: Error saving session metadata: MissingPluginException(No implementation found for method getApplicationDocumentsDirectory on channel plugins.flutter.io/path_provider), timestamp: 2026-06-18 17:16:42.053758, function: null, file: null}
Log registered: {message: [UploaderService] No uploaded media with valid durations. Returning zero duration., timestamp: 2026-06-18 17:16:42.054514, function: null, file: null}
Log registered: {message: Media added to upload queue: /var/folders/6s/dp27g8gn26j9mp36sjfxb9tw0000gn/T/slave-heartbeatoGW5GG/photo.jpg, timestamp: 2026-06-18 17:16:42.054603, function: null, file: null}
Log registered: {message: Auto-upload is disabled. Media added to queue but not uploaded., timestamp: 2026-06-18 17:16:42.054797, function: null, file: null}
Log registered: {message: Retrieved existing Device ID: test-device, timestamp: 2026-06-18 17:16:42.055092, function: null, file: null}
Log registered: {message: Attempting to connect to master WebSocket at ws://127.0.0.1:50789/ws with Device ID: test-device, timestamp: 2026-06-18 17:16:42.055158, function: null, file: null}
Log registered: {message: Could not read slave app version diagnostics: MissingPluginException(No implementation found for method getAll on channel dev.fluttercommunity.plus/package_info), timestamp: 2026-06-18 17:16:42.055770, function: null, file: null}
Log registered: {message: Could not read slave hardware diagnostics: MissingPluginException(No implementation found for method getDeviceInfo on channel dev.fluttercommunity.plus/device_info), timestamp: 2026-06-18 17:16:42.057013, function: null, file: null}
Log registered: {message: Connected to WebSocket at ws://127.0.0.1:50789/ws, timestamp: 2026-06-18 17:16:42.057146, function: null, file: null}
Log registered: {message: Connection closed, timestamp: 2026-06-18 17:16:42.059420, function: null, file: null}
Log registered: {message: Error saving session metadata: MissingPluginException(No implementation found for method getApplicationDocumentsDirectory on channel plugins.flutter.io/path_provider), timestamp: 2026-06-18 17:16:42.060491, function: null, file: null}
Log registered: {message: UploaderService: Resetting upload queue and state., timestamp: 2026-06-18 17:16:42.060591, function: null, file: null}
Log registered: {message: UploaderService: Reset completed., timestamp: 2026-06-18 17:16:42.060692, function: null, file: null}
Log registered: {message: Session ended and uploader reset., timestamp: 2026-06-18 17:16:42.060749, function: null, file: null}
00:00 +4: noSession preserves an active slave session and upload queue
Log registered: {message: UploaderService: Resetting upload queue and state., timestamp: 2026-06-18 17:16:42.063846, function: null, file: null}
Log registered: {message: UploaderService: Reset completed., timestamp: 2026-06-18 17:16:42.063909, function: null, file: null}
Log registered: {message: UploaderService: Resetting upload queue and state., timestamp: 2026-06-18 17:16:42.064011, function: null, file: null}
Log registered: {message: UploaderService: Reset completed., timestamp: 2026-06-18 17:16:42.064061, function: null, file: null}
Log registered: {message: Session started with GUID: slave-active-session on device type: Slave, timestamp: 2026-06-18 17:16:42.064115, function: null, file: null}
Log registered: {message: [UploaderService] No uploaded media with valid durations. Returning zero duration., timestamp: 2026-06-18 17:16:42.064541, function: null, file: null}
Log registered: {message: Media added to upload queue: /var/folders/6s/dp27g8gn26j9mp36sjfxb9tw0000gn/T/slave_no_sessionJxQ6vT/queued-photo.jpg, timestamp: 2026-06-18 17:16:42.064594, function: null, file: null}
Log registered: {message: Auto-upload is disabled. Media added to queue but not uploaded., timestamp: 2026-06-18 17:16:42.064716, function: null, file: null}
Log registered: {message: Retrieved existing Device ID: test-device, timestamp: 2026-06-18 17:16:42.065007, function: null, file: null}
Log registered: {message: Attempting to connect to master WebSocket at ws://127.0.0.1:50792/ws with Device ID: test-device, timestamp: 2026-06-18 17:16:42.065062, function: null, file: null}
Log registered: {message: Could not read slave app version diagnostics: MissingPluginException(No implementation found for method getAll on channel dev.fluttercommunity.plus/package_info), timestamp: 2026-06-18 17:16:42.066348, function: null, file: null}
Log registered: {message: Could not read slave hardware diagnostics: MissingPluginException(No implementation found for method getDeviceInfo on channel dev.fluttercommunity.plus/device_info), timestamp: 2026-06-18 17:16:42.067384, function: null, file: null}
Log registered: {message: Connected to WebSocket at ws://127.0.0.1:50792/ws, timestamp: 2026-06-18 17:16:42.067651, function: null, file: null}
Log registered: {message: Command received from master: {"command":"noSession"}, timestamp: 2026-06-18 17:16:42.070955, function: null, file: null}
Log registered: {message: Master reported no active session; keeping active session slave-active-session until explicit sessionEnded., timestamp: 2026-06-18 17:16:42.071516, function: null, file: null}
Log registered: {message: Connection closed, timestamp: 2026-06-18 17:16:42.081770, function: null, file: null}
Log registered: {message: UploaderService: Resetting upload queue and state., timestamp: 2026-06-18 17:16:42.081984, function: null, file: null}
Log registered: {message: UploaderService: Reset completed., timestamp: 2026-06-18 17:16:42.082043, function: null, file: null}
Log registered: {message: Session metadata saved to /var/folders/6s/dp27g8gn26j9mp36sjfxb9tw0000gn/T/slave_client_docsfPf3Ll/session_slave-active-session/metadata.json, timestamp: 2026-06-18 17:16:42.083319, function: null, file: null}
Log registered: {message: UploaderService: Resetting upload queue and state., timestamp: 2026-06-18 17:16:42.083398, function: null, file: null}
Log registered: {message: UploaderService: Reset completed., timestamp: 2026-06-18 17:16:42.083444, function: null, file: null}
Log registered: {message: Session ended and uploader reset., timestamp: 2026-06-18 17:16:42.083486, function: null, file: null}
00:00 +5: conflicting sessionStatus preserves active slave session and queue
00:00 +5: noSession preserves an active slave session and upload queue
Trace persistence retry scheduled: PathNotFoundException: Cannot open file, path = '/var/folders/6s/dp27g8gn26j9mp36sjfxb9tw0000gn/T/slave_client_docsfPf3Ll/logs/hydracam-trace-2026-06-18T17-16-42-068918.ndjson' (OS Error: No such file or directory, errno = 2)
00:00 +5: conflicting sessionStatus preserves active slave session and queue
Log registered: {message: UploaderService: Resetting upload queue and state., timestamp: 2026-06-18 17:16:42.085857, function: null, file: null}
Log registered: {message: UploaderService: Reset completed., timestamp: 2026-06-18 17:16:42.085914, function: null, file: null}
Log registered: {message: UploaderService: Resetting upload queue and state., timestamp: 2026-06-18 17:16:42.085971, function: null, file: null}
Log registered: {message: UploaderService: Reset completed., timestamp: 2026-06-18 17:16:42.086018, function: null, file: null}
Log registered: {message: Session started with GUID: slave-active-session on device type: Slave, timestamp: 2026-06-18 17:16:42.086085, function: null, file: null}
Log registered: {message: [UploaderService] No uploaded media with valid durations. Returning zero duration., timestamp: 2026-06-18 17:16:42.086385, function: null, file: null}
Log registered: {message: Media added to upload queue: /var/folders/6s/dp27g8gn26j9mp36sjfxb9tw0000gn/T/slave_conflicts750mV/queued-photo.jpg, timestamp: 2026-06-18 17:16:42.086435, function: null, file: null}
Log registered: {message: Auto-upload is disabled. Media added to queue but not uploaded., timestamp: 2026-06-18 17:16:42.086593, function: null, file: null}
Log registered: {message: Retrieved existing Device ID: test-device, timestamp: 2026-06-18 17:16:42.086869, function: null, file: null}
Log registered: {message: Attempting to connect to master WebSocket at ws://127.0.0.1:50795/ws with Device ID: test-device, timestamp: 2026-06-18 17:16:42.086925, function: null, file: null}
Log registered: {message: Could not read slave app version diagnostics: MissingPluginException(No implementation found for method getAll on channel dev.fluttercommunity.plus/package_info), timestamp: 2026-06-18 17:16:42.087890, function: null, file: null}
Log registered: {message: Could not read slave hardware diagnostics: MissingPluginException(No implementation found for method getDeviceInfo on channel dev.fluttercommunity.plus/device_info), timestamp: 2026-06-18 17:16:42.089146, function: null, file: null}
Log registered: {message: Connected to WebSocket at ws://127.0.0.1:50795/ws, timestamp: 2026-06-18 17:16:42.089485, function: null, file: null}
Log registered: {message: Command received from master: {"command":"sessionStatus","sessionGuid":"master-other-session"}, timestamp: 2026-06-18 17:16:42.090776, function: null, file: null}
Log registered: {message: Command: {"command":"sessionStatus","sessionGuid":"master-other-session"}, timestamp: 2026-06-18 17:16:42.090851, function: null, file: null}
Log registered: {message: Session guid: master-other-session, timestamp: 2026-06-18 17:16:42.090907, function: null, file: null}
Log registered: {message: Master session conflict: keeping active session slave-active-session instead of joining master-other-session., timestamp: 2026-06-18 17:16:42.091031, function: null, file: null}
Log registered: {message: Connection closed, timestamp: 2026-06-18 17:16:42.103286, function: null, file: null}
Log registered: {message: UploaderService: Resetting upload queue and state., timestamp: 2026-06-18 17:16:42.103439, function: null, file: null}
Log registered: {message: UploaderService: Reset completed., timestamp: 2026-06-18 17:16:42.103488, function: null, file: null}
Log registered: {message: Session metadata saved to /var/folders/6s/dp27g8gn26j9mp36sjfxb9tw0000gn/T/slave_client_docs9o9uKz/session_slave-active-session/metadata.json, timestamp: 2026-06-18 17:16:42.104449, function: null, file: null}
Log registered: {message: UploaderService: Resetting upload queue and state., timestamp: 2026-06-18 17:16:42.104514, function: null, file: null}
Log registered: {message: UploaderService: Reset completed., timestamp: 2026-06-18 17:16:42.104558, function: null, file: null}
Log registered: {message: Session ended and uploader reset., timestamp: 2026-06-18 17:16:42.104611, function: null, file: null}
00:00 +6: conflicting sessionEnded preserves active slave session and queue
00:00 +6: conflicting sessionStatus preserves active slave session and queue
Trace persistence retry scheduled: PathNotFoundException: Cannot open file, path = '/var/folders/6s/dp27g8gn26j9mp36sjfxb9tw0000gn/T/slave_client_docs9o9uKz/logs/hydracam-trace-2026-06-18T17-16-42-091131.ndjson' (OS Error: No such file or directory, errno = 2)
00:00 +6: conflicting sessionEnded preserves active slave session and queue
Log registered: {message: UploaderService: Resetting upload queue and state., timestamp: 2026-06-18 17:16:42.106481, function: null, file: null}
Log registered: {message: UploaderService: Reset completed., timestamp: 2026-06-18 17:16:42.106548, function: null, file: null}
Log registered: {message: UploaderService: Resetting upload queue and state., timestamp: 2026-06-18 17:16:42.106620, function: null, file: null}
Log registered: {message: UploaderService: Reset completed., timestamp: 2026-06-18 17:16:42.106702, function: null, file: null}
Log registered: {message: Session started with GUID: slave-active-session on device type: Slave, timestamp: 2026-06-18 17:16:42.106746, function: null, file: null}
Log registered: {message: [UploaderService] No uploaded media with valid durations. Returning zero duration., timestamp: 2026-06-18 17:16:42.107040, function: null, file: null}
Log registered: {message: Media added to upload queue: /var/folders/6s/dp27g8gn26j9mp36sjfxb9tw0000gn/T/slave_end_conflict4z5jUV/queued-photo.jpg, timestamp: 2026-06-18 17:16:42.107084, function: null, file: null}
Log registered: {message: Auto-upload is disabled. Media added to queue but not uploaded., timestamp: 2026-06-18 17:16:42.107190, function: null, file: null}
Log registered: {message: Retrieved existing Device ID: test-device, timestamp: 2026-06-18 17:16:42.107419, function: null, file: null}
Log registered: {message: Attempting to connect to master WebSocket at ws://127.0.0.1:50799/ws with Device ID: test-device, timestamp: 2026-06-18 17:16:42.107463, function: null, file: null}
Log registered: {message: Could not read slave app version diagnostics: MissingPluginException(No implementation found for method getAll on channel dev.fluttercommunity.plus/package_info), timestamp: 2026-06-18 17:16:42.108442, function: null, file: null}
Log registered: {message: Could not read slave hardware diagnostics: MissingPluginException(No implementation found for method getDeviceInfo on channel dev.fluttercommunity.plus/device_info), timestamp: 2026-06-18 17:16:42.109462, function: null, file: null}
Log registered: {message: Connected to WebSocket at ws://127.0.0.1:50799/ws, timestamp: 2026-06-18 17:16:42.109718, function: null, file: null}
Log registered: {message: Command received from master: {"command":"sessionEnded","sessionGuid":"master-other-session"}, timestamp: 2026-06-18 17:16:42.110884, function: null, file: null}
Log registered: {message: Session metadata saved to /var/folders/6s/dp27g8gn26j9mp36sjfxb9tw0000gn/T/slave_client_docsIcJMOt/session_slave-active-session/metadata.json, timestamp: 2026-06-18 17:16:42.111591, function: null, file: null}
Log registered: {message: UploaderService: Resetting upload queue and state., timestamp: 2026-06-18 17:16:42.111654, function: null, file: null}
Log registered: {message: UploaderService: Reset completed., timestamp: 2026-06-18 17:16:42.111701, function: null, file: null}
Log registered: {message: Session ended and uploader reset., timestamp: 2026-06-18 17:16:42.111739, function: null, file: null}
Log registered: {message: Session ended as per master command., timestamp: 2026-06-18 17:16:42.111779, function: null, file: null}
Log registered: {message: Connection closed, timestamp: 2026-06-18 17:16:42.125519, function: null, file: null}
Log registered: {message: UploaderService: Resetting upload queue and state., timestamp: 2026-06-18 17:16:42.125673, function: null, file: null}
Log registered: {message: UploaderService: Reset completed., timestamp: 2026-06-18 17:16:42.125720, function: null, file: null}
00:00 +6 -1: conflicting sessionEnded preserves active slave session and queue [E]
  Expected: 'slave-active-session'
    Actual: <null>
     Which: not an <Instance of 'String'>

  package:matcher                                       expect
  package:flutter_test/src/widget_tester.dart 473:18    expect
  test/slave/slave_client_registration_test.dart 619:7  main.<fn>

00:00 +6 -1: auto-record starts recording when sessionStarted arrives
Log registered: {message: Retrieved existing Device ID: test-device, timestamp: 2026-06-18 17:16:42.140686, function: null, file: null}
Log registered: {message: Attempting to connect to master WebSocket at ws://127.0.0.1:50801/ws with Device ID: test-device, timestamp: 2026-06-18 17:16:42.140751, function: null, file: null}
Log registered: {message: Could not read slave app version diagnostics: MissingPluginException(No implementation found for method getAll on channel dev.fluttercommunity.plus/package_info), timestamp: 2026-06-18 17:16:42.141683, function: null, file: null}
Log registered: {message: Could not read slave hardware diagnostics: MissingPluginException(No implementation found for method getDeviceInfo on channel dev.fluttercommunity.plus/device_info), timestamp: 2026-06-18 17:16:42.142954, function: null, file: null}
Log registered: {message: Connected to WebSocket at ws://127.0.0.1:50801/ws, timestamp: 2026-06-18 17:16:42.143203, function: null, file: null}
Log registered: {message: Command received from master: {"command":"sessionStarted","sessionGuid":"auto-record-session"}, timestamp: 2026-06-18 17:16:42.144313, function: null, file: null}
Log registered: {message: Command: {"command":"sessionStarted","sessionGuid":"auto-record-session"}, timestamp: 2026-06-18 17:16:42.144382, function: null, file: null}
Log registered: {message: Session guid: auto-record-session, timestamp: 2026-06-18 17:16:42.144435, function: null, file: null}
Log registered: {message: UploaderService: Resetting upload queue and state., timestamp: 2026-06-18 17:16:42.144478, function: null, file: null}
Log registered: {message: UploaderService: Reset completed., timestamp: 2026-06-18 17:16:42.144524, function: null, file: null}
Log registered: {message: Session started with GUID: auto-record-session on device type: Slave, timestamp: 2026-06-18 17:16:42.144561, function: null, file: null}
Log registered: {message: Get token, timestamp: 2026-06-18 17:16:42.144976, function: null, file: null}
Log registered: {message: Fetch token, timestamp: 2026-06-18 17:16:42.145178, function: null, file: null}
Log registered: {message: Auto-record starting recording for active session auto-record-session., timestamp: 2026-06-18 17:16:42.149399, function: null, file: null}
Log registered: {message: Starting video recording, timestamp: 2026-06-18 17:16:42.149770, function: null, file: null}
Log registered: {message: Mock camera ready for native controller mode on macOS., timestamp: 2026-06-18 17:16:42.150084, function: null, file: null}
Log registered: {message: Retrieved existing Device ID: test-device, timestamp: 2026-06-18 17:16:42.152106, function: null, file: null}
Log registered: {message: Mock video recording started for native controller mode., timestamp: 2026-06-18 17:16:42.152384, function: null, file: null}
Log registered: {message: Failed to fetch M2M token: , timestamp: 2026-06-18 17:16:42.152905, function: null, file: null}
Log registered: {message: Error on POST device/ReadyToTransmit: Exception: Failed to retrieve M2M token, timestamp: 2026-06-18 17:16:42.153050, function: null, file: null}
Log registered: {message: Failed to notify server: No response, timestamp: 2026-06-18 17:16:42.153103, function: null, file: null}
Log registered: {message: Connection closed, timestamp: 2026-06-18 17:16:42.153175, function: null, file: null}
Log registered: {message: Mock video saved to session path: /var/folders/6s/dp27g8gn26j9mp36sjfxb9tw0000gn/T/slave_client_docsrz7RU0/session_auto-record-session/mock_1_2026-06-18T17-16-42-154002.mp4, timestamp: 2026-06-18 17:16:42.155150, function: null, file: null}
Log registered: {message: Session metadata saved to /var/folders/6s/dp27g8gn26j9mp36sjfxb9tw0000gn/T/slave_client_docsrz7RU0/session_auto-record-session/metadata.json, timestamp: 2026-06-18 17:16:42.155699, function: null, file: null}
Log registered: {message: UploaderService: Resetting upload queue and state., timestamp: 2026-06-18 17:16:42.155757, function: null, file: null}
Log registered: {message: UploaderService: Reset completed., timestamp: 2026-06-18 17:16:42.155796, function: null, file: null}
Log registered: {message: Session ended and uploader reset., timestamp: 2026-06-18 17:16:42.155835, function: null, file: null}
00:00 +7 -1: startUploadingAll command starts pending upload queue
Log registered: {message: UploaderService: Resetting upload queue and state., timestamp: 2026-06-18 17:16:42.157224, function: null, file: null}
Log registered: {message: UploaderService: Reset completed., timestamp: 2026-06-18 17:16:42.157273, function: null, file: null}
Log registered: {message: UploaderService: Resetting upload queue and state., timestamp: 2026-06-18 17:16:42.157322, function: null, file: null}
Log registered: {message: UploaderService: Reset completed., timestamp: 2026-06-18 17:16:42.157361, function: null, file: null}
Log registered: {message: Session started with GUID: backend-upload-session on device type: Slave, timestamp: 2026-06-18 17:16:42.157395, function: null, file: null}
Log registered: {message: [UploaderService] No uploaded media with valid durations. Returning zero duration., timestamp: 2026-06-18 17:16:42.157689, function: null, file: null}
Log registered: {message: Media added to upload queue: /var/folders/6s/dp27g8gn26j9mp36sjfxb9tw0000gn/T/slave_upload_commandMZUH38/queued-photo.jpg, timestamp: 2026-06-18 17:16:42.157735, function: null, file: null}
Log registered: {message: Auto-upload is disabled. Media added to queue but not uploaded., timestamp: 2026-06-18 17:16:42.157847, function: null, file: null}
Log registered: {message: Retrieved existing Device ID: test-device, timestamp: 2026-06-18 17:16:42.158060, function: null, file: null}
Log registered: {message: Attempting to connect to master WebSocket at ws://127.0.0.1:50807/ws with Device ID: test-device, timestamp: 2026-06-18 17:16:42.158100, function: null, file: null}
Log registered: {message: Could not read slave app version diagnostics: MissingPluginException(No implementation found for method getAll on channel dev.fluttercommunity.plus/package_info), timestamp: 2026-06-18 17:16:42.159028, function: null, file: null}
Log registered: {message: Could not read slave hardware diagnostics: MissingPluginException(No implementation found for method getDeviceInfo on channel dev.fluttercommunity.plus/device_info), timestamp: 2026-06-18 17:16:42.160060, function: null, file: null}
Log registered: {message: Connected to WebSocket at ws://127.0.0.1:50807/ws, timestamp: 2026-06-18 17:16:42.160303, function: null, file: null}
Log registered: {message: Command received from master: {"command":"startUploadingAll"}, timestamp: 2026-06-18 17:16:42.161445, function: null, file: null}
Log registered: {message: Start-upload-all command received from master., timestamp: 2026-06-18 17:16:42.161684, function: null, file: null}
Log registered: {message: Manual upload initiated., timestamp: 2026-06-18 17:16:42.161785, function: null, file: null}
Log registered: {message: UploaderService: _startUploading called. _isUploading=false, queue length=1, timestamp: 2026-06-18 17:16:42.162011, function: null, file: null}
Log registered: {message: UploaderService: _processNextItem called. Queue length=1, timestamp: 2026-06-18 17:16:42.162461, function: null, file: null}
Log registered: {message: UploaderService: sessionGuid=backend-upload-session, timestamp: 2026-06-18 17:16:42.162617, function: null, file: null}
Log registered: {message: Upload file is not valid photo media: /var/folders/6s/dp27g8gn26j9mp36sjfxb9tw0000gn/T/slave_upload_commandMZUH38/queued-photo.jpg, timestamp: 2026-06-18 17:16:42.164186, function: null, file: null}
Log registered: {message: Failed to upload media: /var/folders/6s/dp27g8gn26j9mp36sjfxb9tw0000gn/T/slave_upload_commandMZUH38/queued-photo.jpg, timestamp: 2026-06-18 17:16:42.164282, function: null, file: null}
Log registered: {message: Session metadata saved to /var/folders/6s/dp27g8gn26j9mp36sjfxb9tw0000gn/T/slave_client_docsrz7RU0/session_backend-upload-session/metadata.json, timestamp: 2026-06-18 17:16:42.165064, function: null, file: null}
Log registered: {message: [UploaderService] Queue is empty. Returning zero duration., timestamp: 2026-06-18 17:16:42.165129, function: null, file: null}
Log registered: {message: UploaderService: _processNextItem called. Queue length=0, timestamp: 2026-06-18 17:16:42.165176, function: null, file: null}
Log registered: {message: UploaderService: Queue is empty. Uploading stopped., timestamp: 2026-06-18 17:16:42.165222, function: null, file: null}
Log registered: {message: Connection closed, timestamp: 2026-06-18 17:16:42.173050, function: null, file: null}
Log registered: {message: UploaderService: Resetting upload queue and state., timestamp: 2026-06-18 17:16:42.173199, function: null, file: null}
Log registered: {message: UploaderService: Reset completed., timestamp: 2026-06-18 17:16:42.173248, function: null, file: null}
Log registered: {message: Session metadata saved to /var/folders/6s/dp27g8gn26j9mp36sjfxb9tw0000gn/T/slave_client_docsrz7RU0/session_backend-upload-session/metadata.json, timestamp: 2026-06-18 17:16:42.174192, function: null, file: null}
Log registered: {message: UploaderService: Resetting upload queue and state., timestamp: 2026-06-18 17:16:42.174251, function: null, file: null}
Log registered: {message: UploaderService: Reset completed., timestamp: 2026-06-18 17:16:42.174293, function: null, file: null}
Log registered: {message: Session ended and uploader reset., timestamp: 2026-06-18 17:16:42.174331, function: null, file: null}
00:00 +8 -1: identifySlave command replies with identifyAck
Log registered: {message: UploaderService: Resetting upload queue and state., timestamp: 2026-06-18 17:16:42.175588, function: null, file: null}
Log registered: {message: UploaderService: Reset completed., timestamp: 2026-06-18 17:16:42.175638, function: null, file: null}
Log registered: {message: Session started with GUID: slave-session-guid on device type: Slave, timestamp: 2026-06-18 17:16:42.175686, function: null, file: null}
Log registered: {message: Adding photo to upload queue: /var/folders/6s/dp27g8gn26j9mp36sjfxb9tw0000gn/T/slave-identifyxptQNg/photo.jpg, timestamp: 2026-06-18 17:16:42.176015, function: null, file: null}
Log registered: {message: Session metadata saved to /var/folders/6s/dp27g8gn26j9mp36sjfxb9tw0000gn/T/slave_client_docsrz7RU0/session_slave-session-guid/metadata.json, timestamp: 2026-06-18 17:16:42.176662, function: null, file: null}
Log registered: {message: [UploaderService] No uploaded media with valid durations. Returning zero duration., timestamp: 2026-06-18 17:16:42.176729, function: null, file: null}
Log registered: {message: Media added to upload queue: /var/folders/6s/dp27g8gn26j9mp36sjfxb9tw0000gn/T/slave-identifyxptQNg/photo.jpg, timestamp: 2026-06-18 17:16:42.176774, function: null, file: null}
Log registered: {message: Auto-upload is disabled. Media added to queue but not uploaded., timestamp: 2026-06-18 17:16:42.176865, function: null, file: null}
Log registered: {message: Retrieved existing Device ID: test-device, timestamp: 2026-06-18 17:16:42.177060, function: null, file: null}
Log registered: {message: Attempting to connect to master WebSocket at ws://127.0.0.1:50812/ws with Device ID: test-device, timestamp: 2026-06-18 17:16:42.177104, function: null, file: null}
Log registered: {message: Could not read slave app version diagnostics: MissingPluginException(No implementation found for method getAll on channel dev.fluttercommunity.plus/package_info), timestamp: 2026-06-18 17:16:42.178014, function: null, file: null}
Log registered: {message: Could not read slave hardware diagnostics: MissingPluginException(No implementation found for method getDeviceInfo on channel dev.fluttercommunity.plus/device_info), timestamp: 2026-06-18 17:16:42.178899, function: null, file: null}
Log registered: {message: Connected to WebSocket at ws://127.0.0.1:50812/ws, timestamp: 2026-06-18 17:16:42.179451, function: null, file: null}
Log registered: {message: Command received from master: {"command":"identifySlave","requestId":"identify-test"}, timestamp: 2026-06-18 17:16:42.180766, function: null, file: null}
Log registered: {message: Sent identifyAck notification to master, timestamp: 2026-06-18 17:16:42.181100, function: null, file: null}
Log registered: {message: Connection closed, timestamp: 2026-06-18 17:16:42.181372, function: null, file: null}
Log registered: {message: Session metadata saved to /var/folders/6s/dp27g8gn26j9mp36sjfxb9tw0000gn/T/slave_client_docsrz7RU0/session_slave-session-guid/metadata.json, timestamp: 2026-06-18 17:16:42.182621, function: null, file: null}
Log registered: {message: UploaderService: Resetting upload queue and state., timestamp: 2026-06-18 17:16:42.182733, function: null, file: null}
Log registered: {message: UploaderService: Reset completed., timestamp: 2026-06-18 17:16:42.182784, function: null, file: null}
Log registered: {message: Session ended and uploader reset., timestamp: 2026-06-18 17:16:42.182823, function: null, file: null}
00:00 +9 -1: scheduled command applies master clock offset before countdown
Log registered: {message: Retrieved existing Device ID: test-device, timestamp: 2026-06-18 17:16:42.184532, function: null, file: null}
Log registered: {message: Attempting to connect to master WebSocket at ws://127.0.0.1:50820/ws with Device ID: test-device, timestamp: 2026-06-18 17:16:42.184593, function: null, file: null}
Log registered: {message: Could not read slave app version diagnostics: MissingPluginException(No implementation found for method getAll on channel dev.fluttercommunity.plus/package_info), timestamp: 2026-06-18 17:16:42.185460, function: null, file: null}
Log registered: {message: Could not read slave hardware diagnostics: MissingPluginException(No implementation found for method getDeviceInfo on channel dev.fluttercommunity.plus/device_info), timestamp: 2026-06-18 17:16:42.186372, function: null, file: null}
Log registered: {message: Connected to WebSocket at ws://127.0.0.1:50820/ws, timestamp: 2026-06-18 17:16:42.186610, function: null, file: null}
Log registered: {message: Command received from master: {"type":"scheduledCommand","command":"takePhoto","scheduledTime":"2026-06-08T20:35:05.000Z","masterTime":"2026-06-08T20:35:02.000Z"}, timestamp: 2026-06-18 17:16:42.187651, function: null, file: null}
Log registered: {message: Applied coarse fallback clock offset from master timestamp: 2000 ms., timestamp: 2026-06-18 17:16:42.188295, function: null, file: null}
Log registered: {message: Command 'takePhoto' scheduled for 2026-06-08 20:35:05.000Z., timestamp: 2026-06-18 17:16:42.188519, function: null, file: null}
Log registered: {message: Connection closed, timestamp: 2026-06-18 17:16:42.188933, function: null, file: null}
00:00 +10 -1: Some tests failed.

Failing tests:
  /Users/jose/src/work/hydracamv2/test/slave/slave_client_registration_test.dart: conflicting sessionEnded preserves active slave session and queue
[exit-code] 1

$ flutter test --no-pub test/master/master_network_snapshot_cache_test.dart
00:00 +0: loading /Users/jose/src/work/hydracamv2/test/master/master_network_snapshot_cache_test.dart
00:00 +0: (setUpAll)
00:00 +0: master socket binding supports rapid shared rebind
00:00 +1: pending server start closes immediately when stop is requested
Log registered: {message: WebSocket Server stopped, timestamp: 2026-06-18 17:17:53.363571, function: null, file: null}
Log registered: {message: WebSocket Server startup cancelled because stop was requested., timestamp: 2026-06-18 17:17:53.369319, function: null, file: null}
00:00 +2: master network snapshot cache reuses snapshots inside ttl
00:00 +3: master session response payloads share one encoded command helper
00:00 +4: master server exposes connected client before network refresh completes
00:00 +5: master server warns slave when stale Wi-Fi identity conflicts with IP
Log registered: {message: Slave wrong-network-slave appears to be on the wrong network. remoteIp=10.10.0.20 slaveSubnet=10.10.0.0/24 masterSubnet=192.168.178.0/24, timestamp: 2026-06-18 17:17:53.385764, function: null, file: null}
00:00 +6: master server preserves optional camera setup status
00:00 +7: incoming device registration sends current session status
Log registered: {message: Data received from slave: {type: deviceId, deviceId: slave-a, sessionGuid: slave-session-guid, network: {isWifiActive: true, ipAddress: 192.168.178.62, source: slave-test}}, timestamp: 2026-06-18 17:17:53.389116, function: null, file: null}
Log registered: {message: Registered new slave with deviceId: slave-a, timestamp: 2026-06-18 17:17:53.389799, function: null, file: null}
Log registered: {message: Sent noSession to slave-a, timestamp: 2026-06-18 17:17:53.389994, function: null, file: null}
00:00 +8: incoming device registration exposes app and hardware diagnostics
Log registered: {message: Data received from slave: {type: deviceId, deviceId: slave-a, appVersion: 1.4.0, appBuildNumber: 16, hardware: Samsung Galaxy S10e}, timestamp: 2026-06-18 17:17:53.391586, function: null, file: null}
Log registered: {message: Registered new slave with deviceId: slave-a, timestamp: 2026-06-18 17:17:53.391832, function: null, file: null}
Log registered: {message: Sent noSession to slave-a, timestamp: 2026-06-18 17:17:53.391914, function: null, file: null}
00:00 +9: incoming heartbeat preserves slave session media diagnostics
Log registered: {message: Data received from slave: {type: heartbeat, deviceId: slave-a, sessionGuid: slave-session-guid, sessionMedia: {photoCount: 1, videoCount: 0, pendingUploadCount: 1, uploadedCount: 0}}, timestamp: 2026-06-18 17:17:53.394176, function: null, file: null}
Log registered: {message: Received heartbeat from slave-a, timestamp: 2026-06-18 17:17:53.394506, function: null, file: null}
00:00 +10: incoming heartbeat clears stale slave session media diagnostics
Log registered: {message: Data received from slave: {type: heartbeat, deviceId: slave-a, sessionGuid: slave-session-guid, sessionMedia: {photoCount: 1, videoCount: 0, pendingUploadCount: 1, uploadedCount: 0}}, timestamp: 2026-06-18 17:17:53.395738, function: null, file: null}
Log registered: {message: Received heartbeat from slave-a, timestamp: 2026-06-18 17:17:53.396017, function: null, file: null}
Log registered: {message: Data received from slave: {type: heartbeat, deviceId: slave-a}, timestamp: 2026-06-18 17:17:53.396117, function: null, file: null}
Log registered: {message: Received heartbeat from slave-a, timestamp: 2026-06-18 17:17:53.396243, function: null, file: null}
00:00 +11: incoming photo media is saved through session media storage
Log registered: {message: UploaderService: Resetting upload queue and state., timestamp: 2026-06-18 17:17:53.400062, function: null, file: null}
Log registered: {message: UploaderService: Reset completed., timestamp: 2026-06-18 17:17:53.400493, function: null, file: null}
Log registered: {message: Session started with GUID: server-media-guid on device type: Master, timestamp: 2026-06-18 17:17:53.400715, function: null, file: null}
Log registered: {message: Data received from slave: {type: photo, deviceId: slave-a, data: [255, 216, 255], captureDate: 2026-06-09T03:44:00.000Z}, timestamp: 2026-06-18 17:17:53.401050, function: null, file: null}
Log registered: {message: Save media locally, timestamp: 2026-06-18 17:17:53.401589, function: null, file: null}
Log registered: {message: Adding photo to upload queue: /var/folders/6s/dp27g8gn26j9mp36sjfxb9tw0000gn/T/master_received_media4Fe4vO/session_server-media-guid/media_1770000000789.jpg, timestamp: 2026-06-18 17:17:53.403961, function: null, file: null}
Log registered: {message: Session metadata saved to /var/folders/6s/dp27g8gn26j9mp36sjfxb9tw0000gn/T/master_server_docsqOw6Qg/session_server-media-guid/metadata.json, timestamp: 2026-06-18 17:17:53.406037, function: null, file: null}
Log registered: {message: [UploaderService] No uploaded media with valid durations. Returning zero duration., timestamp: 2026-06-18 17:17:53.406939, function: null, file: null}
Log registered: {message: Media added to upload queue: /var/folders/6s/dp27g8gn26j9mp36sjfxb9tw0000gn/T/master_received_media4Fe4vO/session_server-media-guid/media_1770000000789.jpg, timestamp: 2026-06-18 17:17:53.407074, function: null, file: null}
Log registered: {message: Auto-upload is disabled. Media added to queue but not uploaded., timestamp: 2026-06-18 17:17:53.408024, function: null, file: null}
Log registered: {message: Photo from slave device (slave-a) received and stored at: /var/folders/6s/dp27g8gn26j9mp36sjfxb9tw0000gn/T/master_received_media4Fe4vO/session_server-media-guid/media_1770000000789.jpg, timestamp: 2026-06-18 17:17:53.408150, function: null, file: null}
Log registered: {message: Session metadata saved to /var/folders/6s/dp27g8gn26j9mp36sjfxb9tw0000gn/T/master_server_docsqOw6Qg/session_server-media-guid/metadata.json, timestamp: 2026-06-18 17:17:53.410198, function: null, file: null}
Log registered: {message: UploaderService: Resetting upload queue and state., timestamp: 2026-06-18 17:17:53.410315, function: null, file: null}
Log registered: {message: UploaderService: Reset completed., timestamp: 2026-06-18 17:17:53.410403, function: null, file: null}
Log registered: {message: Session ended and uploader reset., timestamp: 2026-06-18 17:17:53.410457, function: null, file: null}
00:00 +12: stale socket close does not remove current client registration
Log registered: {message: Client slave-a disconnected. Total clients: 0, timestamp: 2026-06-18 17:17:53.412374, function: null, file: null}
00:00 +13: master server retains disconnected device status after socket removal
Log registered: {message: Client slave-a disconnected. Total clients: 0, timestamp: 2026-06-18 17:17:53.413639, function: null, file: null}
00:00 +14: stopServer clears transport state without ending the active session
Log registered: {message: UploaderService: Resetting upload queue and state., timestamp: 2026-06-18 17:17:53.414908, function: null, file: null}
Log registered: {message: UploaderService: Reset completed., timestamp: 2026-06-18 17:17:53.414986, function: null, file: null}
Log registered: {message: Session started with GUID: stop-server-session-guid on device type: Master, timestamp: 2026-06-18 17:17:53.415063, function: null, file: null}
Log registered: {message: WebSocket Server stopped, timestamp: 2026-06-18 17:17:53.415312, function: null, file: null}
Log registered: {message: Capture session with GUID: stop-server-session-guid ended and stored in history., timestamp: 2026-06-18 17:17:53.415556, function: null, file: null}
Log registered: {message: Session metadata saved to /var/folders/6s/dp27g8gn26j9mp36sjfxb9tw0000gn/T/master_server_docsZQUUyO/session_stop-server-session-guid/metadata.json, timestamp: 2026-06-18 17:17:53.416396, function: null, file: null}
Log registered: {message: UploaderService: Resetting upload queue and state., timestamp: 2026-06-18 17:17:53.416503, function: null, file: null}
Log registered: {message: UploaderService: Reset completed., timestamp: 2026-06-18 17:17:53.416567, function: null, file: null}
Log registered: {message: Session ended and uploader reset., timestamp: 2026-06-18 17:17:53.416950, function: null, file: null}
Log registered: {message: Command sent to 0 eligible connected slave(s): {"command":"sessionEnded"}, timestamp: 2026-06-18 17:17:53.417616, function: null, file: null}
00:00 +15: master server orders connected devices before disconnected history
Log registered: {message: Client a-stale-slave disconnected. Total clients: 0, timestamp: 2026-06-18 17:17:53.419290, function: null, file: null}
00:00 +16: scheduled commands include master send time for slave clock offset
Log registered: {message: Scheduling command 'takePhoto' for 2026-06-08T20:35:05.000Z, timestamp: 2026-06-18 17:17:53.420802, function: null, file: null}
Log registered: {message: Scheduled command 'takePhoto' sent to slave with deviceId: slave-a., timestamp: 2026-06-18 17:17:53.420995, function: null, file: null}
00:00 +17: scheduled command for missing slave does not broadcast
Log registered: {message: Scheduling command 'takePhoto' for 2026-06-09T02:20:00.000Z, timestamp: 2026-06-18 17:17:53.422226, function: null, file: null}
Log registered: {message: Scheduled command 'takePhoto' not sent. Slave missing-slave is not connected., timestamp: 2026-06-18 17:17:53.422311, function: null, file: null}
00:00 +18: scheduled broadcast sends to all eligible connected slaves
Log registered: {message: Scheduling command 'startRecordingVideo' for 2026-06-09T02:20:00.000Z, timestamp: 2026-06-18 17:17:53.423472, function: null, file: null}
Log registered: {message: Scheduled command 'startRecordingVideo' sent to 2 eligible connected slave(s)., timestamp: 2026-06-18 17:17:53.423656, function: null, file: null}
00:00 +19: targeted command for missing slave does not broadcast
Log registered: {message: Sending command takePhoto, timestamp: 2026-06-18 17:17:53.424917, function: null, file: null}
Log registered: {message: Command 'takePhoto' not sent. Slave missing-slave is not connected., timestamp: 2026-06-18 17:17:53.424984, function: null, file: null}
00:00 +20: targeted command only sends to the requested connected slave
Log registered: {message: Sending command takePhoto, timestamp: 2026-06-18 17:17:53.426991, function: null, file: null}
Log registered: {message: Command 'takePhoto' sent to slave with deviceId: slave-a., timestamp: 2026-06-18 17:17:53.427139, function: null, file: null}
00:00 +21: broadcast command sends to all eligible connected slaves
Log registered: {message: Sending command stopRecordingVideo, timestamp: 2026-06-18 17:17:53.429025, function: null, file: null}
Log registered: {message: Command 'stopRecordingVideo' sent to 2 eligible connected slave(s)., timestamp: 2026-06-18 17:17:53.429184, function: null, file: null}
00:00 +22: broadcast command skips slaves reporting a different session
Log registered: {message: UploaderService: Resetting upload queue and state., timestamp: 2026-06-18 17:17:53.430649, function: null, file: null}
Log registered: {message: UploaderService: Reset completed., timestamp: 2026-06-18 17:17:53.430737, function: null, file: null}
Log registered: {message: Session started with GUID: master-session-guid on device type: Master, timestamp: 2026-06-18 17:17:53.430800, function: null, file: null}
Log registered: {message: Sending command takePhoto, timestamp: 2026-06-18 17:17:53.431040, function: null, file: null}
Log registered: {message: Command 'takePhoto' skipped for slave stale-session-slave due to session mismatch., timestamp: 2026-06-18 17:17:53.431118, function: null, file: null}
Log registered: {message: Command 'takePhoto' sent to 1 eligible connected slave(s)., timestamp: 2026-06-18 17:17:53.431178, function: null, file: null}
Log registered: {message: Session metadata saved to /var/folders/6s/dp27g8gn26j9mp36sjfxb9tw0000gn/T/master_server_docs2cKubr/session_master-session-guid/metadata.json, timestamp: 2026-06-18 17:17:53.432392, function: null, file: null}
Log registered: {message: UploaderService: Resetting upload queue and state., timestamp: 2026-06-18 17:17:53.432597, function: null, file: null}
Log registered: {message: UploaderService: Reset completed., timestamp: 2026-06-18 17:17:53.432675, function: null, file: null}
Log registered: {message: Session ended and uploader reset., timestamp: 2026-06-18 17:17:53.432723, function: null, file: null}
00:00 +23: master sends identify command and records ack diagnostics
Log registered: {message: Identify command sent to slave with deviceId: slave-a., timestamp: 2026-06-18 17:17:53.434408, function: null, file: null}
Log registered: {message: Data received from slave: {type: identifyAck, deviceId: slave-a, requestId: identify-test, timestamp: 2026-06-08T21:35:01.000Z, sessionGuid: slave-session-guid, network: {isWifiActive: true, ipAddress: 192.168.178.64, source: identify-ack-test}, sessionMedia: {photoCount: 2, videoCount: 1, pendingUploadCount: 1, uploadedCount: 2}}, timestamp: 2026-06-18 17:17:53.434658, function: null, file: null}
Log registered: {message: Received identify acknowledgement from slave-a, timestamp: 2026-06-18 17:17:53.435047, function: null, file: null}
00:00 +24: identify command still reaches slaves reporting a different session
Log registered: {message: UploaderService: Resetting upload queue and state., timestamp: 2026-06-18 17:17:53.436717, function: null, file: null}
Log registered: {message: UploaderService: Reset completed., timestamp: 2026-06-18 17:17:53.436807, function: null, file: null}
Log registered: {message: Session started with GUID: master-session-guid on device type: Master, timestamp: 2026-06-18 17:17:53.436856, function: null, file: null}
Log registered: {message: Identify command sent to slave with deviceId: stale-session-slave., timestamp: 2026-06-18 17:17:53.437064, function: null, file: null}
Log registered: {message: Session metadata saved to /var/folders/6s/dp27g8gn26j9mp36sjfxb9tw0000gn/T/master_server_docs3kjXj1/session_master-session-guid/metadata.json, timestamp: 2026-06-18 17:17:53.438094, function: null, file: null}
Log registered: {message: UploaderService: Resetting upload queue and state., timestamp: 2026-06-18 17:17:53.438166, function: null, file: null}
Log registered: {message: UploaderService: Reset completed., timestamp: 2026-06-18 17:17:53.438209, function: null, file: null}
Log registered: {message: Session ended and uploader reset., timestamp: 2026-06-18 17:17:53.438250, function: null, file: null}
00:00 +25: ending master session broadcasts the ended session guid
Log registered: {message: UploaderService: Resetting upload queue and state., timestamp: 2026-06-18 17:17:53.439305, function: null, file: null}
Log registered: {message: UploaderService: Reset completed., timestamp: 2026-06-18 17:17:53.439361, function: null, file: null}
Log registered: {message: Session started with GUID: master-session-guid on device type: Master, timestamp: 2026-06-18 17:17:53.439403, function: null, file: null}
Log registered: {message: Capture session with GUID: master-session-guid ended and stored in history., timestamp: 2026-06-18 17:17:53.439531, function: null, file: null}
Log registered: {message: Session metadata saved to /var/folders/6s/dp27g8gn26j9mp36sjfxb9tw0000gn/T/master_server_docsTgmSPU/session_master-session-guid/metadata.json, timestamp: 2026-06-18 17:17:53.440340, function: null, file: null}
Log registered: {message: UploaderService: Resetting upload queue and state., timestamp: 2026-06-18 17:17:53.440412, function: null, file: null}
Log registered: {message: UploaderService: Reset completed., timestamp: 2026-06-18 17:17:53.440491, function: null, file: null}
Log registered: {message: Session ended and uploader reset., timestamp: 2026-06-18 17:17:53.440553, function: null, file: null}
Log registered: {message: Command sent to 1 eligible connected slave(s): {"command":"sessionEnded"}, timestamp: 2026-06-18 17:17:53.440623, function: null, file: null}
00:00 +25 -1: ending master session broadcasts the ended session guid [E]
  Expected: {'command': 'sessionEnded', 'sessionGuid': 'master-session-guid'}
    Actual: {'command': 'sessionEnded'}
     Which: has different length and is missing map key 'sessionGuid'

  package:matcher                                             expect
  package:flutter_test/src/widget_tester.dart 473:18          expect
  test/master/master_network_snapshot_cache_test.dart 1140:5  main.<fn>

00:00 +25 -1: pending identify becomes unavailable when the slave disconnects
Log registered: {message: Identify command sent to slave with deviceId: slave-a., timestamp: 2026-06-18 17:17:53.461535, function: null, file: null}
Log registered: {message: Client slave-a disconnected. Total clients: 0, timestamp: 2026-06-18 17:17:53.461775, function: null, file: null}
00:00 +26 -1: disconnected device reports preview unavailable by disconnection
00:00 +27 -1: (tearDownAll)
00:00 +27 -1: Some tests failed.

Failing tests:
  /Users/jose/src/work/hydracamv2/test/master/master_network_snapshot_cache_test.dart: ending master session broadcasts the ended session guid
[exit-code] 1

$ flutter test --no-pub test/slave/slave_client_registration_test.dart
00:00 +0: loading /Users/jose/src/work/hydracamv2/test/slave/slave_client_registration_test.dart
00:00 +0: slave registers before waiting for network payload
Log registered: {message: Retrieved existing Device ID: test-device, timestamp: 2026-06-18 17:18:23.809406, function: null, file: null}
Log registered: {message: Attempting to connect to master WebSocket at ws://127.0.0.1:53212/ws with Device ID: test-device, timestamp: 2026-06-18 17:18:23.811295, function: null, file: null}
Log registered: {message: Could not read slave app version diagnostics: MissingPluginException(No implementation found for method getAll on channel dev.fluttercommunity.plus/package_info), timestamp: 2026-06-18 17:18:23.815998, function: null, file: null}
Trace file unavailable: MissingPluginException(No implementation found for method getApplicationDocumentsDirectory on channel plugins.flutter.io/path_provider)
Log registered: {message: Could not read slave hardware diagnostics: MissingPluginException(No implementation found for method getDeviceInfo on channel dev.fluttercommunity.plus/device_info), timestamp: 2026-06-18 17:18:23.821132, function: null, file: null}
Log registered: {message: Connected to WebSocket at ws://127.0.0.1:53212/ws, timestamp: 2026-06-18 17:18:23.822622, function: null, file: null}
Log registered: {message: Connection closed, timestamp: 2026-06-18 17:18:23.828258, function: null, file: null}
00:00 +1: slave registration includes app and hardware diagnostics
Log registered: {message: Retrieved existing Device ID: test-device, timestamp: 2026-06-18 17:18:23.833700, function: null, file: null}
Log registered: {message: Attempting to connect to master WebSocket at ws://127.0.0.1:53214/ws with Device ID: test-device, timestamp: 2026-06-18 17:18:23.833775, function: null, file: null}
Log registered: {message: Connected to WebSocket at ws://127.0.0.1:53214/ws, timestamp: 2026-06-18 17:18:23.834211, function: null, file: null}
Log registered: {message: Connection closed, timestamp: 2026-06-18 17:18:23.837687, function: null, file: null}
00:00 +2: slave heartbeat includes camera setup status when available
Log registered: {message: Retrieved existing Device ID: test-device, timestamp: 2026-06-18 17:18:23.840168, function: null, file: null}
Log registered: {message: Attempting to connect to master WebSocket at ws://127.0.0.1:53216/ws with Device ID: test-device, timestamp: 2026-06-18 17:18:23.840254, function: null, file: null}
Log registered: {message: Could not read slave app version diagnostics: MissingPluginException(No implementation found for method getAll on channel dev.fluttercommunity.plus/package_info), timestamp: 2026-06-18 17:18:23.841324, function: null, file: null}
Log registered: {message: Could not read slave hardware diagnostics: MissingPluginException(No implementation found for method getDeviceInfo on channel dev.fluttercommunity.plus/device_info), timestamp: 2026-06-18 17:18:23.842570, function: null, file: null}
Log registered: {message: Connected to WebSocket at ws://127.0.0.1:53216/ws, timestamp: 2026-06-18 17:18:23.842947, function: null, file: null}
Log registered: {message: Connection closed, timestamp: 2026-06-18 17:18:23.844179, function: null, file: null}
00:00 +3: slave heartbeat reports active session guid
Log registered: {message: UploaderService: Resetting upload queue and state., timestamp: 2026-06-18 17:18:23.849574, function: null, file: null}
Log registered: {message: UploaderService: Reset completed., timestamp: 2026-06-18 17:18:23.849994, function: null, file: null}
Log registered: {message: Session started with GUID: slave-session-guid on device type: Slave, timestamp: 2026-06-18 17:18:23.850288, function: null, file: null}
Log registered: {message: Adding photo to upload queue: /var/folders/6s/dp27g8gn26j9mp36sjfxb9tw0000gn/T/slave-heartbeatlZw1VR/photo.jpg, timestamp: 2026-06-18 17:18:23.854144, function: null, file: null}
Log registered: {message: Error saving session metadata: MissingPluginException(No implementation found for method getApplicationDocumentsDirectory on channel plugins.flutter.io/path_provider), timestamp: 2026-06-18 17:18:23.855374, function: null, file: null}
Log registered: {message: [UploaderService] No uploaded media with valid durations. Returning zero duration., timestamp: 2026-06-18 17:18:23.856172, function: null, file: null}
Log registered: {message: Media added to upload queue: /var/folders/6s/dp27g8gn26j9mp36sjfxb9tw0000gn/T/slave-heartbeatlZw1VR/photo.jpg, timestamp: 2026-06-18 17:18:23.856266, function: null, file: null}
Log registered: {message: Auto-upload is disabled. Media added to queue but not uploaded., timestamp: 2026-06-18 17:18:23.856477, function: null, file: null}
Log registered: {message: Retrieved existing Device ID: test-device, timestamp: 2026-06-18 17:18:23.856757, function: null, file: null}
Log registered: {message: Attempting to connect to master WebSocket at ws://127.0.0.1:53218/ws with Device ID: test-device, timestamp: 2026-06-18 17:18:23.856850, function: null, file: null}
Log registered: {message: Could not read slave app version diagnostics: MissingPluginException(No implementation found for method getAll on channel dev.fluttercommunity.plus/package_info), timestamp: 2026-06-18 17:18:23.857463, function: null, file: null}
Log registered: {message: Could not read slave hardware diagnostics: MissingPluginException(No implementation found for method getDeviceInfo on channel dev.fluttercommunity.plus/device_info), timestamp: 2026-06-18 17:18:23.858691, function: null, file: null}
Log registered: {message: Connected to WebSocket at ws://127.0.0.1:53218/ws, timestamp: 2026-06-18 17:18:23.858830, function: null, file: null}
Log registered: {message: Connection closed, timestamp: 2026-06-18 17:18:23.861, function: null, file: null}
Log registered: {message: Error saving session metadata: MissingPluginException(No implementation found for method getApplicationDocumentsDirectory on channel plugins.flutter.io/path_provider), timestamp: 2026-06-18 17:18:23.862156, function: null, file: null}
Log registered: {message: UploaderService: Resetting upload queue and state., timestamp: 2026-06-18 17:18:23.862236, function: null, file: null}
Log registered: {message: UploaderService: Reset completed., timestamp: 2026-06-18 17:18:23.862316, function: null, file: null}
Log registered: {message: Session ended and uploader reset., timestamp: 2026-06-18 17:18:23.862433, function: null, file: null}
00:00 +4: noSession preserves an active slave session and upload queue
Log registered: {message: UploaderService: Resetting upload queue and state., timestamp: 2026-06-18 17:18:23.865569, function: null, file: null}
Log registered: {message: UploaderService: Reset completed., timestamp: 2026-06-18 17:18:23.865639, function: null, file: null}
Log registered: {message: UploaderService: Resetting upload queue and state., timestamp: 2026-06-18 17:18:23.865760, function: null, file: null}
Log registered: {message: UploaderService: Reset completed., timestamp: 2026-06-18 17:18:23.865819, function: null, file: null}
Log registered: {message: Session started with GUID: slave-active-session on device type: Slave, timestamp: 2026-06-18 17:18:23.865867, function: null, file: null}
Log registered: {message: [UploaderService] No uploaded media with valid durations. Returning zero duration., timestamp: 2026-06-18 17:18:23.866425, function: null, file: null}
Log registered: {message: Media added to upload queue: /var/folders/6s/dp27g8gn26j9mp36sjfxb9tw0000gn/T/slave_no_sessioncWXzPS/queued-photo.jpg, timestamp: 2026-06-18 17:18:23.866483, function: null, file: null}
Log registered: {message: Auto-upload is disabled. Media added to queue but not uploaded., timestamp: 2026-06-18 17:18:23.866615, function: null, file: null}
Log registered: {message: Retrieved existing Device ID: test-device, timestamp: 2026-06-18 17:18:23.866899, function: null, file: null}
Log registered: {message: Attempting to connect to master WebSocket at ws://127.0.0.1:53220/ws with Device ID: test-device, timestamp: 2026-06-18 17:18:23.866949, function: null, file: null}
Log registered: {message: Could not read slave app version diagnostics: MissingPluginException(No implementation found for method getAll on channel dev.fluttercommunity.plus/package_info), timestamp: 2026-06-18 17:18:23.868260, function: null, file: null}
Log registered: {message: Could not read slave hardware diagnostics: MissingPluginException(No implementation found for method getDeviceInfo on channel dev.fluttercommunity.plus/device_info), timestamp: 2026-06-18 17:18:23.869312, function: null, file: null}
Log registered: {message: Connected to WebSocket at ws://127.0.0.1:53220/ws, timestamp: 2026-06-18 17:18:23.869579, function: null, file: null}
Log registered: {message: Command received from master: {"command":"noSession"}, timestamp: 2026-06-18 17:18:23.872930, function: null, file: null}
Log registered: {message: Master reported no active session; keeping active session slave-active-session until explicit sessionEnded., timestamp: 2026-06-18 17:18:23.873600, function: null, file: null}
Log registered: {message: Connection closed, timestamp: 2026-06-18 17:18:23.882943, function: null, file: null}
Log registered: {message: UploaderService: Resetting upload queue and state., timestamp: 2026-06-18 17:18:23.883148, function: null, file: null}
Log registered: {message: UploaderService: Reset completed., timestamp: 2026-06-18 17:18:23.883205, function: null, file: null}
Log registered: {message: Session metadata saved to /var/folders/6s/dp27g8gn26j9mp36sjfxb9tw0000gn/T/slave_client_docsX7kLYB/session_slave-active-session/metadata.json, timestamp: 2026-06-18 17:18:23.884484, function: null, file: null}
Log registered: {message: UploaderService: Resetting upload queue and state., timestamp: 2026-06-18 17:18:23.884581, function: null, file: null}
Log registered: {message: UploaderService: Reset completed., timestamp: 2026-06-18 17:18:23.884643, function: null, file: null}
Log registered: {message: Session ended and uploader reset., timestamp: 2026-06-18 17:18:23.884685, function: null, file: null}
00:00 +5: conflicting sessionStatus preserves active slave session and queue
00:00 +5: noSession preserves an active slave session and upload queue
Trace persistence retry scheduled: PathNotFoundException: Cannot open file, path = '/var/folders/6s/dp27g8gn26j9mp36sjfxb9tw0000gn/T/slave_client_docsX7kLYB/logs/hydracam-trace-2026-06-18T17-18-23-870803.ndjson' (OS Error: No such file or directory, errno = 2)
00:00 +5: conflicting sessionStatus preserves active slave session and queue
Log registered: {message: UploaderService: Resetting upload queue and state., timestamp: 2026-06-18 17:18:23.887369, function: null, file: null}
Log registered: {message: UploaderService: Reset completed., timestamp: 2026-06-18 17:18:23.887440, function: null, file: null}
Log registered: {message: UploaderService: Resetting upload queue and state., timestamp: 2026-06-18 17:18:23.887496, function: null, file: null}
Log registered: {message: UploaderService: Reset completed., timestamp: 2026-06-18 17:18:23.887538, function: null, file: null}
Log registered: {message: Session started with GUID: slave-active-session on device type: Slave, timestamp: 2026-06-18 17:18:23.887585, function: null, file: null}
Log registered: {message: [UploaderService] No uploaded media with valid durations. Returning zero duration., timestamp: 2026-06-18 17:18:23.887911, function: null, file: null}
Log registered: {message: Media added to upload queue: /var/folders/6s/dp27g8gn26j9mp36sjfxb9tw0000gn/T/slave_conflictg0IHf7/queued-photo.jpg, timestamp: 2026-06-18 17:18:23.887967, function: null, file: null}
Log registered: {message: Auto-upload is disabled. Media added to queue but not uploaded., timestamp: 2026-06-18 17:18:23.888091, function: null, file: null}
Log registered: {message: Retrieved existing Device ID: test-device, timestamp: 2026-06-18 17:18:23.888388, function: null, file: null}
Log registered: {message: Attempting to connect to master WebSocket at ws://127.0.0.1:53222/ws with Device ID: test-device, timestamp: 2026-06-18 17:18:23.888441, function: null, file: null}
Log registered: {message: Could not read slave app version diagnostics: MissingPluginException(No implementation found for method getAll on channel dev.fluttercommunity.plus/package_info), timestamp: 2026-06-18 17:18:23.889462, function: null, file: null}
Log registered: {message: Could not read slave hardware diagnostics: MissingPluginException(No implementation found for method getDeviceInfo on channel dev.fluttercommunity.plus/device_info), timestamp: 2026-06-18 17:18:23.890548, function: null, file: null}
Log registered: {message: Connected to WebSocket at ws://127.0.0.1:53222/ws, timestamp: 2026-06-18 17:18:23.890892, function: null, file: null}
Log registered: {message: Command received from master: {"command":"sessionStatus","sessionGuid":"master-other-session"}, timestamp: 2026-06-18 17:18:23.892344, function: null, file: null}
Log registered: {message: Command: {"command":"sessionStatus","sessionGuid":"master-other-session"}, timestamp: 2026-06-18 17:18:23.892434, function: null, file: null}
Log registered: {message: Session guid: master-other-session, timestamp: 2026-06-18 17:18:23.892496, function: null, file: null}
Log registered: {message: Master session conflict: keeping active session slave-active-session instead of joining master-other-session., timestamp: 2026-06-18 17:18:23.892659, function: null, file: null}
Log registered: {message: Connection closed, timestamp: 2026-06-18 17:18:23.903982, function: null, file: null}
Log registered: {message: UploaderService: Resetting upload queue and state., timestamp: 2026-06-18 17:18:23.904226, function: null, file: null}
Log registered: {message: UploaderService: Reset completed., timestamp: 2026-06-18 17:18:23.904286, function: null, file: null}
Log registered: {message: Session metadata saved to /var/folders/6s/dp27g8gn26j9mp36sjfxb9tw0000gn/T/slave_client_docsxyOTHb/session_slave-active-session/metadata.json, timestamp: 2026-06-18 17:18:23.905393, function: null, file: null}
Log registered: {message: UploaderService: Resetting upload queue and state., timestamp: 2026-06-18 17:18:23.905487, function: null, file: null}
Log registered: {message: UploaderService: Reset completed., timestamp: 2026-06-18 17:18:23.905545, function: null, file: null}
Log registered: {message: Session ended and uploader reset., timestamp: 2026-06-18 17:18:23.905585, function: null, file: null}
00:00 +6: conflicting sessionEnded preserves active slave session and queue
00:00 +6: conflicting sessionStatus preserves active slave session and queue
Trace persistence retry scheduled: PathNotFoundException: Cannot open file, path = '/var/folders/6s/dp27g8gn26j9mp36sjfxb9tw0000gn/T/slave_client_docsxyOTHb/logs/hydracam-trace-2026-06-18T17-18-23-892980.ndjson' (OS Error: No such file or directory, errno = 2)
00:00 +6: conflicting sessionEnded preserves active slave session and queue
Log registered: {message: UploaderService: Resetting upload queue and state., timestamp: 2026-06-18 17:18:23.907966, function: null, file: null}
Log registered: {message: UploaderService: Reset completed., timestamp: 2026-06-18 17:18:23.908032, function: null, file: null}
Log registered: {message: UploaderService: Resetting upload queue and state., timestamp: 2026-06-18 17:18:23.908084, function: null, file: null}
Log registered: {message: UploaderService: Reset completed., timestamp: 2026-06-18 17:18:23.908124, function: null, file: null}
Log registered: {message: Session started with GUID: slave-active-session on device type: Slave, timestamp: 2026-06-18 17:18:23.908168, function: null, file: null}
Log registered: {message: [UploaderService] No uploaded media with valid durations. Returning zero duration., timestamp: 2026-06-18 17:18:23.908585, function: null, file: null}
Log registered: {message: Media added to upload queue: /var/folders/6s/dp27g8gn26j9mp36sjfxb9tw0000gn/T/slave_end_conflictzOjyzc/queued-photo.jpg, timestamp: 2026-06-18 17:18:23.908653, function: null, file: null}
Log registered: {message: Auto-upload is disabled. Media added to queue but not uploaded., timestamp: 2026-06-18 17:18:23.908788, function: null, file: null}
Log registered: {message: Retrieved existing Device ID: test-device, timestamp: 2026-06-18 17:18:23.909086, function: null, file: null}
Log registered: {message: Attempting to connect to master WebSocket at ws://127.0.0.1:53224/ws with Device ID: test-device, timestamp: 2026-06-18 17:18:23.909137, function: null, file: null}
Log registered: {message: Could not read slave app version diagnostics: MissingPluginException(No implementation found for method getAll on channel dev.fluttercommunity.plus/package_info), timestamp: 2026-06-18 17:18:23.910198, function: null, file: null}
Log registered: {message: Could not read slave hardware diagnostics: MissingPluginException(No implementation found for method getDeviceInfo on channel dev.fluttercommunity.plus/device_info), timestamp: 2026-06-18 17:18:23.911368, function: null, file: null}
Log registered: {message: Connected to WebSocket at ws://127.0.0.1:53224/ws, timestamp: 2026-06-18 17:18:23.911650, function: null, file: null}
Log registered: {message: Command received from master: {"command":"sessionEnded","sessionGuid":"master-other-session"}, timestamp: 2026-06-18 17:18:23.912861, function: null, file: null}
Log registered: {message: Ignoring sessionEnded for master-other-session; active session slave-active-session kept., timestamp: 2026-06-18 17:18:23.913120, function: null, file: null}
Log registered: {message: Connection closed, timestamp: 2026-06-18 17:18:23.925385, function: null, file: null}
Log registered: {message: UploaderService: Resetting upload queue and state., timestamp: 2026-06-18 17:18:23.925540, function: null, file: null}
Log registered: {message: UploaderService: Reset completed., timestamp: 2026-06-18 17:18:23.925588, function: null, file: null}
Log registered: {message: Session metadata saved to /var/folders/6s/dp27g8gn26j9mp36sjfxb9tw0000gn/T/slave_client_docsuOyzRV/session_slave-active-session/metadata.json, timestamp: 2026-06-18 17:18:23.926571, function: null, file: null}
Log registered: {message: UploaderService: Resetting upload queue and state., timestamp: 2026-06-18 17:18:23.926633, function: null, file: null}
Log registered: {message: UploaderService: Reset completed., timestamp: 2026-06-18 17:18:23.926685, function: null, file: null}
Log registered: {message: Session ended and uploader reset., timestamp: 2026-06-18 17:18:23.926734, function: null, file: null}
00:00 +7: auto-record starts recording when sessionStarted arrives
00:00 +7: conflicting sessionEnded preserves active slave session and queue
Trace persistence retry scheduled: PathNotFoundException: Cannot open file, path = '/var/folders/6s/dp27g8gn26j9mp36sjfxb9tw0000gn/T/slave_client_docsuOyzRV/logs/hydracam-trace-2026-06-18T17-18-23-912731.ndjson' (OS Error: No such file or directory, errno = 2)
00:00 +7: auto-record starts recording when sessionStarted arrives
Log registered: {message: Retrieved existing Device ID: test-device, timestamp: 2026-06-18 17:18:23.929015, function: null, file: null}
Log registered: {message: Attempting to connect to master WebSocket at ws://127.0.0.1:53226/ws with Device ID: test-device, timestamp: 2026-06-18 17:18:23.929083, function: null, file: null}
Log registered: {message: Could not read slave app version diagnostics: MissingPluginException(No implementation found for method getAll on channel dev.fluttercommunity.plus/package_info), timestamp: 2026-06-18 17:18:23.929920, function: null, file: null}
Log registered: {message: Could not read slave hardware diagnostics: MissingPluginException(No implementation found for method getDeviceInfo on channel dev.fluttercommunity.plus/device_info), timestamp: 2026-06-18 17:18:23.930778, function: null, file: null}
Log registered: {message: Connected to WebSocket at ws://127.0.0.1:53226/ws, timestamp: 2026-06-18 17:18:23.930893, function: null, file: null}
Log registered: {message: Command received from master: {"command":"sessionStarted","sessionGuid":"auto-record-session"}, timestamp: 2026-06-18 17:18:23.932493, function: null, file: null}
Log registered: {message: Command: {"command":"sessionStarted","sessionGuid":"auto-record-session"}, timestamp: 2026-06-18 17:18:23.932570, function: null, file: null}
Log registered: {message: Session guid: auto-record-session, timestamp: 2026-06-18 17:18:23.932632, function: null, file: null}
Log registered: {message: UploaderService: Resetting upload queue and state., timestamp: 2026-06-18 17:18:23.932680, function: null, file: null}
Log registered: {message: UploaderService: Reset completed., timestamp: 2026-06-18 17:18:23.932724, function: null, file: null}
Log registered: {message: Session started with GUID: auto-record-session on device type: Slave, timestamp: 2026-06-18 17:18:23.932762, function: null, file: null}
Log registered: {message: Get token, timestamp: 2026-06-18 17:18:23.933250, function: null, file: null}
Log registered: {message: Fetch token, timestamp: 2026-06-18 17:18:23.933487, function: null, file: null}
Log registered: {message: Auto-record starting recording for active session auto-record-session., timestamp: 2026-06-18 17:18:23.938398, function: null, file: null}
Log registered: {message: Starting video recording, timestamp: 2026-06-18 17:18:23.938822, function: null, file: null}
Log registered: {message: Mock camera ready for native controller mode on macOS., timestamp: 2026-06-18 17:18:23.939175, function: null, file: null}
Log registered: {message: Retrieved existing Device ID: test-device, timestamp: 2026-06-18 17:18:23.941316, function: null, file: null}
Log registered: {message: Mock video recording started for native controller mode., timestamp: 2026-06-18 17:18:23.941605, function: null, file: null}
Log registered: {message: Failed to fetch M2M token: , timestamp: 2026-06-18 17:18:23.942171, function: null, file: null}
Log registered: {message: Error on POST device/ReadyToTransmit: Exception: Failed to retrieve M2M token, timestamp: 2026-06-18 17:18:23.942326, function: null, file: null}
Log registered: {message: Failed to notify server: No response, timestamp: 2026-06-18 17:18:23.942379, function: null, file: null}
Log registered: {message: Connection closed, timestamp: 2026-06-18 17:18:23.942456, function: null, file: null}
Log registered: {message: Mock video saved to session path: /var/folders/6s/dp27g8gn26j9mp36sjfxb9tw0000gn/T/slave_client_docsZ5Mj8r/session_auto-record-session/mock_1_2026-06-18T17-18-23-943208.mp4, timestamp: 2026-06-18 17:18:23.944556, function: null, file: null}
Log registered: {message: Session metadata saved to /var/folders/6s/dp27g8gn26j9mp36sjfxb9tw0000gn/T/slave_client_docsZ5Mj8r/session_auto-record-session/metadata.json, timestamp: 2026-06-18 17:18:23.945158, function: null, file: null}
Log registered: {message: UploaderService: Resetting upload queue and state., timestamp: 2026-06-18 17:18:23.945220, function: null, file: null}
Log registered: {message: UploaderService: Reset completed., timestamp: 2026-06-18 17:18:23.945274, function: null, file: null}
Log registered: {message: Session ended and uploader reset., timestamp: 2026-06-18 17:18:23.945317, function: null, file: null}
00:00 +8: startUploadingAll command starts pending upload queue
Log registered: {message: UploaderService: Resetting upload queue and state., timestamp: 2026-06-18 17:18:23.946902, function: null, file: null}
Log registered: {message: UploaderService: Reset completed., timestamp: 2026-06-18 17:18:23.946958, function: null, file: null}
Log registered: {message: UploaderService: Resetting upload queue and state., timestamp: 2026-06-18 17:18:23.947011, function: null, file: null}
Log registered: {message: UploaderService: Reset completed., timestamp: 2026-06-18 17:18:23.947051, function: null, file: null}
Log registered: {message: Session started with GUID: backend-upload-session on device type: Slave, timestamp: 2026-06-18 17:18:23.947091, function: null, file: null}
Log registered: {message: [UploaderService] No uploaded media with valid durations. Returning zero duration., timestamp: 2026-06-18 17:18:23.947419, function: null, file: null}
Log registered: {message: Media added to upload queue: /var/folders/6s/dp27g8gn26j9mp36sjfxb9tw0000gn/T/slave_upload_commanda0GlOD/queued-photo.jpg, timestamp: 2026-06-18 17:18:23.947464, function: null, file: null}
Log registered: {message: Auto-upload is disabled. Media added to queue but not uploaded., timestamp: 2026-06-18 17:18:23.947572, function: null, file: null}
Log registered: {message: Retrieved existing Device ID: test-device, timestamp: 2026-06-18 17:18:23.947816, function: null, file: null}
Log registered: {message: Attempting to connect to master WebSocket at ws://127.0.0.1:53228/ws with Device ID: test-device, timestamp: 2026-06-18 17:18:23.947862, function: null, file: null}
Log registered: {message: Could not read slave app version diagnostics: MissingPluginException(No implementation found for method getAll on channel dev.fluttercommunity.plus/package_info), timestamp: 2026-06-18 17:18:23.948812, function: null, file: null}
Log registered: {message: Could not read slave hardware diagnostics: MissingPluginException(No implementation found for method getDeviceInfo on channel dev.fluttercommunity.plus/device_info), timestamp: 2026-06-18 17:18:23.949882, function: null, file: null}
Log registered: {message: Connected to WebSocket at ws://127.0.0.1:53228/ws, timestamp: 2026-06-18 17:18:23.950144, function: null, file: null}
Log registered: {message: Command received from master: {"command":"startUploadingAll"}, timestamp: 2026-06-18 17:18:23.951243, function: null, file: null}
Log registered: {message: Start-upload-all command received from master., timestamp: 2026-06-18 17:18:23.951482, function: null, file: null}
Log registered: {message: Manual upload initiated., timestamp: 2026-06-18 17:18:23.951643, function: null, file: null}
Log registered: {message: UploaderService: _startUploading called. _isUploading=false, queue length=1, timestamp: 2026-06-18 17:18:23.951869, function: null, file: null}
Log registered: {message: UploaderService: _processNextItem called. Queue length=1, timestamp: 2026-06-18 17:18:23.952280, function: null, file: null}
Log registered: {message: UploaderService: sessionGuid=backend-upload-session, timestamp: 2026-06-18 17:18:23.952411, function: null, file: null}
Log registered: {message: Upload file is not valid photo media: /var/folders/6s/dp27g8gn26j9mp36sjfxb9tw0000gn/T/slave_upload_commanda0GlOD/queued-photo.jpg, timestamp: 2026-06-18 17:18:23.953966, function: null, file: null}
Log registered: {message: Failed to upload media: /var/folders/6s/dp27g8gn26j9mp36sjfxb9tw0000gn/T/slave_upload_commanda0GlOD/queued-photo.jpg, timestamp: 2026-06-18 17:18:23.954082, function: null, file: null}
Log registered: {message: Session metadata saved to /var/folders/6s/dp27g8gn26j9mp36sjfxb9tw0000gn/T/slave_client_docsZ5Mj8r/session_backend-upload-session/metadata.json, timestamp: 2026-06-18 17:18:23.954901, function: null, file: null}
Log registered: {message: [UploaderService] Queue is empty. Returning zero duration., timestamp: 2026-06-18 17:18:23.954978, function: null, file: null}
Log registered: {message: UploaderService: _processNextItem called. Queue length=0, timestamp: 2026-06-18 17:18:23.955029, function: null, file: null}
Log registered: {message: UploaderService: Queue is empty. Uploading stopped., timestamp: 2026-06-18 17:18:23.955080, function: null, file: null}
Log registered: {message: Connection closed, timestamp: 2026-06-18 17:18:23.962877, function: null, file: null}
Log registered: {message: UploaderService: Resetting upload queue and state., timestamp: 2026-06-18 17:18:23.963039, function: null, file: null}
Log registered: {message: UploaderService: Reset completed., timestamp: 2026-06-18 17:18:23.963111, function: null, file: null}
Log registered: {message: Session metadata saved to /var/folders/6s/dp27g8gn26j9mp36sjfxb9tw0000gn/T/slave_client_docsZ5Mj8r/session_backend-upload-session/metadata.json, timestamp: 2026-06-18 17:18:23.964142, function: null, file: null}
Log registered: {message: UploaderService: Resetting upload queue and state., timestamp: 2026-06-18 17:18:23.964222, function: null, file: null}
Log registered: {message: UploaderService: Reset completed., timestamp: 2026-06-18 17:18:23.964270, function: null, file: null}
Log registered: {message: Session ended and uploader reset., timestamp: 2026-06-18 17:18:23.964334, function: null, file: null}
00:00 +9: identifySlave command replies with identifyAck
Log registered: {message: UploaderService: Resetting upload queue and state., timestamp: 2026-06-18 17:18:23.965738, function: null, file: null}
Log registered: {message: UploaderService: Reset completed., timestamp: 2026-06-18 17:18:23.965799, function: null, file: null}
Log registered: {message: Session started with GUID: slave-session-guid on device type: Slave, timestamp: 2026-06-18 17:18:23.965862, function: null, file: null}
Log registered: {message: Adding photo to upload queue: /var/folders/6s/dp27g8gn26j9mp36sjfxb9tw0000gn/T/slave-identifyvKXw7H/photo.jpg, timestamp: 2026-06-18 17:18:23.966191, function: null, file: null}
Log registered: {message: Session metadata saved to /var/folders/6s/dp27g8gn26j9mp36sjfxb9tw0000gn/T/slave_client_docsZ5Mj8r/session_slave-session-guid/metadata.json, timestamp: 2026-06-18 17:18:23.966840, function: null, file: null}
Log registered: {message: [UploaderService] No uploaded media with valid durations. Returning zero duration., timestamp: 2026-06-18 17:18:23.966907, function: null, file: null}
Log registered: {message: Media added to upload queue: /var/folders/6s/dp27g8gn26j9mp36sjfxb9tw0000gn/T/slave-identifyvKXw7H/photo.jpg, timestamp: 2026-06-18 17:18:23.966948, function: null, file: null}
Log registered: {message: Auto-upload is disabled. Media added to queue but not uploaded., timestamp: 2026-06-18 17:18:23.967049, function: null, file: null}
Log registered: {message: Retrieved existing Device ID: test-device, timestamp: 2026-06-18 17:18:23.967274, function: null, file: null}
Log registered: {message: Attempting to connect to master WebSocket at ws://127.0.0.1:53230/ws with Device ID: test-device, timestamp: 2026-06-18 17:18:23.967364, function: null, file: null}
Log registered: {message: Could not read slave app version diagnostics: MissingPluginException(No implementation found for method getAll on channel dev.fluttercommunity.plus/package_info), timestamp: 2026-06-18 17:18:23.968308, function: null, file: null}
Log registered: {message: Could not read slave hardware diagnostics: MissingPluginException(No implementation found for method getDeviceInfo on channel dev.fluttercommunity.plus/device_info), timestamp: 2026-06-18 17:18:23.969279, function: null, file: null}
Log registered: {message: Connected to WebSocket at ws://127.0.0.1:53230/ws, timestamp: 2026-06-18 17:18:23.969535, function: null, file: null}
Log registered: {message: Command received from master: {"command":"identifySlave","requestId":"identify-test"}, timestamp: 2026-06-18 17:18:23.970738, function: null, file: null}
Log registered: {message: Sent identifyAck notification to master, timestamp: 2026-06-18 17:18:23.971087, function: null, file: null}
Log registered: {message: Connection closed, timestamp: 2026-06-18 17:18:23.971393, function: null, file: null}
Log registered: {message: Session metadata saved to /var/folders/6s/dp27g8gn26j9mp36sjfxb9tw0000gn/T/slave_client_docsZ5Mj8r/session_slave-session-guid/metadata.json, timestamp: 2026-06-18 17:18:23.972383, function: null, file: null}
Log registered: {message: UploaderService: Resetting upload queue and state., timestamp: 2026-06-18 17:18:23.972461, function: null, file: null}
Log registered: {message: UploaderService: Reset completed., timestamp: 2026-06-18 17:18:23.972514, function: null, file: null}
Log registered: {message: Session ended and uploader reset., timestamp: 2026-06-18 17:18:23.972548, function: null, file: null}
00:00 +10: scheduled command applies master clock offset before countdown
Log registered: {message: Retrieved existing Device ID: test-device, timestamp: 2026-06-18 17:18:23.974262, function: null, file: null}
Log registered: {message: Attempting to connect to master WebSocket at ws://127.0.0.1:53232/ws with Device ID: test-device, timestamp: 2026-06-18 17:18:23.974378, function: null, file: null}
Log registered: {message: Could not read slave app version diagnostics: MissingPluginException(No implementation found for method getAll on channel dev.fluttercommunity.plus/package_info), timestamp: 2026-06-18 17:18:23.975404, function: null, file: null}
Log registered: {message: Could not read slave hardware diagnostics: MissingPluginException(No implementation found for method getDeviceInfo on channel dev.fluttercommunity.plus/device_info), timestamp: 2026-06-18 17:18:23.976340, function: null, file: null}
Log registered: {message: Connected to WebSocket at ws://127.0.0.1:53232/ws, timestamp: 2026-06-18 17:18:23.976616, function: null, file: null}
Log registered: {message: Command received from master: {"type":"scheduledCommand","command":"takePhoto","scheduledTime":"2026-06-08T20:35:05.000Z","masterTime":"2026-06-08T20:35:02.000Z"}, timestamp: 2026-06-18 17:18:23.977646, function: null, file: null}
Log registered: {message: Applied coarse fallback clock offset from master timestamp: 2000 ms., timestamp: 2026-06-18 17:18:23.978386, function: null, file: null}
Log registered: {message: Command 'takePhoto' scheduled for 2026-06-08 20:35:05.000Z., timestamp: 2026-06-18 17:18:23.978628, function: null, file: null}
Log registered: {message: Connection closed, timestamp: 2026-06-18 17:18:23.979040, function: null, file: null}
00:00 +11: All tests passed!
[exit-code] 0

$ flutter test --no-pub test/master/master_network_snapshot_cache_test.dart
00:00 +0: loading /Users/jose/src/work/hydracamv2/test/master/master_network_snapshot_cache_test.dart
00:00 +0: (setUpAll)
00:00 +0: master socket binding supports rapid shared rebind
00:00 +1: pending server start closes immediately when stop is requested
Log registered: {message: WebSocket Server stopped, timestamp: 2026-06-18 17:18:25.873248, function: null, file: null}
Log registered: {message: WebSocket Server startup cancelled because stop was requested., timestamp: 2026-06-18 17:18:25.878290, function: null, file: null}
00:00 +2: master network snapshot cache reuses snapshots inside ttl
00:00 +3: master session response payloads share one encoded command helper
00:00 +4: master server exposes connected client before network refresh completes
00:00 +5: master server warns slave when stale Wi-Fi identity conflicts with IP
Log registered: {message: Slave wrong-network-slave appears to be on the wrong network. remoteIp=10.10.0.20 slaveSubnet=10.10.0.0/24 masterSubnet=192.168.178.0/24, timestamp: 2026-06-18 17:18:25.893667, function: null, file: null}
00:00 +6: master server preserves optional camera setup status
00:00 +7: incoming device registration sends current session status
Log registered: {message: Data received from slave: {type: deviceId, deviceId: slave-a, sessionGuid: slave-session-guid, network: {isWifiActive: true, ipAddress: 192.168.178.62, source: slave-test}}, timestamp: 2026-06-18 17:18:25.897462, function: null, file: null}
Log registered: {message: Registered new slave with deviceId: slave-a, timestamp: 2026-06-18 17:18:25.898254, function: null, file: null}
Log registered: {message: Sent noSession to slave-a, timestamp: 2026-06-18 17:18:25.898449, function: null, file: null}
00:00 +8: incoming device registration exposes app and hardware diagnostics
Log registered: {message: Data received from slave: {type: deviceId, deviceId: slave-a, appVersion: 1.4.0, appBuildNumber: 16, hardware: Samsung Galaxy S10e}, timestamp: 2026-06-18 17:18:25.900552, function: null, file: null}
Log registered: {message: Registered new slave with deviceId: slave-a, timestamp: 2026-06-18 17:18:25.900814, function: null, file: null}
Log registered: {message: Sent noSession to slave-a, timestamp: 2026-06-18 17:18:25.900896, function: null, file: null}
00:00 +9: incoming heartbeat preserves slave session media diagnostics
Log registered: {message: Data received from slave: {type: heartbeat, deviceId: slave-a, sessionGuid: slave-session-guid, sessionMedia: {photoCount: 1, videoCount: 0, pendingUploadCount: 1, uploadedCount: 0}}, timestamp: 2026-06-18 17:18:25.903834, function: null, file: null}
Log registered: {message: Received heartbeat from slave-a, timestamp: 2026-06-18 17:18:25.904185, function: null, file: null}
00:00 +10: incoming heartbeat clears stale slave session media diagnostics
Log registered: {message: Data received from slave: {type: heartbeat, deviceId: slave-a, sessionGuid: slave-session-guid, sessionMedia: {photoCount: 1, videoCount: 0, pendingUploadCount: 1, uploadedCount: 0}}, timestamp: 2026-06-18 17:18:25.905729, function: null, file: null}
Log registered: {message: Received heartbeat from slave-a, timestamp: 2026-06-18 17:18:25.906049, function: null, file: null}
Log registered: {message: Data received from slave: {type: heartbeat, deviceId: slave-a}, timestamp: 2026-06-18 17:18:25.906191, function: null, file: null}
Log registered: {message: Received heartbeat from slave-a, timestamp: 2026-06-18 17:18:25.906318, function: null, file: null}
00:00 +11: incoming photo media is saved through session media storage
Log registered: {message: UploaderService: Resetting upload queue and state., timestamp: 2026-06-18 17:18:25.910496, function: null, file: null}
Log registered: {message: UploaderService: Reset completed., timestamp: 2026-06-18 17:18:25.911098, function: null, file: null}
Log registered: {message: Session started with GUID: server-media-guid on device type: Master, timestamp: 2026-06-18 17:18:25.911368, function: null, file: null}
Log registered: {message: Data received from slave: {type: photo, deviceId: slave-a, data: [255, 216, 255], captureDate: 2026-06-09T03:44:00.000Z}, timestamp: 2026-06-18 17:18:25.911676, function: null, file: null}
Log registered: {message: Save media locally, timestamp: 2026-06-18 17:18:25.912169, function: null, file: null}
Log registered: {message: Adding photo to upload queue: /var/folders/6s/dp27g8gn26j9mp36sjfxb9tw0000gn/T/master_received_mediaQEBXMx/session_server-media-guid/media_1770000000789.jpg, timestamp: 2026-06-18 17:18:25.914604, function: null, file: null}
Log registered: {message: Session metadata saved to /var/folders/6s/dp27g8gn26j9mp36sjfxb9tw0000gn/T/master_server_docst4LzlF/session_server-media-guid/metadata.json, timestamp: 2026-06-18 17:18:25.916360, function: null, file: null}
Log registered: {message: [UploaderService] No uploaded media with valid durations. Returning zero duration., timestamp: 2026-06-18 17:18:25.917140, function: null, file: null}
Log registered: {message: Media added to upload queue: /var/folders/6s/dp27g8gn26j9mp36sjfxb9tw0000gn/T/master_received_mediaQEBXMx/session_server-media-guid/media_1770000000789.jpg, timestamp: 2026-06-18 17:18:25.917239, function: null, file: null}
Log registered: {message: Auto-upload is disabled. Media added to queue but not uploaded., timestamp: 2026-06-18 17:18:25.918016, function: null, file: null}
Log registered: {message: Photo from slave device (slave-a) received and stored at: /var/folders/6s/dp27g8gn26j9mp36sjfxb9tw0000gn/T/master_received_mediaQEBXMx/session_server-media-guid/media_1770000000789.jpg, timestamp: 2026-06-18 17:18:25.918107, function: null, file: null}
Log registered: {message: Session metadata saved to /var/folders/6s/dp27g8gn26j9mp36sjfxb9tw0000gn/T/master_server_docst4LzlF/session_server-media-guid/metadata.json, timestamp: 2026-06-18 17:18:25.919921, function: null, file: null}
Log registered: {message: UploaderService: Resetting upload queue and state., timestamp: 2026-06-18 17:18:25.920, function: null, file: null}
Log registered: {message: UploaderService: Reset completed., timestamp: 2026-06-18 17:18:25.920068, function: null, file: null}
Log registered: {message: Session ended and uploader reset., timestamp: 2026-06-18 17:18:25.920138, function: null, file: null}
00:00 +12: stale socket close does not remove current client registration
Log registered: {message: Client slave-a disconnected. Total clients: 0, timestamp: 2026-06-18 17:18:25.922158, function: null, file: null}
00:00 +13: master server retains disconnected device status after socket removal
Log registered: {message: Client slave-a disconnected. Total clients: 0, timestamp: 2026-06-18 17:18:25.923481, function: null, file: null}
00:00 +14: stopServer clears transport state without ending the active session
Log registered: {message: UploaderService: Resetting upload queue and state., timestamp: 2026-06-18 17:18:25.924724, function: null, file: null}
Log registered: {message: UploaderService: Reset completed., timestamp: 2026-06-18 17:18:25.924796, function: null, file: null}
Log registered: {message: Session started with GUID: stop-server-session-guid on device type: Master, timestamp: 2026-06-18 17:18:25.924860, function: null, file: null}
Log registered: {message: WebSocket Server stopped, timestamp: 2026-06-18 17:18:25.925135, function: null, file: null}
Log registered: {message: Capture session with GUID: stop-server-session-guid ended and stored in history., timestamp: 2026-06-18 17:18:25.925404, function: null, file: null}
Log registered: {message: Session metadata saved to /var/folders/6s/dp27g8gn26j9mp36sjfxb9tw0000gn/T/master_server_docssm0LSz/session_stop-server-session-guid/metadata.json, timestamp: 2026-06-18 17:18:25.926258, function: null, file: null}
Log registered: {message: UploaderService: Resetting upload queue and state., timestamp: 2026-06-18 17:18:25.926340, function: null, file: null}
Log registered: {message: UploaderService: Reset completed., timestamp: 2026-06-18 17:18:25.926403, function: null, file: null}
Log registered: {message: Session ended and uploader reset., timestamp: 2026-06-18 17:18:25.926766, function: null, file: null}
Log registered: {message: Command sent to 0 eligible connected slave(s): {"command":"sessionEnded","sessionGuid":"stop-server-session-guid"}, timestamp: 2026-06-18 17:18:25.927419, function: null, file: null}
00:00 +15: master server orders connected devices before disconnected history
Log registered: {message: Client a-stale-slave disconnected. Total clients: 0, timestamp: 2026-06-18 17:18:25.929137, function: null, file: null}
00:00 +16: scheduled commands include master send time for slave clock offset
Log registered: {message: Scheduling command 'takePhoto' for 2026-06-08T20:35:05.000Z, timestamp: 2026-06-18 17:18:25.930523, function: null, file: null}
Log registered: {message: Scheduled command 'takePhoto' sent to slave with deviceId: slave-a., timestamp: 2026-06-18 17:18:25.930693, function: null, file: null}
00:00 +17: scheduled command for missing slave does not broadcast
Log registered: {message: Scheduling command 'takePhoto' for 2026-06-09T02:20:00.000Z, timestamp: 2026-06-18 17:18:25.931836, function: null, file: null}
Log registered: {message: Scheduled command 'takePhoto' not sent. Slave missing-slave is not connected., timestamp: 2026-06-18 17:18:25.931915, function: null, file: null}
00:00 +18: scheduled broadcast sends to all eligible connected slaves
Log registered: {message: Scheduling command 'startRecordingVideo' for 2026-06-09T02:20:00.000Z, timestamp: 2026-06-18 17:18:25.932988, function: null, file: null}
Log registered: {message: Scheduled command 'startRecordingVideo' sent to 2 eligible connected slave(s)., timestamp: 2026-06-18 17:18:25.933149, function: null, file: null}
00:00 +19: targeted command for missing slave does not broadcast
Log registered: {message: Sending command takePhoto, timestamp: 2026-06-18 17:18:25.934439, function: null, file: null}
Log registered: {message: Command 'takePhoto' not sent. Slave missing-slave is not connected., timestamp: 2026-06-18 17:18:25.934510, function: null, file: null}
00:00 +20: targeted command only sends to the requested connected slave
Log registered: {message: Sending command takePhoto, timestamp: 2026-06-18 17:18:25.935919, function: null, file: null}
Log registered: {message: Command 'takePhoto' sent to slave with deviceId: slave-a., timestamp: 2026-06-18 17:18:25.935993, function: null, file: null}
00:00 +21: broadcast command sends to all eligible connected slaves
Log registered: {message: Sending command stopRecordingVideo, timestamp: 2026-06-18 17:18:25.937383, function: null, file: null}
Log registered: {message: Command 'stopRecordingVideo' sent to 2 eligible connected slave(s)., timestamp: 2026-06-18 17:18:25.937494, function: null, file: null}
00:00 +22: broadcast command skips slaves reporting a different session
Log registered: {message: UploaderService: Resetting upload queue and state., timestamp: 2026-06-18 17:18:25.938606, function: null, file: null}
Log registered: {message: UploaderService: Reset completed., timestamp: 2026-06-18 17:18:25.938670, function: null, file: null}
Log registered: {message: Session started with GUID: master-session-guid on device type: Master, timestamp: 2026-06-18 17:18:25.938722, function: null, file: null}
Log registered: {message: Sending command takePhoto, timestamp: 2026-06-18 17:18:25.938957, function: null, file: null}
Log registered: {message: Command 'takePhoto' skipped for slave stale-session-slave due to session mismatch., timestamp: 2026-06-18 17:18:25.939035, function: null, file: null}
Log registered: {message: Command 'takePhoto' sent to 1 eligible connected slave(s)., timestamp: 2026-06-18 17:18:25.939096, function: null, file: null}
Log registered: {message: Session metadata saved to /var/folders/6s/dp27g8gn26j9mp36sjfxb9tw0000gn/T/master_server_docsHDIhtO/session_master-session-guid/metadata.json, timestamp: 2026-06-18 17:18:25.940277, function: null, file: null}
Log registered: {message: UploaderService: Resetting upload queue and state., timestamp: 2026-06-18 17:18:25.940374, function: null, file: null}
Log registered: {message: UploaderService: Reset completed., timestamp: 2026-06-18 17:18:25.940431, function: null, file: null}
Log registered: {message: Session ended and uploader reset., timestamp: 2026-06-18 17:18:25.940475, function: null, file: null}
00:00 +23: master sends identify command and records ack diagnostics
Log registered: {message: Identify command sent to slave with deviceId: slave-a., timestamp: 2026-06-18 17:18:25.941949, function: null, file: null}
Log registered: {message: Data received from slave: {type: identifyAck, deviceId: slave-a, requestId: identify-test, timestamp: 2026-06-08T21:35:01.000Z, sessionGuid: slave-session-guid, network: {isWifiActive: true, ipAddress: 192.168.178.64, source: identify-ack-test}, sessionMedia: {photoCount: 2, videoCount: 1, pendingUploadCount: 1, uploadedCount: 2}}, timestamp: 2026-06-18 17:18:25.942153, function: null, file: null}
Log registered: {message: Received identify acknowledgement from slave-a, timestamp: 2026-06-18 17:18:25.942529, function: null, file: null}
00:00 +24: identify command still reaches slaves reporting a different session
Log registered: {message: UploaderService: Resetting upload queue and state., timestamp: 2026-06-18 17:18:25.943735, function: null, file: null}
Log registered: {message: UploaderService: Reset completed., timestamp: 2026-06-18 17:18:25.943796, function: null, file: null}
Log registered: {message: Session started with GUID: master-session-guid on device type: Master, timestamp: 2026-06-18 17:18:25.943841, function: null, file: null}
Log registered: {message: Identify command sent to slave with deviceId: stale-session-slave., timestamp: 2026-06-18 17:18:25.943985, function: null, file: null}
Log registered: {message: Session metadata saved to /var/folders/6s/dp27g8gn26j9mp36sjfxb9tw0000gn/T/master_server_docsbSHgsz/session_master-session-guid/metadata.json, timestamp: 2026-06-18 17:18:25.945028, function: null, file: null}
Log registered: {message: UploaderService: Resetting upload queue and state., timestamp: 2026-06-18 17:18:25.945097, function: null, file: null}
Log registered: {message: UploaderService: Reset completed., timestamp: 2026-06-18 17:18:25.945145, function: null, file: null}
Log registered: {message: Session ended and uploader reset., timestamp: 2026-06-18 17:18:25.945189, function: null, file: null}
00:00 +25: ending master session broadcasts the ended session guid
Log registered: {message: UploaderService: Resetting upload queue and state., timestamp: 2026-06-18 17:18:25.946202, function: null, file: null}
Log registered: {message: UploaderService: Reset completed., timestamp: 2026-06-18 17:18:25.946256, function: null, file: null}
Log registered: {message: Session started with GUID: master-session-guid on device type: Master, timestamp: 2026-06-18 17:18:25.946308, function: null, file: null}
Log registered: {message: Capture session with GUID: master-session-guid ended and stored in history., timestamp: 2026-06-18 17:18:25.946438, function: null, file: null}
Log registered: {message: Session metadata saved to /var/folders/6s/dp27g8gn26j9mp36sjfxb9tw0000gn/T/master_server_docstqg3NC/session_master-session-guid/metadata.json, timestamp: 2026-06-18 17:18:25.947258, function: null, file: null}
Log registered: {message: UploaderService: Resetting upload queue and state., timestamp: 2026-06-18 17:18:25.947326, function: null, file: null}
Log registered: {message: UploaderService: Reset completed., timestamp: 2026-06-18 17:18:25.947381, function: null, file: null}
Log registered: {message: Session ended and uploader reset., timestamp: 2026-06-18 17:18:25.947418, function: null, file: null}
Log registered: {message: Command sent to 1 eligible connected slave(s): {"command":"sessionEnded","sessionGuid":"master-session-guid"}, timestamp: 2026-06-18 17:18:25.947484, function: null, file: null}
00:00 +26: pending identify becomes unavailable when the slave disconnects
Log registered: {message: Identify command sent to slave with deviceId: slave-a., timestamp: 2026-06-18 17:18:25.948734, function: null, file: null}
Log registered: {message: Client slave-a disconnected. Total clients: 0, timestamp: 2026-06-18 17:18:25.948801, function: null, file: null}
00:00 +27: disconnected device reports preview unavailable by disconnection
00:00 +28: (tearDownAll)
00:00 +28: All tests passed!
[exit-code] 0

$ flutter test --no-pub test/master test/slave
00:00 +0: loading /Users/jose/src/work/hydracamv2/test/master/master_time_sync_test.dart
00:00 +0: /Users/jose/src/work/hydracamv2/test/master/master_time_sync_test.dart: master answers a timeSyncRequest with echoed id/t0 and its t1/t2
Log registered: {message: Data received from slave: {type: timeSyncRequest, deviceId: slave-a, id: 3:5, t0: 2026-01-01T00:00:00.000Z}, timestamp: 2026-06-18 17:18:58.157182, function: null, file: null}
00:00 +1: /Users/jose/src/work/hydracamv2/test/master/master_time_sync_test.dart: master timeSyncResponse uses the injected master clock
00:00 +1: /Users/jose/src/work/hydracamv2/test/master/master_time_sync_test.dart: master answers a timeSyncRequest with echoed id/t0 and its t1/t2
Trace file unavailable: MissingPluginException(No implementation found for method getApplicationDocumentsDirectory on channel plugins.flutter.io/path_provider)
00:00 +1: /Users/jose/src/work/hydracamv2/test/master/master_time_sync_test.dart: master timeSyncResponse uses the injected master clock
Log registered: {message: Data received from slave: {type: timeSyncRequest, deviceId: slave-deterministic, id: 7:2, t0: 2026-06-18T15:29:59.900Z}, timestamp: 2026-06-18 17:18:58.170406, function: null, file: null}
00:01 +2: /Users/jose/src/work/hydracamv2/test/master/master_screen_test.dart: (setUpAll)
Log registered: {message: StorageService monitoring disabled - timer not started., timestamp: 2026-06-18 17:18:59.326729, function: null, file: null}
00:01 +2: /Users/jose/src/work/hydracamv2/test/master/master_screen_test.dart: start area uses service-session language
00:01 +3: /Users/jose/src/work/hydracamv2/test/master/master_screen_test.dart: start area uses service-session language
00:01 +4: /Users/jose/src/work/hydracamv2/test/master/master_screen_test.dart: start area uses service-session language
00:01 +5: /Users/jose/src/work/hydracamv2/test/master/master_screen_test.dart: start area uses service-session language
00:01 +6: /Users/jose/src/work/hydracamv2/test/master/master_screen_test.dart: start area uses service-session language
00:01 +7: /Users/jose/src/work/hydracamv2/test/master/master_screen_test.dart: start area uses service-session language
00:01 +8: /Users/jose/src/work/hydracamv2/test/master/master_screen_test.dart: start area uses service-session language
00:01 +9: /Users/jose/src/work/hydracamv2/test/master/master_screen_test.dart: start area uses service-session language
00:01 +10: /Users/jose/src/work/hydracamv2/test/master/master_screen_test.dart: start area uses service-session language
00:01 +11: /Users/jose/src/work/hydracamv2/test/master/master_screen_test.dart: start area uses service-session language
00:01 +12: /Users/jose/src/work/hydracamv2/test/master/master_screen_test.dart: start area uses service-session language
00:01 +12: /Users/jose/src/work/hydracamv2/test/master/master_announcer_test.dart: starts periodic discovery without real UDP and cancels on stop
Log registered: {message: Stopped broadcasting master discovery message., timestamp: 2026-06-18 17:18:59.603853, function: null, file: null}
Trace file unavailable: Binding has not yet been initialized.
The "instance" getter on the ServicesBinding binding mixin is only available once that binding has been initialized.
Typically, this is done by calling "WidgetsFlutterBinding.ensureInitialized()" or "runApp()" (the latter calls the former). Typically this call is done in the "void main()" method. The "ensureInitialized" method is idempotent; calling it multiple times is not harmful. After calling that method, the "instance" getter will return the binding.
In a test, one can call "TestWidgetsFlutterBinding.ensureInitialized()" as the first line in the test's "main()" method to initialize the binding.
If ServicesBinding is a custom binding mixin, there must also be a custom binding class, like WidgetsFlutterBinding, but that mixes in the selected binding, and that is the class that must be constructed before using the "instance" getter.
00:01 +13: /Users/jose/src/work/hydracamv2/test/master/master_screen_test.dart: start area uses service-session language
00:01 +13: /Users/jose/src/work/hydracamv2/test/master/master_announcer_test.dart: broadcast errors do not stop later timer ticks
Log registered: {message: Error during broadcasting: Bad state: transient UDP failure, timestamp: 2026-06-18 17:18:59.620627, function: null, file: null}
Log registered: {message: Stopped broadcasting master discovery message., timestamp: 2026-06-18 17:18:59.621278, function: null, file: null}
00:01 +14: /Users/jose/src/work/hydracamv2/test/master/master_screen_test.dart: start area uses service-session language
00:01 +15: /Users/jose/src/work/hydracamv2/test/master/master_screen_test.dart: start area uses service-session language
00:01 +15: /Users/jose/src/work/hydracamv2/test/master/master_network_snapshot_cache_test.dart: pending server start closes immediately when stop is requested
Log registered: {message: WebSocket Server stopped, timestamp: 2026-06-18 17:18:59.781754, function: null, file: null}
Log registered: {message: WebSocket Server startup cancelled because stop was requested., timestamp: 2026-06-18 17:18:59.787027, function: null, file: null}
00:01 +16: /Users/jose/src/work/hydracamv2/test/master/master_screen_test.dart: start area uses service-session language
00:01 +17: /Users/jose/src/work/hydracamv2/test/master/master_screen_test.dart: start area uses service-session language
00:01 +18: /Users/jose/src/work/hydracamv2/test/master/master_screen_test.dart: start area uses service-session language
00:01 +19: /Users/jose/src/work/hydracamv2/test/master/master_screen_test.dart: start area uses service-session language
00:01 +19: /Users/jose/src/work/hydracamv2/test/master/master_network_snapshot_cache_test.dart: master server warns slave when stale Wi-Fi identity conflicts with IP
Log registered: {message: Slave wrong-network-slave appears to be on the wrong network. remoteIp=10.10.0.20 slaveSubnet=10.10.0.0/24 masterSubnet=192.168.178.0/24, timestamp: 2026-06-18 17:18:59.804094, function: null, file: null}
00:01 +19: /Users/jose/src/work/hydracamv2/test/master/master_screen_test.dart: start area uses service-session language
Log registered: {message: WebSocket Server stopped, timestamp: 2026-06-18 17:18:59.804393, function: null, file: null}
Log registered: {message: Stopped broadcasting master discovery message., timestamp: 2026-06-18 17:18:59.804749, function: null, file: null}
00:01 +20: /Users/jose/src/work/hydracamv2/test/master/master_screen_test.dart: start area uses service-session language
00:01 +21: /Users/jose/src/work/hydracamv2/test/master/master_screen_test.dart: start area uses service-session language
00:01 +21: /Users/jose/src/work/hydracamv2/test/master/master_network_snapshot_cache_test.dart: incoming device registration sends current session status
Log registered: {message: Data received from slave: {type: deviceId, deviceId: slave-a, sessionGuid: slave-session-guid, network: {isWifiActive: true, ipAddress: 192.168.178.62, source: slave-test}}, timestamp: 2026-06-18 17:18:59.807564, function: null, file: null}
Log registered: {message: Registered new slave with deviceId: slave-a, timestamp: 2026-06-18 17:18:59.808343, function: null, file: null}
Log registered: {message: Sent noSession to slave-a, timestamp: 2026-06-18 17:18:59.808541, function: null, file: null}
00:01 +22: /Users/jose/src/work/hydracamv2/test/master/master_screen_test.dart: start area uses service-session language
00:01 +22: /Users/jose/src/work/hydracamv2/test/master/master_network_snapshot_cache_test.dart: incoming device registration exposes app and hardware diagnostics
Log registered: {message: Data received from slave: {type: deviceId, deviceId: slave-a, appVersion: 1.4.0, appBuildNumber: 16, hardware: Samsung Galaxy S10e}, timestamp: 2026-06-18 17:18:59.810336, function: null, file: null}
Log registered: {message: Registered new slave with deviceId: slave-a, timestamp: 2026-06-18 17:18:59.810747, function: null, file: null}
Log registered: {message: Sent noSession to slave-a, timestamp: 2026-06-18 17:18:59.810916, function: null, file: null}
00:01 +23: /Users/jose/src/work/hydracamv2/test/master/master_screen_test.dart: start area uses service-session language
00:01 +24: /Users/jose/src/work/hydracamv2/test/master/master_network_snapshot_cache_test.dart: incoming heartbeat preserves slave session media diagnostics
Log registered: {message: Data received from slave: {type: heartbeat, deviceId: slave-a, sessionGuid: slave-session-guid, sessionMedia: {photoCount: 1, videoCount: 0, pendingUploadCount: 1, uploadedCount: 0}}, timestamp: 2026-06-18 17:18:59.813650, function: null, file: null}
Log registered: {message: Received heartbeat from slave-a, timestamp: 2026-06-18 17:18:59.814054, function: null, file: null}
00:01 +25: /Users/jose/src/work/hydracamv2/test/master/master_screen_test.dart: start session button creates backend session
00:01 +25: /Users/jose/src/work/hydracamv2/test/master/master_network_snapshot_cache_test.dart: incoming heartbeat clears stale slave session media diagnostics
Log registered: {message: Data received from slave: {type: heartbeat, deviceId: slave-a, sessionGuid: slave-session-guid, sessionMedia: {photoCount: 1, videoCount: 0, pendingUploadCount: 1, uploadedCount: 0}}, timestamp: 2026-06-18 17:18:59.815529, function: null, file: null}
Log registered: {message: Received heartbeat from slave-a, timestamp: 2026-06-18 17:18:59.815751, function: null, file: null}
Log registered: {message: Data received from slave: {type: heartbeat, deviceId: slave-a}, timestamp: 2026-06-18 17:18:59.815836, function: null, file: null}
Log registered: {message: Received heartbeat from slave-a, timestamp: 2026-06-18 17:18:59.815960, function: null, file: null}
00:01 +26: /Users/jose/src/work/hydracamv2/test/master/master_screen_test.dart: start session button creates backend session
00:01 +26: /Users/jose/src/work/hydracamv2/test/master/master_network_snapshot_cache_test.dart: incoming photo media is saved through session media storage
Log registered: {message: UploaderService: Resetting upload queue and state., timestamp: 2026-06-18 17:18:59.820255, function: null, file: null}
Log registered: {message: UploaderService: Reset completed., timestamp: 2026-06-18 17:18:59.820731, function: null, file: null}
Log registered: {message: Session started with GUID: server-media-guid on device type: Master, timestamp: 2026-06-18 17:18:59.820971, function: null, file: null}
Log registered: {message: Data received from slave: {type: photo, deviceId: slave-a, data: [255, 216, 255], captureDate: 2026-06-09T03:44:00.000Z}, timestamp: 2026-06-18 17:18:59.821384, function: null, file: null}
Log registered: {message: Save media locally, timestamp: 2026-06-18 17:18:59.822021, function: null, file: null}
Log registered: {message: Adding photo to upload queue: /var/folders/6s/dp27g8gn26j9mp36sjfxb9tw0000gn/T/master_received_mediawB7hd1/session_server-media-guid/media_1770000000789.jpg, timestamp: 2026-06-18 17:18:59.824659, function: null, file: null}
Log registered: {message: Session metadata saved to /var/folders/6s/dp27g8gn26j9mp36sjfxb9tw0000gn/T/master_server_docs4ffv7r/session_server-media-guid/metadata.json, timestamp: 2026-06-18 17:18:59.826647, function: null, file: null}
Log registered: {message: [UploaderService] No uploaded media with valid durations. Returning zero duration., timestamp: 2026-06-18 17:18:59.827589, function: null, file: null}
Log registered: {message: Media added to upload queue: /var/folders/6s/dp27g8gn26j9mp36sjfxb9tw0000gn/T/master_received_mediawB7hd1/session_server-media-guid/media_1770000000789.jpg, timestamp: 2026-06-18 17:18:59.827780, function: null, file: null}
Log registered: {message: Auto-upload is disabled. Media added to queue but not uploaded., timestamp: 2026-06-18 17:18:59.828658, function: null, file: null}
Log registered: {message: Photo from slave device (slave-a) received and stored at: /var/folders/6s/dp27g8gn26j9mp36sjfxb9tw0000gn/T/master_received_mediawB7hd1/session_server-media-guid/media_1770000000789.jpg, timestamp: 2026-06-18 17:18:59.828774, function: null, file: null}
Log registered: {message: Session metadata saved to /var/folders/6s/dp27g8gn26j9mp36sjfxb9tw0000gn/T/master_server_docs4ffv7r/session_server-media-guid/metadata.json, timestamp: 2026-06-18 17:18:59.831048, function: null, file: null}
Log registered: {message: UploaderService: Resetting upload queue and state., timestamp: 2026-06-18 17:18:59.831181, function: null, file: null}
Log registered: {message: UploaderService: Reset completed., timestamp: 2026-06-18 17:18:59.831258, function: null, file: null}
Log registered: {message: Session ended and uploader reset., timestamp: 2026-06-18 17:18:59.831313, function: null, file: null}
00:01 +27: /Users/jose/src/work/hydracamv2/test/master/master_screen_test.dart: start session button creates backend session
00:01 +27: /Users/jose/src/work/hydracamv2/test/master/master_network_snapshot_cache_test.dart: stale socket close does not remove current client registration
Log registered: {message: Client slave-a disconnected. Total clients: 0, timestamp: 2026-06-18 17:18:59.833282, function: null, file: null}
00:01 +28: /Users/jose/src/work/hydracamv2/test/master/master_screen_test.dart: start session button creates backend session
00:01 +28: /Users/jose/src/work/hydracamv2/test/master/master_network_snapshot_cache_test.dart: master server retains disconnected device status after socket removal
Log registered: {message: Client slave-a disconnected. Total clients: 0, timestamp: 2026-06-18 17:18:59.834869, function: null, file: null}
00:01 +29: /Users/jose/src/work/hydracamv2/test/master/master_screen_test.dart: start session button creates backend session
00:01 +29: /Users/jose/src/work/hydracamv2/test/master/master_network_snapshot_cache_test.dart: stopServer clears transport state without ending the active session
Log registered: {message: UploaderService: Resetting upload queue and state., timestamp: 2026-06-18 17:18:59.836671, function: null, file: null}
Log registered: {message: UploaderService: Reset completed., timestamp: 2026-06-18 17:18:59.836793, function: null, file: null}
Log registered: {message: Session started with GUID: stop-server-session-guid on device type: Master, timestamp: 2026-06-18 17:18:59.836869, function: null, file: null}
Log registered: {message: WebSocket Server stopped, timestamp: 2026-06-18 17:18:59.837121, function: null, file: null}
Log registered: {message: Capture session with GUID: stop-server-session-guid ended and stored in history., timestamp: 2026-06-18 17:18:59.837360, function: null, file: null}
Log registered: {message: Session metadata saved to /var/folders/6s/dp27g8gn26j9mp36sjfxb9tw0000gn/T/master_server_docsD8WG4z/session_stop-server-session-guid/metadata.json, timestamp: 2026-06-18 17:18:59.838603, function: null, file: null}
Log registered: {message: UploaderService: Resetting upload queue and state., timestamp: 2026-06-18 17:18:59.838723, function: null, file: null}
Log registered: {message: UploaderService: Reset completed., timestamp: 2026-06-18 17:18:59.838873, function: null, file: null}
Log registered: {message: Session ended and uploader reset., timestamp: 2026-06-18 17:18:59.838950, function: null, file: null}
Log registered: {message: Command sent to 0 eligible connected slave(s): {"command":"sessionEnded","sessionGuid":"stop-server-session-guid"}, timestamp: 2026-06-18 17:18:59.840055, function: null, file: null}
00:01 +30: /Users/jose/src/work/hydracamv2/test/master/master_screen_test.dart: start session button creates backend session
00:01 +30: /Users/jose/src/work/hydracamv2/test/master/master_network_snapshot_cache_test.dart: master server orders connected devices before disconnected history
Log registered: {message: Client a-stale-slave disconnected. Total clients: 0, timestamp: 2026-06-18 17:18:59.842277, function: null, file: null}
00:01 +31: /Users/jose/src/work/hydracamv2/test/master/master_screen_test.dart: start session button creates backend session
00:01 +31: /Users/jose/src/work/hydracamv2/test/master/master_network_snapshot_cache_test.dart: scheduled commands include master send time for slave clock offset
Log registered: {message: Scheduling command 'takePhoto' for 2026-06-08T20:35:05.000Z, timestamp: 2026-06-18 17:18:59.844199, function: null, file: null}
Log registered: {message: Scheduled command 'takePhoto' sent to slave with deviceId: slave-a., timestamp: 2026-06-18 17:18:59.844453, function: null, file: null}
00:01 +32: /Users/jose/src/work/hydracamv2/test/master/master_screen_test.dart: start session button creates backend session
00:01 +32: /Users/jose/src/work/hydracamv2/test/master/master_network_snapshot_cache_test.dart: scheduled command for missing slave does not broadcast
Log registered: {message: Scheduling command 'takePhoto' for 2026-06-09T02:20:00.000Z, timestamp: 2026-06-18 17:18:59.845858, function: null, file: null}
Log registered: {message: Scheduled command 'takePhoto' not sent. Slave missing-slave is not connected., timestamp: 2026-06-18 17:18:59.845974, function: null, file: null}
00:01 +32: /Users/jose/src/work/hydracamv2/test/master/master_media_sync_metadata_test.dart: incoming photo message carries syncMetadata into stored CapturedPhoto
Log registered: {message: UploaderService: Resetting upload queue and state., timestamp: 2026-06-18 17:18:59.844218, function: null, file: null}
00:01 +33: /Users/jose/src/work/hydracamv2/test/master/master_screen_test.dart: start session button creates backend session
00:01 +33: /Users/jose/src/work/hydracamv2/test/master/master_media_sync_metadata_test.dart: incoming photo message carries syncMetadata into stored CapturedPhoto
Log registered: {message: UploaderService: Reset completed., timestamp: 2026-06-18 17:18:59.846596, function: null, file: null}
00:01 +33: /Users/jose/src/work/hydracamv2/test/master/master_network_snapshot_cache_test.dart: scheduled broadcast sends to all eligible connected slaves
Log registered: {message: Scheduling command 'startRecordingVideo' for 2026-06-09T02:20:00.000Z, timestamp: 2026-06-18 17:18:59.847535, function: null, file: null}
00:01 +33: /Users/jose/src/work/hydracamv2/test/master/master_media_sync_metadata_test.dart: incoming photo message carries syncMetadata into stored CapturedPhoto
Log registered: {message: Session started with GUID: sync-photo-guid on device type: Master, timestamp: 2026-06-18 17:18:59.847520, function: null, file: null}
00:01 +33: /Users/jose/src/work/hydracamv2/test/master/master_network_snapshot_cache_test.dart: scheduled broadcast sends to all eligible connected slaves
Log registered: {message: Scheduled command 'startRecordingVideo' sent to 2 eligible connected slave(s)., timestamp: 2026-06-18 17:18:59.847734, function: null, file: null}
00:01 +34: /Users/jose/src/work/hydracamv2/test/master/master_screen_test.dart: start session button creates backend session
00:01 +34: /Users/jose/src/work/hydracamv2/test/master/master_media_sync_metadata_test.dart: incoming photo message carries syncMetadata into stored CapturedPhoto
Log registered: {message: Data received from slave: {type: photo, deviceId: slave-a, data: [255, 216, 255], captureDate: 2026-06-09T03:44:00.000Z, syncMetadata: {offsetMs: 42, minRoundTripMs: 8, uncertaintyMs: 3, confidence: green, sampleCount: 6, calibratedAt: 2026-06-09T03:40:00.000Z, calibrationAgeMs: 1200}}, timestamp: 2026-06-18 17:18:59.848969, function: null, file: null}
00:01 +34: /Users/jose/src/work/hydracamv2/test/master/master_network_snapshot_cache_test.dart: targeted command for missing slave does not broadcast
Log registered: {message: Sending command takePhoto, timestamp: 2026-06-18 17:18:59.849577, function: null, file: null}
00:01 +34: /Users/jose/src/work/hydracamv2/test/master/master_media_sync_metadata_test.dart: incoming photo message carries syncMetadata into stored CapturedPhoto
Log registered: {message: Save media locally, timestamp: 2026-06-18 17:18:59.849685, function: null, file: null}
00:01 +34: /Users/jose/src/work/hydracamv2/test/master/master_network_snapshot_cache_test.dart: targeted command for missing slave does not broadcast
Log registered: {message: Command 'takePhoto' not sent. Slave missing-slave is not connected., timestamp: 2026-06-18 17:18:59.849703, function: null, file: null}
00:01 +35: /Users/jose/src/work/hydracamv2/test/master/master_screen_test.dart: start session button creates backend session
00:01 +35: /Users/jose/src/work/hydracamv2/test/master/master_network_snapshot_cache_test.dart: targeted command only sends to the requested connected slave
Log registered: {message: Sending command takePhoto, timestamp: 2026-06-18 17:18:59.851746, function: null, file: null}
Log registered: {message: Command 'takePhoto' sent to slave with deviceId: slave-a., timestamp: 2026-06-18 17:18:59.851909, function: null, file: null}
00:01 +36: /Users/jose/src/work/hydracamv2/test/master/master_screen_test.dart: start session button creates backend session
00:01 +36: /Users/jose/src/work/hydracamv2/test/master/master_network_snapshot_cache_test.dart: broadcast command sends to all eligible connected slaves
Log registered: {message: Sending command stopRecordingVideo, timestamp: 2026-06-18 17:18:59.853926, function: null, file: null}
Log registered: {message: Command 'stopRecordingVideo' sent to 2 eligible connected slave(s)., timestamp: 2026-06-18 17:18:59.854083, function: null, file: null}
00:01 +37: /Users/jose/src/work/hydracamv2/test/master/master_screen_test.dart: start session button creates backend session
00:01 +37: /Users/jose/src/work/hydracamv2/test/master/master_network_snapshot_cache_test.dart: broadcast command skips slaves reporting a different session
Log registered: {message: UploaderService: Resetting upload queue and state., timestamp: 2026-06-18 17:18:59.855693, function: null, file: null}
Log registered: {message: UploaderService: Reset completed., timestamp: 2026-06-18 17:18:59.855788, function: null, file: null}
Log registered: {message: Session started with GUID: master-session-guid on device type: Master, timestamp: 2026-06-18 17:18:59.855852, function: null, file: null}
Log registered: {message: Sending command takePhoto, timestamp: 2026-06-18 17:18:59.856066, function: null, file: null}
Log registered: {message: Command 'takePhoto' skipped for slave stale-session-slave due to session mismatch., timestamp: 2026-06-18 17:18:59.856142, function: null, file: null}
Log registered: {message: Command 'takePhoto' sent to 1 eligible connected slave(s)., timestamp: 2026-06-18 17:18:59.856201, function: null, file: null}
Log registered: {message: Session metadata saved to /var/folders/6s/dp27g8gn26j9mp36sjfxb9tw0000gn/T/master_server_docsk4wd6O/session_master-session-guid/metadata.json, timestamp: 2026-06-18 17:18:59.857587, function: null, file: null}
Log registered: {message: UploaderService: Resetting upload queue and state., timestamp: 2026-06-18 17:18:59.857727, function: null, file: null}
Log registered: {message: UploaderService: Reset completed., timestamp: 2026-06-18 17:18:59.857785, function: null, file: null}
Log registered: {message: Session ended and uploader reset., timestamp: 2026-06-18 17:18:59.857830, function: null, file: null}
00:01 +38: /Users/jose/src/work/hydracamv2/test/master/master_screen_test.dart: start session button creates backend session
00:01 +38: /Users/jose/src/work/hydracamv2/test/master/master_media_sync_metadata_test.dart: incoming photo message carries syncMetadata into stored CapturedPhoto
Log registered: {message: Adding photo to upload queue: /var/folders/6s/dp27g8gn26j9mp36sjfxb9tw0000gn/T/master_media_sync_photo3qpSjX/session_sync-photo-guid/media_1770000000789.jpg, timestamp: 2026-06-18 17:18:59.859257, function: null, file: null}
00:01 +38: /Users/jose/src/work/hydracamv2/test/master/master_network_snapshot_cache_test.dart: master sends identify command and records ack diagnostics
Log registered: {message: Identify command sent to slave with deviceId: slave-a., timestamp: 2026-06-18 17:18:59.859602, function: null, file: null}
Log registered: {message: Data received from slave: {type: identifyAck, deviceId: slave-a, requestId: identify-test, timestamp: 2026-06-08T21:35:01.000Z, sessionGuid: slave-session-guid, network: {isWifiActive: true, ipAddress: 192.168.178.64, source: identify-ack-test}, sessionMedia: {photoCount: 2, videoCount: 1, pendingUploadCount: 1, uploadedCount: 2}}, timestamp: 2026-06-18 17:18:59.859843, function: null, file: null}
Log registered: {message: Received identify acknowledgement from slave-a, timestamp: 2026-06-18 17:18:59.860300, function: null, file: null}
00:01 +39: /Users/jose/src/work/hydracamv2/test/master/master_screen_test.dart: start session button creates backend session
00:01 +39: /Users/jose/src/work/hydracamv2/test/master/master_media_sync_metadata_test.dart: incoming photo message carries syncMetadata into stored CapturedPhoto
Log registered: {message: Session metadata saved to /var/folders/6s/dp27g8gn26j9mp36sjfxb9tw0000gn/T/master_server_docs8vGecb/session_sync-photo-guid/metadata.json, timestamp: 2026-06-18 17:18:59.861646, function: null, file: null}
00:01 +39: /Users/jose/src/work/hydracamv2/test/master/master_network_snapshot_cache_test.dart: identify command still reaches slaves reporting a different session
Log registered: {message: UploaderService: Resetting upload queue and state., timestamp: 2026-06-18 17:18:59.862271, function: null, file: null}
Log registered: {message: UploaderService: Reset completed., timestamp: 2026-06-18 17:18:59.862366, function: null, file: null}
Log registered: {message: Session started with GUID: master-session-guid on device type: Master, timestamp: 2026-06-18 17:18:59.862418, function: null, file: null}
00:01 +39: /Users/jose/src/work/hydracamv2/test/master/master_media_sync_metadata_test.dart: incoming photo message carries syncMetadata into stored CapturedPhoto
Log registered: {message: Sync sidecar saved to /var/folders/6s/dp27g8gn26j9mp36sjfxb9tw0000gn/T/master_media_sync_photo3qpSjX/session_sync-photo-guid/media_1770000000789.jpg.sync.json, timestamp: 2026-06-18 17:18:59.862559, function: null, file: null}
00:01 +39: /Users/jose/src/work/hydracamv2/test/master/master_network_snapshot_cache_test.dart: identify command still reaches slaves reporting a different session
Log registered: {message: Identify command sent to slave with deviceId: stale-session-slave., timestamp: 2026-06-18 17:18:59.862623, function: null, file: null}
00:01 +39: /Users/jose/src/work/hydracamv2/test/master/master_media_sync_metadata_test.dart: incoming photo message carries syncMetadata into stored CapturedPhoto
Log registered: {message: [UploaderService] No uploaded media with valid durations. Returning zero duration., timestamp: 2026-06-18 17:18:59.863463, function: null, file: null}
Log registered: {message: Media added to upload queue: /var/folders/6s/dp27g8gn26j9mp36sjfxb9tw0000gn/T/master_media_sync_photo3qpSjX/session_sync-photo-guid/media_1770000000789.jpg, timestamp: 2026-06-18 17:18:59.863652, function: null, file: null}
00:01 +39: /Users/jose/src/work/hydracamv2/test/master/master_network_snapshot_cache_test.dart: identify command still reaches slaves reporting a different session
Log registered: {message: Session metadata saved to /var/folders/6s/dp27g8gn26j9mp36sjfxb9tw0000gn/T/master_server_docsFCwA4i/session_master-session-guid/metadata.json, timestamp: 2026-06-18 17:18:59.864024, function: null, file: null}
Log registered: {message: UploaderService: Resetting upload queue and state., timestamp: 2026-06-18 17:18:59.864150, function: null, file: null}
Log registered: {message: UploaderService: Reset completed., timestamp: 2026-06-18 17:18:59.864200, function: null, file: null}
Log registered: {message: Session ended and uploader reset., timestamp: 2026-06-18 17:18:59.864241, function: null, file: null}
00:01 +40: /Users/jose/src/work/hydracamv2/test/master/master_screen_test.dart: start session button creates backend session
00:01 +40: /Users/jose/src/work/hydracamv2/test/master/master_media_sync_metadata_test.dart: incoming photo message carries syncMetadata into stored CapturedPhoto
Log registered: {message: Auto-upload is disabled. Media added to queue but not uploaded., timestamp: 2026-06-18 17:18:59.864586, function: null, file: null}
Log registered: {message: Photo from slave device (slave-a) received and stored at: /var/folders/6s/dp27g8gn26j9mp36sjfxb9tw0000gn/T/master_media_sync_photo3qpSjX/session_sync-photo-guid/media_1770000000789.jpg, timestamp: 2026-06-18 17:18:59.864694, function: null, file: null}
00:01 +40: /Users/jose/src/work/hydracamv2/test/master/master_network_snapshot_cache_test.dart: ending master session broadcasts the ended session guid
Log registered: {message: UploaderService: Resetting upload queue and state., timestamp: 2026-06-18 17:18:59.865773, function: null, file: null}
Log registered: {message: UploaderService: Reset completed., timestamp: 2026-06-18 17:18:59.865859, function: null, file: null}
Log registered: {message: Session started with GUID: master-session-guid on device type: Master, timestamp: 2026-06-18 17:18:59.865912, function: null, file: null}
Log registered: {message: Capture session with GUID: master-session-guid ended and stored in history., timestamp: 2026-06-18 17:18:59.866056, function: null, file: null}
Log registered: {message: Session metadata saved to /var/folders/6s/dp27g8gn26j9mp36sjfxb9tw0000gn/T/master_server_docs3ln3eX/session_master-session-guid/metadata.json, timestamp: 2026-06-18 17:18:59.867132, function: null, file: null}
Log registered: {message: UploaderService: Resetting upload queue and state., timestamp: 2026-06-18 17:18:59.867270, function: null, file: null}
Log registered: {message: UploaderService: Reset completed., timestamp: 2026-06-18 17:18:59.867336, function: null, file: null}
Log registered: {message: Session ended and uploader reset., timestamp: 2026-06-18 17:18:59.867390, function: null, file: null}
Log registered: {message: Command sent to 1 eligible connected slave(s): {"command":"sessionEnded","sessionGuid":"master-session-guid"}, timestamp: 2026-06-18 17:18:59.867487, function: null, file: null}
00:01 +41: /Users/jose/src/work/hydracamv2/test/master/master_screen_test.dart: start session button creates backend session
00:01 +41: /Users/jose/src/work/hydracamv2/test/master/master_media_sync_metadata_test.dart: incoming photo message carries syncMetadata into stored CapturedPhoto
Log registered: {message: Session metadata saved to /var/folders/6s/dp27g8gn26j9mp36sjfxb9tw0000gn/T/master_server_docs8vGecb/session_sync-photo-guid/metadata.json, timestamp: 2026-06-18 17:18:59.868893, function: null, file: null}
Log registered: {message: UploaderService: Resetting upload queue and state., timestamp: 2026-06-18 17:18:59.869022, function: null, file: null}
Log registered: {message: UploaderService: Reset completed., timestamp: 2026-06-18 17:18:59.869104, function: null, file: null}
Log registered: {message: Session ended and uploader reset., timestamp: 2026-06-18 17:18:59.869166, function: null, file: null}
00:01 +41: /Users/jose/src/work/hydracamv2/test/master/master_network_snapshot_cache_test.dart: pending identify becomes unavailable when the slave disconnects
Log registered: {message: Identify command sent to slave with deviceId: slave-a., timestamp: 2026-06-18 17:18:59.869225, function: null, file: null}
Log registered: {message: Client slave-a disconnected. Total clients: 0, timestamp: 2026-06-18 17:18:59.869313, function: null, file: null}
00:01 +42: /Users/jose/src/work/hydracamv2/test/master/master_screen_test.dart: start session button creates backend session
00:01 +43: /Users/jose/src/work/hydracamv2/test/master/master_screen_test.dart: start session button creates backend session
00:01 +44: /Users/jose/src/work/hydracamv2/test/master/master_screen_test.dart: start session button creates backend session
00:01 +44: /Users/jose/src/work/hydracamv2/test/master/master_media_sync_metadata_test.dart: incoming video message carries syncMetadata into stored CapturedVideo
Log registered: {message: UploaderService: Resetting upload queue and state., timestamp: 2026-06-18 17:18:59.870795, function: null, file: null}
Log registered: {message: UploaderService: Reset completed., timestamp: 2026-06-18 17:18:59.870889, function: null, file: null}
Log registered: {message: Session started with GUID: sync-video-guid on device type: Master, timestamp: 2026-06-18 17:18:59.870996, function: null, file: null}
Log registered: {message: Data received from slave: {type: video, deviceId: slave-a, data: [0, 0, 0, 24], startRecordingDate: 2026-06-09T03:44:00.000Z, endRecordingDate: 2026-06-09T03:45:00.000Z, syncMetadata: {offsetMs: 42, minRoundTripMs: 8, uncertaintyMs: 3, confidence: green, sampleCount: 6, calibratedAt: 2026-06-09T03:40:00.000Z, calibrationAgeMs: 1200}}, timestamp: 2026-06-18 17:18:59.871214, function: null, file: null}
Log registered: {message: Save media locally, timestamp: 2026-06-18 17:18:59.871305, function: null, file: null}
00:01 +44: /Users/jose/src/work/hydracamv2/test/master/master_screen_test.dart: start session button creates backend session
00:01 +44: /Users/jose/src/work/hydracamv2/test/master/master_media_sync_metadata_test.dart: incoming video message carries syncMetadata into stored CapturedVideo
Log registered: {message: Adding video to upload queue: /var/folders/6s/dp27g8gn26j9mp36sjfxb9tw0000gn/T/master_media_sync_videozyCbAC/session_sync-video-guid/media_1770000000789.mp4, timestamp: 2026-06-18 17:18:59.872760, function: null, file: null}
Log registered: {message: Session metadata saved to /var/folders/6s/dp27g8gn26j9mp36sjfxb9tw0000gn/T/master_server_docsgHODbU/session_sync-video-guid/metadata.json, timestamp: 2026-06-18 17:18:59.874155, function: null, file: null}
Log registered: {message: Sync sidecar saved to /var/folders/6s/dp27g8gn26j9mp36sjfxb9tw0000gn/T/master_media_sync_videozyCbAC/session_sync-video-guid/media_1770000000789.mp4.sync.json, timestamp: 2026-06-18 17:18:59.874795, function: null, file: null}
Log registered: {message: [UploaderService] No uploaded media with valid durations. Returning zero duration., timestamp: 2026-06-18 17:18:59.874931, function: null, file: null}
Log registered: {message: Media added to upload queue: /var/folders/6s/dp27g8gn26j9mp36sjfxb9tw0000gn/T/master_media_sync_videozyCbAC/session_sync-video-guid/media_1770000000789.mp4, timestamp: 2026-06-18 17:18:59.875077, function: null, file: null}
Log registered: {message: Auto-upload is disabled. Media added to queue but not uploaded., timestamp: 2026-06-18 17:18:59.875237, function: null, file: null}
Log registered: {message: Video from slave device (slave-a) received and stored at: /var/folders/6s/dp27g8gn26j9mp36sjfxb9tw0000gn/T/master_media_sync_videozyCbAC/session_sync-video-guid/media_1770000000789.mp4, timestamp: 2026-06-18 17:18:59.875307, function: null, file: null}
Log registered: {message: Session metadata saved to /var/folders/6s/dp27g8gn26j9mp36sjfxb9tw0000gn/T/master_server_docsgHODbU/session_sync-video-guid/metadata.json, timestamp: 2026-06-18 17:18:59.876601, function: null, file: null}
Log registered: {message: UploaderService: Resetting upload queue and state., timestamp: 2026-06-18 17:18:59.876733, function: null, file: null}
Log registered: {message: UploaderService: Reset completed., timestamp: 2026-06-18 17:18:59.876905, function: null, file: null}
Log registered: {message: Session ended and uploader reset., timestamp: 2026-06-18 17:18:59.876998, function: null, file: null}
00:01 +45: /Users/jose/src/work/hydracamv2/test/master/master_screen_test.dart: start session button creates backend session
00:01 +45: /Users/jose/src/work/hydracamv2/test/master/master_media_sync_metadata_test.dart: omitting syncMetadata leaves stored media syncMetadata null
Log registered: {message: UploaderService: Resetting upload queue and state., timestamp: 2026-06-18 17:18:59.878909, function: null, file: null}
Log registered: {message: UploaderService: Reset completed., timestamp: 2026-06-18 17:18:59.879022, function: null, file: null}
Log registered: {message: Session started with GUID: sync-absent-guid on device type: Master, timestamp: 2026-06-18 17:18:59.879111, function: null, file: null}
Log registered: {message: Data received from slave: {type: photo, deviceId: slave-a, data: [255, 216, 255], captureDate: 2026-06-09T03:44:00.000Z}, timestamp: 2026-06-18 17:18:59.879252, function: null, file: null}
Log registered: {message: Save media locally, timestamp: 2026-06-18 17:18:59.879353, function: null, file: null}
Log registered: {message: Adding photo to upload queue: /var/folders/6s/dp27g8gn26j9mp36sjfxb9tw0000gn/T/master_media_sync_absentcdKU0y/session_sync-absent-guid/media_1770000000789.jpg, timestamp: 2026-06-18 17:18:59.880331, function: null, file: null}
Log registered: {message: Session metadata saved to /var/folders/6s/dp27g8gn26j9mp36sjfxb9tw0000gn/T/master_server_docsirQWh8/session_sync-absent-guid/metadata.json, timestamp: 2026-06-18 17:18:59.881331, function: null, file: null}
Log registered: {message: [UploaderService] No uploaded media with valid durations. Returning zero duration., timestamp: 2026-06-18 17:18:59.881457, function: null, file: null}
Log registered: {message: Media added to upload queue: /var/folders/6s/dp27g8gn26j9mp36sjfxb9tw0000gn/T/master_media_sync_absentcdKU0y/session_sync-absent-guid/media_1770000000789.jpg, timestamp: 2026-06-18 17:18:59.881525, function: null, file: null}
Log registered: {message: Auto-upload is disabled. Media added to queue but not uploaded., timestamp: 2026-06-18 17:18:59.881764, function: null, file: null}
Log registered: {message: Photo from slave device (slave-a) received and stored at: /var/folders/6s/dp27g8gn26j9mp36sjfxb9tw0000gn/T/master_media_sync_absentcdKU0y/session_sync-absent-guid/media_1770000000789.jpg, timestamp: 2026-06-18 17:18:59.881897, function: null, file: null}
Log registered: {message: Session metadata saved to /var/folders/6s/dp27g8gn26j9mp36sjfxb9tw0000gn/T/master_server_docsirQWh8/session_sync-absent-guid/metadata.json, timestamp: 2026-06-18 17:18:59.883147, function: null, file: null}
Log registered: {message: UploaderService: Resetting upload queue and state., timestamp: 2026-06-18 17:18:59.883270, function: null, file: null}
Log registered: {message: UploaderService: Reset completed., timestamp: 2026-06-18 17:18:59.883345, function: null, file: null}
Log registered: {message: Session ended and uploader reset., timestamp: 2026-06-18 17:18:59.883398, function: null, file: null}
00:01 +46: /Users/jose/src/work/hydracamv2/test/master/master_screen_test.dart: start session button creates backend session
00:01 +46: /Users/jose/src/work/hydracamv2/test/slave/slave_client_time_sync_test.dart: slave calibrates its clock from the master's timeSyncResponse replies
Log registered: {message: Retrieved existing Device ID: test-device, timestamp: 2026-06-18 17:18:59.895303, function: null, file: null}
00:01 +46: /Users/jose/src/work/hydracamv2/test/master/master_screen_test.dart: start session button creates backend session
Log registered: {message: Get token, timestamp: 2026-06-18 17:18:59.898088, function: null, file: null}
00:01 +46: /Users/jose/src/work/hydracamv2/test/slave/slave_client_time_sync_test.dart: slave calibrates its clock from the master's timeSyncResponse replies
Log registered: {message: Attempting to connect to master WebSocket at ws://127.0.0.1:53661/ws with Device ID: test-device, timestamp: 2026-06-18 17:18:59.897711, function: null, file: null}
00:01 +46: /Users/jose/src/work/hydracamv2/test/master/master_screen_test.dart: start session button creates backend session
Log registered: {message: Session created successfully: HydraCamBackendSession(guid: master-screen-guid, sessionId: master-session-id, numericId: null), timestamp: 2026-06-18 17:18:59.908032, function: null, file: null}
Log registered: {message: Response to create session: HydraCamBackendSession(guid: master-screen-guid, sessionId: master-session-id, numericId: null), timestamp: 2026-06-18 17:18:59.908230, function: null, file: null}
Log registered: {message: UploaderService: Resetting upload queue and state., timestamp: 2026-06-18 17:18:59.908745, function: null, file: null}
Log registered: {message: UploaderService: Reset completed., timestamp: 2026-06-18 17:18:59.909056, function: null, file: null}
Log registered: {message: Session started with GUID: master-screen-guid on device type: Master, timestamp: 2026-06-18 17:18:59.909375, function: null, file: null}
00:01 +46: /Users/jose/src/work/hydracamv2/test/slave/slave_client_time_sync_test.dart: slave calibrates its clock from the master's timeSyncResponse replies
Log registered: {message: Could not read slave app version diagnostics: MissingPluginException(No implementation found for method getAll on channel dev.fluttercommunity.plus/package_info), timestamp: 2026-06-18 17:18:59.909746, function: null, file: null}
Trace file unavailable: MissingPluginException(No implementation found for method getApplicationDocumentsDirectory on channel plugins.flutter.io/path_provider)
00:01 +46: /Users/jose/src/work/hydracamv2/test/master/master_screen_test.dart: start session button creates backend session
Log registered: {message: Session already active with GUID: master-screen-guid. Preserving existing media on rejoin as Master., timestamp: 2026-06-18 17:18:59.910908, function: null, file: null}
Log registered: {message: New capture session started with GUID: master-screen-guid, timestamp: 2026-06-18 17:18:59.911026, function: null, file: null}
00:01 +46: /Users/jose/src/work/hydracamv2/test/slave/slave_client_time_sync_test.dart: slave calibrates its clock from the master's timeSyncResponse replies
Log registered: {message: Could not read slave hardware diagnostics: MissingPluginException(No implementation found for method getDeviceInfo on channel dev.fluttercommunity.plus/device_info), timestamp: 2026-06-18 17:18:59.911056, function: null, file: null}
00:01 +46: /Users/jose/src/work/hydracamv2/test/master/master_screen_test.dart: start session button creates backend session
Log registered: {message: Command sent to 0 eligible connected slave(s): {"command":"sessionStarted","sessionGuid":"master-screen-guid"}, timestamp: 2026-06-18 17:18:59.911240, function: null, file: null}
Log registered: {message: Session created with GUID: master-screen-guid, timestamp: 2026-06-18 17:18:59.911736, function: null, file: null}
00:01 +46: /Users/jose/src/work/hydracamv2/test/slave/slave_client_time_sync_test.dart: slave calibrates its clock from the master's timeSyncResponse replies
Log registered: {message: Connected to WebSocket at ws://127.0.0.1:53661/ws, timestamp: 2026-06-18 17:18:59.912912, function: null, file: null}
Log registered: {message: Clock synced to master: offset 0 ms, uncertainty 2 ms, RTT 4 ms, 8 samples, green., timestamp: 2026-06-18 17:18:59.921188, function: null, file: null}
Log registered: {message: Connection closed, timestamp: 2026-06-18 17:18:59.924083, function: null, file: null}
00:01 +47: /Users/jose/src/work/hydracamv2/test/master/master_screen_test.dart: start session button creates backend session
00:01 +47: /Users/jose/src/work/hydracamv2/test/slave/slave_client_time_sync_test.dart: malformed timeSyncResponse does not consume a pending sample
Log registered: {message: Retrieved existing Device ID: test-device, timestamp: 2026-06-18 17:18:59.930615, function: null, file: null}
Log registered: {message: Attempting to connect to master WebSocket at ws://127.0.0.1:53664/ws with Device ID: test-device, timestamp: 2026-06-18 17:18:59.930733, function: null, file: null}
Log registered: {message: Could not read slave app version diagnostics: MissingPluginException(No implementation found for method getAll on channel dev.fluttercommunity.plus/package_info), timestamp: 2026-06-18 17:18:59.932241, function: null, file: null}
Log registered: {message: Could not read slave hardware diagnostics: MissingPluginException(No implementation found for method getDeviceInfo on channel dev.fluttercommunity.plus/device_info), timestamp: 2026-06-18 17:18:59.933895, function: null, file: null}
Log registered: {message: Connected to WebSocket at ws://127.0.0.1:53664/ws, timestamp: 2026-06-18 17:18:59.934374, function: null, file: null}
00:01 +47: /Users/jose/src/work/hydracamv2/test/master/master_screen_test.dart: start session button creates backend session
Log registered: {message: WebSocket Server stopped, timestamp: 2026-06-18 17:18:59.966810, function: null, file: null}
Log registered: {message: Stopped broadcasting master discovery message., timestamp: 2026-06-18 17:18:59.967046, function: null, file: null}
Log registered: {message: Session metadata saved to /var/folders/6s/dp27g8gn26j9mp36sjfxb9tw0000gn/T/master_screen_docs2B3dGp/session_master-screen-guid/metadata.json, timestamp: 2026-06-18 17:18:59.975021, function: null, file: null}
Log registered: {message: UploaderService: Resetting upload queue and state., timestamp: 2026-06-18 17:18:59.975230, function: null, file: null}
Log registered: {message: UploaderService: Reset completed., timestamp: 2026-06-18 17:18:59.975343, function: null, file: null}
Log registered: {message: Session ended and uploader reset., timestamp: 2026-06-18 17:18:59.975398, function: null, file: null}
00:01 +48: /Users/jose/src/work/hydracamv2/test/slave/slave_client_time_sync_test.dart: malformed timeSyncResponse does not consume a pending sample
00:01 +48: /Users/jose/src/work/hydracamv2/test/slave/slave_client_registration_test.dart: slave registers before waiting for network payload
Log registered: {message: Retrieved existing Device ID: test-device, timestamp: 2026-06-18 17:19:00.006026, function: null, file: null}
Log registered: {message: Attempting to connect to master WebSocket at ws://127.0.0.1:53666/ws with Device ID: test-device, timestamp: 2026-06-18 17:19:00.008217, function: null, file: null}
00:01 +48: /Users/jose/src/work/hydracamv2/test/master/master_screen_test.dart: disposing master screen does not end active session
Log registered: {message: UploaderService: Resetting upload queue and state., timestamp: 2026-06-18 17:19:00.013353, function: null, file: null}
Log registered: {message: UploaderService: Reset completed., timestamp: 2026-06-18 17:19:00.013504, function: null, file: null}
Log registered: {message: Session started with GUID: dispose-contract-guid on device type: Master, timestamp: 2026-06-18 17:19:00.013569, function: null, file: null}
Log registered: {message: Session metadata saved to /var/folders/6s/dp27g8gn26j9mp36sjfxb9tw0000gn/T/master_screen_docsHYxvuN/session_dispose-contract-guid/metadata.json, timestamp: 2026-06-18 17:19:00.018523, function: null, file: null}
Log registered: {message: UploaderService: Resetting upload queue and state., timestamp: 2026-06-18 17:19:00.018693, function: null, file: null}
Log registered: {message: UploaderService: Reset completed., timestamp: 2026-06-18 17:19:00.018759, function: null, file: null}
Log registered: {message: Session ended and uploader reset., timestamp: 2026-06-18 17:19:00.018809, function: null, file: null}
00:01 +48: /Users/jose/src/work/hydracamv2/test/slave/slave_client_registration_test.dart: slave registers before waiting for network payload
Log registered: {message: Could not read slave app version diagnostics: MissingPluginException(No implementation found for method getAll on channel dev.fluttercommunity.plus/package_info), timestamp: 2026-06-18 17:19:00.020219, function: null, file: null}
00:01 +48: /Users/jose/src/work/hydracamv2/test/master/master_screen_test.dart: disposing master screen does not end active session
Log registered: {message: Error checking connectivity: MissingPluginException(No implementation found for method check on channel dev.fluttercommunity.plus/connectivity), timestamp: 2026-06-18 17:19:00.021031, function: null, file: null}
00:01 +48: /Users/jose/src/work/hydracamv2/test/slave/slave_client_registration_test.dart: slave registers before waiting for network payload
Trace file unavailable: MissingPluginException(No implementation found for method getApplicationDocumentsDirectory on channel plugins.flutter.io/path_provider)
Log registered: {message: Could not read slave hardware diagnostics: MissingPluginException(No implementation found for method getDeviceInfo on channel dev.fluttercommunity.plus/device_info), timestamp: 2026-06-18 17:19:00.022043, function: null, file: null}
00:01 +49: /Users/jose/src/work/hydracamv2/test/slave/slave_client_time_sync_test.dart: malformed timeSyncResponse does not consume a pending sample
00:01 +49: /Users/jose/src/work/hydracamv2/test/slave/slave_client_registration_test.dart: slave registers before waiting for network payload
Log registered: {message: Connected to WebSocket at ws://127.0.0.1:53666/ws, timestamp: 2026-06-18 17:19:00.024023, function: null, file: null}
Log registered: {message: Connection closed, timestamp: 2026-06-18 17:19:00.031389, function: null, file: null}
00:01 +50: /Users/jose/src/work/hydracamv2/test/slave/slave_client_time_sync_test.dart: malformed timeSyncResponse does not consume a pending sample
00:01 +50: /Users/jose/src/work/hydracamv2/test/slave/slave_client_registration_test.dart: slave registration includes app and hardware diagnostics
Log registered: {message: Retrieved existing Device ID: test-device, timestamp: 2026-06-18 17:19:00.038009, function: null, file: null}
Log registered: {message: Attempting to connect to master WebSocket at ws://127.0.0.1:53668/ws with Device ID: test-device, timestamp: 2026-06-18 17:19:00.038132, function: null, file: null}
Log registered: {message: Connected to WebSocket at ws://127.0.0.1:53668/ws, timestamp: 2026-06-18 17:19:00.038621, function: null, file: null}
Log registered: {message: Connection closed, timestamp: 2026-06-18 17:19:00.043137, function: null, file: null}
00:01 +51: /Users/jose/src/work/hydracamv2/test/slave/slave_client_time_sync_test.dart: malformed timeSyncResponse does not consume a pending sample
00:01 +51: /Users/jose/src/work/hydracamv2/test/slave/slave_client_registration_test.dart: slave heartbeat includes camera setup status when available
Log registered: {message: Retrieved existing Device ID: test-device, timestamp: 2026-06-18 17:19:00.046274, function: null, file: null}
Log registered: {message: Attempting to connect to master WebSocket at ws://127.0.0.1:53670/ws with Device ID: test-device, timestamp: 2026-06-18 17:19:00.046386, function: null, file: null}
Log registered: {message: Could not read slave app version diagnostics: MissingPluginException(No implementation found for method getAll on channel dev.fluttercommunity.plus/package_info), timestamp: 2026-06-18 17:19:00.047659, function: null, file: null}
Log registered: {message: Could not read slave hardware diagnostics: MissingPluginException(No implementation found for method getDeviceInfo on channel dev.fluttercommunity.plus/device_info), timestamp: 2026-06-18 17:19:00.049270, function: null, file: null}
Log registered: {message: Connected to WebSocket at ws://127.0.0.1:53670/ws, timestamp: 2026-06-18 17:19:00.049760, function: null, file: null}
Log registered: {message: Connection closed, timestamp: 2026-06-18 17:19:00.051580, function: null, file: null}
00:01 +52: /Users/jose/src/work/hydracamv2/test/slave/slave_client_time_sync_test.dart: malformed timeSyncResponse does not consume a pending sample
00:01 +52: /Users/jose/src/work/hydracamv2/test/slave/slave_client_registration_test.dart: slave heartbeat reports active session guid
Log registered: {message: UploaderService: Resetting upload queue and state., timestamp: 2026-06-18 17:19:00.057432, function: null, file: null}
Log registered: {message: UploaderService: Reset completed., timestamp: 2026-06-18 17:19:00.057902, function: null, file: null}
Log registered: {message: Session started with GUID: slave-session-guid on device type: Slave, timestamp: 2026-06-18 17:19:00.058171, function: null, file: null}
Log registered: {message: Adding photo to upload queue: /var/folders/6s/dp27g8gn26j9mp36sjfxb9tw0000gn/T/slave-heartbeatHRwDCU/photo.jpg, timestamp: 2026-06-18 17:19:00.061871, function: null, file: null}
Log registered: {message: Error saving session metadata: MissingPluginException(No implementation found for method getApplicationDocumentsDirectory on channel plugins.flutter.io/path_provider), timestamp: 2026-06-18 17:19:00.063241, function: null, file: null}
Log registered: {message: [UploaderService] No uploaded media with valid durations. Returning zero duration., timestamp: 2026-06-18 17:19:00.064151, function: null, file: null}
Log registered: {message: Media added to upload queue: /var/folders/6s/dp27g8gn26j9mp36sjfxb9tw0000gn/T/slave-heartbeatHRwDCU/photo.jpg, timestamp: 2026-06-18 17:19:00.064267, function: null, file: null}
Log registered: {message: Auto-upload is disabled. Media added to queue but not uploaded., timestamp: 2026-06-18 17:19:00.064510, function: null, file: null}
Log registered: {message: Retrieved existing Device ID: test-device, timestamp: 2026-06-18 17:19:00.064938, function: null, file: null}
Log registered: {message: Attempting to connect to master WebSocket at ws://127.0.0.1:53672/ws with Device ID: test-device, timestamp: 2026-06-18 17:19:00.065073, function: null, file: null}
Log registered: {message: Could not read slave app version diagnostics: MissingPluginException(No implementation found for method getAll on channel dev.fluttercommunity.plus/package_info), timestamp: 2026-06-18 17:19:00.066573, function: null, file: null}
Log registered: {message: Could not read slave hardware diagnostics: MissingPluginException(No implementation found for method getDeviceInfo on channel dev.fluttercommunity.plus/device_info), timestamp: 2026-06-18 17:19:00.068762, function: null, file: null}
Log registered: {message: Connected to WebSocket at ws://127.0.0.1:53672/ws, timestamp: 2026-06-18 17:19:00.069130, function: null, file: null}
Log registered: {message: Connection closed, timestamp: 2026-06-18 17:19:00.071095, function: null, file: null}
Log registered: {message: Error saving session metadata: MissingPluginException(No implementation found for method getApplicationDocumentsDirectory on channel plugins.flutter.io/path_provider), timestamp: 2026-06-18 17:19:00.072536, function: null, file: null}
Log registered: {message: UploaderService: Resetting upload queue and state., timestamp: 2026-06-18 17:19:00.072636, function: null, file: null}
Log registered: {message: UploaderService: Reset completed., timestamp: 2026-06-18 17:19:00.072707, function: null, file: null}
Log registered: {message: Session ended and uploader reset., timestamp: 2026-06-18 17:19:00.072758, function: null, file: null}
00:01 +53: /Users/jose/src/work/hydracamv2/test/slave/slave_client_time_sync_test.dart: malformed timeSyncResponse does not consume a pending sample
00:01 +53: /Users/jose/src/work/hydracamv2/test/slave/slave_client_registration_test.dart: noSession preserves an active slave session and upload queue
Log registered: {message: UploaderService: Resetting upload queue and state., timestamp: 2026-06-18 17:19:00.076424, function: null, file: null}
Log registered: {message: UploaderService: Reset completed., timestamp: 2026-06-18 17:19:00.076548, function: null, file: null}
Log registered: {message: UploaderService: Resetting upload queue and state., timestamp: 2026-06-18 17:19:00.076662, function: null, file: null}
Log registered: {message: UploaderService: Reset completed., timestamp: 2026-06-18 17:19:00.076714, function: null, file: null}
Log registered: {message: Session started with GUID: slave-active-session on device type: Slave, timestamp: 2026-06-18 17:19:00.076767, function: null, file: null}
Log registered: {message: [UploaderService] No uploaded media with valid durations. Returning zero duration., timestamp: 2026-06-18 17:19:00.077291, function: null, file: null}
Log registered: {message: Media added to upload queue: /var/folders/6s/dp27g8gn26j9mp36sjfxb9tw0000gn/T/slave_no_sessionZvvioF/queued-photo.jpg, timestamp: 2026-06-18 17:19:00.077357, function: null, file: null}
Log registered: {message: Auto-upload is disabled. Media added to queue but not uploaded., timestamp: 2026-06-18 17:19:00.077508, function: null, file: null}
Log registered: {message: Retrieved existing Device ID: test-device, timestamp: 2026-06-18 17:19:00.077868, function: null, file: null}
Log registered: {message: Attempting to connect to master WebSocket at ws://127.0.0.1:53674/ws with Device ID: test-device, timestamp: 2026-06-18 17:19:00.077931, function: null, file: null}
Log registered: {message: Could not read slave app version diagnostics: MissingPluginException(No implementation found for method getAll on channel dev.fluttercommunity.plus/package_info), timestamp: 2026-06-18 17:19:00.079741, function: null, file: null}
Log registered: {message: Could not read slave hardware diagnostics: MissingPluginException(No implementation found for method getDeviceInfo on channel dev.fluttercommunity.plus/device_info), timestamp: 2026-06-18 17:19:00.080977, function: null, file: null}
Log registered: {message: Connected to WebSocket at ws://127.0.0.1:53674/ws, timestamp: 2026-06-18 17:19:00.081301, function: null, file: null}
Log registered: {message: Command received from master: {"command":"noSession"}, timestamp: 2026-06-18 17:19:00.085246, function: null, file: null}
Log registered: {message: Master reported no active session; keeping active session slave-active-session until explicit sessionEnded., timestamp: 2026-06-18 17:19:00.085835, function: null, file: null}
Log registered: {message: Connection closed, timestamp: 2026-06-18 17:19:00.094058, function: null, file: null}
Log registered: {message: UploaderService: Resetting upload queue and state., timestamp: 2026-06-18 17:19:00.094394, function: null, file: null}
Log registered: {message: UploaderService: Reset completed., timestamp: 2026-06-18 17:19:00.094461, function: null, file: null}
Log registered: {message: Session metadata saved to /var/folders/6s/dp27g8gn26j9mp36sjfxb9tw0000gn/T/slave_client_docswgUXbq/session_slave-active-session/metadata.json, timestamp: 2026-06-18 17:19:00.095908, function: null, file: null}
Log registered: {message: UploaderService: Resetting upload queue and state., timestamp: 2026-06-18 17:19:00.096047, function: null, file: null}
Log registered: {message: UploaderService: Reset completed., timestamp: 2026-06-18 17:19:00.096104, function: null, file: null}
Log registered: {message: Session ended and uploader reset., timestamp: 2026-06-18 17:19:00.096153, function: null, file: null}
00:01 +54: /Users/jose/src/work/hydracamv2/test/slave/slave_client_time_sync_test.dart: malformed timeSyncResponse does not consume a pending sample
00:01 +54: /Users/jose/src/work/hydracamv2/test/slave/slave_client_registration_test.dart: noSession preserves an active slave session and upload queue
Trace persistence retry scheduled: PathNotFoundException: Cannot open file, path = '/var/folders/6s/dp27g8gn26j9mp36sjfxb9tw0000gn/T/slave_client_docswgUXbq/logs/hydracam-trace-2026-06-18T17-19-00-082820.ndjson' (OS Error: No such file or directory, errno = 2)
00:01 +55: /Users/jose/src/work/hydracamv2/test/slave/slave_client_time_sync_test.dart: malformed timeSyncResponse does not consume a pending sample
00:01 +55: /Users/jose/src/work/hydracamv2/test/slave/slave_client_registration_test.dart: conflicting sessionStatus preserves active slave session and queue
Log registered: {message: UploaderService: Resetting upload queue and state., timestamp: 2026-06-18 17:19:00.099481, function: null, file: null}
Log registered: {message: UploaderService: Reset completed., timestamp: 2026-06-18 17:19:00.099590, function: null, file: null}
Log registered: {message: UploaderService: Resetting upload queue and state., timestamp: 2026-06-18 17:19:00.099656, function: null, file: null}
Log registered: {message: UploaderService: Reset completed., timestamp: 2026-06-18 17:19:00.099762, function: null, file: null}
Log registered: {message: Session started with GUID: slave-active-session on device type: Slave, timestamp: 2026-06-18 17:19:00.099905, function: null, file: null}
Log registered: {message: [UploaderService] No uploaded media with valid durations. Returning zero duration., timestamp: 2026-06-18 17:19:00.100363, function: null, file: null}
Log registered: {message: Media added to upload queue: /var/folders/6s/dp27g8gn26j9mp36sjfxb9tw0000gn/T/slave_conflictYgnIO0/queued-photo.jpg, timestamp: 2026-06-18 17:19:00.100424, function: null, file: null}
Log registered: {message: Auto-upload is disabled. Media added to queue but not uploaded., timestamp: 2026-06-18 17:19:00.100569, function: null, file: null}
Log registered: {message: Retrieved existing Device ID: test-device, timestamp: 2026-06-18 17:19:00.101006, function: null, file: null}
Log registered: {message: Attempting to connect to master WebSocket at ws://127.0.0.1:53676/ws with Device ID: test-device, timestamp: 2026-06-18 17:19:00.101130, function: null, file: null}
Log registered: {message: Could not read slave app version diagnostics: MissingPluginException(No implementation found for method getAll on channel dev.fluttercommunity.plus/package_info), timestamp: 2026-06-18 17:19:00.102378, function: null, file: null}
00:01 +55: /Users/jose/src/work/hydracamv2/test/master/master_screen_test.dart: start uploads control tells slaves to upload queued media
Log registered: {message: UploaderService: Resetting upload queue and state., timestamp: 2026-06-18 17:19:00.102626, function: null, file: null}
Log registered: {message: UploaderService: Reset completed., timestamp: 2026-06-18 17:19:00.102750, function: null, file: null}
Log registered: {message: Session started with GUID: master-upload-control-guid on device type: Master, timestamp: 2026-06-18 17:19:00.102869, function: null, file: null}
00:01 +55: /Users/jose/src/work/hydracamv2/test/slave/slave_client_registration_test.dart: conflicting sessionStatus preserves active slave session and queue
Log registered: {message: Could not read slave hardware diagnostics: MissingPluginException(No implementation found for method getDeviceInfo on channel dev.fluttercommunity.plus/device_info), timestamp: 2026-06-18 17:19:00.103924, function: null, file: null}
Log registered: {message: Connected to WebSocket at ws://127.0.0.1:53676/ws, timestamp: 2026-06-18 17:19:00.104456, function: null, file: null}
Log registered: {message: Command received from master: {"command":"sessionStatus","sessionGuid":"master-other-session"}, timestamp: 2026-06-18 17:19:00.106187, function: null, file: null}
Log registered: {message: Command: {"command":"sessionStatus","sessionGuid":"master-other-session"}, timestamp: 2026-06-18 17:19:00.106295, function: null, file: null}
Log registered: {message: Session guid: master-other-session, timestamp: 2026-06-18 17:19:00.106369, function: null, file: null}
Log registered: {message: Master session conflict: keeping active session slave-active-session instead of joining master-other-session., timestamp: 2026-06-18 17:19:00.106534, function: null, file: null}
Log registered: {message: Connection closed, timestamp: 2026-06-18 17:19:00.117835, function: null, file: null}
Log registered: {message: UploaderService: Resetting upload queue and state., timestamp: 2026-06-18 17:19:00.118166, function: null, file: null}
Log registered: {message: UploaderService: Reset completed., timestamp: 2026-06-18 17:19:00.118229, function: null, file: null}
Log registered: {message: Session metadata saved to /var/folders/6s/dp27g8gn26j9mp36sjfxb9tw0000gn/T/slave_client_docs8LshDn/session_slave-active-session/metadata.json, timestamp: 2026-06-18 17:19:00.119667, function: null, file: null}
Log registered: {message: UploaderService: Resetting upload queue and state., timestamp: 2026-06-18 17:19:00.119819, function: null, file: null}
Log registered: {message: UploaderService: Reset completed., timestamp: 2026-06-18 17:19:00.119890, function: null, file: null}
Log registered: {message: Session ended and uploader reset., timestamp: 2026-06-18 17:19:00.119941, function: null, file: null}
00:01 +56: /Users/jose/src/work/hydracamv2/test/slave/slave_client_time_sync_test.dart: malformed timeSyncResponse does not consume a pending sample
00:01 +56: /Users/jose/src/work/hydracamv2/test/slave/slave_client_registration_test.dart: conflicting sessionStatus preserves active slave session and queue
Trace persistence retry scheduled: PathNotFoundException: Cannot open file, path = '/var/folders/6s/dp27g8gn26j9mp36sjfxb9tw0000gn/T/slave_client_docs8LshDn/logs/hydracam-trace-2026-06-18T17-19-00-106765.ndjson' (OS Error: No such file or directory, errno = 2)
00:01 +56: /Users/jose/src/work/hydracamv2/test/slave/slave_client_registration_test.dart: conflicting sessionEnded preserves active slave session and queue
Log registered: {message: UploaderService: Resetting upload queue and state., timestamp: 2026-06-18 17:19:00.122563, function: null, file: null}
Log registered: {message: UploaderService: Reset completed., timestamp: 2026-06-18 17:19:00.122642, function: null, file: null}
Log registered: {message: UploaderService: Resetting upload queue and state., timestamp: 2026-06-18 17:19:00.122701, function: null, file: null}
Log registered: {message: UploaderService: Reset completed., timestamp: 2026-06-18 17:19:00.122755, function: null, file: null}
Log registered: {message: Session started with GUID: slave-active-session on device type: Slave, timestamp: 2026-06-18 17:19:00.122795, function: null, file: null}
Log registered: {message: [UploaderService] No uploaded media with valid durations. Returning zero duration., timestamp: 2026-06-18 17:19:00.123223, function: null, file: null}
Log registered: {message: Media added to upload queue: /var/folders/6s/dp27g8gn26j9mp36sjfxb9tw0000gn/T/slave_end_conflictdnIiVR/queued-photo.jpg, timestamp: 2026-06-18 17:19:00.123289, function: null, file: null}
Log registered: {message: Auto-upload is disabled. Media added to queue but not uploaded., timestamp: 2026-06-18 17:19:00.123433, function: null, file: null}
Log registered: {message: Retrieved existing Device ID: test-device, timestamp: 2026-06-18 17:19:00.123764, function: null, file: null}
Log registered: {message: Attempting to connect to master WebSocket at ws://127.0.0.1:53678/ws with Device ID: test-device, timestamp: 2026-06-18 17:19:00.123929, function: null, file: null}
Log registered: {message: Could not read slave app version diagnostics: MissingPluginException(No implementation found for method getAll on channel dev.fluttercommunity.plus/package_info), timestamp: 2026-06-18 17:19:00.125351, function: null, file: null}
Log registered: {message: Could not read slave hardware diagnostics: MissingPluginException(No implementation found for method getDeviceInfo on channel dev.fluttercommunity.plus/device_info), timestamp: 2026-06-18 17:19:00.126560, function: null, file: null}
Log registered: {message: Connected to WebSocket at ws://127.0.0.1:53678/ws, timestamp: 2026-06-18 17:19:00.127073, function: null, file: null}
Log registered: {message: Command received from master: {"command":"sessionEnded","sessionGuid":"master-other-session"}, timestamp: 2026-06-18 17:19:00.128718, function: null, file: null}
Log registered: {message: Ignoring sessionEnded for master-other-session; active session slave-active-session kept., timestamp: 2026-06-18 17:19:00.128987, function: null, file: null}
00:01 +56: /Users/jose/src/work/hydracamv2/test/master/master_screen_test.dart: start uploads control tells slaves to upload queued media
Log registered: {message: No items in queue to upload., timestamp: 2026-06-18 17:19:00.139880, function: null, file: null}
00:01 +56: /Users/jose/src/work/hydracamv2/test/slave/slave_client_registration_test.dart: conflicting sessionEnded preserves active slave session and queue
Log registered: {message: Connection closed, timestamp: 2026-06-18 17:19:00.140254, function: null, file: null}
Log registered: {message: UploaderService: Resetting upload queue and state., timestamp: 2026-06-18 17:19:00.140573, function: null, file: null}
Log registered: {message: UploaderService: Reset completed., timestamp: 2026-06-18 17:19:00.140630, function: null, file: null}
Log registered: {message: Session metadata saved to /var/folders/6s/dp27g8gn26j9mp36sjfxb9tw0000gn/T/slave_client_docsMOA2VH/session_slave-active-session/metadata.json, timestamp: 2026-06-18 17:19:00.141883, function: null, file: null}
Log registered: {message: UploaderService: Resetting upload queue and state., timestamp: 2026-06-18 17:19:00.142009, function: null, file: null}
Log registered: {message: UploaderService: Reset completed., timestamp: 2026-06-18 17:19:00.142060, function: null, file: null}
Log registered: {message: Session ended and uploader reset., timestamp: 2026-06-18 17:19:00.142100, function: null, file: null}
00:01 +57: /Users/jose/src/work/hydracamv2/test/slave/slave_client_time_sync_test.dart: malformed timeSyncResponse does not consume a pending sample
00:01 +57: /Users/jose/src/work/hydracamv2/test/slave/slave_client_registration_test.dart: conflicting sessionEnded preserves active slave session and queue
Trace persistence retry scheduled: PathNotFoundException: Cannot open file, path = '/var/folders/6s/dp27g8gn26j9mp36sjfxb9tw0000gn/T/slave_client_docsMOA2VH/logs/hydracam-trace-2026-06-18T17-19-00-129302.ndjson' (OS Error: No such file or directory, errno = 2)
00:02 +57: /Users/jose/src/work/hydracamv2/test/slave/slave_client_registration_test.dart: auto-record starts recording when sessionStarted arrives
Log registered: {message: Retrieved existing Device ID: test-device, timestamp: 2026-06-18 17:19:00.146001, function: null, file: null}
Log registered: {message: Attempting to connect to master WebSocket at ws://127.0.0.1:53681/ws with Device ID: test-device, timestamp: 2026-06-18 17:19:00.146125, function: null, file: null}
Log registered: {message: Could not read slave app version diagnostics: MissingPluginException(No implementation found for method getAll on channel dev.fluttercommunity.plus/package_info), timestamp: 2026-06-18 17:19:00.147427, function: null, file: null}
Log registered: {message: Could not read slave hardware diagnostics: MissingPluginException(No implementation found for method getDeviceInfo on channel dev.fluttercommunity.plus/device_info), timestamp: 2026-06-18 17:19:00.148717, function: null, file: null}
Log registered: {message: Connected to WebSocket at ws://127.0.0.1:53681/ws, timestamp: 2026-06-18 17:19:00.149036, function: null, file: null}
Log registered: {message: Command received from master: {"command":"sessionStarted","sessionGuid":"auto-record-session"}, timestamp: 2026-06-18 17:19:00.150560, function: null, file: null}
Log registered: {message: Command: {"command":"sessionStarted","sessionGuid":"auto-record-session"}, timestamp: 2026-06-18 17:19:00.150727, function: null, file: null}
Log registered: {message: Session guid: auto-record-session, timestamp: 2026-06-18 17:19:00.150791, function: null, file: null}
Log registered: {message: UploaderService: Resetting upload queue and state., timestamp: 2026-06-18 17:19:00.150846, function: null, file: null}
Log registered: {message: UploaderService: Reset completed., timestamp: 2026-06-18 17:19:00.150892, function: null, file: null}
Log registered: {message: Session started with GUID: auto-record-session on device type: Slave, timestamp: 2026-06-18 17:19:00.150935, function: null, file: null}
00:02 +57: /Users/jose/src/work/hydracamv2/test/master/master_screen_test.dart: start uploads control tells slaves to upload queued media
Log registered: {message: Session metadata saved to /var/folders/6s/dp27g8gn26j9mp36sjfxb9tw0000gn/T/master_screen_docsTEF1q3/session_master-upload-control-guid/metadata.json, timestamp: 2026-06-18 17:19:00.150764, function: null, file: null}
Log registered: {message: UploaderService: Resetting upload queue and state., timestamp: 2026-06-18 17:19:00.150974, function: null, file: null}
Log registered: {message: UploaderService: Reset completed., timestamp: 2026-06-18 17:19:00.151072, function: null, file: null}
Log registered: {message: Session ended and uploader reset., timestamp: 2026-06-18 17:19:00.151125, function: null, file: null}
00:02 +57: /Users/jose/src/work/hydracamv2/test/slave/slave_client_registration_test.dart: auto-record starts recording when sessionStarted arrives
Log registered: {message: Get token, timestamp: 2026-06-18 17:19:00.151402, function: null, file: null}
00:02 +58: /Users/jose/src/work/hydracamv2/test/slave/slave_client_time_sync_test.dart: malformed timeSyncResponse does not consume a pending sample
00:02 +58: /Users/jose/src/work/hydracamv2/test/slave/slave_client_registration_test.dart: auto-record starts recording when sessionStarted arrives
Log registered: {message: Fetch token, timestamp: 2026-06-18 17:19:00.151626, function: null, file: null}
Log registered: {message: Auto-record starting recording for active session auto-record-session., timestamp: 2026-06-18 17:19:00.156770, function: null, file: null}
Log registered: {message: Starting video recording, timestamp: 2026-06-18 17:19:00.158150, function: null, file: null}
Log registered: {message: Mock camera ready for native controller mode on macOS., timestamp: 2026-06-18 17:19:00.158634, function: null, file: null}
Log registered: {message: Retrieved existing Device ID: test-device, timestamp: 2026-06-18 17:19:00.161147, function: null, file: null}
Log registered: {message: Mock video recording started for native controller mode., timestamp: 2026-06-18 17:19:00.161486, function: null, file: null}
Log registered: {message: Failed to fetch M2M token: , timestamp: 2026-06-18 17:19:00.162226, function: null, file: null}
Log registered: {message: Error on POST device/ReadyToTransmit: Exception: Failed to retrieve M2M token, timestamp: 2026-06-18 17:19:00.162461, function: null, file: null}
Log registered: {message: Failed to notify server: No response, timestamp: 2026-06-18 17:19:00.162528, function: null, file: null}
Log registered: {message: Connection closed, timestamp: 2026-06-18 17:19:00.162645, function: null, file: null}
Log registered: {message: Mock video saved to session path: /var/folders/6s/dp27g8gn26j9mp36sjfxb9tw0000gn/T/slave_client_docsTAZIPN/session_auto-record-session/mock_1_2026-06-18T17-19-00-163780.mp4, timestamp: 2026-06-18 17:19:00.166667, function: null, file: null}
Log registered: {message: Session metadata saved to /var/folders/6s/dp27g8gn26j9mp36sjfxb9tw0000gn/T/slave_client_docsTAZIPN/session_auto-record-session/metadata.json, timestamp: 2026-06-18 17:19:00.167462, function: null, file: null}
Log registered: {message: UploaderService: Resetting upload queue and state., timestamp: 2026-06-18 17:19:00.167558, function: null, file: null}
Log registered: {message: UploaderService: Reset completed., timestamp: 2026-06-18 17:19:00.167619, function: null, file: null}
Log registered: {message: Session ended and uploader reset., timestamp: 2026-06-18 17:19:00.167663, function: null, file: null}
00:02 +59: /Users/jose/src/work/hydracamv2/test/slave/slave_client_time_sync_test.dart: malformed timeSyncResponse does not consume a pending sample
00:02 +59: /Users/jose/src/work/hydracamv2/test/slave/slave_client_registration_test.dart: startUploadingAll command starts pending upload queue
Log registered: {message: UploaderService: Resetting upload queue and state., timestamp: 2026-06-18 17:19:00.169721, function: null, file: null}
Log registered: {message: UploaderService: Reset completed., timestamp: 2026-06-18 17:19:00.169846, function: null, file: null}
Log registered: {message: UploaderService: Resetting upload queue and state., timestamp: 2026-06-18 17:19:00.169991, function: null, file: null}
Log registered: {message: UploaderService: Reset completed., timestamp: 2026-06-18 17:19:00.170078, function: null, file: null}
Log registered: {message: Session started with GUID: backend-upload-session on device type: Slave, timestamp: 2026-06-18 17:19:00.170160, function: null, file: null}
Log registered: {message: [UploaderService] No uploaded media with valid durations. Returning zero duration., timestamp: 2026-06-18 17:19:00.170570, function: null, file: null}
Log registered: {message: Media added to upload queue: /var/folders/6s/dp27g8gn26j9mp36sjfxb9tw0000gn/T/slave_upload_commandB3fdWg/queued-photo.jpg, timestamp: 2026-06-18 17:19:00.170617, function: null, file: null}
Log registered: {message: Auto-upload is disabled. Media added to queue but not uploaded., timestamp: 2026-06-18 17:19:00.170742, function: null, file: null}
Log registered: {message: Retrieved existing Device ID: test-device, timestamp: 2026-06-18 17:19:00.171067, function: null, file: null}
Log registered: {message: Attempting to connect to master WebSocket at ws://127.0.0.1:53683/ws with Device ID: test-device, timestamp: 2026-06-18 17:19:00.171192, function: null, file: null}
Log registered: {message: Could not read slave app version diagnostics: MissingPluginException(No implementation found for method getAll on channel dev.fluttercommunity.plus/package_info), timestamp: 2026-06-18 17:19:00.172497, function: null, file: null}
Log registered: {message: Could not read slave hardware diagnostics: MissingPluginException(No implementation found for method getDeviceInfo on channel dev.fluttercommunity.plus/device_info), timestamp: 2026-06-18 17:19:00.173930, function: null, file: null}
Log registered: {message: Connected to WebSocket at ws://127.0.0.1:53683/ws, timestamp: 2026-06-18 17:19:00.174305, function: null, file: null}
Log registered: {message: Command received from master: {"command":"startUploadingAll"}, timestamp: 2026-06-18 17:19:00.176020, function: null, file: null}
Log registered: {message: Start-upload-all command received from master., timestamp: 2026-06-18 17:19:00.176382, function: null, file: null}
Log registered: {message: Manual upload initiated., timestamp: 2026-06-18 17:19:00.176528, function: null, file: null}
Log registered: {message: UploaderService: _startUploading called. _isUploading=false, queue length=1, timestamp: 2026-06-18 17:19:00.176715, function: null, file: null}
Log registered: {message: UploaderService: _processNextItem called. Queue length=1, timestamp: 2026-06-18 17:19:00.177165, function: null, file: null}
Log registered: {message: UploaderService: sessionGuid=backend-upload-session, timestamp: 2026-06-18 17:19:00.177309, function: null, file: null}
Log registered: {message: Upload file is not valid photo media: /var/folders/6s/dp27g8gn26j9mp36sjfxb9tw0000gn/T/slave_upload_commandB3fdWg/queued-photo.jpg, timestamp: 2026-06-18 17:19:00.179349, function: null, file: null}
Log registered: {message: Failed to upload media: /var/folders/6s/dp27g8gn26j9mp36sjfxb9tw0000gn/T/slave_upload_commandB3fdWg/queued-photo.jpg, timestamp: 2026-06-18 17:19:00.179514, function: null, file: null}
Log registered: {message: Session metadata saved to /var/folders/6s/dp27g8gn26j9mp36sjfxb9tw0000gn/T/slave_client_docsTAZIPN/session_backend-upload-session/metadata.json, timestamp: 2026-06-18 17:19:00.180370, function: null, file: null}
Log registered: {message: [UploaderService] Queue is empty. Returning zero duration., timestamp: 2026-06-18 17:19:00.180497, function: null, file: null}
Log registered: {message: UploaderService: _processNextItem called. Queue length=0, timestamp: 2026-06-18 17:19:00.180568, function: null, file: null}
Log registered: {message: UploaderService: Queue is empty. Uploading stopped., timestamp: 2026-06-18 17:19:00.180619, function: null, file: null}
Log registered: {message: Connection closed, timestamp: 2026-06-18 17:19:00.187461, function: null, file: null}
Log registered: {message: UploaderService: Resetting upload queue and state., timestamp: 2026-06-18 17:19:00.187770, function: null, file: null}
Log registered: {message: UploaderService: Reset completed., timestamp: 2026-06-18 17:19:00.187836, function: null, file: null}
Log registered: {message: Session metadata saved to /var/folders/6s/dp27g8gn26j9mp36sjfxb9tw0000gn/T/slave_client_docsTAZIPN/session_backend-upload-session/metadata.json, timestamp: 2026-06-18 17:19:00.189173, function: null, file: null}
Log registered: {message: UploaderService: Resetting upload queue and state., timestamp: 2026-06-18 17:19:00.189287, function: null, file: null}
Log registered: {message: UploaderService: Reset completed., timestamp: 2026-06-18 17:19:00.189337, function: null, file: null}
Log registered: {message: Session ended and uploader reset., timestamp: 2026-06-18 17:19:00.189376, function: null, file: null}
00:02 +60: /Users/jose/src/work/hydracamv2/test/slave/slave_client_time_sync_test.dart: malformed timeSyncResponse does not consume a pending sample
00:02 +60: /Users/jose/src/work/hydracamv2/test/master/master_screen_test.dart: recording start path opens master video preview
Log registered: {message: Get token, timestamp: 2026-06-18 17:19:00.190498, function: null, file: null}
00:02 +60: /Users/jose/src/work/hydracamv2/test/slave/slave_client_registration_test.dart: identifySlave command replies with identifyAck
Log registered: {message: UploaderService: Resetting upload queue and state., timestamp: 2026-06-18 17:19:00.191145, function: null, file: null}
Log registered: {message: UploaderService: Reset completed., timestamp: 2026-06-18 17:19:00.191245, function: null, file: null}
Log registered: {message: Session started with GUID: slave-session-guid on device type: Slave, timestamp: 2026-06-18 17:19:00.191301, function: null, file: null}
00:02 +60: /Users/jose/src/work/hydracamv2/test/master/master_screen_test.dart: recording start path opens master video preview
Log registered: {message: Session created successfully: HydraCamBackendSession(guid: recording-preview-guid, sessionId: recording-preview-id, numericId: null), timestamp: 2026-06-18 17:19:00.191239, function: null, file: null}
Log registered: {message: Response to create session: HydraCamBackendSession(guid: recording-preview-guid, sessionId: recording-preview-id, numericId: null), timestamp: 2026-06-18 17:19:00.191323, function: null, file: null}
Log registered: {message: UploaderService: Resetting upload queue and state., timestamp: 2026-06-18 17:19:00.191379, function: null, file: null}
Log registered: {message: UploaderService: Reset completed., timestamp: 2026-06-18 17:19:00.191426, function: null, file: null}
Log registered: {message: Session started with GUID: recording-preview-guid on device type: Master, timestamp: 2026-06-18 17:19:00.191469, function: null, file: null}
Log registered: {message: Session already active with GUID: recording-preview-guid. Preserving existing media on rejoin as Master., timestamp: 2026-06-18 17:19:00.191600, function: null, file: null}
Log registered: {message: New capture session started with GUID: recording-preview-guid, timestamp: 2026-06-18 17:19:00.191650, function: null, file: null}
00:02 +60: /Users/jose/src/work/hydracamv2/test/slave/slave_client_registration_test.dart: identifySlave command replies with identifyAck
Log registered: {message: Adding photo to upload queue: /var/folders/6s/dp27g8gn26j9mp36sjfxb9tw0000gn/T/slave-identifyaFWCgF/photo.jpg, timestamp: 2026-06-18 17:19:00.191673, function: null, file: null}
00:02 +60: /Users/jose/src/work/hydracamv2/test/master/master_screen_test.dart: recording start path opens master video preview
Log registered: {message: Command sent to 0 eligible connected slave(s): {"command":"sessionStarted","sessionGuid":"recording-preview-guid"}, timestamp: 2026-06-18 17:19:00.191701, function: null, file: null}
Log registered: {message: Session created with GUID: recording-preview-guid, timestamp: 2026-06-18 17:19:00.191753, function: null, file: null}
00:02 +60: /Users/jose/src/work/hydracamv2/test/slave/slave_client_registration_test.dart: identifySlave command replies with identifyAck
Log registered: {message: Session metadata saved to /var/folders/6s/dp27g8gn26j9mp36sjfxb9tw0000gn/T/slave_client_docsTAZIPN/session_slave-session-guid/metadata.json, timestamp: 2026-06-18 17:19:00.192366, function: null, file: null}
Log registered: {message: [UploaderService] No uploaded media with valid durations. Returning zero duration., timestamp: 2026-06-18 17:19:00.192453, function: null, file: null}
Log registered: {message: Media added to upload queue: /var/folders/6s/dp27g8gn26j9mp36sjfxb9tw0000gn/T/slave-identifyaFWCgF/photo.jpg, timestamp: 2026-06-18 17:19:00.192500, function: null, file: null}
Log registered: {message: Auto-upload is disabled. Media added to queue but not uploaded., timestamp: 2026-06-18 17:19:00.192611, function: null, file: null}
Log registered: {message: Retrieved existing Device ID: test-device, timestamp: 2026-06-18 17:19:00.192887, function: null, file: null}
Log registered: {message: Attempting to connect to master WebSocket at ws://127.0.0.1:53685/ws with Device ID: test-device, timestamp: 2026-06-18 17:19:00.192937, function: null, file: null}
Log registered: {message: Could not read slave app version diagnostics: MissingPluginException(No implementation found for method getAll on channel dev.fluttercommunity.plus/package_info), timestamp: 2026-06-18 17:19:00.194157, function: null, file: null}
Log registered: {message: Could not read slave hardware diagnostics: MissingPluginException(No implementation found for method getDeviceInfo on channel dev.fluttercommunity.plus/device_info), timestamp: 2026-06-18 17:19:00.195264, function: null, file: null}
Log registered: {message: Connected to WebSocket at ws://127.0.0.1:53685/ws, timestamp: 2026-06-18 17:19:00.195569, function: null, file: null}
Log registered: {message: Command received from master: {"command":"identifySlave","requestId":"identify-test"}, timestamp: 2026-06-18 17:19:00.196989, function: null, file: null}
Log registered: {message: Sent identifyAck notification to master, timestamp: 2026-06-18 17:19:00.197359, function: null, file: null}
Log registered: {message: Connection closed, timestamp: 2026-06-18 17:19:00.197630, function: null, file: null}
Log registered: {message: Session metadata saved to /var/folders/6s/dp27g8gn26j9mp36sjfxb9tw0000gn/T/slave_client_docsTAZIPN/session_slave-session-guid/metadata.json, timestamp: 2026-06-18 17:19:00.198663, function: null, file: null}
Log registered: {message: UploaderService: Resetting upload queue and state., timestamp: 2026-06-18 17:19:00.198745, function: null, file: null}
Log registered: {message: UploaderService: Reset completed., timestamp: 2026-06-18 17:19:00.198792, function: null, file: null}
Log registered: {message: Session ended and uploader reset., timestamp: 2026-06-18 17:19:00.198832, function: null, file: null}
00:02 +61: /Users/jose/src/work/hydracamv2/test/slave/slave_client_time_sync_test.dart: malformed timeSyncResponse does not consume a pending sample
00:02 +61: /Users/jose/src/work/hydracamv2/test/slave/slave_client_registration_test.dart: scheduled command applies master clock offset before countdown
Log registered: {message: Retrieved existing Device ID: test-device, timestamp: 2026-06-18 17:19:00.206316, function: null, file: null}
Log registered: {message: Attempting to connect to master WebSocket at ws://127.0.0.1:53687/ws with Device ID: test-device, timestamp: 2026-06-18 17:19:00.206455, function: null, file: null}
Log registered: {message: Could not read slave app version diagnostics: MissingPluginException(No implementation found for method getAll on channel dev.fluttercommunity.plus/package_info), timestamp: 2026-06-18 17:19:00.207878, function: null, file: null}
Log registered: {message: Could not read slave hardware diagnostics: MissingPluginException(No implementation found for method getDeviceInfo on channel dev.fluttercommunity.plus/device_info), timestamp: 2026-06-18 17:19:00.209274, function: null, file: null}
Log registered: {message: Connected to WebSocket at ws://127.0.0.1:53687/ws, timestamp: 2026-06-18 17:19:00.209587, function: null, file: null}
Log registered: {message: Command received from master: {"type":"scheduledCommand","command":"takePhoto","scheduledTime":"2026-06-08T20:35:05.000Z","masterTime":"2026-06-08T20:35:02.000Z"}, timestamp: 2026-06-18 17:19:00.210756, function: null, file: null}
Log registered: {message: Applied coarse fallback clock offset from master timestamp: 2000 ms., timestamp: 2026-06-18 17:19:00.211641, function: null, file: null}
Log registered: {message: Command 'takePhoto' scheduled for 2026-06-08 20:35:05.000Z., timestamp: 2026-06-18 17:19:00.211983, function: null, file: null}
Log registered: {message: Connection closed, timestamp: 2026-06-18 17:19:00.212480, function: null, file: null}
00:02 +62: /Users/jose/src/work/hydracamv2/test/slave/slave_client_time_sync_test.dart: malformed timeSyncResponse does not consume a pending sample
00:02 +62: /Users/jose/src/work/hydracamv2/test/master/master_screen_test.dart: recording start path opens master video preview
Log registered: {message: PRESSED TOGGLE RECORDING. IS RECORDING = false, timestamp: 2026-06-18 17:19:00.219551, function: null, file: null}
Log registered: {message: Mock camera ready for native controller mode on macOS., timestamp: 2026-06-18 17:19:00.220459, function: null, file: null}
00:02 +63: /Users/jose/src/work/hydracamv2/test/slave/slave_client_time_sync_test.dart: malformed timeSyncResponse does not consume a pending sample
00:02 +64: /Users/jose/src/work/hydracamv2/test/slave/slave_client_time_sync_test.dart: malformed timeSyncResponse does not consume a pending sample
00:02 +64: /Users/jose/src/work/hydracamv2/test/master/master_screen_test.dart: recording start path opens master video preview
Log registered: {message: Scheduling command 'startRecordingVideo' for 2026-06-18T17:19:00.343260, timestamp: 2026-06-18 17:19:00.345670, function: null, file: null}
Log registered: {message: No slave devices connected. Scheduled command 'startRecordingVideo' not sent., timestamp: 2026-06-18 17:19:00.345862, function: null, file: null}
Log registered: {message: Will record from master and show preview, timestamp: 2026-06-18 17:19:00.346429, function: null, file: null}
Log registered: {message: Mock camera ready for native controller mode on macOS., timestamp: 2026-06-18 17:19:00.346643, function: null, file: null}
Log registered: {message: Generated new Device ID: 0fb91e54-6bb9-4bb6-b41d-991c5b27420b, timestamp: 2026-06-18 17:19:00.348045, function: null, file: null}
Log registered: {message: Mock video recording started for native controller mode., timestamp: 2026-06-18 17:19:00.348755, function: null, file: null}
Log registered: {message: Command 'startRecordingVideo' finished executing by master at 2026-06-18 17:19:00.349380, timestamp: 2026-06-18 17:19:00.349389, function: null, file: null}
Log registered: {message: WebSocket Server stopped, timestamp: 2026-06-18 17:19:00.383851, function: null, file: null}
Log registered: {message: Stopped broadcasting master discovery message., timestamp: 2026-06-18 17:19:00.384066, function: null, file: null}
Log registered: {message: Session metadata saved to /var/folders/6s/dp27g8gn26j9mp36sjfxb9tw0000gn/T/master_screen_docszNGqJp/session_recording-preview-guid/metadata.json, timestamp: 2026-06-18 17:19:00.392201, function: null, file: null}
Log registered: {message: UploaderService: Resetting upload queue and state., timestamp: 2026-06-18 17:19:00.392339, function: null, file: null}
Log registered: {message: UploaderService: Reset completed., timestamp: 2026-06-18 17:19:00.392399, function: null, file: null}
Log registered: {message: Session ended and uploader reset., timestamp: 2026-06-18 17:19:00.392443, function: null, file: null}
00:02 +65: /Users/jose/src/work/hydracamv2/test/slave/slave_client_time_sync_test.dart: malformed timeSyncResponse does not consume a pending sample
00:02 +65: /Users/jose/src/work/hydracamv2/test/slave/slave_screen_fast_connect_test.dart: forced preferred master connects without network readiness probe
Log registered: {message: Skipping slave network readiness for forced preferred master 192.168.178.153., timestamp: 2026-06-18 17:19:00.439644, function: null, file: null}
Log registered: {message: Connecting to master at IP: 192.168.178.153, timestamp: 2026-06-18 17:19:00.441323, function: null, file: null}
00:02 +66: /Users/jose/src/work/hydracamv2/test/slave/slave_client_time_sync_test.dart: malformed timeSyncResponse does not consume a pending sample
00:02 +66: /Users/jose/src/work/hydracamv2/test/slave/slave_screen_fast_connect_test.dart: slave app bar opens uploader info directly
Log registered: {message: Skipping slave network readiness for forced preferred master 192.168.178.153., timestamp: 2026-06-18 17:19:00.720634, function: null, file: null}
Log registered: {message: Connecting to master at IP: 192.168.178.153, timestamp: 2026-06-18 17:19:00.720889, function: null, file: null}
00:02 +67: /Users/jose/src/work/hydracamv2/test/slave/slave_client_time_sync_test.dart: malformed timeSyncResponse does not consume a pending sample
00:02 +67: /Users/jose/src/work/hydracamv2/test/slave/slave_screen_fast_connect_test.dart: connectivity stream errors are logged without uncaught exception
Log registered: {message: Skipping slave network readiness for forced preferred master 192.168.178.153., timestamp: 2026-06-18 17:19:00.854054, function: null, file: null}
Log registered: {message: Connecting to master at IP: 192.168.178.153, timestamp: 2026-06-18 17:19:00.854182, function: null, file: null}
Log registered: {message: Connectivity change listener failed: SocketException: dbus unavailable
#0      main.<anonymous closure> (file:///Users/jose/src/work/hydracamv2/test/slave/slave_screen_fast_connect_test.dart:228:18)
<asynchronous suspension>
#1      testWidgets.<anonymous closure>.<anonymous closure> (package:flutter_test/src/widget_tester.dart:192:15)
<asynchronous suspension>
#2      TestWidgetsFlutterBinding._runTestBody (package:flutter_test/src/binding.dart:1952:5)
<asynchronous suspension>
#3      StackZoneSpecification._registerCallback.<anonymous closure> (package:stack_trace/src/stack_zone_specification.dart:114:42)
<asynchronous suspension>
, timestamp: 2026-06-18 17:19:00.869527, function: null, file: null}
00:02 +68: /Users/jose/src/work/hydracamv2/test/slave/slave_client_time_sync_test.dart: malformed timeSyncResponse does not consume a pending sample
00:02 +68: /Users/jose/src/work/hydracamv2/test/slave/slave_screen_fast_connect_test.dart: linux skips default connectivity stream subscription
Log registered: {message: Skipping connectivity change listener on linux; network readiness will be checked on demand., timestamp: 2026-06-18 17:19:00.899720, function: null, file: null}
Log registered: {message: Skipping slave network readiness for forced preferred master 192.168.178.153., timestamp: 2026-06-18 17:19:00.899884, function: null, file: null}
Log registered: {message: Connecting to master at IP: 192.168.178.153, timestamp: 2026-06-18 17:19:00.899994, function: null, file: null}
00:02 +69: /Users/jose/src/work/hydracamv2/test/slave/slave_client_time_sync_test.dart: malformed timeSyncResponse does not consume a pending sample
00:02 +69: /Users/jose/src/work/hydracamv2/test/slave/slave_screen_fast_connect_test.dart: recording slave surface exposes safe stop control
Log registered: {message: Skipping slave network readiness for forced preferred master 192.168.178.153., timestamp: 2026-06-18 17:19:00.956730, function: null, file: null}
Log registered: {message: Connecting to master at IP: 192.168.178.153, timestamp: 2026-06-18 17:19:00.956859, function: null, file: null}
00:02 +70: /Users/jose/src/work/hydracamv2/test/slave/slave_client_time_sync_test.dart: malformed timeSyncResponse does not consume a pending sample
00:02 +70: /Users/jose/src/work/hydracamv2/test/slave/slave_screen_fast_connect_test.dart: recording slave screen auto-off dims and tap wakes
Log registered: {message: Skipping slave network readiness for forced preferred master 192.168.178.153., timestamp: 2026-06-18 17:19:01.021015, function: null, file: null}
Log registered: {message: Connecting to master at IP: 192.168.178.153, timestamp: 2026-06-18 17:19:01.021148, function: null, file: null}
00:02 +71: /Users/jose/src/work/hydracamv2/test/slave/slave_client_time_sync_test.dart: malformed timeSyncResponse does not consume a pending sample
00:02 +71: /Users/jose/src/work/hydracamv2/test/slave/slave_screen_fast_connect_test.dart: identify command acknowledgement shows visible slave frame
Log registered: {message: Skipping slave network readiness for forced preferred master 192.168.178.153., timestamp: 2026-06-18 17:19:01.092069, function: null, file: null}
Log registered: {message: Connecting to master at IP: 192.168.178.153, timestamp: 2026-06-18 17:19:01.092236, function: null, file: null}
00:03 +72: /Users/jose/src/work/hydracamv2/test/slave/slave_client_time_sync_test.dart: malformed timeSyncResponse does not consume a pending sample
Log registered: {message: Clock synced to master: offset 11 ms, uncertainty 12 ms, RTT 24 ms, 1 samples, green., timestamp: 2026-06-18 17:19:02.940470, function: null, file: null}
Log registered: {message: Connection closed, timestamp: 2026-06-18 17:19:02.942659, function: null, file: null}
00:04 +73: All tests passed!
[exit-code] 0

$ flutter analyze --no-pub
Analyzing hydracamv2...
No issues found! (ran in 5.4s)
[exit-code] 0

$ git diff --check
[exit-code] 0

$ flutter test --no-pub
00:00 +0: loading /Users/jose/src/work/hydracamv2/test/l10n/app_localizations_test.dart
00:00 +0: /Users/jose/src/work/hydracamv2/test/platform_setup_test.dart: Platform Setup Tests iOS Podfile should exist and be valid
00:00 +1: /Users/jose/src/work/hydracamv2/test/platform_setup_test.dart: Platform Setup Tests Android build.gradle should exist
00:00 +2: /Users/jose/src/work/hydracamv2/test/platform_setup_test.dart: Platform Setup Tests Web index.html should exist
00:00 +3: /Users/jose/src/work/hydracamv2/test/l10n/app_localizations_test.dart: seeded translations use locale-native spelling
00:00 +4: /Users/jose/src/work/hydracamv2/test/integration/two_device_sync_capture_test.dart: (setUpAll)
00:00 +4: /Users/jose/src/work/hydracamv2/test/integration/two_device_sync_capture_test.dart: real MasterServer + real SlaveClient calibrate and persist syncMetadata through a master-driven takePhoto
Log registered: {message: WebSocket Server successfully started on port 4040, timestamp: 2026-06-18 17:19:11.839226, function: null, file: null}
00:00 +5: /Users/jose/src/work/hydracamv2/test/integration/two_device_sync_capture_test.dart: real MasterServer + real SlaveClient calibrate and persist syncMetadata through a master-driven takePhoto
00:00 +6: /Users/jose/src/work/hydracamv2/test/integration/two_device_sync_capture_test.dart: real MasterServer + real SlaveClient calibrate and persist syncMetadata through a master-driven takePhoto
00:00 +7: /Users/jose/src/work/hydracamv2/test/integration/two_device_sync_capture_test.dart: real MasterServer + real SlaveClient calibrate and persist syncMetadata through a master-driven takePhoto
00:00 +8: /Users/jose/src/work/hydracamv2/test/integration/two_device_sync_capture_test.dart: real MasterServer + real SlaveClient calibrate and persist syncMetadata through a master-driven takePhoto
00:00 +9: /Users/jose/src/work/hydracamv2/test/integration/two_device_sync_capture_test.dart: real MasterServer + real SlaveClient calibrate and persist syncMetadata through a master-driven takePhoto
00:00 +10: /Users/jose/src/work/hydracamv2/test/integration/two_device_sync_capture_test.dart: real MasterServer + real SlaveClient calibrate and persist syncMetadata through a master-driven takePhoto
00:00 +11: /Users/jose/src/work/hydracamv2/test/integration/two_device_sync_capture_test.dart: real MasterServer + real SlaveClient calibrate and persist syncMetadata through a master-driven takePhoto
Log registered: {message: UploaderService: Resetting upload queue and state., timestamp: 2026-06-18 17:19:11.850287, function: null, file: null}
00:00 +12: /Users/jose/src/work/hydracamv2/test/integration/two_device_sync_capture_test.dart: real MasterServer + real SlaveClient calibrate and persist syncMetadata through a master-driven takePhoto
Log registered: {message: UploaderService: Reset completed., timestamp: 2026-06-18 17:19:11.850868, function: null, file: null}
Log registered: {message: Session started with GUID: integration-sync-session on device type: Slave, timestamp: 2026-06-18 17:19:11.851168, function: null, file: null}
00:00 +13: /Users/jose/src/work/hydracamv2/test/integration/two_device_sync_capture_test.dart: real MasterServer + real SlaveClient calibrate and persist syncMetadata through a master-driven takePhoto
00:00 +14: /Users/jose/src/work/hydracamv2/test/integration/two_device_sync_capture_test.dart: real MasterServer + real SlaveClient calibrate and persist syncMetadata through a master-driven takePhoto
Log registered: {message: Retrieved existing Device ID: slave-integration, timestamp: 2026-06-18 17:19:11.854570, function: null, file: null}
Log registered: {message: Attempting to connect to master WebSocket at ws://127.0.0.1:53781/ws with Device ID: slave-integration, timestamp: 2026-06-18 17:19:11.854854, function: null, file: null}
Log registered: {message: New WebSocket client connected., timestamp: 2026-06-18 17:19:11.863568, function: null, file: null}
Log registered: {message: Could not read slave app version diagnostics: MissingPluginException(No implementation found for method getAll on channel dev.fluttercommunity.plus/package_info), timestamp: 2026-06-18 17:19:11.867418, function: null, file: null}
Log registered: {message: Could not read slave hardware diagnostics: MissingPluginException(No implementation found for method getDeviceInfo on channel dev.fluttercommunity.plus/device_info), timestamp: 2026-06-18 17:19:11.869696, function: null, file: null}
Log registered: {message: Connected to WebSocket at ws://127.0.0.1:53781/ws, timestamp: 2026-06-18 17:19:11.871510, function: null, file: null}
Log registered: {message: Data received from slave: {type: deviceId, deviceId: slave-integration, sessionGuid: integration-sync-session, setupStatus: {cameraPerspectiveId: unknown, cameraPerspectiveLabel: Unknown, isLevel: false, sensorAvailable: false}}, timestamp: 2026-06-18 17:19:11.874739, function: null, file: null}
Log registered: {message: Data received from slave: {type: getSessionStatus, deviceId: slave-integration}, timestamp: 2026-06-18 17:19:11.876663, function: null, file: null}
Log registered: {message: Received getSessionStatus from slave-integration, timestamp: 2026-06-18 17:19:11.876790, function: null, file: null}
Log registered: {message: Sent sessionStatus to slave-integration: {"command":"sessionStatus","sessionGuid":"integration-sync-session"}, timestamp: 2026-06-18 17:19:11.877287, function: null, file: null}
Log registered: {message: Data received from slave: {type: timeSyncRequest, deviceId: slave-integration, id: 1:0, t0: 2026-06-18T15:19:11.872058Z}, timestamp: 2026-06-18 17:19:11.877881, function: null, file: null}
Log registered: {message: Data received from slave: {type: timeSyncRequest, deviceId: slave-integration, id: 1:1, t0: 2026-06-18T15:19:11.872215Z}, timestamp: 2026-06-18 17:19:11.878208, function: null, file: null}
Log registered: {message: Data received from slave: {type: timeSyncRequest, deviceId: slave-integration, id: 1:2, t0: 2026-06-18T15:19:11.872264Z}, timestamp: 2026-06-18 17:19:11.878426, function: null, file: null}
Log registered: {message: Data received from slave: {type: timeSyncRequest, deviceId: slave-integration, id: 1:3, t0: 2026-06-18T15:19:11.872311Z}, timestamp: 2026-06-18 17:19:11.878623, function: null, file: null}
Log registered: {message: Data received from slave: {type: timeSyncRequest, deviceId: slave-integration, id: 1:4, t0: 2026-06-18T15:19:11.872353Z}, timestamp: 2026-06-18 17:19:11.878789, function: null, file: null}
Log registered: {message: Data received from slave: {type: timeSyncRequest, deviceId: slave-integration, id: 1:5, t0: 2026-06-18T15:19:11.872397Z}, timestamp: 2026-06-18 17:19:11.879010, function: null, file: null}
Log registered: {message: Data received from slave: {type: timeSyncRequest, deviceId: slave-integration, id: 1:6, t0: 2026-06-18T15:19:11.872436Z}, timestamp: 2026-06-18 17:19:11.879315, function: null, file: null}
Log registered: {message: Data received from slave: {type: timeSyncRequest, deviceId: slave-integration, id: 1:7, t0: 2026-06-18T15:19:11.872479Z}, timestamp: 2026-06-18 17:19:11.879492, function: null, file: null}
Log registered: {message: Data received from slave: {type: heartbeat, deviceId: slave-integration, sessionGuid: integration-sync-session, timestamp: 2026-06-18T17:19:11.873144, setupStatus: {cameraPerspectiveId: unknown, cameraPerspectiveLabel: Unknown, isLevel: false, sensorAvailable: false}, sessionMedia: {photoCount: 0, videoCount: 0, pendingUploadCount: 0, uploadedCount: 0}}, timestamp: 2026-06-18 17:19:11.879691, function: null, file: null}
Log registered: {message: Registered new slave with deviceId: slave-integration, timestamp: 2026-06-18 17:19:11.880318, function: null, file: null}
Log registered: {message: Sent sessionStatus to slave-integration: {"command":"sessionStatus","sessionGuid":"integration-sync-session"}, timestamp: 2026-06-18 17:19:11.880456, function: null, file: null}
Log registered: {message: Received heartbeat from slave-integration, timestamp: 2026-06-18 17:19:11.880581, function: null, file: null}
Log registered: {message: Command received from master: {"command":"sessionStatus","sessionGuid":"integration-sync-session"}, timestamp: 2026-06-18 17:19:11.882033, function: null, file: null}
Log registered: {message: Command: {"command":"sessionStatus","sessionGuid":"integration-sync-session"}, timestamp: 2026-06-18 17:19:11.882239, function: null, file: null}
Log registered: {message: Session guid: integration-sync-session, timestamp: 2026-06-18 17:19:11.882320, function: null, file: null}
Log registered: {message: Session already active with GUID: integration-sync-session. Preserving existing media on rejoin as Slave., timestamp: 2026-06-18 17:19:11.882527, function: null, file: null}
00:00 +14: /Users/jose/src/work/hydracamv2/test/platform/multi_device_orchestration_test.dart: Photo Scenarios Scenario P1: single slave burst populates queue and metadata
Log registered: {message: UploaderService: Resetting upload queue and state., timestamp: 2026-06-18 17:19:11.880660, function: null, file: null}
Log registered: {message: UploaderService: Reset completed., timestamp: 2026-06-18 17:19:11.882985, function: null, file: null}
00:00 +14: /Users/jose/src/work/hydracamv2/test/integration/two_device_sync_capture_test.dart: real MasterServer + real SlaveClient calibrate and persist syncMetadata through a master-driven takePhoto
Log registered: {message: Get token, timestamp: 2026-06-18 17:19:11.883053, function: null, file: null}
Log registered: {message: Fetch token, timestamp: 2026-06-18 17:19:11.883305, function: null, file: null}
00:00 +14: /Users/jose/src/work/hydracamv2/test/platform/multi_device_orchestration_test.dart: Photo Scenarios Scenario P1: single slave burst populates queue and metadata
Log registered: {message: UploaderService: Resetting upload queue and state., timestamp: 2026-06-18 17:19:11.885881, function: null, file: null}
Log registered: {message: UploaderService: Reset completed., timestamp: 2026-06-18 17:19:11.886024, function: null, file: null}
Log registered: {message: Session started with GUID: session_p1 on device type: Master, timestamp: 2026-06-18 17:19:11.886265, function: null, file: null}
Log registered: {message: Adding photo to upload queue: /var/folders/6s/dp27g8gn26j9mp36sjfxb9tw0000gn/T/hydracam_multi_device_mediaFgrvGV/p1-0.jpg, timestamp: 2026-06-18 17:19:11.889849, function: null, file: null}
00:00 +14: /Users/jose/src/work/hydracamv2/test/integration/two_device_sync_capture_test.dart: real MasterServer + real SlaveClient calibrate and persist syncMetadata through a master-driven takePhoto
Log registered: {message: Failed to fetch M2M token: , timestamp: 2026-06-18 17:19:11.892374, function: null, file: null}
Log registered: {message: Error on POST device/ReadyToTransmit: Exception: Failed to retrieve M2M token, timestamp: 2026-06-18 17:19:11.892738, function: null, file: null}
Log registered: {message: Failed to notify server: No response, timestamp: 2026-06-18 17:19:11.892845, function: null, file: null}
Log registered: {message: Clock synced to master: offset -2 ms, uncertainty 8 ms, RTT 16 ms, 8 samples, green., timestamp: 2026-06-18 17:19:11.894523, function: null, file: null}
Log registered: {message: Command received from master: {"command":"sessionStatus","sessionGuid":"integration-sync-session"}, timestamp: 2026-06-18 17:19:11.895729, function: null, file: null}
Log registered: {message: Command: {"command":"sessionStatus","sessionGuid":"integration-sync-session"}, timestamp: 2026-06-18 17:19:11.895891, function: null, file: null}
Log registered: {message: Session guid: integration-sync-session, timestamp: 2026-06-18 17:19:11.895981, function: null, file: null}
Log registered: {message: Session already active with GUID: integration-sync-session. Preserving existing media on rejoin as Slave., timestamp: 2026-06-18 17:19:11.896047, function: null, file: null}
Log registered: {message: Get token, timestamp: 2026-06-18 17:19:11.896114, function: null, file: null}
Log registered: {message: Fetch token, timestamp: 2026-06-18 17:19:11.896233, function: null, file: null}
00:00 +14: /Users/jose/src/work/hydracamv2/test/platform/multi_device_orchestration_test.dart: Photo Scenarios Scenario P1: single slave burst populates queue and metadata
Log registered: {message: Session metadata saved to /var/folders/6s/dp27g8gn26j9mp36sjfxb9tw0000gn/T/hydracam_multi_device_docsNwXr5j/session_session_p1/metadata.json, timestamp: 2026-06-18 17:19:11.896572, function: null, file: null}
00:00 +14: /Users/jose/src/work/hydracamv2/test/integration/two_device_sync_capture_test.dart: real MasterServer + real SlaveClient calibrate and persist syncMetadata through a master-driven takePhoto
Log registered: {message: Sending command takePhoto, timestamp: 2026-06-18 17:19:11.896897, function: null, file: null}
Log registered: {message: Command 'takePhoto' sent to slave with deviceId: slave-integration., timestamp: 2026-06-18 17:19:11.897291, function: null, file: null}
00:00 +14: /Users/jose/src/work/hydracamv2/test/platform/multi_device_orchestration_test.dart: Photo Scenarios Scenario P1: single slave burst populates queue and metadata
Log registered: {message: [UploaderService] No uploaded media with valid durations. Returning zero duration., timestamp: 2026-06-18 17:19:11.897590, function: null, file: null}
Log registered: {message: Media added to upload queue: /var/folders/6s/dp27g8gn26j9mp36sjfxb9tw0000gn/T/hydracam_multi_device_mediaFgrvGV/p1-0.jpg, timestamp: 2026-06-18 17:19:11.897735, function: null, file: null}
00:00 +14: /Users/jose/src/work/hydracamv2/test/integration/two_device_sync_capture_test.dart: real MasterServer + real SlaveClient calibrate and persist syncMetadata through a master-driven takePhoto
Log registered: {message: Failed to fetch M2M token: , timestamp: 2026-06-18 17:19:11.897821, function: null, file: null}
Log registered: {message: Error on POST device/ReadyToTransmit: Exception: Failed to retrieve M2M token, timestamp: 2026-06-18 17:19:11.898019, function: null, file: null}
Log registered: {message: Failed to notify server: No response, timestamp: 2026-06-18 17:19:11.898104, function: null, file: null}
00:00 +14: /Users/jose/src/work/hydracamv2/test/platform/multi_device_orchestration_test.dart: Photo Scenarios Scenario P1: single slave burst populates queue and metadata
Log registered: {message: Auto-upload is disabled. Media added to queue but not uploaded., timestamp: 2026-06-18 17:19:11.898644, function: null, file: null}
00:00 +14: /Users/jose/src/work/hydracamv2/test/integration/two_device_sync_capture_test.dart: real MasterServer + real SlaveClient calibrate and persist syncMetadata through a master-driven takePhoto
Log registered: {message: Command received from master: takePhoto, timestamp: 2026-06-18 17:19:11.898715, function: null, file: null}
00:00 +14: /Users/jose/src/work/hydracamv2/test/platform/multi_device_orchestration_test.dart: Photo Scenarios Scenario P1: single slave burst populates queue and metadata
Log registered: {message: Adding photo to upload queue: /var/folders/6s/dp27g8gn26j9mp36sjfxb9tw0000gn/T/hydracam_multi_device_mediaFgrvGV/p1-1.jpg, timestamp: 2026-06-18 17:19:11.899101, function: null, file: null}
Log registered: {message: Session metadata saved to /var/folders/6s/dp27g8gn26j9mp36sjfxb9tw0000gn/T/hydracam_multi_device_docsNwXr5j/session_session_p1/metadata.json, timestamp: 2026-06-18 17:19:11.899902, function: null, file: null}
00:00 +14: /Users/jose/src/work/hydracamv2/test/integration/two_device_sync_capture_test.dart: real MasterServer + real SlaveClient calibrate and persist syncMetadata through a master-driven takePhoto
Log registered: {message: Mock camera ready for native controller mode on macOS., timestamp: 2026-06-18 17:19:11.899964, function: null, file: null}
00:00 +14: /Users/jose/src/work/hydracamv2/test/platform/multi_device_orchestration_test.dart: Photo Scenarios Scenario P1: single slave burst populates queue and metadata
Log registered: {message: [UploaderService] No uploaded media with valid durations. Returning zero duration., timestamp: 2026-06-18 17:19:11.900179, function: null, file: null}
Log registered: {message: Media added to upload queue: /var/folders/6s/dp27g8gn26j9mp36sjfxb9tw0000gn/T/hydracam_multi_device_mediaFgrvGV/p1-1.jpg, timestamp: 2026-06-18 17:19:11.900281, function: null, file: null}
Log registered: {message: Auto-upload is disabled. Media added to queue but not uploaded., timestamp: 2026-06-18 17:19:11.900391, function: null, file: null}
Log registered: {message: Adding photo to upload queue: /var/folders/6s/dp27g8gn26j9mp36sjfxb9tw0000gn/T/hydracam_multi_device_mediaFgrvGV/p1-2.jpg, timestamp: 2026-06-18 17:19:11.900796, function: null, file: null}
00:00 +14: /Users/jose/src/work/hydracamv2/test/integration/two_device_sync_capture_test.dart: real MasterServer + real SlaveClient calibrate and persist syncMetadata through a master-driven takePhoto
Log registered: {message: Retrieved existing Device ID: slave-integration, timestamp: 2026-06-18 17:19:11.900700, function: null, file: null}
00:00 +14: /Users/jose/src/work/hydracamv2/test/platform/multi_device_orchestration_test.dart: Photo Scenarios Scenario P1: single slave burst populates queue and metadata
Log registered: {message: Session metadata saved to /var/folders/6s/dp27g8gn26j9mp36sjfxb9tw0000gn/T/hydracam_multi_device_docsNwXr5j/session_session_p1/metadata.json, timestamp: 2026-06-18 17:19:11.901446, function: null, file: null}
Log registered: {message: [UploaderService] No uploaded media with valid durations. Returning zero duration., timestamp: 2026-06-18 17:19:11.901546, function: null, file: null}
Log registered: {message: Media added to upload queue: /var/folders/6s/dp27g8gn26j9mp36sjfxb9tw0000gn/T/hydracam_multi_device_mediaFgrvGV/p1-2.jpg, timestamp: 2026-06-18 17:19:11.901640, function: null, file: null}
Log registered: {message: Auto-upload is disabled. Media added to queue but not uploaded., timestamp: 2026-06-18 17:19:11.901751, function: null, file: null}
00:00 +14: /Users/jose/src/work/hydracamv2/test/integration/two_device_sync_capture_test.dart: real MasterServer + real SlaveClient calibrate and persist syncMetadata through a master-driven takePhoto
Log registered: {message: Mock photo saved to session path: /var/folders/6s/dp27g8gn26j9mp36sjfxb9tw0000gn/T/two_device_sync_docsNcU1ZI/session_integration-sync-session/mock_1_2026-06-18T17-19-11-901718.jpg, timestamp: 2026-06-18 17:19:11.903164, function: null, file: null}
Log registered: {message: Retrieved existing Device ID: slave-integration, timestamp: 2026-06-18 17:19:11.903336, function: null, file: null}
Log registered: {message: Adding photo to upload queue: /var/folders/6s/dp27g8gn26j9mp36sjfxb9tw0000gn/T/two_device_sync_docsNcU1ZI/session_integration-sync-session/mock_1_2026-06-18T17-19-11-901718.jpg, timestamp: 2026-06-18 17:19:11.904107, function: null, file: null}
Log registered: {message: Session metadata saved to /var/folders/6s/dp27g8gn26j9mp36sjfxb9tw0000gn/T/two_device_sync_docsNcU1ZI/session_integration-sync-session/metadata.json, timestamp: 2026-06-18 17:19:11.907031, function: null, file: null}
Log registered: {message: Sync sidecar saved to /var/folders/6s/dp27g8gn26j9mp36sjfxb9tw0000gn/T/two_device_sync_docsNcU1ZI/session_integration-sync-session/mock_1_2026-06-18T17-19-11-901718.jpg.sync.json, timestamp: 2026-06-18 17:19:11.907932, function: null, file: null}
Log registered: {message: [UploaderService] No uploaded media with valid durations. Returning zero duration., timestamp: 2026-06-18 17:19:11.908772, function: null, file: null}
Log registered: {message: Media added to upload queue: /var/folders/6s/dp27g8gn26j9mp36sjfxb9tw0000gn/T/two_device_sync_docsNcU1ZI/session_integration-sync-session/mock_1_2026-06-18T17-19-11-901718.jpg, timestamp: 2026-06-18 17:19:11.908901, function: null, file: null}
Log registered: {message: Auto-upload is disabled. Media added to queue but not uploaded., timestamp: 2026-06-18 17:19:11.909034, function: null, file: null}
Log registered: {message: Connection closed, timestamp: 2026-06-18 17:19:11.925624, function: null, file: null}
Log registered: {message: WebSocket Server stopped, timestamp: 2026-06-18 17:19:11.927789, function: null, file: null}
00:00 +14: /Users/jose/src/work/hydracamv2/test/platform/multi_device_orchestration_test.dart: Photo Scenarios Scenario P1: single slave burst populates queue and metadata
Log registered: {message: UploaderService: Resetting upload queue and state., timestamp: 2026-06-18 17:19:11.928354, function: null, file: null}
Log registered: {message: UploaderService: Reset completed., timestamp: 2026-06-18 17:19:11.928609, function: null, file: null}
Log registered: {message: Session metadata saved to /var/folders/6s/dp27g8gn26j9mp36sjfxb9tw0000gn/T/hydracam_multi_device_docsNwXr5j/session_session_p1/metadata.json, timestamp: 2026-06-18 17:19:11.930622, function: null, file: null}
Log registered: {message: UploaderService: Resetting upload queue and state., timestamp: 2026-06-18 17:19:11.930790, function: null, file: null}
Log registered: {message: UploaderService: Reset completed., timestamp: 2026-06-18 17:19:11.930881, function: null, file: null}
Log registered: {message: Session ended and uploader reset., timestamp: 2026-06-18 17:19:11.930944, function: null, file: null}
00:00 +15: /Users/jose/src/work/hydracamv2/test/integration/two_device_sync_capture_test.dart: real MasterServer + real SlaveClient calibrate and persist syncMetadata through a master-driven takePhoto
Log registered: {message: Session metadata saved to /var/folders/6s/dp27g8gn26j9mp36sjfxb9tw0000gn/T/two_device_sync_docsNcU1ZI/session_integration-sync-session/metadata.json, timestamp: 2026-06-18 17:19:11.932913, function: null, file: null}
Log registered: {message: UploaderService: Resetting upload queue and state., timestamp: 2026-06-18 17:19:11.933087, function: null, file: null}
Log registered: {message: UploaderService: Reset completed., timestamp: 2026-06-18 17:19:11.933179, function: null, file: null}
Log registered: {message: Session ended and uploader reset., timestamp: 2026-06-18 17:19:11.933243, function: null, file: null}
00:00 +15: /Users/jose/src/work/hydracamv2/test/platform/multi_device_orchestration_test.dart: Photo Scenarios Scenario P2: two slaves contribute photos with unique device IDs
Log registered: {message: UploaderService: Resetting upload queue and state., timestamp: 2026-06-18 17:19:11.933316, function: null, file: null}
Log registered: {message: UploaderService: Reset completed., timestamp: 2026-06-18 17:19:11.933410, function: null, file: null}
Log registered: {message: UploaderService: Resetting upload queue and state., timestamp: 2026-06-18 17:19:11.933853, function: null, file: null}
Log registered: {message: UploaderService: Reset completed., timestamp: 2026-06-18 17:19:11.933926, function: null, file: null}
Log registered: {message: Session started with GUID: session_p2 on device type: Master, timestamp: 2026-06-18 17:19:11.933984, function: null, file: null}
00:00 +16: /Users/jose/src/work/hydracamv2/test/platform/multi_device_orchestration_test.dart: Photo Scenarios Scenario P2: two slaves contribute photos with unique device IDs
Log registered: {message: Adding photo to upload queue: /var/folders/6s/dp27g8gn26j9mp36sjfxb9tw0000gn/T/hydracam_multi_device_mediaDKRdP3/p2-a.jpg, timestamp: 2026-06-18 17:19:11.934346, function: null, file: null}
Log registered: {message: Session metadata saved to /var/folders/6s/dp27g8gn26j9mp36sjfxb9tw0000gn/T/hydracam_multi_device_docsbdRqcy/session_session_p2/metadata.json, timestamp: 2026-06-18 17:19:11.935565, function: null, file: null}
Log registered: {message: [UploaderService] No uploaded media with valid durations. Returning zero duration., timestamp: 2026-06-18 17:19:11.935704, function: null, file: null}
Log registered: {message: Media added to upload queue: /var/folders/6s/dp27g8gn26j9mp36sjfxb9tw0000gn/T/hydracam_multi_device_mediaDKRdP3/p2-a.jpg, timestamp: 2026-06-18 17:19:11.935772, function: null, file: null}
Log registered: {message: Auto-upload is disabled. Media added to queue but not uploaded., timestamp: 2026-06-18 17:19:11.935914, function: null, file: null}
Log registered: {message: Adding photo to upload queue: /var/folders/6s/dp27g8gn26j9mp36sjfxb9tw0000gn/T/hydracam_multi_device_mediaDKRdP3/p2-b.jpg, timestamp: 2026-06-18 17:19:11.936214, function: null, file: null}
Log registered: {message: Session metadata saved to /var/folders/6s/dp27g8gn26j9mp36sjfxb9tw0000gn/T/hydracam_multi_device_docsbdRqcy/session_session_p2/metadata.json, timestamp: 2026-06-18 17:19:11.937266, function: null, file: null}
Log registered: {message: [UploaderService] No uploaded media with valid durations. Returning zero duration., timestamp: 2026-06-18 17:19:11.937464, function: null, file: null}
Log registered: {message: Media added to upload queue: /var/folders/6s/dp27g8gn26j9mp36sjfxb9tw0000gn/T/hydracam_multi_device_mediaDKRdP3/p2-b.jpg, timestamp: 2026-06-18 17:19:11.937564, function: null, file: null}
Log registered: {message: Auto-upload is disabled. Media added to queue but not uploaded., timestamp: 2026-06-18 17:19:11.937668, function: null, file: null}
Log registered: {message: UploaderService: Resetting upload queue and state., timestamp: 2026-06-18 17:19:11.961099, function: null, file: null}
Log registered: {message: UploaderService: Reset completed., timestamp: 2026-06-18 17:19:11.961336, function: null, file: null}
Log registered: {message: Session metadata saved to /var/folders/6s/dp27g8gn26j9mp36sjfxb9tw0000gn/T/hydracam_multi_device_docsbdRqcy/session_session_p2/metadata.json, timestamp: 2026-06-18 17:19:11.962269, function: null, file: null}
Log registered: {message: UploaderService: Resetting upload queue and state., timestamp: 2026-06-18 17:19:11.962385, function: null, file: null}
Log registered: {message: UploaderService: Reset completed., timestamp: 2026-06-18 17:19:11.962448, function: null, file: null}
Log registered: {message: Session ended and uploader reset., timestamp: 2026-06-18 17:19:11.962506, function: null, file: null}
00:00 +17: /Users/jose/src/work/hydracamv2/test/platform/multi_device_orchestration_test.dart: Photo Scenarios Scenario P3: round-robin commands respect device order
Log registered: {message: UploaderService: Resetting upload queue and state., timestamp: 2026-06-18 17:19:11.964176, function: null, file: null}
Log registered: {message: UploaderService: Reset completed., timestamp: 2026-06-18 17:19:11.964269, function: null, file: null}
Log registered: {message: UploaderService: Resetting upload queue and state., timestamp: 2026-06-18 17:19:11.964704, function: null, file: null}
Log registered: {message: UploaderService: Reset completed., timestamp: 2026-06-18 17:19:11.964782, function: null, file: null}
Log registered: {message: Session started with GUID: session_p3 on device type: Master, timestamp: 2026-06-18 17:19:11.964837, function: null, file: null}
Log registered: {message: Adding photo to upload queue: /var/folders/6s/dp27g8gn26j9mp36sjfxb9tw0000gn/T/hydracam_multi_device_mediaFFDJfS/slave-A.jpg, timestamp: 2026-06-18 17:19:11.965189, function: null, file: null}
Log registered: {message: Session metadata saved to /var/folders/6s/dp27g8gn26j9mp36sjfxb9tw0000gn/T/hydracam_multi_device_docsgkfjXe/session_session_p3/metadata.json, timestamp: 2026-06-18 17:19:11.966122, function: null, file: null}
Log registered: {message: [UploaderService] No uploaded media with valid durations. Returning zero duration., timestamp: 2026-06-18 17:19:11.966233, function: null, file: null}
Log registered: {message: Media added to upload queue: /var/folders/6s/dp27g8gn26j9mp36sjfxb9tw0000gn/T/hydracam_multi_device_mediaFFDJfS/slave-A.jpg, timestamp: 2026-06-18 17:19:11.966318, function: null, file: null}
Log registered: {message: Auto-upload is disabled. Media added to queue but not uploaded., timestamp: 2026-06-18 17:19:11.966497, function: null, file: null}
Log registered: {message: Adding photo to upload queue: /var/folders/6s/dp27g8gn26j9mp36sjfxb9tw0000gn/T/hydracam_multi_device_mediaFFDJfS/slave-B.jpg, timestamp: 2026-06-18 17:19:11.966831, function: null, file: null}
Log registered: {message: Session metadata saved to /var/folders/6s/dp27g8gn26j9mp36sjfxb9tw0000gn/T/hydracam_multi_device_docsgkfjXe/session_session_p3/metadata.json, timestamp: 2026-06-18 17:19:11.967595, function: null, file: null}
Log registered: {message: [UploaderService] No uploaded media with valid durations. Returning zero duration., timestamp: 2026-06-18 17:19:11.967702, function: null, file: null}
Log registered: {message: Media added to upload queue: /var/folders/6s/dp27g8gn26j9mp36sjfxb9tw0000gn/T/hydracam_multi_device_mediaFFDJfS/slave-B.jpg, timestamp: 2026-06-18 17:19:11.967766, function: null, file: null}
Log registered: {message: Auto-upload is disabled. Media added to queue but not uploaded., timestamp: 2026-06-18 17:19:11.967844, function: null, file: null}
Log registered: {message: Adding photo to upload queue: /var/folders/6s/dp27g8gn26j9mp36sjfxb9tw0000gn/T/hydracam_multi_device_mediaFFDJfS/slave-C.jpg, timestamp: 2026-06-18 17:19:11.968124, function: null, file: null}
Log registered: {message: Session metadata saved to /var/folders/6s/dp27g8gn26j9mp36sjfxb9tw0000gn/T/hydracam_multi_device_docsgkfjXe/session_session_p3/metadata.json, timestamp: 2026-06-18 17:19:11.968823, function: null, file: null}
Log registered: {message: [UploaderService] No uploaded media with valid durations. Returning zero duration., timestamp: 2026-06-18 17:19:11.968955, function: null, file: null}
Log registered: {message: Media added to upload queue: /var/folders/6s/dp27g8gn26j9mp36sjfxb9tw0000gn/T/hydracam_multi_device_mediaFFDJfS/slave-C.jpg, timestamp: 2026-06-18 17:19:11.969033, function: null, file: null}
Log registered: {message: Auto-upload is disabled. Media added to queue but not uploaded., timestamp: 2026-06-18 17:19:11.969132, function: null, file: null}
Log registered: {message: Adding photo to upload queue: /var/folders/6s/dp27g8gn26j9mp36sjfxb9tw0000gn/T/hydracam_multi_device_mediaFFDJfS/slave-D.jpg, timestamp: 2026-06-18 17:19:11.969418, function: null, file: null}
Log registered: {message: Session metadata saved to /var/folders/6s/dp27g8gn26j9mp36sjfxb9tw0000gn/T/hydracam_multi_device_docsgkfjXe/session_session_p3/metadata.json, timestamp: 2026-06-18 17:19:11.970080, function: null, file: null}
Log registered: {message: [UploaderService] No uploaded media with valid durations. Returning zero duration., timestamp: 2026-06-18 17:19:11.970168, function: null, file: null}
Log registered: {message: Media added to upload queue: /var/folders/6s/dp27g8gn26j9mp36sjfxb9tw0000gn/T/hydracam_multi_device_mediaFFDJfS/slave-D.jpg, timestamp: 2026-06-18 17:19:11.970224, function: null, file: null}
Log registered: {message: Auto-upload is disabled. Media added to queue but not uploaded., timestamp: 2026-06-18 17:19:11.970297, function: null, file: null}
00:00 +18: /Users/jose/src/work/hydracamv2/test/platform/multi_device_orchestration_test.dart: Photo Scenarios Scenario P3: round-robin commands respect device order
00:00 +19: /Users/jose/src/work/hydracamv2/test/platform/multi_device_orchestration_test.dart: Photo Scenarios Scenario P3: round-robin commands respect device order
Log registered: {message: UploaderService: Resetting upload queue and state., timestamp: 2026-06-18 17:19:11.992905, function: null, file: null}
Log registered: {message: UploaderService: Reset completed., timestamp: 2026-06-18 17:19:11.993057, function: null, file: null}
Log registered: {message: Session metadata saved to /var/folders/6s/dp27g8gn26j9mp36sjfxb9tw0000gn/T/hydracam_multi_device_docsgkfjXe/session_session_p3/metadata.json, timestamp: 2026-06-18 17:19:11.993925, function: null, file: null}
Log registered: {message: UploaderService: Resetting upload queue and state., timestamp: 2026-06-18 17:19:11.994013, function: null, file: null}
Log registered: {message: UploaderService: Reset completed., timestamp: 2026-06-18 17:19:11.994079, function: null, file: null}
Log registered: {message: Session ended and uploader reset., timestamp: 2026-06-18 17:19:11.994124, function: null, file: null}
00:00 +20: /Users/jose/src/work/hydracamv2/test/models/capture_context_metadata_test.dart: MediaCaptureContext serializes perspective, level, camera, profile, and device metadata
00:00 +21: /Users/jose/src/work/hydracamv2/test/platform/multi_device_orchestration_test.dart: Photo Scenarios Scenario P4: master rotation resets session state
Log registered: {message: UploaderService: Resetting upload queue and state., timestamp: 2026-06-18 17:19:11.995854, function: null, file: null}
Log registered: {message: UploaderService: Reset completed., timestamp: 2026-06-18 17:19:11.995926, function: null, file: null}
Log registered: {message: UploaderService: Resetting upload queue and state., timestamp: 2026-06-18 17:19:11.996284, function: null, file: null}
Log registered: {message: UploaderService: Reset completed., timestamp: 2026-06-18 17:19:11.996349, function: null, file: null}
00:00 +22: /Users/jose/src/work/hydracamv2/test/platform/multi_device_orchestration_test.dart: Photo Scenarios Scenario P4: master rotation resets session state
Log registered: {message: Session started with GUID: session_p4_a on device type: Master, timestamp: 2026-06-18 17:19:11.996398, function: null, file: null}
Log registered: {message: Adding photo to upload queue: /var/folders/6s/dp27g8gn26j9mp36sjfxb9tw0000gn/T/hydracam_multi_device_mediaTyaB98/p4.jpg, timestamp: 2026-06-18 17:19:11.996663, function: null, file: null}
Log registered: {message: Session metadata saved to /var/folders/6s/dp27g8gn26j9mp36sjfxb9tw0000gn/T/hydracam_multi_device_docsBsvwZr/session_session_p4_a/metadata.json, timestamp: 2026-06-18 17:19:11.997471, function: null, file: null}
Log registered: {message: [UploaderService] No uploaded media with valid durations. Returning zero duration., timestamp: 2026-06-18 17:19:11.997633, function: null, file: null}
Log registered: {message: Media added to upload queue: /var/folders/6s/dp27g8gn26j9mp36sjfxb9tw0000gn/T/hydracam_multi_device_mediaTyaB98/p4.jpg, timestamp: 2026-06-18 17:19:11.997700, function: null, file: null}
Log registered: {message: Auto-upload is disabled. Media added to queue but not uploaded., timestamp: 2026-06-18 17:19:11.997786, function: null, file: null}
Log registered: {message: Session metadata saved to /var/folders/6s/dp27g8gn26j9mp36sjfxb9tw0000gn/T/hydracam_multi_device_docsBsvwZr/session_session_p4_a/metadata.json, timestamp: 2026-06-18 17:19:12.021713, function: null, file: null}
Log registered: {message: UploaderService: Resetting upload queue and state., timestamp: 2026-06-18 17:19:12.021888, function: null, file: null}
Log registered: {message: UploaderService: Reset completed., timestamp: 2026-06-18 17:19:12.021952, function: null, file: null}
Log registered: {message: Session ended and uploader reset., timestamp: 2026-06-18 17:19:12.022, function: null, file: null}
Log registered: {message: UploaderService: Resetting upload queue and state., timestamp: 2026-06-18 17:19:12.022049, function: null, file: null}
Log registered: {message: UploaderService: Reset completed., timestamp: 2026-06-18 17:19:12.022092, function: null, file: null}
Log registered: {message: UploaderService: Resetting upload queue and state., timestamp: 2026-06-18 17:19:12.022139, function: null, file: null}
Log registered: {message: UploaderService: Reset completed., timestamp: 2026-06-18 17:19:12.022182, function: null, file: null}
Log registered: {message: Session started with GUID: session_p4_b on device type: Master, timestamp: 2026-06-18 17:19:12.022276, function: null, file: null}
Log registered: {message: UploaderService: Resetting upload queue and state., timestamp: 2026-06-18 17:19:12.022686, function: null, file: null}
Log registered: {message: UploaderService: Reset completed., timestamp: 2026-06-18 17:19:12.022817, function: null, file: null}
Log registered: {message: Session metadata saved to /var/folders/6s/dp27g8gn26j9mp36sjfxb9tw0000gn/T/hydracam_multi_device_docsBsvwZr/session_session_p4_b/metadata.json, timestamp: 2026-06-18 17:19:12.023926, function: null, file: null}
Log registered: {message: UploaderService: Resetting upload queue and state., timestamp: 2026-06-18 17:19:12.024019, function: null, file: null}
Log registered: {message: UploaderService: Reset completed., timestamp: 2026-06-18 17:19:12.024071, function: null, file: null}
Log registered: {message: Session ended and uploader reset., timestamp: 2026-06-18 17:19:12.024121, function: null, file: null}
00:00 +23: /Users/jose/src/work/hydracamv2/test/platform/multi_device_orchestration_test.dart: Video Scenarios Scenario V1: single slave video stored in session
Log registered: {message: UploaderService: Resetting upload queue and state., timestamp: 2026-06-18 17:19:12.025777, function: null, file: null}
Log registered: {message: UploaderService: Reset completed., timestamp: 2026-06-18 17:19:12.025864, function: null, file: null}
Log registered: {message: UploaderService: Resetting upload queue and state., timestamp: 2026-06-18 17:19:12.026266, function: null, file: null}
Log registered: {message: UploaderService: Reset completed., timestamp: 2026-06-18 17:19:12.026352, function: null, file: null}
Log registered: {message: Session started with GUID: session_v1 on device type: Master, timestamp: 2026-06-18 17:19:12.026418, function: null, file: null}
Log registered: {message: Adding video to upload queue: /var/folders/6s/dp27g8gn26j9mp36sjfxb9tw0000gn/T/hydracam_multi_device_mediaj9Htdc/v1.mp4, timestamp: 2026-06-18 17:19:12.027359, function: null, file: null}
Log registered: {message: Session metadata saved to /var/folders/6s/dp27g8gn26j9mp36sjfxb9tw0000gn/T/hydracam_multi_device_docso6JGfR/session_session_v1/metadata.json, timestamp: 2026-06-18 17:19:12.028478, function: null, file: null}
Log registered: {message: [UploaderService] No uploaded media with valid durations. Returning zero duration., timestamp: 2026-06-18 17:19:12.028640, function: null, file: null}
Log registered: {message: Media added to upload queue: /var/folders/6s/dp27g8gn26j9mp36sjfxb9tw0000gn/T/hydracam_multi_device_mediaj9Htdc/v1.mp4, timestamp: 2026-06-18 17:19:12.028744, function: null, file: null}
Log registered: {message: Auto-upload is disabled. Media added to queue but not uploaded., timestamp: 2026-06-18 17:19:12.028826, function: null, file: null}
Log registered: {message: UploaderService: Resetting upload queue and state., timestamp: 2026-06-18 17:19:12.052145, function: null, file: null}
Log registered: {message: UploaderService: Reset completed., timestamp: 2026-06-18 17:19:12.052326, function: null, file: null}
Log registered: {message: Session metadata saved to /var/folders/6s/dp27g8gn26j9mp36sjfxb9tw0000gn/T/hydracam_multi_device_docso6JGfR/session_session_v1/metadata.json, timestamp: 2026-06-18 17:19:12.058941, function: null, file: null}
Log registered: {message: UploaderService: Resetting upload queue and state., timestamp: 2026-06-18 17:19:12.059090, function: null, file: null}
Log registered: {message: UploaderService: Reset completed., timestamp: 2026-06-18 17:19:12.059151, function: null, file: null}
Log registered: {message: Session ended and uploader reset., timestamp: 2026-06-18 17:19:12.059200, function: null, file: null}
00:00 +24: /Users/jose/src/work/hydracamv2/test/platform/multi_device_orchestration_test.dart: Video Scenarios Scenario V2: multiple slave videos persist metadata
Log registered: {message: UploaderService: Resetting upload queue and state., timestamp: 2026-06-18 17:19:12.061069, function: null, file: null}
Log registered: {message: UploaderService: Reset completed., timestamp: 2026-06-18 17:19:12.061184, function: null, file: null}
Log registered: {message: UploaderService: Resetting upload queue and state., timestamp: 2026-06-18 17:19:12.061616, function: null, file: null}
Log registered: {message: UploaderService: Reset completed., timestamp: 2026-06-18 17:19:12.061705, function: null, file: null}
Log registered: {message: Session started with GUID: session_v2 on device type: Master, timestamp: 2026-06-18 17:19:12.061760, function: null, file: null}
Log registered: {message: Adding video to upload queue: /var/folders/6s/dp27g8gn26j9mp36sjfxb9tw0000gn/T/hydracam_multi_device_media16As5r/v2-a.mp4, timestamp: 2026-06-18 17:19:12.062132, function: null, file: null}
Log registered: {message: Session metadata saved to /var/folders/6s/dp27g8gn26j9mp36sjfxb9tw0000gn/T/hydracam_multi_device_docsni4aFB/session_session_v2/metadata.json, timestamp: 2026-06-18 17:19:12.063817, function: null, file: null}
Log registered: {message: [UploaderService] No uploaded media with valid durations. Returning zero duration., timestamp: 2026-06-18 17:19:12.064069, function: null, file: null}
Log registered: {message: Media added to upload queue: /var/folders/6s/dp27g8gn26j9mp36sjfxb9tw0000gn/T/hydracam_multi_device_media16As5r/v2-a.mp4, timestamp: 2026-06-18 17:19:12.064181, function: null, file: null}
Log registered: {message: Auto-upload is disabled. Media added to queue but not uploaded., timestamp: 2026-06-18 17:19:12.064301, function: null, file: null}
Log registered: {message: Adding video to upload queue: /var/folders/6s/dp27g8gn26j9mp36sjfxb9tw0000gn/T/hydracam_multi_device_media16As5r/v2-b.mp4, timestamp: 2026-06-18 17:19:12.064734, function: null, file: null}
Log registered: {message: Session metadata saved to /var/folders/6s/dp27g8gn26j9mp36sjfxb9tw0000gn/T/hydracam_multi_device_docsni4aFB/session_session_v2/metadata.json, timestamp: 2026-06-18 17:19:12.065585, function: null, file: null}
Log registered: {message: [UploaderService] No uploaded media with valid durations. Returning zero duration., timestamp: 2026-06-18 17:19:12.065714, function: null, file: null}
Log registered: {message: Media added to upload queue: /var/folders/6s/dp27g8gn26j9mp36sjfxb9tw0000gn/T/hydracam_multi_device_media16As5r/v2-b.mp4, timestamp: 2026-06-18 17:19:12.065794, function: null, file: null}
Log registered: {message: Auto-upload is disabled. Media added to queue but not uploaded., timestamp: 2026-06-18 17:19:12.065933, function: null, file: null}
Log registered: {message: UploaderService: Resetting upload queue and state., timestamp: 2026-06-18 17:19:12.089757, function: null, file: null}
Log registered: {message: UploaderService: Reset completed., timestamp: 2026-06-18 17:19:12.089932, function: null, file: null}
Log registered: {message: Session metadata saved to /var/folders/6s/dp27g8gn26j9mp36sjfxb9tw0000gn/T/hydracam_multi_device_docsni4aFB/session_session_v2/metadata.json, timestamp: 2026-06-18 17:19:12.090734, function: null, file: null}
Log registered: {message: UploaderService: Resetting upload queue and state., timestamp: 2026-06-18 17:19:12.090852, function: null, file: null}
Log registered: {message: UploaderService: Reset completed., timestamp: 2026-06-18 17:19:12.090921, function: null, file: null}
Log registered: {message: Session ended and uploader reset., timestamp: 2026-06-18 17:19:12.091036, function: null, file: null}
00:00 +25: /Users/jose/src/work/hydracamv2/test/platform/multi_device_orchestration_test.dart: Video Scenarios Scenario V3: scheduled starts preserve offsets
Log registered: {message: UploaderService: Resetting upload queue and state., timestamp: 2026-06-18 17:19:12.092680, function: null, file: null}
Log registered: {message: UploaderService: Reset completed., timestamp: 2026-06-18 17:19:12.092750, function: null, file: null}
Log registered: {message: UploaderService: Resetting upload queue and state., timestamp: 2026-06-18 17:19:12.093175, function: null, file: null}
Log registered: {message: UploaderService: Reset completed., timestamp: 2026-06-18 17:19:12.093240, function: null, file: null}
Log registered: {message: Session started with GUID: session_v3 on device type: Master, timestamp: 2026-06-18 17:19:12.093296, function: null, file: null}
Log registered: {message: Adding video to upload queue: /var/folders/6s/dp27g8gn26j9mp36sjfxb9tw0000gn/T/hydracam_multi_device_media1nkyc5/v3-a.mp4, timestamp: 2026-06-18 17:19:12.093598, function: null, file: null}
Log registered: {message: Session metadata saved to /var/folders/6s/dp27g8gn26j9mp36sjfxb9tw0000gn/T/hydracam_multi_device_docsTIBt3H/session_session_v3/metadata.json, timestamp: 2026-06-18 17:19:12.094223, function: null, file: null}
Log registered: {message: [UploaderService] No uploaded media with valid durations. Returning zero duration., timestamp: 2026-06-18 17:19:12.094323, function: null, file: null}
Log registered: {message: Media added to upload queue: /var/folders/6s/dp27g8gn26j9mp36sjfxb9tw0000gn/T/hydracam_multi_device_media1nkyc5/v3-a.mp4, timestamp: 2026-06-18 17:19:12.094665, function: null, file: null}
Log registered: {message: Auto-upload is disabled. Media added to queue but not uploaded., timestamp: 2026-06-18 17:19:12.094738, function: null, file: null}
Log registered: {message: Adding video to upload queue: /var/folders/6s/dp27g8gn26j9mp36sjfxb9tw0000gn/T/hydracam_multi_device_media1nkyc5/v3-b.mp4, timestamp: 2026-06-18 17:19:12.095015, function: null, file: null}
Log registered: {message: Session metadata saved to /var/folders/6s/dp27g8gn26j9mp36sjfxb9tw0000gn/T/hydracam_multi_device_docsTIBt3H/session_session_v3/metadata.json, timestamp: 2026-06-18 17:19:12.095889, function: null, file: null}
Log registered: {message: [UploaderService] No uploaded media with valid durations. Returning zero duration., timestamp: 2026-06-18 17:19:12.096007, function: null, file: null}
Log registered: {message: Media added to upload queue: /var/folders/6s/dp27g8gn26j9mp36sjfxb9tw0000gn/T/hydracam_multi_device_media1nkyc5/v3-b.mp4, timestamp: 2026-06-18 17:19:12.096066, function: null, file: null}
Log registered: {message: Auto-upload is disabled. Media added to queue but not uploaded., timestamp: 2026-06-18 17:19:12.096137, function: null, file: null}
Log registered: {message: Adding video to upload queue: /var/folders/6s/dp27g8gn26j9mp36sjfxb9tw0000gn/T/hydracam_multi_device_media1nkyc5/v3-c.mp4, timestamp: 2026-06-18 17:19:12.096421, function: null, file: null}
Log registered: {message: Session metadata saved to /var/folders/6s/dp27g8gn26j9mp36sjfxb9tw0000gn/T/hydracam_multi_device_docsTIBt3H/session_session_v3/metadata.json, timestamp: 2026-06-18 17:19:12.097100, function: null, file: null}
Log registered: {message: [UploaderService] No uploaded media with valid durations. Returning zero duration., timestamp: 2026-06-18 17:19:12.097198, function: null, file: null}
Log registered: {message: Media added to upload queue: /var/folders/6s/dp27g8gn26j9mp36sjfxb9tw0000gn/T/hydracam_multi_device_media1nkyc5/v3-c.mp4, timestamp: 2026-06-18 17:19:12.097251, function: null, file: null}
Log registered: {message: Auto-upload is disabled. Media added to queue but not uploaded., timestamp: 2026-06-18 17:19:12.097319, function: null, file: null}
Log registered: {message: UploaderService: Resetting upload queue and state., timestamp: 2026-06-18 17:19:12.119228, function: null, file: null}
Log registered: {message: UploaderService: Reset completed., timestamp: 2026-06-18 17:19:12.119576, function: null, file: null}
Log registered: {message: Session metadata saved to /var/folders/6s/dp27g8gn26j9mp36sjfxb9tw0000gn/T/hydracam_multi_device_docsTIBt3H/session_session_v3/metadata.json, timestamp: 2026-06-18 17:19:12.120560, function: null, file: null}
Log registered: {message: UploaderService: Resetting upload queue and state., timestamp: 2026-06-18 17:19:12.120694, function: null, file: null}
Log registered: {message: UploaderService: Reset completed., timestamp: 2026-06-18 17:19:12.120747, function: null, file: null}
Log registered: {message: Session ended and uploader reset., timestamp: 2026-06-18 17:19:12.120791, function: null, file: null}
00:00 +26: /Users/jose/src/work/hydracamv2/test/platform/multi_device_orchestration_test.dart: (tearDownAll)
00:00 +26: /Users/jose/src/work/hydracamv2/test/models/capture_session_test.dart: preferred identifier uses session guid when available
00:00 +27: /Users/jose/src/work/hydracamv2/test/models/capture_session_test.dart: preferred identifier falls back to session id without guid
00:00 +28: /Users/jose/src/work/hydracamv2/test/models/capture_session_test.dart: preferred identifier falls back to session id for blank guid
00:00 +29: /Users/jose/src/work/hydracamv2/test/models/session_upload_state_test.dart: summarizes an empty session as not uploaded
00:00 +30: /Users/jose/src/work/hydracamv2/test/models/session_upload_state_test.dart: summarizes a session with no uploaded media as not uploaded
00:00 +31: /Users/jose/src/work/hydracamv2/test/models/session_upload_state_test.dart: summarizes a mixed session as partially uploaded
00:00 +32: /Users/jose/src/work/hydracamv2/test/models/session_upload_state_test.dart: summarizes a complete session as uploaded
00:01 +33: /Users/jose/src/work/hydracamv2/test/widget_test.dart: (setUpAll)
Log registered: {message: StorageService monitoring disabled - timer not started., timestamp: 2026-06-18 17:19:12.723935, function: null, file: null}
00:01 +33: /Users/jose/src/work/hydracamv2/test/widget_test.dart: HydraCamApp builds without crashing
Log registered: {message: Navigation decision: automationEnabled=false, config=null, automationMaster=false, automationStandby=false, automationSetupPreview=false, forceSlave=false, timestamp: 2026-06-18 17:19:12.859113, function: null, file: null}
Log registered: {message: Navigating to SlaveScreen(isAutoMode=true, preferredMasterIp=null, forceSlaveMode=false), timestamp: 2026-06-18 17:19:12.859477, function: null, file: null}
00:01 +33: /Users/jose/src/work/hydracamv2/test/screens/navigation_list_screens_test.dart: sports center and court lists use operational cards and badges
Log registered: {message: Get token, timestamp: 2026-06-18 17:19:13.193444, function: null, file: null}
00:01 +34: /Users/jose/src/work/hydracamv2/test/widget_test.dart: HydraCamApp builds without crashing
Log registered: {message: StorageService monitoring disabled - timer not started., timestamp: 2026-06-18 17:19:13.235605, function: null, file: null}
Log registered: {message: BatteryService monitoring disabled - timer not started., timestamp: 2026-06-18 17:19:13.236179, function: null, file: null}
00:01 +35: /Users/jose/src/work/hydracamv2/test/widget_test.dart: HydraCamApp builds without crashing
00:01 +36: /Users/jose/src/work/hydracamv2/test/screens/capture_settings_screen_test.dart: settings screen shows capture settings instead of camera quality
00:01 +36: /Users/jose/src/work/hydracamv2/test/widget_test.dart: (setUpAll)
Trace file unavailable: MissingPluginException(No implementation found for method getApplicationDocumentsDirectory on channel plugins.flutter.io/path_provider)
00:01 +36: /Users/jose/src/work/hydracamv2/test/widget_test.dart: automation screenshot boundary survives route replacement
Log registered: {message: Navigation decision: automationEnabled=false, config=null, automationMaster=false, automationStandby=false, automationSetupPreview=false, forceSlave=false, timestamp: 2026-06-18 17:19:13.274203, function: null, file: null}
Log registered: {message: Navigating to SlaveScreen(isAutoMode=true, preferredMasterIp=null, forceSlaveMode=false), timestamp: 2026-06-18 17:19:13.274490, function: null, file: null}
00:01 +37: /Users/jose/src/work/hydracamv2/test/screens/capture_settings_screen_test.dart: settings screen shows capture settings instead of camera quality
00:01 +37: /Users/jose/src/work/hydracamv2/test/screens/navigation_list_screens_test.dart: sports center and court lists use operational cards and badges
Log registered: {message: Parsed list (sportscenters): [{guid: sports-center-guid, name: Keepeyeonball Club, city: Berlin, numberOfCourts: 3}], timestamp: 2026-06-18 17:19:13.281459, function: null, file: null}
00:01 +37: /Users/jose/src/work/hydracamv2/test/widget_test.dart: automation screenshot boundary survives route replacement
Log registered: {message: StorageService monitoring disabled - timer not started., timestamp: 2026-06-18 17:19:13.309073, function: null, file: null}
Log registered: {message: BatteryService monitoring disabled - timer not started., timestamp: 2026-06-18 17:19:13.309296, function: null, file: null}
00:01 +37: /Users/jose/src/work/hydracamv2/test/screens/sessions_screen_test.dart: backend sessions list uses guid as primary session reference
Log registered: {message: Get token, timestamp: 2026-06-18 17:19:13.342806, function: null, file: null}
00:01 +37: /Users/jose/src/work/hydracamv2/test/screens/master_video_recording_screen_test.dart: recording preview exits when no recording is active and no controller exists
Log registered: {message: Closing recording preview because no recording is active., timestamp: 2026-06-18 17:19:13.345638, function: null, file: null}
00:01 +38: /Users/jose/src/work/hydracamv2/test/screens/capture_settings_screen_test.dart: settings screen shows capture settings instead of camera quality
00:01 +39: /Users/jose/src/work/hydracamv2/test/screens/capture_settings_screen_test.dart: settings screen shows capture settings instead of camera quality
00:01 +39: /Users/jose/src/work/hydracamv2/test/screens/session_details_screen_test.dart: load session action falls back to session id without guid
Log registered: {message: No metadata file found for session snapshot legacy-session-id, timestamp: 2026-06-18 17:19:13.408963, function: null, file: null}
00:01 +39: /Users/jose/src/work/hydracamv2/test/widget_test.dart: automation screenshot boundary survives route replacement
Log registered: {message: WebSocket Server stopped, timestamp: 2026-06-18 17:19:13.411590, function: null, file: null}
Log registered: {message: Stopped broadcasting master discovery message., timestamp: 2026-06-18 17:19:13.411942, function: null, file: null}
00:01 +40: /Users/jose/src/work/hydracamv2/test/screens/capture_settings_screen_test.dart: settings screen shows capture settings instead of camera quality
00:01 +41: /Users/jose/src/work/hydracamv2/test/screens/capture_settings_screen_test.dart: settings screen shows capture settings instead of camera quality
00:01 +41: /Users/jose/src/work/hydracamv2/test/screens/sessions_screen_test.dart: backend sessions list uses guid as primary session reference
Log registered: {message: Parsed list (sessions): [{guid: backend-session-guid, sessionId: legacy-session-id, startTime: 2026-06-09T01:00:00Z, endTime: 2026-06-09T02:00:00Z}], timestamp: 2026-06-18 17:19:13.426928, function: null, file: null}
00:01 +41: /Users/jose/src/work/hydracamv2/test/screens/navigation_list_screens_test.dart: sports center and court lists use operational cards and badges
Log registered: {message: Get token, timestamp: 2026-06-18 17:19:13.429112, function: null, file: null}
00:01 +42: /Users/jose/src/work/hydracamv2/test/screens/capture_settings_screen_test.dart: settings screen shows capture settings instead of camera quality
00:01 +42: /Users/jose/src/work/hydracamv2/test/screens/navigation_list_screens_test.dart: sports center and court lists use operational cards and badges
Log registered: {message: Parsed list (courts): [{guid: court-guid, name: Court A, location: Main hall}], timestamp: 2026-06-18 17:19:13.473411, function: null, file: null}
00:01 +43: /Users/jose/src/work/hydracamv2/test/screens/navigation_list_screens_test.dart: sports center and court lists use operational cards and badges
00:01 +44: /Users/jose/src/work/hydracamv2/test/screens/navigation_list_screens_test.dart: sports center and court lists use operational cards and badges
00:01 +45: /Users/jose/src/work/hydracamv2/test/screens/sessions_screen_test.dart: backend sessions list uses guid as primary session reference
00:01 +45: /Users/jose/src/work/hydracamv2/test/screens/navigation_list_screens_test.dart: court list fits compact width without overflow
Log registered: {message: Get token, timestamp: 2026-06-18 17:19:13.525825, function: null, file: null}
Log registered: {message: Parsed list (courts): [{guid: court-guid, name: A very long championship glass court name, location: Main hall near camera bridge}], timestamp: 2026-06-18 17:19:13.532896, function: null, file: null}
00:01 +45: /Users/jose/src/work/hydracamv2/test/screens/session_details_screen_test.dart: load session action can restore through storage identifier
Log registered: {message: Generated new Device ID: 22302213-9e73-4b0d-ab27-2e224219af6a, timestamp: 2026-06-18 17:19:13.537392, function: null, file: null}
Log registered: {message: Session metadata snapshot loaded for directory-reference-guid, timestamp: 2026-06-18 17:19:13.538733, function: null, file: null}
Log registered: {message: UploaderService: Resetting upload queue and state., timestamp: 2026-06-18 17:19:13.541223, function: null, file: null}
Log registered: {message: UploaderService: Reset completed., timestamp: 2026-06-18 17:19:13.541643, function: null, file: null}
Log registered: {message: Session started with GUID: backend-session-guid on device type: Master, timestamp: 2026-06-18 17:19:13.541772, function: null, file: null}
00:02 +46: /Users/jose/src/work/hydracamv2/test/screens/sessions_screen_test.dart: backend sessions list uses guid as primary session reference
00:02 +47: /Users/jose/src/work/hydracamv2/test/screens/login_screen_test.dart: desktop Auth0 login failure explains mobile-only support
00:02 +47: /Users/jose/src/work/hydracamv2/test/screens/capture_settings_screen_test.dart: settings screen exposes disabled auto-record toggle
Log registered: {message: Updated autoRecordMode value to true, timestamp: 2026-06-18 17:19:13.605518, function: null, file: null}
00:02 +47: /Users/jose/src/work/hydracamv2/test/screens/sessions_screen_test.dart: loading backend session reports guid as selected session
Log registered: {message: Get token, timestamp: 2026-06-18 17:19:13.624377, function: null, file: null}
Log registered: {message: Parsed list (sessions): [{guid: backend-session-guid, sessionId: legacy-session-id, startTime: 2026-06-09T01:00:00Z, endTime: 2026-06-09T02:00:00Z}], timestamp: 2026-06-18 17:19:13.633597, function: null, file: null}
00:02 +48: /Users/jose/src/work/hydracamv2/test/screens/login_screen_test.dart: desktop Auth0 login failure explains mobile-only support
00:02 +48: /Users/jose/src/work/hydracamv2/test/screens/session_details_screen_test.dart: load session action can restore through storage identifier
Log registered: {message: WebSocket Server successfully started on port 4040, timestamp: 2026-06-18 17:19:13.665427, function: null, file: null}
Log registered: {message: Error checking connectivity: MissingPluginException(No implementation found for method check on channel dev.fluttercommunity.plus/connectivity), timestamp: 2026-06-18 17:19:13.666807, function: null, file: null}
Log registered: {message: WebSocket Server stopped, timestamp: 2026-06-18 17:19:13.674876, function: null, file: null}
Log registered: {message: Stopped broadcasting master discovery message., timestamp: 2026-06-18 17:19:13.675196, function: null, file: null}
Log registered: {message: Session metadata saved to /var/folders/6s/dp27g8gn26j9mp36sjfxb9tw0000gn/T/session_details_screen_docscq7a8a/session_backend-session-guid/metadata.json, timestamp: 2026-06-18 17:19:13.681, function: null, file: null}
Log registered: {message: UploaderService: Resetting upload queue and state., timestamp: 2026-06-18 17:19:13.681327, function: null, file: null}
Log registered: {message: UploaderService: Reset completed., timestamp: 2026-06-18 17:19:13.681420, function: null, file: null}
Log registered: {message: Session ended and uploader reset., timestamp: 2026-06-18 17:19:13.681511, function: null, file: null}
00:02 +49: /Users/jose/src/work/hydracamv2/test/screens/login_screen_test.dart: desktop Auth0 login failure explains mobile-only support
00:02 +49: /Users/jose/src/work/hydracamv2/test/screens/sessions_screen_test.dart: loading backend session reports guid as selected session
Log registered: {message: Loading session: {guid: backend-session-guid, sessionId: legacy-session-id, startTime: 2026-06-09T01:00:00Z, endTime: 2026-06-09T02:00:00Z}, timestamp: 2026-06-18 17:19:13.688714, function: _loadSession, file: sessions_screen.dart}
Log registered: {message: UploaderService: Resetting upload queue and state., timestamp: 2026-06-18 17:19:13.689642, function: null, file: null}
Log registered: {message: UploaderService: Reset completed., timestamp: 2026-06-18 17:19:13.690033, function: null, file: null}
Log registered: {message: Session started with GUID: backend-session-guid on device type: Master, timestamp: 2026-06-18 17:19:13.690336, function: null, file: null}
00:02 +50: /Users/jose/src/work/hydracamv2/test/screens/login_screen_test.dart: desktop Auth0 login failure explains mobile-only support
Log registered: {message: Error during login: Unsupported operation: Auth0 interactive login is only supported on Android and iOS., timestamp: 2026-06-18 17:19:13.758185, function: null, file: null}
00:02 +51: /Users/jose/src/work/hydracamv2/test/screens/login_screen_test.dart: desktop Auth0 login failure explains mobile-only support
00:02 +51: /Users/jose/src/work/hydracamv2/test/screens/sessions_screen_test.dart: loading backend session reports guid as selected session
Log registered: {message: Session metadata saved to /var/folders/6s/dp27g8gn26j9mp36sjfxb9tw0000gn/T/sessions_screen_docsNx7GjI/session_backend-session-guid/metadata.json, timestamp: 2026-06-18 17:19:13.776515, function: null, file: null}
Log registered: {message: UploaderService: Resetting upload queue and state., timestamp: 2026-06-18 17:19:13.776802, function: null, file: null}
Log registered: {message: UploaderService: Reset completed., timestamp: 2026-06-18 17:19:13.776891, function: null, file: null}
Log registered: {message: Session ended and uploader reset., timestamp: 2026-06-18 17:19:13.776994, function: null, file: null}
00:02 +51: /Users/jose/src/work/hydracamv2/test/screens/session_details_screen_test.dart: upload confirm action reports missing restored metadata
Log registered: {message: No metadata file found for session snapshot missing-upload-guid, timestamp: 2026-06-18 17:19:13.777295, function: null, file: null}
00:02 +52: /Users/jose/src/work/hydracamv2/test/screens/login_screen_test.dart: desktop Auth0 login failure explains mobile-only support
00:02 +53: /Users/jose/src/work/hydracamv2/test/screens/login_screen_test.dart: desktop Auth0 login failure explains mobile-only support
00:02 +54: /Users/jose/src/work/hydracamv2/test/screens/login_screen_test.dart: desktop Auth0 login failure explains mobile-only support
00:02 +55: /Users/jose/src/work/hydracamv2/test/screens/capture_settings_screen_test.dart: settings language dropdown stores Polish override
00:02 +56: /Users/jose/src/work/hydracamv2/test/screens/capture_settings_screen_test.dart: settings language dropdown stores Polish override
00:02 +57: /Users/jose/src/work/hydracamv2/test/screens/capture_settings_screen_test.dart: settings language dropdown stores Polish override
Log registered: {message: Updated locale override to pl, timestamp: 2026-06-18 17:19:13.916554, function: null, file: null}
00:02 +58: /Users/jose/src/work/hydracamv2/test/screens/capture_settings_screen_test.dart: settings language dropdown stores Polish override
00:02 +59: /Users/jose/src/work/hydracamv2/test/screens/login_screen_test.dart: account deletion request dialog is available before login
00:02 +60: /Users/jose/src/work/hydracamv2/test/screens/login_screen_test.dart: account deletion dialog opens configured deletion URL
00:02 +61: /Users/jose/src/work/hydracamv2/test/screens/previous_sessions_screen_test.dart: stored media screen avoids local-session language
00:02 +62: /Users/jose/src/work/hydracamv2/test/screens/previous_sessions_screen_test.dart: stored media screen avoids local-session language
00:02 +63: /Users/jose/src/work/hydracamv2/test/screens/previous_sessions_screen_test.dart: stored media screen avoids local-session language
00:02 +63: /Users/jose/src/work/hydracamv2/test/screens/uploader_info_screen_test.dart: cancel action clears the current upload row
Log registered: {message: UploaderService: Resetting upload queue and state., timestamp: 2026-06-18 17:19:14.354293, function: null, file: null}
Log registered: {message: UploaderService: Reset completed., timestamp: 2026-06-18 17:19:14.356738, function: null, file: null}
00:02 +64: /Users/jose/src/work/hydracamv2/test/screens/uploader_info_screen_test.dart: cancel action clears the current upload row
00:02 +65: /Users/jose/src/work/hydracamv2/test/screens/uploader_info_screen_test.dart: cancel action clears the current upload row
Log registered: {message: UploaderService: Resetting upload queue and state., timestamp: 2026-06-18 17:19:14.474693, function: null, file: null}
Log registered: {message: UploaderService: Reset completed., timestamp: 2026-06-18 17:19:14.474987, function: null, file: null}
Log registered: {message: Session started with GUID: uploader-info-session-guid on device type: Slave, timestamp: 2026-06-18 17:19:14.475304, function: null, file: null}
00:03 +66: /Users/jose/src/work/hydracamv2/test/screens/uploader_info_screen_test.dart: cancel action clears the current upload row
00:03 +67: /Users/jose/src/work/hydracamv2/test/screens/uploader_info_screen_test.dart: cancel action clears the current upload row
00:03 +68: /Users/jose/src/work/hydracamv2/test/screens/uploader_info_screen_test.dart: cancel action clears the current upload row
00:03 +69: /Users/jose/src/work/hydracamv2/test/screens/uploader_info_screen_test.dart: cancel action clears the current upload row
00:03 +69: /Users/jose/src/work/hydracamv2/test/slave/slave_client_time_sync_test.dart: slave calibrates its clock from the master's timeSyncResponse replies
Log registered: {message: Retrieved existing Device ID: test-device, timestamp: 2026-06-18 17:19:14.632658, function: null, file: null}
Log registered: {message: Attempting to connect to master WebSocket at ws://127.0.0.1:53854/ws with Device ID: test-device, timestamp: 2026-06-18 17:19:14.634961, function: null, file: null}
00:03 +69: /Users/jose/src/work/hydracamv2/test/screens/previous_sessions_screen_test.dart: stored media list prefers metadata GUID over storage key
Log registered: {message: Generated new Device ID: 6d198430-3de0-432d-9258-f14991a4211f, timestamp: 2026-06-18 17:19:14.646620, function: null, file: null}
00:03 +69: /Users/jose/src/work/hydracamv2/test/slave/slave_client_time_sync_test.dart: slave calibrates its clock from the master's timeSyncResponse replies
Log registered: {message: Could not read slave app version diagnostics: MissingPluginException(No implementation found for method getAll on channel dev.fluttercommunity.plus/package_info), timestamp: 2026-06-18 17:19:14.648303, function: null, file: null}
Trace file unavailable: MissingPluginException(No implementation found for method getApplicationDocumentsDirectory on channel plugins.flutter.io/path_provider)
00:03 +69: /Users/jose/src/work/hydracamv2/test/screens/previous_sessions_screen_test.dart: stored media list prefers metadata GUID over storage key
Log registered: {message: Session metadata snapshot loaded for directory-reference-guid, timestamp: 2026-06-18 17:19:14.649779, function: null, file: null}
00:03 +69: /Users/jose/src/work/hydracamv2/test/slave/slave_client_time_sync_test.dart: slave calibrates its clock from the master's timeSyncResponse replies
Log registered: {message: Could not read slave hardware diagnostics: MissingPluginException(No implementation found for method getDeviceInfo on channel dev.fluttercommunity.plus/device_info), timestamp: 2026-06-18 17:19:14.650035, function: null, file: null}
Log registered: {message: Connected to WebSocket at ws://127.0.0.1:53854/ws, timestamp: 2026-06-18 17:19:14.652127, function: null, file: null}
Log registered: {message: Clock synced to master: offset 0 ms, uncertainty 2 ms, RTT 5 ms, 8 samples, green., timestamp: 2026-06-18 17:19:14.661147, function: null, file: null}
Log registered: {message: Connection closed, timestamp: 2026-06-18 17:19:14.664096, function: null, file: null}
00:03 +70: /Users/jose/src/work/hydracamv2/test/screens/uploader_info_screen_test.dart: cancel action clears the current upload row
00:03 +70: /Users/jose/src/work/hydracamv2/test/slave/slave_client_time_sync_test.dart: malformed timeSyncResponse does not consume a pending sample
Log registered: {message: Retrieved existing Device ID: test-device, timestamp: 2026-06-18 17:19:14.671094, function: null, file: null}
Log registered: {message: Attempting to connect to master WebSocket at ws://127.0.0.1:53856/ws with Device ID: test-device, timestamp: 2026-06-18 17:19:14.671215, function: null, file: null}
Log registered: {message: Could not read slave app version diagnostics: MissingPluginException(No implementation found for method getAll on channel dev.fluttercommunity.plus/package_info), timestamp: 2026-06-18 17:19:14.672666, function: null, file: null}
Log registered: {message: Could not read slave hardware diagnostics: MissingPluginException(No implementation found for method getDeviceInfo on channel dev.fluttercommunity.plus/device_info), timestamp: 2026-06-18 17:19:14.674221, function: null, file: null}
Log registered: {message: Connected to WebSocket at ws://127.0.0.1:53856/ws, timestamp: 2026-06-18 17:19:14.674620, function: null, file: null}
00:03 +71: /Users/jose/src/work/hydracamv2/test/screens/uploader_info_screen_test.dart: cancel action clears the current upload row
00:03 +71: /Users/jose/src/work/hydracamv2/test/slave/slave_client_registration_test.dart: slave registers before waiting for network payload
Log registered: {message: Retrieved existing Device ID: test-device, timestamp: 2026-06-18 17:19:14.722705, function: null, file: null}
Log registered: {message: Attempting to connect to master WebSocket at ws://127.0.0.1:53859/ws with Device ID: test-device, timestamp: 2026-06-18 17:19:14.725173, function: null, file: null}
Log registered: {message: Could not read slave app version diagnostics: MissingPluginException(No implementation found for method getAll on channel dev.fluttercommunity.plus/package_info), timestamp: 2026-06-18 17:19:14.738160, function: null, file: null}
Trace file unavailable: MissingPluginException(No implementation found for method getApplicationDocumentsDirectory on channel plugins.flutter.io/path_provider)
Log registered: {message: Could not read slave hardware diagnostics: MissingPluginException(No implementation found for method getDeviceInfo on channel dev.fluttercommunity.plus/device_info), timestamp: 2026-06-18 17:19:14.739739, function: null, file: null}
Log registered: {message: Connected to WebSocket at ws://127.0.0.1:53859/ws, timestamp: 2026-06-18 17:19:14.741661, function: null, file: null}
Log registered: {message: Connection closed, timestamp: 2026-06-18 17:19:14.748693, function: null, file: null}
00:03 +72: /Users/jose/src/work/hydracamv2/test/screens/uploader_info_screen_test.dart: cancel action clears the current upload row
00:03 +72: /Users/jose/src/work/hydracamv2/test/slave/slave_client_registration_test.dart: slave registration includes app and hardware diagnostics
Log registered: {message: Retrieved existing Device ID: test-device, timestamp: 2026-06-18 17:19:14.755469, function: null, file: null}
Log registered: {message: Attempting to connect to master WebSocket at ws://127.0.0.1:53861/ws with Device ID: test-device, timestamp: 2026-06-18 17:19:14.755593, function: null, file: null}
Log registered: {message: Connected to WebSocket at ws://127.0.0.1:53861/ws, timestamp: 2026-06-18 17:19:14.756174, function: null, file: null}
Log registered: {message: Connection closed, timestamp: 2026-06-18 17:19:14.760370, function: null, file: null}
00:03 +73: /Users/jose/src/work/hydracamv2/test/screens/uploader_info_screen_test.dart: cancel action clears the current upload row
00:03 +73: /Users/jose/src/work/hydracamv2/test/slave/slave_client_registration_test.dart: slave heartbeat includes camera setup status when available
Log registered: {message: Retrieved existing Device ID: test-device, timestamp: 2026-06-18 17:19:14.763100, function: null, file: null}
Log registered: {message: Attempting to connect to master WebSocket at ws://127.0.0.1:53863/ws with Device ID: test-device, timestamp: 2026-06-18 17:19:14.763213, function: null, file: null}
Log registered: {message: Could not read slave app version diagnostics: MissingPluginException(No implementation found for method getAll on channel dev.fluttercommunity.plus/package_info), timestamp: 2026-06-18 17:19:14.764478, function: null, file: null}
Log registered: {message: Could not read slave hardware diagnostics: MissingPluginException(No implementation found for method getDeviceInfo on channel dev.fluttercommunity.plus/device_info), timestamp: 2026-06-18 17:19:14.765926, function: null, file: null}
Log registered: {message: Connected to WebSocket at ws://127.0.0.1:53863/ws, timestamp: 2026-06-18 17:19:14.766296, function: null, file: null}
Log registered: {message: Connection closed, timestamp: 2026-06-18 17:19:14.768014, function: null, file: null}
00:03 +74: /Users/jose/src/work/hydracamv2/test/screens/uploader_info_screen_test.dart: cancel action clears the current upload row
00:03 +74: /Users/jose/src/work/hydracamv2/test/slave/slave_client_registration_test.dart: slave heartbeat reports active session guid
Log registered: {message: UploaderService: Resetting upload queue and state., timestamp: 2026-06-18 17:19:14.773626, function: null, file: null}
00:03 +74: /Users/jose/src/work/hydracamv2/test/screens/uploader_info_screen_test.dart: cancel action clears the current upload row
Log registered: {message: [UploaderService] Queue is empty. Returning zero duration., timestamp: 2026-06-18 17:19:14.773926, function: null, file: null}
Log registered: {message: Cancelled active upload: /var/folders/6s/dp27g8gn26j9mp36sjfxb9tw0000gn/T/uploader_info_screen_testw6RGxH/current-upload.mp4, timestamp: 2026-06-18 17:19:14.774266, function: null, file: null}
00:03 +74: /Users/jose/src/work/hydracamv2/test/slave/slave_client_registration_test.dart: slave heartbeat reports active session guid
Log registered: {message: UploaderService: Reset completed., timestamp: 2026-06-18 17:19:14.774232, function: null, file: null}
Log registered: {message: Session started with GUID: slave-session-guid on device type: Slave, timestamp: 2026-06-18 17:19:14.774532, function: null, file: null}
Log registered: {message: Adding photo to upload queue: /var/folders/6s/dp27g8gn26j9mp36sjfxb9tw0000gn/T/slave-heartbeat7KxVE3/photo.jpg, timestamp: 2026-06-18 17:19:14.778390, function: null, file: null}
Log registered: {message: Error saving session metadata: MissingPluginException(No implementation found for method getApplicationDocumentsDirectory on channel plugins.flutter.io/path_provider), timestamp: 2026-06-18 17:19:14.779955, function: null, file: null}
Log registered: {message: [UploaderService] No uploaded media with valid durations. Returning zero duration., timestamp: 2026-06-18 17:19:14.780922, function: null, file: null}
Log registered: {message: Media added to upload queue: /var/folders/6s/dp27g8gn26j9mp36sjfxb9tw0000gn/T/slave-heartbeat7KxVE3/photo.jpg, timestamp: 2026-06-18 17:19:14.781083, function: null, file: null}
Log registered: {message: Auto-upload is disabled. Media added to queue but not uploaded., timestamp: 2026-06-18 17:19:14.781299, function: null, file: null}
Log registered: {message: Retrieved existing Device ID: test-device, timestamp: 2026-06-18 17:19:14.781624, function: null, file: null}
Log registered: {message: Attempting to connect to master WebSocket at ws://127.0.0.1:53865/ws with Device ID: test-device, timestamp: 2026-06-18 17:19:14.781776, function: null, file: null}
Log registered: {message: Could not read slave app version diagnostics: MissingPluginException(No implementation found for method getAll on channel dev.fluttercommunity.plus/package_info), timestamp: 2026-06-18 17:19:14.783052, function: null, file: null}
Log registered: {message: Could not read slave hardware diagnostics: MissingPluginException(No implementation found for method getDeviceInfo on channel dev.fluttercommunity.plus/device_info), timestamp: 2026-06-18 17:19:14.785336, function: null, file: null}
Log registered: {message: Connected to WebSocket at ws://127.0.0.1:53865/ws, timestamp: 2026-06-18 17:19:14.785716, function: null, file: null}
Log registered: {message: Connection closed, timestamp: 2026-06-18 17:19:14.787245, function: null, file: null}
Log registered: {message: Error saving session metadata: MissingPluginException(No implementation found for method getApplicationDocumentsDirectory on channel plugins.flutter.io/path_provider), timestamp: 2026-06-18 17:19:14.788823, function: null, file: null}
Log registered: {message: UploaderService: Resetting upload queue and state., timestamp: 2026-06-18 17:19:14.788956, function: null, file: null}
Log registered: {message: UploaderService: Reset completed., timestamp: 2026-06-18 17:19:14.789032, function: null, file: null}
Log registered: {message: Session ended and uploader reset., timestamp: 2026-06-18 17:19:14.789085, function: null, file: null}
00:03 +75: /Users/jose/src/work/hydracamv2/test/screens/uploader_info_screen_test.dart: cancel action clears the current upload row
00:03 +75: /Users/jose/src/work/hydracamv2/test/slave/slave_client_registration_test.dart: noSession preserves an active slave session and upload queue
Log registered: {message: UploaderService: Resetting upload queue and state., timestamp: 2026-06-18 17:19:14.793606, function: null, file: null}
Log registered: {message: UploaderService: Reset completed., timestamp: 2026-06-18 17:19:14.793757, function: null, file: null}
Log registered: {message: UploaderService: Resetting upload queue and state., timestamp: 2026-06-18 17:19:14.793880, function: null, file: null}
Log registered: {message: UploaderService: Reset completed., timestamp: 2026-06-18 17:19:14.794025, function: null, file: null}
Log registered: {message: Session started with GUID: slave-active-session on device type: Slave, timestamp: 2026-06-18 17:19:14.794095, function: null, file: null}
Log registered: {message: [UploaderService] No uploaded media with valid durations. Returning zero duration., timestamp: 2026-06-18 17:19:14.794733, function: null, file: null}
Log registered: {message: Media added to upload queue: /var/folders/6s/dp27g8gn26j9mp36sjfxb9tw0000gn/T/slave_no_sessionqocOoY/queued-photo.jpg, timestamp: 2026-06-18 17:19:14.794826, function: null, file: null}
Log registered: {message: Auto-upload is disabled. Media added to queue but not uploaded., timestamp: 2026-06-18 17:19:14.795020, function: null, file: null}
Log registered: {message: Retrieved existing Device ID: test-device, timestamp: 2026-06-18 17:19:14.795646, function: null, file: null}
Log registered: {message: Attempting to connect to master WebSocket at ws://127.0.0.1:53867/ws with Device ID: test-device, timestamp: 2026-06-18 17:19:14.795756, function: null, file: null}
Log registered: {message: Could not read slave app version diagnostics: MissingPluginException(No implementation found for method getAll on channel dev.fluttercommunity.plus/package_info), timestamp: 2026-06-18 17:19:14.797592, function: null, file: null}
Log registered: {message: Could not read slave hardware diagnostics: MissingPluginException(No implementation found for method getDeviceInfo on channel dev.fluttercommunity.plus/device_info), timestamp: 2026-06-18 17:19:14.799480, function: null, file: null}
Log registered: {message: Connected to WebSocket at ws://127.0.0.1:53867/ws, timestamp: 2026-06-18 17:19:14.800088, function: null, file: null}
Log registered: {message: Command received from master: {"command":"noSession"}, timestamp: 2026-06-18 17:19:14.804982, function: null, file: null}
Log registered: {message: Master reported no active session; keeping active session slave-active-session until explicit sessionEnded., timestamp: 2026-06-18 17:19:14.805851, function: null, file: null}
Log registered: {message: Connection closed, timestamp: 2026-06-18 17:19:14.815287, function: null, file: null}
Log registered: {message: UploaderService: Resetting upload queue and state., timestamp: 2026-06-18 17:19:14.815598, function: null, file: null}
Log registered: {message: UploaderService: Reset completed., timestamp: 2026-06-18 17:19:14.815672, function: null, file: null}
Log registered: {message: Session metadata saved to /var/folders/6s/dp27g8gn26j9mp36sjfxb9tw0000gn/T/slave_client_docsP9aRmA/session_slave-active-session/metadata.json, timestamp: 2026-06-18 17:19:14.817204, function: null, file: null}
Log registered: {message: UploaderService: Resetting upload queue and state., timestamp: 2026-06-18 17:19:14.817320, function: null, file: null}
Log registered: {message: UploaderService: Reset completed., timestamp: 2026-06-18 17:19:14.817382, function: null, file: null}
Log registered: {message: Session ended and uploader reset., timestamp: 2026-06-18 17:19:14.817428, function: null, file: null}
00:03 +76: /Users/jose/src/work/hydracamv2/test/screens/uploader_info_screen_test.dart: cancel action clears the current upload row
00:03 +76: /Users/jose/src/work/hydracamv2/test/slave/slave_client_registration_test.dart: conflicting sessionStatus preserves active slave session and queue
Log registered: {message: UploaderService: Resetting upload queue and state., timestamp: 2026-06-18 17:19:14.822956, function: null, file: null}
Log registered: {message: UploaderService: Reset completed., timestamp: 2026-06-18 17:19:14.823095, function: null, file: null}
Log registered: {message: UploaderService: Resetting upload queue and state., timestamp: 2026-06-18 17:19:14.823168, function: null, file: null}
Log registered: {message: UploaderService: Reset completed., timestamp: 2026-06-18 17:19:14.823214, function: null, file: null}
Log registered: {message: Session started with GUID: slave-active-session on device type: Slave, timestamp: 2026-06-18 17:19:14.823259, function: null, file: null}
Log registered: {message: [UploaderService] No uploaded media with valid durations. Returning zero duration., timestamp: 2026-06-18 17:19:14.823599, function: null, file: null}
Log registered: {message: Media added to upload queue: /var/folders/6s/dp27g8gn26j9mp36sjfxb9tw0000gn/T/slave_conflict8dHp9e/queued-photo.jpg, timestamp: 2026-06-18 17:19:14.823659, function: null, file: null}
Log registered: {message: Auto-upload is disabled. Media added to queue but not uploaded., timestamp: 2026-06-18 17:19:14.823852, function: null, file: null}
Log registered: {message: Retrieved existing Device ID: test-device, timestamp: 2026-06-18 17:19:14.824279, function: null, file: null}
Log registered: {message: Attempting to connect to master WebSocket at ws://127.0.0.1:53870/ws with Device ID: test-device, timestamp: 2026-06-18 17:19:14.824362, function: null, file: null}
Log registered: {message: Could not read slave app version diagnostics: MissingPluginException(No implementation found for method getAll on channel dev.fluttercommunity.plus/package_info), timestamp: 2026-06-18 17:19:14.825787, function: null, file: null}
Log registered: {message: Could not read slave hardware diagnostics: MissingPluginException(No implementation found for method getDeviceInfo on channel dev.fluttercommunity.plus/device_info), timestamp: 2026-06-18 17:19:14.827076, function: null, file: null}
Log registered: {message: Connected to WebSocket at ws://127.0.0.1:53870/ws, timestamp: 2026-06-18 17:19:14.827411, function: null, file: null}
Log registered: {message: Command received from master: {"command":"sessionStatus","sessionGuid":"master-other-session"}, timestamp: 2026-06-18 17:19:14.829137, function: null, file: null}
Log registered: {message: Command: {"command":"sessionStatus","sessionGuid":"master-other-session"}, timestamp: 2026-06-18 17:19:14.829255, function: null, file: null}
Log registered: {message: Session guid: master-other-session, timestamp: 2026-06-18 17:19:14.829313, function: null, file: null}
Log registered: {message: Master session conflict: keeping active session slave-active-session instead of joining master-other-session., timestamp: 2026-06-18 17:19:14.829473, function: null, file: null}
Log registered: {message: Connection closed, timestamp: 2026-06-18 17:19:14.839312, function: null, file: null}
Log registered: {message: UploaderService: Resetting upload queue and state., timestamp: 2026-06-18 17:19:14.839583, function: null, file: null}
Log registered: {message: UploaderService: Reset completed., timestamp: 2026-06-18 17:19:14.839645, function: null, file: null}
Log registered: {message: Session metadata saved to /var/folders/6s/dp27g8gn26j9mp36sjfxb9tw0000gn/T/slave_client_docslAY9kO/session_slave-active-session/metadata.json, timestamp: 2026-06-18 17:19:14.840932, function: null, file: null}
Log registered: {message: UploaderService: Resetting upload queue and state., timestamp: 2026-06-18 17:19:14.841065, function: null, file: null}
Log registered: {message: UploaderService: Reset completed., timestamp: 2026-06-18 17:19:14.841130, function: null, file: null}
Log registered: {message: Session ended and uploader reset., timestamp: 2026-06-18 17:19:14.841178, function: null, file: null}
00:03 +77: /Users/jose/src/work/hydracamv2/test/screens/uploader_info_screen_test.dart: cancel action clears the current upload row
00:03 +77: /Users/jose/src/work/hydracamv2/test/slave/slave_client_registration_test.dart: conflicting sessionStatus preserves active slave session and queue
Trace persistence retry scheduled: PathNotFoundException: Cannot open file, path = '/var/folders/6s/dp27g8gn26j9mp36sjfxb9tw0000gn/T/slave_client_docslAY9kO/logs/hydracam-trace-2026-06-18T17-19-14-829747.ndjson' (OS Error: No such file or directory, errno = 2)
00:03 +77: /Users/jose/src/work/hydracamv2/test/slave/slave_client_registration_test.dart: conflicting sessionEnded preserves active slave session and queue
Log registered: {message: UploaderService: Resetting upload queue and state., timestamp: 2026-06-18 17:19:14.844153, function: null, file: null}
Log registered: {message: UploaderService: Reset completed., timestamp: 2026-06-18 17:19:14.844279, function: null, file: null}
Log registered: {message: UploaderService: Resetting upload queue and state., timestamp: 2026-06-18 17:19:14.844343, function: null, file: null}
Log registered: {message: UploaderService: Reset completed., timestamp: 2026-06-18 17:19:14.844387, function: null, file: null}
Log registered: {message: Session started with GUID: slave-active-session on device type: Slave, timestamp: 2026-06-18 17:19:14.844427, function: null, file: null}
Log registered: {message: [UploaderService] No uploaded media with valid durations. Returning zero duration., timestamp: 2026-06-18 17:19:14.844801, function: null, file: null}
Log registered: {message: Media added to upload queue: /var/folders/6s/dp27g8gn26j9mp36sjfxb9tw0000gn/T/slave_end_conflictRflSHX/queued-photo.jpg, timestamp: 2026-06-18 17:19:14.844862, function: null, file: null}
Log registered: {message: Auto-upload is disabled. Media added to queue but not uploaded., timestamp: 2026-06-18 17:19:14.845006, function: null, file: null}
Log registered: {message: Retrieved existing Device ID: test-device, timestamp: 2026-06-18 17:19:14.845374, function: null, file: null}
Log registered: {message: Attempting to connect to master WebSocket at ws://127.0.0.1:53872/ws with Device ID: test-device, timestamp: 2026-06-18 17:19:14.845427, function: null, file: null}
Log registered: {message: Could not read slave app version diagnostics: MissingPluginException(No implementation found for method getAll on channel dev.fluttercommunity.plus/package_info), timestamp: 2026-06-18 17:19:14.846978, function: null, file: null}
Log registered: {message: Could not read slave hardware diagnostics: MissingPluginException(No implementation found for method getDeviceInfo on channel dev.fluttercommunity.plus/device_info), timestamp: 2026-06-18 17:19:14.848388, function: null, file: null}
00:03 +77: /Users/jose/src/work/hydracamv2/test/screens/uploader_info_screen_test.dart: cancel action clears the current upload row
Log registered: {message: Session metadata saved to /var/folders/6s/dp27g8gn26j9mp36sjfxb9tw0000gn/T/uploader_info_screen_docsHNoMuU/session_uploader-info-session-guid/metadata.json, timestamp: 2026-06-18 17:19:14.848384, function: null, file: null}
Log registered: {message: UploaderService: Resetting upload queue and state., timestamp: 2026-06-18 17:19:14.848588, function: null, file: null}
Log registered: {message: UploaderService: Reset completed., timestamp: 2026-06-18 17:19:14.848666, function: null, file: null}
Log registered: {message: Session ended and uploader reset., timestamp: 2026-06-18 17:19:14.848725, function: null, file: null}
Log registered: {message: UploaderService: Resetting upload queue and state., timestamp: 2026-06-18 17:19:14.848789, function: null, file: null}
00:03 +77: /Users/jose/src/work/hydracamv2/test/slave/slave_client_registration_test.dart: conflicting sessionEnded preserves active slave session and queue
Log registered: {message: Connected to WebSocket at ws://127.0.0.1:53872/ws, timestamp: 2026-06-18 17:19:14.848742, function: null, file: null}
00:03 +77: /Users/jose/src/work/hydracamv2/test/screens/uploader_info_screen_test.dart: cancel action clears the current upload row
Log registered: {message: UploaderService: Reset completed., timestamp: 2026-06-18 17:19:14.848836, function: null, file: null}
00:03 +78: /Users/jose/src/work/hydracamv2/test/screens/role_selection_screen_test.dart: role selection is an operational capture entry surface
00:03 +78: /Users/jose/src/work/hydracamv2/test/slave/slave_client_registration_test.dart: conflicting sessionEnded preserves active slave session and queue
Log registered: {message: Command received from master: {"command":"sessionEnded","sessionGuid":"master-other-session"}, timestamp: 2026-06-18 17:19:14.850279, function: null, file: null}
Log registered: {message: Ignoring sessionEnded for master-other-session; active session slave-active-session kept., timestamp: 2026-06-18 17:19:14.850526, function: null, file: null}
00:03 +78: /Users/jose/src/work/hydracamv2/test/screens/uploader_info_screen_test.dart: queued cancel action refreshes row as retryable cancellation
Log registered: {message: UploaderService: Resetting upload queue and state., timestamp: 2026-06-18 17:19:14.851843, function: null, file: null}
Log registered: {message: UploaderService: Reset completed., timestamp: 2026-06-18 17:19:14.851929, function: null, file: null}
Log registered: {message: UploaderService: Resetting upload queue and state., timestamp: 2026-06-18 17:19:14.854160, function: null, file: null}
Log registered: {message: UploaderService: Reset completed., timestamp: 2026-06-18 17:19:14.854351, function: null, file: null}
Log registered: {message: Session started with GUID: uploader-info-queued-session-guid on device type: Slave, timestamp: 2026-06-18 17:19:14.854439, function: null, file: null}
Log registered: {message: [UploaderService] No uploaded media with valid durations. Returning zero duration., timestamp: 2026-06-18 17:19:14.855427, function: null, file: null}
Log registered: {message: Media added to upload queue: /var/folders/6s/dp27g8gn26j9mp36sjfxb9tw0000gn/T/uploader_info_screen_testljizTU/queued-upload.mp4, timestamp: 2026-06-18 17:19:14.855537, function: null, file: null}
Log registered: {message: Auto-upload is disabled. Media added to queue but not uploaded., timestamp: 2026-06-18 17:19:14.856485, function: null, file: null}
00:03 +78: /Users/jose/src/work/hydracamv2/test/slave/slave_client_registration_test.dart: conflicting sessionEnded preserves active slave session and queue
Log registered: {message: Connection closed, timestamp: 2026-06-18 17:19:14.859873, function: null, file: null}
Log registered: {message: UploaderService: Resetting upload queue and state., timestamp: 2026-06-18 17:19:14.860141, function: null, file: null}
Log registered: {message: UploaderService: Reset completed., timestamp: 2026-06-18 17:19:14.860204, function: null, file: null}
Log registered: {message: Session metadata saved to /var/folders/6s/dp27g8gn26j9mp36sjfxb9tw0000gn/T/slave_client_docsbWfIzG/session_slave-active-session/metadata.json, timestamp: 2026-06-18 17:19:14.861626, function: null, file: null}
Log registered: {message: UploaderService: Resetting upload queue and state., timestamp: 2026-06-18 17:19:14.861753, function: null, file: null}
Log registered: {message: UploaderService: Reset completed., timestamp: 2026-06-18 17:19:14.861809, function: null, file: null}
Log registered: {message: Session ended and uploader reset., timestamp: 2026-06-18 17:19:14.861906, function: null, file: null}
00:03 +79: /Users/jose/src/work/hydracamv2/test/camera_singleton_initialization_test.dart: CameraServiceSingleton Initialization MasterScreen can be created when CameraServiceSingleton is initialized
00:03 +80: /Users/jose/src/work/hydracamv2/test/camera_singleton_initialization_test.dart: CameraServiceSingleton Initialization MasterScreen can be created when CameraServiceSingleton is initialized
00:03 +80: /Users/jose/src/work/hydracamv2/test/slave/slave_client_registration_test.dart: conflicting sessionEnded preserves active slave session and queue
Trace persistence retry scheduled: PathNotFoundException: Cannot open file, path = '/var/folders/6s/dp27g8gn26j9mp36sjfxb9tw0000gn/T/slave_client_docsbWfIzG/logs/hydracam-trace-2026-06-18T17-19-14-850788.ndjson' (OS Error: No such file or directory, errno = 2)
00:03 +80: /Users/jose/src/work/hydracamv2/test/slave/slave_client_registration_test.dart: auto-record starts recording when sessionStarted arrives
Log registered: {message: Retrieved existing Device ID: test-device, timestamp: 2026-06-18 17:19:14.864772, function: null, file: null}
Log registered: {message: Attempting to connect to master WebSocket at ws://127.0.0.1:53874/ws with Device ID: test-device, timestamp: 2026-06-18 17:19:14.864860, function: null, file: null}
Log registered: {message: Could not read slave app version diagnostics: MissingPluginException(No implementation found for method getAll on channel dev.fluttercommunity.plus/package_info), timestamp: 2026-06-18 17:19:14.866251, function: null, file: null}
Log registered: {message: Could not read slave hardware diagnostics: MissingPluginException(No implementation found for method getDeviceInfo on channel dev.fluttercommunity.plus/device_info), timestamp: 2026-06-18 17:19:14.867696, function: null, file: null}
Log registered: {message: Connected to WebSocket at ws://127.0.0.1:53874/ws, timestamp: 2026-06-18 17:19:14.868033, function: null, file: null}
Log registered: {message: Command received from master: {"command":"sessionStarted","sessionGuid":"auto-record-session"}, timestamp: 2026-06-18 17:19:14.869238, function: null, file: null}
Log registered: {message: Command: {"command":"sessionStarted","sessionGuid":"auto-record-session"}, timestamp: 2026-06-18 17:19:14.869340, function: null, file: null}
Log registered: {message: Session guid: auto-record-session, timestamp: 2026-06-18 17:19:14.869394, function: null, file: null}
Log registered: {message: UploaderService: Resetting upload queue and state., timestamp: 2026-06-18 17:19:14.869486, function: null, file: null}
Log registered: {message: UploaderService: Reset completed., timestamp: 2026-06-18 17:19:14.869622, function: null, file: null}
Log registered: {message: Session started with GUID: auto-record-session on device type: Slave, timestamp: 2026-06-18 17:19:14.869677, function: null, file: null}
Log registered: {message: Get token, timestamp: 2026-06-18 17:19:14.870171, function: null, file: null}
Log registered: {message: Fetch token, timestamp: 2026-06-18 17:19:14.870392, function: null, file: null}
Log registered: {message: Auto-record starting recording for active session auto-record-session., timestamp: 2026-06-18 17:19:14.875980, function: null, file: null}
Log registered: {message: Starting video recording, timestamp: 2026-06-18 17:19:14.876490, function: null, file: null}
Log registered: {message: Mock camera ready for native controller mode on macOS., timestamp: 2026-06-18 17:19:14.876916, function: null, file: null}
Log registered: {message: Retrieved existing Device ID: test-device, timestamp: 2026-06-18 17:19:14.879508, function: null, file: null}
Log registered: {message: Mock video recording started for native controller mode., timestamp: 2026-06-18 17:19:14.879880, function: null, file: null}
Log registered: {message: Failed to fetch M2M token: , timestamp: 2026-06-18 17:19:14.880545, function: null, file: null}
Log registered: {message: Error on POST device/ReadyToTransmit: Exception: Failed to retrieve M2M token, timestamp: 2026-06-18 17:19:14.880734, function: null, file: null}
Log registered: {message: Failed to notify server: No response, timestamp: 2026-06-18 17:19:14.880798, function: null, file: null}
Log registered: {message: Connection closed, timestamp: 2026-06-18 17:19:14.880905, function: null, file: null}
Log registered: {message: Mock video saved to session path: /var/folders/6s/dp27g8gn26j9mp36sjfxb9tw0000gn/T/slave_client_docs7654KU/session_auto-record-session/mock_1_2026-06-18T17-19-14-881847.mp4, timestamp: 2026-06-18 17:19:14.883398, function: null, file: null}
Log registered: {message: Session metadata saved to /var/folders/6s/dp27g8gn26j9mp36sjfxb9tw0000gn/T/slave_client_docs7654KU/session_auto-record-session/metadata.json, timestamp: 2026-06-18 17:19:14.884205, function: null, file: null}
Log registered: {message: UploaderService: Resetting upload queue and state., timestamp: 2026-06-18 17:19:14.884298, function: null, file: null}
Log registered: {message: UploaderService: Reset completed., timestamp: 2026-06-18 17:19:14.884346, function: null, file: null}
Log registered: {message: Session ended and uploader reset., timestamp: 2026-06-18 17:19:14.884386, function: null, file: null}
00:03 +80: /Users/jose/src/work/hydracamv2/test/screens/uploader_info_screen_test.dart: queued cancel action refreshes row as retryable cancellation
Log registered: {message: Session metadata saved to /var/folders/6s/dp27g8gn26j9mp36sjfxb9tw0000gn/T/uploader_info_screen_docsHNoMuU/session_uploader-info-queued-session-guid/metadata.json, timestamp: 2026-06-18 17:19:14.885033, function: null, file: null}
00:03 +81: /Users/jose/src/work/hydracamv2/test/camera_singleton_initialization_test.dart: CameraServiceSingleton Initialization MasterScreen can be created when CameraServiceSingleton is initialized
00:03 +81: /Users/jose/src/work/hydracamv2/test/screens/uploader_info_screen_test.dart: queued cancel action refreshes row as retryable cancellation
Log registered: {message: [UploaderService] Queue is empty. Returning zero duration., timestamp: 2026-06-18 17:19:14.885193, function: null, file: null}
Log registered: {message: Cancelled pending upload: /var/folders/6s/dp27g8gn26j9mp36sjfxb9tw0000gn/T/uploader_info_screen_testljizTU/queued-upload.mp4, timestamp: 2026-06-18 17:19:14.885260, function: null, file: null}
00:03 +81: /Users/jose/src/work/hydracamv2/test/slave/slave_client_registration_test.dart: startUploadingAll command starts pending upload queue
Log registered: {message: UploaderService: Resetting upload queue and state., timestamp: 2026-06-18 17:19:14.886442, function: null, file: null}
Log registered: {message: UploaderService: Reset completed., timestamp: 2026-06-18 17:19:14.886520, function: null, file: null}
Log registered: {message: UploaderService: Resetting upload queue and state., timestamp: 2026-06-18 17:19:14.886571, function: null, file: null}
Log registered: {message: UploaderService: Reset completed., timestamp: 2026-06-18 17:19:14.886614, function: null, file: null}
Log registered: {message: Session started with GUID: backend-upload-session on device type: Slave, timestamp: 2026-06-18 17:19:14.886660, function: null, file: null}
Log registered: {message: [UploaderService] No uploaded media with valid durations. Returning zero duration., timestamp: 2026-06-18 17:19:14.886993, function: null, file: null}
Log registered: {message: Media added to upload queue: /var/folders/6s/dp27g8gn26j9mp36sjfxb9tw0000gn/T/slave_upload_commandtayCRu/queued-photo.jpg, timestamp: 2026-06-18 17:19:14.887042, function: null, file: null}
Log registered: {message: Auto-upload is disabled. Media added to queue but not uploaded., timestamp: 2026-06-18 17:19:14.887159, function: null, file: null}
Log registered: {message: Retrieved existing Device ID: test-device, timestamp: 2026-06-18 17:19:14.887476, function: null, file: null}
Log registered: {message: Attempting to connect to master WebSocket at ws://127.0.0.1:53876/ws with Device ID: test-device, timestamp: 2026-06-18 17:19:14.887535, function: null, file: null}
Log registered: {message: Could not read slave app version diagnostics: MissingPluginException(No implementation found for method getAll on channel dev.fluttercommunity.plus/package_info), timestamp: 2026-06-18 17:19:14.888800, function: null, file: null}
Log registered: {message: Could not read slave hardware diagnostics: MissingPluginException(No implementation found for method getDeviceInfo on channel dev.fluttercommunity.plus/device_info), timestamp: 2026-06-18 17:19:14.890335, function: null, file: null}
Log registered: {message: Connected to WebSocket at ws://127.0.0.1:53876/ws, timestamp: 2026-06-18 17:19:14.890671, function: null, file: null}
Log registered: {message: Command received from master: {"command":"startUploadingAll"}, timestamp: 2026-06-18 17:19:14.892274, function: null, file: null}
Log registered: {message: Start-upload-all command received from master., timestamp: 2026-06-18 17:19:14.892596, function: null, file: null}
Log registered: {message: Manual upload initiated., timestamp: 2026-06-18 17:19:14.892725, function: null, file: null}
Log registered: {message: UploaderService: _startUploading called. _isUploading=false, queue length=1, timestamp: 2026-06-18 17:19:14.892911, function: null, file: null}
Log registered: {message: UploaderService: _processNextItem called. Queue length=1, timestamp: 2026-06-18 17:19:14.893351, function: null, file: null}
Log registered: {message: UploaderService: sessionGuid=backend-upload-session, timestamp: 2026-06-18 17:19:14.893483, function: null, file: null}
Log registered: {message: Upload file is not valid photo media: /var/folders/6s/dp27g8gn26j9mp36sjfxb9tw0000gn/T/slave_upload_commandtayCRu/queued-photo.jpg, timestamp: 2026-06-18 17:19:14.895603, function: null, file: null}
Log registered: {message: Failed to upload media: /var/folders/6s/dp27g8gn26j9mp36sjfxb9tw0000gn/T/slave_upload_commandtayCRu/queued-photo.jpg, timestamp: 2026-06-18 17:19:14.895782, function: null, file: null}
Log registered: {message: Session metadata saved to /var/folders/6s/dp27g8gn26j9mp36sjfxb9tw0000gn/T/slave_client_docs7654KU/session_backend-upload-session/metadata.json, timestamp: 2026-06-18 17:19:14.896764, function: null, file: null}
Log registered: {message: [UploaderService] Queue is empty. Returning zero duration., timestamp: 2026-06-18 17:19:14.896884, function: null, file: null}
Log registered: {message: UploaderService: _processNextItem called. Queue length=0, timestamp: 2026-06-18 17:19:14.896941, function: null, file: null}
Log registered: {message: UploaderService: Queue is empty. Uploading stopped., timestamp: 2026-06-18 17:19:14.897009, function: null, file: null}
Log registered: {message: Connection closed, timestamp: 2026-06-18 17:19:14.903218, function: null, file: null}
Log registered: {message: UploaderService: Resetting upload queue and state., timestamp: 2026-06-18 17:19:14.903445, function: null, file: null}
Log registered: {message: UploaderService: Reset completed., timestamp: 2026-06-18 17:19:14.903500, function: null, file: null}
Log registered: {message: Session metadata saved to /var/folders/6s/dp27g8gn26j9mp36sjfxb9tw0000gn/T/slave_client_docs7654KU/session_backend-upload-session/metadata.json, timestamp: 2026-06-18 17:19:14.904885, function: null, file: null}
Log registered: {message: UploaderService: Resetting upload queue and state., timestamp: 2026-06-18 17:19:14.905001, function: null, file: null}
Log registered: {message: UploaderService: Reset completed., timestamp: 2026-06-18 17:19:14.905056, function: null, file: null}
Log registered: {message: Session ended and uploader reset., timestamp: 2026-06-18 17:19:14.905095, function: null, file: null}
00:03 +82: /Users/jose/src/work/hydracamv2/test/camera_singleton_initialization_test.dart: CameraServiceSingleton Initialization MasterScreen can be created when CameraServiceSingleton is initialized
00:03 +82: /Users/jose/src/work/hydracamv2/test/screens/uploader_info_screen_test.dart: queued cancel action refreshes row as retryable cancellation
Log registered: {message: Session metadata saved to /var/folders/6s/dp27g8gn26j9mp36sjfxb9tw0000gn/T/uploader_info_screen_docsHNoMuU/session_uploader-info-queued-session-guid/metadata.json, timestamp: 2026-06-18 17:19:14.906475, function: null, file: null}
Log registered: {message: UploaderService: Resetting upload queue and state., timestamp: 2026-06-18 17:19:14.906641, function: null, file: null}
Log registered: {message: UploaderService: Reset completed., timestamp: 2026-06-18 17:19:14.906712, function: null, file: null}
Log registered: {message: Session ended and uploader reset., timestamp: 2026-06-18 17:19:14.906776, function: null, file: null}
Log registered: {message: UploaderService: Resetting upload queue and state., timestamp: 2026-06-18 17:19:14.906834, function: null, file: null}
Log registered: {message: UploaderService: Reset completed., timestamp: 2026-06-18 17:19:14.906894, function: null, file: null}
00:03 +82: /Users/jose/src/work/hydracamv2/test/slave/slave_client_registration_test.dart: identifySlave command replies with identifyAck
Log registered: {message: UploaderService: Resetting upload queue and state., timestamp: 2026-06-18 17:19:14.907003, function: null, file: null}
Log registered: {message: UploaderService: Reset completed., timestamp: 2026-06-18 17:19:14.907077, function: null, file: null}
Log registered: {message: Session started with GUID: slave-session-guid on device type: Slave, timestamp: 2026-06-18 17:19:14.907136, function: null, file: null}
00:03 +83: /Users/jose/src/work/hydracamv2/test/camera_singleton_initialization_test.dart: CameraServiceSingleton Initialization MasterScreen can be created when CameraServiceSingleton is initialized
00:03 +83: /Users/jose/src/work/hydracamv2/test/slave/slave_client_registration_test.dart: identifySlave command replies with identifyAck
Log registered: {message: Adding photo to upload queue: /var/folders/6s/dp27g8gn26j9mp36sjfxb9tw0000gn/T/slave-identifyOtxnE4/photo.jpg, timestamp: 2026-06-18 17:19:14.907448, function: null, file: null}
00:03 +83: /Users/jose/src/work/hydracamv2/test/screens/uploader_info_screen_test.dart: summary shows pending queue and current upload
Log registered: {message: UploaderService: Resetting upload queue and state., timestamp: 2026-06-18 17:19:14.908104, function: null, file: null}
Log registered: {message: UploaderService: Reset completed., timestamp: 2026-06-18 17:19:14.908229, function: null, file: null}
00:03 +83: /Users/jose/src/work/hydracamv2/test/slave/slave_client_registration_test.dart: identifySlave command replies with identifyAck
Log registered: {message: Session metadata saved to /var/folders/6s/dp27g8gn26j9mp36sjfxb9tw0000gn/T/slave_client_docs7654KU/session_slave-session-guid/metadata.json, timestamp: 2026-06-18 17:19:14.908501, function: null, file: null}
Log registered: {message: [UploaderService] No uploaded media with valid durations. Returning zero duration., timestamp: 2026-06-18 17:19:14.908600, function: null, file: null}
Log registered: {message: Media added to upload queue: /var/folders/6s/dp27g8gn26j9mp36sjfxb9tw0000gn/T/slave-identifyOtxnE4/photo.jpg, timestamp: 2026-06-18 17:19:14.908647, function: null, file: null}
Log registered: {message: Auto-upload is disabled. Media added to queue but not uploaded., timestamp: 2026-06-18 17:19:14.908748, function: null, file: null}
Log registered: {message: Retrieved existing Device ID: test-device, timestamp: 2026-06-18 17:19:14.909047, function: null, file: null}
Log registered: {message: Attempting to connect to master WebSocket at ws://127.0.0.1:53878/ws with Device ID: test-device, timestamp: 2026-06-18 17:19:14.909116, function: null, file: null}
00:03 +83: /Users/jose/src/work/hydracamv2/test/screens/uploader_info_screen_test.dart: summary shows pending queue and current upload
Log registered: {message: UploaderService: Resetting upload queue and state., timestamp: 2026-06-18 17:19:14.910089, function: null, file: null}
Log registered: {message: UploaderService: Reset completed., timestamp: 2026-06-18 17:19:14.910215, function: null, file: null}
00:03 +83: /Users/jose/src/work/hydracamv2/test/slave/slave_client_registration_test.dart: identifySlave command replies with identifyAck
Log registered: {message: Could not read slave app version diagnostics: MissingPluginException(No implementation found for method getAll on channel dev.fluttercommunity.plus/package_info), timestamp: 2026-06-18 17:19:14.910211, function: null, file: null}
00:03 +83: /Users/jose/src/work/hydracamv2/test/screens/uploader_info_screen_test.dart: summary shows pending queue and current upload
Log registered: {message: Session started with GUID: uploader-info-summary-guid on device type: Master, timestamp: 2026-06-18 17:19:14.910286, function: null, file: null}
Log registered: {message: [UploaderService] No uploaded media with valid durations. Returning zero duration., timestamp: 2026-06-18 17:19:14.910730, function: null, file: null}
Log registered: {message: Media added to upload queue: /var/folders/6s/dp27g8gn26j9mp36sjfxb9tw0000gn/T/uploader_info_screen_testDKHdJW/queued-upload.mp4, timestamp: 2026-06-18 17:19:14.910789, function: null, file: null}
Log registered: {message: Auto-upload is disabled. Media added to queue but not uploaded., timestamp: 2026-06-18 17:19:14.910926, function: null, file: null}
00:03 +83: /Users/jose/src/work/hydracamv2/test/slave/slave_client_registration_test.dart: identifySlave command replies with identifyAck
Log registered: {message: Could not read slave hardware diagnostics: MissingPluginException(No implementation found for method getDeviceInfo on channel dev.fluttercommunity.plus/device_info), timestamp: 2026-06-18 17:19:14.911320, function: null, file: null}
Log registered: {message: Connected to WebSocket at ws://127.0.0.1:53878/ws, timestamp: 2026-06-18 17:19:14.911657, function: null, file: null}
Log registered: {message: Command received from master: {"command":"identifySlave","requestId":"identify-test"}, timestamp: 2026-06-18 17:19:14.913439, function: null, file: null}
Log registered: {message: Sent identifyAck notification to master, timestamp: 2026-06-18 17:19:14.913911, function: null, file: null}
Log registered: {message: Connection closed, timestamp: 2026-06-18 17:19:14.914314, function: null, file: null}
Log registered: {message: Session metadata saved to /var/folders/6s/dp27g8gn26j9mp36sjfxb9tw0000gn/T/slave_client_docs7654KU/session_slave-session-guid/metadata.json, timestamp: 2026-06-18 17:19:14.915735, function: null, file: null}
Log registered: {message: UploaderService: Resetting upload queue and state., timestamp: 2026-06-18 17:19:14.915812, function: null, file: null}
Log registered: {message: UploaderService: Reset completed., timestamp: 2026-06-18 17:19:14.915861, function: null, file: null}
Log registered: {message: Session ended and uploader reset., timestamp: 2026-06-18 17:19:14.915897, function: null, file: null}
00:03 +84: /Users/jose/src/work/hydracamv2/test/camera_singleton_initialization_test.dart: CameraServiceSingleton Initialization MasterScreen can be created when CameraServiceSingleton is initialized
00:03 +84: /Users/jose/src/work/hydracamv2/test/slave/slave_client_registration_test.dart: scheduled command applies master clock offset before countdown
Log registered: {message: Retrieved existing Device ID: test-device, timestamp: 2026-06-18 17:19:14.918116, function: null, file: null}
Log registered: {message: Attempting to connect to master WebSocket at ws://127.0.0.1:53880/ws with Device ID: test-device, timestamp: 2026-06-18 17:19:14.918231, function: null, file: null}
Log registered: {message: Could not read slave app version diagnostics: MissingPluginException(No implementation found for method getAll on channel dev.fluttercommunity.plus/package_info), timestamp: 2026-06-18 17:19:14.919488, function: null, file: null}
Log registered: {message: Could not read slave hardware diagnostics: MissingPluginException(No implementation found for method getDeviceInfo on channel dev.fluttercommunity.plus/device_info), timestamp: 2026-06-18 17:19:14.920792, function: null, file: null}
Log registered: {message: Connected to WebSocket at ws://127.0.0.1:53880/ws, timestamp: 2026-06-18 17:19:14.921098, function: null, file: null}
Log registered: {message: Command received from master: {"type":"scheduledCommand","command":"takePhoto","scheduledTime":"2026-06-08T20:35:05.000Z","masterTime":"2026-06-08T20:35:02.000Z"}, timestamp: 2026-06-18 17:19:14.922720, function: null, file: null}
Log registered: {message: Applied coarse fallback clock offset from master timestamp: 2000 ms., timestamp: 2026-06-18 17:19:14.923663, function: null, file: null}
Log registered: {message: Command 'takePhoto' scheduled for 2026-06-08 20:35:05.000Z., timestamp: 2026-06-18 17:19:14.923962, function: null, file: null}
Log registered: {message: Connection closed, timestamp: 2026-06-18 17:19:14.924468, function: null, file: null}
00:03 +85: /Users/jose/src/work/hydracamv2/test/camera_singleton_initialization_test.dart: CameraServiceSingleton Initialization MasterScreen can be created when CameraServiceSingleton is initialized
00:03 +85: /Users/jose/src/work/hydracamv2/test/screens/uploader_info_screen_test.dart: summary shows pending queue and current upload
Log registered: {message: Session metadata saved to /var/folders/6s/dp27g8gn26j9mp36sjfxb9tw0000gn/T/uploader_info_screen_docsHNoMuU/session_uploader-info-summary-guid/metadata.json, timestamp: 2026-06-18 17:19:14.946188, function: null, file: null}
Log registered: {message: UploaderService: Resetting upload queue and state., timestamp: 2026-06-18 17:19:14.946436, function: null, file: null}
Log registered: {message: Cancelled in-flight API requests., timestamp: 2026-06-18 17:19:14.946675, function: null, file: null}
Log registered: {message: UploaderService: Reset completed., timestamp: 2026-06-18 17:19:14.946762, function: null, file: null}
Log registered: {message: Session ended and uploader reset., timestamp: 2026-06-18 17:19:14.946809, function: null, file: null}
Log registered: {message: UploaderService: Resetting upload queue and state., timestamp: 2026-06-18 17:19:14.946918, function: null, file: null}
Log registered: {message: UploaderService: Reset completed., timestamp: 2026-06-18 17:19:14.947057, function: null, file: null}
00:03 +86: /Users/jose/src/work/hydracamv2/test/camera_singleton_initialization_test.dart: CameraServiceSingleton Initialization MasterScreen can be created when CameraServiceSingleton is initialized
00:03 +86: /Users/jose/src/work/hydracamv2/test/screens/uploader_info_screen_test.dart: start uploads action drains the pending queue
Log registered: {message: UploaderService: Resetting upload queue and state., timestamp: 2026-06-18 17:19:14.948430, function: null, file: null}
Log registered: {message: UploaderService: Reset completed., timestamp: 2026-06-18 17:19:14.948500, function: null, file: null}
Log registered: {message: UploaderService: Resetting upload queue and state., timestamp: 2026-06-18 17:19:14.951095, function: null, file: null}
Log registered: {message: UploaderService: Reset completed., timestamp: 2026-06-18 17:19:14.951202, function: null, file: null}
Log registered: {message: Session started with GUID: uploader-info-start-guid on device type: Master, timestamp: 2026-06-18 17:19:14.951281, function: null, file: null}
Log registered: {message: [UploaderService] No uploaded media with valid durations. Returning zero duration., timestamp: 2026-06-18 17:19:14.952025, function: null, file: null}
Log registered: {message: Media added to upload queue: /var/folders/6s/dp27g8gn26j9mp36sjfxb9tw0000gn/T/uploader_info_screen_testF3X2oo/queued-photo.jpg, timestamp: 2026-06-18 17:19:14.952247, function: null, file: null}
Log registered: {message: Auto-upload is disabled. Media added to queue but not uploaded., timestamp: 2026-06-18 17:19:14.952391, function: null, file: null}
Log registered: {message: Manual upload initiated., timestamp: 2026-06-18 17:19:14.982655, function: null, file: null}
Log registered: {message: UploaderService: _startUploading called. _isUploading=false, queue length=1, timestamp: 2026-06-18 17:19:14.983003, function: null, file: null}
Log registered: {message: UploaderService: _processNextItem called. Queue length=1, timestamp: 2026-06-18 17:19:14.983467, function: null, file: null}
Log registered: {message: UploaderService: sessionGuid=uploader-info-start-guid, timestamp: 2026-06-18 17:19:14.983622, function: null, file: null}
Log registered: {message: Get token, timestamp: 2026-06-18 17:19:14.985403, function: null, file: null}
Log registered: {message: Media uploaded successfully, timestamp: 2026-06-18 17:19:14.996931, function: null, file: null}
Log registered: {message: Media uploaded: /var/folders/6s/dp27g8gn26j9mp36sjfxb9tw0000gn/T/uploader_info_screen_testF3X2oo/queued-photo.jpg, timestamp: 2026-06-18 17:19:14.997248, function: null, file: null}
Log registered: {message: Session metadata saved to /var/folders/6s/dp27g8gn26j9mp36sjfxb9tw0000gn/T/uploader_info_screen_docsHNoMuU/session_uploader-info-start-guid/metadata.json, timestamp: 2026-06-18 17:19:14.998281, function: null, file: null}
Log registered: {message: [UploaderService] Queue is empty. Returning zero duration., timestamp: 2026-06-18 17:19:14.998719, function: null, file: null}
Log registered: {message: UploaderService: _processNextItem called. Queue length=0, timestamp: 2026-06-18 17:19:14.998798, function: null, file: null}
Log registered: {message: UploaderService: Queue is empty. Uploading stopped., timestamp: 2026-06-18 17:19:14.998866, function: null, file: null}
00:03 +87: /Users/jose/src/work/hydracamv2/test/camera_singleton_initialization_test.dart: CameraServiceSingleton Initialization MasterScreen can be created when CameraServiceSingleton is initialized
00:03 +87: /Users/jose/src/work/hydracamv2/test/screens/uploader_info_screen_test.dart: start uploads action drains the pending queue
Log registered: {message: Session metadata saved to /var/folders/6s/dp27g8gn26j9mp36sjfxb9tw0000gn/T/uploader_info_screen_docsHNoMuU/session_uploader-info-start-guid/metadata.json, timestamp: 2026-06-18 17:19:15.014189, function: null, file: null}
Log registered: {message: UploaderService: Resetting upload queue and state., timestamp: 2026-06-18 17:19:15.014407, function: null, file: null}
Log registered: {message: UploaderService: Reset completed., timestamp: 2026-06-18 17:19:15.014489, function: null, file: null}
Log registered: {message: Session ended and uploader reset., timestamp: 2026-06-18 17:19:15.014536, function: null, file: null}
Log registered: {message: UploaderService: Resetting upload queue and state., timestamp: 2026-06-18 17:19:15.014583, function: null, file: null}
Log registered: {message: UploaderService: Reset completed., timestamp: 2026-06-18 17:19:15.014623, function: null, file: null}
00:03 +88: /Users/jose/src/work/hydracamv2/test/camera_singleton_initialization_test.dart: CameraServiceSingleton Initialization MasterScreen can be created when CameraServiceSingleton is initialized
00:03 +88: /Users/jose/src/work/hydracamv2/test/slave/slave_screen_fast_connect_test.dart: forced preferred master connects without network readiness probe
Log registered: {message: Skipping slave network readiness for forced preferred master 192.168.178.153., timestamp: 2026-06-18 17:19:15.017918, function: null, file: null}
Log registered: {message: Connecting to master at IP: 192.168.178.153, timestamp: 2026-06-18 17:19:15.019951, function: null, file: null}
00:03 +89: /Users/jose/src/work/hydracamv2/test/camera_singleton_initialization_test.dart: CameraServiceSingleton Initialization MasterScreen can be created when CameraServiceSingleton is initialized
Log registered: {message: WebSocket Server stopped, timestamp: 2026-06-18 17:19:15.085587, function: null, file: null}
Log registered: {message: Stopped broadcasting master discovery message., timestamp: 2026-06-18 17:19:15.087717, function: null, file: null}
00:03 +90: /Users/jose/src/work/hydracamv2/test/slave/slave_client_time_sync_test.dart: malformed timeSyncResponse does not consume a pending sample
00:03 +91: /Users/jose/src/work/hydracamv2/test/slave/slave_client_time_sync_test.dart: malformed timeSyncResponse does not consume a pending sample
00:03 +92: /Users/jose/src/work/hydracamv2/test/slave/slave_client_time_sync_test.dart: malformed timeSyncResponse does not consume a pending sample
00:03 +93: /Users/jose/src/work/hydracamv2/test/slave/slave_client_time_sync_test.dart: malformed timeSyncResponse does not consume a pending sample
00:03 +93: /Users/jose/src/work/hydracamv2/test/camera_singleton_initialization_test.dart: CameraServiceSingleton Error Prevention MasterScreen initState accesses CameraServiceSingleton safely
Log registered: {message: WebSocket Server stopped, timestamp: 2026-06-18 17:19:15.185990, function: null, file: null}
Log registered: {message: Stopped broadcasting master discovery message., timestamp: 2026-06-18 17:19:15.186227, function: null, file: null}
00:03 +94: /Users/jose/src/work/hydracamv2/test/slave/slave_client_time_sync_test.dart: malformed timeSyncResponse does not consume a pending sample
00:03 +95: /Users/jose/src/work/hydracamv2/test/slave/slave_client_time_sync_test.dart: malformed timeSyncResponse does not consume a pending sample
00:03 +96: /Users/jose/src/work/hydracamv2/test/slave/slave_client_time_sync_test.dart: malformed timeSyncResponse does not consume a pending sample
00:03 +96: /Users/jose/src/work/hydracamv2/test/master/master_time_sync_test.dart: master answers a timeSyncRequest with echoed id/t0 and its t1/t2
Log registered: {message: Data received from slave: {type: timeSyncRequest, deviceId: slave-a, id: 3:5, t0: 2026-01-01T00:00:00.000Z}, timestamp: 2026-06-18 17:19:15.268880, function: null, file: null}
00:03 +97: /Users/jose/src/work/hydracamv2/test/slave/slave_client_time_sync_test.dart: malformed timeSyncResponse does not consume a pending sample
00:03 +97: /Users/jose/src/work/hydracamv2/test/master/master_time_sync_test.dart: master answers a timeSyncRequest with echoed id/t0 and its t1/t2
Trace file unavailable: MissingPluginException(No implementation found for method getApplicationDocumentsDirectory on channel plugins.flutter.io/path_provider)
00:03 +97: /Users/jose/src/work/hydracamv2/test/master/master_time_sync_test.dart: master timeSyncResponse uses the injected master clock
Log registered: {message: Data received from slave: {type: timeSyncRequest, deviceId: slave-deterministic, id: 7:2, t0: 2026-06-18T15:29:59.900Z}, timestamp: 2026-06-18 17:19:15.283866, function: null, file: null}
00:03 +98: /Users/jose/src/work/hydracamv2/test/slave/slave_client_time_sync_test.dart: malformed timeSyncResponse does not consume a pending sample
00:03 +99: /Users/jose/src/work/hydracamv2/test/slave/slave_client_time_sync_test.dart: malformed timeSyncResponse does not consume a pending sample
00:03 +99: /Users/jose/src/work/hydracamv2/test/slave/slave_screen_fast_connect_test.dart: slave app bar opens uploader info directly
Log registered: {message: Skipping slave network readiness for forced preferred master 192.168.178.153., timestamp: 2026-06-18 17:19:15.353737, function: null, file: null}
Log registered: {message: Connecting to master at IP: 192.168.178.153, timestamp: 2026-06-18 17:19:15.354059, function: null, file: null}
00:03 +100: /Users/jose/src/work/hydracamv2/test/slave/slave_client_time_sync_test.dart: malformed timeSyncResponse does not consume a pending sample
00:03 +100: /Users/jose/src/work/hydracamv2/test/slave/slave_screen_fast_connect_test.dart: connectivity stream errors are logged without uncaught exception
Log registered: {message: Skipping slave network readiness for forced preferred master 192.168.178.153., timestamp: 2026-06-18 17:19:15.518702, function: null, file: null}
Log registered: {message: Connecting to master at IP: 192.168.178.153, timestamp: 2026-06-18 17:19:15.518977, function: null, file: null}
Log registered: {message: Connectivity change listener failed: SocketException: dbus unavailable
#0      main.<anonymous closure> (file:///Users/jose/src/work/hydracamv2/test/slave/slave_screen_fast_connect_test.dart:228:18)
<asynchronous suspension>
#1      testWidgets.<anonymous closure>.<anonymous closure> (package:flutter_test/src/widget_tester.dart:192:15)
<asynchronous suspension>
#2      TestWidgetsFlutterBinding._runTestBody (package:flutter_test/src/binding.dart:1952:5)
<asynchronous suspension>
#3      StackZoneSpecification._registerCallback.<anonymous closure> (package:stack_trace/src/stack_zone_specification.dart:114:42)
<asynchronous suspension>
, timestamp: 2026-06-18 17:19:15.539507, function: null, file: null}
00:04 +101: /Users/jose/src/work/hydracamv2/test/slave/slave_client_time_sync_test.dart: malformed timeSyncResponse does not consume a pending sample
00:04 +101: /Users/jose/src/work/hydracamv2/test/slave/slave_screen_fast_connect_test.dart: linux skips default connectivity stream subscription
Log registered: {message: Skipping connectivity change listener on linux; network readiness will be checked on demand., timestamp: 2026-06-18 17:19:15.577099, function: null, file: null}
Log registered: {message: Skipping slave network readiness for forced preferred master 192.168.178.153., timestamp: 2026-06-18 17:19:15.577312, function: null, file: null}
Log registered: {message: Connecting to master at IP: 192.168.178.153, timestamp: 2026-06-18 17:19:15.577440, function: null, file: null}
00:04 +102: /Users/jose/src/work/hydracamv2/test/slave/slave_client_time_sync_test.dart: malformed timeSyncResponse does not consume a pending sample
00:04 +102: /Users/jose/src/work/hydracamv2/test/slave/slave_screen_fast_connect_test.dart: recording slave surface exposes safe stop control
Log registered: {message: Skipping slave network readiness for forced preferred master 192.168.178.153., timestamp: 2026-06-18 17:19:15.647018, function: null, file: null}
Log registered: {message: Connecting to master at IP: 192.168.178.153, timestamp: 2026-06-18 17:19:15.647197, function: null, file: null}
00:04 +103: /Users/jose/src/work/hydracamv2/test/slave/slave_client_time_sync_test.dart: malformed timeSyncResponse does not consume a pending sample
00:04 +104: /Users/jose/src/work/hydracamv2/test/slave/slave_client_time_sync_test.dart: malformed timeSyncResponse does not consume a pending sample
00:04 +105: /Users/jose/src/work/hydracamv2/test/slave/slave_client_time_sync_test.dart: malformed timeSyncResponse does not consume a pending sample
00:04 +106: /Users/jose/src/work/hydracamv2/test/slave/slave_client_time_sync_test.dart: malformed timeSyncResponse does not consume a pending sample
00:04 +107: /Users/jose/src/work/hydracamv2/test/slave/slave_client_time_sync_test.dart: malformed timeSyncResponse does not consume a pending sample
00:04 +108: /Users/jose/src/work/hydracamv2/test/slave/slave_client_time_sync_test.dart: malformed timeSyncResponse does not consume a pending sample
00:04 +109: /Users/jose/src/work/hydracamv2/test/slave/slave_client_time_sync_test.dart: malformed timeSyncResponse does not consume a pending sample
00:04 +110: /Users/jose/src/work/hydracamv2/test/slave/slave_client_time_sync_test.dart: malformed timeSyncResponse does not consume a pending sample
00:04 +111: /Users/jose/src/work/hydracamv2/test/slave/slave_client_time_sync_test.dart: malformed timeSyncResponse does not consume a pending sample
00:04 +112: /Users/jose/src/work/hydracamv2/test/slave/slave_client_time_sync_test.dart: malformed timeSyncResponse does not consume a pending sample
00:04 +112: /Users/jose/src/work/hydracamv2/test/master/master_screen_test.dart: (setUpAll)
Log registered: {message: StorageService monitoring disabled - timer not started., timestamp: 2026-06-18 17:19:15.695390, function: null, file: null}
00:04 +112: /Users/jose/src/work/hydracamv2/test/slave/slave_client_time_sync_test.dart: malformed timeSyncResponse does not consume a pending sample
00:04 +113: /Users/jose/src/work/hydracamv2/test/slave/slave_client_time_sync_test.dart: malformed timeSyncResponse does not consume a pending sample
00:04 +113: /Users/jose/src/work/hydracamv2/test/master/master_announcer_test.dart: starts periodic discovery without real UDP and cancels on stop
Log registered: {message: Stopped broadcasting master discovery message., timestamp: 2026-06-18 17:19:15.730019, function: null, file: null}
00:04 +113: /Users/jose/src/work/hydracamv2/test/slave/slave_screen_fast_connect_test.dart: recording slave screen auto-off dims and tap wakes
Log registered: {message: Skipping slave network readiness for forced preferred master 192.168.178.153., timestamp: 2026-06-18 17:19:15.739315, function: null, file: null}
Log registered: {message: Connecting to master at IP: 192.168.178.153, timestamp: 2026-06-18 17:19:15.739523, function: null, file: null}
00:04 +113: /Users/jose/src/work/hydracamv2/test/master/master_announcer_test.dart: starts periodic discovery without real UDP and cancels on stop
Trace file unavailable: Binding has not yet been initialized.
The "instance" getter on the ServicesBinding binding mixin is only available once that binding has been initialized.
Typically, this is done by calling "WidgetsFlutterBinding.ensureInitialized()" or "runApp()" (the latter calls the former). Typically this call is done in the "void main()" method. The "ensureInitialized" method is idempotent; calling it multiple times is not harmful. After calling that method, the "instance" getter will return the binding.
In a test, one can call "TestWidgetsFlutterBinding.ensureInitialized()" as the first line in the test's "main()" method to initialize the binding.
If ServicesBinding is a custom binding mixin, there must also be a custom binding class, like WidgetsFlutterBinding, but that mixes in the selected binding, and that is the class that must be constructed before using the "instance" getter.
00:04 +114: /Users/jose/src/work/hydracamv2/test/slave/slave_client_time_sync_test.dart: malformed timeSyncResponse does not consume a pending sample
00:04 +114: /Users/jose/src/work/hydracamv2/test/master/master_announcer_test.dart: broadcast errors do not stop later timer ticks
Log registered: {message: Error during broadcasting: Bad state: transient UDP failure, timestamp: 2026-06-18 17:19:15.754848, function: null, file: null}
Log registered: {message: Stopped broadcasting master discovery message., timestamp: 2026-06-18 17:19:15.755539, function: null, file: null}
00:04 +115: /Users/jose/src/work/hydracamv2/test/slave/slave_client_time_sync_test.dart: malformed timeSyncResponse does not consume a pending sample
00:04 +116: /Users/jose/src/work/hydracamv2/test/slave/slave_client_time_sync_test.dart: malformed timeSyncResponse does not consume a pending sample
00:04 +117: /Users/jose/src/work/hydracamv2/test/slave/slave_client_time_sync_test.dart: malformed timeSyncResponse does not consume a pending sample
00:04 +117: /Users/jose/src/work/hydracamv2/test/slave/slave_screen_fast_connect_test.dart: identify command acknowledgement shows visible slave frame
Log registered: {message: Skipping slave network readiness for forced preferred master 192.168.178.153., timestamp: 2026-06-18 17:19:15.824758, function: null, file: null}
Log registered: {message: Connecting to master at IP: 192.168.178.153, timestamp: 2026-06-18 17:19:15.824960, function: null, file: null}
00:04 +117: /Users/jose/src/work/hydracamv2/test/master/master_network_snapshot_cache_test.dart: pending server start closes immediately when stop is requested
Log registered: {message: WebSocket Server stopped, timestamp: 2026-06-18 17:19:15.827287, function: null, file: null}
Log registered: {message: WebSocket Server startup cancelled because stop was requested., timestamp: 2026-06-18 17:19:15.832910, function: null, file: null}
00:04 +118: /Users/jose/src/work/hydracamv2/test/slave/slave_client_time_sync_test.dart: malformed timeSyncResponse does not consume a pending sample
00:04 +119: /Users/jose/src/work/hydracamv2/test/slave/slave_client_time_sync_test.dart: malformed timeSyncResponse does not consume a pending sample
00:04 +120: /Users/jose/src/work/hydracamv2/test/slave/slave_client_time_sync_test.dart: malformed timeSyncResponse does not consume a pending sample
00:04 +121: /Users/jose/src/work/hydracamv2/test/slave/slave_client_time_sync_test.dart: malformed timeSyncResponse does not consume a pending sample
00:04 +121: /Users/jose/src/work/hydracamv2/test/master/master_network_snapshot_cache_test.dart: master server warns slave when stale Wi-Fi identity conflicts with IP
Log registered: {message: Slave wrong-network-slave appears to be on the wrong network. remoteIp=10.10.0.20 slaveSubnet=10.10.0.0/24 masterSubnet=192.168.178.0/24, timestamp: 2026-06-18 17:19:15.850231, function: null, file: null}
00:04 +122: /Users/jose/src/work/hydracamv2/test/slave/slave_client_time_sync_test.dart: malformed timeSyncResponse does not consume a pending sample
00:04 +123: /Users/jose/src/work/hydracamv2/test/slave/slave_client_time_sync_test.dart: malformed timeSyncResponse does not consume a pending sample
00:04 +123: /Users/jose/src/work/hydracamv2/test/master/master_network_snapshot_cache_test.dart: incoming device registration sends current session status
Log registered: {message: Data received from slave: {type: deviceId, deviceId: slave-a, sessionGuid: slave-session-guid, network: {isWifiActive: true, ipAddress: 192.168.178.62, source: slave-test}}, timestamp: 2026-06-18 17:19:15.854283, function: null, file: null}
Log registered: {message: Registered new slave with deviceId: slave-a, timestamp: 2026-06-18 17:19:15.855007, function: null, file: null}
Log registered: {message: Sent noSession to slave-a, timestamp: 2026-06-18 17:19:15.855174, function: null, file: null}
00:04 +124: /Users/jose/src/work/hydracamv2/test/slave/slave_client_time_sync_test.dart: malformed timeSyncResponse does not consume a pending sample
00:04 +124: /Users/jose/src/work/hydracamv2/test/master/master_network_snapshot_cache_test.dart: incoming device registration exposes app and hardware diagnostics
Log registered: {message: Data received from slave: {type: deviceId, deviceId: slave-a, appVersion: 1.4.0, appBuildNumber: 16, hardware: Samsung Galaxy S10e}, timestamp: 2026-06-18 17:19:15.856688, function: null, file: null}
Log registered: {message: Registered new slave with deviceId: slave-a, timestamp: 2026-06-18 17:19:15.856985, function: null, file: null}
Log registered: {message: Sent noSession to slave-a, timestamp: 2026-06-18 17:19:15.857083, function: null, file: null}
00:04 +125: /Users/jose/src/work/hydracamv2/test/slave/slave_client_time_sync_test.dart: malformed timeSyncResponse does not consume a pending sample
00:04 +125: /Users/jose/src/work/hydracamv2/test/master/master_network_snapshot_cache_test.dart: incoming heartbeat preserves slave session media diagnostics
Log registered: {message: Data received from slave: {type: heartbeat, deviceId: slave-a, sessionGuid: slave-session-guid, sessionMedia: {photoCount: 1, videoCount: 0, pendingUploadCount: 1, uploadedCount: 0}}, timestamp: 2026-06-18 17:19:15.859762, function: null, file: null}
Log registered: {message: Received heartbeat from slave-a, timestamp: 2026-06-18 17:19:15.860133, function: null, file: null}
00:04 +126: /Users/jose/src/work/hydracamv2/test/slave/slave_client_time_sync_test.dart: malformed timeSyncResponse does not consume a pending sample
00:04 +126: /Users/jose/src/work/hydracamv2/test/master/master_network_snapshot_cache_test.dart: incoming heartbeat clears stale slave session media diagnostics
Log registered: {message: Data received from slave: {type: heartbeat, deviceId: slave-a, sessionGuid: slave-session-guid, sessionMedia: {photoCount: 1, videoCount: 0, pendingUploadCount: 1, uploadedCount: 0}}, timestamp: 2026-06-18 17:19:15.861495, function: null, file: null}
Log registered: {message: Received heartbeat from slave-a, timestamp: 2026-06-18 17:19:15.861733, function: null, file: null}
Log registered: {message: Data received from slave: {type: heartbeat, deviceId: slave-a}, timestamp: 2026-06-18 17:19:15.861823, function: null, file: null}
Log registered: {message: Received heartbeat from slave-a, timestamp: 2026-06-18 17:19:15.861946, function: null, file: null}
00:04 +127: /Users/jose/src/work/hydracamv2/test/slave/slave_client_time_sync_test.dart: malformed timeSyncResponse does not consume a pending sample
00:04 +127: /Users/jose/src/work/hydracamv2/test/master/master_network_snapshot_cache_test.dart: incoming photo media is saved through session media storage
Log registered: {message: UploaderService: Resetting upload queue and state., timestamp: 2026-06-18 17:19:15.866224, function: null, file: null}
Log registered: {message: UploaderService: Reset completed., timestamp: 2026-06-18 17:19:15.866784, function: null, file: null}
Log registered: {message: Session started with GUID: server-media-guid on device type: Master, timestamp: 2026-06-18 17:19:15.867021, function: null, file: null}
Log registered: {message: Data received from slave: {type: photo, deviceId: slave-a, data: [255, 216, 255], captureDate: 2026-06-09T03:44:00.000Z}, timestamp: 2026-06-18 17:19:15.867359, function: null, file: null}
Log registered: {message: Save media locally, timestamp: 2026-06-18 17:19:15.867851, function: null, file: null}
Log registered: {message: Adding photo to upload queue: /var/folders/6s/dp27g8gn26j9mp36sjfxb9tw0000gn/T/master_received_mediaQPlAYN/session_server-media-guid/media_1770000000789.jpg, timestamp: 2026-06-18 17:19:15.870436, function: null, file: null}
Log registered: {message: Session metadata saved to /var/folders/6s/dp27g8gn26j9mp36sjfxb9tw0000gn/T/master_server_docs3MJT1S/session_server-media-guid/metadata.json, timestamp: 2026-06-18 17:19:15.872689, function: null, file: null}
Log registered: {message: [UploaderService] No uploaded media with valid durations. Returning zero duration., timestamp: 2026-06-18 17:19:15.873606, function: null, file: null}
Log registered: {message: Media added to upload queue: /var/folders/6s/dp27g8gn26j9mp36sjfxb9tw0000gn/T/master_received_mediaQPlAYN/session_server-media-guid/media_1770000000789.jpg, timestamp: 2026-06-18 17:19:15.873738, function: null, file: null}
Log registered: {message: Auto-upload is disabled. Media added to queue but not uploaded., timestamp: 2026-06-18 17:19:15.874655, function: null, file: null}
Log registered: {message: Photo from slave device (slave-a) received and stored at: /var/folders/6s/dp27g8gn26j9mp36sjfxb9tw0000gn/T/master_received_mediaQPlAYN/session_server-media-guid/media_1770000000789.jpg, timestamp: 2026-06-18 17:19:15.874824, function: null, file: null}
Log registered: {message: Session metadata saved to /var/folders/6s/dp27g8gn26j9mp36sjfxb9tw0000gn/T/master_server_docs3MJT1S/session_server-media-guid/metadata.json, timestamp: 2026-06-18 17:19:15.876991, function: null, file: null}
Log registered: {message: UploaderService: Resetting upload queue and state., timestamp: 2026-06-18 17:19:15.877109, function: null, file: null}
Log registered: {message: UploaderService: Reset completed., timestamp: 2026-06-18 17:19:15.877187, function: null, file: null}
Log registered: {message: Session ended and uploader reset., timestamp: 2026-06-18 17:19:15.877241, function: null, file: null}
00:04 +128: /Users/jose/src/work/hydracamv2/test/slave/slave_client_time_sync_test.dart: malformed timeSyncResponse does not consume a pending sample
00:04 +128: /Users/jose/src/work/hydracamv2/test/master/master_network_snapshot_cache_test.dart: stale socket close does not remove current client registration
Log registered: {message: Client slave-a disconnected. Total clients: 0, timestamp: 2026-06-18 17:19:15.879570, function: null, file: null}
00:04 +129: /Users/jose/src/work/hydracamv2/test/slave/slave_client_time_sync_test.dart: malformed timeSyncResponse does not consume a pending sample
00:04 +129: /Users/jose/src/work/hydracamv2/test/master/master_network_snapshot_cache_test.dart: master server retains disconnected device status after socket removal
Log registered: {message: Client slave-a disconnected. Total clients: 0, timestamp: 2026-06-18 17:19:15.881252, function: null, file: null}
00:04 +130: /Users/jose/src/work/hydracamv2/test/slave/slave_client_time_sync_test.dart: malformed timeSyncResponse does not consume a pending sample
00:04 +130: /Users/jose/src/work/hydracamv2/test/master/master_network_snapshot_cache_test.dart: stopServer clears transport state without ending the active session
Log registered: {message: UploaderService: Resetting upload queue and state., timestamp: 2026-06-18 17:19:15.882652, function: null, file: null}
Log registered: {message: UploaderService: Reset completed., timestamp: 2026-06-18 17:19:15.882764, function: null, file: null}
Log registered: {message: Session started with GUID: stop-server-session-guid on device type: Master, timestamp: 2026-06-18 17:19:15.882837, function: null, file: null}
Log registered: {message: WebSocket Server stopped, timestamp: 2026-06-18 17:19:15.883092, function: null, file: null}
Log registered: {message: Capture session with GUID: stop-server-session-guid ended and stored in history., timestamp: 2026-06-18 17:19:15.883343, function: null, file: null}
Log registered: {message: Session metadata saved to /var/folders/6s/dp27g8gn26j9mp36sjfxb9tw0000gn/T/master_server_docsKVTkwZ/session_stop-server-session-guid/metadata.json, timestamp: 2026-06-18 17:19:15.884454, function: null, file: null}
Log registered: {message: UploaderService: Resetting upload queue and state., timestamp: 2026-06-18 17:19:15.884561, function: null, file: null}
Log registered: {message: UploaderService: Reset completed., timestamp: 2026-06-18 17:19:15.884634, function: null, file: null}
Log registered: {message: Session ended and uploader reset., timestamp: 2026-06-18 17:19:15.885433, function: null, file: null}
00:04 +131: /Users/jose/src/work/hydracamv2/test/slave/slave_client_time_sync_test.dart: malformed timeSyncResponse does not consume a pending sample
00:04 +131: /Users/jose/src/work/hydracamv2/test/master/master_network_snapshot_cache_test.dart: stopServer clears transport state without ending the active session
Log registered: {message: Command sent to 0 eligible connected slave(s): {"command":"sessionEnded","sessionGuid":"stop-server-session-guid"}, timestamp: 2026-06-18 17:19:15.886179, function: null, file: null}
00:04 +132: /Users/jose/src/work/hydracamv2/test/slave/slave_client_time_sync_test.dart: malformed timeSyncResponse does not consume a pending sample
00:04 +133: /Users/jose/src/work/hydracamv2/test/slave/slave_client_time_sync_test.dart: malformed timeSyncResponse does not consume a pending sample
00:04 +133: /Users/jose/src/work/hydracamv2/test/master/master_network_snapshot_cache_test.dart: master server orders connected devices before disconnected history
Log registered: {message: Client a-stale-slave disconnected. Total clients: 0, timestamp: 2026-06-18 17:19:15.888273, function: null, file: null}
00:04 +134: /Users/jose/src/work/hydracamv2/test/slave/slave_client_time_sync_test.dart: malformed timeSyncResponse does not consume a pending sample
00:04 +134: /Users/jose/src/work/hydracamv2/test/master/master_network_snapshot_cache_test.dart: scheduled commands include master send time for slave clock offset
Log registered: {message: Scheduling command 'takePhoto' for 2026-06-08T20:35:05.000Z, timestamp: 2026-06-18 17:19:15.890161, function: null, file: null}
Log registered: {message: Scheduled command 'takePhoto' sent to slave with deviceId: slave-a., timestamp: 2026-06-18 17:19:15.890444, function: null, file: null}
00:04 +135: /Users/jose/src/work/hydracamv2/test/slave/slave_client_time_sync_test.dart: malformed timeSyncResponse does not consume a pending sample
00:04 +135: /Users/jose/src/work/hydracamv2/test/master/master_network_snapshot_cache_test.dart: scheduled command for missing slave does not broadcast
Log registered: {message: Scheduling command 'takePhoto' for 2026-06-09T02:20:00.000Z, timestamp: 2026-06-18 17:19:15.892205, function: null, file: null}
Log registered: {message: Scheduled command 'takePhoto' not sent. Slave missing-slave is not connected., timestamp: 2026-06-18 17:19:15.892331, function: null, file: null}
00:04 +136: /Users/jose/src/work/hydracamv2/test/slave/slave_client_time_sync_test.dart: malformed timeSyncResponse does not consume a pending sample
00:04 +136: /Users/jose/src/work/hydracamv2/test/master/master_network_snapshot_cache_test.dart: scheduled broadcast sends to all eligible connected slaves
Log registered: {message: Scheduling command 'startRecordingVideo' for 2026-06-09T02:20:00.000Z, timestamp: 2026-06-18 17:19:15.893761, function: null, file: null}
Log registered: {message: Scheduled command 'startRecordingVideo' sent to 2 eligible connected slave(s)., timestamp: 2026-06-18 17:19:15.893958, function: null, file: null}
00:04 +137: /Users/jose/src/work/hydracamv2/test/slave/slave_client_time_sync_test.dart: malformed timeSyncResponse does not consume a pending sample
00:04 +137: /Users/jose/src/work/hydracamv2/test/master/master_network_snapshot_cache_test.dart: targeted command for missing slave does not broadcast
Log registered: {message: Sending command takePhoto, timestamp: 2026-06-18 17:19:15.899137, function: null, file: null}
Log registered: {message: Command 'takePhoto' not sent. Slave missing-slave is not connected., timestamp: 2026-06-18 17:19:15.899247, function: null, file: null}
00:04 +138: /Users/jose/src/work/hydracamv2/test/slave/slave_client_time_sync_test.dart: malformed timeSyncResponse does not consume a pending sample
00:04 +138: /Users/jose/src/work/hydracamv2/test/master/master_network_snapshot_cache_test.dart: targeted command only sends to the requested connected slave
Log registered: {message: Sending command takePhoto, timestamp: 2026-06-18 17:19:15.901373, function: null, file: null}
Log registered: {message: Command 'takePhoto' sent to slave with deviceId: slave-a., timestamp: 2026-06-18 17:19:15.901527, function: null, file: null}
00:04 +139: /Users/jose/src/work/hydracamv2/test/slave/slave_client_time_sync_test.dart: malformed timeSyncResponse does not consume a pending sample
00:04 +139: /Users/jose/src/work/hydracamv2/test/master/master_network_snapshot_cache_test.dart: broadcast command sends to all eligible connected slaves
Log registered: {message: Sending command stopRecordingVideo, timestamp: 2026-06-18 17:19:15.903606, function: null, file: null}
Log registered: {message: Command 'stopRecordingVideo' sent to 2 eligible connected slave(s)., timestamp: 2026-06-18 17:19:15.903784, function: null, file: null}
00:04 +140: /Users/jose/src/work/hydracamv2/test/slave/slave_client_time_sync_test.dart: malformed timeSyncResponse does not consume a pending sample
00:04 +140: /Users/jose/src/work/hydracamv2/test/master/master_network_snapshot_cache_test.dart: broadcast command skips slaves reporting a different session
Log registered: {message: UploaderService: Resetting upload queue and state., timestamp: 2026-06-18 17:19:15.905689, function: null, file: null}
Log registered: {message: UploaderService: Reset completed., timestamp: 2026-06-18 17:19:15.905843, function: null, file: null}
Log registered: {message: Session started with GUID: master-session-guid on device type: Master, timestamp: 2026-06-18 17:19:15.905955, function: null, file: null}
Log registered: {message: Sending command takePhoto, timestamp: 2026-06-18 17:19:15.906283, function: null, file: null}
Log registered: {message: Command 'takePhoto' skipped for slave stale-session-slave due to session mismatch., timestamp: 2026-06-18 17:19:15.906384, function: null, file: null}
Log registered: {message: Command 'takePhoto' sent to 1 eligible connected slave(s)., timestamp: 2026-06-18 17:19:15.906452, function: null, file: null}
Log registered: {message: Session metadata saved to /var/folders/6s/dp27g8gn26j9mp36sjfxb9tw0000gn/T/master_server_docsRhja6G/session_master-session-guid/metadata.json, timestamp: 2026-06-18 17:19:15.908, function: null, file: null}
Log registered: {message: UploaderService: Resetting upload queue and state., timestamp: 2026-06-18 17:19:15.908123, function: null, file: null}
Log registered: {message: UploaderService: Reset completed., timestamp: 2026-06-18 17:19:15.908177, function: null, file: null}
Log registered: {message: Session ended and uploader reset., timestamp: 2026-06-18 17:19:15.908226, function: null, file: null}
00:04 +141: /Users/jose/src/work/hydracamv2/test/slave/slave_client_time_sync_test.dart: malformed timeSyncResponse does not consume a pending sample
00:04 +141: /Users/jose/src/work/hydracamv2/test/master/master_network_snapshot_cache_test.dart: master sends identify command and records ack diagnostics
Log registered: {message: Identify command sent to slave with deviceId: slave-a., timestamp: 2026-06-18 17:19:15.910419, function: null, file: null}
Log registered: {message: Data received from slave: {type: identifyAck, deviceId: slave-a, requestId: identify-test, timestamp: 2026-06-08T21:35:01.000Z, sessionGuid: slave-session-guid, network: {isWifiActive: true, ipAddress: 192.168.178.64, source: identify-ack-test}, sessionMedia: {photoCount: 2, videoCount: 1, pendingUploadCount: 1, uploadedCount: 2}}, timestamp: 2026-06-18 17:19:15.910753, function: null, file: null}
00:04 +142: /Users/jose/src/work/hydracamv2/test/slave/slave_client_time_sync_test.dart: malformed timeSyncResponse does not consume a pending sample
00:04 +142: /Users/jose/src/work/hydracamv2/test/master/master_network_snapshot_cache_test.dart: master sends identify command and records ack diagnostics
Log registered: {message: Received identify acknowledgement from slave-a, timestamp: 2026-06-18 17:19:15.911499, function: null, file: null}
00:04 +143: /Users/jose/src/work/hydracamv2/test/slave/slave_client_time_sync_test.dart: malformed timeSyncResponse does not consume a pending sample
00:04 +143: /Users/jose/src/work/hydracamv2/test/master/master_network_snapshot_cache_test.dart: identify command still reaches slaves reporting a different session
Log registered: {message: UploaderService: Resetting upload queue and state., timestamp: 2026-06-18 17:19:15.912877, function: null, file: null}
Log registered: {message: UploaderService: Reset completed., timestamp: 2026-06-18 17:19:15.912957, function: null, file: null}
Log registered: {message: Session started with GUID: master-session-guid on device type: Master, timestamp: 2026-06-18 17:19:15.913010, function: null, file: null}
Log registered: {message: Identify command sent to slave with deviceId: stale-session-slave., timestamp: 2026-06-18 17:19:15.913185, function: null, file: null}
Log registered: {message: Session metadata saved to /var/folders/6s/dp27g8gn26j9mp36sjfxb9tw0000gn/T/master_server_docsrgICXW/session_master-session-guid/metadata.json, timestamp: 2026-06-18 17:19:15.914621, function: null, file: null}
Log registered: {message: UploaderService: Resetting upload queue and state., timestamp: 2026-06-18 17:19:15.914776, function: null, file: null}
Log registered: {message: UploaderService: Reset completed., timestamp: 2026-06-18 17:19:15.914842, function: null, file: null}
Log registered: {message: Session ended and uploader reset., timestamp: 2026-06-18 17:19:15.914884, function: null, file: null}
00:04 +144: /Users/jose/src/work/hydracamv2/test/slave/slave_client_time_sync_test.dart: malformed timeSyncResponse does not consume a pending sample
00:04 +144: /Users/jose/src/work/hydracamv2/test/master/master_media_sync_metadata_test.dart: incoming photo message carries syncMetadata into stored CapturedPhoto
Log registered: {message: UploaderService: Resetting upload queue and state., timestamp: 2026-06-18 17:19:15.914028, function: null, file: null}
Log registered: {message: UploaderService: Reset completed., timestamp: 2026-06-18 17:19:15.917712, function: null, file: null}
Log registered: {message: Session started with GUID: sync-photo-guid on device type: Master, timestamp: 2026-06-18 17:19:15.918606, function: null, file: null}
Log registered: {message: Data received from slave: {type: photo, deviceId: slave-a, data: [255, 216, 255], captureDate: 2026-06-09T03:44:00.000Z, syncMetadata: {offsetMs: 42, minRoundTripMs: 8, uncertaintyMs: 3, confidence: green, sampleCount: 6, calibratedAt: 2026-06-09T03:40:00.000Z, calibrationAgeMs: 1200}}, timestamp: 2026-06-18 17:19:15.920041, function: null, file: null}
Log registered: {message: Save media locally, timestamp: 2026-06-18 17:19:15.920687, function: null, file: null}
00:04 +144: /Users/jose/src/work/hydracamv2/test/master/master_network_snapshot_cache_test.dart: ending master session broadcasts the ended session guid
Log registered: {message: UploaderService: Resetting upload queue and state., timestamp: 2026-06-18 17:19:15.927047, function: null, file: null}
Log registered: {message: UploaderService: Reset completed., timestamp: 2026-06-18 17:19:15.927154, function: null, file: null}
Log registered: {message: Session started with GUID: master-session-guid on device type: Master, timestamp: 2026-06-18 17:19:15.927208, function: null, file: null}
Log registered: {message: Capture session with GUID: master-session-guid ended and stored in history., timestamp: 2026-06-18 17:19:15.927375, function: null, file: null}
Log registered: {message: Session metadata saved to /var/folders/6s/dp27g8gn26j9mp36sjfxb9tw0000gn/T/master_server_docsbUj5Vh/session_master-session-guid/metadata.json, timestamp: 2026-06-18 17:19:15.928198, function: null, file: null}
Log registered: {message: UploaderService: Resetting upload queue and state., timestamp: 2026-06-18 17:19:15.928383, function: null, file: null}
Log registered: {message: UploaderService: Reset completed., timestamp: 2026-06-18 17:19:15.928456, function: null, file: null}
Log registered: {message: Session ended and uploader reset., timestamp: 2026-06-18 17:19:15.928513, function: null, file: null}
Log registered: {message: Command sent to 1 eligible connected slave(s): {"command":"sessionEnded","sessionGuid":"master-session-guid"}, timestamp: 2026-06-18 17:19:15.928637, function: null, file: null}
00:04 +145: /Users/jose/src/work/hydracamv2/test/slave/slave_client_time_sync_test.dart: malformed timeSyncResponse does not consume a pending sample
00:04 +145: /Users/jose/src/work/hydracamv2/test/master/master_network_snapshot_cache_test.dart: pending identify becomes unavailable when the slave disconnects
Log registered: {message: Identify command sent to slave with deviceId: slave-a., timestamp: 2026-06-18 17:19:15.930677, function: null, file: null}
Log registered: {message: Client slave-a disconnected. Total clients: 0, timestamp: 2026-06-18 17:19:15.930788, function: null, file: null}
00:04 +146: /Users/jose/src/work/hydracamv2/test/slave/slave_client_time_sync_test.dart: malformed timeSyncResponse does not consume a pending sample
00:04 +147: /Users/jose/src/work/hydracamv2/test/slave/slave_client_time_sync_test.dart: malformed timeSyncResponse does not consume a pending sample
00:04 +147: /Users/jose/src/work/hydracamv2/test/master/master_media_sync_metadata_test.dart: incoming photo message carries syncMetadata into stored CapturedPhoto
Log registered: {message: Adding photo to upload queue: /var/folders/6s/dp27g8gn26j9mp36sjfxb9tw0000gn/T/master_media_sync_photo9ixjC0/session_sync-photo-guid/media_1770000000789.jpg, timestamp: 2026-06-18 17:19:15.931877, function: null, file: null}
00:04 +147: /Users/jose/src/work/hydracamv2/test/slave/slave_client_time_sync_test.dart: malformed timeSyncResponse does not consume a pending sample
00:04 +147: /Users/jose/src/work/hydracamv2/test/master/master_media_sync_metadata_test.dart: incoming photo message carries syncMetadata into stored CapturedPhoto
Log registered: {message: Session metadata saved to /var/folders/6s/dp27g8gn26j9mp36sjfxb9tw0000gn/T/master_server_docsLI0P2y/session_sync-photo-guid/metadata.json, timestamp: 2026-06-18 17:19:15.934134, function: null, file: null}
Log registered: {message: Sync sidecar saved to /var/folders/6s/dp27g8gn26j9mp36sjfxb9tw0000gn/T/master_media_sync_photo9ixjC0/session_sync-photo-guid/media_1770000000789.jpg.sync.json, timestamp: 2026-06-18 17:19:15.934877, function: null, file: null}
Log registered: {message: [UploaderService] No uploaded media with valid durations. Returning zero duration., timestamp: 2026-06-18 17:19:15.935774, function: null, file: null}
Log registered: {message: Media added to upload queue: /var/folders/6s/dp27g8gn26j9mp36sjfxb9tw0000gn/T/master_media_sync_photo9ixjC0/session_sync-photo-guid/media_1770000000789.jpg, timestamp: 2026-06-18 17:19:15.935906, function: null, file: null}
Log registered: {message: Auto-upload is disabled. Media added to queue but not uploaded., timestamp: 2026-06-18 17:19:15.936842, function: null, file: null}
Log registered: {message: Photo from slave device (slave-a) received and stored at: /var/folders/6s/dp27g8gn26j9mp36sjfxb9tw0000gn/T/master_media_sync_photo9ixjC0/session_sync-photo-guid/media_1770000000789.jpg, timestamp: 2026-06-18 17:19:15.936966, function: null, file: null}
Log registered: {message: Session metadata saved to /var/folders/6s/dp27g8gn26j9mp36sjfxb9tw0000gn/T/master_server_docsLI0P2y/session_sync-photo-guid/metadata.json, timestamp: 2026-06-18 17:19:15.940861, function: null, file: null}
Log registered: {message: UploaderService: Resetting upload queue and state., timestamp: 2026-06-18 17:19:15.940984, function: null, file: null}
Log registered: {message: UploaderService: Reset completed., timestamp: 2026-06-18 17:19:15.941062, function: null, file: null}
Log registered: {message: Session ended and uploader reset., timestamp: 2026-06-18 17:19:15.941125, function: null, file: null}
00:04 +148: /Users/jose/src/work/hydracamv2/test/slave/slave_client_time_sync_test.dart: malformed timeSyncResponse does not consume a pending sample
00:04 +148: /Users/jose/src/work/hydracamv2/test/master/master_media_sync_metadata_test.dart: incoming video message carries syncMetadata into stored CapturedVideo
Log registered: {message: UploaderService: Resetting upload queue and state., timestamp: 2026-06-18 17:19:15.942968, function: null, file: null}
Log registered: {message: UploaderService: Reset completed., timestamp: 2026-06-18 17:19:15.943063, function: null, file: null}
Log registered: {message: Session started with GUID: sync-video-guid on device type: Master, timestamp: 2026-06-18 17:19:15.943130, function: null, file: null}
Log registered: {message: Data received from slave: {type: video, deviceId: slave-a, data: [0, 0, 0, 24], startRecordingDate: 2026-06-09T03:44:00.000Z, endRecordingDate: 2026-06-09T03:45:00.000Z, syncMetadata: {offsetMs: 42, minRoundTripMs: 8, uncertaintyMs: 3, confidence: green, sampleCount: 6, calibratedAt: 2026-06-09T03:40:00.000Z, calibrationAgeMs: 1200}}, timestamp: 2026-06-18 17:19:15.943299, function: null, file: null}
Log registered: {message: Save media locally, timestamp: 2026-06-18 17:19:15.943386, function: null, file: null}
Log registered: {message: Adding video to upload queue: /var/folders/6s/dp27g8gn26j9mp36sjfxb9tw0000gn/T/master_media_sync_videodV13Rj/session_sync-video-guid/media_1770000000789.mp4, timestamp: 2026-06-18 17:19:15.944607, function: null, file: null}
Log registered: {message: Session metadata saved to /var/folders/6s/dp27g8gn26j9mp36sjfxb9tw0000gn/T/master_server_docsJHicLr/session_sync-video-guid/metadata.json, timestamp: 2026-06-18 17:19:15.945813, function: null, file: null}
Log registered: {message: Sync sidecar saved to /var/folders/6s/dp27g8gn26j9mp36sjfxb9tw0000gn/T/master_media_sync_videodV13Rj/session_sync-video-guid/media_1770000000789.mp4.sync.json, timestamp: 2026-06-18 17:19:15.946436, function: null, file: null}
Log registered: {message: [UploaderService] No uploaded media with valid durations. Returning zero duration., timestamp: 2026-06-18 17:19:15.946569, function: null, file: null}
Log registered: {message: Media added to upload queue: /var/folders/6s/dp27g8gn26j9mp36sjfxb9tw0000gn/T/master_media_sync_videodV13Rj/session_sync-video-guid/media_1770000000789.mp4, timestamp: 2026-06-18 17:19:15.946661, function: null, file: null}
Log registered: {message: Auto-upload is disabled. Media added to queue but not uploaded., timestamp: 2026-06-18 17:19:15.946830, function: null, file: null}
Log registered: {message: Video from slave device (slave-a) received and stored at: /var/folders/6s/dp27g8gn26j9mp36sjfxb9tw0000gn/T/master_media_sync_videodV13Rj/session_sync-video-guid/media_1770000000789.mp4, timestamp: 2026-06-18 17:19:15.946915, function: null, file: null}
Log registered: {message: Session metadata saved to /var/folders/6s/dp27g8gn26j9mp36sjfxb9tw0000gn/T/master_server_docsJHicLr/session_sync-video-guid/metadata.json, timestamp: 2026-06-18 17:19:15.947986, function: null, file: null}
Log registered: {message: UploaderService: Resetting upload queue and state., timestamp: 2026-06-18 17:19:15.948077, function: null, file: null}
Log registered: {message: UploaderService: Reset completed., timestamp: 2026-06-18 17:19:15.948172, function: null, file: null}
Log registered: {message: Session ended and uploader reset., timestamp: 2026-06-18 17:19:15.948256, function: null, file: null}
00:04 +149: /Users/jose/src/work/hydracamv2/test/slave/slave_client_time_sync_test.dart: malformed timeSyncResponse does not consume a pending sample
00:04 +149: /Users/jose/src/work/hydracamv2/test/master/master_media_sync_metadata_test.dart: omitting syncMetadata leaves stored media syncMetadata null
Log registered: {message: UploaderService: Resetting upload queue and state., timestamp: 2026-06-18 17:19:15.949766, function: null, file: null}
Log registered: {message: UploaderService: Reset completed., timestamp: 2026-06-18 17:19:15.949869, function: null, file: null}
Log registered: {message: Session started with GUID: sync-absent-guid on device type: Master, timestamp: 2026-06-18 17:19:15.949936, function: null, file: null}
Log registered: {message: Data received from slave: {type: photo, deviceId: slave-a, data: [255, 216, 255], captureDate: 2026-06-09T03:44:00.000Z}, timestamp: 2026-06-18 17:19:15.950049, function: null, file: null}
Log registered: {message: Save media locally, timestamp: 2026-06-18 17:19:15.950123, function: null, file: null}
Log registered: {message: Adding photo to upload queue: /var/folders/6s/dp27g8gn26j9mp36sjfxb9tw0000gn/T/master_media_sync_absentvT9DHy/session_sync-absent-guid/media_1770000000789.jpg, timestamp: 2026-06-18 17:19:15.950939, function: null, file: null}
Log registered: {message: Session metadata saved to /var/folders/6s/dp27g8gn26j9mp36sjfxb9tw0000gn/T/master_server_docs1BVniA/session_sync-absent-guid/metadata.json, timestamp: 2026-06-18 17:19:15.951755, function: null, file: null}
Log registered: {message: [UploaderService] No uploaded media with valid durations. Returning zero duration., timestamp: 2026-06-18 17:19:15.951906, function: null, file: null}
Log registered: {message: Media added to upload queue: /var/folders/6s/dp27g8gn26j9mp36sjfxb9tw0000gn/T/master_media_sync_absentvT9DHy/session_sync-absent-guid/media_1770000000789.jpg, timestamp: 2026-06-18 17:19:15.951971, function: null, file: null}
Log registered: {message: Auto-upload is disabled. Media added to queue but not uploaded., timestamp: 2026-06-18 17:19:15.952097, function: null, file: null}
Log registered: {message: Photo from slave device (slave-a) received and stored at: /var/folders/6s/dp27g8gn26j9mp36sjfxb9tw0000gn/T/master_media_sync_absentvT9DHy/session_sync-absent-guid/media_1770000000789.jpg, timestamp: 2026-06-18 17:19:15.952155, function: null, file: null}
Log registered: {message: Session metadata saved to /var/folders/6s/dp27g8gn26j9mp36sjfxb9tw0000gn/T/master_server_docs1BVniA/session_sync-absent-guid/metadata.json, timestamp: 2026-06-18 17:19:15.953171, function: null, file: null}
Log registered: {message: UploaderService: Resetting upload queue and state., timestamp: 2026-06-18 17:19:15.953266, function: null, file: null}
Log registered: {message: UploaderService: Reset completed., timestamp: 2026-06-18 17:19:15.953325, function: null, file: null}
Log registered: {message: Session ended and uploader reset., timestamp: 2026-06-18 17:19:15.953374, function: null, file: null}
00:04 +150: /Users/jose/src/work/hydracamv2/test/slave/slave_client_time_sync_test.dart: malformed timeSyncResponse does not consume a pending sample
00:04 +151: /Users/jose/src/work/hydracamv2/test/slave/slave_client_time_sync_test.dart: malformed timeSyncResponse does not consume a pending sample
00:04 +152: /Users/jose/src/work/hydracamv2/test/slave/slave_client_time_sync_test.dart: malformed timeSyncResponse does not consume a pending sample
00:04 +153: /Users/jose/src/work/hydracamv2/test/slave/slave_client_time_sync_test.dart: malformed timeSyncResponse does not consume a pending sample
00:04 +153: /Users/jose/src/work/hydracamv2/test/master/master_screen_test.dart: start area uses service-session language
Log registered: {message: WebSocket Server stopped, timestamp: 2026-06-18 17:19:16.184318, function: null, file: null}
Log registered: {message: Stopped broadcasting master discovery message., timestamp: 2026-06-18 17:19:16.184785, function: null, file: null}
00:04 +154: /Users/jose/src/work/hydracamv2/test/slave/slave_client_time_sync_test.dart: malformed timeSyncResponse does not consume a pending sample
00:04 +155: /Users/jose/src/work/hydracamv2/test/slave/slave_client_time_sync_test.dart: malformed timeSyncResponse does not consume a pending sample
00:04 +155: /Users/jose/src/work/hydracamv2/test/master/master_screen_test.dart: start session button creates backend session
Log registered: {message: Get token, timestamp: 2026-06-18 17:19:16.270063, function: null, file: null}
Log registered: {message: Session created successfully: HydraCamBackendSession(guid: master-screen-guid, sessionId: master-session-id, numericId: null), timestamp: 2026-06-18 17:19:16.280126, function: null, file: null}
Log registered: {message: Response to create session: HydraCamBackendSession(guid: master-screen-guid, sessionId: master-session-id, numericId: null), timestamp: 2026-06-18 17:19:16.280442, function: null, file: null}
Log registered: {message: UploaderService: Resetting upload queue and state., timestamp: 2026-06-18 17:19:16.281104, function: null, file: null}
Log registered: {message: UploaderService: Reset completed., timestamp: 2026-06-18 17:19:16.281396, function: null, file: null}
Log registered: {message: Session started with GUID: master-screen-guid on device type: Master, timestamp: 2026-06-18 17:19:16.281592, function: null, file: null}
Log registered: {message: Session already active with GUID: master-screen-guid. Preserving existing media on rejoin as Master., timestamp: 2026-06-18 17:19:16.283176, function: null, file: null}
Log registered: {message: New capture session started with GUID: master-screen-guid, timestamp: 2026-06-18 17:19:16.283334, function: null, file: null}
Log registered: {message: Command sent to 0 eligible connected slave(s): {"command":"sessionStarted","sessionGuid":"master-screen-guid"}, timestamp: 2026-06-18 17:19:16.283539, function: null, file: null}
Log registered: {message: Session created with GUID: master-screen-guid, timestamp: 2026-06-18 17:19:16.284065, function: null, file: null}
Log registered: {message: WebSocket Server stopped, timestamp: 2026-06-18 17:19:16.336935, function: null, file: null}
Log registered: {message: Stopped broadcasting master discovery message., timestamp: 2026-06-18 17:19:16.337155, function: null, file: null}
Log registered: {message: Session metadata saved to /var/folders/6s/dp27g8gn26j9mp36sjfxb9tw0000gn/T/master_screen_docsp0qrfp/session_master-screen-guid/metadata.json, timestamp: 2026-06-18 17:19:16.347032, function: null, file: null}
Log registered: {message: UploaderService: Resetting upload queue and state., timestamp: 2026-06-18 17:19:16.347248, function: null, file: null}
Log registered: {message: UploaderService: Reset completed., timestamp: 2026-06-18 17:19:16.347317, function: null, file: null}
Log registered: {message: Session ended and uploader reset., timestamp: 2026-06-18 17:19:16.347369, function: null, file: null}
00:04 +156: /Users/jose/src/work/hydracamv2/test/slave/slave_client_time_sync_test.dart: malformed timeSyncResponse does not consume a pending sample
00:04 +156: /Users/jose/src/work/hydracamv2/test/master/master_screen_test.dart: disposing master screen does not end active session
Log registered: {message: UploaderService: Resetting upload queue and state., timestamp: 2026-06-18 17:19:16.382797, function: null, file: null}
Log registered: {message: UploaderService: Reset completed., timestamp: 2026-06-18 17:19:16.382938, function: null, file: null}
Log registered: {message: Session started with GUID: dispose-contract-guid on device type: Master, timestamp: 2026-06-18 17:19:16.382994, function: null, file: null}
Log registered: {message: Session metadata saved to /var/folders/6s/dp27g8gn26j9mp36sjfxb9tw0000gn/T/master_screen_docsrcIGjz/session_dispose-contract-guid/metadata.json, timestamp: 2026-06-18 17:19:16.388341, function: null, file: null}
Log registered: {message: UploaderService: Resetting upload queue and state., timestamp: 2026-06-18 17:19:16.388527, function: null, file: null}
Log registered: {message: UploaderService: Reset completed., timestamp: 2026-06-18 17:19:16.388602, function: null, file: null}
Log registered: {message: Session ended and uploader reset., timestamp: 2026-06-18 17:19:16.388655, function: null, file: null}
Log registered: {message: Error checking connectivity: MissingPluginException(No implementation found for method check on channel dev.fluttercommunity.plus/connectivity), timestamp: 2026-06-18 17:19:16.390733, function: null, file: null}
00:04 +157: /Users/jose/src/work/hydracamv2/test/slave/slave_client_time_sync_test.dart: malformed timeSyncResponse does not consume a pending sample
00:04 +158: /Users/jose/src/work/hydracamv2/test/slave/slave_client_time_sync_test.dart: malformed timeSyncResponse does not consume a pending sample
00:04 +158: /Users/jose/src/work/hydracamv2/test/master/master_screen_test.dart: start uploads control tells slaves to upload queued media
Log registered: {message: UploaderService: Resetting upload queue and state., timestamp: 2026-06-18 17:19:16.467464, function: null, file: null}
Log registered: {message: UploaderService: Reset completed., timestamp: 2026-06-18 17:19:16.467605, function: null, file: null}
Log registered: {message: Session started with GUID: master-upload-control-guid on device type: Master, timestamp: 2026-06-18 17:19:16.467666, function: null, file: null}
Log registered: {message: No items in queue to upload., timestamp: 2026-06-18 17:19:16.504401, function: null, file: null}
Log registered: {message: Session metadata saved to /var/folders/6s/dp27g8gn26j9mp36sjfxb9tw0000gn/T/master_screen_docslyh719/session_master-upload-control-guid/metadata.json, timestamp: 2026-06-18 17:19:16.514927, function: null, file: null}
Log registered: {message: UploaderService: Resetting upload queue and state., timestamp: 2026-06-18 17:19:16.515116, function: null, file: null}
Log registered: {message: UploaderService: Reset completed., timestamp: 2026-06-18 17:19:16.515245, function: null, file: null}
Log registered: {message: Session ended and uploader reset., timestamp: 2026-06-18 17:19:16.515307, function: null, file: null}
00:04 +159: /Users/jose/src/work/hydracamv2/test/slave/slave_client_time_sync_test.dart: malformed timeSyncResponse does not consume a pending sample
00:05 +159: /Users/jose/src/work/hydracamv2/test/master/master_screen_test.dart: recording start path opens master video preview
Log registered: {message: Get token, timestamp: 2026-06-18 17:19:16.545435, function: null, file: null}
Log registered: {message: Session created successfully: HydraCamBackendSession(guid: recording-preview-guid, sessionId: recording-preview-id, numericId: null), timestamp: 2026-06-18 17:19:16.546337, function: null, file: null}
Log registered: {message: Response to create session: HydraCamBackendSession(guid: recording-preview-guid, sessionId: recording-preview-id, numericId: null), timestamp: 2026-06-18 17:19:16.546452, function: null, file: null}
Log registered: {message: UploaderService: Resetting upload queue and state., timestamp: 2026-06-18 17:19:16.546540, function: null, file: null}
Log registered: {message: UploaderService: Reset completed., timestamp: 2026-06-18 17:19:16.546602, function: null, file: null}
Log registered: {message: Session started with GUID: recording-preview-guid on device type: Master, timestamp: 2026-06-18 17:19:16.546646, function: null, file: null}
Log registered: {message: Session already active with GUID: recording-preview-guid. Preserving existing media on rejoin as Master., timestamp: 2026-06-18 17:19:16.546785, function: null, file: null}
Log registered: {message: New capture session started with GUID: recording-preview-guid, timestamp: 2026-06-18 17:19:16.546842, function: null, file: null}
Log registered: {message: Command sent to 0 eligible connected slave(s): {"command":"sessionStarted","sessionGuid":"recording-preview-guid"}, timestamp: 2026-06-18 17:19:16.546894, function: null, file: null}
Log registered: {message: Session created with GUID: recording-preview-guid, timestamp: 2026-06-18 17:19:16.546981, function: null, file: null}
Log registered: {message: PRESSED TOGGLE RECORDING. IS RECORDING = false, timestamp: 2026-06-18 17:19:16.570865, function: null, file: null}
Log registered: {message: Mock camera ready for native controller mode on macOS., timestamp: 2026-06-18 17:19:16.571698, function: null, file: null}
Log registered: {message: Scheduling command 'startRecordingVideo' for 2026-06-18T17:19:16.685003, timestamp: 2026-06-18 17:19:16.688163, function: null, file: null}
Log registered: {message: No slave devices connected. Scheduled command 'startRecordingVideo' not sent., timestamp: 2026-06-18 17:19:16.688372, function: null, file: null}
Log registered: {message: Will record from master and show preview, timestamp: 2026-06-18 17:19:16.689118, function: null, file: null}
Log registered: {message: Mock camera ready for native controller mode on macOS., timestamp: 2026-06-18 17:19:16.689358, function: null, file: null}
Log registered: {message: Generated new Device ID: b30c1391-92ef-4ec4-a27b-b7e3c57ee32e, timestamp: 2026-06-18 17:19:16.690798, function: null, file: null}
Log registered: {message: Mock video recording started for native controller mode., timestamp: 2026-06-18 17:19:16.691262, function: null, file: null}
Log registered: {message: Command 'startRecordingVideo' finished executing by master at 2026-06-18 17:19:16.691870, timestamp: 2026-06-18 17:19:16.692053, function: null, file: null}
Log registered: {message: WebSocket Server stopped, timestamp: 2026-06-18 17:19:16.729458, function: null, file: null}
Log registered: {message: Stopped broadcasting master discovery message., timestamp: 2026-06-18 17:19:16.729705, function: null, file: null}
Log registered: {message: Session metadata saved to /var/folders/6s/dp27g8gn26j9mp36sjfxb9tw0000gn/T/master_screen_docsydem5u/session_recording-preview-guid/metadata.json, timestamp: 2026-06-18 17:19:16.738862, function: null, file: null}
Log registered: {message: UploaderService: Resetting upload queue and state., timestamp: 2026-06-18 17:19:16.739042, function: null, file: null}
Log registered: {message: UploaderService: Reset completed., timestamp: 2026-06-18 17:19:16.739106, function: null, file: null}
Log registered: {message: Session ended and uploader reset., timestamp: 2026-06-18 17:19:16.739147, function: null, file: null}
00:05 +160: /Users/jose/src/work/hydracamv2/test/slave/slave_client_time_sync_test.dart: malformed timeSyncResponse does not consume a pending sample
00:05 +161: /Users/jose/src/work/hydracamv2/test/slave/slave_client_time_sync_test.dart: malformed timeSyncResponse does not consume a pending sample
00:05 +162: /Users/jose/src/work/hydracamv2/test/slave/slave_client_time_sync_test.dart: malformed timeSyncResponse does not consume a pending sample
00:05 +163: /Users/jose/src/work/hydracamv2/test/slave/slave_client_time_sync_test.dart: malformed timeSyncResponse does not consume a pending sample
00:05 +164: /Users/jose/src/work/hydracamv2/test/slave/slave_client_time_sync_test.dart: malformed timeSyncResponse does not consume a pending sample
00:05 +164: /Users/jose/src/work/hydracamv2/test/automation/automation_bridge_test.dart: automation port collision does not throw during startup
Log registered: {message: Automation bridge unavailable on port 53929: SocketException: Failed to create server socket (OS Error: The shared flag to bind() needs to be `true` if binding multiple times on the same (address, port) combination.), address = 0.0.0.0, port = 53929
#0      _NativeSocket.bind (dart:io-patch/socket_patch.dart:1216:7)
<asynchronous suspension>
#1      _RawServerSocket.bind.<anonymous closure> (dart:io-patch/socket_patch.dart:2163:12)
<asynchronous suspension>
#2      _ServerSocket.bind.<anonymous closure> (dart:io-patch/socket_patch.dart:2483:12)
<asynchronous suspension>
#3      _HttpServer.bind.<anonymous closure> (dart:_http/http_impl.dart:3476:24)
<asynchronous suspension>
#4      AutomationBridge._startServer (package:hydracam/automation/automation_bridge.dart:130:15)
<asynchronous suspension>
#5      AutomationBridge.ensureInitialized (package:hydracam/automation/automation_bridge.dart:57:7)
<asynchronous suspension>
#6      _Completes.matchAsync.<anonymous closure> (package:matcher/src/expect/future_matchers.dart:54:22)
<asynchronous suspension>
#7      _expect.<anonymous closure> (package:matcher/src/expect/expect.dart:153:17)
<asynchronous suspension>
#8      StackZoneSpecification._registerCallback.<anonymous closure> (package:stack_trace/src/stack_zone_specification.dart:114:42)
<asynchronous suspension>
#9      expectLater.<anonymous closure> (package:flutter_test/src/widget_tester.dart:508:19)
<asynchronous suspension>
#10     main.<anonymous closure> (file:///Users/jose/src/work/hydracamv2/test/automation/automation_bridge_test.dart:62:5)
<asynchronous suspension>
#11     Declarer.test.<anonymous closure>.<anonymous closure> (package:test_api/src/backend/declarer.dart:253:15)
<asynchronous suspension>
#12     Declarer.test.<anonymous closure> (package:test_api/src/backend/declarer.dart:250:11)
<asynchronous suspension>
#13     Invoker._waitForOutstandingCallbacks.<anonymous closure> (package:test_api/src/backend/invoker.dart:318:9)
<asynchronous suspension>
, timestamp: 2026-06-18 17:19:16.869148, function: ensureInitialized, file: automation_bridge.dart}
00:05 +165: /Users/jose/src/work/hydracamv2/test/slave/slave_client_time_sync_test.dart: malformed timeSyncResponse does not consume a pending sample
00:05 +166: /Users/jose/src/work/hydracamv2/test/slave/slave_client_time_sync_test.dart: malformed timeSyncResponse does not consume a pending sample
00:05 +167: /Users/jose/src/work/hydracamv2/test/slave/slave_client_time_sync_test.dart: malformed timeSyncResponse does not consume a pending sample
00:05 +168: /Users/jose/src/work/hydracamv2/test/slave/slave_client_time_sync_test.dart: malformed timeSyncResponse does not consume a pending sample
00:05 +169: /Users/jose/src/work/hydracamv2/test/slave/slave_client_time_sync_test.dart: malformed timeSyncResponse does not consume a pending sample
00:05 +170: /Users/jose/src/work/hydracamv2/test/slave/slave_client_time_sync_test.dart: malformed timeSyncResponse does not consume a pending sample
00:05 +171: /Users/jose/src/work/hydracamv2/test/slave/slave_client_time_sync_test.dart: malformed timeSyncResponse does not consume a pending sample
00:05 +172: /Users/jose/src/work/hydracamv2/test/slave/slave_client_time_sync_test.dart: malformed timeSyncResponse does not consume a pending sample
00:05 +173: /Users/jose/src/work/hydracamv2/test/slave/slave_client_time_sync_test.dart: malformed timeSyncResponse does not consume a pending sample
00:05 +174: /Users/jose/src/work/hydracamv2/test/slave/slave_client_time_sync_test.dart: malformed timeSyncResponse does not consume a pending sample
00:05 +175: /Users/jose/src/work/hydracamv2/test/slave/slave_client_time_sync_test.dart: malformed timeSyncResponse does not consume a pending sample
00:05 +176: /Users/jose/src/work/hydracamv2/test/slave/slave_client_time_sync_test.dart: malformed timeSyncResponse does not consume a pending sample
00:05 +176: /Users/jose/src/work/hydracamv2/test/automation/runtime_role_switch_test.dart: launch config ignores stale saved automation role
Log registered: {message: No fresh launch config found., timestamp: 2026-06-18 17:19:16.892185, function: null, file: null}
00:05 +177: /Users/jose/src/work/hydracamv2/test/slave/slave_client_time_sync_test.dart: malformed timeSyncResponse does not consume a pending sample
00:05 +178: /Users/jose/src/work/hydracamv2/test/slave/slave_client_time_sync_test.dart: malformed timeSyncResponse does not consume a pending sample
00:05 +179: /Users/jose/src/work/hydracamv2/test/slave/slave_client_time_sync_test.dart: malformed timeSyncResponse does not consume a pending sample
00:05 +180: /Users/jose/src/work/hydracamv2/test/slave/slave_client_time_sync_test.dart: malformed timeSyncResponse does not consume a pending sample
00:05 +180: /Users/jose/src/work/hydracamv2/test/services/camera_service_failure_test.dart: takePhoto surfaces camera failures instead of returning a fake path
Log registered: {message: Unable to resolve camera compatibility policy; using defaults: MissingPluginException(No implementation found for method getDeviceInfo on channel dev.fluttercommunity.plus/device_info)
#0      MethodChannel._invokeMethod (package:flutter/src/services/platform_channel.dart:364:7)
<asynchronous suspension>
#1      MethodChannelDeviceInfo.deviceInfo (package:device_info_plus_platform_interface/method_channel/method_channel_device_info.dart:20:8)
<asynchronous suspension>
#2      DeviceInfoPlugin.macOsInfo (package:device_info_plus/device_info_plus.dart:87:32)
<asynchronous suspension>
#3      DeviceIdService.getDeviceInfo (package:hydracam/services/device_service.dart:56:41)
<asynchronous suspension>
#4      CameraService._loadCompatibilityPolicy (package:hydracam/services/camera_service.dart:904:26)
<asynchronous suspension>
#5      CameraService.ensureCameraIsReady (package:hydracam/services/camera_service.dart:282:20)
<asynchronous suspension>
#6      CameraService.takePhoto (package:hydracam/services/camera_service.dart:352:7)
<asynchronous suspension>
#7      Throws._matchFuture (package:matcher/src/expect/throws_matcher.dart:103:19)
<asynchronous suspension>
#8      _expect.<anonymous closure> (package:matcher/src/expect/expect.dart:153:17)
<asynchronous suspension>
#9      StackZoneSpecification._registerCallback.<anonymous closure> (package:stack_trace/src/stack_zone_specification.dart:114:42)
<asynchronous suspension>
#10     expectLater.<anonymous closure> (package:flutter_test/src/widget_tester.dart:508:19)
<asynchronous suspension>
#11     main.<anonymous closure> (file:///Users/jose/src/work/hydracamv2/test/services/camera_service_failure_test.dart:56:5)
<asynchronous suspension>
#12     Declarer.test.<anonymous closure>.<anonymous closure> (package:test_api/src/backend/declarer.dart:253:15)
<asynchronous suspension>
#13     Declarer.test.<anonymous closure> (package:test_api/src/backend/declarer.dart:250:11)
<asynchronous suspension>
#14     Invoker._waitForOutstandingCallbacks.<anonymous closure> (package:test_api/src/backend/invoker.dart:318:9)
<asynchronous suspension>
, timestamp: 2026-06-18 17:19:16.910142, function: null, file: null}
Log registered: {message: Initializing camera..., timestamp: 2026-06-18 17:19:16.912792, function: null, file: null}
00:05 +180: /Users/jose/src/work/hydracamv2/test/automation/runtime_role_switch_test.dart: launch config ignores stale saved automation role
Trace file unavailable: Binding has not yet been initialized.
The "instance" getter on the ServicesBinding binding mixin is only available once that binding has been initialized.
Typically, this is done by calling "WidgetsFlutterBinding.ensureInitialized()" or "runApp()" (the latter calls the former). Typically this call is done in the "void main()" method. The "ensureInitialized" method is idempotent; calling it multiple times is not harmful. After calling that method, the "instance" getter will return the binding.
In a test, one can call "TestWidgetsFlutterBinding.ensureInitialized()" as the first line in the test's "main()" method to initialize the binding.
If ServicesBinding is a custom binding mixin, there must also be a custom binding class, like WidgetsFlutterBinding, but that mixes in the selected binding, and that is the class that must be constructed before using the "instance" getter.
00:05 +181: /Users/jose/src/work/hydracamv2/test/slave/slave_client_time_sync_test.dart: malformed timeSyncResponse does not consume a pending sample
00:05 +181: /Users/jose/src/work/hydracamv2/test/services/camera_service_failure_test.dart: takePhoto surfaces camera failures instead of returning a fake path
Log registered: {message: Error taking photo: Exception: No cameras available on this device.
#0      CameraService.ensureCameraIsReady (package:hydracam/services/camera_service.dart:299:7)
<asynchronous suspension>
#1      CameraService.takePhoto (package:hydracam/services/camera_service.dart:352:7)
<asynchronous suspension>
#2      Throws._matchFuture (package:matcher/src/expect/throws_matcher.dart:103:19)
<asynchronous suspension>
#3      _expect.<anonymous closure> (package:matcher/src/expect/expect.dart:153:17)
<asynchronous suspension>
#4      StackZoneSpecification._registerCallback.<anonymous closure> (package:stack_trace/src/stack_zone_specification.dart:114:42)
<asynchronous suspension>
#5      expectLater.<anonymous closure> (package:flutter_test/src/widget_tester.dart:508:19)
<asynchronous suspension>
#6      main.<anonymous closure> (file:///Users/jose/src/work/hydracamv2/test/services/camera_service_failure_test.dart:56:5)
<asynchronous suspension>
#7      Declarer.test.<anonymous closure>.<anonymous closure> (package:test_api/src/backend/declarer.dart:253:15)
<asynchronous suspension>
#8      Declarer.test.<anonymous closure> (package:test_api/src/backend/declarer.dart:250:11)
<asynchronous suspension>
#9      Invoker._waitForOutstandingCallbacks.<anonymous closure> (package:test_api/src/backend/invoker.dart:318:9)
<asynchronous suspension>
, timestamp: 2026-06-18 17:19:16.936513, function: null, file: null}
00:05 +182: /Users/jose/src/work/hydracamv2/test/slave/slave_client_time_sync_test.dart: malformed timeSyncResponse does not consume a pending sample
00:05 +182: /Users/jose/src/work/hydracamv2/test/automation/runtime_role_switch_test.dart: launch config uses fresh platform automation role
Log registered: {message: Launch config from intent: role=standby, preferredMasterIp=192.168.178.153, targetId=s7, forceSlaveMode=false, manualLaunch=null, timestamp: 2026-06-18 17:19:16.952289, function: null, file: null}
00:05 +183: /Users/jose/src/work/hydracamv2/test/slave/slave_client_time_sync_test.dart: malformed timeSyncResponse does not consume a pending sample
00:05 +183: /Users/jose/src/work/hydracamv2/test/automation/runtime_role_switch_test.dart: launch config identifies a manual launcher start
Log registered: {message: Launch config from intent: role=null, preferredMasterIp=null, targetId=null, forceSlaveMode=null, manualLaunch=true, timestamp: 2026-06-18 17:19:16.954382, function: null, file: null}
00:05 +183: /Users/jose/src/work/hydracamv2/test/services/camera_service_failure_test.dart: startRecordingVideo stays inactive when the camera platform fails
Log registered: {message: Unable to resolve camera compatibility policy; using defaults: MissingPluginException(No implementation found for method getDeviceInfo on channel dev.fluttercommunity.plus/device_info)
#0      MethodChannel._invokeMethod (package:flutter/src/services/platform_channel.dart:364:7)
<asynchronous suspension>
#1      MethodChannelDeviceInfo.deviceInfo (package:device_info_plus_platform_interface/method_channel/method_channel_device_info.dart:20:8)
<asynchronous suspension>
#2      DeviceInfoPlugin.macOsInfo (package:device_info_plus/device_info_plus.dart:87:32)
<asynchronous suspension>
#3      DeviceIdService.getDeviceInfo (package:hydracam/services/device_service.dart:56:41)
<asynchronous suspension>
#4      CameraService._loadCompatibilityPolicy (package:hydracam/services/camera_service.dart:904:26)
<asynchronous suspension>
#5      CameraService.ensureCameraIsReady (package:hydracam/services/camera_service.dart:282:20)
<asynchronous suspension>
#6      CameraService.startRecordingVideo (package:hydracam/services/camera_service.dart:435:7)
<asynchronous suspension>
#7      Throws._matchFuture (package:matcher/src/expect/throws_matcher.dart:103:19)
<asynchronous suspension>
#8      _expect.<anonymous closure> (package:matcher/src/expect/expect.dart:153:17)
<asynchronous suspension>
#9      StackZoneSpecification._registerCallback.<anonymous closure> (package:stack_trace/src/stack_zone_specification.dart:114:42)
<asynchronous suspension>
#10     expectLater.<anonymous closure> (package:flutter_test/src/widget_tester.dart:508:19)
<asynchronous suspension>
#11     main.<anonymous closure> (file:///Users/jose/src/work/hydracamv2/test/services/camera_service_failure_test.dart:81:5)
<asynchronous suspension>
#12     Declarer.test.<anonymous closure>.<anonymous closure> (package:test_api/src/backend/declarer.dart:253:15)
<asynchronous suspension>
#13     Declarer.test.<anonymous closure> (package:test_api/src/backend/declarer.dart:250:11)
<asynchronous suspension>
#14     Invoker._waitForOutstandingCallbacks.<anonymous closure> (package:test_api/src/backend/invoker.dart:318:9)
<asynchronous suspension>
, timestamp: 2026-06-18 17:19:16.954870, function: null, file: null}
Log registered: {message: Initializing camera..., timestamp: 2026-06-18 17:19:16.955086, function: null, file: null}
00:05 +184: /Users/jose/src/work/hydracamv2/test/slave/slave_client_time_sync_test.dart: malformed timeSyncResponse does not consume a pending sample
00:05 +184: /Users/jose/src/work/hydracamv2/test/automation/runtime_role_switch_test.dart: launch config clear removes cached automation role
Log registered: {message: Launch config from intent: role=standby, preferredMasterIp=null, targetId=s7, forceSlaveMode=null, manualLaunch=null, timestamp: 2026-06-18 17:19:16.955976, function: null, file: null}
00:05 +185: /Users/jose/src/work/hydracamv2/test/slave/slave_client_time_sync_test.dart: malformed timeSyncResponse does not consume a pending sample
00:05 +185: /Users/jose/src/work/hydracamv2/test/services/camera_service_failure_test.dart: startRecordingVideo stays inactive when the camera platform fails
Log registered: {message: Updated selected camera name to fake-back-camera, timestamp: 2026-06-18 17:19:16.956852, function: null, file: null}
Log registered: {message: Camera successfully initialized., timestamp: 2026-06-18 17:19:16.960550, function: null, file: null}
Log registered: {message: Generated new Device ID: cfb6b017-7812-4349-bb93-4deb5623758c, timestamp: 2026-06-18 17:19:16.962397, function: null, file: null}
Log registered: {message: Camera video recording start failed with explicit fps; retrying with resolution preset defaults. Error: CameraException(ios_camera_start_failed, Simulated iPad recording start failure)
#0      CameraController.startVideoRecording (package:camera/src/camera_controller.dart:612:7)
<asynchronous suspension>
#1      Future.timeout.<anonymous closure> (dart:async/future_impl.dart:1061:7)
<asynchronous suspension>
#2      CameraService._startVideoRecordingWithFallback (package:hydracam/services/camera_service.dart:776:7)
<asynchronous suspension>
#3      CameraService.startRecordingVideo (package:hydracam/services/camera_service.dart:446:7)
<asynchronous suspension>
#4      Throws._matchFuture (package:matcher/src/expect/throws_matcher.dart:103:19)
<asynchronous suspension>
#5      _expect.<anonymous closure> (package:matcher/src/expect/expect.dart:153:17)
<asynchronous suspension>
#6      StackZoneSpecification._registerCallback.<anonymous closure> (package:stack_trace/src/stack_zone_specification.dart:114:42)
<asynchronous suspension>
#7      expectLater.<anonymous closure> (package:flutter_test/src/widget_tester.dart:508:19)
<asynchronous suspension>
#8      main.<anonymous closure> (file:///Users/jose/src/work/hydracamv2/test/services/camera_service_failure_test.dart:81:5)
<asynchronous suspension>
#9      Declarer.test.<anonymous closure>.<anonymous closure> (package:test_api/src/backend/declarer.dart:253:15)
<asynchronous suspension>
#10     Declarer.test.<anonymous closure> (package:test_api/src/backend/declarer.dart:250:11)
<asynchronous suspension>
#11     Invoker._waitForOutstandingCallbacks.<anonymous closure> (package:test_api/src/backend/invoker.dart:318:9)
<asynchronous suspension>
, timestamp: 2026-06-18 17:19:16.964554, function: null, file: null}
00:05 +186: /Users/jose/src/work/hydracamv2/test/slave/slave_client_time_sync_test.dart: malformed timeSyncResponse does not consume a pending sample
00:05 +187: /Users/jose/src/work/hydracamv2/test/slave/slave_client_time_sync_test.dart: malformed timeSyncResponse does not consume a pending sample
00:05 +188: /Users/jose/src/work/hydracamv2/test/slave/slave_client_time_sync_test.dart: malformed timeSyncResponse does not consume a pending sample
00:05 +188: /Users/jose/src/work/hydracamv2/test/services/camera_service_failure_test.dart: startRecordingVideo stays inactive when the camera platform fails
Log registered: {message: Camera reinitialized for video recording start without explicit fps: camera=fake-back-camera, profile=standard1080p30., timestamp: 2026-06-18 17:19:17.366631, function: null, file: null}
Log registered: {message: Error starting video recording: CameraException(ios_camera_start_failed, Simulated iPad recording start failure)
#0      CameraController.startVideoRecording (package:camera/src/camera_controller.dart:612:7)
<asynchronous suspension>
#1      Future.timeout.<anonymous closure> (dart:async/future_impl.dart:1061:7)
<asynchronous suspension>
#2      CameraService._startVideoRecordingWithFallback (package:hydracam/services/camera_service.dart:792:7)
<asynchronous suspension>
#3      CameraService.startRecordingVideo (package:hydracam/services/camera_service.dart:446:7)
<asynchronous suspension>
#4      Throws._matchFuture (package:matcher/src/expect/throws_matcher.dart:103:19)
<asynchronous suspension>
#5      _expect.<anonymous closure> (package:matcher/src/expect/expect.dart:153:17)
<asynchronous suspension>
#6      StackZoneSpecification._registerCallback.<anonymous closure> (package:stack_trace/src/stack_zone_specification.dart:114:42)
<asynchronous suspension>
#7      expectLater.<anonymous closure> (package:flutter_test/src/widget_tester.dart:508:19)
<asynchronous suspension>
#8      main.<anonymous closure> (file:///Users/jose/src/work/hydracamv2/test/services/camera_service_failure_test.dart:81:5)
<asynchronous suspension>
#9      Declarer.test.<anonymous closure>.<anonymous closure> (package:test_api/src/backend/declarer.dart:253:15)
<asynchronous suspension>
#10     Declarer.test.<anonymous closure> (package:test_api/src/backend/declarer.dart:250:11)
<asynchronous suspension>
#11     Invoker._waitForOutstandingCallbacks.<anonymous closure> (package:test_api/src/backend/invoker.dart:318:9)
<asynchronous suspension>
, timestamp: 2026-06-18 17:19:17.366988, function: null, file: null}
00:05 +189: /Users/jose/src/work/hydracamv2/test/slave/slave_client_time_sync_test.dart: malformed timeSyncResponse does not consume a pending sample
00:05 +189: /Users/jose/src/work/hydracamv2/test/services/camera_service_failure_test.dart: startRecordingVideo works when the iPad has no flash capability
Log registered: {message: Unable to resolve camera compatibility policy; using defaults: MissingPluginException(No implementation found for method getDeviceInfo on channel dev.fluttercommunity.plus/device_info)
#0      MethodChannel._invokeMethod (package:flutter/src/services/platform_channel.dart:364:7)
<asynchronous suspension>
#1      MethodChannelDeviceInfo.deviceInfo (package:device_info_plus_platform_interface/method_channel/method_channel_device_info.dart:20:8)
<asynchronous suspension>
#2      DeviceInfoPlugin.macOsInfo (package:device_info_plus/device_info_plus.dart:87:32)
<asynchronous suspension>
#3      DeviceIdService.getDeviceInfo (package:hydracam/services/device_service.dart:56:41)
<asynchronous suspension>
#4      CameraService._loadCompatibilityPolicy (package:hydracam/services/camera_service.dart:904:26)
<asynchronous suspension>
#5      CameraService.ensureCameraIsReady (package:hydracam/services/camera_service.dart:282:20)
<asynchronous suspension>
#6      CameraService.startRecordingVideo (package:hydracam/services/camera_service.dart:435:7)
<asynchronous suspension>
#7      main.<anonymous closure> (file:///Users/jose/src/work/hydracamv2/test/services/camera_service_failure_test.dart:108:5)
<asynchronous suspension>
#8      Declarer.test.<anonymous closure>.<anonymous closure> (package:test_api/src/backend/declarer.dart:253:15)
<asynchronous suspension>
#9      Declarer.test.<anonymous closure> (package:test_api/src/backend/declarer.dart:250:11)
<asynchronous suspension>
#10     Invoker._waitForOutstandingCallbacks.<anonymous closure> (package:test_api/src/backend/invoker.dart:318:9)
<asynchronous suspension>
, timestamp: 2026-06-18 17:19:17.369230, function: null, file: null}
Log registered: {message: Initializing camera..., timestamp: 2026-06-18 17:19:17.369357, function: null, file: null}
Log registered: {message: Updated selected camera name to fake-back-camera, timestamp: 2026-06-18 17:19:17.369604, function: null, file: null}
Log registered: {message: Flash is unavailable for camera readiness initialization; continuing without flash: CameraException(setFlashModeFailed, Device does not have flash capabilities), timestamp: 2026-06-18 17:19:17.370131, function: null, file: null}
Log registered: {message: Camera successfully initialized., timestamp: 2026-06-18 17:19:17.370263, function: null, file: null}
Log registered: {message: Generated new Device ID: 4a3f805f-ca04-492b-9db0-a538f1402bc2, timestamp: 2026-06-18 17:19:17.370432, function: null, file: null}
Log registered: {message: Video recording started with flash off, timestamp: 2026-06-18 17:19:17.370704, function: null, file: null}
00:05 +190: /Users/jose/src/work/hydracamv2/test/slave/slave_client_time_sync_test.dart: malformed timeSyncResponse does not consume a pending sample
00:05 +190: /Users/jose/src/work/hydracamv2/test/services/camera_service_failure_test.dart: non-flash initialization failures still surface
Log registered: {message: Unable to resolve camera compatibility policy; using defaults: MissingPluginException(No implementation found for method getDeviceInfo on channel dev.fluttercommunity.plus/device_info)
#0      MethodChannel._invokeMethod (package:flutter/src/services/platform_channel.dart:364:7)
<asynchronous suspension>
#1      MethodChannelDeviceInfo.deviceInfo (package:device_info_plus_platform_interface/method_channel/method_channel_device_info.dart:20:8)
<asynchronous suspension>
#2      DeviceInfoPlugin.macOsInfo (package:device_info_plus/device_info_plus.dart:87:32)
<asynchronous suspension>
#3      DeviceIdService.getDeviceInfo (package:hydracam/services/device_service.dart:56:41)
<asynchronous suspension>
#4      CameraService._loadCompatibilityPolicy (package:hydracam/services/camera_service.dart:904:26)
<asynchronous suspension>
#5      CameraService.ensureCameraIsReady (package:hydracam/services/camera_service.dart:282:20)
<asynchronous suspension>
#6      Throws._matchFuture (package:matcher/src/expect/throws_matcher.dart:103:19)
<asynchronous suspension>
#7      _expect.<anonymous closure> (package:matcher/src/expect/expect.dart:153:17)
<asynchronous suspension>
#8      StackZoneSpecification._registerCallback.<anonymous closure> (package:stack_trace/src/stack_zone_specification.dart:114:42)
<asynchronous suspension>
#9      expectLater.<anonymous closure> (package:flutter_test/src/widget_tester.dart:508:19)
<asynchronous suspension>
#10     main.<anonymous closure> (file:///Users/jose/src/work/hydracamv2/test/services/camera_service_failure_test.dart:130:5)
<asynchronous suspension>
#11     Declarer.test.<anonymous closure>.<anonymous closure> (package:test_api/src/backend/declarer.dart:253:15)
<asynchronous suspension>
#12     Declarer.test.<anonymous closure> (package:test_api/src/backend/declarer.dart:250:11)
<asynchronous suspension>
#13     Invoker._waitForOutstandingCallbacks.<anonymous closure> (package:test_api/src/backend/invoker.dart:318:9)
<asynchronous suspension>
, timestamp: 2026-06-18 17:19:17.372357, function: null, file: null}
Log registered: {message: Initializing camera..., timestamp: 2026-06-18 17:19:17.372569, function: null, file: null}
Log registered: {message: Updated selected camera name to fake-back-camera, timestamp: 2026-06-18 17:19:17.372882, function: null, file: null}
Log registered: {message: Error initializing camera: CameraException(setFlashModeFailed, Camera session is unavailable)
#0      CameraController.setFlashMode (package:camera/src/camera_controller.dart:822:7)
<asynchronous suspension>
#1      CameraService._setFlashModeIfSupported (package:hydracam/services/camera_service.dart:948:7)
<asynchronous suspension>
#2      CameraService.ensureCameraIsReady (package:hydracam/services/camera_service.dart:317:7)
<asynchronous suspension>
#3      Throws._matchFuture (package:matcher/src/expect/throws_matcher.dart:103:19)
<asynchronous suspension>
#4      _expect.<anonymous closure> (package:matcher/src/expect/expect.dart:153:17)
<asynchronous suspension>
#5      StackZoneSpecification._registerCallback.<anonymous closure> (package:stack_trace/src/stack_zone_specification.dart:114:42)
<asynchronous suspension>
#6      expectLater.<anonymous closure> (package:flutter_test/src/widget_tester.dart:508:19)
<asynchronous suspension>
#7      main.<anonymous closure> (file:///Users/jose/src/work/hydracamv2/test/services/camera_service_failure_test.dart:130:5)
<asynchronous suspension>
#8      Declarer.test.<anonymous closure>.<anonymous closure> (package:test_api/src/backend/declarer.dart:253:15)
<asynchronous suspension>
#9      Declarer.test.<anonymous closure> (package:test_api/src/backend/declarer.dart:250:11)
<asynchronous suspension>
#10     Invoker._waitForOutstandingCallbacks.<anonymous closure> (package:test_api/src/backend/invoker.dart:318:9)
<asynchronous suspension>
, timestamp: 2026-06-18 17:19:17.373314, function: null, file: null}
00:05 +191: /Users/jose/src/work/hydracamv2/test/slave/slave_client_time_sync_test.dart: malformed timeSyncResponse does not consume a pending sample
00:05 +191: /Users/jose/src/work/hydracamv2/test/services/camera_service_failure_test.dart: stopRecordingVideo surfaces the camera plugin no-recording error
Log registered: {message: Unable to resolve camera compatibility policy; using defaults: MissingPluginException(No implementation found for method getDeviceInfo on channel dev.fluttercommunity.plus/device_info)
#0      MethodChannel._invokeMethod (package:flutter/src/services/platform_channel.dart:364:7)
<asynchronous suspension>
#1      MethodChannelDeviceInfo.deviceInfo (package:device_info_plus_platform_interface/method_channel/method_channel_device_info.dart:20:8)
<asynchronous suspension>
#2      DeviceInfoPlugin.macOsInfo (package:device_info_plus/device_info_plus.dart:87:32)
<asynchronous suspension>
#3      DeviceIdService.getDeviceInfo (package:hydracam/services/device_service.dart:56:41)
<asynchronous suspension>
#4      CameraService._loadCompatibilityPolicy (package:hydracam/services/camera_service.dart:904:26)
<asynchronous suspension>
#5      CameraService.ensureCameraIsReady (package:hydracam/services/camera_service.dart:282:20)
<asynchronous suspension>
#6      main.<anonymous closure> (file:///Users/jose/src/work/hydracamv2/test/services/camera_service_failure_test.dart:150:5)
<asynchronous suspension>
#7      Declarer.test.<anonymous closure>.<anonymous closure> (package:test_api/src/backend/declarer.dart:253:15)
<asynchronous suspension>
#8      Declarer.test.<anonymous closure> (package:test_api/src/backend/declarer.dart:250:11)
<asynchronous suspension>
#9      Invoker._waitForOutstandingCallbacks.<anonymous closure> (package:test_api/src/backend/invoker.dart:318:9)
<asynchronous suspension>
, timestamp: 2026-06-18 17:19:17.375177, function: null, file: null}
Log registered: {message: Initializing camera..., timestamp: 2026-06-18 17:19:17.375351, function: null, file: null}
Log registered: {message: Updated selected camera name to fake-back-camera, timestamp: 2026-06-18 17:19:17.375611, function: null, file: null}
Log registered: {message: Camera successfully initialized., timestamp: 2026-06-18 17:19:17.375975, function: null, file: null}
Log registered: {message: Error stopping video recording: Exception: stopVideoRecording was called when no video is recording.
#0      CameraService.stopRecordingVideo (package:hydracam/services/camera_service.dart:472:9)
#1      main.<anonymous closure> (file:///Users/jose/src/work/hydracamv2/test/services/camera_service_failure_test.dart:153:21)
<asynchronous suspension>
#2      Declarer.test.<anonymous closure>.<anonymous closure> (package:test_api/src/backend/declarer.dart:253:15)
<asynchronous suspension>
#3      Declarer.test.<anonymous closure> (package:test_api/src/backend/declarer.dart:250:11)
<asynchronous suspension>
#4      Invoker._waitForOutstandingCallbacks.<anonymous closure> (package:test_api/src/backend/invoker.dart:318:9)
<asynchronous suspension>
, timestamp: 2026-06-18 17:19:17.376219, function: null, file: null}
00:05 +192: /Users/jose/src/work/hydracamv2/test/slave/slave_client_time_sync_test.dart: malformed timeSyncResponse does not consume a pending sample
00:05 +192: /Users/jose/src/work/hydracamv2/test/services/camera_service_failure_test.dart: mock camera writes placeholder media without a platform camera
Log registered: {message: Using mock camera because HYDRACAM_MOCK_CAMERA is enabled., timestamp: 2026-06-18 17:19:17.377749, function: null, file: null}
Log registered: {message: Mock camera ready for native controller mode on macOS., timestamp: 2026-06-18 17:19:17.378073, function: null, file: null}
Log registered: {message: Generated new Device ID: 7a9beb37-7fd1-4e16-b920-097af1c7a039, timestamp: 2026-06-18 17:19:17.378371, function: null, file: null}
Log registered: {message: Mock photo saved to session path: /var/folders/6s/dp27g8gn26j9mp36sjfxb9tw0000gn/T/camera_service_mock_docsFA7Wn0/session_null/mock_1_2026-06-18T17-19-17-378832.jpg, timestamp: 2026-06-18 17:19:17.380312, function: null, file: null}
Log registered: {message: Mock camera ready for native controller mode on macOS., timestamp: 2026-06-18 17:19:17.380470, function: null, file: null}
Log registered: {message: Retrieved existing Device ID: 7a9beb37-7fd1-4e16-b920-097af1c7a039, timestamp: 2026-06-18 17:19:17.380618, function: null, file: null}
Log registered: {message: Mock video recording started for native controller mode., timestamp: 2026-06-18 17:19:17.380708, function: null, file: null}
Log registered: {message: Mock video saved to session path: /var/folders/6s/dp27g8gn26j9mp36sjfxb9tw0000gn/T/camera_service_mock_docsFA7Wn0/session_null/mock_2_2026-06-18T17-19-17-380938.mp4, timestamp: 2026-06-18 17:19:17.381680, function: null, file: null}
00:05 +193: /Users/jose/src/work/hydracamv2/test/slave/slave_client_time_sync_test.dart: malformed timeSyncResponse does not consume a pending sample
00:05 +193: /Users/jose/src/work/hydracamv2/test/services/camera_service_failure_test.dart: critical battery force stop saves mock recording and interrupts
Log registered: {message: UploaderService: Resetting upload queue and state., timestamp: 2026-06-18 17:19:17.386069, function: null, file: null}
Log registered: {message: UploaderService: Reset completed., timestamp: 2026-06-18 17:19:17.386454, function: null, file: null}
Log registered: {message: Session started with GUID: critical-battery-force-stop on device type: Master, timestamp: 2026-06-18 17:19:17.386660, function: null, file: null}
Log registered: {message: Using mock camera because HYDRACAM_MOCK_CAMERA is enabled., timestamp: 2026-06-18 17:19:17.386744, function: null, file: null}
Log registered: {message: Mock camera ready for native controller mode on macOS., timestamp: 2026-06-18 17:19:17.386907, function: null, file: null}
Log registered: {message: Generated new Device ID: dabf579f-0410-46f3-a825-4b156a845ad8, timestamp: 2026-06-18 17:19:17.387156, function: null, file: null}
Log registered: {message: Mock video recording started for native controller mode., timestamp: 2026-06-18 17:19:17.387259, function: null, file: null}
Log registered: {message: Stopping recording due to critical battery., timestamp: 2026-06-18 17:19:17.387448, function: null, file: null}
Log registered: {message: Mock video saved to session path: /var/folders/6s/dp27g8gn26j9mp36sjfxb9tw0000gn/T/camera_service_mock_docsFA7Wn0/session_critical-battery-force-stop/mock_1_2026-06-18T17-19-17-387567.mp4, timestamp: 2026-06-18 17:19:17.388534, function: null, file: null}
Log registered: {message: Retrieved existing Device ID: dabf579f-0410-46f3-a825-4b156a845ad8, timestamp: 2026-06-18 17:19:17.388996, function: null, file: null}
Log registered: {message: Adding video to upload queue: /var/folders/6s/dp27g8gn26j9mp36sjfxb9tw0000gn/T/camera_service_mock_docsFA7Wn0/session_critical-battery-force-stop/mock_1_2026-06-18T17-19-17-387567.mp4, timestamp: 2026-06-18 17:19:17.389538, function: null, file: null}
Log registered: {message: Session metadata saved to /var/folders/6s/dp27g8gn26j9mp36sjfxb9tw0000gn/T/camera_service_mock_docsFA7Wn0/session_critical-battery-force-stop/metadata.json, timestamp: 2026-06-18 17:19:17.391983, function: null, file: null}
Log registered: {message: [UploaderService] No uploaded media with valid durations. Returning zero duration., timestamp: 2026-06-18 17:19:17.393058, function: null, file: null}
Log registered: {message: Media added to upload queue: /var/folders/6s/dp27g8gn26j9mp36sjfxb9tw0000gn/T/camera_service_mock_docsFA7Wn0/session_critical-battery-force-stop/mock_1_2026-06-18T17-19-17-387567.mp4, timestamp: 2026-06-18 17:19:17.393173, function: null, file: null}
Log registered: {message: Auto-upload is enabled. Starting upload process., timestamp: 2026-06-18 17:19:17.393318, function: null, file: null}
Log registered: {message: UploaderService: _startUploading called. _isUploading=false, queue length=1, timestamp: 2026-06-18 17:19:17.393500, function: null, file: null}
Log registered: {message: UploaderService: _processNextItem called. Queue length=1, timestamp: 2026-06-18 17:19:17.394313, function: null, file: null}
Log registered: {message: UploaderService: sessionGuid=critical-battery-force-stop, timestamp: 2026-06-18 17:19:17.394542, function: null, file: null}
Log registered: {message: Upload file is not valid video media: /var/folders/6s/dp27g8gn26j9mp36sjfxb9tw0000gn/T/camera_service_mock_docsFA7Wn0/session_critical-battery-force-stop/mock_1_2026-06-18T17-19-17-387567.mp4, timestamp: 2026-06-18 17:19:17.398544, function: null, file: null}
Log registered: {message: Failed to upload media: /var/folders/6s/dp27g8gn26j9mp36sjfxb9tw0000gn/T/camera_service_mock_docsFA7Wn0/session_critical-battery-force-stop/mock_1_2026-06-18T17-19-17-387567.mp4, timestamp: 2026-06-18 17:19:17.398986, function: null, file: null}
Log registered: {message: Session metadata saved to /var/folders/6s/dp27g8gn26j9mp36sjfxb9tw0000gn/T/camera_service_mock_docsFA7Wn0/session_critical-battery-force-stop/metadata.json, timestamp: 2026-06-18 17:19:17.399189, function: null, file: null}
Log registered: {message: Session metadata saved to /var/folders/6s/dp27g8gn26j9mp36sjfxb9tw0000gn/T/camera_service_mock_docsFA7Wn0/session_critical-battery-force-stop/metadata.json, timestamp: 2026-06-18 17:19:17.399773, function: null, file: null}
Log registered: {message: UploaderService: Resetting upload queue and state., timestamp: 2026-06-18 17:19:17.399859, function: null, file: null}
Log registered: {message: Cancelled in-flight API requests., timestamp: 2026-06-18 17:19:17.400068, function: null, file: null}
Log registered: {message: UploaderService: Reset completed., timestamp: 2026-06-18 17:19:17.400138, function: null, file: null}
Log registered: {message: Session ended and uploader reset., timestamp: 2026-06-18 17:19:17.400189, function: null, file: null}
Log registered: {message: [UploaderService] Queue is empty. Returning zero duration., timestamp: 2026-06-18 17:19:17.400273, function: null, file: null}
Log registered: {message: UploaderService: _processNextItem called. Queue length=0, timestamp: 2026-06-18 17:19:17.400324, function: null, file: null}
Log registered: {message: UploaderService: Queue is empty. Uploading stopped., timestamp: 2026-06-18 17:19:17.400379, function: null, file: null}
00:05 +194: /Users/jose/src/work/hydracamv2/test/slave/slave_client_time_sync_test.dart: malformed timeSyncResponse does not consume a pending sample
00:05 +194: /Users/jose/src/work/hydracamv2/test/services/camera_service_failure_test.dart: critical storage force stop saves mock recording and interrupts
Log registered: {message: UploaderService: Resetting upload queue and state., timestamp: 2026-06-18 17:19:17.401812, function: null, file: null}
Log registered: {message: UploaderService: Reset completed., timestamp: 2026-06-18 17:19:17.401913, function: null, file: null}
Log registered: {message: Session started with GUID: critical-storage-force-stop on device type: Master, timestamp: 2026-06-18 17:19:17.401966, function: null, file: null}
Log registered: {message: Using mock camera because HYDRACAM_MOCK_CAMERA is enabled., timestamp: 2026-06-18 17:19:17.402032, function: null, file: null}
Log registered: {message: Mock camera ready for native controller mode on macOS., timestamp: 2026-06-18 17:19:17.402196, function: null, file: null}
Log registered: {message: Generated new Device ID: 042eb11b-e820-4326-8cee-e28194d88f13, timestamp: 2026-06-18 17:19:17.402440, function: null, file: null}
Log registered: {message: Mock video recording started for native controller mode., timestamp: 2026-06-18 17:19:17.402519, function: null, file: null}
Log registered: {message: Stopping recording due to critical storage., timestamp: 2026-06-18 17:19:17.402627, function: null, file: null}
Log registered: {message: Mock video saved to session path: /var/folders/6s/dp27g8gn26j9mp36sjfxb9tw0000gn/T/camera_service_mock_docsFA7Wn0/session_critical-storage-force-stop/mock_1_2026-06-18T17-19-17-402729.mp4, timestamp: 2026-06-18 17:19:17.403664, function: null, file: null}
Log registered: {message: Retrieved existing Device ID: 042eb11b-e820-4326-8cee-e28194d88f13, timestamp: 2026-06-18 17:19:17.403795, function: null, file: null}
Log registered: {message: Adding video to upload queue: /var/folders/6s/dp27g8gn26j9mp36sjfxb9tw0000gn/T/camera_service_mock_docsFA7Wn0/session_critical-storage-force-stop/mock_1_2026-06-18T17-19-17-402729.mp4, timestamp: 2026-06-18 17:19:17.403883, function: null, file: null}
Log registered: {message: Session metadata saved to /var/folders/6s/dp27g8gn26j9mp36sjfxb9tw0000gn/T/camera_service_mock_docsFA7Wn0/session_critical-storage-force-stop/metadata.json, timestamp: 2026-06-18 17:19:17.404781, function: null, file: null}
Log registered: {message: [UploaderService] No uploaded media with valid durations. Returning zero duration., timestamp: 2026-06-18 17:19:17.404949, function: null, file: null}
Log registered: {message: Media added to upload queue: /var/folders/6s/dp27g8gn26j9mp36sjfxb9tw0000gn/T/camera_service_mock_docsFA7Wn0/session_critical-storage-force-stop/mock_1_2026-06-18T17-19-17-402729.mp4, timestamp: 2026-06-18 17:19:17.405081, function: null, file: null}
Log registered: {message: Auto-upload is enabled. Starting upload process., timestamp: 2026-06-18 17:19:17.405267, function: null, file: null}
Log registered: {message: UploaderService: _startUploading called. _isUploading=false, queue length=1, timestamp: 2026-06-18 17:19:17.405331, function: null, file: null}
Log registered: {message: UploaderService: _processNextItem called. Queue length=1, timestamp: 2026-06-18 17:19:17.405405, function: null, file: null}
Log registered: {message: UploaderService: sessionGuid=critical-storage-force-stop, timestamp: 2026-06-18 17:19:17.405460, function: null, file: null}
Log registered: {message: Upload file is not valid video media: /var/folders/6s/dp27g8gn26j9mp36sjfxb9tw0000gn/T/camera_service_mock_docsFA7Wn0/session_critical-storage-force-stop/mock_1_2026-06-18T17-19-17-402729.mp4, timestamp: 2026-06-18 17:19:17.406658, function: null, file: null}
Log registered: {message: Failed to upload media: /var/folders/6s/dp27g8gn26j9mp36sjfxb9tw0000gn/T/camera_service_mock_docsFA7Wn0/session_critical-storage-force-stop/mock_1_2026-06-18T17-19-17-402729.mp4, timestamp: 2026-06-18 17:19:17.406741, function: null, file: null}
Log registered: {message: Session metadata saved to /var/folders/6s/dp27g8gn26j9mp36sjfxb9tw0000gn/T/camera_service_mock_docsFA7Wn0/session_critical-storage-force-stop/metadata.json, timestamp: 2026-06-18 17:19:17.406987, function: null, file: null}
Log registered: {message: Session metadata saved to /var/folders/6s/dp27g8gn26j9mp36sjfxb9tw0000gn/T/camera_service_mock_docsFA7Wn0/session_critical-storage-force-stop/metadata.json, timestamp: 2026-06-18 17:19:17.407582, function: null, file: null}
Log registered: {message: UploaderService: Resetting upload queue and state., timestamp: 2026-06-18 17:19:17.407654, function: null, file: null}
Log registered: {message: Cancelled in-flight API requests., timestamp: 2026-06-18 17:19:17.407719, function: null, file: null}
Log registered: {message: UploaderService: Reset completed., timestamp: 2026-06-18 17:19:17.407780, function: null, file: null}
Log registered: {message: Session ended and uploader reset., timestamp: 2026-06-18 17:19:17.407833, function: null, file: null}
Log registered: {message: [UploaderService] Queue is empty. Returning zero duration., timestamp: 2026-06-18 17:19:17.407910, function: null, file: null}
Log registered: {message: UploaderService: _processNextItem called. Queue length=0, timestamp: 2026-06-18 17:19:17.407961, function: null, file: null}
Log registered: {message: UploaderService: Queue is empty. Uploading stopped., timestamp: 2026-06-18 17:19:17.408002, function: null, file: null}
00:05 +195: /Users/jose/src/work/hydracamv2/test/slave/slave_client_time_sync_test.dart: malformed timeSyncResponse does not consume a pending sample
00:05 +195: /Users/jose/src/work/hydracamv2/test/services/camera_service_failure_test.dart: critical battery force stop survives missing start timestamp
Log registered: {message: UploaderService: Resetting upload queue and state., timestamp: 2026-06-18 17:19:17.409295, function: null, file: null}
Log registered: {message: UploaderService: Reset completed., timestamp: 2026-06-18 17:19:17.409370, function: null, file: null}
Log registered: {message: Session started with GUID: critical-battery-missing-start on device type: Master, timestamp: 2026-06-18 17:19:17.409414, function: null, file: null}
Log registered: {message: Using mock camera because HYDRACAM_MOCK_CAMERA is enabled., timestamp: 2026-06-18 17:19:17.409472, function: null, file: null}
Log registered: {message: Mock camera ready for native controller mode on macOS., timestamp: 2026-06-18 17:19:17.409581, function: null, file: null}
Log registered: {message: Generated new Device ID: 26776942-3697-43c7-915d-9a30eb164154, timestamp: 2026-06-18 17:19:17.409819, function: null, file: null}
Log registered: {message: Mock video recording started for native controller mode., timestamp: 2026-06-18 17:19:17.409895, function: null, file: null}
Log registered: {message: Stopping recording due to critical battery., timestamp: 2026-06-18 17:19:17.409954, function: null, file: null}
Log registered: {message: Mock video saved to session path: /var/folders/6s/dp27g8gn26j9mp36sjfxb9tw0000gn/T/camera_service_mock_docsFA7Wn0/session_critical-battery-missing-start/mock_1_2026-06-18T17-19-17-410049.mp4, timestamp: 2026-06-18 17:19:17.411030, function: null, file: null}
Log registered: {message: Retrieved existing Device ID: 26776942-3697-43c7-915d-9a30eb164154, timestamp: 2026-06-18 17:19:17.411187, function: null, file: null}
Log registered: {message: Recording start timestamp was missing during forced stop; using end timestamp as fallback., timestamp: 2026-06-18 17:19:17.411246, function: null, file: null}
Log registered: {message: Adding video to upload queue: /var/folders/6s/dp27g8gn26j9mp36sjfxb9tw0000gn/T/camera_service_mock_docsFA7Wn0/session_critical-battery-missing-start/mock_1_2026-06-18T17-19-17-410049.mp4, timestamp: 2026-06-18 17:19:17.411333, function: null, file: null}
Log registered: {message: Session metadata saved to /var/folders/6s/dp27g8gn26j9mp36sjfxb9tw0000gn/T/camera_service_mock_docsFA7Wn0/session_critical-battery-missing-start/metadata.json, timestamp: 2026-06-18 17:19:17.412119, function: null, file: null}
Log registered: {message: [UploaderService] No uploaded media with valid durations. Returning zero duration., timestamp: 2026-06-18 17:19:17.412235, function: null, file: null}
Log registered: {message: Media added to upload queue: /var/folders/6s/dp27g8gn26j9mp36sjfxb9tw0000gn/T/camera_service_mock_docsFA7Wn0/session_critical-battery-missing-start/mock_1_2026-06-18T17-19-17-410049.mp4, timestamp: 2026-06-18 17:19:17.412310, function: null, file: null}
Log registered: {message: Auto-upload is enabled. Starting upload process., timestamp: 2026-06-18 17:19:17.412441, function: null, file: null}
Log registered: {message: UploaderService: _startUploading called. _isUploading=false, queue length=1, timestamp: 2026-06-18 17:19:17.412524, function: null, file: null}
Log registered: {message: UploaderService: _processNextItem called. Queue length=1, timestamp: 2026-06-18 17:19:17.412574, function: null, file: null}
Log registered: {message: UploaderService: sessionGuid=critical-battery-missing-start, timestamp: 2026-06-18 17:19:17.412690, function: null, file: null}
Log registered: {message: Upload file is not valid video media: /var/folders/6s/dp27g8gn26j9mp36sjfxb9tw0000gn/T/camera_service_mock_docsFA7Wn0/session_critical-battery-missing-start/mock_1_2026-06-18T17-19-17-410049.mp4, timestamp: 2026-06-18 17:19:17.413694, function: null, file: null}
Log registered: {message: Failed to upload media: /var/folders/6s/dp27g8gn26j9mp36sjfxb9tw0000gn/T/camera_service_mock_docsFA7Wn0/session_critical-battery-missing-start/mock_1_2026-06-18T17-19-17-410049.mp4, timestamp: 2026-06-18 17:19:17.413775, function: null, file: null}
Log registered: {message: Session metadata saved to /var/folders/6s/dp27g8gn26j9mp36sjfxb9tw0000gn/T/camera_service_mock_docsFA7Wn0/session_critical-battery-missing-start/metadata.json, timestamp: 2026-06-18 17:19:17.413977, function: null, file: null}
Log registered: {message: Session metadata saved to /var/folders/6s/dp27g8gn26j9mp36sjfxb9tw0000gn/T/camera_service_mock_docsFA7Wn0/session_critical-battery-missing-start/metadata.json, timestamp: 2026-06-18 17:19:17.414709, function: null, file: null}
Log registered: {message: UploaderService: Resetting upload queue and state., timestamp: 2026-06-18 17:19:17.414796, function: null, file: null}
Log registered: {message: Cancelled in-flight API requests., timestamp: 2026-06-18 17:19:17.414862, function: null, file: null}
Log registered: {message: UploaderService: Reset completed., timestamp: 2026-06-18 17:19:17.414913, function: null, file: null}
Log registered: {message: Session ended and uploader reset., timestamp: 2026-06-18 17:19:17.414952, function: null, file: null}
Log registered: {message: [UploaderService] Queue is empty. Returning zero duration., timestamp: 2026-06-18 17:19:17.415004, function: null, file: null}
Log registered: {message: UploaderService: _processNextItem called. Queue length=0, timestamp: 2026-06-18 17:19:17.415049, function: null, file: null}
Log registered: {message: UploaderService: Queue is empty. Uploading stopped., timestamp: 2026-06-18 17:19:17.415089, function: null, file: null}
00:05 +196: /Users/jose/src/work/hydracamv2/test/slave/slave_client_time_sync_test.dart: malformed timeSyncResponse does not consume a pending sample
00:05 +196: /Users/jose/src/work/hydracamv2/test/services/camera_service_failure_test.dart: selected ultra-wide lens uses sport 1080p60 controller settings
Log registered: {message: Unable to resolve camera compatibility policy; using defaults: MissingPluginException(No implementation found for method getDeviceInfo on channel dev.fluttercommunity.plus/device_info)
#0      MethodChannel._invokeMethod (package:flutter/src/services/platform_channel.dart:364:7)
<asynchronous suspension>
#1      MethodChannelDeviceInfo.deviceInfo (package:device_info_plus_platform_interface/method_channel/method_channel_device_info.dart:20:8)
<asynchronous suspension>
#2      DeviceInfoPlugin.macOsInfo (package:device_info_plus/device_info_plus.dart:87:32)
<asynchronous suspension>
#3      DeviceIdService.getDeviceInfo (package:hydracam/services/device_service.dart:56:41)
<asynchronous suspension>
#4      CameraService._loadCompatibilityPolicy (package:hydracam/services/camera_service.dart:904:26)
<asynchronous suspension>
#5      CameraService.ensureCameraIsReady (package:hydracam/services/camera_service.dart:282:20)
<asynchronous suspension>
#6      CameraService.startRecordingVideo (package:hydracam/services/camera_service.dart:435:7)
<asynchronous suspension>
#7      main.<anonymous closure> (file:///Users/jose/src/work/hydracamv2/test/services/camera_service_failure_test.dart:334:5)
<asynchronous suspension>
#8      Declarer.test.<anonymous closure>.<anonymous closure> (package:test_api/src/backend/declarer.dart:253:15)
<asynchronous suspension>
#9      Declarer.test.<anonymous closure> (package:test_api/src/backend/declarer.dart:250:11)
<asynchronous suspension>
#10     Invoker._waitForOutstandingCallbacks.<anonymous closure> (package:test_api/src/backend/invoker.dart:318:9)
<asynchronous suspension>
, timestamp: 2026-06-18 17:19:17.416526, function: null, file: null}
Log registered: {message: Initializing camera..., timestamp: 2026-06-18 17:19:17.416640, function: null, file: null}
Log registered: {message: Updated selected camera name to iphone-ultra-wide, timestamp: 2026-06-18 17:19:17.416944, function: null, file: null}
Log registered: {message: Camera successfully initialized., timestamp: 2026-06-18 17:19:17.417415, function: null, file: null}
Log registered: {message: Generated new Device ID: 048524a3-3626-4b80-8024-56ce91c4326e, timestamp: 2026-06-18 17:19:17.417578, function: null, file: null}
Log registered: {message: Video recording started with flash off, timestamp: 2026-06-18 17:19:17.417721, function: null, file: null}
00:05 +197: /Users/jose/src/work/hydracamv2/test/slave/slave_client_time_sync_test.dart: malformed timeSyncResponse does not consume a pending sample
00:05 +197: /Users/jose/src/work/hydracamv2/test/services/camera_service_failure_test.dart: changing video profile preserves the selected camera
Log registered: {message: Unable to resolve camera compatibility policy; using defaults: MissingPluginException(No implementation found for method getDeviceInfo on channel dev.fluttercommunity.plus/device_info)
#0      MethodChannel._invokeMethod (package:flutter/src/services/platform_channel.dart:364:7)
<asynchronous suspension>
#1      MethodChannelDeviceInfo.deviceInfo (package:device_info_plus_platform_interface/method_channel/method_channel_device_info.dart:20:8)
<asynchronous suspension>
#2      DeviceInfoPlugin.macOsInfo (package:device_info_plus/device_info_plus.dart:87:32)
<asynchronous suspension>
#3      DeviceIdService.getDeviceInfo (package:hydracam/services/device_service.dart:56:41)
<asynchronous suspension>
#4      CameraService._loadCompatibilityPolicy (package:hydracam/services/camera_service.dart:904:26)
<asynchronous suspension>
#5      CameraService.ensureCameraIsReady (package:hydracam/services/camera_service.dart:282:20)
<asynchronous suspension>
#6      main.<anonymous closure> (file:///Users/jose/src/work/hydracamv2/test/services/camera_service_failure_test.dart:371:5)
<asynchronous suspension>
#7      Declarer.test.<anonymous closure>.<anonymous closure> (package:test_api/src/backend/declarer.dart:253:15)
<asynchronous suspension>
#8      Declarer.test.<anonymous closure> (package:test_api/src/backend/declarer.dart:250:11)
<asynchronous suspension>
#9      Invoker._waitForOutstandingCallbacks.<anonymous closure> (package:test_api/src/backend/invoker.dart:318:9)
<asynchronous suspension>
, timestamp: 2026-06-18 17:19:17.419002, function: null, file: null}
Log registered: {message: Initializing camera..., timestamp: 2026-06-18 17:19:17.419142, function: null, file: null}
Log registered: {message: Camera successfully initialized., timestamp: 2026-06-18 17:19:17.419579, function: null, file: null}
Log registered: {message: Changing video capture profile to detail4k30 (current: standard1080p30), timestamp: 2026-06-18 17:19:17.419717, function: null, file: null}
Log registered: {message: Updated video capture profile to detail4k30, timestamp: 2026-06-18 17:19:17.420223, function: null, file: null}
00:05 +198: /Users/jose/src/work/hydracamv2/test/slave/slave_client_time_sync_test.dart: malformed timeSyncResponse does not consume a pending sample
00:05 +198: /Users/jose/src/work/hydracamv2/test/services/app_locale_service_test.dart: clears unsupported stored locale overrides
Log registered: {message: Cleared locale override, timestamp: 2026-06-18 17:19:17.449731, function: null, file: null}
Trace file unavailable: Binding has not yet been initialized.
The "instance" getter on the ServicesBinding binding mixin is only available once that binding has been initialized.
Typically, this is done by calling "WidgetsFlutterBinding.ensureInitialized()" or "runApp()" (the latter calls the former). Typically this call is done in the "void main()" method. The "ensureInitialized" method is idempotent; calling it multiple times is not harmful. After calling that method, the "instance" getter will return the binding.
In a test, one can call "TestWidgetsFlutterBinding.ensureInitialized()" as the first line in the test's "main()" method to initialize the binding.
If ServicesBinding is a custom binding mixin, there must also be a custom binding class, like WidgetsFlutterBinding, but that mixes in the selected binding, and that is the class that must be constructed before using the "instance" getter.
00:05 +199: /Users/jose/src/work/hydracamv2/test/slave/slave_client_time_sync_test.dart: malformed timeSyncResponse does not consume a pending sample
00:05 +199: /Users/jose/src/work/hydracamv2/test/services/app_locale_service_test.dart: notifies listeners when locale override changes
Log registered: {message: Updated locale override to de, timestamp: 2026-06-18 17:19:17.465477, function: null, file: null}
00:05 +200: /Users/jose/src/work/hydracamv2/test/slave/slave_client_time_sync_test.dart: malformed timeSyncResponse does not consume a pending sample
00:06 +200: /Users/jose/src/work/hydracamv2/test/services/gallery_persistence_service_test.dart: savePhoto returns when Photos permission request stalls
Log registered: {message: GalleryPersistenceService: Timed out requesting gallery permission after 20ms; keeping media in the session directory only., timestamp: 2026-06-18 17:19:17.657415, function: null, file: null}
00:06 +201: /Users/jose/src/work/hydracamv2/test/slave/slave_client_time_sync_test.dart: malformed timeSyncResponse does not consume a pending sample
00:06 +201: /Users/jose/src/work/hydracamv2/test/services/gallery_persistence_service_test.dart: savePhoto returns when Photos permission request stalls
Trace file unavailable: MissingPluginException(No implementation found for method getApplicationDocumentsDirectory on channel plugins.flutter.io/path_provider)
00:06 +201: /Users/jose/src/work/hydracamv2/test/slave/slave_client_time_sync_test.dart: malformed timeSyncResponse does not consume a pending sample
Log registered: {message: Clock synced to master: offset 11 ms, uncertainty 12 ms, RTT 24 ms, 1 samples, green., timestamp: 2026-06-18 17:19:17.677627, function: null, file: null}
Log registered: {message: Connection closed, timestamp: 2026-06-18 17:19:17.677949, function: null, file: null}
00:06 +202: /Users/jose/src/work/hydracamv2/test/services/camera_service_failure_test.dart: changing video profile preserves the selected camera
00:06 +202: /Users/jose/src/work/hydracamv2/test/services/gallery_persistence_service_test.dart: savePhoto returns when gallery photo save stalls
Log registered: {message: GalleryPersistenceService: Timed out saving media to gallery after 20ms; keeping media in the session directory only. /var/folders/6s/dp27g8gn26j9mp36sjfxb9tw0000gn/T/gallery_persistence_service_testfELk9T/capture.jpg, timestamp: 2026-06-18 17:19:17.688054, function: null, file: null}
00:06 +203: /Users/jose/src/work/hydracamv2/test/services/camera_service_failure_test.dart: changing video profile preserves the selected camera
00:06 +204: /Users/jose/src/work/hydracamv2/test/services/camera_service_failure_test.dart: changing video profile preserves the selected camera
00:06 +205: /Users/jose/src/work/hydracamv2/test/services/camera_service_failure_test.dart: changing video profile preserves the selected camera
00:06 +206: /Users/jose/src/work/hydracamv2/test/services/camera_service_failure_test.dart: changing video profile preserves the selected camera
00:06 +207: /Users/jose/src/work/hydracamv2/test/services/camera_service_failure_test.dart: changing video profile preserves the selected camera
00:06 +208: /Users/jose/src/work/hydracamv2/test/services/camera_service_failure_test.dart: changing video profile preserves the selected camera
00:06 +208: /Users/jose/src/work/hydracamv2/test/services/user_service_test.dart: UserService restores HydraCam GUID after Auth0 restore
Log registered: {message: Fetching restored GUID for email: restored@example.com, timestamp: 2026-06-18 17:19:17.795475, function: null, file: null}
Log registered: {message: User session restored. GUID: hydracam-user-guid, timestamp: 2026-06-18 17:19:17.798913, function: null, file: null}
00:06 +209: /Users/jose/src/work/hydracamv2/test/services/camera_service_failure_test.dart: changing video profile preserves the selected camera
00:06 +210: /Users/jose/src/work/hydracamv2/test/services/camera_service_failure_test.dart: changing video profile preserves the selected camera
00:06 +210: /Users/jose/src/work/hydracamv2/test/services/user_service_test.dart: UserService restores HydraCam GUID after Auth0 restore
Trace file unavailable: MissingPluginException(No implementation found for method getApplicationDocumentsDirectory on channel plugins.flutter.io/path_provider)
00:06 +211: /Users/jose/src/work/hydracamv2/test/services/camera_service_failure_test.dart: changing video profile preserves the selected camera
00:06 +211: /Users/jose/src/work/hydracamv2/test/services/user_service_test.dart: UserService login rejects blank Auth0 email
Log registered: {message: Profile set from user service: https://example.com/blank-login.png, timestamp: 2026-06-18 17:19:17.805814, function: login, file: user_service.dart}
00:06 +212: /Users/jose/src/work/hydracamv2/test/services/camera_service_failure_test.dart: changing video profile preserves the selected camera
00:06 +212: /Users/jose/src/work/hydracamv2/test/services/user_service_test.dart: UserService login clears stale GUID when switched account is unmapped
Log registered: {message: Profile set from user service: https://example.com/first.png, timestamp: 2026-06-18 17:19:17.808162, function: login, file: user_service.dart}
Log registered: {message: Fetching GUID for email: first@example.com, timestamp: 2026-06-18 17:19:17.808292, function: null, file: null}
Log registered: {message: User logged in successfully. GUID: first-guid, timestamp: 2026-06-18 17:19:17.808491, function: null, file: null}
Log registered: {message: Profile set from user service: https://example.com/missing.png, timestamp: 2026-06-18 17:19:17.808740, function: login, file: user_service.dart}
Log registered: {message: Fetching GUID for email: missing@example.com, timestamp: 2026-06-18 17:19:17.808934, function: null, file: null}
Log registered: {message: Failed to fetch GUID: User not found for missing@example.com, timestamp: 2026-06-18 17:19:17.809096, function: null, file: null}
00:06 +213: /Users/jose/src/work/hydracamv2/test/services/camera_service_failure_test.dart: changing video profile preserves the selected camera
00:06 +213: /Users/jose/src/work/hydracamv2/test/services/user_service_test.dart: UserService login clears stale user when Auth0 login fails
Log registered: {message: Profile set from user service: https://example.com/first.png, timestamp: 2026-06-18 17:19:17.810486, function: login, file: user_service.dart}
Log registered: {message: Fetching GUID for email: first@example.com, timestamp: 2026-06-18 17:19:17.810647, function: null, file: null}
Log registered: {message: User logged in successfully. GUID: first-guid, timestamp: 2026-06-18 17:19:17.810794, function: null, file: null}
Log registered: {message: Error during login: Exception: Auth0 session failed, timestamp: 2026-06-18 17:19:17.813535, function: null, file: null}
00:06 +214: /Users/jose/src/work/hydracamv2/test/services/camera_service_failure_test.dart: changing video profile preserves the selected camera
Log registered: {message: Camera capture settings applied and reinitialized: camera=iphone-telephoto, profile=detail4k30., timestamp: 2026-06-18 17:19:17.822928, function: null, file: null}
00:06 +215: /Users/jose/src/work/hydracamv2/test/services/storage_service_test.dart: StorageService Recording block logic recording is not blocked when storage is available
00:06 +215: /Users/jose/src/work/hydracamv2/test/services/camera_service_failure_test.dart: setup preview uses preset defaults without explicit fps
Log registered: {message: Unable to resolve camera compatibility policy; using defaults: MissingPluginException(No implementation found for method getDeviceInfo on channel dev.fluttercommunity.plus/device_info)
#0      MethodChannel._invokeMethod (package:flutter/src/services/platform_channel.dart:364:7)
<asynchronous suspension>
#1      MethodChannelDeviceInfo.deviceInfo (package:device_info_plus_platform_interface/method_channel/method_channel_device_info.dart:20:8)
<asynchronous suspension>
#2      DeviceInfoPlugin.macOsInfo (package:device_info_plus/device_info_plus.dart:87:32)
<asynchronous suspension>
#3      DeviceIdService.getDeviceInfo (package:hydracam/services/device_service.dart:56:41)
<asynchronous suspension>
#4      CameraService._loadCompatibilityPolicy (package:hydracam/services/camera_service.dart:904:26)
<asynchronous suspension>
#5      CameraService.ensureCameraIsReady (package:hydracam/services/camera_service.dart:282:20)
<asynchronous suspension>
#6      CameraService.prepareCameraPreview (package:hydracam/services/camera_service.dart:339:5)
<asynchronous suspension>
#7      main.<anonymous closure> (file:///Users/jose/src/work/hydracamv2/test/services/camera_service_failure_test.dart:390:5)
<asynchronous suspension>
#8      Declarer.test.<anonymous closure>.<anonymous closure> (package:test_api/src/backend/declarer.dart:253:15)
<asynchronous suspension>
#9      Declarer.test.<anonymous closure> (package:test_api/src/backend/declarer.dart:250:11)
<asynchronous suspension>
#10     Invoker._waitForOutstandingCallbacks.<anonymous closure> (package:test_api/src/backend/invoker.dart:318:9)
<asynchronous suspension>
, timestamp: 2026-06-18 17:19:17.824851, function: null, file: null}
Log registered: {message: Initializing camera preview..., timestamp: 2026-06-18 17:19:17.825024, function: null, file: null}
Log registered: {message: Updated selected camera name to fake-back-camera, timestamp: 2026-06-18 17:19:17.825306, function: null, file: null}
Log registered: {message: Camera preview successfully initialized without explicit fps., timestamp: 2026-06-18 17:19:17.825634, function: null, file: null}
00:06 +216: /Users/jose/src/work/hydracamv2/test/services/storage_service_test.dart: StorageService Recording block logic recording is not blocked when storage is available
00:06 +216: /Users/jose/src/work/hydracamv2/test/services/camera_service_failure_test.dart: Samsung S7 edge keeps requested profile without explicit fps
Log registered: {message: Samsung S7 edge compatibility mode: preserve requested resolution with preset-default fps, timestamp: 2026-06-18 17:19:17.827115, function: null, file: null}
Log registered: {message: Initializing camera..., timestamp: 2026-06-18 17:19:17.827284, function: null, file: null}
Log registered: {message: Updated selected camera name to fake-back-camera, timestamp: 2026-06-18 17:19:17.827523, function: null, file: null}
Log registered: {message: Samsung S7 edge compatibility mode: preserve requested resolution with preset-default fps using platform default fps for camera controller., timestamp: 2026-06-18 17:19:17.827702, function: null, file: null}
Log registered: {message: Camera successfully initialized., timestamp: 2026-06-18 17:19:17.827966, function: null, file: null}
00:06 +217: /Users/jose/src/work/hydracamv2/test/services/storage_service_test.dart: StorageService Recording block logic recording is not blocked when storage is available
00:06 +217: /Users/jose/src/work/hydracamv2/test/services/camera_service_failure_test.dart: non-S7 Android keeps requested explicit fps profile
Log registered: {message: Initializing camera..., timestamp: 2026-06-18 17:19:17.829211, function: null, file: null}
Log registered: {message: Updated selected camera name to fake-back-camera, timestamp: 2026-06-18 17:19:17.829453, function: null, file: null}
Log registered: {message: Camera successfully initialized., timestamp: 2026-06-18 17:19:17.829709, function: null, file: null}
00:06 +218: /Users/jose/src/work/hydracamv2/test/services/storage_service_test.dart: StorageService Recording block logic recording is not blocked when storage is available
00:06 +218: /Users/jose/src/work/hydracamv2/test/services/camera_service_failure_test.dart: recording after setup preview rebuilds the explicit fps controller
Log registered: {message: Unable to resolve camera compatibility policy; using defaults: MissingPluginException(No implementation found for method getDeviceInfo on channel dev.fluttercommunity.plus/device_info)
#0      MethodChannel._invokeMethod (package:flutter/src/services/platform_channel.dart:364:7)
<asynchronous suspension>
#1      MethodChannelDeviceInfo.deviceInfo (package:device_info_plus_platform_interface/method_channel/method_channel_device_info.dart:20:8)
<asynchronous suspension>
#2      DeviceInfoPlugin.macOsInfo (package:device_info_plus/device_info_plus.dart:87:32)
<asynchronous suspension>
#3      DeviceIdService.getDeviceInfo (package:hydracam/services/device_service.dart:56:41)
<asynchronous suspension>
#4      CameraService._loadCompatibilityPolicy (package:hydracam/services/camera_service.dart:904:26)
<asynchronous suspension>
#5      CameraService.ensureCameraIsReady (package:hydracam/services/camera_service.dart:282:20)
<asynchronous suspension>
#6      CameraService.prepareCameraPreview (package:hydracam/services/camera_service.dart:339:5)
<asynchronous suspension>
#7      main.<anonymous closure> (file:///Users/jose/src/work/hydracamv2/test/services/camera_service_failure_test.dart:466:5)
<asynchronous suspension>
#8      Declarer.test.<anonymous closure>.<anonymous closure> (package:test_api/src/backend/declarer.dart:253:15)
<asynchronous suspension>
#9      Declarer.test.<anonymous closure> (package:test_api/src/backend/declarer.dart:250:11)
<asynchronous suspension>
#10     Invoker._waitForOutstandingCallbacks.<anonymous closure> (package:test_api/src/backend/invoker.dart:318:9)
<asynchronous suspension>
, timestamp: 2026-06-18 17:19:17.830840, function: null, file: null}
Log registered: {message: Initializing camera preview..., timestamp: 2026-06-18 17:19:17.830953, function: null, file: null}
Log registered: {message: Updated selected camera name to fake-back-camera, timestamp: 2026-06-18 17:19:17.831270, function: null, file: null}
Log registered: {message: Camera preview successfully initialized without explicit fps., timestamp: 2026-06-18 17:19:17.831648, function: null, file: null}
Log registered: {message: Initializing camera..., timestamp: 2026-06-18 17:19:17.831795, function: null, file: null}
00:06 +219: /Users/jose/src/work/hydracamv2/test/services/camera_service_failure_test.dart: recording after setup preview rebuilds the explicit fps controller
00:06 +220: /Users/jose/src/work/hydracamv2/test/services/camera_service_failure_test.dart: recording after setup preview rebuilds the explicit fps controller
00:06 +221: /Users/jose/src/work/hydracamv2/test/services/camera_service_failure_test.dart: recording after setup preview rebuilds the explicit fps controller
00:06 +222: /Users/jose/src/work/hydracamv2/test/services/camera_service_failure_test.dart: recording after setup preview rebuilds the explicit fps controller
00:06 +222: /Users/jose/src/work/hydracamv2/test/services/device_service_test.dart: DeviceIdService reports native macOS device info instead of unsupported platform
Log registered: {message: Generated new Device ID: 90c69cfd-9e24-4b70-9e24-b51e2f9f34d6, timestamp: 2026-06-18 17:19:17.963673, function: null, file: null}
00:06 +223: /Users/jose/src/work/hydracamv2/test/services/camera_service_failure_test.dart: recording after setup preview rebuilds the explicit fps controller
00:06 +223: /Users/jose/src/work/hydracamv2/test/services/device_service_test.dart: DeviceIdService reports native macOS device info instead of unsupported platform
Trace file unavailable: MissingPluginException(No implementation found for method getApplicationDocumentsDirectory on channel plugins.flutter.io/path_provider)
00:06 +223: /Users/jose/src/work/hydracamv2/test/services/storage_service_test.dart: StorageService anchors blocks recording and triggers callback when storage is critical
Log registered: {message: StorageService monitoring disabled - timer not started., timestamp: 2026-06-18 17:19:18.091129, function: null, file: null}
Log registered: {message: Critical storage: triggering recording stop at 0.39 GB., timestamp: 2026-06-18 17:19:18.093169, function: null, file: null}
00:06 +224: /Users/jose/src/work/hydracamv2/test/services/camera_service_failure_test.dart: recording after setup preview rebuilds the explicit fps controller
00:06 +224: /Users/jose/src/work/hydracamv2/test/services/storage_service_test.dart: StorageService anchors clears recording block after recovering above critical threshold
Log registered: {message: StorageService monitoring disabled - timer not started., timestamp: 2026-06-18 17:19:18.126971, function: null, file: null}
Log registered: {message: Critical storage: triggering recording stop at 0.39 GB., timestamp: 2026-06-18 17:19:18.127171, function: null, file: null}
00:06 +225: /Users/jose/src/work/hydracamv2/test/services/camera_service_failure_test.dart: recording after setup preview rebuilds the explicit fps controller
00:06 +225: /Users/jose/src/work/hydracamv2/test/services/storage_service_test.dart: StorageService anchors critical callback failures do not escape storage handling
Log registered: {message: StorageService monitoring disabled - timer not started., timestamp: 2026-06-18 17:19:18.142192, function: null, file: null}
Log registered: {message: Critical storage: triggering recording stop at 0.39 GB., timestamp: 2026-06-18 17:19:18.142536, function: null, file: null}
Log registered: {message: StorageService: critical storage callback failed: Bad state: forced stop failed
#0      main.<anonymous closure>.<anonymous closure>.<anonymous closure> (file:///Users/jose/src/work/hydracamv2/test/services/storage_service_test.dart:156:11)
#1      StorageService._runCriticalStorageCallback (package:hydracam/services/storage_service.dart:95:39)
#2      StorageService._handleStorageLevel (package:hydracam/services/storage_service.dart:79:19)
#3      StorageService.simulateStorageLevel (package:hydracam/services/storage_service.dart:153:5)
#4      main.<anonymous closure>.<anonymous closure>.<anonymous closure> (file:///Users/jose/src/work/hydracamv2/test/services/storage_service_test.dart:166:30)
#5      _ReturnsNormally.typedMatches (package:matcher/src/core_matchers.dart:156:22)
#6      FeatureMatcher.matches (package:matcher/src/feature_matcher.dart:16:42)
#7      _expect (package:matcher/src/expect/expect.dart:176:30)
#8      expect (package:matcher/src/expect/expect.dart:65:3)
#9      expect (package:flutter_test/src/widget_tester.dart:473:18)
#10     main.<anonymous closure>.<anonymous closure> (file:///Users/jose/src/work/hydracamv2/test/services/storage_service_test.dart:165:7)
<asynchronous suspension>
#11     testWidgets.<anonymous closure>.<anonymous closure> (package:flutter_test/src/widget_tester.dart:192:15)
<asynchronous suspension>
#12     TestWidgetsFlutterBinding._runTestBody (package:flutter_test/src/binding.dart:1952:5)
<asynchronous suspension>
#13     StackZoneSpecification._registerCallback.<anonymous closure> (package:stack_trace/src/stack_zone_specification.dart:114:42)
<asynchronous suspension>
, timestamp: 2026-06-18 17:19:18.142838, function: null, file: null}
00:06 +226: /Users/jose/src/work/hydracamv2/test/services/camera_service_failure_test.dart: recording after setup preview rebuilds the explicit fps controller
Log registered: {message: Camera successfully initialized., timestamp: 2026-06-18 17:19:18.235441, function: null, file: null}
Log registered: {message: Generated new Device ID: dc13e0dc-f438-40e8-a0c5-2ae3a46b6483, timestamp: 2026-06-18 17:19:18.235789, function: null, file: null}
Log registered: {message: Video recording started with flash off, timestamp: 2026-06-18 17:19:18.235950, function: null, file: null}
00:06 +227: /Users/jose/src/work/hydracamv2/test/services/camera_service_failure_test.dart: macOS runtime uses the real camera backend unless mock is explicit
00:06 +228: /Users/jose/src/work/hydracamv2/test/services/camera_service_failure_test.dart: (tearDownAll)
00:06 +228: /Users/jose/src/work/hydracamv2/test/services/camera_hardware_metadata_service_test.dart: camera metadata formats focal length and zoom details
00:06 +229: /Users/jose/src/work/hydracamv2/test/services/camera_hardware_metadata_service_test.dart: camera metadata tolerates missing optional values
00:07 +230: /Users/jose/src/work/hydracamv2/test/services/session_manager_test.dart: (setUpAll)
00:07 +230: /Users/jose/src/work/hydracamv2/test/services/session_manager_test.dart: SessionManager Session lifecycle starts with no active session
Log registered: {message: UploaderService: Resetting upload queue and state., timestamp: 2026-06-18 17:19:18.563940, function: null, file: null}
Log registered: {message: UploaderService: Reset completed., timestamp: 2026-06-18 17:19:18.566343, function: null, file: null}
00:07 +231: /Users/jose/src/work/hydracamv2/test/services/session_manager_test.dart: SessionManager Session lifecycle startSession creates new session
Log registered: {message: UploaderService: Resetting upload queue and state., timestamp: 2026-06-18 17:19:18.574273, function: null, file: null}
Log registered: {message: UploaderService: Reset completed., timestamp: 2026-06-18 17:19:18.574392, function: null, file: null}
Log registered: {message: UploaderService: Resetting upload queue and state., timestamp: 2026-06-18 17:19:18.574894, function: null, file: null}
Log registered: {message: UploaderService: Reset completed., timestamp: 2026-06-18 17:19:18.574981, function: null, file: null}
Log registered: {message: Session started with GUID: test-guid on device type: Master, timestamp: 2026-06-18 17:19:18.575269, function: null, file: null}
Log registered: {message: Session metadata saved to /var/folders/6s/dp27g8gn26j9mp36sjfxb9tw0000gn/T/session_manager_docsHjKv2L/session_test-guid/metadata.json, timestamp: 2026-06-18 17:19:18.580459, function: null, file: null}
Log registered: {message: UploaderService: Resetting upload queue and state., timestamp: 2026-06-18 17:19:18.580634, function: null, file: null}
Log registered: {message: UploaderService: Reset completed., timestamp: 2026-06-18 17:19:18.580708, function: null, file: null}
Log registered: {message: Session ended and uploader reset., timestamp: 2026-06-18 17:19:18.580809, function: null, file: null}
00:07 +232: /Users/jose/src/work/hydracamv2/test/services/session_manager_test.dart: SessionManager Session lifecycle startCreatedSession starts a service-created session
Log registered: {message: UploaderService: Resetting upload queue and state., timestamp: 2026-06-18 17:19:18.582057, function: null, file: null}
Log registered: {message: UploaderService: Reset completed., timestamp: 2026-06-18 17:19:18.582130, function: null, file: null}
Log registered: {message: UploaderService: Resetting upload queue and state., timestamp: 2026-06-18 17:19:18.582482, function: null, file: null}
Log registered: {message: UploaderService: Reset completed., timestamp: 2026-06-18 17:19:18.582544, function: null, file: null}
Log registered: {message: Session started with GUID: backend-guid on device type: Master, timestamp: 2026-06-18 17:19:18.582628, function: null, file: null}
Log registered: {message: Session metadata saved to /var/folders/6s/dp27g8gn26j9mp36sjfxb9tw0000gn/T/session_manager_docsHjKv2L/session_backend-guid/metadata.json, timestamp: 2026-06-18 17:19:18.583638, function: null, file: null}
Log registered: {message: UploaderService: Resetting upload queue and state., timestamp: 2026-06-18 17:19:18.583733, function: null, file: null}
Log registered: {message: UploaderService: Reset completed., timestamp: 2026-06-18 17:19:18.583808, function: null, file: null}
Log registered: {message: Session ended and uploader reset., timestamp: 2026-06-18 17:19:18.583963, function: null, file: null}
00:07 +233: /Users/jose/src/work/hydracamv2/test/services/session_manager_test.dart: SessionManager Session lifecycle startCreatedSession rejects non-service GUIDs
Log registered: {message: UploaderService: Resetting upload queue and state., timestamp: 2026-06-18 17:19:18.585192, function: null, file: null}
Log registered: {message: UploaderService: Reset completed., timestamp: 2026-06-18 17:19:18.585277, function: null, file: null}
00:07 +234: /Users/jose/src/work/hydracamv2/test/services/session_manager_test.dart: SessionManager Session lifecycle joinSession rejects non-service GUIDs
Log registered: {message: UploaderService: Resetting upload queue and state., timestamp: 2026-06-18 17:19:18.587369, function: null, file: null}
Log registered: {message: UploaderService: Reset completed., timestamp: 2026-06-18 17:19:18.587456, function: null, file: null}
00:07 +235: /Users/jose/src/work/hydracamv2/test/services/session_manager_test.dart: SessionManager Session lifecycle canUploadCurrentSession requires an active service GUID
Log registered: {message: UploaderService: Resetting upload queue and state., timestamp: 2026-06-18 17:19:18.588733, function: null, file: null}
Log registered: {message: UploaderService: Reset completed., timestamp: 2026-06-18 17:19:18.588848, function: null, file: null}
Log registered: {message: UploaderService: Resetting upload queue and state., timestamp: 2026-06-18 17:19:18.589104, function: null, file: null}
Log registered: {message: UploaderService: Reset completed., timestamp: 2026-06-18 17:19:18.589174, function: null, file: null}
Log registered: {message: Session started with GUID: service-session-guid on device type: Master, timestamp: 2026-06-18 17:19:18.589235, function: null, file: null}
Log registered: {message: Session metadata saved to /var/folders/6s/dp27g8gn26j9mp36sjfxb9tw0000gn/T/session_manager_docsHjKv2L/session_service-session-guid/metadata.json, timestamp: 2026-06-18 17:19:18.590598, function: null, file: null}
Log registered: {message: UploaderService: Resetting upload queue and state., timestamp: 2026-06-18 17:19:18.590735, function: null, file: null}
Log registered: {message: UploaderService: Reset completed., timestamp: 2026-06-18 17:19:18.590810, function: null, file: null}
Log registered: {message: Session ended and uploader reset., timestamp: 2026-06-18 17:19:18.590865, function: null, file: null}
00:07 +236: /Users/jose/src/work/hydracamv2/test/services/session_manager_test.dart: SessionManager Session lifecycle endSession clears session state
Log registered: {message: UploaderService: Resetting upload queue and state., timestamp: 2026-06-18 17:19:18.592179, function: null, file: null}
Log registered: {message: UploaderService: Reset completed., timestamp: 2026-06-18 17:19:18.592309, function: null, file: null}
Log registered: {message: UploaderService: Resetting upload queue and state., timestamp: 2026-06-18 17:19:18.592673, function: null, file: null}
Log registered: {message: UploaderService: Reset completed., timestamp: 2026-06-18 17:19:18.592786, function: null, file: null}
Log registered: {message: Session started with GUID: test-guid on device type: Master, timestamp: 2026-06-18 17:19:18.592841, function: null, file: null}
Log registered: {message: Session metadata saved to /var/folders/6s/dp27g8gn26j9mp36sjfxb9tw0000gn/T/session_manager_docsHjKv2L/session_test-guid/metadata.json, timestamp: 2026-06-18 17:19:18.593787, function: null, file: null}
Log registered: {message: UploaderService: Resetting upload queue and state., timestamp: 2026-06-18 17:19:18.593900, function: null, file: null}
Log registered: {message: UploaderService: Reset completed., timestamp: 2026-06-18 17:19:18.593962, function: null, file: null}
Log registered: {message: Session ended and uploader reset., timestamp: 2026-06-18 17:19:18.594013, function: null, file: null}
00:07 +237: /Users/jose/src/work/hydracamv2/test/services/session_manager_test.dart: SessionManager Session lifecycle scanAndReconstructSessions preserves active session identity
Log registered: {message: UploaderService: Resetting upload queue and state., timestamp: 2026-06-18 17:19:18.595207, function: null, file: null}
Log registered: {message: UploaderService: Reset completed., timestamp: 2026-06-18 17:19:18.595277, function: null, file: null}
Log registered: {message: UploaderService: Resetting upload queue and state., timestamp: 2026-06-18 17:19:18.595664, function: null, file: null}
Log registered: {message: UploaderService: Reset completed., timestamp: 2026-06-18 17:19:18.595725, function: null, file: null}
Log registered: {message: Session started with GUID: active-guid on device type: Slave, timestamp: 2026-06-18 17:19:18.595776, function: null, file: null}
Log registered: {message: Generated new Device ID: e91423a0-6fdc-424a-bdb4-f237b0e4b571, timestamp: 2026-06-18 17:19:18.603945, function: null, file: null}
Log registered: {message: Session metadata saved to /var/folders/6s/dp27g8gn26j9mp36sjfxb9tw0000gn/T/session_manager_docsHjKv2L/session_scan-preserve-old/metadata.json, timestamp: 2026-06-18 17:19:18.606285, function: null, file: null}
Log registered: {message: Reconstructed session: scan-preserve-old with 0 photos and 1 videos., timestamp: 2026-06-18 17:19:18.606418, function: null, file: null}
Log registered: {message: Session metadata saved to /var/folders/6s/dp27g8gn26j9mp36sjfxb9tw0000gn/T/session_manager_docsHjKv2L/session_active-guid/metadata.json, timestamp: 2026-06-18 17:19:18.610332, function: null, file: null}
Log registered: {message: UploaderService: Resetting upload queue and state., timestamp: 2026-06-18 17:19:18.610434, function: null, file: null}
Log registered: {message: UploaderService: Reset completed., timestamp: 2026-06-18 17:19:18.610497, function: null, file: null}
Log registered: {message: Session ended and uploader reset., timestamp: 2026-06-18 17:19:18.610546, function: null, file: null}
00:07 +238: /Users/jose/src/work/hydracamv2/test/services/fleet_heartbeat_service_test.dart: FleetHeartbeatSnapshot builds ready lab-managed heartbeat payload
00:07 +238: /Users/jose/src/work/hydracamv2/test/services/session_manager_test.dart: SessionManager Session lifecycle scanAndReconstructSessions preserves full directory session id
Log registered: {message: UploaderService: Resetting upload queue and state., timestamp: 2026-06-18 17:19:18.611770, function: null, file: null}
Log registered: {message: UploaderService: Reset completed., timestamp: 2026-06-18 17:19:18.611839, function: null, file: null}
Log registered: {message: Retrieved existing Device ID: e91423a0-6fdc-424a-bdb4-f237b0e4b571, timestamp: 2026-06-18 17:19:18.617350, function: null, file: null}
Log registered: {message: Session metadata saved to /var/folders/6s/dp27g8gn26j9mp36sjfxb9tw0000gn/T/session_manager_docsHjKv2L/session_scan_preserve_full_guid/metadata.json, timestamp: 2026-06-18 17:19:18.618607, function: null, file: null}
Log registered: {message: Reconstructed session: scan_preserve_full_guid with 0 photos and 1 videos., timestamp: 2026-06-18 17:19:18.618756, function: null, file: null}
00:07 +239: /Users/jose/src/work/hydracamv2/test/services/session_manager_test.dart: SessionManager Session lifecycle scanAndReconstructSessions preserves full directory session id
00:07 +240: /Users/jose/src/work/hydracamv2/test/services/session_manager_test.dart: SessionManager Session lifecycle scanAndReconstructSessions preserves full directory session id
00:07 +241: /Users/jose/src/work/hydracamv2/test/services/fleet_heartbeat_service_test.dart: FleetHeartbeatSnapshot uses stable network warning codes in heartbeat payload
00:07 +242: /Users/jose/src/work/hydracamv2/test/services/session_manager_test.dart: SessionManager Session lifecycle scanAndReconstructSessions repairs blank stored session guid
Log registered: {message: UploaderService: Resetting upload queue and state., timestamp: 2026-06-18 17:19:18.623460, function: null, file: null}
Log registered: {message: UploaderService: Reset completed., timestamp: 2026-06-18 17:19:18.623546, function: null, file: null}
00:07 +243: /Users/jose/src/work/hydracamv2/test/services/session_manager_test.dart: SessionManager Session lifecycle scanAndReconstructSessions repairs blank stored session guid
00:07 +244: /Users/jose/src/work/hydracamv2/test/services/session_manager_test.dart: SessionManager Session lifecycle scanAndReconstructSessions repairs blank stored session guid
00:07 +244: /Users/jose/src/work/hydracamv2/test/services/fleet_heartbeat_service_test.dart: FleetHeartbeatCollector returns degraded heartbeat when network and package providers fail
Log registered: {message: FleetHeartbeatCollector: failed to read network snapshot: Bad state: network plugin unavailable
#0      main.<anonymous closure>.<anonymous closure>.<anonymous closure> (file:///Users/jose/src/work/hydracamv2/test/services/fleet_heartbeat_service_test.dart:215:11)
#1      FleetHeartbeatCollector._safeNetworkSnapshotProvider (package:hydracam/services/fleet_heartbeat_service.dart:413:28)
#2      FleetHeartbeatCollector.collect (package:hydracam/services/fleet_heartbeat_service.dart:334:35)
<asynchronous suspension>
#3      main.<anonymous closure>.<anonymous closure> (file:///Users/jose/src/work/hydracamv2/test/services/fleet_heartbeat_service_test.dart:228:24)
<asynchronous suspension>
#4      Declarer.test.<anonymous closure>.<anonymous closure> (package:test_api/src/backend/declarer.dart:253:15)
<asynchronous suspension>
#5      Declarer.test.<anonymous closure> (package:test_api/src/backend/declarer.dart:250:11)
<asynchronous suspension>
#6      Invoker._waitForOutstandingCallbacks.<anonymous closure> (package:test_api/src/backend/invoker.dart:318:9)
<asynchronous suspension>
, timestamp: 2026-06-18 17:19:18.629726, function: null, file: null}
Log registered: {message: FleetHeartbeatCollector: failed to read package info: Bad state: package plugin unavailable
#0      main.<anonymous closure>.<anonymous closure>.<anonymous closure> (file:///Users/jose/src/work/hydracamv2/test/services/fleet_heartbeat_service_test.dart:218:11)
#1      FleetHeartbeatCollector._safePackageInfoProvider (package:hydracam/services/fleet_heartbeat_service.dart:433:28)
#2      FleetHeartbeatCollector.collect (package:hydracam/services/fleet_heartbeat_service.dart:339:31)
<asynchronous suspension>
#3      main.<anonymous closure>.<anonymous closure> (file:///Users/jose/src/work/hydracamv2/test/services/fleet_heartbeat_service_test.dart:228:24)
<asynchronous suspension>
#4      Declarer.test.<anonymous closure>.<anonymous closure> (package:test_api/src/backend/declarer.dart:253:15)
<asynchronous suspension>
#5      Declarer.test.<anonymous closure> (package:test_api/src/backend/declarer.dart:250:11)
<asynchronous suspension>
#6      Invoker._waitForOutstandingCallbacks.<anonymous closure> (package:test_api/src/backend/invoker.dart:318:9)
<asynchronous suspension>
, timestamp: 2026-06-18 17:19:18.633390, function: null, file: null}
00:07 +245: /Users/jose/src/work/hydracamv2/test/services/session_manager_test.dart: SessionManager Session lifecycle scanAndReconstructSessions repairs blank stored session guid
Log registered: {message: Stored session GUID repaired to scan-repair-blank-guid for scan-repair-blank-guid., timestamp: 2026-06-18 17:19:18.633857, function: null, file: null}
00:07 +245: /Users/jose/src/work/hydracamv2/test/services/fleet_heartbeat_service_test.dart: FleetHeartbeatCollector returns degraded heartbeat when network and package providers fail
Trace file unavailable: MissingPluginException(No implementation found for method getApplicationDocumentsDirectory on channel plugins.flutter.io/path_provider)
00:07 +246: /Users/jose/src/work/hydracamv2/test/services/fleet_heartbeat_service_test.dart: FleetHeartbeatCollector distinguishes failed battery and storage providers from unknown readings
Log registered: {message: FleetHeartbeatCollector: failed to read battery: Bad state: battery plugin unavailable
#0      main.<anonymous closure>.<anonymous closure>.<anonymous closure> (file:///Users/jose/src/work/hydracamv2/test/services/fleet_heartbeat_service_test.dart:268:11)
#1      FleetHeartbeatCollector._safeNullableProvider (package:hydracam/services/fleet_heartbeat_service.dart:397:28)
#2      FleetHeartbeatCollector.collect (package:hydracam/services/fleet_heartbeat_service.dart:344:34)
<asynchronous suspension>
#3      main.<anonymous closure>.<anonymous closure> (file:///Users/jose/src/work/hydracamv2/test/services/fleet_heartbeat_service_test.dart:276:24)
<asynchronous suspension>
#4      Declarer.test.<anonymous closure>.<anonymous closure> (package:test_api/src/backend/declarer.dart:253:15)
<asynchronous suspension>
#5      Declarer.test.<anonymous closure> (package:test_api/src/backend/declarer.dart:250:11)
<asynchronous suspension>
#6      Invoker._waitForOutstandingCallbacks.<anonymous closure> (package:test_api/src/backend/invoker.dart:318:9)
<asynchronous suspension>
, timestamp: 2026-06-18 17:19:18.635736, function: null, file: null}
Log registered: {message: FleetHeartbeatCollector: failed to read free storage: Bad state: storage plugin unavailable
#0      main.<anonymous closure>.<anonymous closure>.<anonymous closure> (file:///Users/jose/src/work/hydracamv2/test/services/fleet_heartbeat_service_test.dart:271:11)
#1      FleetHeartbeatCollector._safeNullableProvider (package:hydracam/services/fleet_heartbeat_service.dart:397:28)
#2      FleetHeartbeatCollector.collect (package:hydracam/services/fleet_heartbeat_service.dart:350:33)
<asynchronous suspension>
#3      main.<anonymous closure>.<anonymous closure> (file:///Users/jose/src/work/hydracamv2/test/services/fleet_heartbeat_service_test.dart:276:24)
<asynchronous suspension>
#4      Declarer.test.<anonymous closure>.<anonymous closure> (package:test_api/src/backend/declarer.dart:253:15)
<asynchronous suspension>
#5      Declarer.test.<anonymous closure> (package:test_api/src/backend/declarer.dart:250:11)
<asynchronous suspension>
#6      Invoker._waitForOutstandingCallbacks.<anonymous closure> (package:test_api/src/backend/invoker.dart:318:9)
<asynchronous suspension>
, timestamp: 2026-06-18 17:19:18.636065, function: null, file: null}
00:07 +247: /Users/jose/src/work/hydracamv2/test/services/session_manager_test.dart: SessionManager Session lifecycle loadSessionMetadataSnapshot preserves active session identity
Log registered: {message: UploaderService: Resetting upload queue and state., timestamp: 2026-06-18 17:19:18.636448, function: null, file: null}
Log registered: {message: UploaderService: Reset completed., timestamp: 2026-06-18 17:19:18.636527, function: null, file: null}
Log registered: {message: UploaderService: Resetting upload queue and state., timestamp: 2026-06-18 17:19:18.637026, function: null, file: null}
Log registered: {message: UploaderService: Reset completed., timestamp: 2026-06-18 17:19:18.637104, function: null, file: null}
Log registered: {message: Session started with GUID: active-guid on device type: Slave, timestamp: 2026-06-18 17:19:18.637162, function: null, file: null}
Log registered: {message: Retrieved existing Device ID: e91423a0-6fdc-424a-bdb4-f237b0e4b571, timestamp: 2026-06-18 17:19:18.638654, function: null, file: null}
Log registered: {message: Session metadata snapshot loaded for old-guid, timestamp: 2026-06-18 17:19:18.639607, function: null, file: null}
Log registered: {message: Session metadata saved to /var/folders/6s/dp27g8gn26j9mp36sjfxb9tw0000gn/T/session_manager_docsHjKv2L/session_active-guid/metadata.json, timestamp: 2026-06-18 17:19:18.640726, function: null, file: null}
Log registered: {message: UploaderService: Resetting upload queue and state., timestamp: 2026-06-18 17:19:18.640833, function: null, file: null}
Log registered: {message: UploaderService: Reset completed., timestamp: 2026-06-18 17:19:18.640890, function: null, file: null}
Log registered: {message: Session ended and uploader reset., timestamp: 2026-06-18 17:19:18.640937, function: null, file: null}
00:07 +248: /Users/jose/src/work/hydracamv2/test/services/session_manager_test.dart: SessionManager Session lifecycle loadSessionMetadata previews without replacing active session
Log registered: {message: UploaderService: Resetting upload queue and state., timestamp: 2026-06-18 17:19:18.645569, function: null, file: null}
Log registered: {message: UploaderService: Reset completed., timestamp: 2026-06-18 17:19:18.645679, function: null, file: null}
Log registered: {message: UploaderService: Resetting upload queue and state., timestamp: 2026-06-18 17:19:18.646153, function: null, file: null}
Log registered: {message: UploaderService: Reset completed., timestamp: 2026-06-18 17:19:18.646265, function: null, file: null}
Log registered: {message: Session started with GUID: active-preview-guid on device type: Master, timestamp: 2026-06-18 17:19:18.646325, function: null, file: null}
Log registered: {message: Retrieved existing Device ID: e91423a0-6fdc-424a-bdb4-f237b0e4b571, timestamp: 2026-06-18 17:19:18.647727, function: null, file: null}
Log registered: {message: Session metadata loaded for session previous-preview-guid, timestamp: 2026-06-18 17:19:18.647926, function: null, file: null}
Log registered: {message: Session metadata saved to /var/folders/6s/dp27g8gn26j9mp36sjfxb9tw0000gn/T/session_manager_docsHjKv2L/session_active-preview-guid/metadata.json, timestamp: 2026-06-18 17:19:18.649104, function: null, file: null}
Log registered: {message: UploaderService: Resetting upload queue and state., timestamp: 2026-06-18 17:19:18.649217, function: null, file: null}
Log registered: {message: UploaderService: Reset completed., timestamp: 2026-06-18 17:19:18.649280, function: null, file: null}
Log registered: {message: Session ended and uploader reset., timestamp: 2026-06-18 17:19:18.649324, function: null, file: null}
00:07 +249: /Users/jose/src/work/hydracamv2/test/services/session_manager_test.dart: SessionManager Session lifecycle loadSessionMetadataSnapshot tolerates cleaned-up media files
Log registered: {message: UploaderService: Resetting upload queue and state., timestamp: 2026-06-18 17:19:18.650348, function: null, file: null}
Log registered: {message: UploaderService: Reset completed., timestamp: 2026-06-18 17:19:18.650417, function: null, file: null}
Log registered: {message: Retrieved existing Device ID: e91423a0-6fdc-424a-bdb4-f237b0e4b571, timestamp: 2026-06-18 17:19:18.652025, function: null, file: null}
Log registered: {message: Session metadata snapshot loaded for cleaned-media-guid, timestamp: 2026-06-18 17:19:18.652815, function: null, file: null}
00:07 +250: /Users/jose/src/work/hydracamv2/test/services/session_manager_test.dart: SessionManager Session lifecycle loadSessionMetadataSnapshot skips malformed media rows
Log registered: {message: UploaderService: Resetting upload queue and state., timestamp: 2026-06-18 17:19:18.654224, function: null, file: null}
Log registered: {message: UploaderService: Reset completed., timestamp: 2026-06-18 17:19:18.654310, function: null, file: null}
Log registered: {message: UploaderService: Resetting upload queue and state., timestamp: 2026-06-18 17:19:18.654885, function: null, file: null}
Log registered: {message: UploaderService: Reset completed., timestamp: 2026-06-18 17:19:18.654948, function: null, file: null}
Log registered: {message: Session started with GUID: active-metadata-guid on device type: Master, timestamp: 2026-06-18 17:19:18.654997, function: null, file: null}
Log registered: {message: Retrieved existing Device ID: e91423a0-6fdc-424a-bdb4-f237b0e4b571, timestamp: 2026-06-18 17:19:18.657001, function: null, file: null}
Log registered: {message: Skipped invalid stored photo metadata for session mixed-media-guid at index 1: FormatException: Invalid date format
not-a-date, timestamp: 2026-06-18 17:19:18.657610, function: null, file: null}
Log registered: {message: Skipped invalid stored video metadata for session mixed-media-guid at index 0: FormatException: Invalid date format
not-a-date, timestamp: 2026-06-18 17:19:18.658087, function: null, file: null}
Log registered: {message: Session metadata snapshot loaded for mixed-media-guid, timestamp: 2026-06-18 17:19:18.658196, function: null, file: null}
Log registered: {message: Session metadata saved to /var/folders/6s/dp27g8gn26j9mp36sjfxb9tw0000gn/T/session_manager_docsHjKv2L/session_active-metadata-guid/metadata.json, timestamp: 2026-06-18 17:19:18.660807, function: null, file: null}
Log registered: {message: UploaderService: Resetting upload queue and state., timestamp: 2026-06-18 17:19:18.660954, function: null, file: null}
Log registered: {message: UploaderService: Reset completed., timestamp: 2026-06-18 17:19:18.661032, function: null, file: null}
Log registered: {message: Session ended and uploader reset., timestamp: 2026-06-18 17:19:18.661090, function: null, file: null}
00:07 +251: /Users/jose/src/work/hydracamv2/test/services/session_manager_test.dart: SessionManager Session lifecycle rejoining same active session preserves media and upload queue
Log registered: {message: UploaderService: Resetting upload queue and state., timestamp: 2026-06-18 17:19:18.662738, function: null, file: null}
Log registered: {message: UploaderService: Reset completed., timestamp: 2026-06-18 17:19:18.662819, function: null, file: null}
Log registered: {message: UploaderService: Resetting upload queue and state., timestamp: 2026-06-18 17:19:18.663194, function: null, file: null}
Log registered: {message: UploaderService: Reset completed., timestamp: 2026-06-18 17:19:18.663254, function: null, file: null}
Log registered: {message: Session started with GUID: same-guid on device type: Master, timestamp: 2026-06-18 17:19:18.663303, function: null, file: null}
Log registered: {message: Adding photo to upload queue: /var/folders/6s/dp27g8gn26j9mp36sjfxb9tw0000gn/T/session_manager_test_mediazvU9DG/same_session_photo.jpg, timestamp: 2026-06-18 17:19:18.663737, function: null, file: null}
Log registered: {message: Session metadata saved to /var/folders/6s/dp27g8gn26j9mp36sjfxb9tw0000gn/T/session_manager_docsHjKv2L/session_same-guid/metadata.json, timestamp: 2026-06-18 17:19:18.664817, function: null, file: null}
Log registered: {message: [UploaderService] No uploaded media with valid durations. Returning zero duration., timestamp: 2026-06-18 17:19:18.666002, function: null, file: null}
Log registered: {message: Media added to upload queue: /var/folders/6s/dp27g8gn26j9mp36sjfxb9tw0000gn/T/session_manager_test_mediazvU9DG/same_session_photo.jpg, timestamp: 2026-06-18 17:19:18.666276, function: null, file: null}
Log registered: {message: Auto-upload is disabled. Media added to queue but not uploaded., timestamp: 2026-06-18 17:19:18.666473, function: null, file: null}
Log registered: {message: Session already active with GUID: same-guid. Preserving existing media on rejoin as Slave., timestamp: 2026-06-18 17:19:18.666852, function: null, file: null}
Log registered: {message: Session metadata saved to /var/folders/6s/dp27g8gn26j9mp36sjfxb9tw0000gn/T/session_manager_docsHjKv2L/session_same-guid/metadata.json, timestamp: 2026-06-18 17:19:18.667968, function: null, file: null}
Log registered: {message: UploaderService: Resetting upload queue and state., timestamp: 2026-06-18 17:19:18.668130, function: null, file: null}
Log registered: {message: UploaderService: Reset completed., timestamp: 2026-06-18 17:19:18.668205, function: null, file: null}
Log registered: {message: Session ended and uploader reset., timestamp: 2026-06-18 17:19:18.668252, function: null, file: null}
00:07 +252: /Users/jose/src/work/hydracamv2/test/services/session_manager_test.dart: SessionManager Session lifecycle joining a different session starts with clean media state
Log registered: {message: UploaderService: Resetting upload queue and state., timestamp: 2026-06-18 17:19:18.669475, function: null, file: null}
Log registered: {message: UploaderService: Reset completed., timestamp: 2026-06-18 17:19:18.669551, function: null, file: null}
Log registered: {message: UploaderService: Resetting upload queue and state., timestamp: 2026-06-18 17:19:18.669926, function: null, file: null}
Log registered: {message: UploaderService: Reset completed., timestamp: 2026-06-18 17:19:18.669984, function: null, file: null}
Log registered: {message: Session started with GUID: old-guid on device type: Master, timestamp: 2026-06-18 17:19:18.670033, function: null, file: null}
Log registered: {message: Adding photo to upload queue: /var/folders/6s/dp27g8gn26j9mp36sjfxb9tw0000gn/T/session_manager_test_mediahgmE5j/old_session_photo.jpg, timestamp: 2026-06-18 17:19:18.670286, function: null, file: null}
Log registered: {message: Session metadata saved to /var/folders/6s/dp27g8gn26j9mp36sjfxb9tw0000gn/T/session_manager_docsHjKv2L/session_old-guid/metadata.json, timestamp: 2026-06-18 17:19:18.671004, function: null, file: null}
Log registered: {message: [UploaderService] No uploaded media with valid durations. Returning zero duration., timestamp: 2026-06-18 17:19:18.671105, function: null, file: null}
Log registered: {message: Media added to upload queue: /var/folders/6s/dp27g8gn26j9mp36sjfxb9tw0000gn/T/session_manager_test_mediahgmE5j/old_session_photo.jpg, timestamp: 2026-06-18 17:19:18.671162, function: null, file: null}
Log registered: {message: Auto-upload is disabled. Media added to queue but not uploaded., timestamp: 2026-06-18 17:19:18.671235, function: null, file: null}
Log registered: {message: UploaderService: Resetting upload queue and state., timestamp: 2026-06-18 17:19:18.671667, function: null, file: null}
Log registered: {message: UploaderService: Reset completed., timestamp: 2026-06-18 17:19:18.671773, function: null, file: null}
Log registered: {message: Session started with GUID: new-guid on device type: Master, timestamp: 2026-06-18 17:19:18.671830, function: null, file: null}
Log registered: {message: Session metadata saved to /var/folders/6s/dp27g8gn26j9mp36sjfxb9tw0000gn/T/session_manager_docsHjKv2L/session_new-guid/metadata.json, timestamp: 2026-06-18 17:19:18.673118, function: null, file: null}
Log registered: {message: UploaderService: Resetting upload queue and state., timestamp: 2026-06-18 17:19:18.673281, function: null, file: null}
Log registered: {message: UploaderService: Reset completed., timestamp: 2026-06-18 17:19:18.673332, function: null, file: null}
Log registered: {message: Session ended and uploader reset., timestamp: 2026-06-18 17:19:18.673372, function: null, file: null}
00:07 +253: /Users/jose/src/work/hydracamv2/test/services/session_manager_test.dart: SessionManager Session lifecycle addPhoto can be awaited through metadata and enqueue
Log registered: {message: UploaderService: Resetting upload queue and state., timestamp: 2026-06-18 17:19:18.674484, function: null, file: null}
Log registered: {message: UploaderService: Reset completed., timestamp: 2026-06-18 17:19:18.674573, function: null, file: null}
Log registered: {message: UploaderService: Resetting upload queue and state., timestamp: 2026-06-18 17:19:18.674933, function: null, file: null}
Log registered: {message: UploaderService: Reset completed., timestamp: 2026-06-18 17:19:18.674996, function: null, file: null}
Log registered: {message: Session started with GUID: await-photo-guid on device type: Master, timestamp: 2026-06-18 17:19:18.675054, function: null, file: null}
Log registered: {message: Adding photo to upload queue: /var/folders/6s/dp27g8gn26j9mp36sjfxb9tw0000gn/T/session_manager_test_media9X72BO/await_photo.jpg, timestamp: 2026-06-18 17:19:18.675321, function: null, file: null}
Log registered: {message: Session metadata saved to /var/folders/6s/dp27g8gn26j9mp36sjfxb9tw0000gn/T/session_manager_docsHjKv2L/session_await-photo-guid/metadata.json, timestamp: 2026-06-18 17:19:18.676339, function: null, file: null}
Log registered: {message: [UploaderService] No uploaded media with valid durations. Returning zero duration., timestamp: 2026-06-18 17:19:18.676458, function: null, file: null}
Log registered: {message: Media added to upload queue: /var/folders/6s/dp27g8gn26j9mp36sjfxb9tw0000gn/T/session_manager_test_media9X72BO/await_photo.jpg, timestamp: 2026-06-18 17:19:18.676530, function: null, file: null}
Log registered: {message: Auto-upload is disabled. Media added to queue but not uploaded., timestamp: 2026-06-18 17:19:18.676662, function: null, file: null}
Log registered: {message: Session metadata saved to /var/folders/6s/dp27g8gn26j9mp36sjfxb9tw0000gn/T/session_manager_docsHjKv2L/session_await-photo-guid/metadata.json, timestamp: 2026-06-18 17:19:18.678155, function: null, file: null}
Log registered: {message: UploaderService: Resetting upload queue and state., timestamp: 2026-06-18 17:19:18.678263, function: null, file: null}
Log registered: {message: UploaderService: Reset completed., timestamp: 2026-06-18 17:19:18.678342, function: null, file: null}
Log registered: {message: Session ended and uploader reset., timestamp: 2026-06-18 17:19:18.678382, function: null, file: null}
00:07 +254: /Users/jose/src/work/hydracamv2/test/services/session_manager_test.dart: SessionManager Session lifecycle addVideo can be awaited through metadata and enqueue
Log registered: {message: UploaderService: Resetting upload queue and state., timestamp: 2026-06-18 17:19:18.679527, function: null, file: null}
Log registered: {message: UploaderService: Reset completed., timestamp: 2026-06-18 17:19:18.679589, function: null, file: null}
Log registered: {message: UploaderService: Resetting upload queue and state., timestamp: 2026-06-18 17:19:18.679938, function: null, file: null}
Log registered: {message: UploaderService: Reset completed., timestamp: 2026-06-18 17:19:18.679990, function: null, file: null}
Log registered: {message: Session started with GUID: await-video-guid on device type: Slave, timestamp: 2026-06-18 17:19:18.680083, function: null, file: null}
Log registered: {message: Adding video to upload queue: /var/folders/6s/dp27g8gn26j9mp36sjfxb9tw0000gn/T/session_manager_test_mediaDOWtYM/await_video.mp4, timestamp: 2026-06-18 17:19:18.680572, function: null, file: null}
Log registered: {message: Session metadata saved to /var/folders/6s/dp27g8gn26j9mp36sjfxb9tw0000gn/T/session_manager_docsHjKv2L/session_await-video-guid/metadata.json, timestamp: 2026-06-18 17:19:18.681485, function: null, file: null}
Log registered: {message: [UploaderService] No uploaded media with valid durations. Returning zero duration., timestamp: 2026-06-18 17:19:18.681676, function: null, file: null}
Log registered: {message: Media added to upload queue: /var/folders/6s/dp27g8gn26j9mp36sjfxb9tw0000gn/T/session_manager_test_mediaDOWtYM/await_video.mp4, timestamp: 2026-06-18 17:19:18.681830, function: null, file: null}
Log registered: {message: Auto-upload is disabled. Media added to queue but not uploaded., timestamp: 2026-06-18 17:19:18.681924, function: null, file: null}
Log registered: {message: Session metadata saved to /var/folders/6s/dp27g8gn26j9mp36sjfxb9tw0000gn/T/session_manager_docsHjKv2L/session_await-video-guid/metadata.json, timestamp: 2026-06-18 17:19:18.683450, function: null, file: null}
Log registered: {message: UploaderService: Resetting upload queue and state., timestamp: 2026-06-18 17:19:18.683533, function: null, file: null}
Log registered: {message: UploaderService: Reset completed., timestamp: 2026-06-18 17:19:18.683580, function: null, file: null}
Log registered: {message: Session ended and uploader reset., timestamp: 2026-06-18 17:19:18.683618, function: null, file: null}
00:07 +255: /Users/jose/src/work/hydracamv2/test/services/session_manager_test.dart: SessionManager Session lifecycle restoreSessionFromMetadata restores media and caller role
Log registered: {message: UploaderService: Resetting upload queue and state., timestamp: 2026-06-18 17:19:18.684910, function: null, file: null}
Log registered: {message: UploaderService: Reset completed., timestamp: 2026-06-18 17:19:18.684981, function: null, file: null}
Log registered: {message: Retrieved existing Device ID: e91423a0-6fdc-424a-bdb4-f237b0e4b571, timestamp: 2026-06-18 17:19:18.687037, function: null, file: null}
Log registered: {message: Session metadata snapshot loaded for restore-guid, timestamp: 2026-06-18 17:19:18.687224, function: null, file: null}
Log registered: {message: UploaderService: Resetting upload queue and state., timestamp: 2026-06-18 17:19:18.687339, function: null, file: null}
Log registered: {message: UploaderService: Reset completed., timestamp: 2026-06-18 17:19:18.687386, function: null, file: null}
Log registered: {message: Session started with GUID: restore-guid on device type: Master, timestamp: 2026-06-18 17:19:18.687432, function: null, file: null}
Log registered: {message: Adding photo to upload queue: /var/folders/6s/dp27g8gn26j9mp36sjfxb9tw0000gn/T/session_manager_test_mediaiwS3QS/restored_photo.jpg, timestamp: 2026-06-18 17:19:18.687484, function: null, file: null}
Log registered: {message: Session metadata saved to /var/folders/6s/dp27g8gn26j9mp36sjfxb9tw0000gn/T/session_manager_docsHjKv2L/session_restore-guid/metadata.json, timestamp: 2026-06-18 17:19:18.688223, function: null, file: null}
Log registered: {message: [UploaderService] No uploaded media with valid durations. Returning zero duration., timestamp: 2026-06-18 17:19:18.688328, function: null, file: null}
Log registered: {message: Media added to upload queue: /var/folders/6s/dp27g8gn26j9mp36sjfxb9tw0000gn/T/session_manager_test_mediaiwS3QS/restored_photo.jpg, timestamp: 2026-06-18 17:19:18.688378, function: null, file: null}
Log registered: {message: Auto-upload is disabled. Media added to queue but not uploaded., timestamp: 2026-06-18 17:19:18.688451, function: null, file: null}
Log registered: {message: Adding video to upload queue: /var/folders/6s/dp27g8gn26j9mp36sjfxb9tw0000gn/T/session_manager_test_mediaiwS3QS/restored_video.mp4, timestamp: 2026-06-18 17:19:18.688502, function: null, file: null}
Log registered: {message: Session metadata saved to /var/folders/6s/dp27g8gn26j9mp36sjfxb9tw0000gn/T/session_manager_docsHjKv2L/session_restore-guid/metadata.json, timestamp: 2026-06-18 17:19:18.689247, function: null, file: null}
Log registered: {message: [UploaderService] No uploaded media with valid durations. Returning zero duration., timestamp: 2026-06-18 17:19:18.689544, function: null, file: null}
Log registered: {message: Media added to upload queue: /var/folders/6s/dp27g8gn26j9mp36sjfxb9tw0000gn/T/session_manager_test_mediaiwS3QS/restored_video.mp4, timestamp: 2026-06-18 17:19:18.689614, function: null, file: null}
Log registered: {message: Auto-upload is disabled. Media added to queue but not uploaded., timestamp: 2026-06-18 17:19:18.689689, function: null, file: null}
Log registered: {message: Session metadata saved to /var/folders/6s/dp27g8gn26j9mp36sjfxb9tw0000gn/T/session_manager_docsHjKv2L/session_restore-guid/metadata.json, timestamp: 2026-06-18 17:19:18.690723, function: null, file: null}
Log registered: {message: UploaderService: Resetting upload queue and state., timestamp: 2026-06-18 17:19:18.690840, function: null, file: null}
Log registered: {message: UploaderService: Reset completed., timestamp: 2026-06-18 17:19:18.690890, function: null, file: null}
Log registered: {message: Session ended and uploader reset., timestamp: 2026-06-18 17:19:18.690927, function: null, file: null}
00:07 +256: /Users/jose/src/work/hydracamv2/test/services/session_manager_test.dart: SessionManager Session lifecycle restoreSessionFromMetadata does not requeue uploaded media
Log registered: {message: UploaderService: Resetting upload queue and state., timestamp: 2026-06-18 17:19:18.692146, function: null, file: null}
Log registered: {message: UploaderService: Reset completed., timestamp: 2026-06-18 17:19:18.692289, function: null, file: null}
Log registered: {message: Retrieved existing Device ID: e91423a0-6fdc-424a-bdb4-f237b0e4b571, timestamp: 2026-06-18 17:19:18.694473, function: null, file: null}
Log registered: {message: Session metadata snapshot loaded for uploaded-restore-guid, timestamp: 2026-06-18 17:19:18.694645, function: null, file: null}
Log registered: {message: UploaderService: Resetting upload queue and state., timestamp: 2026-06-18 17:19:18.694713, function: null, file: null}
Log registered: {message: UploaderService: Reset completed., timestamp: 2026-06-18 17:19:18.694764, function: null, file: null}
Log registered: {message: Session started with GUID: uploaded-restore-guid on device type: Master, timestamp: 2026-06-18 17:19:18.694805, function: null, file: null}
Log registered: {message: Adding photo to upload queue: /var/folders/6s/dp27g8gn26j9mp36sjfxb9tw0000gn/T/session_manager_test_mediaTpZUBH/uploaded_photo.jpg, timestamp: 2026-06-18 17:19:18.694847, function: null, file: null}
Log registered: {message: Session metadata saved to /var/folders/6s/dp27g8gn26j9mp36sjfxb9tw0000gn/T/session_manager_docsHjKv2L/session_uploaded-restore-guid/metadata.json, timestamp: 2026-06-18 17:19:18.695651, function: null, file: null}
Log registered: {message: Media already uploaded: /var/folders/6s/dp27g8gn26j9mp36sjfxb9tw0000gn/T/session_manager_test_mediaTpZUBH/uploaded_photo.jpg, timestamp: 2026-06-18 17:19:18.695744, function: null, file: null}
Log registered: {message: Adding video to upload queue: /var/folders/6s/dp27g8gn26j9mp36sjfxb9tw0000gn/T/session_manager_test_mediaTpZUBH/uploaded_video.mp4, timestamp: 2026-06-18 17:19:18.695806, function: null, file: null}
Log registered: {message: Session metadata saved to /var/folders/6s/dp27g8gn26j9mp36sjfxb9tw0000gn/T/session_manager_docsHjKv2L/session_uploaded-restore-guid/metadata.json, timestamp: 2026-06-18 17:19:18.696484, function: null, file: null}
Log registered: {message: Media already uploaded: /var/folders/6s/dp27g8gn26j9mp36sjfxb9tw0000gn/T/session_manager_test_mediaTpZUBH/uploaded_video.mp4, timestamp: 2026-06-18 17:19:18.696582, function: null, file: null}
Log registered: {message: Session metadata saved to /var/folders/6s/dp27g8gn26j9mp36sjfxb9tw0000gn/T/session_manager_docsHjKv2L/session_uploaded-restore-guid/metadata.json, timestamp: 2026-06-18 17:19:18.697730, function: null, file: null}
Log registered: {message: UploaderService: Resetting upload queue and state., timestamp: 2026-06-18 17:19:18.697810, function: null, file: null}
Log registered: {message: UploaderService: Reset completed., timestamp: 2026-06-18 17:19:18.697855, function: null, file: null}
Log registered: {message: Session ended and uploader reset., timestamp: 2026-06-18 17:19:18.697896, function: null, file: null}
00:07 +257: /Users/jose/src/work/hydracamv2/test/services/session_manager_test.dart: SessionManager Session lifecycle restoreSessionFromMetadata repairs blank stored session guid
Log registered: {message: UploaderService: Resetting upload queue and state., timestamp: 2026-06-18 17:19:18.699263, function: null, file: null}
Log registered: {message: UploaderService: Reset completed., timestamp: 2026-06-18 17:19:18.699325, function: null, file: null}
Log registered: {message: Retrieved existing Device ID: e91423a0-6fdc-424a-bdb4-f237b0e4b571, timestamp: 2026-06-18 17:19:18.701227, function: null, file: null}
Log registered: {message: Stored session GUID repaired to backend-restore-guid for backend-restore-guid., timestamp: 2026-06-18 17:19:18.702124, function: null, file: null}
Log registered: {message: Session metadata snapshot loaded for backend-restore-guid, timestamp: 2026-06-18 17:19:18.702354, function: null, file: null}
Log registered: {message: UploaderService: Resetting upload queue and state., timestamp: 2026-06-18 17:19:18.702432, function: null, file: null}
Log registered: {message: UploaderService: Reset completed., timestamp: 2026-06-18 17:19:18.702480, function: null, file: null}
Log registered: {message: Session started with GUID: backend-restore-guid on device type: Master, timestamp: 2026-06-18 17:19:18.702521, function: null, file: null}
Log registered: {message: Adding photo to upload queue: /var/folders/6s/dp27g8gn26j9mp36sjfxb9tw0000gn/T/session_manager_test_mediaqtABlr/blank_guid_photo.jpg, timestamp: 2026-06-18 17:19:18.702572, function: null, file: null}
Log registered: {message: Session metadata saved to /var/folders/6s/dp27g8gn26j9mp36sjfxb9tw0000gn/T/session_manager_docsHjKv2L/session_backend-restore-guid/metadata.json, timestamp: 2026-06-18 17:19:18.704072, function: null, file: null}
Log registered: {message: [UploaderService] No uploaded media with valid durations. Returning zero duration., timestamp: 2026-06-18 17:19:18.704233, function: null, file: null}
Log registered: {message: Media added to upload queue: /var/folders/6s/dp27g8gn26j9mp36sjfxb9tw0000gn/T/session_manager_test_mediaqtABlr/blank_guid_photo.jpg, timestamp: 2026-06-18 17:19:18.704307, function: null, file: null}
Log registered: {message: Auto-upload is disabled. Media added to queue but not uploaded., timestamp: 2026-06-18 17:19:18.704384, function: null, file: null}
Log registered: {message: Session metadata saved to /var/folders/6s/dp27g8gn26j9mp36sjfxb9tw0000gn/T/session_manager_docsHjKv2L/session_backend-restore-guid/metadata.json, timestamp: 2026-06-18 17:19:18.706602, function: null, file: null}
Log registered: {message: UploaderService: Resetting upload queue and state., timestamp: 2026-06-18 17:19:18.706748, function: null, file: null}
Log registered: {message: UploaderService: Reset completed., timestamp: 2026-06-18 17:19:18.706804, function: null, file: null}
Log registered: {message: Session ended and uploader reset., timestamp: 2026-06-18 17:19:18.706861, function: null, file: null}
00:07 +258: /Users/jose/src/work/hydracamv2/test/services/session_manager_test.dart: SessionManager Media management addPhoto adds photo to current session
Log registered: {message: UploaderService: Resetting upload queue and state., timestamp: 2026-06-18 17:19:18.707948, function: null, file: null}
Log registered: {message: UploaderService: Reset completed., timestamp: 2026-06-18 17:19:18.708008, function: null, file: null}
Log registered: {message: UploaderService: Resetting upload queue and state., timestamp: 2026-06-18 17:19:18.708259, function: null, file: null}
Log registered: {message: UploaderService: Reset completed., timestamp: 2026-06-18 17:19:18.708308, function: null, file: null}
Log registered: {message: Session started with GUID: test-guid on device type: Master, timestamp: 2026-06-18 17:19:18.708351, function: null, file: null}
Log registered: {message: Adding photo to upload queue: /var/folders/6s/dp27g8gn26j9mp36sjfxb9tw0000gn/T/session_manager_test_mediaUXLNWf/test_photo.jpg, timestamp: 2026-06-18 17:19:18.708696, function: null, file: null}
Log registered: {message: Session metadata saved to /var/folders/6s/dp27g8gn26j9mp36sjfxb9tw0000gn/T/session_manager_docsHjKv2L/session_test-guid/metadata.json, timestamp: 2026-06-18 17:19:18.709422, function: null, file: null}
Log registered: {message: [UploaderService] No uploaded media with valid durations. Returning zero duration., timestamp: 2026-06-18 17:19:18.709516, function: null, file: null}
Log registered: {message: Media added to upload queue: /var/folders/6s/dp27g8gn26j9mp36sjfxb9tw0000gn/T/session_manager_test_mediaUXLNWf/test_photo.jpg, timestamp: 2026-06-18 17:19:18.709564, function: null, file: null}
Log registered: {message: Auto-upload is disabled. Media added to queue but not uploaded., timestamp: 2026-06-18 17:19:18.709628, function: null, file: null}
Log registered: {message: Session metadata saved to /var/folders/6s/dp27g8gn26j9mp36sjfxb9tw0000gn/T/session_manager_docsHjKv2L/session_test-guid/metadata.json, timestamp: 2026-06-18 17:19:18.710537, function: null, file: null}
Log registered: {message: UploaderService: Resetting upload queue and state., timestamp: 2026-06-18 17:19:18.710606, function: null, file: null}
Log registered: {message: UploaderService: Reset completed., timestamp: 2026-06-18 17:19:18.710654, function: null, file: null}
Log registered: {message: Session ended and uploader reset., timestamp: 2026-06-18 17:19:18.710693, function: null, file: null}
00:07 +259: /Users/jose/src/work/hydracamv2/test/services/session_manager_test.dart: SessionManager Media management addVideo adds video to current session
Log registered: {message: UploaderService: Resetting upload queue and state., timestamp: 2026-06-18 17:19:18.711700, function: null, file: null}
Log registered: {message: UploaderService: Reset completed., timestamp: 2026-06-18 17:19:18.711773, function: null, file: null}
Log registered: {message: UploaderService: Resetting upload queue and state., timestamp: 2026-06-18 17:19:18.711978, function: null, file: null}
Log registered: {message: UploaderService: Reset completed., timestamp: 2026-06-18 17:19:18.712025, function: null, file: null}
Log registered: {message: Session started with GUID: test-guid on device type: Master, timestamp: 2026-06-18 17:19:18.712068, function: null, file: null}
Log registered: {message: Adding video to upload queue: /var/folders/6s/dp27g8gn26j9mp36sjfxb9tw0000gn/T/session_manager_test_mediaOzhKS5/test_video.mp4, timestamp: 2026-06-18 17:19:18.712992, function: null, file: null}
Log registered: {message: Session metadata saved to /var/folders/6s/dp27g8gn26j9mp36sjfxb9tw0000gn/T/session_manager_docsHjKv2L/session_test-guid/metadata.json, timestamp: 2026-06-18 17:19:18.713979, function: null, file: null}
Log registered: {message: [UploaderService] No uploaded media with valid durations. Returning zero duration., timestamp: 2026-06-18 17:19:18.714066, function: null, file: null}
Log registered: {message: Media added to upload queue: /var/folders/6s/dp27g8gn26j9mp36sjfxb9tw0000gn/T/session_manager_test_mediaOzhKS5/test_video.mp4, timestamp: 2026-06-18 17:19:18.714107, function: null, file: null}
Log registered: {message: Auto-upload is disabled. Media added to queue but not uploaded., timestamp: 2026-06-18 17:19:18.714168, function: null, file: null}
Log registered: {message: Session metadata saved to /var/folders/6s/dp27g8gn26j9mp36sjfxb9tw0000gn/T/session_manager_docsHjKv2L/session_test-guid/metadata.json, timestamp: 2026-06-18 17:19:18.715264, function: null, file: null}
Log registered: {message: UploaderService: Resetting upload queue and state., timestamp: 2026-06-18 17:19:18.715361, function: null, file: null}
Log registered: {message: UploaderService: Reset completed., timestamp: 2026-06-18 17:19:18.715406, function: null, file: null}
Log registered: {message: Session ended and uploader reset., timestamp: 2026-06-18 17:19:18.715443, function: null, file: null}
00:07 +260: /Users/jose/src/work/hydracamv2/test/services/device_level_service_test.dart: DeviceLevelReading reports green level when roll is within two degrees
00:07 +260: /Users/jose/src/work/hydracamv2/test/services/session_manager_test.dart: SessionManager Media management video capture context persists and reloads from metadata
Log registered: {message: UploaderService: Resetting upload queue and state., timestamp: 2026-06-18 17:19:18.716425, function: null, file: null}
Log registered: {message: UploaderService: Reset completed., timestamp: 2026-06-18 17:19:18.716477, function: null, file: null}
Log registered: {message: UploaderService: Resetting upload queue and state., timestamp: 2026-06-18 17:19:18.716736, function: null, file: null}
Log registered: {message: UploaderService: Reset completed., timestamp: 2026-06-18 17:19:18.716848, function: null, file: null}
Log registered: {message: Session started with GUID: test-guid on device type: Master, timestamp: 2026-06-18 17:19:18.716902, function: null, file: null}
Log registered: {message: Adding video to upload queue: /var/folders/6s/dp27g8gn26j9mp36sjfxb9tw0000gn/T/session_manager_test_mediamRdYbA/context_video.mp4, timestamp: 2026-06-18 17:19:18.717687, function: null, file: null}
Log registered: {message: Session metadata saved to /var/folders/6s/dp27g8gn26j9mp36sjfxb9tw0000gn/T/session_manager_docsHjKv2L/session_test-guid/metadata.json, timestamp: 2026-06-18 17:19:18.719445, function: null, file: null}
Log registered: {message: [UploaderService] No uploaded media with valid durations. Returning zero duration., timestamp: 2026-06-18 17:19:18.719563, function: null, file: null}
Log registered: {message: Media added to upload queue: /var/folders/6s/dp27g8gn26j9mp36sjfxb9tw0000gn/T/session_manager_test_mediamRdYbA/context_video.mp4, timestamp: 2026-06-18 17:19:18.719640, function: null, file: null}
Log registered: {message: Auto-upload is disabled. Media added to queue but not uploaded., timestamp: 2026-06-18 17:19:18.719711, function: null, file: null}
Log registered: {message: Retrieved existing Device ID: e91423a0-6fdc-424a-bdb4-f237b0e4b571, timestamp: 2026-06-18 17:19:18.721054, function: null, file: null}
Log registered: {message: Session metadata loaded for session test-guid, timestamp: 2026-06-18 17:19:18.721710, function: null, file: null}
Log registered: {message: Session metadata saved to /var/folders/6s/dp27g8gn26j9mp36sjfxb9tw0000gn/T/session_manager_docsHjKv2L/session_test-guid/metadata.json, timestamp: 2026-06-18 17:19:18.722682, function: null, file: null}
Log registered: {message: UploaderService: Resetting upload queue and state., timestamp: 2026-06-18 17:19:18.722761, function: null, file: null}
Log registered: {message: UploaderService: Reset completed., timestamp: 2026-06-18 17:19:18.722808, function: null, file: null}
Log registered: {message: Session ended and uploader reset., timestamp: 2026-06-18 17:19:18.722845, function: null, file: null}
00:07 +261: /Users/jose/src/work/hydracamv2/test/services/device_level_service_test.dart: DeviceLevelReading reports green level when roll is within two degrees
00:07 +261: /Users/jose/src/work/hydracamv2/test/services/session_manager_test.dart: SessionManager Media management metadata write preserves session captured before async path lookup
Log registered: {message: UploaderService: Resetting upload queue and state., timestamp: 2026-06-18 17:19:18.724019, function: null, file: null}
Log registered: {message: UploaderService: Reset completed., timestamp: 2026-06-18 17:19:18.724094, function: null, file: null}
Log registered: {message: UploaderService: Resetting upload queue and state., timestamp: 2026-06-18 17:19:18.724345, function: null, file: null}
Log registered: {message: UploaderService: Reset completed., timestamp: 2026-06-18 17:19:18.724434, function: null, file: null}
Log registered: {message: Session started with GUID: test-guid on device type: Master, timestamp: 2026-06-18 17:19:18.724480, function: null, file: null}
Log registered: {message: UploaderService: Resetting upload queue and state., timestamp: 2026-06-18 17:19:18.724733, function: null, file: null}
Log registered: {message: UploaderService: Reset completed., timestamp: 2026-06-18 17:19:18.724777, function: null, file: null}
Log registered: {message: Session started with GUID: metadata-old-guid on device type: Master, timestamp: 2026-06-18 17:19:18.724813, function: null, file: null}
Log registered: {message: UploaderService: Resetting upload queue and state., timestamp: 2026-06-18 17:19:18.725419, function: null, file: null}
Log registered: {message: UploaderService: Reset completed., timestamp: 2026-06-18 17:19:18.725516, function: null, file: null}
Log registered: {message: Session started with GUID: metadata-new-guid on device type: Slave, timestamp: 2026-06-18 17:19:18.725562, function: null, file: null}
00:07 +262: /Users/jose/src/work/hydracamv2/test/services/hydracam_api_service_test.dart: uploadMedia includes app version fields in multipart metadata
00:07 +262: /Users/jose/src/work/hydracamv2/test/services/session_manager_test.dart: SessionManager Media management metadata write preserves session captured before async path lookup
Log registered: {message: Session metadata saved to /var/folders/6s/dp27g8gn26j9mp36sjfxb9tw0000gn/T/session_manager_docsHjKv2L/session_metadata-old-guid/metadata.json, timestamp: 2026-06-18 17:19:18.726440, function: null, file: null}
00:07 +263: /Users/jose/src/work/hydracamv2/test/services/hydracam_api_service_test.dart: uploadMedia includes app version fields in multipart metadata
00:07 +263: /Users/jose/src/work/hydracamv2/test/services/session_manager_test.dart: SessionManager Media management metadata write preserves session captured before async path lookup
Log registered: {message: Session metadata saved to /var/folders/6s/dp27g8gn26j9mp36sjfxb9tw0000gn/T/session_manager_docsHjKv2L/session_metadata-new-guid/metadata.json, timestamp: 2026-06-18 17:19:18.728060, function: null, file: null}
Log registered: {message: UploaderService: Resetting upload queue and state., timestamp: 2026-06-18 17:19:18.728130, function: null, file: null}
Log registered: {message: UploaderService: Reset completed., timestamp: 2026-06-18 17:19:18.728173, function: null, file: null}
Log registered: {message: Session ended and uploader reset., timestamp: 2026-06-18 17:19:18.728205, function: null, file: null}
00:07 +264: /Users/jose/src/work/hydracamv2/test/services/hydracam_api_service_test.dart: uploadMedia includes app version fields in multipart metadata
00:07 +265: /Users/jose/src/work/hydracamv2/test/services/hydracam_api_service_test.dart: uploadMedia includes app version fields in multipart metadata
00:07 +265: /Users/jose/src/work/hydracamv2/test/services/session_manager_test.dart: SessionManager Media management multiple media can be added to session
Log registered: {message: UploaderService: Resetting upload queue and state., timestamp: 2026-06-18 17:19:18.732999, function: null, file: null}
Log registered: {message: UploaderService: Reset completed., timestamp: 2026-06-18 17:19:18.733062, function: null, file: null}
Log registered: {message: UploaderService: Resetting upload queue and state., timestamp: 2026-06-18 17:19:18.733328, function: null, file: null}
Log registered: {message: UploaderService: Reset completed., timestamp: 2026-06-18 17:19:18.733426, function: null, file: null}
Log registered: {message: Session started with GUID: test-guid on device type: Master, timestamp: 2026-06-18 17:19:18.733472, function: null, file: null}
00:07 +266: /Users/jose/src/work/hydracamv2/test/services/hydracam_api_service_test.dart: uploadMedia includes app version fields in multipart metadata
00:07 +266: /Users/jose/src/work/hydracamv2/test/services/session_manager_test.dart: SessionManager Media management multiple media can be added to session
Log registered: {message: Adding photo to upload queue: /var/folders/6s/dp27g8gn26j9mp36sjfxb9tw0000gn/T/session_manager_test_mediaPxOBpA/test_photo_1.jpg, timestamp: 2026-06-18 17:19:18.734044, function: null, file: null}
Log registered: {message: Session metadata saved to /var/folders/6s/dp27g8gn26j9mp36sjfxb9tw0000gn/T/session_manager_docsHjKv2L/session_test-guid/metadata.json, timestamp: 2026-06-18 17:19:18.734934, function: null, file: null}
Log registered: {message: [UploaderService] No uploaded media with valid durations. Returning zero duration., timestamp: 2026-06-18 17:19:18.735033, function: null, file: null}
Log registered: {message: Media added to upload queue: /var/folders/6s/dp27g8gn26j9mp36sjfxb9tw0000gn/T/session_manager_test_mediaPxOBpA/test_photo_1.jpg, timestamp: 2026-06-18 17:19:18.735083, function: null, file: null}
Log registered: {message: Auto-upload is disabled. Media added to queue but not uploaded., timestamp: 2026-06-18 17:19:18.735154, function: null, file: null}
Log registered: {message: Adding photo to upload queue: /var/folders/6s/dp27g8gn26j9mp36sjfxb9tw0000gn/T/session_manager_test_mediaPxOBpA/test_photo_2.jpg, timestamp: 2026-06-18 17:19:18.735197, function: null, file: null}
Log registered: {message: Session metadata saved to /var/folders/6s/dp27g8gn26j9mp36sjfxb9tw0000gn/T/session_manager_docsHjKv2L/session_test-guid/metadata.json, timestamp: 2026-06-18 17:19:18.736494, function: null, file: null}
Log registered: {message: [UploaderService] No uploaded media with valid durations. Returning zero duration., timestamp: 2026-06-18 17:19:18.736613, function: null, file: null}
Log registered: {message: Media added to upload queue: /var/folders/6s/dp27g8gn26j9mp36sjfxb9tw0000gn/T/session_manager_test_mediaPxOBpA/test_photo_2.jpg, timestamp: 2026-06-18 17:19:18.736654, function: null, file: null}
Log registered: {message: Auto-upload is disabled. Media added to queue but not uploaded., timestamp: 2026-06-18 17:19:18.736726, function: null, file: null}
Log registered: {message: Session metadata saved to /var/folders/6s/dp27g8gn26j9mp36sjfxb9tw0000gn/T/session_manager_docsHjKv2L/session_test-guid/metadata.json, timestamp: 2026-06-18 17:19:18.737679, function: null, file: null}
Log registered: {message: UploaderService: Resetting upload queue and state., timestamp: 2026-06-18 17:19:18.737769, function: null, file: null}
Log registered: {message: UploaderService: Reset completed., timestamp: 2026-06-18 17:19:18.737871, function: null, file: null}
Log registered: {message: Session ended and uploader reset., timestamp: 2026-06-18 17:19:18.737916, function: null, file: null}
00:07 +267: /Users/jose/src/work/hydracamv2/test/services/hydracam_api_service_test.dart: uploadMedia includes app version fields in multipart metadata
Log registered: {message: Get token, timestamp: 2026-06-18 17:19:18.739835, function: null, file: null}
Log registered: {message: Media uploaded successfully, timestamp: 2026-06-18 17:19:18.756912, function: null, file: null}
00:07 +268: /Users/jose/src/work/hydracamv2/test/services/gallery_session_matcher_test.dart: matches gallery videos inside an explicit session margin
00:07 +268: /Users/jose/src/work/hydracamv2/test/services/hydracam_api_service_test.dart: uploadMedia includes app version fields in multipart metadata
Trace file unavailable: MissingPluginException(No implementation found for method getApplicationDocumentsDirectory on channel plugins.flutter.io/path_provider)
00:07 +268: /Users/jose/src/work/hydracamv2/test/services/hydracam_api_service_test.dart: uploadMedia includes video recording end and duration metadata
Log registered: {message: Get token, timestamp: 2026-06-18 17:19:18.762099, function: null, file: null}
Log registered: {message: Media uploaded successfully, timestamp: 2026-06-18 17:19:18.763846, function: null, file: null}
00:07 +269: /Users/jose/src/work/hydracamv2/test/services/gallery_session_matcher_test.dart: matches gallery videos inside an explicit session margin
00:07 +269: /Users/jose/src/work/hydracamv2/test/services/hydracam_api_service_test.dart: uploadMedia derives duration from recording timestamps when mismatched
Log registered: {message: Get token, timestamp: 2026-06-18 17:19:18.765987, function: null, file: null}
Log registered: {message: Media uploaded successfully, timestamp: 2026-06-18 17:19:18.767482, function: null, file: null}
00:07 +270: /Users/jose/src/work/hydracamv2/test/services/gallery_session_matcher_test.dart: matches gallery videos inside an explicit session margin
00:07 +271: /Users/jose/src/work/hydracamv2/test/services/hydracam_api_service_test.dart: uploadMedia rejects inverted video recording timestamps
Log registered: {message: Upload video duration is invalid: recordingEndDate is before captureDate for /var/folders/6s/dp27g8gn26j9mp36sjfxb9tw0000gn/T/hydracam_api_testUiYtAk/video-inverted-duration.mp4, timestamp: 2026-06-18 17:19:18.769678, function: null, file: null}
00:07 +272: /Users/jose/src/work/hydracamv2/test/services/gallery_session_matcher_test.dart: excludes videos outside the margin and ranks nearest candidates first
00:07 +273: /Users/jose/src/work/hydracamv2/test/services/hydracam_api_service_test.dart: uploadMedia uses centralized upload-media contract fields
00:07 +274: /Users/jose/src/work/hydracamv2/test/services/hydracam_api_service_test.dart: uploadMedia uses centralized upload-media contract fields
Log registered: {message: Get token, timestamp: 2026-06-18 17:19:18.772430, function: null, file: null}
Log registered: {message: Media uploaded successfully, timestamp: 2026-06-18 17:19:18.773913, function: null, file: null}
00:07 +275: /Users/jose/src/work/hydracamv2/test/services/hydracam_api_service_test.dart: uploadMedia omits video duration metadata for photo uploads
Log registered: {message: Get token, timestamp: 2026-06-18 17:19:18.776029, function: null, file: null}
Log registered: {message: Media uploaded successfully, timestamp: 2026-06-18 17:19:18.777291, function: null, file: null}
00:07 +276: /Users/jose/src/work/hydracamv2/test/services/hydracam_api_service_test.dart: createSession returns typed backend session from API response
Log registered: {message: Get token, timestamp: 2026-06-18 17:19:18.780883, function: null, file: null}
Log registered: {message: Session created successfully: HydraCamBackendSession(guid: backend-guid, sessionId: friendly-session, numericId: 42), timestamp: 2026-06-18 17:19:18.784860, function: null, file: null}
00:07 +277: /Users/jose/src/work/hydracamv2/test/services/log_service_test.dart: (setUpAll)
00:07 +277: /Users/jose/src/work/hydracamv2/test/services/hydracam_api_service_test.dart: createSession rejects JSON failure response with backend guid
Log registered: {message: Get token, timestamp: 2026-06-18 17:19:18.794089, function: null, file: null}
Log registered: {message: Failed to create session: backend response reported failure - {"success":false,"message":"Court unavailable","guid":"backend-guid"}, timestamp: 2026-06-18 17:19:18.794986, function: null, file: null}
00:07 +278: /Users/jose/src/work/hydracamv2/test/services/log_service_test.dart: registerLog stores message, timestamp, function, and file
00:07 +278: /Users/jose/src/work/hydracamv2/test/services/hydracam_api_service_test.dart: createSession rejects JSON error response with backend guid
Log registered: {message: Get token, timestamp: 2026-06-18 17:19:18.802749, function: null, file: null}
Log registered: {message: Failed to create session: backend response reported failure - {"error":"Duplicate session","guid":"backend-guid"}, timestamp: 2026-06-18 17:19:18.803423, function: null, file: null}
00:07 +279: /Users/jose/src/work/hydracamv2/test/services/log_service_test.dart: registerLog stores message, timestamp, function, and file
Log registered: {message: Profile startup marker, timestamp: 2026-06-07 13:30:00.000, function: main, file: main.dart}
00:07 +279: /Users/jose/src/work/hydracamv2/test/services/hydracam_api_service_test.dart: warmUpBackend sends an authenticated lightweight startup request
Log registered: {message: Get token, timestamp: 2026-06-18 17:19:18.805095, function: null, file: null}
Log registered: {message: Backend warm-up completed., timestamp: 2026-06-18 17:19:18.806261, function: null, file: null}
00:07 +280: /Users/jose/src/work/hydracamv2/test/services/log_service_test.dart: registerLog stores message, timestamp, function, and file
00:07 +280: /Users/jose/src/work/hydracamv2/test/services/hydracam_api_service_test.dart: uploadMedia rejects missing files before HTTP send
Log registered: {message: Upload file does not exist: /var/folders/6s/dp27g8gn26j9mp36sjfxb9tw0000gn/T/hydracam_api_testyCRpgt/missing-video.mp4, timestamp: 2026-06-18 17:19:18.808054, function: null, file: null}
00:07 +281: /Users/jose/src/work/hydracamv2/test/services/log_service_test.dart: registerLog stores message, timestamp, function, and file
00:07 +282: /Users/jose/src/work/hydracamv2/test/services/gallery_session_attachment_service_test.dart: copyImportedMedia writes gallery files inside the session directory
00:07 +282: /Users/jose/src/work/hydracamv2/test/services/hydracam_api_service_test.dart: uploadMedia rejects empty files before HTTP send
Log registered: {message: Upload file is empty: /var/folders/6s/dp27g8gn26j9mp36sjfxb9tw0000gn/T/hydracam_api_test0kM2IB/empty-video.mp4, timestamp: 2026-06-18 17:19:18.809766, function: null, file: null}
00:07 +283: /Users/jose/src/work/hydracamv2/test/services/gallery_session_attachment_service_test.dart: copyImportedMedia writes gallery files inside the session directory
00:07 +283: /Users/jose/src/work/hydracamv2/test/services/log_service_test.dart: clearLogs removes stored entries
Log registered: {message: temporary entry, timestamp: 2026-06-18 17:19:18.811183, function: null, file: null}
00:07 +284: /Users/jose/src/work/hydracamv2/test/services/gallery_session_attachment_service_test.dart: copyImportedMedia writes gallery files inside the session directory
00:07 +284: /Users/jose/src/work/hydracamv2/test/services/hydracam_api_service_test.dart: uploadMedia rejects corrupt local photo and video before HTTP send
Log registered: {message: Upload file is not valid photo media: /var/folders/6s/dp27g8gn26j9mp36sjfxb9tw0000gn/T/hydracam_api_testEEFUSw/corrupt-photo.jpg, timestamp: 2026-06-18 17:19:18.812204, function: null, file: null}
00:07 +284: /Users/jose/src/work/hydracamv2/test/services/log_service_test.dart: trace persistence retries after a transient path failure
Log registered: {message: before path is ready, timestamp: 2026-06-18 17:19:18.812750, function: null, file: null}
00:07 +284: /Users/jose/src/work/hydracamv2/test/services/hydracam_api_service_test.dart: uploadMedia rejects corrupt local photo and video before HTTP send
Log registered: {message: Upload file is not valid video media: /var/folders/6s/dp27g8gn26j9mp36sjfxb9tw0000gn/T/hydracam_api_testEEFUSw/corrupt-video.mp4, timestamp: 2026-06-18 17:19:18.812821, function: null, file: null}
00:07 +285: /Users/jose/src/work/hydracamv2/test/services/gallery_session_attachment_service_test.dart: copyImportedMedia writes gallery files inside the session directory
00:07 +285: /Users/jose/src/work/hydracamv2/test/services/log_service_test.dart: trace persistence retries after a transient path failure
Trace file unavailable: FileSystemException: documents path unavailable, path = ''
Log registered: {message: after path is ready, timestamp: 2026-06-18 17:19:18.815601, function: null, file: null}
00:07 +285: /Users/jose/src/work/hydracamv2/test/services/hydracam_api_service_test.dart: uploadMedia rejects unsupported ISO media signatures before HTTP send
Log registered: {message: Upload file is not valid video media: /var/folders/6s/dp27g8gn26j9mp36sjfxb9tw0000gn/T/hydracam_api_test555Yji/forged-iso-video.mp4, timestamp: 2026-06-18 17:19:18.815991, function: null, file: null}
00:07 +286: /Users/jose/src/work/hydracamv2/test/services/gallery_session_attachment_service_test.dart: copyImportedMedia writes gallery files inside the session directory
00:07 +286: /Users/jose/src/work/hydracamv2/test/services/hydracam_api_service_test.dart: uploadMedia accepts supported HEIC photo signatures
Log registered: {message: Get token, timestamp: 2026-06-18 17:19:18.818075, function: null, file: null}
Log registered: {message: Media uploaded successfully, timestamp: 2026-06-18 17:19:18.819426, function: null, file: null}
00:07 +287: /Users/jose/src/work/hydracamv2/test/services/gallery_session_attachment_service_test.dart: copyImportedMedia writes gallery files inside the session directory
00:07 +287: /Users/jose/src/work/hydracamv2/test/services/hydracam_api_service_test.dart: uploadMedia rejects backend failure bodies with HTTP 200
Log registered: {message: Get token, timestamp: 2026-06-18 17:19:18.821363, function: null, file: null}
00:07 +288: /Users/jose/src/work/hydracamv2/test/services/gallery_session_attachment_service_test.dart: copyImportedMedia writes gallery files inside the session directory
Log registered: {message: Copying gallery media into session: /var/folders/6s/dp27g8gn26j9mp36sjfxb9tw0000gn/T/gallery_session_attachment_service_testnsXXFv/camera roll/photo one.jpg -> /var/folders/6s/dp27g8gn26j9mp36sjfxb9tw0000gn/T/gallery_session_attachment_service_testnsXXFv/session_session-guid/gallery_asset_id_one_photo one.jpg, timestamp: 2026-06-18 17:19:18.819841, function: null, file: null}
00:07 +288: /Users/jose/src/work/hydracamv2/test/services/hydracam_api_service_test.dart: uploadMedia rejects backend failure bodies with HTTP 200
Log registered: {message: Failed to upload media: HTTP 200 backend response reported failure - {"success":false,"message":"Rejected corrupt media"}, timestamp: 2026-06-18 17:19:18.823111, function: null, file: null}
00:07 +289: /Users/jose/src/work/hydracamv2/test/services/gallery_session_attachment_service_test.dart: copyImportedMedia writes gallery files inside the session directory
Log registered: {message: Copied gallery media into session: /var/folders/6s/dp27g8gn26j9mp36sjfxb9tw0000gn/T/gallery_session_attachment_service_testnsXXFv/session_session-guid/gallery_asset_id_one_photo one.jpg, timestamp: 2026-06-18 17:19:18.823846, function: null, file: null}
00:07 +290: /Users/jose/src/work/hydracamv2/test/services/gallery_session_attachment_service_test.dart: copyImportedMedia writes gallery files inside the session directory
00:07 +290: /Users/jose/src/work/hydracamv2/test/services/hydracam_api_service_test.dart: uploadMedia accepts deployed legacy plaintext success body
Log registered: {message: Get token, timestamp: 2026-06-18 17:19:18.825648, function: null, file: null}
00:07 +290: /Users/jose/src/work/hydracamv2/test/services/gallery_session_attachment_service_test.dart: copyImportedMedia writes gallery files inside the session directory
00:07 +290: /Users/jose/src/work/hydracamv2/test/services/hydracam_api_service_test.dart: uploadMedia accepts deployed legacy plaintext success body
Log registered: {message: Media uploaded successfully, timestamp: 2026-06-18 17:19:18.827229, function: null, file: null}
00:07 +291: /Users/jose/src/work/hydracamv2/test/services/gallery_session_attachment_service_test.dart: copyImportedMedia writes gallery files inside the session directory
00:07 +291: /Users/jose/src/work/hydracamv2/test/services/hydracam_api_service_test.dart: uploadMedia accepts JSON success aliases
Log registered: {message: Get token, timestamp: 2026-06-18 17:19:18.829596, function: null, file: null}
Log registered: {message: Media uploaded successfully, timestamp: 2026-06-18 17:19:18.830846, function: null, file: null}
Log registered: {message: Get token, timestamp: 2026-06-18 17:19:18.831425, function: null, file: null}
00:07 +292: /Users/jose/src/work/hydracamv2/test/services/hydracam_api_service_test.dart: uploadMedia accepts JSON success aliases
Log registered: {message: Media uploaded successfully, timestamp: 2026-06-18 17:19:18.832696, function: null, file: null}
Log registered: {message: Get token, timestamp: 2026-06-18 17:19:18.833369, function: null, file: null}
Log registered: {message: Media uploaded successfully, timestamp: 2026-06-18 17:19:18.834512, function: null, file: null}
00:07 +293: /Users/jose/src/work/hydracamv2/test/services/gallery_session_attachment_service_test.dart: copyImportedMedia does not overwrite an existing session copy
Log registered: {message: Copying gallery media into session: /var/folders/6s/dp27g8gn26j9mp36sjfxb9tw0000gn/T/gallery_session_attachment_service_test56A3Ce/camera roll/idempotent.jpg -> /var/folders/6s/dp27g8gn26j9mp36sjfxb9tw0000gn/T/gallery_session_attachment_service_test56A3Ce/session_copy-idempotent-guid/gallery_copy_idempotent_idempotent.jpg, timestamp: 2026-06-18 17:19:18.835777, function: null, file: null}
Log registered: {message: Copied gallery media into session: /var/folders/6s/dp27g8gn26j9mp36sjfxb9tw0000gn/T/gallery_session_attachment_service_test56A3Ce/session_copy-idempotent-guid/gallery_copy_idempotent_idempotent.jpg, timestamp: 2026-06-18 17:19:18.836486, function: null, file: null}
Log registered: {message: Reusing existing gallery media session copy: /var/folders/6s/dp27g8gn26j9mp36sjfxb9tw0000gn/T/gallery_session_attachment_service_test56A3Ce/session_copy-idempotent-guid/gallery_copy_idempotent_idempotent.jpg, timestamp: 2026-06-18 17:19:18.837030, function: null, file: null}
00:07 +294: /Users/jose/src/work/hydracamv2/test/services/hydracam_api_service_test.dart: uploadMedia rejects textual false success aliases
Log registered: {message: Get token, timestamp: 2026-06-18 17:19:18.836542, function: null, file: null}
Log registered: {message: Failed to upload media: HTTP 200 backend response reported failure - {"success":"false"}, timestamp: 2026-06-18 17:19:18.837714, function: null, file: null}
Log registered: {message: Get token, timestamp: 2026-06-18 17:19:18.838337, function: null, file: null}
Log registered: {message: Failed to upload media: HTTP 200 backend response reported failure - {"succeeded":"0"}, timestamp: 2026-06-18 17:19:18.839441, function: null, file: null}
Log registered: {message: Get token, timestamp: 2026-06-18 17:19:18.839881, function: null, file: null}
Log registered: {message: Failed to upload media: HTTP 200 backend response reported failure - {"isSuccess":"no"}, timestamp: 2026-06-18 17:19:18.840865, function: null, file: null}
00:07 +295: /Users/jose/src/work/hydracamv2/test/services/gallery_session_attachment_service_test.dart: attachImportedMedia copies and registers gallery photos
00:07 +295: /Users/jose/src/work/hydracamv2/test/services/hydracam_api_service_test.dart: uploadMedia rejects malformed backend success bodies
Log registered: {message: Get token, timestamp: 2026-06-18 17:19:18.844716, function: null, file: null}
Log registered: {message: Malformed upload response body: not-json (FormatException: Unexpected character (at character 1)
not-json
^
), timestamp: 2026-06-18 17:19:18.846238, function: null, file: null}
Log registered: {message: Failed to upload media: HTTP 200 backend response reported failure - not-json, timestamp: 2026-06-18 17:19:18.846373, function: null, file: null}
00:07 +296: /Users/jose/src/work/hydracamv2/test/services/gallery_session_attachment_service_test.dart: attachImportedMedia copies and registers gallery photos
Log registered: {message: UploaderService: Resetting upload queue and state., timestamp: 2026-06-18 17:19:18.847260, function: null, file: null}
Log registered: {message: UploaderService: Reset completed., timestamp: 2026-06-18 17:19:18.847676, function: null, file: null}
Log registered: {message: Session started with GUID: gallery-guid on device type: Master, timestamp: 2026-06-18 17:19:18.847993, function: null, file: null}
00:07 +296: /Users/jose/src/work/hydracamv2/test/services/hydracam_api_service_test.dart: uploadMedia bounds logged response bodies for failures
Log registered: {message: Get token, timestamp: 2026-06-18 17:19:18.848398, function: null, file: null}
00:07 +296: /Users/jose/src/work/hydracamv2/test/services/gallery_session_attachment_service_test.dart: attachImportedMedia copies and registers gallery photos
Log registered: {message: Copying gallery media into session: /var/folders/6s/dp27g8gn26j9mp36sjfxb9tw0000gn/T/gallery_session_attachment_service_testeYTi2o/camera roll/photo two.jpg -> /var/folders/6s/dp27g8gn26j9mp36sjfxb9tw0000gn/T/gallery_session_attachment_service_testeYTi2o/session_gallery-guid/gallery_gallery_photo_two_photo two.jpg, timestamp: 2026-06-18 17:19:18.849563, function: null, file: null}
00:07 +296: /Users/jose/src/work/hydracamv2/test/services/hydracam_api_service_test.dart: uploadMedia bounds logged response bodies for failures
Log registered: {message: Failed to upload media: HTTP 500 - backend failure xxxxxxxxxxxxxxxxxxxxxxxxxxxxxxxxxxxxxxxxxxxxxxxxxxxxxxxxxxxxxxxxxxxxxxxxxxxxxxxxxxxxxxxxxxxxxxxxxxxxxxxxxxxxxxxxxxxxxxxxxxxxxxxxxxxxxxxxxxxxxxxxxxxxxxxxxxxxxxxxxxxxxxxxxxxxxxxxxxxxxxxxxxxxxxxxxxxxxxxxxxxxxxxxxxxxxxxxxxxxxxxxxxxxxxxxxxxxxxxxxxxxxxxxxxxxxxxxxxxxxxxxxxxxxxxxxxxxxxxxxxxx..., timestamp: 2026-06-18 17:19:18.849629, function: null, file: null}
00:07 +296: /Users/jose/src/work/hydracamv2/test/services/gallery_session_attachment_service_test.dart: attachImportedMedia copies and registers gallery photos
Log registered: {message: Copied gallery media into session: /var/folders/6s/dp27g8gn26j9mp36sjfxb9tw0000gn/T/gallery_session_attachment_service_testeYTi2o/session_gallery-guid/gallery_gallery_photo_two_photo two.jpg, timestamp: 2026-06-18 17:19:18.850162, function: null, file: null}
00:07 +297: /Users/jose/src/work/hydracamv2/test/services/gallery_session_attachment_service_test.dart: attachImportedMedia copies and registers gallery photos
Log registered: {message: Adding photo to upload queue: /var/folders/6s/dp27g8gn26j9mp36sjfxb9tw0000gn/T/gallery_session_attachment_service_testeYTi2o/session_gallery-guid/gallery_gallery_photo_two_photo two.jpg, timestamp: 2026-06-18 17:19:18.850679, function: null, file: null}
00:07 +297: /Users/jose/src/work/hydracamv2/test/services/hydracam_api_service_test.dart: uploadMedia rejects backend error objects with HTTP 200
Log registered: {message: Get token, timestamp: 2026-06-18 17:19:18.851773, function: null, file: null}
00:07 +297: /Users/jose/src/work/hydracamv2/test/services/gallery_session_attachment_service_test.dart: attachImportedMedia copies and registers gallery photos
Log registered: {message: Session metadata saved to /var/folders/6s/dp27g8gn26j9mp36sjfxb9tw0000gn/T/gallery_session_attachment_service_testeYTi2o/session_gallery-guid/metadata.json, timestamp: 2026-06-18 17:19:18.852545, function: null, file: null}
00:07 +297: /Users/jose/src/work/hydracamv2/test/services/hydracam_api_service_test.dart: uploadMedia rejects backend error objects with HTTP 200
Log registered: {message: Failed to upload media: HTTP 200 backend response reported failure - {"error":"Unsupported media codec"}, timestamp: 2026-06-18 17:19:18.853199, function: null, file: null}
00:07 +297: /Users/jose/src/work/hydracamv2/test/services/gallery_session_attachment_service_test.dart: attachImportedMedia copies and registers gallery photos
Log registered: {message: [UploaderService] No uploaded media with valid durations. Returning zero duration., timestamp: 2026-06-18 17:19:18.853561, function: null, file: null}
00:07 +298: /Users/jose/src/work/hydracamv2/test/services/gallery_session_attachment_service_test.dart: attachImportedMedia copies and registers gallery photos
Log registered: {message: Media added to upload queue: /var/folders/6s/dp27g8gn26j9mp36sjfxb9tw0000gn/T/gallery_session_attachment_service_testeYTi2o/session_gallery-guid/gallery_gallery_photo_two_photo two.jpg, timestamp: 2026-06-18 17:19:18.853729, function: null, file: null}
Log registered: {message: Auto-upload is disabled. Media added to queue but not uploaded., timestamp: 2026-06-18 17:19:18.854708, function: null, file: null}
00:07 +298: /Users/jose/src/work/hydracamv2/test/services/hydracam_api_service_test.dart: fetchCourts preserves encoded sports center query values
Log registered: {message: Get token, timestamp: 2026-06-18 17:19:18.854854, function: null, file: null}
Log registered: {message: Parsed list (courts): [], timestamp: 2026-06-18 17:19:18.855988, function: null, file: null}
00:07 +299: /Users/jose/src/work/hydracamv2/test/services/gallery_session_attachment_service_test.dart: attachImportedMedia copies and registers gallery photos
00:07 +299: /Users/jose/src/work/hydracamv2/test/services/hydracam_api_service_test.dart: endSession preserves encoded session guid query values
Log registered: {message: Get token, timestamp: 2026-06-18 17:19:18.857430, function: null, file: null}
00:07 +299: /Users/jose/src/work/hydracamv2/test/services/gallery_session_attachment_service_test.dart: attachImportedMedia copies and registers gallery photos
Log registered: {message: Session metadata saved to /var/folders/6s/dp27g8gn26j9mp36sjfxb9tw0000gn/T/gallery_session_attachment_service_testeYTi2o/session_gallery-guid/metadata.json, timestamp: 2026-06-18 17:19:18.857592, function: null, file: null}
Log registered: {message: UploaderService: Resetting upload queue and state., timestamp: 2026-06-18 17:19:18.857735, function: null, file: null}
Log registered: {message: UploaderService: Reset completed., timestamp: 2026-06-18 17:19:18.857821, function: null, file: null}
Log registered: {message: Session ended and uploader reset., timestamp: 2026-06-18 17:19:18.857880, function: null, file: null}
00:07 +299: /Users/jose/src/work/hydracamv2/test/services/hydracam_api_service_test.dart: endSession preserves encoded session guid query values
Log registered: {message: Session ended successfully, timestamp: 2026-06-18 17:19:18.858168, function: null, file: null}
00:07 +300: /Users/jose/src/work/hydracamv2/test/services/hydracam_api_service_test.dart: endSession preserves encoded session guid query values
00:07 +301: /Users/jose/src/work/hydracamv2/test/services/gallery_session_attachment_service_test.dart: attachImportedMedia rejects stale session guid before copying
00:07 +301: /Users/jose/src/work/hydracamv2/test/services/hydracam_api_service_test.dart: endSession accepts empty successful POST responses
Log registered: {message: Get token, timestamp: 2026-06-18 17:19:18.859521, function: null, file: null}
Log registered: {message: Session ended successfully, timestamp: 2026-06-18 17:19:18.859947, function: null, file: null}
00:07 +301: /Users/jose/src/work/hydracamv2/test/services/gallery_session_attachment_service_test.dart: attachImportedMedia rejects stale session guid before copying
Log registered: {message: UploaderService: Resetting upload queue and state., timestamp: 2026-06-18 17:19:18.860078, function: null, file: null}
Log registered: {message: UploaderService: Reset completed., timestamp: 2026-06-18 17:19:18.860223, function: null, file: null}
Log registered: {message: Session started with GUID: active-gallery-guid on device type: Master, timestamp: 2026-06-18 17:19:18.860302, function: null, file: null}
Log registered: {message: Skipping gallery attachment for inactive session GUID: stale-gallery-guid (active: active-gallery-guid), timestamp: 2026-06-18 17:19:18.860382, function: null, file: null}
00:07 +302: /Users/jose/src/work/hydracamv2/test/services/gallery_session_attachment_service_test.dart: attachImportedMedia rejects stale session guid before copying
00:07 +302: /Users/jose/src/work/hydracamv2/test/services/hydracam_api_service_test.dart: endSession rejects JSON failure POST responses
Log registered: {message: Get token, timestamp: 2026-06-18 17:19:18.861293, function: null, file: null}
00:07 +302: /Users/jose/src/work/hydracamv2/test/services/gallery_session_attachment_service_test.dart: attachImportedMedia rejects stale session guid before copying
Log registered: {message: Session metadata saved to /var/folders/6s/dp27g8gn26j9mp36sjfxb9tw0000gn/T/gallery_session_attachment_service_testpx2hlu/session_active-gallery-guid/metadata.json, timestamp: 2026-06-18 17:19:18.861338, function: null, file: null}
Log registered: {message: UploaderService: Resetting upload queue and state., timestamp: 2026-06-18 17:19:18.861432, function: null, file: null}
Log registered: {message: UploaderService: Reset completed., timestamp: 2026-06-18 17:19:18.861491, function: null, file: null}
Log registered: {message: Session ended and uploader reset., timestamp: 2026-06-18 17:19:18.861554, function: null, file: null}
00:07 +303: /Users/jose/src/work/hydracamv2/test/services/hydracam_api_service_test.dart: endSession rejects JSON failure POST responses
Log registered: {message: POST sessions/end?sessionGuid=session-guid reported failure: {"success":false,"message":"Already closed"}, timestamp: 2026-06-18 17:19:18.861810, function: null, file: null}
Log registered: {message: Failed to end session: No response, timestamp: 2026-06-18 17:19:18.862174, function: null, file: null}
00:07 +304: /Users/jose/src/work/hydracamv2/test/services/gallery_session_attachment_service_test.dart: attachImportedMedia does not duplicate the same gallery photo
Log registered: {message: UploaderService: Resetting upload queue and state., timestamp: 2026-06-18 17:19:18.863355, function: null, file: null}
Log registered: {message: UploaderService: Reset completed., timestamp: 2026-06-18 17:19:18.863459, function: null, file: null}
Log registered: {message: Session started with GUID: duplicate-gallery-guid on device type: Master, timestamp: 2026-06-18 17:19:18.863524, function: null, file: null}
00:07 +304: /Users/jose/src/work/hydracamv2/test/services/hydracam_api_service_test.dart: deleteDebugSession sends service cleanup identifiers
Log registered: {message: Get token, timestamp: 2026-06-18 17:19:18.863535, function: null, file: null}
Log registered: {message: Debug session deleted from service: debug guid/one+two, timestamp: 2026-06-18 17:19:18.864049, function: null, file: null}
00:07 +304: /Users/jose/src/work/hydracamv2/test/services/gallery_session_attachment_service_test.dart: attachImportedMedia does not duplicate the same gallery photo
Log registered: {message: Copying gallery media into session: /var/folders/6s/dp27g8gn26j9mp36sjfxb9tw0000gn/T/gallery_session_attachment_service_test50Gr6g/camera roll/duplicate.jpg -> /var/folders/6s/dp27g8gn26j9mp36sjfxb9tw0000gn/T/gallery_session_attachment_service_test50Gr6g/session_duplicate-gallery-guid/gallery_duplicate_photo_duplicate.jpg, timestamp: 2026-06-18 17:19:18.864301, function: null, file: null}
00:07 +305: /Users/jose/src/work/hydracamv2/test/services/gallery_session_attachment_service_test.dart: attachImportedMedia does not duplicate the same gallery photo
Log registered: {message: Copied gallery media into session: /var/folders/6s/dp27g8gn26j9mp36sjfxb9tw0000gn/T/gallery_session_attachment_service_test50Gr6g/session_duplicate-gallery-guid/gallery_duplicate_photo_duplicate.jpg, timestamp: 2026-06-18 17:19:18.864811, function: null, file: null}
Log registered: {message: Adding photo to upload queue: /var/folders/6s/dp27g8gn26j9mp36sjfxb9tw0000gn/T/gallery_session_attachment_service_test50Gr6g/session_duplicate-gallery-guid/gallery_duplicate_photo_duplicate.jpg, timestamp: 2026-06-18 17:19:18.864913, function: null, file: null}
00:07 +305: /Users/jose/src/work/hydracamv2/test/services/hydracam_api_service_test.dart: deleteDebugSession accepts plaintext successful POST responses
Log registered: {message: Get token, timestamp: 2026-06-18 17:19:18.865295, function: null, file: null}
Log registered: {message: POST sessions/debug/delete?sessionGuid=debug-session-guid returned non-JSON success body: OK, timestamp: 2026-06-18 17:19:18.865738, function: null, file: null}
00:07 +305: /Users/jose/src/work/hydracamv2/test/services/gallery_session_attachment_service_test.dart: attachImportedMedia does not duplicate the same gallery photo
Log registered: {message: Session metadata saved to /var/folders/6s/dp27g8gn26j9mp36sjfxb9tw0000gn/T/gallery_session_attachment_service_test50Gr6g/session_duplicate-gallery-guid/metadata.json, timestamp: 2026-06-18 17:19:18.865739, function: null, file: null}
00:07 +305: /Users/jose/src/work/hydracamv2/test/services/hydracam_api_service_test.dart: deleteDebugSession accepts plaintext successful POST responses
Log registered: {message: Debug session deleted from service: debug-session-guid, timestamp: 2026-06-18 17:19:18.865818, function: null, file: null}
00:07 +305: /Users/jose/src/work/hydracamv2/test/services/gallery_session_attachment_service_test.dart: attachImportedMedia does not duplicate the same gallery photo
Log registered: {message: [UploaderService] No uploaded media with valid durations. Returning zero duration., timestamp: 2026-06-18 17:19:18.865872, function: null, file: null}
Log registered: {message: Media added to upload queue: /var/folders/6s/dp27g8gn26j9mp36sjfxb9tw0000gn/T/gallery_session_attachment_service_test50Gr6g/session_duplicate-gallery-guid/gallery_duplicate_photo_duplicate.jpg, timestamp: 2026-06-18 17:19:18.865944, function: null, file: null}
00:07 +306: /Users/jose/src/work/hydracamv2/test/services/gallery_session_attachment_service_test.dart: attachImportedMedia does not duplicate the same gallery photo
Log registered: {message: Auto-upload is disabled. Media added to queue but not uploaded., timestamp: 2026-06-18 17:19:18.866142, function: null, file: null}
Log registered: {message: Skipping duplicate gallery photo attachment: /var/folders/6s/dp27g8gn26j9mp36sjfxb9tw0000gn/T/gallery_session_attachment_service_test50Gr6g/session_duplicate-gallery-guid/gallery_duplicate_photo_duplicate.jpg, timestamp: 2026-06-18 17:19:18.866517, function: null, file: null}
Log registered: {message: Session metadata saved to /var/folders/6s/dp27g8gn26j9mp36sjfxb9tw0000gn/T/gallery_session_attachment_service_test50Gr6g/session_duplicate-gallery-guid/metadata.json, timestamp: 2026-06-18 17:19:18.867826, function: null, file: null}
Log registered: {message: UploaderService: Resetting upload queue and state., timestamp: 2026-06-18 17:19:18.867931, function: null, file: null}
00:07 +306: /Users/jose/src/work/hydracamv2/test/services/hydracam_api_service_test.dart: deleteDebugSession rejects JSON error POST responses
Log registered: {message: Get token, timestamp: 2026-06-18 17:19:18.867946, function: null, file: null}
00:07 +306: /Users/jose/src/work/hydracamv2/test/services/gallery_session_attachment_service_test.dart: attachImportedMedia does not duplicate the same gallery photo
Log registered: {message: UploaderService: Reset completed., timestamp: 2026-06-18 17:19:18.867998, function: null, file: null}
Log registered: {message: Session ended and uploader reset., timestamp: 2026-06-18 17:19:18.868100, function: null, file: null}
00:07 +306: /Users/jose/src/work/hydracamv2/test/services/hydracam_api_service_test.dart: deleteDebugSession rejects JSON error POST responses
Log registered: {message: POST sessions/debug/delete?sessionGuid=debug-session-guid reported failure: {"error":"Debug session not found"}, timestamp: 2026-06-18 17:19:18.868499, function: null, file: null}
Log registered: {message: Failed to delete debug session from service: debug-session-guid, timestamp: 2026-06-18 17:19:18.868581, function: null, file: null}
00:07 +307: /Users/jose/src/work/hydracamv2/test/services/hydracam_api_service_test.dart: deleteDebugSession rejects JSON error POST responses
00:07 +308: /Users/jose/src/work/hydracamv2/test/services/gallery_session_attachment_service_test.dart: duplicate gallery attachment does not overwrite the session copy
00:07 +308: /Users/jose/src/work/hydracamv2/test/services/hydracam_api_service_test.dart: user lookups use centralized user contract endpoints
Log registered: {message: Get token, timestamp: 2026-06-18 17:19:18.869990, function: null, file: null}
00:07 +308: /Users/jose/src/work/hydracamv2/test/services/gallery_session_attachment_service_test.dart: duplicate gallery attachment does not overwrite the session copy
Log registered: {message: UploaderService: Resetting upload queue and state., timestamp: 2026-06-18 17:19:18.870093, function: null, file: null}
Log registered: {message: UploaderService: Reset completed., timestamp: 2026-06-18 17:19:18.870210, function: null, file: null}
Log registered: {message: Session started with GUID: duplicate-copy-guid on device type: Master, timestamp: 2026-06-18 17:19:18.870276, function: null, file: null}
00:07 +308: /Users/jose/src/work/hydracamv2/test/services/hydracam_api_service_test.dart: user lookups use centralized user contract endpoints
Log registered: {message: Get token, timestamp: 2026-06-18 17:19:18.870823, function: null, file: null}
00:07 +308: /Users/jose/src/work/hydracamv2/test/services/gallery_session_attachment_service_test.dart: duplicate gallery attachment does not overwrite the session copy
Log registered: {message: Copying gallery media into session: /var/folders/6s/dp27g8gn26j9mp36sjfxb9tw0000gn/T/gallery_session_attachment_service_testqTjPMw/camera roll/overwrite.jpg -> /var/folders/6s/dp27g8gn26j9mp36sjfxb9tw0000gn/T/gallery_session_attachment_service_testqTjPMw/session_duplicate-copy-guid/gallery_duplicate_copy_overwrite.jpg, timestamp: 2026-06-18 17:19:18.871014, function: null, file: null}
Log registered: {message: Copied gallery media into session: /var/folders/6s/dp27g8gn26j9mp36sjfxb9tw0000gn/T/gallery_session_attachment_service_testqTjPMw/session_duplicate-copy-guid/gallery_duplicate_copy_overwrite.jpg, timestamp: 2026-06-18 17:19:18.871600, function: null, file: null}
Log registered: {message: Adding photo to upload queue: /var/folders/6s/dp27g8gn26j9mp36sjfxb9tw0000gn/T/gallery_session_attachment_service_testqTjPMw/session_duplicate-copy-guid/gallery_duplicate_copy_overwrite.jpg, timestamp: 2026-06-18 17:19:18.871717, function: null, file: null}
00:07 +309: /Users/jose/src/work/hydracamv2/test/services/gallery_session_attachment_service_test.dart: duplicate gallery attachment does not overwrite the session copy
Log registered: {message: Session metadata saved to /var/folders/6s/dp27g8gn26j9mp36sjfxb9tw0000gn/T/gallery_session_attachment_service_testqTjPMw/session_duplicate-copy-guid/metadata.json, timestamp: 2026-06-18 17:19:18.872574, function: null, file: null}
Log registered: {message: [UploaderService] No uploaded media with valid durations. Returning zero duration., timestamp: 2026-06-18 17:19:18.872714, function: null, file: null}
Log registered: {message: Media added to upload queue: /var/folders/6s/dp27g8gn26j9mp36sjfxb9tw0000gn/T/gallery_session_attachment_service_testqTjPMw/session_duplicate-copy-guid/gallery_duplicate_copy_overwrite.jpg, timestamp: 2026-06-18 17:19:18.872788, function: null, file: null}
Log registered: {message: Auto-upload is disabled. Media added to queue but not uploaded., timestamp: 2026-06-18 17:19:18.872929, function: null, file: null}
Log registered: {message: Skipping duplicate gallery photo attachment: /var/folders/6s/dp27g8gn26j9mp36sjfxb9tw0000gn/T/gallery_session_attachment_service_testqTjPMw/session_duplicate-copy-guid/gallery_duplicate_copy_overwrite.jpg, timestamp: 2026-06-18 17:19:18.873481, function: null, file: null}
Log registered: {message: Session metadata saved to /var/folders/6s/dp27g8gn26j9mp36sjfxb9tw0000gn/T/gallery_session_attachment_service_testqTjPMw/session_duplicate-copy-guid/metadata.json, timestamp: 2026-06-18 17:19:18.874493, function: null, file: null}
Log registered: {message: UploaderService: Resetting upload queue and state., timestamp: 2026-06-18 17:19:18.874604, function: null, file: null}
Log registered: {message: UploaderService: Reset completed., timestamp: 2026-06-18 17:19:18.874672, function: null, file: null}
Log registered: {message: Session ended and uploader reset., timestamp: 2026-06-18 17:19:18.874727, function: null, file: null}
00:07 +310: /Users/jose/src/work/hydracamv2/test/services/camera_service_test.dart: CameraService Recording state isRecording starts as false
00:07 +311: /Users/jose/src/work/hydracamv2/test/services/camera_service_test.dart: CameraService Recording state recordingInterrupted starts as false
00:07 +312: /Users/jose/src/work/hydracamv2/test/services/camera_service_test.dart: CameraService Storage constraints storage service is correctly wired
00:07 +313: /Users/jose/src/work/hydracamv2/test/services/camera_service_test.dart: CameraService Force stop recording forceStopRecordingDueToStorage is a no-op when idle
00:07 +314: /Users/jose/src/work/hydracamv2/test/services/scheduled_task_service_test.dart: computes delay from corrected local time
00:07 +315: /Users/jose/src/work/hydracamv2/test/services/scheduled_task_service_test.dart: runs scheduled tasks immediately when corrected time has passed
00:07 +316: /Users/jose/src/work/hydracamv2/test/services/scheduled_task_service_test.dart: past-due async scheduled tasks can be awaited
00:07 +317: /Users/jose/src/work/hydracamv2/test/services/scheduled_task_service_test.dart: keeps future corrected-time tasks cancellable
00:07 +318: /Users/jose/src/work/hydracamv2/test/services/scheduled_task_service_test.dart: cancelled scheduled tasks settle the returned future
00:07 +319: /Users/jose/src/work/hydracamv2/test/services/scheduled_task_service_test.dart: past-due replacement cancels same-id pending task
00:07 +320: /Users/jose/src/work/hydracamv2/test/services/battery_service_test.dart: skips linux battery plugin when DBus system bus is missing
00:07 +321: /Users/jose/src/work/hydracamv2/test/services/battery_service_test.dart: BatteryService shows warning when battery level is low
00:08 +322: /Users/jose/src/work/hydracamv2/test/services/battery_service_test.dart: BatteryService shows warning when battery level is low
00:08 +323: /Users/jose/src/work/hydracamv2/test/services/battery_service_test.dart: BatteryService shows warning when battery level is low
00:08 +324: /Users/jose/src/work/hydracamv2/test/services/battery_service_test.dart: BatteryService shows warning when battery level is low
00:08 +324: /Users/jose/src/work/hydracamv2/test/services/settings_service_test.dart: legacy camera quality migrates to video capture profiles
Log registered: {message: Migrated legacy camera quality to dataSaver480p30, timestamp: 2026-06-18 17:19:19.642610, function: null, file: null}
Trace file unavailable: Binding has not yet been initialized.
The "instance" getter on the ServicesBinding binding mixin is only available once that binding has been initialized.
Typically, this is done by calling "WidgetsFlutterBinding.ensureInitialized()" or "runApp()" (the latter calls the former). Typically this call is done in the "void main()" method. The "ensureInitialized" method is idempotent; calling it multiple times is not harmful. After calling that method, the "instance" getter will return the binding.
In a test, one can call "TestWidgetsFlutterBinding.ensureInitialized()" as the first line in the test's "main()" method to initialize the binding.
If ServicesBinding is a custom binding mixin, there must also be a custom binding class, like WidgetsFlutterBinding, but that mixes in the selected binding, and that is the class that must be constructed before using the "instance" getter.
Log registered: {message: Migrated legacy camera quality to compat720p30, timestamp: 2026-06-18 17:19:19.656477, function: null, file: null}
Log registered: {message: Migrated legacy camera quality to standard1080p30, timestamp: 2026-06-18 17:19:19.656886, function: null, file: null}
00:08 +325: /Users/jose/src/work/hydracamv2/test/services/battery_service_test.dart: BatteryService shows warning when battery level is low
00:08 +325: /Users/jose/src/work/hydracamv2/test/services/settings_service_test.dart: legacy camera quality API writes canonical video profile only
Log registered: {message: Updated video capture profile to compat720p30, timestamp: 2026-06-18 17:19:19.658948, function: null, file: null}
Log registered: {message: Updated legacy camera quality value to medium, timestamp: 2026-06-18 17:19:19.659071, function: null, file: null}
00:08 +326: /Users/jose/src/work/hydracamv2/test/services/battery_service_test.dart: BatteryService shows warning when battery level is low
00:08 +326: /Users/jose/src/work/hydracamv2/test/services/settings_service_test.dart: canonical video profile setter clears stale legacy camera quality
Log registered: {message: Updated video capture profile to sport1080p60, timestamp: 2026-06-18 17:19:19.660903, function: null, file: null}
00:08 +327: /Users/jose/src/work/hydracamv2/test/services/battery_service_test.dart: BatteryService shows warning when battery level is low
00:08 +327: /Users/jose/src/work/hydracamv2/test/services/settings_service_test.dart: stores selected camera name independently from lens preference
Log registered: {message: Updated camera lens preference to ultraWide, timestamp: 2026-06-18 17:19:19.662426, function: null, file: null}
Log registered: {message: Updated selected camera name to iphone-ultra-wide, timestamp: 2026-06-18 17:19:19.662805, function: null, file: null}
00:08 +328: /Users/jose/src/work/hydracamv2/test/services/battery_service_test.dart: BatteryService shows warning when battery level is low
00:08 +328: /Users/jose/src/work/hydracamv2/test/services/settings_service_test.dart: stores selected camera perspective by canonical id
Log registered: {message: Updated camera perspective to right_backglass_diagonal, timestamp: 2026-06-18 17:19:19.664674, function: null, file: null}
00:08 +329: /Users/jose/src/work/hydracamv2/test/services/battery_service_test.dart: BatteryService shows warning when battery level is low
00:08 +329: /Users/jose/src/work/hydracamv2/test/services/settings_service_test.dart: auto-record defaults disabled and can be stored
Log registered: {message: Updated autoRecordMode value to true, timestamp: 2026-06-18 17:19:19.666299, function: null, file: null}
00:08 +330: /Users/jose/src/work/hydracamv2/test/services/battery_service_test.dart: BatteryService shows warning when battery level is low
00:08 +330: /Users/jose/src/work/hydracamv2/test/services/settings_service_test.dart: locale override can be stored and cleared
Log registered: {message: Updated locale override to pl, timestamp: 2026-06-18 17:19:19.667762, function: null, file: null}
Log registered: {message: Cleared locale override, timestamp: 2026-06-18 17:19:19.668178, function: null, file: null}
00:08 +331: /Users/jose/src/work/hydracamv2/test/services/battery_service_test.dart: BatteryService shows warning when battery level is low
00:08 +331: /Users/jose/src/work/hydracamv2/test/services/gallery_session_candidate_source_test.dart: loads active and historical gallery candidate sessions once
Log registered: {message: UploaderService: Resetting upload queue and state., timestamp: 2026-06-18 17:19:19.677300, function: null, file: null}
Log registered: {message: UploaderService: Reset completed., timestamp: 2026-06-18 17:19:19.679799, function: null, file: null}
Log registered: {message: Session started with GUID: active-guid on device type: Master, timestamp: 2026-06-18 17:19:19.681129, function: null, file: null}
Log registered: {message: Generated new Device ID: 3f34c6b1-18b5-4c65-9e4b-57fce4d61124, timestamp: 2026-06-18 17:19:19.695834, function: null, file: null}
Log registered: {message: Session metadata snapshot loaded for old-guid, timestamp: 2026-06-18 17:19:19.697051, function: null, file: null}
Log registered: {message: Retrieved existing Device ID: 3f34c6b1-18b5-4c65-9e4b-57fce4d61124, timestamp: 2026-06-18 17:19:19.697887, function: null, file: null}
Log registered: {message: Session metadata snapshot loaded for active-guid, timestamp: 2026-06-18 17:19:19.698041, function: null, file: null}
Log registered: {message: Session metadata saved to /var/folders/6s/dp27g8gn26j9mp36sjfxb9tw0000gn/T/gallery_session_candidate_source_docsVVzJaS/session_active-guid/metadata.json, timestamp: 2026-06-18 17:19:19.702693, function: null, file: null}
Log registered: {message: UploaderService: Resetting upload queue and state., timestamp: 2026-06-18 17:19:19.702864, function: null, file: null}
Log registered: {message: UploaderService: Reset completed., timestamp: 2026-06-18 17:19:19.702942, function: null, file: null}
Log registered: {message: Session ended and uploader reset., timestamp: 2026-06-18 17:19:19.703008, function: null, file: null}
00:08 +332: /Users/jose/src/work/hydracamv2/test/services/battery_service_test.dart: BatteryService shows warning when battery level is low
00:08 +332: /Users/jose/src/work/hydracamv2/test/services/gallery_session_candidate_source_test.dart: loads active and historical gallery candidate sessions once
Trace persistence retry scheduled: PathNotFoundException: Cannot open file, path = '/var/folders/6s/dp27g8gn26j9mp36sjfxb9tw0000gn/T/gallery_session_candidate_source_docsVVzJaS/logs/hydracam-trace-2026-06-18T17-19-19-689042.ndjson' (OS Error: No such file or directory, errno = 2)
00:08 +332: /Users/jose/src/work/hydracamv2/test/services/gallery_session_candidate_source_test.dart: loads historical candidates by storage key but preserves metadata GUID
Log registered: {message: Retrieved existing Device ID: 3f34c6b1-18b5-4c65-9e4b-57fce4d61124, timestamp: 2026-06-18 17:19:19.707963, function: null, file: null}
Log registered: {message: Session metadata snapshot loaded for directory-reference-guid, timestamp: 2026-06-18 17:19:19.708103, function: null, file: null}
00:08 +333: /Users/jose/src/work/hydracamv2/test/services/battery_service_test.dart: BatteryService shows warning when battery level is low
00:08 +333: /Users/jose/src/work/hydracamv2/test/services/uploader_service_test.dart: reset clears stale queue, current upload state, and progress
Log registered: {message: UploaderService: Resetting upload queue and state., timestamp: 2026-06-18 17:19:19.714823, function: null, file: null}
Log registered: {message: UploaderService: Reset completed., timestamp: 2026-06-18 17:19:19.716831, function: null, file: null}
Log registered: {message: UploaderService: Resetting upload queue and state., timestamp: 2026-06-18 17:19:19.718744, function: null, file: null}
Log registered: {message: UploaderService: Reset completed., timestamp: 2026-06-18 17:19:19.718880, function: null, file: null}
Log registered: {message: Session started with GUID: uploader-test-guid on device type: Master, timestamp: 2026-06-18 17:19:19.719158, function: null, file: null}
Log registered: {message: [UploaderService] No uploaded media with valid durations. Returning zero duration., timestamp: 2026-06-18 17:19:19.724297, function: null, file: null}
Log registered: {message: Media added to upload queue: /var/folders/6s/dp27g8gn26j9mp36sjfxb9tw0000gn/T/hydracam_uploader_testu3W6rQ/photo.jpg, timestamp: 2026-06-18 17:19:19.724523, function: null, file: null}
00:08 +334: /Users/jose/src/work/hydracamv2/test/services/battery_service_test.dart: BatteryService shows warning when battery level is low
00:08 +335: /Users/jose/src/work/hydracamv2/test/services/battery_service_test.dart: BatteryService shows warning when battery level is low
00:08 +335: /Users/jose/src/work/hydracamv2/test/services/uploader_service_test.dart: reset clears stale queue, current upload state, and progress
Log registered: {message: Auto-upload is disabled. Media added to queue but not uploaded., timestamp: 2026-06-18 17:19:19.728661, function: null, file: null}
00:08 +336: /Users/jose/src/work/hydracamv2/test/services/battery_service_test.dart: BatteryService shows warning when battery level is low
00:08 +336: /Users/jose/src/work/hydracamv2/test/services/uploader_service_test.dart: reset clears stale queue, current upload state, and progress
Log registered: {message: UploaderService: Resetting upload queue and state., timestamp: 2026-06-18 17:19:19.730764, function: null, file: null}
Log registered: {message: Cancelled in-flight API requests., timestamp: 2026-06-18 17:19:19.731075, function: null, file: null}
Log registered: {message: UploaderService: Reset completed., timestamp: 2026-06-18 17:19:19.731186, function: null, file: null}
Log registered: {message: Session metadata saved to /var/folders/6s/dp27g8gn26j9mp36sjfxb9tw0000gn/T/uploader_service_docscGCHvv/session_uploader-test-guid/metadata.json, timestamp: 2026-06-18 17:19:19.736613, function: null, file: null}
Log registered: {message: UploaderService: Resetting upload queue and state., timestamp: 2026-06-18 17:19:19.736853, function: null, file: null}
Log registered: {message: UploaderService: Reset completed., timestamp: 2026-06-18 17:19:19.737028, function: null, file: null}
Log registered: {message: Session ended and uploader reset., timestamp: 2026-06-18 17:19:19.737156, function: null, file: null}
Log registered: {message: UploaderService: Resetting upload queue and state., timestamp: 2026-06-18 17:19:19.737288, function: null, file: null}
Log registered: {message: UploaderService: Reset completed., timestamp: 2026-06-18 17:19:19.737348, function: null, file: null}
00:08 +337: /Users/jose/src/work/hydracamv2/test/services/battery_service_test.dart: BatteryService shows warning when battery level is low
00:08 +337: /Users/jose/src/work/hydracamv2/test/services/uploader_service_test.dart: addMediaToQueue can be awaited through settings evaluation
Log registered: {message: UploaderService: Resetting upload queue and state., timestamp: 2026-06-18 17:19:19.749056, function: null, file: null}
Log registered: {message: UploaderService: Reset completed., timestamp: 2026-06-18 17:19:19.749163, function: null, file: null}
Log registered: {message: UploaderService: Resetting upload queue and state., timestamp: 2026-06-18 17:19:19.749385, function: null, file: null}
Log registered: {message: UploaderService: Reset completed., timestamp: 2026-06-18 17:19:19.749447, function: null, file: null}
Log registered: {message: Session started with GUID: uploader-test-guid on device type: Master, timestamp: 2026-06-18 17:19:19.749503, function: null, file: null}
Log registered: {message: [UploaderService] No uploaded media with valid durations. Returning zero duration., timestamp: 2026-06-18 17:19:19.750046, function: null, file: null}
Log registered: {message: Media added to upload queue: /var/folders/6s/dp27g8gn26j9mp36sjfxb9tw0000gn/T/hydracam_uploader_test0wrGWY/awaitable-enqueue.jpg, timestamp: 2026-06-18 17:19:19.750158, function: null, file: null}
Log registered: {message: Auto-upload is disabled. Media added to queue but not uploaded., timestamp: 2026-06-18 17:19:19.750466, function: null, file: null}
Log registered: {message: Session metadata saved to /var/folders/6s/dp27g8gn26j9mp36sjfxb9tw0000gn/T/uploader_service_docscGCHvv/session_uploader-test-guid/metadata.json, timestamp: 2026-06-18 17:19:19.752081, function: null, file: null}
Log registered: {message: UploaderService: Resetting upload queue and state., timestamp: 2026-06-18 17:19:19.752192, function: null, file: null}
Log registered: {message: UploaderService: Reset completed., timestamp: 2026-06-18 17:19:19.752255, function: null, file: null}
00:08 +338: /Users/jose/src/work/hydracamv2/test/services/battery_service_test.dart: BatteryService shows warning when battery level is low
00:08 +338: /Users/jose/src/work/hydracamv2/test/services/uploader_service_test.dart: addMediaToQueue can be awaited through settings evaluation
Log registered: {message: Session ended and uploader reset., timestamp: 2026-06-18 17:19:19.752453, function: null, file: null}
Log registered: {message: UploaderService: Resetting upload queue and state., timestamp: 2026-06-18 17:19:19.752537, function: null, file: null}
Log registered: {message: UploaderService: Reset completed., timestamp: 2026-06-18 17:19:19.752602, function: null, file: null}
00:08 +339: /Users/jose/src/work/hydracamv2/test/services/battery_service_test.dart: BatteryService shows warning when battery level is low
00:08 +340: /Users/jose/src/work/hydracamv2/test/services/battery_service_test.dart: BatteryService shows warning when battery level is low
00:08 +340: /Users/jose/src/work/hydracamv2/test/services/uploader_service_test.dart: startUploadingManually can be awaited until the queue drains
Log registered: {message: UploaderService: Resetting upload queue and state., timestamp: 2026-06-18 17:19:19.753614, function: null, file: null}
Log registered: {message: UploaderService: Reset completed., timestamp: 2026-06-18 17:19:19.753718, function: null, file: null}
Log registered: {message: UploaderService: Resetting upload queue and state., timestamp: 2026-06-18 17:19:19.753899, function: null, file: null}
Log registered: {message: UploaderService: Reset completed., timestamp: 2026-06-18 17:19:19.753958, function: null, file: null}
Log registered: {message: Session started with GUID: uploader-test-guid on device type: Master, timestamp: 2026-06-18 17:19:19.754012, function: null, file: null}
00:08 +341: /Users/jose/src/work/hydracamv2/test/services/battery_service_test.dart: BatteryService shows warning when battery level is low
00:08 +341: /Users/jose/src/work/hydracamv2/test/services/uploader_service_test.dart: startUploadingManually can be awaited until the queue drains
Log registered: {message: [UploaderService] No uploaded media with valid durations. Returning zero duration., timestamp: 2026-06-18 17:19:19.754971, function: null, file: null}
Log registered: {message: Media added to upload queue: /var/folders/6s/dp27g8gn26j9mp36sjfxb9tw0000gn/T/hydracam_uploader_test3dYlhf/await-manual-first.jpg, timestamp: 2026-06-18 17:19:19.755080, function: null, file: null}
Log registered: {message: Auto-upload is disabled. Media added to queue but not uploaded., timestamp: 2026-06-18 17:19:19.755270, function: null, file: null}
Log registered: {message: [UploaderService] No uploaded media with valid durations. Returning zero duration., timestamp: 2026-06-18 17:19:19.755475, function: null, file: null}
Log registered: {message: Media added to upload queue: /var/folders/6s/dp27g8gn26j9mp36sjfxb9tw0000gn/T/hydracam_uploader_test3dYlhf/await-manual-second.jpg, timestamp: 2026-06-18 17:19:19.755537, function: null, file: null}
Log registered: {message: Auto-upload is disabled. Media added to queue but not uploaded., timestamp: 2026-06-18 17:19:19.755618, function: null, file: null}
Log registered: {message: Manual upload initiated., timestamp: 2026-06-18 17:19:19.755715, function: null, file: null}
Log registered: {message: UploaderService: _startUploading called. _isUploading=false, queue length=2, timestamp: 2026-06-18 17:19:19.755876, function: null, file: null}
Log registered: {message: UploaderService: _processNextItem called. Queue length=2, timestamp: 2026-06-18 17:19:19.756359, function: null, file: null}
Log registered: {message: UploaderService: sessionGuid=uploader-test-guid, timestamp: 2026-06-18 17:19:19.756576, function: null, file: null}
Log registered: {message: Get token, timestamp: 2026-06-18 17:19:19.758577, function: null, file: null}
Log registered: {message: Media uploaded successfully, timestamp: 2026-06-18 17:19:19.770998, function: null, file: null}
Log registered: {message: Media uploaded: /var/folders/6s/dp27g8gn26j9mp36sjfxb9tw0000gn/T/hydracam_uploader_test3dYlhf/await-manual-first.jpg, timestamp: 2026-06-18 17:19:19.771304, function: null, file: null}
Log registered: {message: Session metadata saved to /var/folders/6s/dp27g8gn26j9mp36sjfxb9tw0000gn/T/uploader_service_docscGCHvv/session_uploader-test-guid/metadata.json, timestamp: 2026-06-18 17:19:19.772049, function: null, file: null}
Log registered: {message: [UploaderService] Total bytes uploaded: 6, timestamp: 2026-06-18 17:19:19.772600, function: null, file: null}
Log registered: {message: [UploaderService] Total upload duration: 0 seconds, timestamp: 2026-06-18 17:19:19.772759, function: null, file: null}
Log registered: {message: [UploaderService] Average speed: 409.0537223888737 bytes/second, timestamp: 2026-06-18 17:19:19.773224, function: null, file: null}
Log registered: {message: [UploaderService] Remaining bytes to upload: 6, timestamp: 2026-06-18 17:19:19.773410, function: null, file: null}
Log registered: {message: [UploaderService] Estimated time: 0.014668 seconds, timestamp: 2026-06-18 17:19:19.773485, function: null, file: null}
Log registered: {message: UploaderService: _processNextItem called. Queue length=1, timestamp: 2026-06-18 17:19:19.773624, function: null, file: null}
Log registered: {message: UploaderService: sessionGuid=uploader-test-guid, timestamp: 2026-06-18 17:19:19.773684, function: null, file: null}
Log registered: {message: Get token, timestamp: 2026-06-18 17:19:19.774208, function: null, file: null}
Log registered: {message: Media uploaded successfully, timestamp: 2026-06-18 17:19:19.775615, function: null, file: null}
Log registered: {message: Media uploaded: /var/folders/6s/dp27g8gn26j9mp36sjfxb9tw0000gn/T/hydracam_uploader_test3dYlhf/await-manual-second.jpg, timestamp: 2026-06-18 17:19:19.775710, function: null, file: null}
Log registered: {message: Session metadata saved to /var/folders/6s/dp27g8gn26j9mp36sjfxb9tw0000gn/T/uploader_service_docscGCHvv/session_uploader-test-guid/metadata.json, timestamp: 2026-06-18 17:19:19.776492, function: null, file: null}
Log registered: {message: [UploaderService] Queue is empty. Returning zero duration., timestamp: 2026-06-18 17:19:19.776640, function: null, file: null}
Log registered: {message: UploaderService: _processNextItem called. Queue length=0, timestamp: 2026-06-18 17:19:19.776719, function: null, file: null}
Log registered: {message: UploaderService: Queue is empty. Uploading stopped., timestamp: 2026-06-18 17:19:19.776785, function: null, file: null}
Log registered: {message: Session metadata saved to /var/folders/6s/dp27g8gn26j9mp36sjfxb9tw0000gn/T/uploader_service_docscGCHvv/session_uploader-test-guid/metadata.json, timestamp: 2026-06-18 17:19:19.777889, function: null, file: null}
Log registered: {message: UploaderService: Resetting upload queue and state., timestamp: 2026-06-18 17:19:19.777991, function: null, file: null}
Log registered: {message: UploaderService: Reset completed., timestamp: 2026-06-18 17:19:19.778054, function: null, file: null}
Log registered: {message: Session ended and uploader reset., timestamp: 2026-06-18 17:19:19.778105, function: null, file: null}
Log registered: {message: UploaderService: Resetting upload queue and state., timestamp: 2026-06-18 17:19:19.778155, function: null, file: null}
Log registered: {message: UploaderService: Reset completed., timestamp: 2026-06-18 17:19:19.778202, function: null, file: null}
00:08 +342: /Users/jose/src/work/hydracamv2/test/services/battery_service_test.dart: BatteryService shows warning when battery level is low
00:08 +342: /Users/jose/src/work/hydracamv2/test/services/uploader_service_test.dart: addMediaToQueue refuses media when no service session is active
Log registered: {message: UploaderService: Resetting upload queue and state., timestamp: 2026-06-18 17:19:19.780326, function: null, file: null}
Log registered: {message: UploaderService: Reset completed., timestamp: 2026-06-18 17:19:19.780523, function: null, file: null}
Log registered: {message: UploaderService: Resetting upload queue and state., timestamp: 2026-06-18 17:19:19.780734, function: null, file: null}
Log registered: {message: UploaderService: Reset completed., timestamp: 2026-06-18 17:19:19.780804, function: null, file: null}
Log registered: {message: Session started with GUID: uploader-test-guid on device type: Master, timestamp: 2026-06-18 17:19:19.780861, function: null, file: null}
Log registered: {message: Session metadata saved to /var/folders/6s/dp27g8gn26j9mp36sjfxb9tw0000gn/T/uploader_service_docscGCHvv/session_uploader-test-guid/metadata.json, timestamp: 2026-06-18 17:19:19.781836, function: null, file: null}
Log registered: {message: UploaderService: Resetting upload queue and state., timestamp: 2026-06-18 17:19:19.781935, function: null, file: null}
Log registered: {message: UploaderService: Reset completed., timestamp: 2026-06-18 17:19:19.781991, function: null, file: null}
Log registered: {message: Session ended and uploader reset., timestamp: 2026-06-18 17:19:19.782221, function: null, file: null}
Log registered: {message: Upload blocked: no active service session is available for this media., timestamp: 2026-06-18 17:19:19.782588, function: null, file: null}
Log registered: {message: UploaderService: Resetting upload queue and state., timestamp: 2026-06-18 17:19:19.782907, function: null, file: null}
Log registered: {message: UploaderService: Reset completed., timestamp: 2026-06-18 17:19:19.782978, function: null, file: null}
00:08 +343: /Users/jose/src/work/hydracamv2/test/services/battery_service_test.dart: BatteryService shows warning when battery level is low
00:08 +343: /Users/jose/src/work/hydracamv2/test/services/uploader_service_test.dart: startUploadingManually marks missing queued file as failed
Log registered: {message: UploaderService: Resetting upload queue and state., timestamp: 2026-06-18 17:19:19.784085, function: null, file: null}
Log registered: {message: UploaderService: Reset completed., timestamp: 2026-06-18 17:19:19.784156, function: null, file: null}
Log registered: {message: UploaderService: Resetting upload queue and state., timestamp: 2026-06-18 17:19:19.784348, function: null, file: null}
Log registered: {message: UploaderService: Reset completed., timestamp: 2026-06-18 17:19:19.784402, function: null, file: null}
Log registered: {message: Session started with GUID: uploader-test-guid on device type: Master, timestamp: 2026-06-18 17:19:19.784449, function: null, file: null}
Log registered: {message: UploaderService: Resetting upload queue and state., timestamp: 2026-06-18 17:19:19.784851, function: null, file: null}
Log registered: {message: UploaderService: Reset completed., timestamp: 2026-06-18 17:19:19.784915, function: null, file: null}
Log registered: {message: Session started with GUID: missing-file-session-guid on device type: Master, timestamp: 2026-06-18 17:19:19.784968, function: null, file: null}
Log registered: {message: Adding photo to upload queue: /var/folders/6s/dp27g8gn26j9mp36sjfxb9tw0000gn/T/hydracam_uploader_testYobMy9/deleted-before-upload.jpg, timestamp: 2026-06-18 17:19:19.785477, function: null, file: null}
Log registered: {message: Session metadata saved to /var/folders/6s/dp27g8gn26j9mp36sjfxb9tw0000gn/T/uploader_service_docscGCHvv/session_missing-file-session-guid/metadata.json, timestamp: 2026-06-18 17:19:19.786860, function: null, file: null}
Log registered: {message: [UploaderService] No uploaded media with valid durations. Returning zero duration., timestamp: 2026-06-18 17:19:19.786998, function: null, file: null}
Log registered: {message: Media added to upload queue: /var/folders/6s/dp27g8gn26j9mp36sjfxb9tw0000gn/T/hydracam_uploader_testYobMy9/deleted-before-upload.jpg, timestamp: 2026-06-18 17:19:19.787060, function: null, file: null}
Log registered: {message: Auto-upload is disabled. Media added to queue but not uploaded., timestamp: 2026-06-18 17:19:19.787203, function: null, file: null}
Log registered: {message: Manual upload initiated., timestamp: 2026-06-18 17:19:19.787623, function: null, file: null}
Log registered: {message: UploaderService: _startUploading called. _isUploading=false, queue length=1, timestamp: 2026-06-18 17:19:19.787697, function: null, file: null}
Log registered: {message: UploaderService: _processNextItem called. Queue length=1, timestamp: 2026-06-18 17:19:19.787749, function: null, file: null}
Log registered: {message: UploaderService: sessionGuid=missing-file-session-guid, timestamp: 2026-06-18 17:19:19.787802, function: null, file: null}
Log registered: {message: UploaderService: File does not exist: /var/folders/6s/dp27g8gn26j9mp36sjfxb9tw0000gn/T/hydracam_uploader_testYobMy9/deleted-before-upload.jpg, timestamp: 2026-06-18 17:19:19.787874, function: null, file: null}
Log registered: {message: Session metadata saved to /var/folders/6s/dp27g8gn26j9mp36sjfxb9tw0000gn/T/uploader_service_docscGCHvv/session_missing-file-session-guid/metadata.json, timestamp: 2026-06-18 17:19:19.788642, function: null, file: null}
Log registered: {message: [UploaderService] Queue is empty. Returning zero duration., timestamp: 2026-06-18 17:19:19.788753, function: null, file: null}
Log registered: {message: UploaderService: _processNextItem called. Queue length=0, timestamp: 2026-06-18 17:19:19.788816, function: null, file: null}
Log registered: {message: UploaderService: Queue is empty. Uploading stopped., timestamp: 2026-06-18 17:19:19.788875, function: null, file: null}
Log registered: {message: Session metadata saved to /var/folders/6s/dp27g8gn26j9mp36sjfxb9tw0000gn/T/uploader_service_docscGCHvv/session_missing-file-session-guid/metadata.json, timestamp: 2026-06-18 17:19:19.791569, function: null, file: null}
Log registered: {message: UploaderService: Resetting upload queue and state., timestamp: 2026-06-18 17:19:19.791660, function: null, file: null}
Log registered: {message: UploaderService: Reset completed., timestamp: 2026-06-18 17:19:19.791713, function: null, file: null}
Log registered: {message: Session ended and uploader reset., timestamp: 2026-06-18 17:19:19.791757, function: null, file: null}
Log registered: {message: UploaderService: Resetting upload queue and state., timestamp: 2026-06-18 17:19:19.791807, function: null, file: null}
Log registered: {message: UploaderService: Reset completed., timestamp: 2026-06-18 17:19:19.791860, function: null, file: null}
00:08 +344: /Users/jose/src/work/hydracamv2/test/services/battery_service_test.dart: BatteryService shows warning when battery level is low
00:08 +344: /Users/jose/src/work/hydracamv2/test/services/uploader_service_test.dart: debug session upload deletes local media even when user setting is false
Log registered: {message: UploaderService: Resetting upload queue and state., timestamp: 2026-06-18 17:19:19.792875, function: null, file: null}
Log registered: {message: UploaderService: Reset completed., timestamp: 2026-06-18 17:19:19.793037, function: null, file: null}
Log registered: {message: UploaderService: Resetting upload queue and state., timestamp: 2026-06-18 17:19:19.793235, function: null, file: null}
Log registered: {message: UploaderService: Reset completed., timestamp: 2026-06-18 17:19:19.793293, function: null, file: null}
Log registered: {message: Session started with GUID: uploader-test-guid on device type: Master, timestamp: 2026-06-18 17:19:19.793344, function: null, file: null}
00:08 +345: /Users/jose/src/work/hydracamv2/test/services/battery_service_test.dart: BatteryService shows warning when battery level is low
00:08 +345: /Users/jose/src/work/hydracamv2/test/services/uploader_service_test.dart: debug session upload deletes local media even when user setting is false
Log registered: {message: Update delete local file after upload value to false, timestamp: 2026-06-18 17:19:19.793951, function: null, file: null}
Log registered: {message: UploaderService: Resetting upload queue and state., timestamp: 2026-06-18 17:19:19.794030, function: null, file: null}
Log registered: {message: UploaderService: Reset completed., timestamp: 2026-06-18 17:19:19.794091, function: null, file: null}
Log registered: {message: Session started with GUID: debug-service-session-guid on device type: Master, timestamp: 2026-06-18 17:19:19.794442, function: null, file: null}
Log registered: {message: Adding photo to upload queue: /var/folders/6s/dp27g8gn26j9mp36sjfxb9tw0000gn/T/hydracam_uploader_testBjRepT/debug-photo.jpg, timestamp: 2026-06-18 17:19:19.794725, function: null, file: null}
00:08 +346: /Users/jose/src/work/hydracamv2/test/services/battery_service_test.dart: BatteryService shows warning when battery level is low
Log registered: {message: BatteryService monitoring disabled - timer not started., timestamp: 2026-06-18 17:19:19.793914, function: null, file: null}
00:08 +346: /Users/jose/src/work/hydracamv2/test/services/uploader_service_test.dart: debug session upload deletes local media even when user setting is false
Log registered: {message: Session metadata saved to /var/folders/6s/dp27g8gn26j9mp36sjfxb9tw0000gn/T/uploader_service_docscGCHvv/session_debug-service-session-guid/metadata.json, timestamp: 2026-06-18 17:19:19.795870, function: null, file: null}
Log registered: {message: [UploaderService] No uploaded media with valid durations. Returning zero duration., timestamp: 2026-06-18 17:19:19.796018, function: null, file: null}
Log registered: {message: Media added to upload queue: /var/folders/6s/dp27g8gn26j9mp36sjfxb9tw0000gn/T/hydracam_uploader_testBjRepT/debug-photo.jpg, timestamp: 2026-06-18 17:19:19.796087, function: null, file: null}
00:08 +347: /Users/jose/src/work/hydracamv2/test/services/battery_service_test.dart: BatteryService shows warning when battery level is low
00:08 +347: /Users/jose/src/work/hydracamv2/test/services/uploader_service_test.dart: debug session upload deletes local media even when user setting is false
Log registered: {message: Auto-upload is disabled. Media added to queue but not uploaded., timestamp: 2026-06-18 17:19:19.796169, function: null, file: null}
Log registered: {message: Manual upload initiated., timestamp: 2026-06-18 17:19:19.796225, function: null, file: null}
Log registered: {message: UploaderService: _startUploading called. _isUploading=false, queue length=1, timestamp: 2026-06-18 17:19:19.796557, function: null, file: null}
Log registered: {message: UploaderService: _processNextItem called. Queue length=1, timestamp: 2026-06-18 17:19:19.796608, function: null, file: null}
Log registered: {message: UploaderService: sessionGuid=debug-service-session-guid, timestamp: 2026-06-18 17:19:19.796659, function: null, file: null}
Log registered: {message: Get token, timestamp: 2026-06-18 17:19:19.797285, function: null, file: null}
00:08 +348: /Users/jose/src/work/hydracamv2/test/services/battery_service_test.dart: BatteryService shows warning when battery level is low
00:08 +349: /Users/jose/src/work/hydracamv2/test/services/battery_service_test.dart: BatteryService shows warning when battery level is low
00:08 +350: /Users/jose/src/work/hydracamv2/test/services/battery_service_test.dart: BatteryService shows warning when battery level is low
00:08 +351: /Users/jose/src/work/hydracamv2/test/services/battery_service_test.dart: BatteryService shows warning when battery level is low
00:08 +351: /Users/jose/src/work/hydracamv2/test/services/uploader_service_test.dart: debug session upload deletes local media even when user setting is false
Log registered: {message: Media uploaded successfully, timestamp: 2026-06-18 17:19:19.800942, function: null, file: null}
Log registered: {message: Media uploaded: /var/folders/6s/dp27g8gn26j9mp36sjfxb9tw0000gn/T/hydracam_uploader_testBjRepT/debug-photo.jpg, timestamp: 2026-06-18 17:19:19.801156, function: null, file: null}
Log registered: {message: Session metadata saved to /var/folders/6s/dp27g8gn26j9mp36sjfxb9tw0000gn/T/uploader_service_docscGCHvv/session_debug-service-session-guid/metadata.json, timestamp: 2026-06-18 17:19:19.801965, function: null, file: null}
00:08 +352: /Users/jose/src/work/hydracamv2/test/services/battery_service_test.dart: BatteryService shows warning when battery level is low
00:08 +352: /Users/jose/src/work/hydracamv2/test/services/uploader_service_test.dart: debug session upload deletes local media even when user setting is false
Log registered: {message: Deleted uploaded local file: /var/folders/6s/dp27g8gn26j9mp36sjfxb9tw0000gn/T/hydracam_uploader_testBjRepT/debug-photo.jpg, timestamp: 2026-06-18 17:19:19.802459, function: null, file: null}
Log registered: {message: [UploaderService] Queue is empty. Returning zero duration., timestamp: 2026-06-18 17:19:19.802533, function: null, file: null}
Log registered: {message: UploaderService: _processNextItem called. Queue length=0, timestamp: 2026-06-18 17:19:19.802589, function: null, file: null}
Log registered: {message: UploaderService: Queue is empty. Uploading stopped., timestamp: 2026-06-18 17:19:19.802640, function: null, file: null}
00:08 +353: /Users/jose/src/work/hydracamv2/test/services/battery_service_test.dart: BatteryService shows warning when battery level is low
00:08 +353: /Users/jose/src/work/hydracamv2/test/services/uploader_service_test.dart: debug session upload deletes local media even when user setting is false
Log registered: {message: Session metadata saved to /var/folders/6s/dp27g8gn26j9mp36sjfxb9tw0000gn/T/uploader_service_docscGCHvv/session_debug-service-session-guid/metadata.json, timestamp: 2026-06-18 17:19:19.803556, function: null, file: null}
Log registered: {message: UploaderService: Resetting upload queue and state., timestamp: 2026-06-18 17:19:19.803641, function: null, file: null}
Log registered: {message: UploaderService: Reset completed., timestamp: 2026-06-18 17:19:19.803692, function: null, file: null}
Log registered: {message: Session ended and uploader reset., timestamp: 2026-06-18 17:19:19.803735, function: null, file: null}
Log registered: {message: UploaderService: Resetting upload queue and state., timestamp: 2026-06-18 17:19:19.803782, function: null, file: null}
Log registered: {message: UploaderService: Reset completed., timestamp: 2026-06-18 17:19:19.803826, function: null, file: null}
00:08 +354: /Users/jose/src/work/hydracamv2/test/services/battery_service_test.dart: BatteryService shows warning when battery level is low
00:08 +355: /Users/jose/src/work/hydracamv2/test/services/battery_service_test.dart: BatteryService shows warning when battery level is low
00:08 +355: /Users/jose/src/work/hydracamv2/test/services/uploader_service_test.dart: failed backend upload stores backend response detail on media
Log registered: {message: UploaderService: Resetting upload queue and state., timestamp: 2026-06-18 17:19:19.805038, function: null, file: null}
Log registered: {message: UploaderService: Reset completed., timestamp: 2026-06-18 17:19:19.805151, function: null, file: null}
Log registered: {message: UploaderService: Resetting upload queue and state., timestamp: 2026-06-18 17:19:19.805327, function: null, file: null}
Log registered: {message: UploaderService: Reset completed., timestamp: 2026-06-18 17:19:19.805377, function: null, file: null}
Log registered: {message: Session started with GUID: uploader-test-guid on device type: Master, timestamp: 2026-06-18 17:19:19.805428, function: null, file: null}
00:08 +356: /Users/jose/src/work/hydracamv2/test/services/battery_service_test.dart: BatteryService shows warning when battery level is low
00:08 +356: /Users/jose/src/work/hydracamv2/test/services/uploader_service_test.dart: failed backend upload stores backend response detail on media
Log registered: {message: UploaderService: Resetting upload queue and state., timestamp: 2026-06-18 17:19:19.805859, function: null, file: null}
Log registered: {message: UploaderService: Reset completed., timestamp: 2026-06-18 17:19:19.805988, function: null, file: null}
Log registered: {message: Session started with GUID: backend-failure-detail-guid on device type: Master, timestamp: 2026-06-18 17:19:19.806043, function: null, file: null}
Log registered: {message: Adding photo to upload queue: /var/folders/6s/dp27g8gn26j9mp36sjfxb9tw0000gn/T/hydracam_uploader_testPZWmvm/backend-failure-detail.jpg, timestamp: 2026-06-18 17:19:19.806501, function: null, file: null}
Log registered: {message: Session metadata saved to /var/folders/6s/dp27g8gn26j9mp36sjfxb9tw0000gn/T/uploader_service_docscGCHvv/session_backend-failure-detail-guid/metadata.json, timestamp: 2026-06-18 17:19:19.807528, function: null, file: null}
Log registered: {message: [UploaderService] No uploaded media with valid durations. Returning zero duration., timestamp: 2026-06-18 17:19:19.807632, function: null, file: null}
Log registered: {message: Media added to upload queue: /var/folders/6s/dp27g8gn26j9mp36sjfxb9tw0000gn/T/hydracam_uploader_testPZWmvm/backend-failure-detail.jpg, timestamp: 2026-06-18 17:19:19.807689, function: null, file: null}
Log registered: {message: Auto-upload is disabled. Media added to queue but not uploaded., timestamp: 2026-06-18 17:19:19.807811, function: null, file: null}
Log registered: {message: Manual upload initiated., timestamp: 2026-06-18 17:19:19.807907, function: null, file: null}
Log registered: {message: UploaderService: _startUploading called. _isUploading=false, queue length=1, timestamp: 2026-06-18 17:19:19.808007, function: null, file: null}
Log registered: {message: UploaderService: _processNextItem called. Queue length=1, timestamp: 2026-06-18 17:19:19.808052, function: null, file: null}
Log registered: {message: UploaderService: sessionGuid=backend-failure-detail-guid, timestamp: 2026-06-18 17:19:19.808099, function: null, file: null}
00:08 +357: /Users/jose/src/work/hydracamv2/test/services/battery_service_test.dart: BatteryService shows warning when battery level is low
00:08 +357: /Users/jose/src/work/hydracamv2/test/services/uploader_service_test.dart: failed backend upload stores backend response detail on media
Log registered: {message: Get token, timestamp: 2026-06-18 17:19:19.808872, function: null, file: null}
00:08 +358: /Users/jose/src/work/hydracamv2/test/services/battery_service_test.dart: BatteryService shows warning when battery level is low
00:08 +358: /Users/jose/src/work/hydracamv2/test/services/uploader_service_test.dart: failed backend upload stores backend response detail on media
Log registered: {message: Failed to upload media: HTTP 200 backend response reported failure - {"success":false,"message":"Rejected corrupt media"}, timestamp: 2026-06-18 17:19:19.810875, function: null, file: null}
00:08 +359: /Users/jose/src/work/hydracamv2/test/services/battery_service_test.dart: BatteryService shows warning when battery level is low
00:08 +359: /Users/jose/src/work/hydracamv2/test/services/uploader_service_test.dart: failed backend upload stores backend response detail on media
Log registered: {message: Failed to upload media: /var/folders/6s/dp27g8gn26j9mp36sjfxb9tw0000gn/T/hydracam_uploader_testPZWmvm/backend-failure-detail.jpg, timestamp: 2026-06-18 17:19:19.811407, function: null, file: null}
Log registered: {message: Session metadata saved to /var/folders/6s/dp27g8gn26j9mp36sjfxb9tw0000gn/T/uploader_service_docscGCHvv/session_backend-failure-detail-guid/metadata.json, timestamp: 2026-06-18 17:19:19.812155, function: null, file: null}
Log registered: {message: [UploaderService] Queue is empty. Returning zero duration., timestamp: 2026-06-18 17:19:19.812294, function: null, file: null}
Log registered: {message: UploaderService: _processNextItem called. Queue length=0, timestamp: 2026-06-18 17:19:19.812457, function: null, file: null}
Log registered: {message: UploaderService: Queue is empty. Uploading stopped., timestamp: 2026-06-18 17:19:19.812508, function: null, file: null}
Log registered: {message: Session metadata saved to /var/folders/6s/dp27g8gn26j9mp36sjfxb9tw0000gn/T/uploader_service_docscGCHvv/session_backend-failure-detail-guid/metadata.json, timestamp: 2026-06-18 17:19:19.814780, function: null, file: null}
Log registered: {message: UploaderService: Resetting upload queue and state., timestamp: 2026-06-18 17:19:19.814905, function: null, file: null}
Log registered: {message: UploaderService: Reset completed., timestamp: 2026-06-18 17:19:19.814981, function: null, file: null}
Log registered: {message: Session ended and uploader reset., timestamp: 2026-06-18 17:19:19.815029, function: null, file: null}
Log registered: {message: UploaderService: Resetting upload queue and state., timestamp: 2026-06-18 17:19:19.815073, function: null, file: null}
Log registered: {message: UploaderService: Reset completed., timestamp: 2026-06-18 17:19:19.815117, function: null, file: null}
00:08 +360: /Users/jose/src/work/hydracamv2/test/services/battery_service_test.dart: BatteryService shows warning when battery level is low
00:08 +360: /Users/jose/src/work/hydracamv2/test/services/uploader_service_test.dart: cancelQueuedMedia removes a pending item without touching others
Log registered: {message: UploaderService: Resetting upload queue and state., timestamp: 2026-06-18 17:19:19.817406, function: null, file: null}
Log registered: {message: UploaderService: Reset completed., timestamp: 2026-06-18 17:19:19.817473, function: null, file: null}
Log registered: {message: UploaderService: Resetting upload queue and state., timestamp: 2026-06-18 17:19:19.817628, function: null, file: null}
Log registered: {message: UploaderService: Reset completed., timestamp: 2026-06-18 17:19:19.817673, function: null, file: null}
Log registered: {message: Session started with GUID: uploader-test-guid on device type: Master, timestamp: 2026-06-18 17:19:19.817713, function: null, file: null}
Log registered: {message: [UploaderService] No uploaded media with valid durations. Returning zero duration., timestamp: 2026-06-18 17:19:19.818330, function: null, file: null}
Log registered: {message: Media added to upload queue: /var/folders/6s/dp27g8gn26j9mp36sjfxb9tw0000gn/T/hydracam_uploader_testtKnvEx/first.jpg, timestamp: 2026-06-18 17:19:19.818398, function: null, file: null}
Log registered: {message: Auto-upload is disabled. Media added to queue but not uploaded., timestamp: 2026-06-18 17:19:19.818658, function: null, file: null}
Log registered: {message: [UploaderService] No uploaded media with valid durations. Returning zero duration., timestamp: 2026-06-18 17:19:19.818741, function: null, file: null}
Log registered: {message: Media added to upload queue: /var/folders/6s/dp27g8gn26j9mp36sjfxb9tw0000gn/T/hydracam_uploader_testtKnvEx/second.jpg, timestamp: 2026-06-18 17:19:19.818791, function: null, file: null}
Log registered: {message: Auto-upload is disabled. Media added to queue but not uploaded., timestamp: 2026-06-18 17:19:19.818858, function: null, file: null}
Log registered: {message: Session metadata saved to /var/folders/6s/dp27g8gn26j9mp36sjfxb9tw0000gn/T/uploader_service_docscGCHvv/session_uploader-test-guid/metadata.json, timestamp: 2026-06-18 17:19:19.820037, function: null, file: null}
Log registered: {message: [UploaderService] No uploaded media with valid durations. Returning zero duration., timestamp: 2026-06-18 17:19:19.820128, function: null, file: null}
Log registered: {message: Cancelled pending upload: /var/folders/6s/dp27g8gn26j9mp36sjfxb9tw0000gn/T/hydracam_uploader_testtKnvEx/first.jpg, timestamp: 2026-06-18 17:19:19.820178, function: null, file: null}
Log registered: {message: No pending queued media to cancel: /var/folders/6s/dp27g8gn26j9mp36sjfxb9tw0000gn/T/hydracam_uploader_testtKnvEx/first.jpg, timestamp: 2026-06-18 17:19:19.820280, function: null, file: null}
Log registered: {message: Session metadata saved to /var/folders/6s/dp27g8gn26j9mp36sjfxb9tw0000gn/T/uploader_service_docscGCHvv/session_uploader-test-guid/metadata.json, timestamp: 2026-06-18 17:19:19.821136, function: null, file: null}
Log registered: {message: UploaderService: Resetting upload queue and state., timestamp: 2026-06-18 17:19:19.821208, function: null, file: null}
Log registered: {message: UploaderService: Reset completed., timestamp: 2026-06-18 17:19:19.821253, function: null, file: null}
Log registered: {message: Session ended and uploader reset., timestamp: 2026-06-18 17:19:19.821291, function: null, file: null}
Log registered: {message: UploaderService: Resetting upload queue and state., timestamp: 2026-06-18 17:19:19.821344, function: null, file: null}
Log registered: {message: UploaderService: Reset completed., timestamp: 2026-06-18 17:19:19.821458, function: null, file: null}
00:08 +361: /Users/jose/src/work/hydracamv2/test/services/battery_service_test.dart: BatteryService shows warning when battery level is low
00:08 +361: /Users/jose/src/work/hydracamv2/test/services/uploader_service_test.dart: cancelQueuedMedia persists queued cancellation metadata
Log registered: {message: UploaderService: Resetting upload queue and state., timestamp: 2026-06-18 17:19:19.822560, function: null, file: null}
Log registered: {message: UploaderService: Reset completed., timestamp: 2026-06-18 17:19:19.822655, function: null, file: null}
Log registered: {message: UploaderService: Resetting upload queue and state., timestamp: 2026-06-18 17:19:19.822815, function: null, file: null}
Log registered: {message: UploaderService: Reset completed., timestamp: 2026-06-18 17:19:19.822858, function: null, file: null}
Log registered: {message: Session started with GUID: uploader-test-guid on device type: Master, timestamp: 2026-06-18 17:19:19.822901, function: null, file: null}
Log registered: {message: UploaderService: Resetting upload queue and state., timestamp: 2026-06-18 17:19:19.823300, function: null, file: null}
Log registered: {message: UploaderService: Reset completed., timestamp: 2026-06-18 17:19:19.823385, function: null, file: null}
Log registered: {message: Session started with GUID: queued-cancel-metadata-guid on device type: Master, timestamp: 2026-06-18 17:19:19.823431, function: null, file: null}
Log registered: {message: Adding photo to upload queue: /var/folders/6s/dp27g8gn26j9mp36sjfxb9tw0000gn/T/hydracam_uploader_testKHP20d/queued-cancel-metadata.jpg, timestamp: 2026-06-18 17:19:19.823684, function: null, file: null}
Log registered: {message: Session metadata saved to /var/folders/6s/dp27g8gn26j9mp36sjfxb9tw0000gn/T/uploader_service_docscGCHvv/session_queued-cancel-metadata-guid/metadata.json, timestamp: 2026-06-18 17:19:19.824493, function: null, file: null}
Log registered: {message: [UploaderService] No uploaded media with valid durations. Returning zero duration., timestamp: 2026-06-18 17:19:19.824629, function: null, file: null}
Log registered: {message: Media added to upload queue: /var/folders/6s/dp27g8gn26j9mp36sjfxb9tw0000gn/T/hydracam_uploader_testKHP20d/queued-cancel-metadata.jpg, timestamp: 2026-06-18 17:19:19.824695, function: null, file: null}
Log registered: {message: Auto-upload is disabled. Media added to queue but not uploaded., timestamp: 2026-06-18 17:19:19.824809, function: null, file: null}
Log registered: {message: Session metadata saved to /var/folders/6s/dp27g8gn26j9mp36sjfxb9tw0000gn/T/uploader_service_docscGCHvv/session_queued-cancel-metadata-guid/metadata.json, timestamp: 2026-06-18 17:19:19.825405, function: null, file: null}
Log registered: {message: [UploaderService] Queue is empty. Returning zero duration., timestamp: 2026-06-18 17:19:19.825485, function: null, file: null}
Log registered: {message: Cancelled pending upload: /var/folders/6s/dp27g8gn26j9mp36sjfxb9tw0000gn/T/hydracam_uploader_testKHP20d/queued-cancel-metadata.jpg, timestamp: 2026-06-18 17:19:19.825540, function: null, file: null}
Log registered: {message: Session metadata saved to /var/folders/6s/dp27g8gn26j9mp36sjfxb9tw0000gn/T/uploader_service_docscGCHvv/session_queued-cancel-metadata-guid/metadata.json, timestamp: 2026-06-18 17:19:19.826701, function: null, file: null}
Log registered: {message: UploaderService: Resetting upload queue and state., timestamp: 2026-06-18 17:19:19.826776, function: null, file: null}
Log registered: {message: UploaderService: Reset completed., timestamp: 2026-06-18 17:19:19.826819, function: null, file: null}
Log registered: {message: Session ended and uploader reset., timestamp: 2026-06-18 17:19:19.826869, function: null, file: null}
Log registered: {message: UploaderService: Resetting upload queue and state., timestamp: 2026-06-18 17:19:19.826908, function: null, file: null}
Log registered: {message: UploaderService: Reset completed., timestamp: 2026-06-18 17:19:19.826942, function: null, file: null}
00:08 +362: /Users/jose/src/work/hydracamv2/test/services/battery_service_test.dart: BatteryService shows warning when battery level is low
00:08 +362: /Users/jose/src/work/hydracamv2/test/services/uploader_service_test.dart: addMediaToQueue persists cleared failure reason when retrying
Log registered: {message: UploaderService: Resetting upload queue and state., timestamp: 2026-06-18 17:19:19.827809, function: null, file: null}
Log registered: {message: UploaderService: Reset completed., timestamp: 2026-06-18 17:19:19.827860, function: null, file: null}
Log registered: {message: UploaderService: Resetting upload queue and state., timestamp: 2026-06-18 17:19:19.828020, function: null, file: null}
Log registered: {message: UploaderService: Reset completed., timestamp: 2026-06-18 17:19:19.828060, function: null, file: null}
Log registered: {message: Session started with GUID: uploader-test-guid on device type: Master, timestamp: 2026-06-18 17:19:19.828098, function: null, file: null}
Log registered: {message: UploaderService: Resetting upload queue and state., timestamp: 2026-06-18 17:19:19.828362, function: null, file: null}
Log registered: {message: UploaderService: Reset completed., timestamp: 2026-06-18 17:19:19.828416, function: null, file: null}
Log registered: {message: Session started with GUID: retry-clear-failure-guid on device type: Master, timestamp: 2026-06-18 17:19:19.828455, function: null, file: null}
Log registered: {message: Adding photo to upload queue: /var/folders/6s/dp27g8gn26j9mp36sjfxb9tw0000gn/T/hydracam_uploader_testhr36dc/retry-clear-failure.jpg, timestamp: 2026-06-18 17:19:19.828673, function: null, file: null}
Log registered: {message: Session metadata saved to /var/folders/6s/dp27g8gn26j9mp36sjfxb9tw0000gn/T/uploader_service_docscGCHvv/session_retry-clear-failure-guid/metadata.json, timestamp: 2026-06-18 17:19:19.829416, function: null, file: null}
Log registered: {message: [UploaderService] No uploaded media with valid durations. Returning zero duration., timestamp: 2026-06-18 17:19:19.829485, function: null, file: null}
Log registered: {message: Media added to upload queue: /var/folders/6s/dp27g8gn26j9mp36sjfxb9tw0000gn/T/hydracam_uploader_testhr36dc/retry-clear-failure.jpg, timestamp: 2026-06-18 17:19:19.829525, function: null, file: null}
Log registered: {message: Auto-upload is disabled. Media added to queue but not uploaded., timestamp: 2026-06-18 17:19:19.829628, function: null, file: null}
Log registered: {message: Session metadata saved to /var/folders/6s/dp27g8gn26j9mp36sjfxb9tw0000gn/T/uploader_service_docscGCHvv/session_retry-clear-failure-guid/metadata.json, timestamp: 2026-06-18 17:19:19.830212, function: null, file: null}
Log registered: {message: [UploaderService] Queue is empty. Returning zero duration., timestamp: 2026-06-18 17:19:19.830288, function: null, file: null}
Log registered: {message: Cancelled pending upload: /var/folders/6s/dp27g8gn26j9mp36sjfxb9tw0000gn/T/hydracam_uploader_testhr36dc/retry-clear-failure.jpg, timestamp: 2026-06-18 17:19:19.830332, function: null, file: null}
Log registered: {message: [UploaderService] No uploaded media with valid durations. Returning zero duration., timestamp: 2026-06-18 17:19:19.830949, function: null, file: null}
Log registered: {message: Session metadata saved to /var/folders/6s/dp27g8gn26j9mp36sjfxb9tw0000gn/T/uploader_service_docscGCHvv/session_retry-clear-failure-guid/metadata.json, timestamp: 2026-06-18 17:19:19.831642, function: null, file: null}
Log registered: {message: Media added to upload queue: /var/folders/6s/dp27g8gn26j9mp36sjfxb9tw0000gn/T/hydracam_uploader_testhr36dc/retry-clear-failure.jpg, timestamp: 2026-06-18 17:19:19.831733, function: null, file: null}
Log registered: {message: Auto-upload is disabled. Media added to queue but not uploaded., timestamp: 2026-06-18 17:19:19.831837, function: null, file: null}
Log registered: {message: Session metadata saved to /var/folders/6s/dp27g8gn26j9mp36sjfxb9tw0000gn/T/uploader_service_docscGCHvv/session_retry-clear-failure-guid/metadata.json, timestamp: 2026-06-18 17:19:19.833419, function: null, file: null}
Log registered: {message: UploaderService: Resetting upload queue and state., timestamp: 2026-06-18 17:19:19.833500, function: null, file: null}
Log registered: {message: UploaderService: Reset completed., timestamp: 2026-06-18 17:19:19.833545, function: null, file: null}
Log registered: {message: Session ended and uploader reset., timestamp: 2026-06-18 17:19:19.833583, function: null, file: null}
Log registered: {message: UploaderService: Resetting upload queue and state., timestamp: 2026-06-18 17:19:19.833620, function: null, file: null}
Log registered: {message: UploaderService: Reset completed., timestamp: 2026-06-18 17:19:19.833657, function: null, file: null}
00:08 +363: /Users/jose/src/work/hydracamv2/test/services/battery_service_test.dart: BatteryService shows warning when battery level is low
00:08 +363: /Users/jose/src/work/hydracamv2/test/services/uploader_service_test.dart: addMediaToQueue ignores retry for media already uploading
Log registered: {message: UploaderService: Resetting upload queue and state., timestamp: 2026-06-18 17:19:19.834573, function: null, file: null}
Log registered: {message: UploaderService: Reset completed., timestamp: 2026-06-18 17:19:19.834643, function: null, file: null}
Log registered: {message: UploaderService: Resetting upload queue and state., timestamp: 2026-06-18 17:19:19.834804, function: null, file: null}
Log registered: {message: UploaderService: Reset completed., timestamp: 2026-06-18 17:19:19.834849, function: null, file: null}
Log registered: {message: Session started with GUID: uploader-test-guid on device type: Master, timestamp: 2026-06-18 17:19:19.834894, function: null, file: null}
Log registered: {message: Media already uploading: /var/folders/6s/dp27g8gn26j9mp36sjfxb9tw0000gn/T/hydracam_uploader_testsDgcth/currently-uploading.jpg, timestamp: 2026-06-18 17:19:19.835359, function: null, file: null}
Log registered: {message: Session metadata saved to /var/folders/6s/dp27g8gn26j9mp36sjfxb9tw0000gn/T/uploader_service_docscGCHvv/session_uploader-test-guid/metadata.json, timestamp: 2026-06-18 17:19:19.836376, function: null, file: null}
Log registered: {message: UploaderService: Resetting upload queue and state., timestamp: 2026-06-18 17:19:19.836476, function: null, file: null}
Log registered: {message: Cancelled in-flight API requests., timestamp: 2026-06-18 17:19:19.836528, function: null, file: null}
Log registered: {message: UploaderService: Reset completed., timestamp: 2026-06-18 17:19:19.836580, function: null, file: null}
Log registered: {message: Session ended and uploader reset., timestamp: 2026-06-18 17:19:19.836618, function: null, file: null}
Log registered: {message: UploaderService: Resetting upload queue and state., timestamp: 2026-06-18 17:19:19.836657, function: null, file: null}
Log registered: {message: UploaderService: Reset completed., timestamp: 2026-06-18 17:19:19.836693, function: null, file: null}
00:08 +364: /Users/jose/src/work/hydracamv2/test/services/battery_service_test.dart: BatteryService shows warning when battery level is low
00:08 +364: /Users/jose/src/work/hydracamv2/test/services/uploader_service_test.dart: estimateTotalTimeRemaining uses completed upload samples
Log registered: {message: UploaderService: Resetting upload queue and state., timestamp: 2026-06-18 17:19:19.837707, function: null, file: null}
Log registered: {message: UploaderService: Reset completed., timestamp: 2026-06-18 17:19:19.837781, function: null, file: null}
Log registered: {message: UploaderService: Resetting upload queue and state., timestamp: 2026-06-18 17:19:19.837996, function: null, file: null}
Log registered: {message: UploaderService: Reset completed., timestamp: 2026-06-18 17:19:19.838042, function: null, file: null}
Log registered: {message: Session started with GUID: uploader-test-guid on device type: Master, timestamp: 2026-06-18 17:19:19.838090, function: null, file: null}
Log registered: {message: UploaderService: Resetting upload queue and state., timestamp: 2026-06-18 17:19:19.838546, function: null, file: null}
Log registered: {message: UploaderService: Reset completed., timestamp: 2026-06-18 17:19:19.838630, function: null, file: null}
Log registered: {message: Session started with GUID: estimate-session-guid on device type: Master, timestamp: 2026-06-18 17:19:19.838683, function: null, file: null}
Log registered: {message: [UploaderService] No uploaded media with valid durations. Returning zero duration., timestamp: 2026-06-18 17:19:19.839133, function: null, file: null}
Log registered: {message: Media added to upload queue: /var/folders/6s/dp27g8gn26j9mp36sjfxb9tw0000gn/T/hydracam_uploader_testqYrZKH/completed-estimate.jpg, timestamp: 2026-06-18 17:19:19.839196, function: null, file: null}
Log registered: {message: Auto-upload is disabled. Media added to queue but not uploaded., timestamp: 2026-06-18 17:19:19.839379, function: null, file: null}
Log registered: {message: Manual upload initiated., timestamp: 2026-06-18 17:19:19.839424, function: null, file: null}
Log registered: {message: UploaderService: _startUploading called. _isUploading=false, queue length=1, timestamp: 2026-06-18 17:19:19.839463, function: null, file: null}
Log registered: {message: UploaderService: _processNextItem called. Queue length=1, timestamp: 2026-06-18 17:19:19.839509, function: null, file: null}
Log registered: {message: UploaderService: sessionGuid=estimate-session-guid, timestamp: 2026-06-18 17:19:19.839584, function: null, file: null}
00:08 +364: /Users/jose/src/work/hydracamv2/test/services/debug_session_cleanup_service_test.dart: deletes registered debug sessions from the service
Log registered: {message: Get token, timestamp: 2026-06-18 17:19:19.838623, function: null, file: null}
00:08 +364: /Users/jose/src/work/hydracamv2/test/services/uploader_service_test.dart: estimateTotalTimeRemaining uses completed upload samples
Log registered: {message: Get token, timestamp: 2026-06-18 17:19:19.840422, function: null, file: null}
Log registered: {message: Media uploaded successfully, timestamp: 2026-06-18 17:19:19.842009, function: null, file: null}
Log registered: {message: Media uploaded: /var/folders/6s/dp27g8gn26j9mp36sjfxb9tw0000gn/T/hydracam_uploader_testqYrZKH/completed-estimate.jpg, timestamp: 2026-06-18 17:19:19.842103, function: null, file: null}
Log registered: {message: Session metadata saved to /var/folders/6s/dp27g8gn26j9mp36sjfxb9tw0000gn/T/uploader_service_docscGCHvv/session_estimate-session-guid/metadata.json, timestamp: 2026-06-18 17:19:19.843390, function: null, file: null}
Log registered: {message: [UploaderService] Queue is empty. Returning zero duration., timestamp: 2026-06-18 17:19:19.843547, function: null, file: null}
Log registered: {message: UploaderService: _processNextItem called. Queue length=0, timestamp: 2026-06-18 17:19:19.843633, function: null, file: null}
Log registered: {message: UploaderService: Queue is empty. Uploading stopped., timestamp: 2026-06-18 17:19:19.843678, function: null, file: null}
Log registered: {message: [UploaderService] Total bytes uploaded: 100, timestamp: 2026-06-18 17:19:19.843766, function: null, file: null}
Log registered: {message: [UploaderService] Total upload duration: 5 seconds, timestamp: 2026-06-18 17:19:19.843818, function: null, file: null}
Log registered: {message: [UploaderService] Average speed: 20.0 bytes/second, timestamp: 2026-06-18 17:19:19.843873, function: null, file: null}
Log registered: {message: [UploaderService] Remaining bytes to upload: 200, timestamp: 2026-06-18 17:19:19.843922, function: null, file: null}
Log registered: {message: [UploaderService] Estimated time: 10.0 seconds, timestamp: 2026-06-18 17:19:19.843962, function: null, file: null}
Log registered: {message: Media added to upload queue: /var/folders/6s/dp27g8gn26j9mp36sjfxb9tw0000gn/T/hydracam_uploader_testqYrZKH/pending-estimate.jpg, timestamp: 2026-06-18 17:19:19.844038, function: null, file: null}
Log registered: {message: Auto-upload is disabled. Media added to queue but not uploaded., timestamp: 2026-06-18 17:19:19.844101, function: null, file: null}
Log registered: {message: [UploaderService] Total bytes uploaded: 100, timestamp: 2026-06-18 17:19:19.844181, function: null, file: null}
Log registered: {message: [UploaderService] Total upload duration: 5 seconds, timestamp: 2026-06-18 17:19:19.844285, function: null, file: null}
Log registered: {message: [UploaderService] Average speed: 20.0 bytes/second, timestamp: 2026-06-18 17:19:19.844412, function: null, file: null}
Log registered: {message: [UploaderService] Remaining bytes to upload: 200, timestamp: 2026-06-18 17:19:19.844545, function: null, file: null}
Log registered: {message: [UploaderService] Estimated time: 10.0 seconds, timestamp: 2026-06-18 17:19:19.844620, function: null, file: null}
Log registered: {message: Session metadata saved to /var/folders/6s/dp27g8gn26j9mp36sjfxb9tw0000gn/T/uploader_service_docscGCHvv/session_estimate-session-guid/metadata.json, timestamp: 2026-06-18 17:19:19.845860, function: null, file: null}
Log registered: {message: UploaderService: Resetting upload queue and state., timestamp: 2026-06-18 17:19:19.845970, function: null, file: null}
Log registered: {message: UploaderService: Reset completed., timestamp: 2026-06-18 17:19:19.846023, function: null, file: null}
Log registered: {message: Session ended and uploader reset., timestamp: 2026-06-18 17:19:19.846065, function: null, file: null}
Log registered: {message: UploaderService: Resetting upload queue and state., timestamp: 2026-06-18 17:19:19.846107, function: null, file: null}
Log registered: {message: UploaderService: Reset completed., timestamp: 2026-06-18 17:19:19.846139, function: null, file: null}
00:08 +365: /Users/jose/src/work/hydracamv2/test/services/battery_service_test.dart: BatteryService shows warning when battery level is low
00:08 +365: /Users/jose/src/work/hydracamv2/test/services/uploader_service_test.dart: estimateTotalTimeRemaining keeps sub-second upload samples
Log registered: {message: UploaderService: Resetting upload queue and state., timestamp: 2026-06-18 17:19:19.847327, function: null, file: null}
Log registered: {message: UploaderService: Reset completed., timestamp: 2026-06-18 17:19:19.847391, function: null, file: null}
Log registered: {message: UploaderService: Resetting upload queue and state., timestamp: 2026-06-18 17:19:19.847571, function: null, file: null}
Log registered: {message: UploaderService: Reset completed., timestamp: 2026-06-18 17:19:19.847617, function: null, file: null}
Log registered: {message: Session started with GUID: uploader-test-guid on device type: Master, timestamp: 2026-06-18 17:19:19.847658, function: null, file: null}
Log registered: {message: UploaderService: Resetting upload queue and state., timestamp: 2026-06-18 17:19:19.848032, function: null, file: null}
Log registered: {message: UploaderService: Reset completed., timestamp: 2026-06-18 17:19:19.848091, function: null, file: null}
Log registered: {message: Session started with GUID: subsecond-estimate-guid on device type: Master, timestamp: 2026-06-18 17:19:19.848132, function: null, file: null}
Log registered: {message: [UploaderService] No uploaded media with valid durations. Returning zero duration., timestamp: 2026-06-18 17:19:19.848525, function: null, file: null}
Log registered: {message: Media added to upload queue: /var/folders/6s/dp27g8gn26j9mp36sjfxb9tw0000gn/T/hydracam_uploader_test9Gjm86/subsecond-completed.jpg, timestamp: 2026-06-18 17:19:19.848576, function: null, file: null}
Log registered: {message: Auto-upload is disabled. Media added to queue but not uploaded., timestamp: 2026-06-18 17:19:19.848745, function: null, file: null}
Log registered: {message: Manual upload initiated., timestamp: 2026-06-18 17:19:19.848793, function: null, file: null}
Log registered: {message: UploaderService: _startUploading called. _isUploading=false, queue length=1, timestamp: 2026-06-18 17:19:19.848830, function: null, file: null}
Log registered: {message: UploaderService: _processNextItem called. Queue length=1, timestamp: 2026-06-18 17:19:19.848868, function: null, file: null}
Log registered: {message: UploaderService: sessionGuid=subsecond-estimate-guid, timestamp: 2026-06-18 17:19:19.848932, function: null, file: null}
Log registered: {message: Get token, timestamp: 2026-06-18 17:19:19.849449, function: null, file: null}
Log registered: {message: Media uploaded successfully, timestamp: 2026-06-18 17:19:19.850889, function: null, file: null}
Log registered: {message: Media uploaded: /var/folders/6s/dp27g8gn26j9mp36sjfxb9tw0000gn/T/hydracam_uploader_test9Gjm86/subsecond-completed.jpg, timestamp: 2026-06-18 17:19:19.850976, function: null, file: null}
Log registered: {message: Session metadata saved to /var/folders/6s/dp27g8gn26j9mp36sjfxb9tw0000gn/T/uploader_service_docscGCHvv/session_subsecond-estimate-guid/metadata.json, timestamp: 2026-06-18 17:19:19.851742, function: null, file: null}
Log registered: {message: [UploaderService] Queue is empty. Returning zero duration., timestamp: 2026-06-18 17:19:19.851859, function: null, file: null}
Log registered: {message: UploaderService: _processNextItem called. Queue length=0, timestamp: 2026-06-18 17:19:19.851907, function: null, file: null}
Log registered: {message: UploaderService: Queue is empty. Uploading stopped., timestamp: 2026-06-18 17:19:19.852010, function: null, file: null}
Log registered: {message: [UploaderService] Total bytes uploaded: 100, timestamp: 2026-06-18 17:19:19.852086, function: null, file: null}
Log registered: {message: [UploaderService] Total upload duration: 0 seconds, timestamp: 2026-06-18 17:19:19.852132, function: null, file: null}
Log registered: {message: [UploaderService] Average speed: 200.0 bytes/second, timestamp: 2026-06-18 17:19:19.852183, function: null, file: null}
Log registered: {message: [UploaderService] Remaining bytes to upload: 200, timestamp: 2026-06-18 17:19:19.852234, function: null, file: null}
Log registered: {message: [UploaderService] Estimated time: 1.0 seconds, timestamp: 2026-06-18 17:19:19.852274, function: null, file: null}
Log registered: {message: Media added to upload queue: /var/folders/6s/dp27g8gn26j9mp36sjfxb9tw0000gn/T/hydracam_uploader_test9Gjm86/subsecond-pending.jpg, timestamp: 2026-06-18 17:19:19.852320, function: null, file: null}
Log registered: {message: Auto-upload is disabled. Media added to queue but not uploaded., timestamp: 2026-06-18 17:19:19.852393, function: null, file: null}
Log registered: {message: [UploaderService] Total bytes uploaded: 100, timestamp: 2026-06-18 17:19:19.852433, function: null, file: null}
Log registered: {message: [UploaderService] Total upload duration: 0 seconds, timestamp: 2026-06-18 17:19:19.852471, function: null, file: null}
Log registered: {message: [UploaderService] Average speed: 200.0 bytes/second, timestamp: 2026-06-18 17:19:19.852506, function: null, file: null}
Log registered: {message: [UploaderService] Remaining bytes to upload: 200, timestamp: 2026-06-18 17:19:19.852551, function: null, file: null}
Log registered: {message: [UploaderService] Estimated time: 1.0 seconds, timestamp: 2026-06-18 17:19:19.852592, function: null, file: null}
00:08 +365: /Users/jose/src/work/hydracamv2/test/services/debug_session_cleanup_service_test.dart: deletes registered debug sessions from the service
Log registered: {message: Debug session deleted from service: debug-guid, timestamp: 2026-06-18 17:19:19.851892, function: null, file: null}
00:08 +365: /Users/jose/src/work/hydracamv2/test/services/uploader_service_test.dart: estimateTotalTimeRemaining keeps sub-second upload samples
Log registered: {message: Session metadata saved to /var/folders/6s/dp27g8gn26j9mp36sjfxb9tw0000gn/T/uploader_service_docscGCHvv/session_subsecond-estimate-guid/metadata.json, timestamp: 2026-06-18 17:19:19.853424, function: null, file: null}
Log registered: {message: UploaderService: Resetting upload queue and state., timestamp: 2026-06-18 17:19:19.853512, function: null, file: null}
Log registered: {message: UploaderService: Reset completed., timestamp: 2026-06-18 17:19:19.853571, function: null, file: null}
Log registered: {message: Session ended and uploader reset., timestamp: 2026-06-18 17:19:19.853610, function: null, file: null}
Log registered: {message: UploaderService: Resetting upload queue and state., timestamp: 2026-06-18 17:19:19.853645, function: null, file: null}
Log registered: {message: UploaderService: Reset completed., timestamp: 2026-06-18 17:19:19.853679, function: null, file: null}
00:08 +366: /Users/jose/src/work/hydracamv2/test/services/battery_service_test.dart: BatteryService shows warning when battery level is low
00:08 +366: /Users/jose/src/work/hydracamv2/test/services/uploader_service_test.dart: reset ignores stale in-flight upload completion
Log registered: {message: UploaderService: Resetting upload queue and state., timestamp: 2026-06-18 17:19:19.854767, function: null, file: null}
Log registered: {message: UploaderService: Reset completed., timestamp: 2026-06-18 17:19:19.854821, function: null, file: null}
Log registered: {message: UploaderService: Resetting upload queue and state., timestamp: 2026-06-18 17:19:19.854977, function: null, file: null}
Log registered: {message: UploaderService: Reset completed., timestamp: 2026-06-18 17:19:19.855023, function: null, file: null}
Log registered: {message: Session started with GUID: uploader-test-guid on device type: Master, timestamp: 2026-06-18 17:19:19.855060, function: null, file: null}
Log registered: {message: UploaderService: Resetting upload queue and state., timestamp: 2026-06-18 17:19:19.855539, function: null, file: null}
Log registered: {message: UploaderService: Reset completed., timestamp: 2026-06-18 17:19:19.855620, function: null, file: null}
Log registered: {message: Session started with GUID: old-session-guid on device type: Master, timestamp: 2026-06-18 17:19:19.855680, function: null, file: null}
Log registered: {message: [UploaderService] No uploaded media with valid durations. Returning zero duration., timestamp: 2026-06-18 17:19:19.855951, function: null, file: null}
Log registered: {message: Media added to upload queue: /var/folders/6s/dp27g8gn26j9mp36sjfxb9tw0000gn/T/hydracam_uploader_testSo1OaF/inflight.jpg, timestamp: 2026-06-18 17:19:19.856018, function: null, file: null}
Log registered: {message: Auto-upload is disabled. Media added to queue but not uploaded., timestamp: 2026-06-18 17:19:19.856186, function: null, file: null}
Log registered: {message: Manual upload initiated., timestamp: 2026-06-18 17:19:19.856231, function: null, file: null}
Log registered: {message: UploaderService: _startUploading called. _isUploading=false, queue length=1, timestamp: 2026-06-18 17:19:19.856268, function: null, file: null}
Log registered: {message: UploaderService: _processNextItem called. Queue length=1, timestamp: 2026-06-18 17:19:19.856308, function: null, file: null}
Log registered: {message: UploaderService: sessionGuid=old-session-guid, timestamp: 2026-06-18 17:19:19.856351, function: null, file: null}
00:08 +367: /Users/jose/src/work/hydracamv2/test/services/battery_service_test.dart: BatteryService shows warning when battery level is low
00:08 +367: /Users/jose/src/work/hydracamv2/test/services/uploader_service_test.dart: reset ignores stale in-flight upload completion
Log registered: {message: Get token, timestamp: 2026-06-18 17:19:19.857198, function: null, file: null}
Log registered: {message: UploaderService: Resetting upload queue and state., timestamp: 2026-06-18 17:19:19.857739, function: null, file: null}
Log registered: {message: Cancelled in-flight API requests., timestamp: 2026-06-18 17:19:19.857818, function: null, file: null}
Log registered: {message: UploaderService: Reset completed., timestamp: 2026-06-18 17:19:19.857854, function: null, file: null}
Log registered: {message: UploaderService: Resetting upload queue and state., timestamp: 2026-06-18 17:19:19.857895, function: null, file: null}
Log registered: {message: UploaderService: Reset completed., timestamp: 2026-06-18 17:19:19.857935, function: null, file: null}
Log registered: {message: Session started with GUID: new-session-guid on device type: Master, timestamp: 2026-06-18 17:19:19.857992, function: null, file: null}
Log registered: {message: Media uploaded successfully, timestamp: 2026-06-18 17:19:19.859047, function: null, file: null}
Log registered: {message: Ignoring stale upload completion after uploader reset or cancellation: /var/folders/6s/dp27g8gn26j9mp36sjfxb9tw0000gn/T/hydracam_uploader_testSo1OaF/inflight.jpg, timestamp: 2026-06-18 17:19:19.859126, function: null, file: null}
Log registered: {message: Session metadata saved to /var/folders/6s/dp27g8gn26j9mp36sjfxb9tw0000gn/T/uploader_service_docscGCHvv/session_new-session-guid/metadata.json, timestamp: 2026-06-18 17:19:19.859988, function: null, file: null}
Log registered: {message: UploaderService: Resetting upload queue and state., timestamp: 2026-06-18 17:19:19.860057, function: null, file: null}
Log registered: {message: UploaderService: Reset completed., timestamp: 2026-06-18 17:19:19.860098, function: null, file: null}
Log registered: {message: Session ended and uploader reset., timestamp: 2026-06-18 17:19:19.860136, function: null, file: null}
Log registered: {message: UploaderService: Resetting upload queue and state., timestamp: 2026-06-18 17:19:19.860175, function: null, file: null}
Log registered: {message: UploaderService: Reset completed., timestamp: 2026-06-18 17:19:19.860204, function: null, file: null}
00:08 +368: /Users/jose/src/work/hydracamv2/test/services/battery_service_test.dart: BatteryService shows warning when battery level is low
00:08 +368: /Users/jose/src/work/hydracamv2/test/services/uploader_service_test.dart: cancelCurrentUpload clears active upload and ignores late completion
Log registered: {message: UploaderService: Resetting upload queue and state., timestamp: 2026-06-18 17:19:19.861046, function: null, file: null}
Log registered: {message: UploaderService: Reset completed., timestamp: 2026-06-18 17:19:19.861114, function: null, file: null}
Log registered: {message: UploaderService: Resetting upload queue and state., timestamp: 2026-06-18 17:19:19.861280, function: null, file: null}
Log registered: {message: UploaderService: Reset completed., timestamp: 2026-06-18 17:19:19.861316, function: null, file: null}
Log registered: {message: Session started with GUID: uploader-test-guid on device type: Master, timestamp: 2026-06-18 17:19:19.861354, function: null, file: null}
Log registered: {message: UploaderService: Resetting upload queue and state., timestamp: 2026-06-18 17:19:19.861681, function: null, file: null}
Log registered: {message: UploaderService: Reset completed., timestamp: 2026-06-18 17:19:19.861728, function: null, file: null}
Log registered: {message: Session started with GUID: cancel-session-guid on device type: Master, timestamp: 2026-06-18 17:19:19.861763, function: null, file: null}
Log registered: {message: [UploaderService] No uploaded media with valid durations. Returning zero duration., timestamp: 2026-06-18 17:19:19.862001, function: null, file: null}
Log registered: {message: Media added to upload queue: /var/folders/6s/dp27g8gn26j9mp36sjfxb9tw0000gn/T/hydracam_uploader_testtQuDGk/cancel-inflight.jpg, timestamp: 2026-06-18 17:19:19.862042, function: null, file: null}
Log registered: {message: Auto-upload is disabled. Media added to queue but not uploaded., timestamp: 2026-06-18 17:19:19.862199, function: null, file: null}
Log registered: {message: Manual upload initiated., timestamp: 2026-06-18 17:19:19.862245, function: null, file: null}
Log registered: {message: UploaderService: _startUploading called. _isUploading=false, queue length=1, timestamp: 2026-06-18 17:19:19.862283, function: null, file: null}
Log registered: {message: UploaderService: _processNextItem called. Queue length=1, timestamp: 2026-06-18 17:19:19.862317, function: null, file: null}
Log registered: {message: UploaderService: sessionGuid=cancel-session-guid, timestamp: 2026-06-18 17:19:19.862355, function: null, file: null}
00:08 +369: /Users/jose/src/work/hydracamv2/test/services/uploader_service_test.dart: cancelCurrentUpload clears active upload and ignores late completion
Log registered: {message: Get token, timestamp: 2026-06-18 17:19:19.863091, function: null, file: null}
Log registered: {message: Cancelled in-flight API requests., timestamp: 2026-06-18 17:19:19.863655, function: null, file: null}
Log registered: {message: [UploaderService] Queue is empty. Returning zero duration., timestamp: 2026-06-18 17:19:19.863720, function: null, file: null}
Log registered: {message: Session metadata saved to /var/folders/6s/dp27g8gn26j9mp36sjfxb9tw0000gn/T/uploader_service_docscGCHvv/session_cancel-session-guid/metadata.json, timestamp: 2026-06-18 17:19:19.864364, function: null, file: null}
Log registered: {message: Cancelled active upload: /var/folders/6s/dp27g8gn26j9mp36sjfxb9tw0000gn/T/hydracam_uploader_testtQuDGk/cancel-inflight.jpg, timestamp: 2026-06-18 17:19:19.864442, function: null, file: null}
Log registered: {message: Media uploaded successfully, timestamp: 2026-06-18 17:19:19.865658, function: null, file: null}
Log registered: {message: Ignoring stale upload completion after uploader reset or cancellation: /var/folders/6s/dp27g8gn26j9mp36sjfxb9tw0000gn/T/hydracam_uploader_testtQuDGk/cancel-inflight.jpg, timestamp: 2026-06-18 17:19:19.865731, function: null, file: null}
Log registered: {message: Session metadata saved to /var/folders/6s/dp27g8gn26j9mp36sjfxb9tw0000gn/T/uploader_service_docscGCHvv/session_cancel-session-guid/metadata.json, timestamp: 2026-06-18 17:19:19.866410, function: null, file: null}
Log registered: {message: UploaderService: Resetting upload queue and state., timestamp: 2026-06-18 17:19:19.866470, function: null, file: null}
Log registered: {message: UploaderService: Reset completed., timestamp: 2026-06-18 17:19:19.866503, function: null, file: null}
Log registered: {message: Session ended and uploader reset., timestamp: 2026-06-18 17:19:19.866538, function: null, file: null}
Log registered: {message: UploaderService: Resetting upload queue and state., timestamp: 2026-06-18 17:19:19.866571, function: null, file: null}
Log registered: {message: UploaderService: Reset completed., timestamp: 2026-06-18 17:19:19.866608, function: null, file: null}
00:08 +370: /Users/jose/src/work/hydracamv2/test/services/battery_service_test.dart: BatteryService triggers one autostop when battery becomes critical
00:08 +370: /Users/jose/src/work/hydracamv2/test/services/uploader_service_test.dart: cancelCurrentUpload persists active cancellation metadata
Log registered: {message: UploaderService: Resetting upload queue and state., timestamp: 2026-06-18 17:19:19.867655, function: null, file: null}
Log registered: {message: UploaderService: Reset completed., timestamp: 2026-06-18 17:19:19.867722, function: null, file: null}
Log registered: {message: UploaderService: Resetting upload queue and state., timestamp: 2026-06-18 17:19:19.867893, function: null, file: null}
Log registered: {message: UploaderService: Reset completed., timestamp: 2026-06-18 17:19:19.867934, function: null, file: null}
Log registered: {message: Session started with GUID: uploader-test-guid on device type: Master, timestamp: 2026-06-18 17:19:19.867972, function: null, file: null}
Log registered: {message: UploaderService: Resetting upload queue and state., timestamp: 2026-06-18 17:19:19.868319, function: null, file: null}
Log registered: {message: UploaderService: Reset completed., timestamp: 2026-06-18 17:19:19.868364, function: null, file: null}
Log registered: {message: Session started with GUID: active-cancel-metadata-guid on device type: Master, timestamp: 2026-06-18 17:19:19.868404, function: null, file: null}
Log registered: {message: Adding photo to upload queue: /var/folders/6s/dp27g8gn26j9mp36sjfxb9tw0000gn/T/hydracam_uploader_testqVyWDl/active-cancel-metadata.jpg, timestamp: 2026-06-18 17:19:19.868644, function: null, file: null}
Log registered: {message: Session metadata saved to /var/folders/6s/dp27g8gn26j9mp36sjfxb9tw0000gn/T/uploader_service_docscGCHvv/session_active-cancel-metadata-guid/metadata.json, timestamp: 2026-06-18 17:19:19.869503, function: null, file: null}
Log registered: {message: [UploaderService] No uploaded media with valid durations. Returning zero duration., timestamp: 2026-06-18 17:19:19.869590, function: null, file: null}
Log registered: {message: Media added to upload queue: /var/folders/6s/dp27g8gn26j9mp36sjfxb9tw0000gn/T/hydracam_uploader_testqVyWDl/active-cancel-metadata.jpg, timestamp: 2026-06-18 17:19:19.869646, function: null, file: null}
Log registered: {message: Auto-upload is disabled. Media added to queue but not uploaded., timestamp: 2026-06-18 17:19:19.869806, function: null, file: null}
Log registered: {message: Manual upload initiated., timestamp: 2026-06-18 17:19:19.869880, function: null, file: null}
Log registered: {message: UploaderService: _startUploading called. _isUploading=false, queue length=1, timestamp: 2026-06-18 17:19:19.869921, function: null, file: null}
Log registered: {message: UploaderService: _processNextItem called. Queue length=1, timestamp: 2026-06-18 17:19:19.869964, function: null, file: null}
Log registered: {message: UploaderService: sessionGuid=active-cancel-metadata-guid, timestamp: 2026-06-18 17:19:19.870005, function: null, file: null}
Log registered: {message: Get token, timestamp: 2026-06-18 17:19:19.870538, function: null, file: null}
Log registered: {message: Cancelled in-flight API requests., timestamp: 2026-06-18 17:19:19.870953, function: null, file: null}
Log registered: {message: [UploaderService] Queue is empty. Returning zero duration., timestamp: 2026-06-18 17:19:19.871008, function: null, file: null}
Log registered: {message: Session metadata saved to /var/folders/6s/dp27g8gn26j9mp36sjfxb9tw0000gn/T/uploader_service_docscGCHvv/session_active-cancel-metadata-guid/metadata.json, timestamp: 2026-06-18 17:19:19.871782, function: null, file: null}
Log registered: {message: Cancelled active upload: /var/folders/6s/dp27g8gn26j9mp36sjfxb9tw0000gn/T/hydracam_uploader_testqVyWDl/active-cancel-metadata.jpg, timestamp: 2026-06-18 17:19:19.871854, function: null, file: null}
Log registered: {message: Media uploaded successfully, timestamp: 2026-06-18 17:19:19.873327, function: null, file: null}
Log registered: {message: Ignoring stale upload completion after uploader reset or cancellation: /var/folders/6s/dp27g8gn26j9mp36sjfxb9tw0000gn/T/hydracam_uploader_testqVyWDl/active-cancel-metadata.jpg, timestamp: 2026-06-18 17:19:19.873404, function: null, file: null}
Log registered: {message: Session metadata saved to /var/folders/6s/dp27g8gn26j9mp36sjfxb9tw0000gn/T/uploader_service_docscGCHvv/session_active-cancel-metadata-guid/metadata.json, timestamp: 2026-06-18 17:19:19.873992, function: null, file: null}
Log registered: {message: UploaderService: Resetting upload queue and state., timestamp: 2026-06-18 17:19:19.874048, function: null, file: null}
Log registered: {message: UploaderService: Reset completed., timestamp: 2026-06-18 17:19:19.874086, function: null, file: null}
Log registered: {message: Session ended and uploader reset., timestamp: 2026-06-18 17:19:19.874121, function: null, file: null}
Log registered: {message: UploaderService: Resetting upload queue and state., timestamp: 2026-06-18 17:19:19.874159, function: null, file: null}
Log registered: {message: UploaderService: Reset completed., timestamp: 2026-06-18 17:19:19.874206, function: null, file: null}
00:08 +371: /Users/jose/src/work/hydracamv2/test/services/battery_service_test.dart: BatteryService triggers one autostop when battery becomes critical
Log registered: {message: BatteryService monitoring disabled - timer not started., timestamp: 2026-06-18 17:19:19.876101, function: null, file: null}
Log registered: {message: Critical battery: triggering recording stop at 8%., timestamp: 2026-06-18 17:19:19.876370, function: null, file: null}
00:08 +371: /Users/jose/src/work/hydracamv2/test/services/uploader_service_test.dart: cancelCurrentUpload closes the active HTTP client
Log registered: {message: UploaderService: Resetting upload queue and state., timestamp: 2026-06-18 17:19:19.877595, function: null, file: null}
Log registered: {message: UploaderService: Reset completed., timestamp: 2026-06-18 17:19:19.877669, function: null, file: null}
Log registered: {message: UploaderService: Resetting upload queue and state., timestamp: 2026-06-18 17:19:19.877835, function: null, file: null}
Log registered: {message: UploaderService: Reset completed., timestamp: 2026-06-18 17:19:19.877874, function: null, file: null}
Log registered: {message: Session started with GUID: uploader-test-guid on device type: Master, timestamp: 2026-06-18 17:19:19.877909, function: null, file: null}
Log registered: {message: UploaderService: Resetting upload queue and state., timestamp: 2026-06-18 17:19:19.878269, function: null, file: null}
Log registered: {message: UploaderService: Reset completed., timestamp: 2026-06-18 17:19:19.878313, function: null, file: null}
Log registered: {message: Session started with GUID: cancel-http-session-guid on device type: Master, timestamp: 2026-06-18 17:19:19.878350, function: null, file: null}
Log registered: {message: [UploaderService] No uploaded media with valid durations. Returning zero duration., timestamp: 2026-06-18 17:19:19.878574, function: null, file: null}
Log registered: {message: Media added to upload queue: /var/folders/6s/dp27g8gn26j9mp36sjfxb9tw0000gn/T/hydracam_uploader_testEILLxi/cancel-http.jpg, timestamp: 2026-06-18 17:19:19.878609, function: null, file: null}
Log registered: {message: Auto-upload is disabled. Media added to queue but not uploaded., timestamp: 2026-06-18 17:19:19.878774, function: null, file: null}
Log registered: {message: Manual upload initiated., timestamp: 2026-06-18 17:19:19.878833, function: null, file: null}
Log registered: {message: UploaderService: _startUploading called. _isUploading=false, queue length=1, timestamp: 2026-06-18 17:19:19.878867, function: null, file: null}
Log registered: {message: UploaderService: _processNextItem called. Queue length=1, timestamp: 2026-06-18 17:19:19.878903, function: null, file: null}
Log registered: {message: UploaderService: sessionGuid=cancel-http-session-guid, timestamp: 2026-06-18 17:19:19.878941, function: null, file: null}
Log registered: {message: Get token, timestamp: 2026-06-18 17:19:19.879592, function: null, file: null}
Log registered: {message: Cancelled in-flight API requests., timestamp: 2026-06-18 17:19:19.880156, function: null, file: null}
Log registered: {message: [UploaderService] Queue is empty. Returning zero duration., timestamp: 2026-06-18 17:19:19.880228, function: null, file: null}
Log registered: {message: Session metadata saved to /var/folders/6s/dp27g8gn26j9mp36sjfxb9tw0000gn/T/uploader_service_docscGCHvv/session_cancel-http-session-guid/metadata.json, timestamp: 2026-06-18 17:19:19.881326, function: null, file: null}
Log registered: {message: Cancelled active upload: /var/folders/6s/dp27g8gn26j9mp36sjfxb9tw0000gn/T/hydracam_uploader_testEILLxi/cancel-http.jpg, timestamp: 2026-06-18 17:19:19.881405, function: null, file: null}
Log registered: {message: Media uploaded successfully, timestamp: 2026-06-18 17:19:19.881678, function: null, file: null}
Log registered: {message: Ignoring stale upload completion after uploader reset or cancellation: /var/folders/6s/dp27g8gn26j9mp36sjfxb9tw0000gn/T/hydracam_uploader_testEILLxi/cancel-http.jpg, timestamp: 2026-06-18 17:19:19.881728, function: null, file: null}
Log registered: {message: Session metadata saved to /var/folders/6s/dp27g8gn26j9mp36sjfxb9tw0000gn/T/uploader_service_docscGCHvv/session_cancel-http-session-guid/metadata.json, timestamp: 2026-06-18 17:19:19.882472, function: null, file: null}
Log registered: {message: UploaderService: Resetting upload queue and state., timestamp: 2026-06-18 17:19:19.882544, function: null, file: null}
Log registered: {message: UploaderService: Reset completed., timestamp: 2026-06-18 17:19:19.882590, function: null, file: null}
Log registered: {message: Session ended and uploader reset., timestamp: 2026-06-18 17:19:19.882624, function: null, file: null}
Log registered: {message: UploaderService: Resetting upload queue and state., timestamp: 2026-06-18 17:19:19.882657, function: null, file: null}
Log registered: {message: UploaderService: Reset completed., timestamp: 2026-06-18 17:19:19.882687, function: null, file: null}
00:08 +372: /Users/jose/src/work/hydracamv2/test/services/battery_service_test.dart: BatteryService triggers one autostop when battery becomes critical
00:08 +372: /Users/jose/src/work/hydracamv2/test/services/uploader_service_test.dart: cancelCurrentUpload continues draining queued media
Log registered: {message: UploaderService: Resetting upload queue and state., timestamp: 2026-06-18 17:19:19.883713, function: null, file: null}
Log registered: {message: UploaderService: Reset completed., timestamp: 2026-06-18 17:19:19.883792, function: null, file: null}
Log registered: {message: UploaderService: Resetting upload queue and state., timestamp: 2026-06-18 17:19:19.883936, function: null, file: null}
Log registered: {message: UploaderService: Reset completed., timestamp: 2026-06-18 17:19:19.883976, function: null, file: null}
Log registered: {message: Session started with GUID: uploader-test-guid on device type: Master, timestamp: 2026-06-18 17:19:19.884010, function: null, file: null}
Log registered: {message: UploaderService: Resetting upload queue and state., timestamp: 2026-06-18 17:19:19.884367, function: null, file: null}
Log registered: {message: UploaderService: Reset completed., timestamp: 2026-06-18 17:19:19.884413, function: null, file: null}
Log registered: {message: Session started with GUID: cancel-drain-session-guid on device type: Master, timestamp: 2026-06-18 17:19:19.884447, function: null, file: null}
Log registered: {message: [UploaderService] No uploaded media with valid durations. Returning zero duration., timestamp: 2026-06-18 17:19:19.884781, function: null, file: null}
Log registered: {message: Media added to upload queue: /var/folders/6s/dp27g8gn26j9mp36sjfxb9tw0000gn/T/hydracam_uploader_testAgdxmE/cancel-drain-first.jpg, timestamp: 2026-06-18 17:19:19.884841, function: null, file: null}
Log registered: {message: Auto-upload is disabled. Media added to queue but not uploaded., timestamp: 2026-06-18 17:19:19.884956, function: null, file: null}
Log registered: {message: [UploaderService] No uploaded media with valid durations. Returning zero duration., timestamp: 2026-06-18 17:19:19.884996, function: null, file: null}
Log registered: {message: Media added to upload queue: /var/folders/6s/dp27g8gn26j9mp36sjfxb9tw0000gn/T/hydracam_uploader_testAgdxmE/cancel-drain-second.jpg, timestamp: 2026-06-18 17:19:19.885029, function: null, file: null}
Log registered: {message: Auto-upload is disabled. Media added to queue but not uploaded., timestamp: 2026-06-18 17:19:19.885083, function: null, file: null}
Log registered: {message: Manual upload initiated., timestamp: 2026-06-18 17:19:19.885116, function: null, file: null}
Log registered: {message: UploaderService: _startUploading called. _isUploading=false, queue length=2, timestamp: 2026-06-18 17:19:19.885158, function: null, file: null}
Log registered: {message: UploaderService: _processNextItem called. Queue length=2, timestamp: 2026-06-18 17:19:19.885194, function: null, file: null}
Log registered: {message: UploaderService: sessionGuid=cancel-drain-session-guid, timestamp: 2026-06-18 17:19:19.885229, function: null, file: null}
Log registered: {message: Get token, timestamp: 2026-06-18 17:19:19.885850, function: null, file: null}
Log registered: {message: Cancelled in-flight API requests., timestamp: 2026-06-18 17:19:19.886231, function: null, file: null}
Log registered: {message: [UploaderService] No uploaded media with valid durations. Returning zero duration., timestamp: 2026-06-18 17:19:19.886290, function: null, file: null}
Log registered: {message: Session metadata saved to /var/folders/6s/dp27g8gn26j9mp36sjfxb9tw0000gn/T/uploader_service_docscGCHvv/session_cancel-drain-session-guid/metadata.json, timestamp: 2026-06-18 17:19:19.886991, function: null, file: null}
Log registered: {message: Cancelled active upload: /var/folders/6s/dp27g8gn26j9mp36sjfxb9tw0000gn/T/hydracam_uploader_testAgdxmE/cancel-drain-first.jpg, timestamp: 2026-06-18 17:19:19.887069, function: null, file: null}
Log registered: {message: Media uploaded successfully, timestamp: 2026-06-18 17:19:19.888021, function: null, file: null}
Log registered: {message: Ignoring stale upload completion after uploader reset or cancellation: /var/folders/6s/dp27g8gn26j9mp36sjfxb9tw0000gn/T/hydracam_uploader_testAgdxmE/cancel-drain-first.jpg, timestamp: 2026-06-18 17:19:19.888104, function: null, file: null}
Log registered: {message: UploaderService: _processNextItem called. Queue length=1, timestamp: 2026-06-18 17:19:19.888241, function: null, file: null}
Log registered: {message: UploaderService: sessionGuid=cancel-drain-session-guid, timestamp: 2026-06-18 17:19:19.888306, function: null, file: null}
Log registered: {message: Get token, timestamp: 2026-06-18 17:19:19.888801, function: null, file: null}
00:08 +372: /Users/jose/src/work/hydracamv2/test/services/battery_service_test.dart: BatteryService triggers one autostop when battery becomes critical
Log registered: {message: Critical battery: triggering recording stop at 8%., timestamp: 2026-06-18 17:19:19.888964, function: null, file: null}
00:08 +372: /Users/jose/src/work/hydracamv2/test/services/uploader_service_test.dart: cancelCurrentUpload continues draining queued media
Log registered: {message: Media uploaded successfully, timestamp: 2026-06-18 17:19:19.890035, function: null, file: null}
Log registered: {message: Media uploaded: /var/folders/6s/dp27g8gn26j9mp36sjfxb9tw0000gn/T/hydracam_uploader_testAgdxmE/cancel-drain-second.jpg, timestamp: 2026-06-18 17:19:19.890110, function: null, file: null}
Log registered: {message: Session metadata saved to /var/folders/6s/dp27g8gn26j9mp36sjfxb9tw0000gn/T/uploader_service_docscGCHvv/session_cancel-drain-session-guid/metadata.json, timestamp: 2026-06-18 17:19:19.890739, function: null, file: null}
Log registered: {message: [UploaderService] Queue is empty. Returning zero duration., timestamp: 2026-06-18 17:19:19.890846, function: null, file: null}
Log registered: {message: UploaderService: _processNextItem called. Queue length=0, timestamp: 2026-06-18 17:19:19.890895, function: null, file: null}
Log registered: {message: UploaderService: Queue is empty. Uploading stopped., timestamp: 2026-06-18 17:19:19.890987, function: null, file: null}
Log registered: {message: Session metadata saved to /var/folders/6s/dp27g8gn26j9mp36sjfxb9tw0000gn/T/uploader_service_docscGCHvv/session_cancel-drain-session-guid/metadata.json, timestamp: 2026-06-18 17:19:19.891975, function: null, file: null}
Log registered: {message: UploaderService: Resetting upload queue and state., timestamp: 2026-06-18 17:19:19.892042, function: null, file: null}
Log registered: {message: UploaderService: Reset completed., timestamp: 2026-06-18 17:19:19.892080, function: null, file: null}
Log registered: {message: Session ended and uploader reset., timestamp: 2026-06-18 17:19:19.892116, function: null, file: null}
Log registered: {message: UploaderService: Resetting upload queue and state., timestamp: 2026-06-18 17:19:19.892157, function: null, file: null}
Log registered: {message: UploaderService: Reset completed., timestamp: 2026-06-18 17:19:19.892186, function: null, file: null}
00:08 +373: /Users/jose/src/work/hydracamv2/test/services/battery_service_test.dart: BatteryService triggers one autostop when battery becomes critical
00:08 +373: /Users/jose/src/work/hydracamv2/test/services/uploader_service_test.dart: reset closes the active HTTP client
Log registered: {message: UploaderService: Resetting upload queue and state., timestamp: 2026-06-18 17:19:19.893105, function: null, file: null}
Log registered: {message: UploaderService: Reset completed., timestamp: 2026-06-18 17:19:19.893156, function: null, file: null}
Log registered: {message: UploaderService: Resetting upload queue and state., timestamp: 2026-06-18 17:19:19.893299, function: null, file: null}
Log registered: {message: UploaderService: Reset completed., timestamp: 2026-06-18 17:19:19.893339, function: null, file: null}
Log registered: {message: Session started with GUID: uploader-test-guid on device type: Master, timestamp: 2026-06-18 17:19:19.893375, function: null, file: null}
Log registered: {message: UploaderService: Resetting upload queue and state., timestamp: 2026-06-18 17:19:19.893713, function: null, file: null}
Log registered: {message: UploaderService: Reset completed., timestamp: 2026-06-18 17:19:19.893799, function: null, file: null}
Log registered: {message: Session started with GUID: reset-http-session-guid on device type: Master, timestamp: 2026-06-18 17:19:19.893832, function: null, file: null}
Log registered: {message: [UploaderService] No uploaded media with valid durations. Returning zero duration., timestamp: 2026-06-18 17:19:19.894130, function: null, file: null}
Log registered: {message: Media added to upload queue: /var/folders/6s/dp27g8gn26j9mp36sjfxb9tw0000gn/T/hydracam_uploader_testRaYcCQ/reset-http.jpg, timestamp: 2026-06-18 17:19:19.894196, function: null, file: null}
Log registered: {message: Auto-upload is disabled. Media added to queue but not uploaded., timestamp: 2026-06-18 17:19:19.894458, function: null, file: null}
Log registered: {message: Manual upload initiated., timestamp: 2026-06-18 17:19:19.894507, function: null, file: null}
Log registered: {message: UploaderService: _startUploading called. _isUploading=false, queue length=1, timestamp: 2026-06-18 17:19:19.894543, function: null, file: null}
Log registered: {message: UploaderService: _processNextItem called. Queue length=1, timestamp: 2026-06-18 17:19:19.894586, function: null, file: null}
Log registered: {message: UploaderService: sessionGuid=reset-http-session-guid, timestamp: 2026-06-18 17:19:19.894618, function: null, file: null}
Log registered: {message: Get token, timestamp: 2026-06-18 17:19:19.895078, function: null, file: null}
Log registered: {message: UploaderService: Resetting upload queue and state., timestamp: 2026-06-18 17:19:19.895344, function: null, file: null}
Log registered: {message: Cancelled in-flight API requests., timestamp: 2026-06-18 17:19:19.895394, function: null, file: null}
Log registered: {message: UploaderService: Reset completed., timestamp: 2026-06-18 17:19:19.895432, function: null, file: null}
00:08 +374: /Users/jose/src/work/hydracamv2/test/services/uploader_service_test.dart: reset closes the active HTTP client
Log registered: {message: Media uploaded successfully, timestamp: 2026-06-18 17:19:19.896363, function: null, file: null}
Log registered: {message: Ignoring stale upload completion after uploader reset or cancellation: /var/folders/6s/dp27g8gn26j9mp36sjfxb9tw0000gn/T/hydracam_uploader_testRaYcCQ/reset-http.jpg, timestamp: 2026-06-18 17:19:19.896421, function: null, file: null}
Log registered: {message: Session metadata saved to /var/folders/6s/dp27g8gn26j9mp36sjfxb9tw0000gn/T/uploader_service_docscGCHvv/session_reset-http-session-guid/metadata.json, timestamp: 2026-06-18 17:19:19.897254, function: null, file: null}
Log registered: {message: UploaderService: Resetting upload queue and state., timestamp: 2026-06-18 17:19:19.897313, function: null, file: null}
Log registered: {message: UploaderService: Reset completed., timestamp: 2026-06-18 17:19:19.897349, function: null, file: null}
Log registered: {message: Session ended and uploader reset., timestamp: 2026-06-18 17:19:19.897380, function: null, file: null}
Log registered: {message: UploaderService: Resetting upload queue and state., timestamp: 2026-06-18 17:19:19.897421, function: null, file: null}
Log registered: {message: UploaderService: Reset completed., timestamp: 2026-06-18 17:19:19.897448, function: null, file: null}
00:08 +375: /Users/jose/src/work/hydracamv2/test/services/battery_service_test.dart: BatteryService logs critical callback failures
00:08 +375: /Users/jose/src/work/hydracamv2/test/services/battery_service_test.dart: BatteryService shows warning when battery level is low
Log registered: {message: BatteryService: Error reading battery level: MissingPluginException(No implementation found for method getBatteryLevel on channel dev.fluttercommunity.plus/battery), timestamp: 2026-06-18 17:19:19.908124, function: null, file: null}
00:08 +375: /Users/jose/src/work/hydracamv2/test/services/battery_service_test.dart: BatteryService logs critical callback failures
Log registered: {message: BatteryService monitoring disabled - timer not started., timestamp: 2026-06-18 17:19:19.917788, function: null, file: null}
Log registered: {message: Critical battery: triggering recording stop at 8%., timestamp: 2026-06-18 17:19:19.917956, function: null, file: null}
Log registered: {message: BatteryService: critical battery callback failed: Bad state: forced battery stop failed at 8%
#0      main.<anonymous closure>.<anonymous closure> (file:///Users/jose/src/work/hydracamv2/test/services/battery_service_test.dart:137:9)
#1      BatteryService._runCriticalBatteryCallback (package:hydracam/services/battery_service.dart:128:21)
#2      BatteryService._handleCriticalBatteryLevel (package:hydracam/services/battery_service.dart:119:17)
#3      BatteryService._handleBatteryLevel (package:hydracam/services/battery_service.dart:86:7)
#4      BatteryService.simulateBatteryLevel (package:hydracam/services/battery_service.dart:217:5)
#5      main.<anonymous closure> (file:///Users/jose/src/work/hydracamv2/test/services/battery_service_test.dart:146:20)
<asynchronous suspension>
#6      testWidgets.<anonymous closure>.<anonymous closure> (package:flutter_test/src/widget_tester.dart:192:15)
<asynchronous suspension>
#7      TestWidgetsFlutterBinding._runTestBody (package:flutter_test/src/binding.dart:1952:5)
<asynchronous suspension>
#8      StackZoneSpecification._registerCallback.<anonymous closure> (package:stack_trace/src/stack_zone_specification.dart:114:42)
<asynchronous suspension>
, timestamp: 2026-06-18 17:19:19.918424, function: null, file: null}
00:08 +376: /Users/jose/src/work/hydracamv2/test/services/battery_service_test.dart: BatteryService throttles repeated low-battery warnings
00:08 +376: /Users/jose/src/work/hydracamv2/test/services/battery_service_test.dart: BatteryService triggers one autostop when battery becomes critical
Log registered: {message: BatteryService: Error reading battery level: MissingPluginException(No implementation found for method getBatteryLevel on channel dev.fluttercommunity.plus/battery), timestamp: 2026-06-18 17:19:19.926536, function: null, file: null}
00:08 +376: /Users/jose/src/work/hydracamv2/test/services/battery_service_test.dart: BatteryService throttles repeated low-battery warnings
Log registered: {message: BatteryService monitoring disabled - timer not started., timestamp: 2026-06-18 17:19:19.936234, function: null, file: null}
00:08 +377: /Users/jose/src/work/hydracamv2/test/services/auth0_service_test.dart: Auth0 login requests refresh-capable scopes
00:08 +378: /Users/jose/src/work/hydracamv2/test/services/auth0_service_test.dart: Auth0 login uses Android package redirect URI
Log registered: {message: Profile set: https://example.com/android.png, timestamp: 2026-06-18 17:19:20.442542, function: login, file: auth0_service.dart}
00:08 +379: /Users/jose/src/work/hydracamv2/test/services/auth0_service_test.dart: Auth0 login uses iOS bundle redirect URI
Log registered: {message: Profile set: https://example.com/ios.png, timestamp: 2026-06-18 17:19:20.448477, function: login, file: auth0_service.dart}
00:08 +380: /Users/jose/src/work/hydracamv2/test/services/auth0_service_test.dart: Auth0 login persists returned credentials through secure store
00:08 +380: /Users/jose/src/work/hydracamv2/test/services/auth0_service_test.dart: Auth0 login uses Android package redirect URI
Trace file unavailable: MissingPluginException(No implementation found for method getApplicationDocumentsDirectory on channel plugins.flutter.io/path_provider)
00:08 +380: /Users/jose/src/work/hydracamv2/test/services/auth0_service_test.dart: Auth0 login persists returned credentials through secure store
Log registered: {message: Profile set: https://example.com/player.png, timestamp: 2026-06-18 17:19:20.451310, function: login, file: auth0_service.dart}
00:08 +381: /Users/jose/src/work/hydracamv2/test/services/auth0_service_test.dart: Auth0 login trims returned email claim
Log registered: {message: Profile set: https://example.com/player.png, timestamp: 2026-06-18 17:19:20.453091, function: login, file: auth0_service.dart}
00:08 +382: /Users/jose/src/work/hydracamv2/test/services/auth0_service_test.dart: Auth0 login rejects returned credentials without email
Log registered: {message: Rejected Auth0 session without an email claim., timestamp: 2026-06-18 17:19:20.455835, function: login, file: auth0_service.dart}
00:08 +383: /Users/jose/src/work/hydracamv2/test/services/auth0_service_test.dart: Auth0 login failure clears stale session state
Log registered: {message: Profile set: https://example.com/stale.png, timestamp: 2026-06-18 17:19:20.459417, function: login, file: auth0_service.dart}
00:08 +384: /Users/jose/src/work/hydracamv2/test/services/auth0_service_test.dart: Auth0 startup restore uses valid stored credentials
Log registered: {message: Restored Auth0 session from secure store., timestamp: 2026-06-18 17:19:20.461680, function: restoreStoredSession, file: auth0_service.dart}
00:08 +385: /Users/jose/src/work/hydracamv2/test/services/auth0_service_test.dart: Auth0 startup restore trims stored email claim
Log registered: {message: Restored Auth0 session from secure store., timestamp: 2026-06-18 17:19:20.462992, function: restoreStoredSession, file: auth0_service.dart}
00:08 +386: /Users/jose/src/work/hydracamv2/test/services/auth0_service_test.dart: Auth0 startup restore ignores non-string optional picture claim
Log registered: {message: Restored Auth0 session from secure store., timestamp: 2026-06-18 17:19:20.464403, function: restoreStoredSession, file: auth0_service.dart}
00:08 +387: /Users/jose/src/work/hydracamv2/test/services/auth0_service_test.dart: Auth0 startup restore refreshes expired credentials
Log registered: {message: Refreshed Auth0 session from secure store., timestamp: 2026-06-18 17:19:20.466121, function: restoreStoredSession, file: auth0_service.dart}
00:08 +388: /Users/jose/src/work/hydracamv2/test/services/auth0_service_test.dart: Auth0 startup restore clears stale credentials after failed refresh
00:08 +389: /Users/jose/src/work/hydracamv2/test/services/auth0_service_test.dart: Auth0 startup restore rejects expired stored credentials
00:08 +390: /Users/jose/src/work/hydracamv2/test/services/auth0_service_test.dart: Auth0 startup restore rejects blank stored access token
00:08 +391: /Users/jose/src/work/hydracamv2/test/services/auth0_service_test.dart: Auth0 startup restore ignores blank refresh token
00:08 +392: /Users/jose/src/work/hydracamv2/test/services/auth0_service_test.dart: Auth0 startup restore rejects stored credentials without email
Log registered: {message: Rejected Auth0 session without an email claim., timestamp: 2026-06-18 17:19:20.471740, function: restoreStoredSession, file: auth0_service.dart}
00:08 +393: /Users/jose/src/work/hydracamv2/test/services/auth0_service_test.dart: Auth0 startup restore clears malformed stored credentials
Log registered: {message: Failed to parse Auth0 ID token: FormatException: Invalid character (at character 1)
%%%%
^
, timestamp: 2026-06-18 17:19:20.473017, function: parseIdTokenPayload, file: auth0_service.dart}
Log registered: {message: Failed to parse Auth0 ID token: FormatException: Invalid character (at character 1)
%%%%
^
, timestamp: 2026-06-18 17:19:20.473650, function: parseIdTokenPayload, file: auth0_service.dart}
Log registered: {message: Rejected Auth0 session without an email claim., timestamp: 2026-06-18 17:19:20.473871, function: restoreStoredSession, file: auth0_service.dart}
00:08 +394: /Users/jose/src/work/hydracamv2/test/services/auth0_service_test.dart: Auth0 logout clears secure credentials and browser session
Log registered: {message: Profile set: https://example.com/logout.png, timestamp: 2026-06-18 17:19:20.475156, function: login, file: auth0_service.dart}
Log registered: {message: Cleared Auth0 session., timestamp: 2026-06-18 17:19:20.475608, function: logout, file: auth0_service.dart}
00:08 +395: /Users/jose/src/work/hydracamv2/test/services/auth0_service_test.dart: Auth0 startup restore skips unsupported desktop platforms
Log registered: {message: Skipped Auth0 restore on unsupported platform., timestamp: 2026-06-18 17:19:20.477231, function: restoreStoredSession, file: auth0_service.dart}
00:08 +396: /Users/jose/src/work/hydracamv2/test/services/auth0_service_test.dart: Auth0 login rejects unsupported desktop platforms
00:08 +397: /Users/jose/src/work/hydracamv2/test/services/auth0_service_test.dart: Auth0 logout clears stored credentials on unsupported desktop platforms
Log registered: {message: Cleared stored Auth0 session on unsupported platform., timestamp: 2026-06-18 17:19:20.479397, function: logout, file: auth0_service.dart}
00:09 +398: /Users/jose/src/work/hydracamv2/test/services/network_info_service_test.dart: Network type labels describes Wi-Fi with unavailable SSID explicitly
00:09 +399: /Users/jose/src/work/hydracamv2/test/services/network_info_service_test.dart: Network type labels includes SSID when the platform exposes it
00:09 +400: /Users/jose/src/work/hydracamv2/test/services/permission_service_test.dart: (setUpAll)
00:09 +401: /Users/jose/src/work/hydracamv2/test/services/permission_service_test.dart: (setUpAll)
00:09 +402: /Users/jose/src/work/hydracamv2/test/services/permission_service_test.dart: (setUpAll)
00:09 +403: /Users/jose/src/work/hydracamv2/test/services/permission_service_test.dart: (setUpAll)
00:09 +403: /Users/jose/src/work/hydracamv2/test/services/permission_service_test.dart: requestAllPermissions skips unsupported macOS permission handler
Log registered: {message: Skipping permission_handler startup request on macOS; native platform APIs will request resource access on demand., timestamp: 2026-06-18 17:19:20.590344, function: requestAllPermissions, file: PermissionService}
00:09 +404: /Users/jose/src/work/hydracamv2/test/services/camera_capture_settings_test.dart: VideoCaptureProfile maps sport 1080p60 to a 1080p target at 60 fps
00:09 +404: /Users/jose/src/work/hydracamv2/test/services/permission_service_test.dart: requestAllPermissions skips unsupported Linux permission handler
Log registered: {message: Skipping permission_handler startup request on linux; native platform APIs will request resource access on demand., timestamp: 2026-06-18 17:19:20.606253, function: requestAllPermissions, file: PermissionService}
00:09 +405: /Users/jose/src/work/hydracamv2/test/services/camera_capture_settings_test.dart: VideoCaptureProfile maps sport 1080p60 to a 1080p target at 60 fps
00:09 +406: /Users/jose/src/work/hydracamv2/test/services/permission_service_test.dart: requestAllPermissions requests location immediately on Android
Log registered: {message: Permission request completed.
Granted: [Permission.camera, Permission.microphone, Permission.locationWhenInUse]
Denied: [], timestamp: 2026-06-18 17:19:20.611518, function: requestAllPermissions, file: PermissionService}
00:09 +407: /Users/jose/src/work/hydracamv2/test/services/permission_service_test.dart: requestAllPermissions requests location immediately on Android
00:09 +408: /Users/jose/src/work/hydracamv2/test/services/permission_service_test.dart: requestAllPermissions requests location immediately on Android
00:09 +409: /Users/jose/src/work/hydracamv2/test/services/permission_service_test.dart: requestAllPermissions requests location immediately on Android
00:09 +410: /Users/jose/src/work/hydracamv2/test/services/permission_service_test.dart: requestAllPermissions returns false when platform request stalls
Log registered: {message: Permission request timed out after 0s: TimeoutException after 0:00:00.010000: Future not completed
#0      Future.timeout.<anonymous closure> (dart:async/future_impl.dart:1042:24)
<asynchronous suspension>
#1      PermissionService.requestAllPermissions (package:hydracam/services/permission_service.dart:38:18)
<asynchronous suspension>
#2      main.<anonymous closure> (file:///Users/jose/src/work/hydracamv2/test/services/permission_service_test.dart:79:26)
<asynchronous suspension>
#3      Declarer.test.<anonymous closure>.<anonymous closure> (package:test_api/src/backend/declarer.dart:253:15)
<asynchronous suspension>
#4      Declarer.test.<anonymous closure> (package:test_api/src/backend/declarer.dart:250:11)
<asynchronous suspension>
#5      Invoker._waitForOutstandingCallbacks.<anonymous closure> (package:test_api/src/backend/invoker.dart:318:9)
<asynchronous suspension>
, timestamp: 2026-06-18 17:19:20.631733, function: requestAllPermissions, file: PermissionService}
00:09 +411: /Users/jose/src/work/hydracamv2/test/widgets/camera_level_overlay_test.dart: shows green guidance for level devices
00:09 +411: /Users/jose/src/work/hydracamv2/test/services/permission_service_test.dart: openAppSettings skips unsupported macOS permission handler
Log registered: {message: Skipping permission_handler openAppSettings on macOS., timestamp: 2026-06-18 17:19:20.633856, function: openAppSettings, file: PermissionService}
00:09 +412: /Users/jose/src/work/hydracamv2/test/widgets/camera_level_overlay_test.dart: shows green guidance for level devices
00:09 +412: /Users/jose/src/work/hydracamv2/test/services/permission_service_test.dart: openAppSettings skips unsupported Linux permission handler
Log registered: {message: Skipping permission_handler openAppSettings on linux., timestamp: 2026-06-18 17:19:20.636327, function: openAppSettings, file: PermissionService}
00:09 +413: /Users/jose/src/work/hydracamv2/test/widgets/camera_level_overlay_test.dart: shows green guidance for level devices
00:09 +414: /Users/jose/src/work/hydracamv2/test/widgets/hydracam_surface_test.dart: surface uses the default operational surface tone
00:09 +415: /Users/jose/src/work/hydracamv2/test/widgets/hydracam_surface_test.dart: surface uses the default operational surface tone
00:09 +416: /Users/jose/src/work/hydracamv2/test/widgets/court_selection_widget_test.dart: searching after court selection keeps dropdown value valid
00:09 +417: /Users/jose/src/work/hydracamv2/test/widgets/court_selection_widget_test.dart: searching after court selection keeps dropdown value valid
00:09 +418: /Users/jose/src/work/hydracamv2/test/widgets/court_selection_widget_test.dart: searching after court selection keeps dropdown value valid
00:09 +419: /Users/jose/src/work/hydracamv2/test/widgets/court_selection_widget_test.dart: searching after court selection keeps dropdown value valid
00:09 +420: /Users/jose/src/work/hydracamv2/test/widgets/court_selection_widget_test.dart: searching after court selection keeps dropdown value valid
00:09 +421: /Users/jose/src/work/hydracamv2/test/widgets/court_selection_widget_test.dart: searching after court selection keeps dropdown value valid
00:09 +422: /Users/jose/src/work/hydracamv2/test/widgets/court_selection_widget_test.dart: searching after court selection keeps dropdown value valid
00:09 +423: /Users/jose/src/work/hydracamv2/test/widgets/court_selection_widget_test.dart: searching after court selection keeps dropdown value valid
00:09 +423: /Users/jose/src/work/hydracamv2/test/widgets/camera_setup_preview_screen_test.dart: standalone setup route can return to normal app
Log registered: {message: Mock camera ready for native controller mode on macOS., timestamp: 2026-06-18 17:19:21.363325, function: null, file: null}
Log registered: {message: Mock camera stopped, timestamp: 2026-06-18 17:19:21.421069, function: null, file: null}
00:09 +424: /Users/jose/src/work/hydracamv2/test/widgets/court_selection_widget_test.dart: searching after court selection keeps dropdown value valid
00:09 +425: /Users/jose/src/work/hydracamv2/test/widgets/hydra_cam_app_bar_test.dart: hides action menu during tiny startup layouts
00:10 +426: /Users/jose/src/work/hydracamv2/test/widgets/media_list_widget_test.dart: media list distinguishes failed uploads from pending uploads
00:10 +427: /Users/jose/src/work/hydracamv2/test/widgets/media_list_widget_test.dart: media list distinguishes failed uploads from pending uploads
00:10 +428: /Users/jose/src/work/hydracamv2/test/widgets/media_list_widget_test.dart: media list distinguishes failed uploads from pending uploads
Log registered: {message: UploaderService: Resetting upload queue and state., timestamp: 2026-06-18 17:19:21.648846, function: null, file: null}
Log registered: {message: UploaderService: Reset completed., timestamp: 2026-06-18 17:19:21.650561, function: null, file: null}
00:10 +429: /Users/jose/src/work/hydracamv2/test/widgets/media_list_widget_test.dart: media list distinguishes failed uploads from pending uploads
00:10 +430: /Users/jose/src/work/hydracamv2/test/widgets/media_filter_dialog_test.dart: browse all returns unconstrained media filters
00:10 +431: /Users/jose/src/work/hydracamv2/test/widgets/media_filter_dialog_test.dart: browse all returns unconstrained media filters
00:10 +431: /Users/jose/src/work/hydracamv2/test/widgets/media_list_widget_test.dart: upload state is presented as a labeled status indicator
Log registered: {message: UploaderService: Resetting upload queue and state., timestamp: 2026-06-18 17:19:21.682768, function: null, file: null}
Log registered: {message: UploaderService: Reset completed., timestamp: 2026-06-18 17:19:21.682946, function: null, file: null}
00:10 +432: /Users/jose/src/work/hydracamv2/test/widgets/media_filter_dialog_test.dart: browse all returns unconstrained media filters
00:10 +432: /Users/jose/src/work/hydracamv2/test/widgets/media_list_widget_test.dart: media list distinguishes failed uploads from pending uploads
Trace file unavailable: MissingPluginException(No implementation found for method getApplicationDocumentsDirectory on channel plugins.flutter.io/path_provider)
00:10 +432: /Users/jose/src/work/hydracamv2/test/widgets/media_list_widget_test.dart: current upload progress includes uploaded and total bytes
Log registered: {message: UploaderService: Resetting upload queue and state., timestamp: 2026-06-18 17:19:21.712330, function: null, file: null}
Log registered: {message: Cancelled in-flight API requests., timestamp: 2026-06-18 17:19:21.712708, function: null, file: null}
Log registered: {message: UploaderService: Reset completed., timestamp: 2026-06-18 17:19:21.712906, function: null, file: null}
00:10 +433: /Users/jose/src/work/hydracamv2/test/widgets/media_filter_dialog_test.dart: browse all returns unconstrained media filters
00:10 +433: /Users/jose/src/work/hydracamv2/test/widgets/media_list_widget_test.dart: current upload progress includes estimated time remaining
Log registered: {message: UploaderService: Resetting upload queue and state., timestamp: 2026-06-18 17:19:21.732749, function: null, file: null}
Log registered: {message: Cancelled in-flight API requests., timestamp: 2026-06-18 17:19:21.732957, function: null, file: null}
Log registered: {message: UploaderService: Reset completed., timestamp: 2026-06-18 17:19:21.733046, function: null, file: null}
00:10 +434: /Users/jose/src/work/hydracamv2/test/widgets/media_filter_dialog_test.dart: browse all returns unconstrained media filters
00:10 +435: /Users/jose/src/work/hydracamv2/test/widgets/media_filter_dialog_test.dart: browse all returns unconstrained media filters
00:10 +436: /Users/jose/src/work/hydracamv2/test/widgets/media_filter_dialog_test.dart: browse all returns unconstrained media filters
00:10 +436: /Users/jose/src/work/hydracamv2/test/widgets/add_gallery_media_button_test.dart: active session button opens media filter dialog
Log registered: {message: UploaderService: Resetting upload queue and state., timestamp: 2026-06-18 17:19:21.781895, function: null, file: null}
Log registered: {message: UploaderService: Reset completed., timestamp: 2026-06-18 17:19:21.784171, function: null, file: null}
Log registered: {message: Session started with GUID: gallery-button-guid on device type: Master, timestamp: 2026-06-18 17:19:21.784506, function: null, file: null}
00:10 +437: /Users/jose/src/work/hydracamv2/test/widgets/media_list_widget_test.dart: upload actions distinguish retry from queue upload
Log registered: {message: UploaderService: Resetting upload queue and state., timestamp: 2026-06-18 17:19:21.839911, function: null, file: null}
Log registered: {message: UploaderService: Reset completed., timestamp: 2026-06-18 17:19:21.840118, function: null, file: null}
00:10 +438: /Users/jose/src/work/hydracamv2/test/widgets/add_gallery_media_button_test.dart: active session button opens media filter dialog
00:10 +438: /Users/jose/src/work/hydracamv2/test/widgets/media_list_widget_test.dart: missing local media rows suppress upload actions
Log registered: {message: UploaderService: Resetting upload queue and state., timestamp: 2026-06-18 17:19:21.858636, function: null, file: null}
Log registered: {message: UploaderService: Reset completed., timestamp: 2026-06-18 17:19:21.858762, function: null, file: null}
00:10 +439: /Users/jose/src/work/hydracamv2/test/widgets/add_gallery_media_button_test.dart: active session button opens media filter dialog
00:10 +439: /Users/jose/src/work/hydracamv2/test/widgets/media_list_widget_test.dart: pending upload can be cancelled from the media row
Log registered: {message: UploaderService: Resetting upload queue and state., timestamp: 2026-06-18 17:19:21.875321, function: null, file: null}
Log registered: {message: UploaderService: Reset completed., timestamp: 2026-06-18 17:19:21.875442, function: null, file: null}
00:10 +440: /Users/jose/src/work/hydracamv2/test/widgets/add_gallery_media_button_test.dart: active session button opens media filter dialog
00:10 +440: /Users/jose/src/work/hydracamv2/test/widgets/media_list_widget_test.dart: current upload can be cancelled from the media row
Log registered: {message: UploaderService: Resetting upload queue and state., timestamp: 2026-06-18 17:19:21.891415, function: null, file: null}
Log registered: {message: Cancelled in-flight API requests., timestamp: 2026-06-18 17:19:21.891547, function: null, file: null}
Log registered: {message: UploaderService: Reset completed., timestamp: 2026-06-18 17:19:21.891619, function: null, file: null}
00:10 +441: /Users/jose/src/work/hydracamv2/test/widgets/add_gallery_media_button_test.dart: active session button opens media filter dialog
Log registered: {message: Session metadata saved to /var/folders/6s/dp27g8gn26j9mp36sjfxb9tw0000gn/T/add_gallery_button_docsRP8tIl/session_gallery-button-guid/metadata.json, timestamp: 2026-06-18 17:19:21.944401, function: null, file: null}
Log registered: {message: UploaderService: Resetting upload queue and state., timestamp: 2026-06-18 17:19:21.944593, function: null, file: null}
Log registered: {message: UploaderService: Reset completed., timestamp: 2026-06-18 17:19:21.944678, function: null, file: null}
Log registered: {message: Session ended and uploader reset., timestamp: 2026-06-18 17:19:21.944747, function: null, file: null}
00:10 +442: /Users/jose/src/work/hydracamv2/test/widgets/add_gallery_media_button_test.dart: gallery load errors are reported without crashing
Log registered: {message: UploaderService: Resetting upload queue and state., timestamp: 2026-06-18 17:19:21.947388, function: null, file: null}
Log registered: {message: UploaderService: Reset completed., timestamp: 2026-06-18 17:19:21.947486, function: null, file: null}
Log registered: {message: Session started with GUID: gallery-load-error-guid on device type: Master, timestamp: 2026-06-18 17:19:21.947603, function: null, file: null}
Log registered: {message: Failed to load gallery media for import: PlatformException(gallery_unavailable, Gallery provider unavailable, null, null), timestamp: 2026-06-18 17:19:21.982840, function: null, file: null}
Log registered: {message: Session metadata saved to /var/folders/6s/dp27g8gn26j9mp36sjfxb9tw0000gn/T/add_gallery_button_docsnap9CP/session_gallery-load-error-guid/metadata.json, timestamp: 2026-06-18 17:19:22.013289, function: null, file: null}
Log registered: {message: UploaderService: Resetting upload queue and state., timestamp: 2026-06-18 17:19:22.013416, function: null, file: null}
Log registered: {message: UploaderService: Reset completed., timestamp: 2026-06-18 17:19:22.013482, function: null, file: null}
Log registered: {message: Session ended and uploader reset., timestamp: 2026-06-18 17:19:22.013540, function: null, file: null}
00:10 +443: /Users/jose/src/work/hydracamv2/test/widgets/add_gallery_media_button_test.dart: selected gallery media is copied into the active session
Log registered: {message: UploaderService: Resetting upload queue and state., timestamp: 2026-06-18 17:19:22.016517, function: null, file: null}
Log registered: {message: UploaderService: Reset completed., timestamp: 2026-06-18 17:19:22.016606, function: null, file: null}
Log registered: {message: Session started with GUID: gallery-copy-guid on device type: Master, timestamp: 2026-06-18 17:19:22.016667, function: null, file: null}
Log registered: {message: Album: Gallery, Assets Processed: 1, timestamp: 2026-06-18 17:19:22.043002, function: null, file: null}
Log registered: {message: Retrieved existing Device ID: gallery-import-device, timestamp: 2026-06-18 17:19:23.178810, function: null, file: null}
Log registered: {message: Importing selected gallery asset into active session: gallery-photo-1, timestamp: 2026-06-18 17:19:23.179691, function: null, file: null}
Log registered: {message: Resolved gallery asset file for import: /var/folders/6s/dp27g8gn26j9mp36sjfxb9tw0000gn/T/add_gallery_button_docsRoWdHB/source.jpg, timestamp: 2026-06-18 17:19:23.181246, function: null, file: null}
Log registered: {message: Session metadata saved to /var/folders/6s/dp27g8gn26j9mp36sjfxb9tw0000gn/T/add_gallery_button_docsRoWdHB/session_gallery-copy-guid/metadata.json, timestamp: 2026-06-18 17:19:23.241594, function: null, file: null}
Log registered: {message: UploaderService: Resetting upload queue and state., timestamp: 2026-06-18 17:19:23.241761, function: null, file: null}
Log registered: {message: UploaderService: Reset completed., timestamp: 2026-06-18 17:19:23.241826, function: null, file: null}
Log registered: {message: Session ended and uploader reset., timestamp: 2026-06-18 17:19:23.241879, function: null, file: null}
00:11 +444: /Users/jose/src/work/hydracamv2/test/widgets/add_gallery_media_button_test.dart: unavailable selected gallery media reports no import
Log registered: {message: UploaderService: Resetting upload queue and state., timestamp: 2026-06-18 17:19:23.244587, function: null, file: null}
Log registered: {message: UploaderService: Reset completed., timestamp: 2026-06-18 17:19:23.244669, function: null, file: null}
Log registered: {message: Session started with GUID: gallery-missing-file-guid on device type: Master, timestamp: 2026-06-18 17:19:23.244724, function: null, file: null}
Log registered: {message: Album: Gallery, Assets Processed: 1, timestamp: 2026-06-18 17:19:23.270701, function: null, file: null}
Log registered: {message: Retrieved existing Device ID: gallery-import-device, timestamp: 2026-06-18 17:19:23.345293, function: null, file: null}
Log registered: {message: Importing selected gallery asset into active session: missing-gallery-photo, timestamp: 2026-06-18 17:19:23.345471, function: null, file: null}
Log registered: {message: Skipping gallery asset with no available local file: missing-gallery-photo, timestamp: 2026-06-18 17:19:23.345698, function: null, file: null}
Log registered: {message: No selected gallery media was imported into the active session., timestamp: 2026-06-18 17:19:23.345775, function: null, file: null}
Log registered: {message: Session metadata saved to /var/folders/6s/dp27g8gn26j9mp36sjfxb9tw0000gn/T/add_gallery_button_docsQuv1Dh/session_gallery-missing-file-guid/metadata.json, timestamp: 2026-06-18 17:19:23.380105, function: null, file: null}
Log registered: {message: UploaderService: Resetting upload queue and state., timestamp: 2026-06-18 17:19:23.380257, function: null, file: null}
Log registered: {message: UploaderService: Reset completed., timestamp: 2026-06-18 17:19:23.380312, function: null, file: null}
Log registered: {message: Session ended and uploader reset., timestamp: 2026-06-18 17:19:23.380357, function: null, file: null}
00:11 +445: /Users/jose/src/work/hydracamv2/test/widgets/add_gallery_media_button_test.dart: partially unavailable selected gallery media reports skipped
Log registered: {message: UploaderService: Resetting upload queue and state., timestamp: 2026-06-18 17:19:23.382854, function: null, file: null}
Log registered: {message: UploaderService: Reset completed., timestamp: 2026-06-18 17:19:23.382920, function: null, file: null}
Log registered: {message: Session started with GUID: gallery-partial-guid on device type: Master, timestamp: 2026-06-18 17:19:23.382968, function: null, file: null}
Log registered: {message: Album: Gallery, Assets Processed: 2, timestamp: 2026-06-18 17:19:23.405570, function: null, file: null}
Log registered: {message: Retrieved existing Device ID: gallery-import-device, timestamp: 2026-06-18 17:19:24.508912, function: null, file: null}
Log registered: {message: Importing selected gallery asset into active session: partial-gallery-photo, timestamp: 2026-06-18 17:19:24.509285, function: null, file: null}
Log registered: {message: Resolved gallery asset file for import: /var/folders/6s/dp27g8gn26j9mp36sjfxb9tw0000gn/T/add_gallery_button_docscD9NTu/partial-source.jpg, timestamp: 2026-06-18 17:19:24.510097, function: null, file: null}
Log registered: {message: Importing selected gallery asset into active session: missing-gallery-photo, timestamp: 2026-06-18 17:19:24.511702, function: null, file: null}
Log registered: {message: Skipping gallery asset with no available local file: missing-gallery-photo, timestamp: 2026-06-18 17:19:24.512119, function: null, file: null}
Log registered: {message: Session metadata saved to /var/folders/6s/dp27g8gn26j9mp36sjfxb9tw0000gn/T/add_gallery_button_docscD9NTu/session_gallery-partial-guid/metadata.json, timestamp: 2026-06-18 17:19:24.545529, function: null, file: null}
Log registered: {message: UploaderService: Resetting upload queue and state., timestamp: 2026-06-18 17:19:24.545762, function: null, file: null}
Log registered: {message: UploaderService: Reset completed., timestamp: 2026-06-18 17:19:24.545821, function: null, file: null}
Log registered: {message: Session ended and uploader reset., timestamp: 2026-06-18 17:19:24.545869, function: null, file: null}
00:13 +446: /Users/jose/src/work/hydracamv2/test/widgets/add_gallery_media_button_test.dart: gallery import continues after one selected asset fails
Log registered: {message: UploaderService: Resetting upload queue and state., timestamp: 2026-06-18 17:19:24.551048, function: null, file: null}
Log registered: {message: UploaderService: Reset completed., timestamp: 2026-06-18 17:19:24.551164, function: null, file: null}
Log registered: {message: Session started with GUID: gallery-failure-guid on device type: Master, timestamp: 2026-06-18 17:19:24.551221, function: null, file: null}
Log registered: {message: Album: Gallery, Assets Processed: 2, timestamp: 2026-06-18 17:19:24.579547, function: null, file: null}
Log registered: {message: Retrieved existing Device ID: gallery-import-device, timestamp: 2026-06-18 17:19:25.664815, function: null, file: null}
Log registered: {message: Importing selected gallery asset into active session: failed-gallery-photo, timestamp: 2026-06-18 17:19:25.665109, function: null, file: null}
Log registered: {message: Resolved gallery asset file for import: /var/folders/6s/dp27g8gn26j9mp36sjfxb9tw0000gn/T/add_gallery_button_docs91UZUG/failed-source.jpg, timestamp: 2026-06-18 17:19:25.665480, function: null, file: null}
Log registered: {message: Failed to import selected gallery asset failed-gallery-photo: Bad state: Failed to attach failed-gallery-photo, timestamp: 2026-06-18 17:19:25.665823, function: null, file: null}
Log registered: {message: Importing selected gallery asset into active session: imported-gallery-photo, timestamp: 2026-06-18 17:19:25.665924, function: null, file: null}
Log registered: {message: Resolved gallery asset file for import: /var/folders/6s/dp27g8gn26j9mp36sjfxb9tw0000gn/T/add_gallery_button_docs91UZUG/imported-source.jpg, timestamp: 2026-06-18 17:19:25.666155, function: null, file: null}
Log registered: {message: Session metadata saved to /var/folders/6s/dp27g8gn26j9mp36sjfxb9tw0000gn/T/add_gallery_button_docs91UZUG/session_gallery-failure-guid/metadata.json, timestamp: 2026-06-18 17:19:25.703460, function: null, file: null}
Log registered: {message: UploaderService: Resetting upload queue and state., timestamp: 2026-06-18 17:19:25.703665, function: null, file: null}
Log registered: {message: UploaderService: Reset completed., timestamp: 2026-06-18 17:19:25.703728, function: null, file: null}
Log registered: {message: Session ended and uploader reset., timestamp: 2026-06-18 17:19:25.703773, function: null, file: null}
00:14 +447: /Users/jose/src/work/hydracamv2/test/widgets/add_gallery_media_button_test.dart: (tearDownAll)
00:14 +447: All tests passed!
[exit-code] 0

$ git status -sb
## codex/hydracam-visual-makeover...github/codex/hydracam-visual-makeover
 M docs/control/backlog-import.md
 M lib/master/master_server.dart
 M lib/slave/slave_client.dart
 M test/master/master_network_snapshot_cache_test.dart
 M test/slave/slave_client_registration_test.dart
?? logs/verification-runs/20260611-0237-eight-target-random-master-role-switch/
?? logs/verification-runs/20260611-s7-s10e-hardware-ui-overflow-e2e/
?? logs/verification-runs/20260611-s7-two-s10e-hardware-ui-oriented-scroll-e2e/
?? logs/verification-runs/20260611-s7-two-s10e-hardware-ui-scroll-e2e/
?? logs/verification-runs/20260612-0649-visual-makeover-cross-platform-smoke/
?? logs/verification-runs/20260612-0657-regular-evaluation-tier-b-simulator-baseline/
?? logs/verification-runs/20260612-0703-regular-evaluation-tier-a-ipad-hardware-baseline/
?? logs/verification-runs/20260612-0706-local-ide-emulator-deploy-setup/
?? logs/verification-runs/20260612-1723-cleanup-attached-phone-validation/
?? logs/verification-runs/20260614-0941-hydracam-multicamera-legacy-mediatimeline-flow/
?? logs/verification-runs/20260615-1935-store-distribution-readiness/
?? logs/verification-runs/20260617-1033-test-android-apps-hardware-ui-smoke/
?? logs/verification-runs/20260617-1212-test-android-apps-hardware-ui-smoke-unlocked/
?? logs/verification-runs/20260617-1232-test-android-apps-s9-hardware-ui-smoke-unlocked/
?? logs/verification-runs/20260617-1435-auth0-cross-platform-evaluation/
?? logs/verification-runs/20260617-1929-uploader-reset-cancels-transport/
?? logs/verification-runs/20260617-1933-auth0-malformed-id-token-restore-cleanup/
?? logs/verification-runs/20260617-1938-user-restore-blank-email-guard/
?? logs/verification-runs/20260617-1941-user-login-blank-email-guard/
?? logs/verification-runs/20260617-1944-auth0-email-claim-normalization/
?? logs/verification-runs/20260617-1947-auth0-login-failure-clears-stale-session/
?? logs/verification-runs/20260617-1948-ipad-prepare-camera-stuck/
?? logs/verification-runs/20260617-1949-auth0-blank-stored-token-guards/
?? logs/verification-runs/20260617-2019-ipad-legacy-upload-success-response/
?? logs/verification-runs/20260618-1717-stale-session-ended-preserves-slave-session/
?? logs/verification-runs/20260618-all-connected-redeploy/
[exit-code] 0
