# HydraCam evidence run command log

$ flutter analyze --no-pub
Analyzing hydracamv2...
No issues found! (ran in 3.9s)
[exit-code] 0

$ flutter test --no-pub test/master/connected_client_automation_payload_test.dart
00:00 +0: loading /Users/jose/src/work/hydracamv2/test/master/connected_client_automation_payload_test.dart
00:00 +0: connected client automation payload exposes client readiness
00:00 +1: connected client automation payload includes disconnected diagnostics
00:00 +2: connected client automation payload summarizes and orders known clients
00:00 +3: All tests passed!
[exit-code] 0

$ flutter test --no-pub
00:00 +0: loading /Users/jose/src/work/hydracamv2/test/platform_setup_test.dart
00:00 +0: /Users/jose/src/work/hydracamv2/test/platform_setup_test.dart: Platform Setup Tests iOS Podfile should exist and be valid
00:00 +1: /Users/jose/src/work/hydracamv2/test/platform_setup_test.dart: Platform Setup Tests Android build.gradle should exist
00:00 +2: /Users/jose/src/work/hydracamv2/test/platform_setup_test.dart: Platform Setup Tests Web index.html should exist
00:00 +3: /Users/jose/src/work/hydracamv2/test/platform/platform_behavior_test.dart: Platform Behavior Platform detection works
00:00 +4: /Users/jose/src/work/hydracamv2/test/platform/platform_behavior_test.dart: Platform Behavior Mobile-specific features Camera should be available on mobile
00:00 +5: /Users/jose/src/work/hydracamv2/test/platform/platform_behavior_test.dart: Platform Behavior Mobile-specific features Gallery saving should work on mobile
00:00 +6: /Users/jose/src/work/hydracamv2/test/platform/platform_behavior_test.dart: Platform Behavior Mobile-specific features Permissions are required on mobile
00:00 +7: /Users/jose/src/work/hydracamv2/test/platform/platform_behavior_test.dart: Platform Behavior Desktop-specific features Desktop may have limited camera support
00:00 +8: /Users/jose/src/work/hydracamv2/test/platform/platform_behavior_test.dart: Platform Behavior Desktop-specific features Desktop uses file system directly
00:00 +9: /Users/jose/src/work/hydracamv2/test/platform/platform_behavior_test.dart: Platform Behavior Desktop-specific features Desktop may not need runtime permissions
00:00 +10: /Users/jose/src/work/hydracamv2/test/platform/platform_behavior_test.dart: Cross-platform features Networking works on all platforms
00:00 +11: /Users/jose/src/work/hydracamv2/test/platform/platform_behavior_test.dart: Cross-platform features Storage management works on all platforms
00:00 +12: /Users/jose/src/work/hydracamv2/test/platform/platform_behavior_test.dart: Cross-platform features Session management is platform-agnostic
00:00 +13: /Users/jose/src/work/hydracamv2/test/platform/multi_device_orchestration_test.dart: (setUpAll)
00:00 +13: /Users/jose/src/work/hydracamv2/test/platform/multi_device_orchestration_test.dart: Photo Scenarios Scenario P1: single slave burst populates queue and metadata
Log registered: {message: UploaderService: Resetting upload queue and state., timestamp: 2026-06-08 20:50:24.399121, function: null, file: null}
Log registered: {message: UploaderService: Reset completed., timestamp: 2026-06-08 20:50:24.401298, function: null, file: null}
Log registered: {message: UploaderService: Resetting upload queue and state., timestamp: 2026-06-08 20:50:24.403382, function: null, file: null}
Log registered: {message: UploaderService: Reset completed., timestamp: 2026-06-08 20:50:24.404054, function: null, file: null}
Log registered: {message: Session started with GUID: session_p1 on device type: Master, timestamp: 2026-06-08 20:50:24.404577, function: null, file: null}
Log registered: {message: Adding photo to upload queue: /var/folders/6s/dp27g8gn26j9mp36sjfxb9tw0000gn/T/hydracam_multi_device_mediaOGrOO6/p1-0.jpg, timestamp: 2026-06-08 20:50:24.407436, function: null, file: null}
Log registered: {message: Media added to upload queue: /var/folders/6s/dp27g8gn26j9mp36sjfxb9tw0000gn/T/hydracam_multi_device_mediaOGrOO6/p1-0.jpg, timestamp: 2026-06-08 20:50:24.407884, function: null, file: null}
Log registered: {message: Adding photo to upload queue: /var/folders/6s/dp27g8gn26j9mp36sjfxb9tw0000gn/T/hydracam_multi_device_mediaOGrOO6/p1-1.jpg, timestamp: 2026-06-08 20:50:24.408933, function: null, file: null}
Log registered: {message: Media added to upload queue: /var/folders/6s/dp27g8gn26j9mp36sjfxb9tw0000gn/T/hydracam_multi_device_mediaOGrOO6/p1-1.jpg, timestamp: 2026-06-08 20:50:24.409191, function: null, file: null}
Log registered: {message: Adding photo to upload queue: /var/folders/6s/dp27g8gn26j9mp36sjfxb9tw0000gn/T/hydracam_multi_device_mediaOGrOO6/p1-2.jpg, timestamp: 2026-06-08 20:50:24.409594, function: null, file: null}
Log registered: {message: Media added to upload queue: /var/folders/6s/dp27g8gn26j9mp36sjfxb9tw0000gn/T/hydracam_multi_device_mediaOGrOO6/p1-2.jpg, timestamp: 2026-06-08 20:50:24.409704, function: null, file: null}
Log registered: {message: Auto-upload is disabled. Media added to queue but not uploaded., timestamp: 2026-06-08 20:50:24.413436, function: null, file: null}
Log registered: {message: Auto-upload is disabled. Media added to queue but not uploaded., timestamp: 2026-06-08 20:50:24.414294, function: null, file: null}
Log registered: {message: Auto-upload is disabled. Media added to queue but not uploaded., timestamp: 2026-06-08 20:50:24.414362, function: null, file: null}
Log registered: {message: Session metadata saved to /var/folders/6s/dp27g8gn26j9mp36sjfxb9tw0000gn/T/hydracam_multi_device_docsPkebT0/session_session_p1/metadata.json, timestamp: 2026-06-08 20:50:24.416940, function: null, file: null}
Log registered: {message: Session metadata saved to /var/folders/6s/dp27g8gn26j9mp36sjfxb9tw0000gn/T/hydracam_multi_device_docsPkebT0/session_session_p1/metadata.json, timestamp: 2026-06-08 20:50:24.417066, function: null, file: null}
Log registered: {message: Session metadata saved to /var/folders/6s/dp27g8gn26j9mp36sjfxb9tw0000gn/T/hydracam_multi_device_docsPkebT0/session_session_p1/metadata.json, timestamp: 2026-06-08 20:50:24.417189, function: null, file: null}
00:00 +14: /Users/jose/src/work/hydracamv2/test/platform/multi_device_orchestration_test.dart: Photo Scenarios Scenario P1: single slave burst populates queue and metadata
00:00 +15: /Users/jose/src/work/hydracamv2/test/platform/multi_device_orchestration_test.dart: Photo Scenarios Scenario P1: single slave burst populates queue and metadata
00:00 +16: /Users/jose/src/work/hydracamv2/test/platform/multi_device_orchestration_test.dart: Photo Scenarios Scenario P1: single slave burst populates queue and metadata
00:00 +17: /Users/jose/src/work/hydracamv2/test/platform/multi_device_orchestration_test.dart: Photo Scenarios Scenario P1: single slave burst populates queue and metadata
Log registered: {message: UploaderService: Resetting upload queue and state., timestamp: 2026-06-08 20:50:24.436412, function: null, file: null}
Log registered: {message: UploaderService: Reset completed., timestamp: 2026-06-08 20:50:24.436568, function: null, file: null}
Log registered: {message: Session metadata saved to /var/folders/6s/dp27g8gn26j9mp36sjfxb9tw0000gn/T/hydracam_multi_device_docsPkebT0/session_session_p1/metadata.json, timestamp: 2026-06-08 20:50:24.437580, function: null, file: null}
Log registered: {message: UploaderService: Resetting upload queue and state., timestamp: 2026-06-08 20:50:24.437684, function: null, file: null}
Log registered: {message: UploaderService: Reset completed., timestamp: 2026-06-08 20:50:24.437747, function: null, file: null}
Log registered: {message: Session ended and uploader reset., timestamp: 2026-06-08 20:50:24.437814, function: null, file: null}
00:00 +18: /Users/jose/src/work/hydracamv2/test/platform/multi_device_orchestration_test.dart: Photo Scenarios Scenario P2: two slaves contribute photos with unique device IDs
Log registered: {message: UploaderService: Resetting upload queue and state., timestamp: 2026-06-08 20:50:24.439661, function: null, file: null}
Log registered: {message: UploaderService: Reset completed., timestamp: 2026-06-08 20:50:24.439742, function: null, file: null}
Log registered: {message: UploaderService: Resetting upload queue and state., timestamp: 2026-06-08 20:50:24.440134, function: null, file: null}
Log registered: {message: UploaderService: Reset completed., timestamp: 2026-06-08 20:50:24.440210, function: null, file: null}
Log registered: {message: Session started with GUID: session_p2 on device type: Master, timestamp: 2026-06-08 20:50:24.440283, function: null, file: null}
Log registered: {message: Adding photo to upload queue: /var/folders/6s/dp27g8gn26j9mp36sjfxb9tw0000gn/T/hydracam_multi_device_mediayBXPH5/p2-a.jpg, timestamp: 2026-06-08 20:50:24.440595, function: null, file: null}
Log registered: {message: Media added to upload queue: /var/folders/6s/dp27g8gn26j9mp36sjfxb9tw0000gn/T/hydracam_multi_device_mediayBXPH5/p2-a.jpg, timestamp: 2026-06-08 20:50:24.440686, function: null, file: null}
Log registered: {message: Adding photo to upload queue: /var/folders/6s/dp27g8gn26j9mp36sjfxb9tw0000gn/T/hydracam_multi_device_mediayBXPH5/p2-b.jpg, timestamp: 2026-06-08 20:50:24.440953, function: null, file: null}
Log registered: {message: Media added to upload queue: /var/folders/6s/dp27g8gn26j9mp36sjfxb9tw0000gn/T/hydracam_multi_device_mediayBXPH5/p2-b.jpg, timestamp: 2026-06-08 20:50:24.441031, function: null, file: null}
Log registered: {message: Auto-upload is disabled. Media added to queue but not uploaded., timestamp: 2026-06-08 20:50:24.441306, function: null, file: null}
Log registered: {message: Auto-upload is disabled. Media added to queue but not uploaded., timestamp: 2026-06-08 20:50:24.441482, function: null, file: null}
Log registered: {message: Session metadata saved to /var/folders/6s/dp27g8gn26j9mp36sjfxb9tw0000gn/T/hydracam_multi_device_docsQWNnZS/session_session_p2/metadata.json, timestamp: 2026-06-08 20:50:24.442058, function: null, file: null}
Log registered: {message: Session metadata saved to /var/folders/6s/dp27g8gn26j9mp36sjfxb9tw0000gn/T/hydracam_multi_device_docsQWNnZS/session_session_p2/metadata.json, timestamp: 2026-06-08 20:50:24.442146, function: null, file: null}
Log registered: {message: UploaderService: Resetting upload queue and state., timestamp: 2026-06-08 20:50:24.465384, function: null, file: null}
Log registered: {message: UploaderService: Reset completed., timestamp: 2026-06-08 20:50:24.465539, function: null, file: null}
Log registered: {message: Session metadata saved to /var/folders/6s/dp27g8gn26j9mp36sjfxb9tw0000gn/T/hydracam_multi_device_docsQWNnZS/session_session_p2/metadata.json, timestamp: 2026-06-08 20:50:24.466453, function: null, file: null}
Log registered: {message: UploaderService: Resetting upload queue and state., timestamp: 2026-06-08 20:50:24.466538, function: null, file: null}
Log registered: {message: UploaderService: Reset completed., timestamp: 2026-06-08 20:50:24.466594, function: null, file: null}
Log registered: {message: Session ended and uploader reset., timestamp: 2026-06-08 20:50:24.466642, function: null, file: null}
00:00 +19: /Users/jose/src/work/hydracamv2/test/platform/multi_device_orchestration_test.dart: Photo Scenarios Scenario P3: round-robin commands respect device order
Log registered: {message: UploaderService: Resetting upload queue and state., timestamp: 2026-06-08 20:50:24.468264, function: null, file: null}
Log registered: {message: UploaderService: Reset completed., timestamp: 2026-06-08 20:50:24.468353, function: null, file: null}
Log registered: {message: UploaderService: Resetting upload queue and state., timestamp: 2026-06-08 20:50:24.468805, function: null, file: null}
Log registered: {message: UploaderService: Reset completed., timestamp: 2026-06-08 20:50:24.468866, function: null, file: null}
Log registered: {message: Session started with GUID: session_p3 on device type: Master, timestamp: 2026-06-08 20:50:24.468920, function: null, file: null}
Log registered: {message: Adding photo to upload queue: /var/folders/6s/dp27g8gn26j9mp36sjfxb9tw0000gn/T/hydracam_multi_device_mediaNWCD1T/slave-A.jpg, timestamp: 2026-06-08 20:50:24.469265, function: null, file: null}
Log registered: {message: Media added to upload queue: /var/folders/6s/dp27g8gn26j9mp36sjfxb9tw0000gn/T/hydracam_multi_device_mediaNWCD1T/slave-A.jpg, timestamp: 2026-06-08 20:50:24.469380, function: null, file: null}
Log registered: {message: Adding photo to upload queue: /var/folders/6s/dp27g8gn26j9mp36sjfxb9tw0000gn/T/hydracam_multi_device_mediaNWCD1T/slave-B.jpg, timestamp: 2026-06-08 20:50:24.469648, function: null, file: null}
Log registered: {message: Media added to upload queue: /var/folders/6s/dp27g8gn26j9mp36sjfxb9tw0000gn/T/hydracam_multi_device_mediaNWCD1T/slave-B.jpg, timestamp: 2026-06-08 20:50:24.469746, function: null, file: null}
Log registered: {message: Adding photo to upload queue: /var/folders/6s/dp27g8gn26j9mp36sjfxb9tw0000gn/T/hydracam_multi_device_mediaNWCD1T/slave-C.jpg, timestamp: 2026-06-08 20:50:24.469953, function: null, file: null}
Log registered: {message: Media added to upload queue: /var/folders/6s/dp27g8gn26j9mp36sjfxb9tw0000gn/T/hydracam_multi_device_mediaNWCD1T/slave-C.jpg, timestamp: 2026-06-08 20:50:24.470041, function: null, file: null}
Log registered: {message: Adding photo to upload queue: /var/folders/6s/dp27g8gn26j9mp36sjfxb9tw0000gn/T/hydracam_multi_device_mediaNWCD1T/slave-D.jpg, timestamp: 2026-06-08 20:50:24.470233, function: null, file: null}
Log registered: {message: Media added to upload queue: /var/folders/6s/dp27g8gn26j9mp36sjfxb9tw0000gn/T/hydracam_multi_device_mediaNWCD1T/slave-D.jpg, timestamp: 2026-06-08 20:50:24.470301, function: null, file: null}
Log registered: {message: Auto-upload is disabled. Media added to queue but not uploaded., timestamp: 2026-06-08 20:50:24.470587, function: null, file: null}
Log registered: {message: Auto-upload is disabled. Media added to queue but not uploaded., timestamp: 2026-06-08 20:50:24.470725, function: null, file: null}
Log registered: {message: Auto-upload is disabled. Media added to queue but not uploaded., timestamp: 2026-06-08 20:50:24.470847, function: null, file: null}
Log registered: {message: Auto-upload is disabled. Media added to queue but not uploaded., timestamp: 2026-06-08 20:50:24.470963, function: null, file: null}
Log registered: {message: Session metadata saved to /var/folders/6s/dp27g8gn26j9mp36sjfxb9tw0000gn/T/hydracam_multi_device_docs924lxq/session_session_p3/metadata.json, timestamp: 2026-06-08 20:50:24.471757, function: null, file: null}
Log registered: {message: Session metadata saved to /var/folders/6s/dp27g8gn26j9mp36sjfxb9tw0000gn/T/hydracam_multi_device_docs924lxq/session_session_p3/metadata.json, timestamp: 2026-06-08 20:50:24.471856, function: null, file: null}
Log registered: {message: Session metadata saved to /var/folders/6s/dp27g8gn26j9mp36sjfxb9tw0000gn/T/hydracam_multi_device_docs924lxq/session_session_p3/metadata.json, timestamp: 2026-06-08 20:50:24.471931, function: null, file: null}
Log registered: {message: Session metadata saved to /var/folders/6s/dp27g8gn26j9mp36sjfxb9tw0000gn/T/hydracam_multi_device_docs924lxq/session_session_p3/metadata.json, timestamp: 2026-06-08 20:50:24.471998, function: null, file: null}
Log registered: {message: UploaderService: Resetting upload queue and state., timestamp: 2026-06-08 20:50:24.492122, function: null, file: null}
Log registered: {message: UploaderService: Reset completed., timestamp: 2026-06-08 20:50:24.492238, function: null, file: null}
Log registered: {message: Session metadata saved to /var/folders/6s/dp27g8gn26j9mp36sjfxb9tw0000gn/T/hydracam_multi_device_docs924lxq/session_session_p3/metadata.json, timestamp: 2026-06-08 20:50:24.492926, function: null, file: null}
Log registered: {message: UploaderService: Resetting upload queue and state., timestamp: 2026-06-08 20:50:24.492997, function: null, file: null}
Log registered: {message: UploaderService: Reset completed., timestamp: 2026-06-08 20:50:24.493049, function: null, file: null}
Log registered: {message: Session ended and uploader reset., timestamp: 2026-06-08 20:50:24.493099, function: null, file: null}
00:00 +20: /Users/jose/src/work/hydracamv2/test/platform/multi_device_orchestration_test.dart: Photo Scenarios Scenario P4: master rotation resets session state
Log registered: {message: UploaderService: Resetting upload queue and state., timestamp: 2026-06-08 20:50:24.494480, function: null, file: null}
Log registered: {message: UploaderService: Reset completed., timestamp: 2026-06-08 20:50:24.494540, function: null, file: null}
Log registered: {message: UploaderService: Resetting upload queue and state., timestamp: 2026-06-08 20:50:24.494870, function: null, file: null}
Log registered: {message: UploaderService: Reset completed., timestamp: 2026-06-08 20:50:24.494927, function: null, file: null}
Log registered: {message: Session started with GUID: session_p4_a on device type: Master, timestamp: 2026-06-08 20:50:24.494972, function: null, file: null}
Log registered: {message: Adding photo to upload queue: /var/folders/6s/dp27g8gn26j9mp36sjfxb9tw0000gn/T/hydracam_multi_device_media5g8gcN/p4.jpg, timestamp: 2026-06-08 20:50:24.495239, function: null, file: null}
Log registered: {message: Media added to upload queue: /var/folders/6s/dp27g8gn26j9mp36sjfxb9tw0000gn/T/hydracam_multi_device_media5g8gcN/p4.jpg, timestamp: 2026-06-08 20:50:24.495340, function: null, file: null}
Log registered: {message: Auto-upload is disabled. Media added to queue but not uploaded., timestamp: 2026-06-08 20:50:24.495611, function: null, file: null}
Log registered: {message: Session metadata saved to /var/folders/6s/dp27g8gn26j9mp36sjfxb9tw0000gn/T/hydracam_multi_device_docsfW3m92/session_session_p4_a/metadata.json, timestamp: 2026-06-08 20:50:24.496085, function: null, file: null}
Log registered: {message: Session metadata saved to /var/folders/6s/dp27g8gn26j9mp36sjfxb9tw0000gn/T/hydracam_multi_device_docsfW3m92/session_session_p4_a/metadata.json, timestamp: 2026-06-08 20:50:24.518905, function: null, file: null}
Log registered: {message: UploaderService: Resetting upload queue and state., timestamp: 2026-06-08 20:50:24.519032, function: null, file: null}
Log registered: {message: UploaderService: Reset completed., timestamp: 2026-06-08 20:50:24.519095, function: null, file: null}
Log registered: {message: Session ended and uploader reset., timestamp: 2026-06-08 20:50:24.519142, function: null, file: null}
Log registered: {message: UploaderService: Resetting upload queue and state., timestamp: 2026-06-08 20:50:24.519230, function: null, file: null}
Log registered: {message: UploaderService: Reset completed., timestamp: 2026-06-08 20:50:24.519277, function: null, file: null}
Log registered: {message: UploaderService: Resetting upload queue and state., timestamp: 2026-06-08 20:50:24.519321, function: null, file: null}
Log registered: {message: UploaderService: Reset completed., timestamp: 2026-06-08 20:50:24.519368, function: null, file: null}
Log registered: {message: Session started with GUID: session_p4_b on device type: Master, timestamp: 2026-06-08 20:50:24.519408, function: null, file: null}
Log registered: {message: UploaderService: Resetting upload queue and state., timestamp: 2026-06-08 20:50:24.519661, function: null, file: null}
Log registered: {message: UploaderService: Reset completed., timestamp: 2026-06-08 20:50:24.519720, function: null, file: null}
Log registered: {message: Session metadata saved to /var/folders/6s/dp27g8gn26j9mp36sjfxb9tw0000gn/T/hydracam_multi_device_docsfW3m92/session_session_p4_b/metadata.json, timestamp: 2026-06-08 20:50:24.520489, function: null, file: null}
Log registered: {message: UploaderService: Resetting upload queue and state., timestamp: 2026-06-08 20:50:24.520578, function: null, file: null}
Log registered: {message: UploaderService: Reset completed., timestamp: 2026-06-08 20:50:24.520634, function: null, file: null}
Log registered: {message: Session ended and uploader reset., timestamp: 2026-06-08 20:50:24.520679, function: null, file: null}
00:00 +21: /Users/jose/src/work/hydracamv2/test/platform/multi_device_orchestration_test.dart: Video Scenarios Scenario V1: single slave video stored in session
Log registered: {message: UploaderService: Resetting upload queue and state., timestamp: 2026-06-08 20:50:24.522105, function: null, file: null}
Log registered: {message: UploaderService: Reset completed., timestamp: 2026-06-08 20:50:24.522168, function: null, file: null}
Log registered: {message: UploaderService: Resetting upload queue and state., timestamp: 2026-06-08 20:50:24.522458, function: null, file: null}
Log registered: {message: UploaderService: Reset completed., timestamp: 2026-06-08 20:50:24.522509, function: null, file: null}
Log registered: {message: Session started with GUID: session_v1 on device type: Master, timestamp: 2026-06-08 20:50:24.522553, function: null, file: null}
Log registered: {message: Adding video to upload queue: /var/folders/6s/dp27g8gn26j9mp36sjfxb9tw0000gn/T/hydracam_multi_device_mediaSSUx03/v1.mp4, timestamp: 2026-06-08 20:50:24.523248, function: null, file: null}
Log registered: {message: Media added to upload queue: /var/folders/6s/dp27g8gn26j9mp36sjfxb9tw0000gn/T/hydracam_multi_device_mediaSSUx03/v1.mp4, timestamp: 2026-06-08 20:50:24.523350, function: null, file: null}
Log registered: {message: Auto-upload is disabled. Media added to queue but not uploaded., timestamp: 2026-06-08 20:50:24.523727, function: null, file: null}
Log registered: {message: Session metadata saved to /var/folders/6s/dp27g8gn26j9mp36sjfxb9tw0000gn/T/hydracam_multi_device_docslHpjLw/session_session_v1/metadata.json, timestamp: 2026-06-08 20:50:24.524237, function: null, file: null}
Log registered: {message: UploaderService: Resetting upload queue and state., timestamp: 2026-06-08 20:50:24.546532, function: null, file: null}
Log registered: {message: UploaderService: Reset completed., timestamp: 2026-06-08 20:50:24.546609, function: null, file: null}
Log registered: {message: Session metadata saved to /var/folders/6s/dp27g8gn26j9mp36sjfxb9tw0000gn/T/hydracam_multi_device_docslHpjLw/session_session_v1/metadata.json, timestamp: 2026-06-08 20:50:24.547277, function: null, file: null}
Log registered: {message: UploaderService: Resetting upload queue and state., timestamp: 2026-06-08 20:50:24.547335, function: null, file: null}
Log registered: {message: UploaderService: Reset completed., timestamp: 2026-06-08 20:50:24.547382, function: null, file: null}
Log registered: {message: Session ended and uploader reset., timestamp: 2026-06-08 20:50:24.547425, function: null, file: null}
00:00 +22: /Users/jose/src/work/hydracamv2/test/platform/multi_device_orchestration_test.dart: Video Scenarios Scenario V2: multiple slave videos persist metadata
Log registered: {message: UploaderService: Resetting upload queue and state., timestamp: 2026-06-08 20:50:24.548644, function: null, file: null}
Log registered: {message: UploaderService: Reset completed., timestamp: 2026-06-08 20:50:24.548707, function: null, file: null}
Log registered: {message: UploaderService: Resetting upload queue and state., timestamp: 2026-06-08 20:50:24.549031, function: null, file: null}
Log registered: {message: UploaderService: Reset completed., timestamp: 2026-06-08 20:50:24.549083, function: null, file: null}
Log registered: {message: Session started with GUID: session_v2 on device type: Master, timestamp: 2026-06-08 20:50:24.549132, function: null, file: null}
Log registered: {message: Adding video to upload queue: /var/folders/6s/dp27g8gn26j9mp36sjfxb9tw0000gn/T/hydracam_multi_device_mediaQjXuWf/v2-a.mp4, timestamp: 2026-06-08 20:50:24.549364, function: null, file: null}
Log registered: {message: Media added to upload queue: /var/folders/6s/dp27g8gn26j9mp36sjfxb9tw0000gn/T/hydracam_multi_device_mediaQjXuWf/v2-a.mp4, timestamp: 2026-06-08 20:50:24.549443, function: null, file: null}
Log registered: {message: Adding video to upload queue: /var/folders/6s/dp27g8gn26j9mp36sjfxb9tw0000gn/T/hydracam_multi_device_mediaQjXuWf/v2-b.mp4, timestamp: 2026-06-08 20:50:24.549708, function: null, file: null}
Log registered: {message: Media added to upload queue: /var/folders/6s/dp27g8gn26j9mp36sjfxb9tw0000gn/T/hydracam_multi_device_mediaQjXuWf/v2-b.mp4, timestamp: 2026-06-08 20:50:24.549783, function: null, file: null}
Log registered: {message: Auto-upload is disabled. Media added to queue but not uploaded., timestamp: 2026-06-08 20:50:24.550020, function: null, file: null}
Log registered: {message: Auto-upload is disabled. Media added to queue but not uploaded., timestamp: 2026-06-08 20:50:24.550125, function: null, file: null}
Log registered: {message: Session metadata saved to /var/folders/6s/dp27g8gn26j9mp36sjfxb9tw0000gn/T/hydracam_multi_device_docs2Q6mTI/session_session_v2/metadata.json, timestamp: 2026-06-08 20:50:24.550786, function: null, file: null}
Log registered: {message: Session metadata saved to /var/folders/6s/dp27g8gn26j9mp36sjfxb9tw0000gn/T/hydracam_multi_device_docs2Q6mTI/session_session_v2/metadata.json, timestamp: 2026-06-08 20:50:24.550862, function: null, file: null}
Log registered: {message: UploaderService: Resetting upload queue and state., timestamp: 2026-06-08 20:50:24.573544, function: null, file: null}
Log registered: {message: UploaderService: Reset completed., timestamp: 2026-06-08 20:50:24.573641, function: null, file: null}
Log registered: {message: Session metadata saved to /var/folders/6s/dp27g8gn26j9mp36sjfxb9tw0000gn/T/hydracam_multi_device_docs2Q6mTI/session_session_v2/metadata.json, timestamp: 2026-06-08 20:50:24.574276, function: null, file: null}
Log registered: {message: UploaderService: Resetting upload queue and state., timestamp: 2026-06-08 20:50:24.574342, function: null, file: null}
Log registered: {message: UploaderService: Reset completed., timestamp: 2026-06-08 20:50:24.574392, function: null, file: null}
Log registered: {message: Session ended and uploader reset., timestamp: 2026-06-08 20:50:24.574436, function: null, file: null}
00:00 +23: /Users/jose/src/work/hydracamv2/test/platform/multi_device_orchestration_test.dart: Video Scenarios Scenario V3: scheduled starts preserve offsets
Log registered: {message: UploaderService: Resetting upload queue and state., timestamp: 2026-06-08 20:50:24.575766, function: null, file: null}
Log registered: {message: UploaderService: Reset completed., timestamp: 2026-06-08 20:50:24.575824, function: null, file: null}
Log registered: {message: UploaderService: Resetting upload queue and state., timestamp: 2026-06-08 20:50:24.576225, function: null, file: null}
Log registered: {message: UploaderService: Reset completed., timestamp: 2026-06-08 20:50:24.576281, function: null, file: null}
Log registered: {message: Session started with GUID: session_v3 on device type: Master, timestamp: 2026-06-08 20:50:24.576328, function: null, file: null}
Log registered: {message: Adding video to upload queue: /var/folders/6s/dp27g8gn26j9mp36sjfxb9tw0000gn/T/hydracam_multi_device_mediaGHET1D/v3-a.mp4, timestamp: 2026-06-08 20:50:24.576585, function: null, file: null}
Log registered: {message: Media added to upload queue: /var/folders/6s/dp27g8gn26j9mp36sjfxb9tw0000gn/T/hydracam_multi_device_mediaGHET1D/v3-a.mp4, timestamp: 2026-06-08 20:50:24.576667, function: null, file: null}
Log registered: {message: Adding video to upload queue: /var/folders/6s/dp27g8gn26j9mp36sjfxb9tw0000gn/T/hydracam_multi_device_mediaGHET1D/v3-b.mp4, timestamp: 2026-06-08 20:50:24.576896, function: null, file: null}
Log registered: {message: Media added to upload queue: /var/folders/6s/dp27g8gn26j9mp36sjfxb9tw0000gn/T/hydracam_multi_device_mediaGHET1D/v3-b.mp4, timestamp: 2026-06-08 20:50:24.576962, function: null, file: null}
Log registered: {message: Adding video to upload queue: /var/folders/6s/dp27g8gn26j9mp36sjfxb9tw0000gn/T/hydracam_multi_device_mediaGHET1D/v3-c.mp4, timestamp: 2026-06-08 20:50:24.577170, function: null, file: null}
Log registered: {message: Media added to upload queue: /var/folders/6s/dp27g8gn26j9mp36sjfxb9tw0000gn/T/hydracam_multi_device_mediaGHET1D/v3-c.mp4, timestamp: 2026-06-08 20:50:24.577254, function: null, file: null}
Log registered: {message: Auto-upload is disabled. Media added to queue but not uploaded., timestamp: 2026-06-08 20:50:24.577527, function: null, file: null}
Log registered: {message: Auto-upload is disabled. Media added to queue but not uploaded., timestamp: 2026-06-08 20:50:24.577661, function: null, file: null}
Log registered: {message: Auto-upload is disabled. Media added to queue but not uploaded., timestamp: 2026-06-08 20:50:24.577770, function: null, file: null}
Log registered: {message: Session metadata saved to /var/folders/6s/dp27g8gn26j9mp36sjfxb9tw0000gn/T/hydracam_multi_device_docsuo1StJ/session_session_v3/metadata.json, timestamp: 2026-06-08 20:50:24.578658, function: null, file: null}
Log registered: {message: Session metadata saved to /var/folders/6s/dp27g8gn26j9mp36sjfxb9tw0000gn/T/hydracam_multi_device_docsuo1StJ/session_session_v3/metadata.json, timestamp: 2026-06-08 20:50:24.578768, function: null, file: null}
Log registered: {message: Session metadata saved to /var/folders/6s/dp27g8gn26j9mp36sjfxb9tw0000gn/T/hydracam_multi_device_docsuo1StJ/session_session_v3/metadata.json, timestamp: 2026-06-08 20:50:24.578827, function: null, file: null}
Log registered: {message: UploaderService: Resetting upload queue and state., timestamp: 2026-06-08 20:50:24.601367, function: null, file: null}
Log registered: {message: UploaderService: Reset completed., timestamp: 2026-06-08 20:50:24.601502, function: null, file: null}
Log registered: {message: Session metadata saved to /var/folders/6s/dp27g8gn26j9mp36sjfxb9tw0000gn/T/hydracam_multi_device_docsuo1StJ/session_session_v3/metadata.json, timestamp: 2026-06-08 20:50:24.602255, function: null, file: null}
Log registered: {message: UploaderService: Resetting upload queue and state., timestamp: 2026-06-08 20:50:24.602317, function: null, file: null}
Log registered: {message: UploaderService: Reset completed., timestamp: 2026-06-08 20:50:24.602362, function: null, file: null}
Log registered: {message: Session ended and uploader reset., timestamp: 2026-06-08 20:50:24.602410, function: null, file: null}
00:00 +24: /Users/jose/src/work/hydracamv2/test/platform/multi_device_orchestration_test.dart: (tearDownAll)
00:01 +24: /Users/jose/src/work/hydracamv2/test/widget_test.dart: (setUpAll)
00:01 +24: /Users/jose/src/work/hydracamv2/test/widget_test.dart: HydraCamApp builds without crashing
Log registered: {message: Navigation decision: automationEnabled=false, config=null, automationMaster=false, automationStandby=false, automationSetupPreview=false, forceSlave=false, timestamp: 2026-06-08 20:50:25.562713, function: null, file: null}
Log registered: {message: Navigating to SlaveScreen(isAutoMode=true, preferredMasterIp=null, forceSlaveMode=false), timestamp: 2026-06-08 20:50:25.564562, function: null, file: null}
Log registered: {message: StorageService monitoring disabled - timer not started., timestamp: 2026-06-08 20:50:25.723805, function: null, file: null}
Log registered: {message: BatteryService monitoring disabled - timer not started., timestamp: 2026-06-08 20:50:25.724915, function: null, file: null}
00:01 +25: /Users/jose/src/work/hydracamv2/test/screens/session_details_screen_test.dart: session details shows player assignment backend state
00:01 +25: /Users/jose/src/work/hydracamv2/test/screens/uploader_info_screen_test.dart: cancel action clears the current upload row
Log registered: {message: UploaderService: Resetting upload queue and state., timestamp: 2026-06-08 20:50:25.783606, function: null, file: null}
Log registered: {message: UploaderService: Reset completed., timestamp: 2026-06-08 20:50:25.785988, function: null, file: null}
00:01 +25: /Users/jose/src/work/hydracamv2/test/screens/session_details_screen_test.dart: session details shows player assignment backend state
00:01 +26: /Users/jose/src/work/hydracamv2/test/screens/session_details_screen_test.dart: session details shows player assignment backend state
00:01 +27: /Users/jose/src/work/hydracamv2/test/screens/session_details_screen_test.dart: session details shows player assignment backend state
00:01 +28: /Users/jose/src/work/hydracamv2/test/screens/session_details_screen_test.dart: session details shows player assignment backend state
00:01 +28 ~1: /Users/jose/src/work/hydracamv2/test/screens/session_details_screen_test.dart: session details shows player assignment backend state
00:01 +28 ~1: /Users/jose/src/work/hydracamv2/test/slave/slave_client_registration_test.dart: slave registers before waiting for network payload
Log registered: {message: Retrieved existing Device ID: test-device, timestamp: 2026-06-08 20:50:25.834549, function: null, file: null}
Log registered: {message: Attempting to connect to master WebSocket at ws://127.0.0.1:62879/ws with Device ID: test-device, timestamp: 2026-06-08 20:50:25.837039, function: null, file: null}
Log registered: {message: Connected to WebSocket at ws://127.0.0.1:62879/ws, timestamp: 2026-06-08 20:50:25.838779, function: null, file: null}
Log registered: {message: Connection closed, timestamp: 2026-06-08 20:50:25.856669, function: null, file: null}
00:01 +29 ~1: /Users/jose/src/work/hydracamv2/test/screens/session_details_screen_test.dart: session details shows player assignment backend state
00:01 +29 ~1: /Users/jose/src/work/hydracamv2/test/slave/slave_client_registration_test.dart: slave registers before waiting for network payload
Trace file unavailable: MissingPluginException(No implementation found for method getApplicationDocumentsDirectory on channel plugins.flutter.io/path_provider)
00:01 +29 ~1: /Users/jose/src/work/hydracamv2/test/slave/slave_client_registration_test.dart: slave heartbeat includes camera setup status when available
Log registered: {message: Retrieved existing Device ID: test-device, timestamp: 2026-06-08 20:50:25.864628, function: null, file: null}
Log registered: {message: Attempting to connect to master WebSocket at ws://127.0.0.1:62881/ws with Device ID: test-device, timestamp: 2026-06-08 20:50:25.864755, function: null, file: null}
00:01 +30 ~1: /Users/jose/src/work/hydracamv2/test/screens/capture_settings_screen_test.dart: settings screen shows capture settings instead of camera quality
00:01 +30 ~1: /Users/jose/src/work/hydracamv2/test/slave/slave_client_registration_test.dart: slave heartbeat includes camera setup status when available
Log registered: {message: Connected to WebSocket at ws://127.0.0.1:62881/ws, timestamp: 2026-06-08 20:50:25.865141, function: null, file: null}
Log registered: {message: Connection closed, timestamp: 2026-06-08 20:50:25.868638, function: null, file: null}
00:01 +31 ~1: /Users/jose/src/work/hydracamv2/test/screens/capture_settings_screen_test.dart: settings screen shows capture settings instead of camera quality
00:01 +31 ~1: /Users/jose/src/work/hydracamv2/test/slave/slave_client_registration_test.dart: autograbado starts recording when sessionStarted arrives
Log registered: {message: Retrieved existing Device ID: test-device, timestamp: 2026-06-08 20:50:25.872889, function: null, file: null}
Log registered: {message: Attempting to connect to master WebSocket at ws://127.0.0.1:62884/ws with Device ID: test-device, timestamp: 2026-06-08 20:50:25.873042, function: null, file: null}
Log registered: {message: Connected to WebSocket at ws://127.0.0.1:62884/ws, timestamp: 2026-06-08 20:50:25.873361, function: null, file: null}
Log registered: {message: Command received from master: {"command":"sessionStarted","sessionGuid":"autograbado-session"}, timestamp: 2026-06-08 20:50:25.877419, function: null, file: null}
Log registered: {message: Command: {"command":"sessionStarted","sessionGuid":"autograbado-session"}, timestamp: 2026-06-08 20:50:25.878269, function: null, file: null}
Log registered: {message: Session guid: autograbado-session, timestamp: 2026-06-08 20:50:25.878379, function: null, file: null}
Log registered: {message: UploaderService: Resetting upload queue and state., timestamp: 2026-06-08 20:50:25.882270, function: null, file: null}
Log registered: {message: UploaderService: Reset completed., timestamp: 2026-06-08 20:50:25.882696, function: null, file: null}
Log registered: {message: Session started with GUID: autograbado-session on device type: Slave, timestamp: 2026-06-08 20:50:25.882929, function: null, file: null}
Log registered: {message: Get token, timestamp: 2026-06-08 20:50:25.883410, function: null, file: null}
Log registered: {message: Fetch token, timestamp: 2026-06-08 20:50:25.883646, function: null, file: null}
Log registered: {message: Autograbado starting recording for active session autograbado-session., timestamp: 2026-06-08 20:50:25.889722, function: null, file: null}
Log registered: {message: Starting video recording, timestamp: 2026-06-08 20:50:25.890405, function: null, file: null}
Log registered: {message: Mock camera ready for native controller mode on macOS., timestamp: 2026-06-08 20:50:25.891066, function: null, file: null}
Log registered: {message: Retrieved existing Device ID: test-device, timestamp: 2026-06-08 20:50:25.894596, function: null, file: null}
Log registered: {message: Mock video recording started for native controller mode., timestamp: 2026-06-08 20:50:25.895151, function: null, file: null}
Log registered: {message: Failed to fetch M2M token: , timestamp: 2026-06-08 20:50:25.895934, function: null, file: null}
Log registered: {message: Error on POST device/ReadyToTransmit: Exception: Failed to retrieve M2M token, timestamp: 2026-06-08 20:50:25.896169, function: null, file: null}
Log registered: {message: Failed to notify server: No response, timestamp: 2026-06-08 20:50:25.896308, function: null, file: null}
Log registered: {message: Connection closed, timestamp: 2026-06-08 20:50:25.896504, function: null, file: null}
00:01 +31 ~1: /Users/jose/src/work/hydracamv2/test/screens/uploader_info_screen_test.dart: cancel action clears the current upload row
Log registered: {message: UploaderService: Resetting upload queue and state., timestamp: 2026-06-08 20:50:25.902196, function: null, file: null}
Log registered: {message: UploaderService: Reset completed., timestamp: 2026-06-08 20:50:25.902464, function: null, file: null}
Log registered: {message: Session started with GUID: uploader-info-session-guid on device type: Slave, timestamp: 2026-06-08 20:50:25.902710, function: null, file: null}
00:01 +31 ~1: /Users/jose/src/work/hydracamv2/test/slave/slave_client_registration_test.dart: autograbado starts recording when sessionStarted arrives
Log registered: {message: Mock video saved to session path: /var/folders/6s/dp27g8gn26j9mp36sjfxb9tw0000gn/T/slave_client_docs1emYKA/session_autograbado-session/mock_1_2026-06-08T20-50-25-897232.mp4, timestamp: 2026-06-08 20:50:25.904328, function: null, file: null}
Log registered: {message: Session metadata saved to /var/folders/6s/dp27g8gn26j9mp36sjfxb9tw0000gn/T/slave_client_docs1emYKA/session_autograbado-session/metadata.json, timestamp: 2026-06-08 20:50:25.905646, function: null, file: null}
Log registered: {message: UploaderService: Resetting upload queue and state., timestamp: 2026-06-08 20:50:25.905798, function: null, file: null}
Log registered: {message: UploaderService: Reset completed., timestamp: 2026-06-08 20:50:25.905872, function: null, file: null}
Log registered: {message: Session ended and uploader reset., timestamp: 2026-06-08 20:50:25.905932, function: null, file: null}
00:01 +31 ~1: /Users/jose/src/work/hydracamv2/test/screens/uploader_info_screen_test.dart: cancel action clears the current upload row
Log registered: {message: Adding video to upload queue: /var/folders/6s/dp27g8gn26j9mp36sjfxb9tw0000gn/T/uploader_info_screen_testcXSChc/current-upload.mp4, timestamp: 2026-06-08 20:50:25.905742, function: null, file: null}
Log registered: {message: Media added to upload queue: /var/folders/6s/dp27g8gn26j9mp36sjfxb9tw0000gn/T/uploader_info_screen_testcXSChc/current-upload.mp4, timestamp: 2026-06-08 20:50:25.906361, function: null, file: null}
00:01 +32 ~1: /Users/jose/src/work/hydracamv2/test/screens/capture_settings_screen_test.dart: settings screen shows capture settings instead of camera quality
00:01 +32 ~1: /Users/jose/src/work/hydracamv2/test/screens/uploader_info_screen_test.dart: cancel action clears the current upload row
Log registered: {message: [UploaderService] Queue is empty. Returning zero duration., timestamp: 2026-06-08 20:50:25.907922, function: null, file: null}
Log registered: {message: Cancelled pending upload: /var/folders/6s/dp27g8gn26j9mp36sjfxb9tw0000gn/T/uploader_info_screen_testcXSChc/current-upload.mp4, timestamp: 2026-06-08 20:50:25.908069, function: null, file: null}
00:01 +32 ~1: /Users/jose/src/work/hydracamv2/test/slave/slave_client_registration_test.dart: startUploadingAll command starts pending upload queue
Log registered: {message: UploaderService: Resetting upload queue and state., timestamp: 2026-06-08 20:50:25.908696, function: null, file: null}
Log registered: {message: UploaderService: Reset completed., timestamp: 2026-06-08 20:50:25.908818, function: null, file: null}
Log registered: {message: Media added to upload queue: /var/folders/6s/dp27g8gn26j9mp36sjfxb9tw0000gn/T/slave_upload_commandcSGVMJ/queued-photo.jpg, timestamp: 2026-06-08 20:50:25.910269, function: null, file: null}
00:01 +32 ~1: /Users/jose/src/work/hydracamv2/test/screens/uploader_info_screen_test.dart: cancel action clears the current upload row
Log registered: {message: Auto-upload is disabled. Media added to queue but not uploaded., timestamp: 2026-06-08 20:50:25.910702, function: null, file: null}
00:01 +32 ~1: /Users/jose/src/work/hydracamv2/test/slave/slave_client_registration_test.dart: startUploadingAll command starts pending upload queue
Log registered: {message: Auto-upload is disabled. Media added to queue but not uploaded., timestamp: 2026-06-08 20:50:25.910912, function: null, file: null}
Log registered: {message: Retrieved existing Device ID: test-device, timestamp: 2026-06-08 20:50:25.911004, function: null, file: null}
Log registered: {message: Attempting to connect to master WebSocket at ws://127.0.0.1:62886/ws with Device ID: test-device, timestamp: 2026-06-08 20:50:25.911069, function: null, file: null}
Log registered: {message: Connected to WebSocket at ws://127.0.0.1:62886/ws, timestamp: 2026-06-08 20:50:25.911359, function: null, file: null}
Log registered: {message: Command received from master: {"command":"startUploadingAll"}, timestamp: 2026-06-08 20:50:25.917352, function: null, file: null}
Log registered: {message: Start-upload-all command received from master., timestamp: 2026-06-08 20:50:25.917832, function: null, file: null}
Log registered: {message: Manual upload initiated., timestamp: 2026-06-08 20:50:25.917985, function: null, file: null}
Log registered: {message: UploaderService: _startUploading called. _isUploading=false, queue length=1, timestamp: 2026-06-08 20:50:25.918109, function: null, file: null}
Log registered: {message: UploaderService: _processNextItem called. Queue length=1, timestamp: 2026-06-08 20:50:25.918430, function: null, file: null}
Log registered: {message: UploaderService: sessionGuid=null, timestamp: 2026-06-08 20:50:25.918563, function: null, file: null}
Log registered: {message: No session GUID available. Cannot upload media., timestamp: 2026-06-08 20:50:25.918640, function: null, file: null}
Log registered: {message: Connection closed, timestamp: 2026-06-08 20:50:25.925538, function: null, file: null}
Log registered: {message: UploaderService: Resetting upload queue and state., timestamp: 2026-06-08 20:50:25.925835, function: null, file: null}
Log registered: {message: UploaderService: Reset completed., timestamp: 2026-06-08 20:50:25.925908, function: null, file: null}
00:01 +33 ~1: /Users/jose/src/work/hydracamv2/test/screens/capture_settings_screen_test.dart: settings screen shows capture settings instead of camera quality
00:01 +33 ~1: /Users/jose/src/work/hydracamv2/test/slave/slave_client_registration_test.dart: scheduled command applies master clock offset before countdown
Log registered: {message: Retrieved existing Device ID: test-device, timestamp: 2026-06-08 20:50:25.929095, function: null, file: null}
Log registered: {message: Attempting to connect to master WebSocket at ws://127.0.0.1:62888/ws with Device ID: test-device, timestamp: 2026-06-08 20:50:25.929220, function: null, file: null}
Log registered: {message: Connected to WebSocket at ws://127.0.0.1:62888/ws, timestamp: 2026-06-08 20:50:25.929751, function: null, file: null}
Log registered: {message: Command received from master: {"type":"scheduledCommand","command":"takePhoto","scheduledTime":"2026-06-08T20:35:05.000Z","masterTime":"2026-06-08T20:35:02.000Z"}, timestamp: 2026-06-08 20:50:25.933111, function: null, file: null}
Log registered: {message: Updated slave scheduled clock offset from master: 2000 ms., timestamp: 2026-06-08 20:50:25.933830, function: null, file: null}
Log registered: {message: Command 'takePhoto' scheduled for 2026-06-08 20:35:05.000Z., timestamp: 2026-06-08 20:50:25.934128, function: null, file: null}
Log registered: {message: Connection closed, timestamp: 2026-06-08 20:50:25.934685, function: null, file: null}
00:01 +34 ~1: /Users/jose/src/work/hydracamv2/test/screens/capture_settings_screen_test.dart: settings screen shows capture settings instead of camera quality
00:01 +35 ~1: /Users/jose/src/work/hydracamv2/test/screens/capture_settings_screen_test.dart: settings screen shows capture settings instead of camera quality
00:01 +35 ~1: /Users/jose/src/work/hydracamv2/test/screens/master_video_recording_screen_test.dart: recording preview exits when no recording is active and no controller exists
Log registered: {message: Closing recording preview because no recording is active., timestamp: 2026-06-08 20:50:26.097732, function: null, file: null}
00:01 +36 ~1: /Users/jose/src/work/hydracamv2/test/screens/master_video_recording_screen_test.dart: recording preview exits when no recording is active and no controller exists
00:01 +37 ~1: /Users/jose/src/work/hydracamv2/test/screens/uploader_info_screen_test.dart: cancel action clears the current upload row
00:01 +37 ~1: /Users/jose/src/work/hydracamv2/test/screens/capture_settings_screen_test.dart: settings screen exposes disabled autograbado toggle
Log registered: {message: Updated autograbadoMode value to true, timestamp: 2026-06-08 20:50:26.238692, function: null, file: null}
00:01 +37 ~1: /Users/jose/src/work/hydracamv2/test/screens/uploader_info_screen_test.dart: cancel action clears the current upload row
Log registered: {message: [UploaderService] Queue is empty. Returning zero duration., timestamp: 2026-06-08 20:50:26.253255, function: null, file: null}
Log registered: {message: Cancelled active upload: /var/folders/6s/dp27g8gn26j9mp36sjfxb9tw0000gn/T/uploader_info_screen_testcXSChc/current-upload.mp4, timestamp: 2026-06-08 20:50:26.253527, function: null, file: null}
00:01 +37 ~1: /Users/jose/src/work/hydracamv2/test/camera_singleton_initialization_test.dart: CameraServiceSingleton Initialization MasterScreen can be created when CameraServiceSingleton is initialized
Log registered: {message: WebSocket Server stopped, timestamp: 2026-06-08 20:50:26.264979, function: null, file: null}
Log registered: {message: Stopped broadcasting master discovery message., timestamp: 2026-06-08 20:50:26.267012, function: null, file: null}
00:01 +38 ~1: /Users/jose/src/work/hydracamv2/test/screens/uploader_info_screen_test.dart: cancel action clears the current upload row
00:01 +39 ~1: /Users/jose/src/work/hydracamv2/test/screens/uploader_info_screen_test.dart: cancel action clears the current upload row
Log registered: {message: Session metadata saved to /var/folders/6s/dp27g8gn26j9mp36sjfxb9tw0000gn/T/uploader_info_screen_docs8QnLTE/session_uploader-info-session-guid/metadata.json, timestamp: 2026-06-08 20:50:26.302526, function: null, file: null}
Log registered: {message: UploaderService: Resetting upload queue and state., timestamp: 2026-06-08 20:50:26.302739, function: null, file: null}
Log registered: {message: UploaderService: Reset completed., timestamp: 2026-06-08 20:50:26.302822, function: null, file: null}
Log registered: {message: Session ended and uploader reset., timestamp: 2026-06-08 20:50:26.302883, function: null, file: null}
Log registered: {message: UploaderService: Resetting upload queue and state., timestamp: 2026-06-08 20:50:26.302946, function: null, file: null}
Log registered: {message: UploaderService: Reset completed., timestamp: 2026-06-08 20:50:26.302998, function: null, file: null}
00:02 +40 ~1: /Users/jose/src/work/hydracamv2/test/camera_singleton_initialization_test.dart: CameraServiceSingleton Initialization SlaveScreen can be created when CameraServiceSingleton is initialized
00:02 +41 ~1: /Users/jose/src/work/hydracamv2/test/camera_singleton_initialization_test.dart: CameraServiceSingleton Initialization Main app flow initializes CameraServiceSingleton early
00:02 +42 ~1: /Users/jose/src/work/hydracamv2/test/camera_singleton_initialization_test.dart: CameraServiceSingleton Initialization (tearDownAll)
00:02 +42 ~1: /Users/jose/src/work/hydracamv2/test/camera_singleton_initialization_test.dart: CameraServiceSingleton Error Prevention Accessing instance before initialization throws clear error
00:02 +43 ~1: /Users/jose/src/work/hydracamv2/test/camera_singleton_initialization_test.dart: CameraServiceSingleton Error Prevention MasterScreen initState accesses CameraServiceSingleton safely
Log registered: {message: WebSocket Server stopped, timestamp: 2026-06-08 20:50:26.358571, function: null, file: null}
Log registered: {message: Stopped broadcasting master discovery message., timestamp: 2026-06-08 20:50:26.358768, function: null, file: null}
00:02 +44 ~1: /Users/jose/src/work/hydracamv2/test/camera_singleton_initialization_test.dart: StorageService Nullable Messenger StorageService can be created with null messenger for early init
00:02 +45 ~1: /Users/jose/src/work/hydracamv2/test/camera_singleton_initialization_test.dart: StorageService Nullable Messenger StorageService handles null messenger gracefully
00:02 +46 ~1: /Users/jose/src/work/hydracamv2/test/slave/slave_screen_fast_connect_test.dart: forced preferred master connects without network readiness probe
00:02 +47 ~1: /Users/jose/src/work/hydracamv2/test/slave/slave_screen_fast_connect_test.dart: forced preferred master connects without network readiness probe
00:02 +48 ~1: /Users/jose/src/work/hydracamv2/test/slave/slave_screen_fast_connect_test.dart: forced preferred master connects without network readiness probe
00:02 +49 ~1: /Users/jose/src/work/hydracamv2/test/slave/slave_screen_fast_connect_test.dart: forced preferred master connects without network readiness probe
00:02 +50 ~1: /Users/jose/src/work/hydracamv2/test/slave/slave_screen_fast_connect_test.dart: forced preferred master connects without network readiness probe
00:02 +51 ~1: /Users/jose/src/work/hydracamv2/test/slave/slave_screen_fast_connect_test.dart: forced preferred master connects without network readiness probe
Log registered: {message: Skipping slave network readiness for forced preferred master 192.168.178.153., timestamp: 2026-06-08 20:50:26.611795, function: null, file: null}
Log registered: {message: Connecting to master at IP: 192.168.178.153, timestamp: 2026-06-08 20:50:26.613808, function: null, file: null}
00:02 +52 ~1: /Users/jose/src/work/hydracamv2/test/slave/slave_screen_fast_connect_test.dart: forced preferred master connects without network readiness probe
00:02 +53 ~1: /Users/jose/src/work/hydracamv2/test/slave/slave_screen_fast_connect_test.dart: forced preferred master connects without network readiness probe
00:02 +53 ~1: /Users/jose/src/work/hydracamv2/test/master/master_network_snapshot_cache_test.dart: stale socket close does not remove current client registration
Log registered: {message: Client slave-a disconnected. Total clients: 0, timestamp: 2026-06-08 20:50:26.621423, function: null, file: null}
00:02 +54 ~1: /Users/jose/src/work/hydracamv2/test/slave/slave_screen_fast_connect_test.dart: forced preferred master connects without network readiness probe
00:02 +54 ~1: /Users/jose/src/work/hydracamv2/test/master/master_network_snapshot_cache_test.dart: stale socket close does not remove current client registration
Trace file unavailable: MissingPluginException(No implementation found for method getApplicationDocumentsDirectory on channel plugins.flutter.io/path_provider)
00:02 +54 ~1: /Users/jose/src/work/hydracamv2/test/master/master_network_snapshot_cache_test.dart: master server retains disconnected device status after socket removal
Log registered: {message: Client slave-a disconnected. Total clients: 0, timestamp: 2026-06-08 20:50:26.627072, function: null, file: null}
00:02 +55 ~1: /Users/jose/src/work/hydracamv2/test/slave/slave_screen_fast_connect_test.dart: forced preferred master connects without network readiness probe
00:02 +55 ~1: /Users/jose/src/work/hydracamv2/test/master/master_network_snapshot_cache_test.dart: master server orders connected devices before disconnected history
Log registered: {message: Client a-stale-slave disconnected. Total clients: 0, timestamp: 2026-06-08 20:50:26.628322, function: null, file: null}
00:02 +56 ~1: /Users/jose/src/work/hydracamv2/test/slave/slave_screen_fast_connect_test.dart: forced preferred master connects without network readiness probe
00:02 +56 ~1: /Users/jose/src/work/hydracamv2/test/master/master_network_snapshot_cache_test.dart: scheduled commands include master send time for slave clock offset
Log registered: {message: Scheduling command 'takePhoto' for 2026-06-08T20:35:05.000Z, timestamp: 2026-06-08 20:50:26.630093, function: null, file: null}
Log registered: {message: Scheduled command 'takePhoto' sent to slave with deviceId: slave-a., timestamp: 2026-06-08 20:50:26.631764, function: null, file: null}
00:02 +57 ~1: /Users/jose/src/work/hydracamv2/test/slave/slave_screen_fast_connect_test.dart: forced preferred master connects without network readiness probe
00:02 +58 ~1: /Users/jose/src/work/hydracamv2/test/slave/slave_screen_fast_connect_test.dart: slave app bar opens uploader info directly
Log registered: {message: Skipping slave network readiness for forced preferred master 192.168.178.153., timestamp: 2026-06-08 20:50:26.815490, function: null, file: null}
Log registered: {message: Connecting to master at IP: 192.168.178.153, timestamp: 2026-06-08 20:50:26.815702, function: null, file: null}
00:02 +59 ~1: /Users/jose/src/work/hydracamv2/test/slave/slave_screen_fast_connect_test.dart: slave app bar opens uploader info directly
00:02 +60 ~1: /Users/jose/src/work/hydracamv2/test/slave/slave_screen_fast_connect_test.dart: slave app bar opens uploader info directly
00:02 +61 ~1: /Users/jose/src/work/hydracamv2/test/automation/automation_standby_screen_test.dart: standby screen renders visible status instead of a blank body
00:02 +61 ~1: /Users/jose/src/work/hydracamv2/test/slave/slave_screen_fast_connect_test.dart: connectivity stream errors are logged without uncaught exception
Log registered: {message: Skipping slave network readiness for forced preferred master 192.168.178.153., timestamp: 2026-06-08 20:50:26.960667, function: null, file: null}
Log registered: {message: Connecting to master at IP: 192.168.178.153, timestamp: 2026-06-08 20:50:26.962247, function: null, file: null}
Log registered: {message: Connectivity change listener failed: SocketException: dbus unavailable
#0      main.<anonymous closure> (file:///Users/jose/src/work/hydracamv2/test/slave/slave_screen_fast_connect_test.dart:214:18)
<asynchronous suspension>
#1      testWidgets.<anonymous closure>.<anonymous closure> (package:flutter_test/src/widget_tester.dart:192:15)
<asynchronous suspension>
#2      TestWidgetsFlutterBinding._runTestBody (package:flutter_test/src/binding.dart:1952:5)
<asynchronous suspension>
#3      StackZoneSpecification._registerCallback.<anonymous closure> (package:stack_trace/src/stack_zone_specification.dart:114:42)
<asynchronous suspension>
, timestamp: 2026-06-08 20:50:26.981397, function: null, file: null}
00:02 +62 ~1: /Users/jose/src/work/hydracamv2/test/automation/automation_standby_screen_test.dart: standby screen renders visible status instead of a blank body
00:02 +62 ~1: /Users/jose/src/work/hydracamv2/test/slave/slave_screen_fast_connect_test.dart: linux skips default connectivity stream subscription
Log registered: {message: Skipping connectivity change listener on linux; network readiness will be checked on demand., timestamp: 2026-06-08 20:50:26.997205, function: null, file: null}
Log registered: {message: Skipping slave network readiness for forced preferred master 192.168.178.153., timestamp: 2026-06-08 20:50:26.997445, function: null, file: null}
Log registered: {message: Connecting to master at IP: 192.168.178.153, timestamp: 2026-06-08 20:50:26.997541, function: null, file: null}
00:02 +63 ~1: /Users/jose/src/work/hydracamv2/test/automation/automation_standby_screen_test.dart: standby screen renders visible status instead of a blank body
00:02 +64 ~1: /Users/jose/src/work/hydracamv2/test/automation/automation_standby_screen_test.dart: standby screen renders visible status instead of a blank body
00:02 +65 ~1: /Users/jose/src/work/hydracamv2/test/automation/automation_standby_screen_test.dart: standby screen renders visible status instead of a blank body
00:02 +65 ~1: /Users/jose/src/work/hydracamv2/test/slave/slave_screen_fast_connect_test.dart: recording slave surface exposes safe stop control
Log registered: {message: Skipping slave network readiness for forced preferred master 192.168.178.153., timestamp: 2026-06-08 20:50:27.036936, function: null, file: null}
Log registered: {message: Connecting to master at IP: 192.168.178.153, timestamp: 2026-06-08 20:50:27.037137, function: null, file: null}
00:02 +66 ~1: /Users/jose/src/work/hydracamv2/test/automation/automation_standby_screen_test.dart: standby screen renders visible status instead of a blank body
00:02 +67 ~1: /Users/jose/src/work/hydracamv2/test/automation/automation_standby_screen_test.dart: standby screen renders visible status instead of a blank body
00:02 +68 ~1: /Users/jose/src/work/hydracamv2/test/automation/automation_standby_screen_test.dart: standby screen renders visible status instead of a blank body
00:02 +69 ~1: /Users/jose/src/work/hydracamv2/test/automation/automation_standby_screen_test.dart: standby screen renders visible status instead of a blank body
00:02 +70 ~1: /Users/jose/src/work/hydracamv2/test/automation/automation_standby_screen_test.dart: standby screen renders visible status instead of a blank body
00:02 +70 ~1: /Users/jose/src/work/hydracamv2/test/services/camera_service_failure_test.dart: takePhoto surfaces camera failures instead of returning a fake path
Log registered: {message: Initializing camera..., timestamp: 2026-06-08 20:50:27.096196, function: null, file: null}
Log registered: {message: Error taking photo: Exception: No cameras available on this device.
#0      CameraService.ensureCameraIsReady (package:hydracam/services/camera_service.dart:246:7)
<asynchronous suspension>
#1      CameraService.takePhoto (package:hydracam/services/camera_service.dart:296:7)
<asynchronous suspension>
#2      Throws._matchFuture (package:matcher/src/expect/throws_matcher.dart:103:19)
<asynchronous suspension>
#3      _expect.<anonymous closure> (package:matcher/src/expect/expect.dart:153:17)
<asynchronous suspension>
#4      StackZoneSpecification._registerCallback.<anonymous closure> (package:stack_trace/src/stack_zone_specification.dart:114:42)
<asynchronous suspension>
#5      expectLater.<anonymous closure> (package:flutter_test/src/widget_tester.dart:508:19)
<asynchronous suspension>
#6      main.<anonymous closure> (file:///Users/jose/src/work/hydracamv2/test/services/camera_service_failure_test.dart:55:5)
<asynchronous suspension>
#7      Declarer.test.<anonymous closure>.<anonymous closure> (package:test_api/src/backend/declarer.dart:253:15)
<asynchronous suspension>
#8      Declarer.test.<anonymous closure> (package:test_api/src/backend/declarer.dart:250:11)
<asynchronous suspension>
#9      Invoker._waitForOutstandingCallbacks.<anonymous closure> (package:test_api/src/backend/invoker.dart:318:9)
<asynchronous suspension>
, timestamp: 2026-06-08 20:50:27.104050, function: null, file: null}
00:02 +71 ~1: /Users/jose/src/work/hydracamv2/test/automation/automation_standby_screen_test.dart: standby screen renders visible status instead of a blank body
00:02 +72 ~1: /Users/jose/src/work/hydracamv2/test/automation/automation_standby_screen_test.dart: standby screen renders visible status instead of a blank body
00:02 +73 ~1: /Users/jose/src/work/hydracamv2/test/automation/automation_standby_screen_test.dart: standby screen renders visible status instead of a blank body
00:02 +74 ~1: /Users/jose/src/work/hydracamv2/test/automation/automation_standby_screen_test.dart: standby screen renders visible status instead of a blank body
00:02 +75 ~1: /Users/jose/src/work/hydracamv2/test/automation/automation_standby_screen_test.dart: standby screen renders visible status instead of a blank body
00:02 +75 ~1: /Users/jose/src/work/hydracamv2/test/services/camera_service_failure_test.dart: startRecordingVideo stays inactive when the camera platform fails
Log registered: {message: Initializing camera..., timestamp: 2026-06-08 20:50:27.117263, function: null, file: null}
00:02 +76 ~1: /Users/jose/src/work/hydracamv2/test/automation/automation_standby_screen_test.dart: standby screen renders visible status instead of a blank body
00:02 +77 ~1: /Users/jose/src/work/hydracamv2/test/automation/automation_standby_screen_test.dart: standby screen renders visible status instead of a blank body
00:02 +77 ~1: /Users/jose/src/work/hydracamv2/test/services/camera_service_failure_test.dart: startRecordingVideo stays inactive when the camera platform fails
Log registered: {message: Updated selected camera name to fake-back-camera, timestamp: 2026-06-08 20:50:27.119205, function: null, file: null}
00:02 +78 ~1: /Users/jose/src/work/hydracamv2/test/automation/automation_standby_screen_test.dart: standby screen renders visible status instead of a blank body
00:02 +79 ~1: /Users/jose/src/work/hydracamv2/test/automation/automation_standby_screen_test.dart: standby screen renders visible status instead of a blank body
00:02 +80 ~1: /Users/jose/src/work/hydracamv2/test/automation/automation_standby_screen_test.dart: standby screen renders visible status instead of a blank body
00:02 +80 ~1: /Users/jose/src/work/hydracamv2/test/services/camera_service_failure_test.dart: startRecordingVideo stays inactive when the camera platform fails
Log registered: {message: Camera successfully initialized., timestamp: 2026-06-08 20:50:27.123874, function: null, file: null}
00:02 +81 ~1: /Users/jose/src/work/hydracamv2/test/automation/automation_standby_screen_test.dart: standby screen renders visible status instead of a blank body
00:02 +81 ~1: /Users/jose/src/work/hydracamv2/test/services/camera_service_failure_test.dart: startRecordingVideo stays inactive when the camera platform fails
Log registered: {message: Generated new Device ID: 28bcc86c-1ecd-4d81-a517-f95b6adf160d, timestamp: 2026-06-08 20:50:27.125834, function: null, file: null}
Log registered: {message: Camera video recording start failed with explicit fps; retrying with resolution preset defaults. Error: CameraException(ios_camera_start_failed, Simulated iPad recording start failure)
#0      CameraController.startVideoRecording (package:camera/src/camera_controller.dart:607:7)
<asynchronous suspension>
#1      Future.timeout.<anonymous closure> (dart:async/future_impl.dart:1061:7)
<asynchronous suspension>
#2      CameraService._startVideoRecordingWithFallback (package:hydracam/services/camera_service.dart:708:7)
<asynchronous suspension>
#3      CameraService.startRecordingVideo (package:hydracam/services/camera_service.dart:390:7)
<asynchronous suspension>
#4      Throws._matchFuture (package:matcher/src/expect/throws_matcher.dart:103:19)
<asynchronous suspension>
#5      _expect.<anonymous closure> (package:matcher/src/expect/expect.dart:153:17)
<asynchronous suspension>
#6      StackZoneSpecification._registerCallback.<anonymous closure> (package:stack_trace/src/stack_zone_specification.dart:114:42)
<asynchronous suspension>
#7      expectLater.<anonymous closure> (package:flutter_test/src/widget_tester.dart:508:19)
<asynchronous suspension>
#8      main.<anonymous closure> (file:///Users/jose/src/work/hydracamv2/test/services/camera_service_failure_test.dart:80:5)
<asynchronous suspension>
#9      Declarer.test.<anonymous closure>.<anonymous closure> (package:test_api/src/backend/declarer.dart:253:15)
<asynchronous suspension>
#10     Declarer.test.<anonymous closure> (package:test_api/src/backend/declarer.dart:250:11)
<asynchronous suspension>
#11     Invoker._waitForOutstandingCallbacks.<anonymous closure> (package:test_api/src/backend/invoker.dart:318:9)
<asynchronous suspension>
, timestamp: 2026-06-08 20:50:27.127583, function: null, file: null}
00:02 +81 ~1: /Users/jose/src/work/hydracamv2/test/services/user_service_test.dart: UserService restores HydraCam GUID after Auth0 restore
Log registered: {message: Fetching restored GUID for email: restored@example.com, timestamp: 2026-06-08 20:50:27.208297, function: null, file: null}
Log registered: {message: User session restored. GUID: hydracam-user-guid, timestamp: 2026-06-08 20:50:27.211825, function: null, file: null}
00:02 +82 ~1: /Users/jose/src/work/hydracamv2/test/automation/automation_standby_screen_test.dart: standby screen renders visible status instead of a blank body
00:02 +82 ~1: /Users/jose/src/work/hydracamv2/test/services/user_service_test.dart: UserService restores HydraCam GUID after Auth0 restore
Trace file unavailable: MissingPluginException(No implementation found for method getApplicationDocumentsDirectory on channel plugins.flutter.io/path_provider)
00:02 +83 ~1: /Users/jose/src/work/hydracamv2/test/automation/automation_standby_screen_test.dart: standby screen renders visible status instead of a blank body
00:02 +84 ~1: /Users/jose/src/work/hydracamv2/test/services/camera_service_failure_test.dart: startRecordingVideo stays inactive when the camera platform fails
Log registered: {message: Camera reinitialized for video recording start without explicit fps: camera=fake-back-camera, profile=standard1080p30., timestamp: 2026-06-08 20:50:27.532563, function: null, file: null}
Log registered: {message: Error starting video recording: CameraException(ios_camera_start_failed, Simulated iPad recording start failure)
#0      CameraController.startVideoRecording (package:camera/src/camera_controller.dart:607:7)
<asynchronous suspension>
#1      Future.timeout.<anonymous closure> (dart:async/future_impl.dart:1061:7)
<asynchronous suspension>
#2      CameraService._startVideoRecordingWithFallback (package:hydracam/services/camera_service.dart:724:7)
<asynchronous suspension>
#3      CameraService.startRecordingVideo (package:hydracam/services/camera_service.dart:390:7)
<asynchronous suspension>
#4      Throws._matchFuture (package:matcher/src/expect/throws_matcher.dart:103:19)
<asynchronous suspension>
#5      _expect.<anonymous closure> (package:matcher/src/expect/expect.dart:153:17)
<asynchronous suspension>
#6      StackZoneSpecification._registerCallback.<anonymous closure> (package:stack_trace/src/stack_zone_specification.dart:114:42)
<asynchronous suspension>
#7      expectLater.<anonymous closure> (package:flutter_test/src/widget_tester.dart:508:19)
<asynchronous suspension>
#8      main.<anonymous closure> (file:///Users/jose/src/work/hydracamv2/test/services/camera_service_failure_test.dart:80:5)
<asynchronous suspension>
#9      Declarer.test.<anonymous closure>.<anonymous closure> (package:test_api/src/backend/declarer.dart:253:15)
<asynchronous suspension>
#10     Declarer.test.<anonymous closure> (package:test_api/src/backend/declarer.dart:250:11)
<asynchronous suspension>
#11     Invoker._waitForOutstandingCallbacks.<anonymous closure> (package:test_api/src/backend/invoker.dart:318:9)
<asynchronous suspension>
, timestamp: 2026-06-08 20:50:27.532897, function: null, file: null}
00:03 +85 ~1: /Users/jose/src/work/hydracamv2/test/services/storage_service_test.dart: StorageService Recording block logic recording is not blocked when storage is available
00:03 +85 ~1: /Users/jose/src/work/hydracamv2/test/services/camera_service_failure_test.dart: startRecordingVideo works when the iPad has no flash capability
Log registered: {message: Initializing camera..., timestamp: 2026-06-08 20:50:27.535162, function: null, file: null}
Log registered: {message: Updated selected camera name to fake-back-camera, timestamp: 2026-06-08 20:50:27.535462, function: null, file: null}
Log registered: {message: Flash is unavailable for camera readiness initialization; continuing without flash: CameraException(setFlashModeFailed, Device does not have flash capabilities), timestamp: 2026-06-08 20:50:27.535900, function: null, file: null}
Log registered: {message: Camera successfully initialized., timestamp: 2026-06-08 20:50:27.535991, function: null, file: null}
Log registered: {message: Generated new Device ID: 8299218f-9d85-4fe0-92c1-4bf7223d6f8d, timestamp: 2026-06-08 20:50:27.536177, function: null, file: null}
Log registered: {message: Video recording started with flash off, timestamp: 2026-06-08 20:50:27.536543, function: null, file: null}
00:03 +86 ~1: /Users/jose/src/work/hydracamv2/test/services/storage_service_test.dart: StorageService Recording block logic recording is not blocked when storage is available
00:03 +86 ~1: /Users/jose/src/work/hydracamv2/test/services/camera_service_failure_test.dart: non-flash initialization failures still surface
Log registered: {message: Initializing camera..., timestamp: 2026-06-08 20:50:27.538154, function: null, file: null}
Log registered: {message: Updated selected camera name to fake-back-camera, timestamp: 2026-06-08 20:50:27.538420, function: null, file: null}
Log registered: {message: Error initializing camera: CameraException(setFlashModeFailed, Camera session is unavailable)
#0      CameraController.setFlashMode (package:camera/src/camera_controller.dart:729:7)
<asynchronous suspension>
#1      CameraService._setFlashModeIfSupported (package:hydracam/services/camera_service.dart:801:7)
<asynchronous suspension>
#2      CameraService.ensureCameraIsReady (package:hydracam/services/camera_service.dart:261:7)
<asynchronous suspension>
#3      Throws._matchFuture (package:matcher/src/expect/throws_matcher.dart:103:19)
<asynchronous suspension>
#4      _expect.<anonymous closure> (package:matcher/src/expect/expect.dart:153:17)
<asynchronous suspension>
#5      StackZoneSpecification._registerCallback.<anonymous closure> (package:stack_trace/src/stack_zone_specification.dart:114:42)
<asynchronous suspension>
#6      expectLater.<anonymous closure> (package:flutter_test/src/widget_tester.dart:508:19)
<asynchronous suspension>
#7      main.<anonymous closure> (file:///Users/jose/src/work/hydracamv2/test/services/camera_service_failure_test.dart:129:5)
<asynchronous suspension>
#8      Declarer.test.<anonymous closure>.<anonymous closure> (package:test_api/src/backend/declarer.dart:253:15)
<asynchronous suspension>
#9      Declarer.test.<anonymous closure> (package:test_api/src/backend/declarer.dart:250:11)
<asynchronous suspension>
#10     Invoker._waitForOutstandingCallbacks.<anonymous closure> (package:test_api/src/backend/invoker.dart:318:9)
<asynchronous suspension>
, timestamp: 2026-06-08 20:50:27.538787, function: null, file: null}
00:03 +87 ~1: /Users/jose/src/work/hydracamv2/test/services/storage_service_test.dart: StorageService Recording block logic recording is not blocked when storage is available
00:03 +87 ~1: /Users/jose/src/work/hydracamv2/test/services/camera_service_failure_test.dart: stopRecordingVideo surfaces the camera plugin no-recording error
Log registered: {message: Initializing camera..., timestamp: 2026-06-08 20:50:27.540322, function: null, file: null}
Log registered: {message: Updated selected camera name to fake-back-camera, timestamp: 2026-06-08 20:50:27.540522, function: null, file: null}
Log registered: {message: Camera successfully initialized., timestamp: 2026-06-08 20:50:27.540912, function: null, file: null}
Log registered: {message: Error stopping video recording: Exception: stopVideoRecording was called when no video is recording.
#0      CameraService.stopRecordingVideo (package:hydracam/services/camera_service.dart:416:9)
#1      main.<anonymous closure> (file:///Users/jose/src/work/hydracamv2/test/services/camera_service_failure_test.dart:152:21)
<asynchronous suspension>
#2      Declarer.test.<anonymous closure>.<anonymous closure> (package:test_api/src/backend/declarer.dart:253:15)
<asynchronous suspension>
#3      Declarer.test.<anonymous closure> (package:test_api/src/backend/declarer.dart:250:11)
<asynchronous suspension>
#4      Invoker._waitForOutstandingCallbacks.<anonymous closure> (package:test_api/src/backend/invoker.dart:318:9)
<asynchronous suspension>
, timestamp: 2026-06-08 20:50:27.541211, function: null, file: null}
00:03 +88 ~1: /Users/jose/src/work/hydracamv2/test/services/camera_service_failure_test.dart: stopRecordingVideo surfaces the camera plugin no-recording error
00:03 +89 ~1: /Users/jose/src/work/hydracamv2/test/services/storage_service_test.dart: StorageService Recording block logic recording is blocked when storage is critically low
00:03 +90 ~1: /Users/jose/src/work/hydracamv2/test/services/camera_service_failure_test.dart: mock camera writes placeholder media without a platform camera
Log registered: {message: Using mock camera because HYDRACAM_MOCK_CAMERA is enabled., timestamp: 2026-06-08 20:50:27.542984, function: null, file: null}
Log registered: {message: Mock camera ready for native controller mode on macOS., timestamp: 2026-06-08 20:50:27.543218, function: null, file: null}
Log registered: {message: Generated new Device ID: 6f8e4585-9d28-4603-aefe-83161daca184, timestamp: 2026-06-08 20:50:27.543430, function: null, file: null}
00:03 +91 ~1: /Users/jose/src/work/hydracamv2/test/services/camera_service_failure_test.dart: mock camera writes placeholder media without a platform camera
00:03 +92 ~1: /Users/jose/src/work/hydracamv2/test/services/camera_service_failure_test.dart: mock camera writes placeholder media without a platform camera
Log registered: {message: Mock photo saved to session path: /var/folders/6s/dp27g8gn26j9mp36sjfxb9tw0000gn/T/camera_service_mock_docsXBAruo/session_null/mock_1_2026-06-08T20-50-27-543642.jpg, timestamp: 2026-06-08 20:50:27.545107, function: null, file: null}
Log registered: {message: Mock camera ready for native controller mode on macOS., timestamp: 2026-06-08 20:50:27.545315, function: null, file: null}
Log registered: {message: Retrieved existing Device ID: 6f8e4585-9d28-4603-aefe-83161daca184, timestamp: 2026-06-08 20:50:27.545443, function: null, file: null}
Log registered: {message: Mock video recording started for native controller mode., timestamp: 2026-06-08 20:50:27.545561, function: null, file: null}
Log registered: {message: Mock video saved to session path: /var/folders/6s/dp27g8gn26j9mp36sjfxb9tw0000gn/T/camera_service_mock_docsXBAruo/session_null/mock_2_2026-06-08T20-50-27-545766.mp4, timestamp: 2026-06-08 20:50:27.546480, function: null, file: null}
00:03 +93 ~1: /Users/jose/src/work/hydracamv2/test/services/storage_service_test.dart: StorageService anchors blocks recording and triggers callback when storage is critical
00:03 +93 ~1: /Users/jose/src/work/hydracamv2/test/services/camera_service_failure_test.dart: critical battery force stop saves mock recording and interrupts
Log registered: {message: Using mock camera because HYDRACAM_MOCK_CAMERA is enabled., timestamp: 2026-06-08 20:50:27.548597, function: null, file: null}
Log registered: {message: Mock camera ready for native controller mode on macOS., timestamp: 2026-06-08 20:50:27.548774, function: null, file: null}
Log registered: {message: Generated new Device ID: 7bb1d317-3cc9-45c3-bb47-08b9b498dfb8, timestamp: 2026-06-08 20:50:27.548997, function: null, file: null}
Log registered: {message: Mock video recording started for native controller mode., timestamp: 2026-06-08 20:50:27.549073, function: null, file: null}
Log registered: {message: Stopping recording due to critical battery., timestamp: 2026-06-08 20:50:27.549299, function: null, file: null}
Log registered: {message: Mock video saved to session path: /var/folders/6s/dp27g8gn26j9mp36sjfxb9tw0000gn/T/camera_service_mock_docsXBAruo/session_null/mock_1_2026-06-08T20-50-27-549372.mp4, timestamp: 2026-06-08 20:50:27.550238, function: null, file: null}
Log registered: {message: Retrieved existing Device ID: 7bb1d317-3cc9-45c3-bb47-08b9b498dfb8, timestamp: 2026-06-08 20:50:27.550824, function: null, file: null}
Log registered: {message: Adding video to upload queue: /var/folders/6s/dp27g8gn26j9mp36sjfxb9tw0000gn/T/camera_service_mock_docsXBAruo/session_null/mock_1_2026-06-08T20-50-27-549372.mp4, timestamp: 2026-06-08 20:50:27.551426, function: null, file: null}
Log registered: {message: Media added to upload queue: /var/folders/6s/dp27g8gn26j9mp36sjfxb9tw0000gn/T/camera_service_mock_docsXBAruo/session_null/mock_1_2026-06-08T20-50-27-549372.mp4, timestamp: 2026-06-08 20:50:27.554123, function: null, file: null}
Log registered: {message: Auto-upload is enabled. Starting upload process., timestamp: 2026-06-08 20:50:27.554506, function: null, file: null}
Log registered: {message: UploaderService: _startUploading called. _isUploading=false, queue length=1, timestamp: 2026-06-08 20:50:27.554682, function: null, file: null}
Log registered: {message: UploaderService: _processNextItem called. Queue length=1, timestamp: 2026-06-08 20:50:27.555036, function: null, file: null}
Log registered: {message: UploaderService: sessionGuid=null, timestamp: 2026-06-08 20:50:27.555199, function: null, file: null}
Log registered: {message: No session GUID available. Cannot upload media., timestamp: 2026-06-08 20:50:27.555263, function: null, file: null}
00:03 +94 ~1: /Users/jose/src/work/hydracamv2/test/services/storage_service_test.dart: StorageService anchors blocks recording and triggers callback when storage is critical
00:03 +94 ~1: /Users/jose/src/work/hydracamv2/test/services/camera_service_failure_test.dart: selected ultra-wide lens uses sport 1080p60 controller settings
Log registered: {message: Initializing camera..., timestamp: 2026-06-08 20:50:27.557067, function: null, file: null}
Log registered: {message: Updated selected camera name to iphone-ultra-wide, timestamp: 2026-06-08 20:50:27.557455, function: null, file: null}
Log registered: {message: Camera successfully initialized., timestamp: 2026-06-08 20:50:27.557945, function: null, file: null}
Log registered: {message: Generated new Device ID: 4ed434db-8487-4a4c-839f-770ee2d5235b, timestamp: 2026-06-08 20:50:27.558170, function: null, file: null}
Log registered: {message: Video recording started with flash off, timestamp: 2026-06-08 20:50:27.558343, function: null, file: null}
00:03 +95 ~1: /Users/jose/src/work/hydracamv2/test/services/storage_service_test.dart: StorageService anchors blocks recording and triggers callback when storage is critical
00:03 +95 ~1: /Users/jose/src/work/hydracamv2/test/services/camera_service_failure_test.dart: changing video profile preserves the selected camera
Log registered: {message: Initializing camera..., timestamp: 2026-06-08 20:50:27.559929, function: null, file: null}
Log registered: {message: Camera successfully initialized., timestamp: 2026-06-08 20:50:27.560376, function: null, file: null}
Log registered: {message: Changing video capture profile to detail4k30 (current: standard1080p30), timestamp: 2026-06-08 20:50:27.560515, function: null, file: null}
Log registered: {message: Updated video capture profile to detail4k30, timestamp: 2026-06-08 20:50:27.560838, function: null, file: null}
00:03 +95 ~1: /Users/jose/src/work/hydracamv2/test/services/device_service_test.dart: DeviceIdService reports native macOS device info instead of unsupported platform
Log registered: {message: Generated new Device ID: 29c47c47-7d77-4b37-a97e-26107ffab40f, timestamp: 2026-06-08 20:50:27.728128, function: null, file: null}
00:03 +96 ~1: /Users/jose/src/work/hydracamv2/test/services/storage_service_test.dart: StorageService anchors blocks recording and triggers callback when storage is critical
00:03 +97 ~1: /Users/jose/src/work/hydracamv2/test/services/storage_service_test.dart: StorageService anchors blocks recording and triggers callback when storage is critical
00:03 +98 ~1: /Users/jose/src/work/hydracamv2/test/services/storage_service_test.dart: StorageService anchors blocks recording and triggers callback when storage is critical
Log registered: {message: StorageService monitoring disabled - timer not started., timestamp: 2026-06-08 20:50:27.798462, function: null, file: null}
00:03 +99 ~1: /Users/jose/src/work/hydracamv2/test/services/camera_service_failure_test.dart: changing video profile preserves the selected camera
00:03 +99 ~1: /Users/jose/src/work/hydracamv2/test/services/session_manager_test.dart: SessionManager Session lifecycle starts with no active session
Log registered: {message: UploaderService: Resetting upload queue and state., timestamp: 2026-06-08 20:50:27.834444, function: null, file: null}
Log registered: {message: UploaderService: Reset completed., timestamp: 2026-06-08 20:50:27.836802, function: null, file: null}
00:03 +100 ~1: /Users/jose/src/work/hydracamv2/test/services/camera_service_failure_test.dart: changing video profile preserves the selected camera
00:03 +100 ~1: /Users/jose/src/work/hydracamv2/test/services/session_manager_test.dart: SessionManager Session lifecycle startSession creates new session
Log registered: {message: UploaderService: Resetting upload queue and state., timestamp: 2026-06-08 20:50:27.843010, function: null, file: null}
Log registered: {message: UploaderService: Reset completed., timestamp: 2026-06-08 20:50:27.843105, function: null, file: null}
Log registered: {message: UploaderService: Resetting upload queue and state., timestamp: 2026-06-08 20:50:27.843564, function: null, file: null}
Log registered: {message: UploaderService: Reset completed., timestamp: 2026-06-08 20:50:27.843687, function: null, file: null}
Log registered: {message: Session started with GUID: test-guid on device type: Master, timestamp: 2026-06-08 20:50:27.843920, function: null, file: null}
Log registered: {message: Session metadata saved to /var/folders/6s/dp27g8gn26j9mp36sjfxb9tw0000gn/T/session_manager_docsGggHi5/session_test-guid/metadata.json, timestamp: 2026-06-08 20:50:27.851100, function: null, file: null}
Log registered: {message: UploaderService: Resetting upload queue and state., timestamp: 2026-06-08 20:50:27.851268, function: null, file: null}
Log registered: {message: UploaderService: Reset completed., timestamp: 2026-06-08 20:50:27.851372, function: null, file: null}
Log registered: {message: Session ended and uploader reset., timestamp: 2026-06-08 20:50:27.851471, function: null, file: null}
00:03 +101 ~1: /Users/jose/src/work/hydracamv2/test/services/camera_service_failure_test.dart: changing video profile preserves the selected camera
00:03 +101 ~1: /Users/jose/src/work/hydracamv2/test/services/session_manager_test.dart: SessionManager Session lifecycle endSession clears session state
Log registered: {message: UploaderService: Resetting upload queue and state., timestamp: 2026-06-08 20:50:27.852588, function: null, file: null}
Log registered: {message: UploaderService: Reset completed., timestamp: 2026-06-08 20:50:27.852667, function: null, file: null}
Log registered: {message: UploaderService: Resetting upload queue and state., timestamp: 2026-06-08 20:50:27.852932, function: null, file: null}
Log registered: {message: UploaderService: Reset completed., timestamp: 2026-06-08 20:50:27.853004, function: null, file: null}
Log registered: {message: Session started with GUID: test-guid on device type: Master, timestamp: 2026-06-08 20:50:27.853060, function: null, file: null}
Log registered: {message: Session metadata saved to /var/folders/6s/dp27g8gn26j9mp36sjfxb9tw0000gn/T/session_manager_docsGggHi5/session_test-guid/metadata.json, timestamp: 2026-06-08 20:50:27.853651, function: null, file: null}
Log registered: {message: UploaderService: Resetting upload queue and state., timestamp: 2026-06-08 20:50:27.853738, function: null, file: null}
Log registered: {message: UploaderService: Reset completed., timestamp: 2026-06-08 20:50:27.853801, function: null, file: null}
Log registered: {message: Session ended and uploader reset., timestamp: 2026-06-08 20:50:27.853867, function: null, file: null}
00:03 +102 ~1: /Users/jose/src/work/hydracamv2/test/services/camera_service_failure_test.dart: changing video profile preserves the selected camera
00:03 +102 ~1: /Users/jose/src/work/hydracamv2/test/services/session_manager_test.dart: SessionManager Session lifecycle scanAndReconstructSessions preserves active session identity
Log registered: {message: UploaderService: Resetting upload queue and state., timestamp: 2026-06-08 20:50:27.855029, function: null, file: null}
Log registered: {message: UploaderService: Reset completed., timestamp: 2026-06-08 20:50:27.855115, function: null, file: null}
Log registered: {message: UploaderService: Resetting upload queue and state., timestamp: 2026-06-08 20:50:27.855480, function: null, file: null}
Log registered: {message: UploaderService: Reset completed., timestamp: 2026-06-08 20:50:27.855548, function: null, file: null}
Log registered: {message: Session started with GUID: active-guid on device type: Slave, timestamp: 2026-06-08 20:50:27.855619, function: null, file: null}
Log registered: {message: Generated new Device ID: 40fb1931-1f22-42e9-9ebd-8dc2989172fe, timestamp: 2026-06-08 20:50:27.860334, function: null, file: null}
Log registered: {message: Session metadata saved to /var/folders/6s/dp27g8gn26j9mp36sjfxb9tw0000gn/T/session_manager_docsGggHi5/session_scan-preserve-old/metadata.json, timestamp: 2026-06-08 20:50:27.862347, function: null, file: null}
Log registered: {message: Reconstructed session: scan-preserve-old with 0 photos and 1 videos., timestamp: 2026-06-08 20:50:27.862471, function: null, file: null}
Log registered: {message: Session metadata saved to /var/folders/6s/dp27g8gn26j9mp36sjfxb9tw0000gn/T/session_manager_docsGggHi5/session_active-guid/metadata.json, timestamp: 2026-06-08 20:50:27.865160, function: null, file: null}
Log registered: {message: UploaderService: Resetting upload queue and state., timestamp: 2026-06-08 20:50:27.865275, function: null, file: null}
Log registered: {message: UploaderService: Reset completed., timestamp: 2026-06-08 20:50:27.865347, function: null, file: null}
Log registered: {message: Session ended and uploader reset., timestamp: 2026-06-08 20:50:27.865402, function: null, file: null}
00:03 +103 ~1: /Users/jose/src/work/hydracamv2/test/services/camera_service_failure_test.dart: changing video profile preserves the selected camera
00:03 +103 ~1: /Users/jose/src/work/hydracamv2/test/services/session_manager_test.dart: SessionManager Session lifecycle loadSessionMetadataSnapshot preserves active session identity
Log registered: {message: UploaderService: Resetting upload queue and state., timestamp: 2026-06-08 20:50:27.866602, function: null, file: null}
Log registered: {message: UploaderService: Reset completed., timestamp: 2026-06-08 20:50:27.866702, function: null, file: null}
00:03 +103 ~1: /Users/jose/src/work/hydracamv2/test/services/hydracam_api_service_test.dart: uploadMedia includes app version fields in multipart metadata
Log registered: {message: Get token, timestamp: 2026-06-08 20:50:27.865231, function: null, file: null}
00:03 +103 ~1: /Users/jose/src/work/hydracamv2/test/services/session_manager_test.dart: SessionManager Session lifecycle loadSessionMetadataSnapshot preserves active session identity
Log registered: {message: UploaderService: Resetting upload queue and state., timestamp: 2026-06-08 20:50:27.867092, function: null, file: null}
Log registered: {message: UploaderService: Reset completed., timestamp: 2026-06-08 20:50:27.867180, function: null, file: null}
Log registered: {message: Session started with GUID: active-guid on device type: Slave, timestamp: 2026-06-08 20:50:27.867240, function: null, file: null}
00:03 +104 ~1: /Users/jose/src/work/hydracamv2/test/services/camera_service_failure_test.dart: changing video profile preserves the selected camera
00:03 +104 ~1: /Users/jose/src/work/hydracamv2/test/services/session_manager_test.dart: SessionManager Session lifecycle loadSessionMetadataSnapshot preserves active session identity
Log registered: {message: Retrieved existing Device ID: 40fb1931-1f22-42e9-9ebd-8dc2989172fe, timestamp: 2026-06-08 20:50:27.868934, function: null, file: null}
00:03 +105 ~1: /Users/jose/src/work/hydracamv2/test/services/camera_service_failure_test.dart: changing video profile preserves the selected camera
00:03 +105 ~1: /Users/jose/src/work/hydracamv2/test/services/session_manager_test.dart: SessionManager Session lifecycle loadSessionMetadataSnapshot preserves active session identity
Log registered: {message: Session metadata snapshot loaded for old-guid, timestamp: 2026-06-08 20:50:27.869587, function: null, file: null}
00:03 +106 ~1: /Users/jose/src/work/hydracamv2/test/services/camera_service_failure_test.dart: changing video profile preserves the selected camera
00:03 +106 ~1: /Users/jose/src/work/hydracamv2/test/services/session_manager_test.dart: SessionManager Session lifecycle loadSessionMetadataSnapshot preserves active session identity
Log registered: {message: Session metadata saved to /var/folders/6s/dp27g8gn26j9mp36sjfxb9tw0000gn/T/session_manager_docsGggHi5/session_active-guid/metadata.json, timestamp: 2026-06-08 20:50:27.870808, function: null, file: null}
Log registered: {message: UploaderService: Resetting upload queue and state., timestamp: 2026-06-08 20:50:27.870921, function: null, file: null}
Log registered: {message: UploaderService: Reset completed., timestamp: 2026-06-08 20:50:27.870981, function: null, file: null}
Log registered: {message: Session ended and uploader reset., timestamp: 2026-06-08 20:50:27.871031, function: null, file: null}
00:03 +107 ~1: /Users/jose/src/work/hydracamv2/test/services/camera_service_failure_test.dart: changing video profile preserves the selected camera
00:03 +108 ~1: /Users/jose/src/work/hydracamv2/test/services/camera_service_failure_test.dart: changing video profile preserves the selected camera
00:03 +108 ~1: /Users/jose/src/work/hydracamv2/test/services/session_manager_test.dart: SessionManager Session lifecycle rejoining same active session preserves media and upload queue
Log registered: {message: UploaderService: Resetting upload queue and state., timestamp: 2026-06-08 20:50:27.872322, function: null, file: null}
Log registered: {message: UploaderService: Reset completed., timestamp: 2026-06-08 20:50:27.872437, function: null, file: null}
Log registered: {message: UploaderService: Resetting upload queue and state., timestamp: 2026-06-08 20:50:27.872818, function: null, file: null}
Log registered: {message: UploaderService: Reset completed., timestamp: 2026-06-08 20:50:27.872882, function: null, file: null}
Log registered: {message: Session started with GUID: same-guid on device type: Master, timestamp: 2026-06-08 20:50:27.872932, function: null, file: null}
Log registered: {message: Adding photo to upload queue: /var/folders/6s/dp27g8gn26j9mp36sjfxb9tw0000gn/T/session_manager_test_mediaNiVTgZ/same_session_photo.jpg, timestamp: 2026-06-08 20:50:27.873608, function: null, file: null}
Log registered: {message: Media added to upload queue: /var/folders/6s/dp27g8gn26j9mp36sjfxb9tw0000gn/T/session_manager_test_mediaNiVTgZ/same_session_photo.jpg, timestamp: 2026-06-08 20:50:27.874104, function: null, file: null}
Log registered: {message: Session already active with GUID: same-guid. Preserving existing media on rejoin as Slave., timestamp: 2026-06-08 20:50:27.874485, function: null, file: null}
Log registered: {message: Auto-upload is disabled. Media added to queue but not uploaded., timestamp: 2026-06-08 20:50:27.875038, function: null, file: null}
Log registered: {message: Session metadata saved to /var/folders/6s/dp27g8gn26j9mp36sjfxb9tw0000gn/T/session_manager_docsGggHi5/session_same-guid/metadata.json, timestamp: 2026-06-08 20:50:27.876918, function: null, file: null}
Log registered: {message: Session metadata saved to /var/folders/6s/dp27g8gn26j9mp36sjfxb9tw0000gn/T/session_manager_docsGggHi5/session_same-guid/metadata.json, timestamp: 2026-06-08 20:50:27.877087, function: null, file: null}
Log registered: {message: UploaderService: Resetting upload queue and state., timestamp: 2026-06-08 20:50:27.877157, function: null, file: null}
Log registered: {message: UploaderService: Reset completed., timestamp: 2026-06-08 20:50:27.877231, function: null, file: null}
Log registered: {message: Session ended and uploader reset., timestamp: 2026-06-08 20:50:27.877286, function: null, file: null}
00:03 +109 ~1: /Users/jose/src/work/hydracamv2/test/services/camera_service_failure_test.dart: changing video profile preserves the selected camera
00:03 +109 ~1: /Users/jose/src/work/hydracamv2/test/services/session_manager_test.dart: SessionManager Session lifecycle joining a different session starts with clean media state
Log registered: {message: UploaderService: Resetting upload queue and state., timestamp: 2026-06-08 20:50:27.880330, function: null, file: null}
Log registered: {message: UploaderService: Reset completed., timestamp: 2026-06-08 20:50:27.880411, function: null, file: null}
Log registered: {message: UploaderService: Resetting upload queue and state., timestamp: 2026-06-08 20:50:27.880793, function: null, file: null}
Log registered: {message: UploaderService: Reset completed., timestamp: 2026-06-08 20:50:27.880860, function: null, file: null}
Log registered: {message: Session started with GUID: old-guid on device type: Master, timestamp: 2026-06-08 20:50:27.880915, function: null, file: null}
Log registered: {message: Adding photo to upload queue: /var/folders/6s/dp27g8gn26j9mp36sjfxb9tw0000gn/T/session_manager_test_mediawU9k0w/old_session_photo.jpg, timestamp: 2026-06-08 20:50:27.881190, function: null, file: null}
Log registered: {message: Media added to upload queue: /var/folders/6s/dp27g8gn26j9mp36sjfxb9tw0000gn/T/session_manager_test_mediawU9k0w/old_session_photo.jpg, timestamp: 2026-06-08 20:50:27.881340, function: null, file: null}
Log registered: {message: UploaderService: Resetting upload queue and state., timestamp: 2026-06-08 20:50:27.881461, function: null, file: null}
Log registered: {message: UploaderService: Reset completed., timestamp: 2026-06-08 20:50:27.881518, function: null, file: null}
Log registered: {message: Session started with GUID: new-guid on device type: Master, timestamp: 2026-06-08 20:50:27.881573, function: null, file: null}
Log registered: {message: Auto-upload is disabled. Media added to queue but not uploaded., timestamp: 2026-06-08 20:50:27.881928, function: null, file: null}
Log registered: {message: Session metadata saved to /var/folders/6s/dp27g8gn26j9mp36sjfxb9tw0000gn/T/session_manager_docsGggHi5/session_new-guid/metadata.json, timestamp: 2026-06-08 20:50:27.882848, function: null, file: null}
Log registered: {message: Session metadata saved to /var/folders/6s/dp27g8gn26j9mp36sjfxb9tw0000gn/T/session_manager_docsGggHi5/session_new-guid/metadata.json, timestamp: 2026-06-08 20:50:27.882950, function: null, file: null}
Log registered: {message: UploaderService: Resetting upload queue and state., timestamp: 2026-06-08 20:50:27.883022, function: null, file: null}
Log registered: {message: UploaderService: Reset completed., timestamp: 2026-06-08 20:50:27.883084, function: null, file: null}
Log registered: {message: Session ended and uploader reset., timestamp: 2026-06-08 20:50:27.883134, function: null, file: null}
00:03 +110 ~1: /Users/jose/src/work/hydracamv2/test/services/camera_service_failure_test.dart: changing video profile preserves the selected camera
00:03 +110 ~1: /Users/jose/src/work/hydracamv2/test/services/session_manager_test.dart: SessionManager Media management addPhoto adds photo to current session
Log registered: {message: UploaderService: Resetting upload queue and state., timestamp: 2026-06-08 20:50:27.884289, function: null, file: null}
Log registered: {message: UploaderService: Reset completed., timestamp: 2026-06-08 20:50:27.884358, function: null, file: null}
Log registered: {message: UploaderService: Resetting upload queue and state., timestamp: 2026-06-08 20:50:27.884636, function: null, file: null}
Log registered: {message: UploaderService: Reset completed., timestamp: 2026-06-08 20:50:27.884703, function: null, file: null}
Log registered: {message: Session started with GUID: test-guid on device type: Master, timestamp: 2026-06-08 20:50:27.884752, function: null, file: null}
Log registered: {message: Adding photo to upload queue: /var/folders/6s/dp27g8gn26j9mp36sjfxb9tw0000gn/T/session_manager_test_mediafZBNGt/test_photo.jpg, timestamp: 2026-06-08 20:50:27.885112, function: null, file: null}
Log registered: {message: Media added to upload queue: /var/folders/6s/dp27g8gn26j9mp36sjfxb9tw0000gn/T/session_manager_test_mediafZBNGt/test_photo.jpg, timestamp: 2026-06-08 20:50:27.885217, function: null, file: null}
Log registered: {message: Auto-upload is disabled. Media added to queue but not uploaded., timestamp: 2026-06-08 20:50:27.885548, function: null, file: null}
00:03 +110 ~1: /Users/jose/src/work/hydracamv2/test/services/hydracam_api_service_test.dart: uploadMedia includes app version fields in multipart metadata
Log registered: {message: Media uploaded successfully, timestamp: 2026-06-08 20:50:27.886210, function: null, file: null}
00:03 +110 ~1: /Users/jose/src/work/hydracamv2/test/services/session_manager_test.dart: SessionManager Media management addPhoto adds photo to current session
Log registered: {message: Session metadata saved to /var/folders/6s/dp27g8gn26j9mp36sjfxb9tw0000gn/T/session_manager_docsGggHi5/session_test-guid/metadata.json, timestamp: 2026-06-08 20:50:27.886602, function: null, file: null}
Log registered: {message: UploaderService: Resetting upload queue and state., timestamp: 2026-06-08 20:50:27.886674, function: null, file: null}
Log registered: {message: UploaderService: Reset completed., timestamp: 2026-06-08 20:50:27.886728, function: null, file: null}
Log registered: {message: Session ended and uploader reset., timestamp: 2026-06-08 20:50:27.886770, function: null, file: null}
00:03 +111 ~1: /Users/jose/src/work/hydracamv2/test/services/camera_service_failure_test.dart: changing video profile preserves the selected camera
00:03 +111 ~1: /Users/jose/src/work/hydracamv2/test/services/session_manager_test.dart: SessionManager Media management addPhoto adds photo to current session
Log registered: {message: Session metadata saved to /var/folders/6s/dp27g8gn26j9mp36sjfxb9tw0000gn/T/session_manager_docsGggHi5/session_test-guid/metadata.json, timestamp: 2026-06-08 20:50:27.887094, function: null, file: null}
00:03 +112 ~1: /Users/jose/src/work/hydracamv2/test/services/camera_service_failure_test.dart: changing video profile preserves the selected camera
00:03 +113 ~1: /Users/jose/src/work/hydracamv2/test/services/camera_service_failure_test.dart: changing video profile preserves the selected camera
00:03 +113 ~1: /Users/jose/src/work/hydracamv2/test/services/session_manager_test.dart: SessionManager Media management addVideo adds video to current session
Log registered: {message: UploaderService: Resetting upload queue and state., timestamp: 2026-06-08 20:50:27.887939, function: null, file: null}
Log registered: {message: UploaderService: Reset completed., timestamp: 2026-06-08 20:50:27.888055, function: null, file: null}
Log registered: {message: UploaderService: Resetting upload queue and state., timestamp: 2026-06-08 20:50:27.888284, function: null, file: null}
Log registered: {message: UploaderService: Reset completed., timestamp: 2026-06-08 20:50:27.888337, function: null, file: null}
Log registered: {message: Session started with GUID: test-guid on device type: Master, timestamp: 2026-06-08 20:50:27.888386, function: null, file: null}
Log registered: {message: Adding video to upload queue: /var/folders/6s/dp27g8gn26j9mp36sjfxb9tw0000gn/T/session_manager_test_mediayVvbBA/test_video.mp4, timestamp: 2026-06-08 20:50:27.888951, function: null, file: null}
Log registered: {message: Media added to upload queue: /var/folders/6s/dp27g8gn26j9mp36sjfxb9tw0000gn/T/session_manager_test_mediayVvbBA/test_video.mp4, timestamp: 2026-06-08 20:50:27.889154, function: null, file: null}
Log registered: {message: Auto-upload is disabled. Media added to queue but not uploaded., timestamp: 2026-06-08 20:50:27.889373, function: null, file: null}
00:03 +114 ~1: /Users/jose/src/work/hydracamv2/test/services/camera_service_failure_test.dart: changing video profile preserves the selected camera
00:03 +114 ~1: /Users/jose/src/work/hydracamv2/test/services/session_manager_test.dart: SessionManager Media management addVideo adds video to current session
Log registered: {message: Session metadata saved to /var/folders/6s/dp27g8gn26j9mp36sjfxb9tw0000gn/T/session_manager_docsGggHi5/session_test-guid/metadata.json, timestamp: 2026-06-08 20:50:27.890388, function: null, file: null}
Log registered: {message: Session metadata saved to /var/folders/6s/dp27g8gn26j9mp36sjfxb9tw0000gn/T/session_manager_docsGggHi5/session_test-guid/metadata.json, timestamp: 2026-06-08 20:50:27.890485, function: null, file: null}
Log registered: {message: UploaderService: Resetting upload queue and state., timestamp: 2026-06-08 20:50:27.890537, function: null, file: null}
Log registered: {message: UploaderService: Reset completed., timestamp: 2026-06-08 20:50:27.890592, function: null, file: null}
Log registered: {message: Session ended and uploader reset., timestamp: 2026-06-08 20:50:27.890665, function: null, file: null}
00:03 +115 ~1: /Users/jose/src/work/hydracamv2/test/services/camera_service_failure_test.dart: changing video profile preserves the selected camera
00:03 +116 ~1: /Users/jose/src/work/hydracamv2/test/services/camera_service_failure_test.dart: changing video profile preserves the selected camera
00:03 +116 ~1: /Users/jose/src/work/hydracamv2/test/services/session_manager_test.dart: SessionManager Media management video capture context persists and reloads from metadata
Log registered: {message: UploaderService: Resetting upload queue and state., timestamp: 2026-06-08 20:50:27.892024, function: null, file: null}
Log registered: {message: UploaderService: Reset completed., timestamp: 2026-06-08 20:50:27.892101, function: null, file: null}
Log registered: {message: UploaderService: Resetting upload queue and state., timestamp: 2026-06-08 20:50:27.892289, function: null, file: null}
Log registered: {message: UploaderService: Reset completed., timestamp: 2026-06-08 20:50:27.892334, function: null, file: null}
Log registered: {message: Session started with GUID: test-guid on device type: Master, timestamp: 2026-06-08 20:50:27.892379, function: null, file: null}
Log registered: {message: Adding video to upload queue: /var/folders/6s/dp27g8gn26j9mp36sjfxb9tw0000gn/T/session_manager_test_mediaXfjZg5/context_video.mp4, timestamp: 2026-06-08 20:50:27.893298, function: null, file: null}
Log registered: {message: Media added to upload queue: /var/folders/6s/dp27g8gn26j9mp36sjfxb9tw0000gn/T/session_manager_test_mediaXfjZg5/context_video.mp4, timestamp: 2026-06-08 20:50:27.893436, function: null, file: null}
Log registered: {message: Auto-upload is disabled. Media added to queue but not uploaded., timestamp: 2026-06-08 20:50:27.895275, function: null, file: null}
Log registered: {message: Session metadata saved to /var/folders/6s/dp27g8gn26j9mp36sjfxb9tw0000gn/T/session_manager_docsGggHi5/session_test-guid/metadata.json, timestamp: 2026-06-08 20:50:27.896203, function: null, file: null}
Log registered: {message: Session metadata saved to /var/folders/6s/dp27g8gn26j9mp36sjfxb9tw0000gn/T/session_manager_docsGggHi5/session_test-guid/metadata.json, timestamp: 2026-06-08 20:50:27.896344, function: null, file: null}
Log registered: {message: Retrieved existing Device ID: 40fb1931-1f22-42e9-9ebd-8dc2989172fe, timestamp: 2026-06-08 20:50:27.898265, function: null, file: null}
Log registered: {message: Session metadata loaded for session test-guid, timestamp: 2026-06-08 20:50:27.899258, function: null, file: null}
Log registered: {message: Session metadata saved to /var/folders/6s/dp27g8gn26j9mp36sjfxb9tw0000gn/T/session_manager_docsGggHi5/session_test-guid/metadata.json, timestamp: 2026-06-08 20:50:27.900491, function: null, file: null}
Log registered: {message: UploaderService: Resetting upload queue and state., timestamp: 2026-06-08 20:50:27.900563, function: null, file: null}
Log registered: {message: UploaderService: Reset completed., timestamp: 2026-06-08 20:50:27.900618, function: null, file: null}
Log registered: {message: Session ended and uploader reset., timestamp: 2026-06-08 20:50:27.900663, function: null, file: null}
00:03 +117 ~1: /Users/jose/src/work/hydracamv2/test/services/camera_service_failure_test.dart: changing video profile preserves the selected camera
00:03 +117 ~1: /Users/jose/src/work/hydracamv2/test/services/session_manager_test.dart: SessionManager Media management multiple media can be added to session
Log registered: {message: UploaderService: Resetting upload queue and state., timestamp: 2026-06-08 20:50:27.901907, function: null, file: null}
Log registered: {message: UploaderService: Reset completed., timestamp: 2026-06-08 20:50:27.901994, function: null, file: null}
Log registered: {message: UploaderService: Resetting upload queue and state., timestamp: 2026-06-08 20:50:27.902204, function: null, file: null}
Log registered: {message: UploaderService: Reset completed., timestamp: 2026-06-08 20:50:27.902258, function: null, file: null}
Log registered: {message: Session started with GUID: test-guid on device type: Master, timestamp: 2026-06-08 20:50:27.902311, function: null, file: null}
Log registered: {message: Adding photo to upload queue: /var/folders/6s/dp27g8gn26j9mp36sjfxb9tw0000gn/T/session_manager_test_media03AFqI/test_photo_1.jpg, timestamp: 2026-06-08 20:50:27.902908, function: null, file: null}
Log registered: {message: Media added to upload queue: /var/folders/6s/dp27g8gn26j9mp36sjfxb9tw0000gn/T/session_manager_test_media03AFqI/test_photo_1.jpg, timestamp: 2026-06-08 20:50:27.903017, function: null, file: null}
Log registered: {message: Adding photo to upload queue: /var/folders/6s/dp27g8gn26j9mp36sjfxb9tw0000gn/T/session_manager_test_media03AFqI/test_photo_2.jpg, timestamp: 2026-06-08 20:50:27.903155, function: null, file: null}
Log registered: {message: Media added to upload queue: /var/folders/6s/dp27g8gn26j9mp36sjfxb9tw0000gn/T/session_manager_test_media03AFqI/test_photo_2.jpg, timestamp: 2026-06-08 20:50:27.903492, function: null, file: null}
Log registered: {message: Auto-upload is disabled. Media added to queue but not uploaded., timestamp: 2026-06-08 20:50:27.903731, function: null, file: null}
Log registered: {message: Auto-upload is disabled. Media added to queue but not uploaded., timestamp: 2026-06-08 20:50:27.903855, function: null, file: null}
Log registered: {message: Session metadata saved to /var/folders/6s/dp27g8gn26j9mp36sjfxb9tw0000gn/T/session_manager_docsGggHi5/session_test-guid/metadata.json, timestamp: 2026-06-08 20:50:27.905073, function: null, file: null}
Log registered: {message: Session metadata saved to /var/folders/6s/dp27g8gn26j9mp36sjfxb9tw0000gn/T/session_manager_docsGggHi5/session_test-guid/metadata.json, timestamp: 2026-06-08 20:50:27.905217, function: null, file: null}
Log registered: {message: Session metadata saved to /var/folders/6s/dp27g8gn26j9mp36sjfxb9tw0000gn/T/session_manager_docsGggHi5/session_test-guid/metadata.json, timestamp: 2026-06-08 20:50:27.905300, function: null, file: null}
Log registered: {message: UploaderService: Resetting upload queue and state., timestamp: 2026-06-08 20:50:27.905355, function: null, file: null}
Log registered: {message: UploaderService: Reset completed., timestamp: 2026-06-08 20:50:27.905777, function: null, file: null}
Log registered: {message: Session ended and uploader reset., timestamp: 2026-06-08 20:50:27.905870, function: null, file: null}
00:03 +118 ~1: /Users/jose/src/work/hydracamv2/test/services/camera_service_failure_test.dart: changing video profile preserves the selected camera
Log registered: {message: Camera capture settings applied and reinitialized: camera=iphone-telephoto, profile=detail4k30., timestamp: 2026-06-08 20:50:27.964663, function: null, file: null}
00:03 +119 ~1: /Users/jose/src/work/hydracamv2/test/services/camera_service_failure_test.dart: setup preview uses preset defaults without explicit fps
Log registered: {message: Initializing camera preview..., timestamp: 2026-06-08 20:50:27.966452, function: null, file: null}
Log registered: {message: Updated selected camera name to fake-back-camera, timestamp: 2026-06-08 20:50:27.966762, function: null, file: null}
Log registered: {message: Camera preview successfully initialized without explicit fps., timestamp: 2026-06-08 20:50:27.967102, function: null, file: null}
00:03 +120 ~1: /Users/jose/src/work/hydracamv2/test/services/camera_service_failure_test.dart: recording after setup preview rebuilds the explicit fps controller
Log registered: {message: Initializing camera preview..., timestamp: 2026-06-08 20:50:27.968179, function: null, file: null}
Log registered: {message: Updated selected camera name to fake-back-camera, timestamp: 2026-06-08 20:50:27.968387, function: null, file: null}
Log registered: {message: Camera preview successfully initialized without explicit fps., timestamp: 2026-06-08 20:50:27.969312, function: null, file: null}
Log registered: {message: Initializing camera..., timestamp: 2026-06-08 20:50:27.969476, function: null, file: null}
00:03 +120 ~1: /Users/jose/src/work/hydracamv2/test/services/log_service_test.dart: registerLog stores message, timestamp, function, and file
Log registered: {message: Profile startup marker, timestamp: 2026-06-07 13:30:00.000, function: main, file: main.dart}
Trace file unavailable: Binding has not yet been initialized.
The "instance" getter on the ServicesBinding binding mixin is only available once that binding has been initialized.
Typically, this is done by calling "WidgetsFlutterBinding.ensureInitialized()" or "runApp()" (the latter calls the former). Typically this call is done in the "void main()" method. The "ensureInitialized" method is idempotent; calling it multiple times is not harmful. After calling that method, the "instance" getter will return the binding.
In a test, one can call "TestWidgetsFlutterBinding.ensureInitialized()" as the first line in the test's "main()" method to initialize the binding.
If ServicesBinding is a custom binding mixin, there must also be a custom binding class, like WidgetsFlutterBinding, but that mixes in the selected binding, and that is the class that must be constructed before using the "instance" getter.
00:03 +121 ~1: /Users/jose/src/work/hydracamv2/test/services/camera_service_failure_test.dart: recording after setup preview rebuilds the explicit fps controller
00:03 +121 ~1: /Users/jose/src/work/hydracamv2/test/services/log_service_test.dart: clearLogs removes stored entries
Log registered: {message: temporary entry, timestamp: 2026-06-08 20:50:28.278789, function: null, file: null}
00:03 +122 ~1: /Users/jose/src/work/hydracamv2/test/services/camera_service_failure_test.dart: recording after setup preview rebuilds the explicit fps controller
Log registered: {message: Camera successfully initialized., timestamp: 2026-06-08 20:50:28.373178, function: null, file: null}
Log registered: {message: Generated new Device ID: a09f4e15-b83b-432b-bbb1-bd843223b488, timestamp: 2026-06-08 20:50:28.373644, function: null, file: null}
Log registered: {message: Video recording started with flash off, timestamp: 2026-06-08 20:50:28.373843, function: null, file: null}
00:04 +123 ~1: /Users/jose/src/work/hydracamv2/test/services/camera_service_failure_test.dart: macOS runtime uses the real camera backend unless mock is explicit
00:04 +124 ~1: /Users/jose/src/work/hydracamv2/test/services/camera_service_failure_test.dart: (tearDownAll)
00:04 +124 ~1: /Users/jose/src/work/hydracamv2/test/services/camera_service_failure_test.dart: recording after setup preview rebuilds the explicit fps controller
Trace persistence disabled: PathNotFoundException: Cannot open file, path = '/var/folders/6s/dp27g8gn26j9mp36sjfxb9tw0000gn/T/camera_service_mock_docsXBAruo/logs/hydracam-trace-2026-06-08T20-50-27-110542.ndjson' (OS Error: No such file or directory, errno = 2)
00:04 +124 ~1: /Users/jose/src/work/hydracamv2/test/services/camera_service_test.dart: CameraService Recording state isRecording starts as false
00:04 +125 ~1: /Users/jose/src/work/hydracamv2/test/services/settings_service_test.dart: master recording defaults off on macOS controller builds
00:04 +126 ~1: /Users/jose/src/work/hydracamv2/test/services/settings_service_test.dart: master recording defaults off on macOS controller builds
00:04 +127 ~1: /Users/jose/src/work/hydracamv2/test/services/camera_service_test.dart: CameraService Storage constraints storage service is correctly wired
00:04 +128 ~1: /Users/jose/src/work/hydracamv2/test/services/settings_service_test.dart: stored master recording preference overrides macOS default
00:04 +129 ~1: /Users/jose/src/work/hydracamv2/test/services/camera_service_test.dart: CameraService Force stop recording forceStopRecordingDueToStorage API exists
00:04 +130 ~1: /Users/jose/src/work/hydracamv2/test/services/settings_service_test.dart: new installs default to auto back lens and standard 1080p30
00:04 +131 ~1: /Users/jose/src/work/hydracamv2/test/services/settings_service_test.dart: legacy camera quality migrates to video capture profiles
00:04 +132 ~1: /Users/jose/src/work/hydracamv2/test/services/settings_service_test.dart: stores selected camera name independently from lens preference
Log registered: {message: Updated camera lens preference to ultraWide, timestamp: 2026-06-08 20:50:28.971375, function: null, file: null}
Trace file unavailable: Binding has not yet been initialized.
The "instance" getter on the ServicesBinding binding mixin is only available once that binding has been initialized.
Typically, this is done by calling "WidgetsFlutterBinding.ensureInitialized()" or "runApp()" (the latter calls the former). Typically this call is done in the "void main()" method. The "ensureInitialized" method is idempotent; calling it multiple times is not harmful. After calling that method, the "instance" getter will return the binding.
In a test, one can call "TestWidgetsFlutterBinding.ensureInitialized()" as the first line in the test's "main()" method to initialize the binding.
If ServicesBinding is a custom binding mixin, there must also be a custom binding class, like WidgetsFlutterBinding, but that mixes in the selected binding, and that is the class that must be constructed before using the "instance" getter.
Log registered: {message: Updated selected camera name to iphone-ultra-wide, timestamp: 2026-06-08 20:50:28.986234, function: null, file: null}
00:04 +133 ~1: /Users/jose/src/work/hydracamv2/test/services/uploader_service_test.dart: reset clears stale queue, current upload state, and progress
Log registered: {message: UploaderService: Resetting upload queue and state., timestamp: 2026-06-08 20:50:28.985939, function: null, file: null}
Log registered: {message: UploaderService: Reset completed., timestamp: 2026-06-08 20:50:28.987845, function: null, file: null}
00:04 +133 ~1: /Users/jose/src/work/hydracamv2/test/services/settings_service_test.dart: stores selected camera perspective by canonical id
Log registered: {message: Updated camera perspective to right_backglass_diagonal, timestamp: 2026-06-08 20:50:28.988765, function: null, file: null}
00:04 +134 ~1: /Users/jose/src/work/hydracamv2/test/services/uploader_service_test.dart: reset clears stale queue, current upload state, and progress
00:04 +134 ~1: /Users/jose/src/work/hydracamv2/test/services/settings_service_test.dart: autograbado defaults disabled and can be stored
Log registered: {message: Updated autograbadoMode value to true, timestamp: 2026-06-08 20:50:28.990082, function: null, file: null}
00:04 +135 ~1: /Users/jose/src/work/hydracamv2/test/services/uploader_service_test.dart: reset clears stale queue, current upload state, and progress
Log registered: {message: Media added to upload queue: /var/folders/6s/dp27g8gn26j9mp36sjfxb9tw0000gn/T/hydracam_uploader_testn9rG1d/photo.jpg, timestamp: 2026-06-08 20:50:28.992821, function: null, file: null}
Log registered: {message: UploaderService: Resetting upload queue and state., timestamp: 2026-06-08 20:50:28.997622, function: null, file: null}
Log registered: {message: UploaderService: Reset completed., timestamp: 2026-06-08 20:50:28.997871, function: null, file: null}
Log registered: {message: Auto-upload is disabled. Media added to queue but not uploaded., timestamp: 2026-06-08 20:50:28.998930, function: null, file: null}
Log registered: {message: UploaderService: Resetting upload queue and state., timestamp: 2026-06-08 20:50:28.999468, function: null, file: null}
Log registered: {message: UploaderService: Reset completed., timestamp: 2026-06-08 20:50:28.999559, function: null, file: null}
00:04 +136 ~1: /Users/jose/src/work/hydracamv2/test/services/uploader_service_test.dart: cancelQueuedMedia removes a pending item without touching others
Log registered: {message: UploaderService: Resetting upload queue and state., timestamp: 2026-06-08 20:50:29.001737, function: null, file: null}
Log registered: {message: UploaderService: Reset completed., timestamp: 2026-06-08 20:50:29.001859, function: null, file: null}
Log registered: {message: Media added to upload queue: /var/folders/6s/dp27g8gn26j9mp36sjfxb9tw0000gn/T/hydracam_uploader_test35KNYJ/first.jpg, timestamp: 2026-06-08 20:50:29.002551, function: null, file: null}
Log registered: {message: Media added to upload queue: /var/folders/6s/dp27g8gn26j9mp36sjfxb9tw0000gn/T/hydracam_uploader_test35KNYJ/second.jpg, timestamp: 2026-06-08 20:50:29.002974, function: null, file: null}
Log registered: {message: [UploaderService] No uploaded media with valid durations. Returning zero duration., timestamp: 2026-06-08 20:50:29.003925, function: null, file: null}
Log registered: {message: Cancelled pending upload: /var/folders/6s/dp27g8gn26j9mp36sjfxb9tw0000gn/T/hydracam_uploader_test35KNYJ/first.jpg, timestamp: 2026-06-08 20:50:29.004089, function: null, file: null}
Log registered: {message: No pending queued media to cancel: /var/folders/6s/dp27g8gn26j9mp36sjfxb9tw0000gn/T/hydracam_uploader_test35KNYJ/first.jpg, timestamp: 2026-06-08 20:50:29.004208, function: null, file: null}
Log registered: {message: Auto-upload is disabled. Media added to queue but not uploaded., timestamp: 2026-06-08 20:50:29.004365, function: null, file: null}
Log registered: {message: Auto-upload is disabled. Media added to queue but not uploaded., timestamp: 2026-06-08 20:50:29.004448, function: null, file: null}
Log registered: {message: UploaderService: Resetting upload queue and state., timestamp: 2026-06-08 20:50:29.004573, function: null, file: null}
Log registered: {message: UploaderService: Reset completed., timestamp: 2026-06-08 20:50:29.004645, function: null, file: null}
00:04 +137 ~1: /Users/jose/src/work/hydracamv2/test/services/linux_dbus_availability_test.dart: Linux DBus availability skips system-bus plugins only on linux without system bus
00:04 +137 ~1: /Users/jose/src/work/hydracamv2/test/services/uploader_service_test.dart: reset ignores stale in-flight upload completion
Log registered: {message: UploaderService: Resetting upload queue and state., timestamp: 2026-06-08 20:50:29.008580, function: null, file: null}
Log registered: {message: UploaderService: Reset completed., timestamp: 2026-06-08 20:50:29.008724, function: null, file: null}
Log registered: {message: UploaderService: Resetting upload queue and state., timestamp: 2026-06-08 20:50:29.009422, function: null, file: null}
Log registered: {message: UploaderService: Reset completed., timestamp: 2026-06-08 20:50:29.009501, function: null, file: null}
Log registered: {message: Session started with GUID: old-session-guid on device type: Master, timestamp: 2026-06-08 20:50:29.009710, function: null, file: null}
Log registered: {message: Media added to upload queue: /var/folders/6s/dp27g8gn26j9mp36sjfxb9tw0000gn/T/hydracam_uploader_testl0HwVj/inflight.jpg, timestamp: 2026-06-08 20:50:29.010019, function: null, file: null}
Log registered: {message: Manual upload initiated., timestamp: 2026-06-08 20:50:29.010362, function: null, file: null}
Log registered: {message: UploaderService: _startUploading called. _isUploading=false, queue length=1, timestamp: 2026-06-08 20:50:29.010522, function: null, file: null}
Log registered: {message: UploaderService: _processNextItem called. Queue length=1, timestamp: 2026-06-08 20:50:29.010896, function: null, file: null}
Log registered: {message: UploaderService: sessionGuid=old-session-guid, timestamp: 2026-06-08 20:50:29.011044, function: null, file: null}
Log registered: {message: Get token, timestamp: 2026-06-08 20:50:29.011727, function: null, file: null}
Log registered: {message: Auto-upload is disabled. Media added to queue but not uploaded., timestamp: 2026-06-08 20:50:29.012372, function: null, file: null}
00:04 +138 ~1: /Users/jose/src/work/hydracamv2/test/services/uploader_service_test.dart: reset ignores stale in-flight upload completion
00:04 +139 ~1: /Users/jose/src/work/hydracamv2/test/services/uploader_service_test.dart: reset ignores stale in-flight upload completion
Log registered: {message: UploaderService: Resetting upload queue and state., timestamp: 2026-06-08 20:50:29.017436, function: null, file: null}
00:04 +140 ~1: /Users/jose/src/work/hydracamv2/test/services/uploader_service_test.dart: reset ignores stale in-flight upload completion
Log registered: {message: UploaderService: Reset completed., timestamp: 2026-06-08 20:50:29.017580, function: null, file: null}
Log registered: {message: UploaderService: Resetting upload queue and state., timestamp: 2026-06-08 20:50:29.017744, function: null, file: null}
Log registered: {message: UploaderService: Reset completed., timestamp: 2026-06-08 20:50:29.017803, function: null, file: null}
Log registered: {message: Session started with GUID: new-session-guid on device type: Master, timestamp: 2026-06-08 20:50:29.017860, function: null, file: null}
Log registered: {message: Media uploaded successfully, timestamp: 2026-06-08 20:50:29.025490, function: null, file: null}
Log registered: {message: Ignoring stale upload completion after uploader reset or cancellation: /var/folders/6s/dp27g8gn26j9mp36sjfxb9tw0000gn/T/hydracam_uploader_testl0HwVj/inflight.jpg, timestamp: 2026-06-08 20:50:29.025713, function: null, file: null}
00:04 +141 ~1: /Users/jose/src/work/hydracamv2/test/services/uploader_service_test.dart: reset ignores stale in-flight upload completion
00:04 +142 ~1: /Users/jose/src/work/hydracamv2/test/services/uploader_service_test.dart: reset ignores stale in-flight upload completion
Log registered: {message: Session metadata saved to /var/folders/6s/dp27g8gn26j9mp36sjfxb9tw0000gn/T/uploader_service_docsTdzHDb/session_new-session-guid/metadata.json, timestamp: 2026-06-08 20:50:29.028230, function: null, file: null}
Log registered: {message: UploaderService: Resetting upload queue and state., timestamp: 2026-06-08 20:50:29.028454, function: null, file: null}
Log registered: {message: UploaderService: Reset completed., timestamp: 2026-06-08 20:50:29.028584, function: null, file: null}
Log registered: {message: Session ended and uploader reset., timestamp: 2026-06-08 20:50:29.028690, function: null, file: null}
Log registered: {message: UploaderService: Resetting upload queue and state., timestamp: 2026-06-08 20:50:29.028763, function: null, file: null}
Log registered: {message: UploaderService: Reset completed., timestamp: 2026-06-08 20:50:29.028822, function: null, file: null}
00:04 +143 ~1: /Users/jose/src/work/hydracamv2/test/services/gallery_session_candidate_source_test.dart: (setUpAll)
00:04 +144 ~1: /Users/jose/src/work/hydracamv2/test/services/gallery_session_candidate_source_test.dart: (setUpAll)
00:04 +144 ~1: /Users/jose/src/work/hydracamv2/test/services/uploader_service_test.dart: cancelCurrentUpload clears active upload and ignores late completion
Log registered: {message: UploaderService: Resetting upload queue and state., timestamp: 2026-06-08 20:50:29.030586, function: null, file: null}
Log registered: {message: UploaderService: Reset completed., timestamp: 2026-06-08 20:50:29.030682, function: null, file: null}
Log registered: {message: UploaderService: Resetting upload queue and state., timestamp: 2026-06-08 20:50:29.031218, function: null, file: null}
Log registered: {message: UploaderService: Reset completed., timestamp: 2026-06-08 20:50:29.031305, function: null, file: null}
Log registered: {message: Session started with GUID: cancel-session-guid on device type: Master, timestamp: 2026-06-08 20:50:29.031368, function: null, file: null}
Log registered: {message: Media added to upload queue: /var/folders/6s/dp27g8gn26j9mp36sjfxb9tw0000gn/T/hydracam_uploader_testnNQqwa/cancel-inflight.jpg, timestamp: 2026-06-08 20:50:29.031652, function: null, file: null}
Log registered: {message: Manual upload initiated., timestamp: 2026-06-08 20:50:29.031821, function: null, file: null}
Log registered: {message: UploaderService: _startUploading called. _isUploading=false, queue length=1, timestamp: 2026-06-08 20:50:29.031883, function: null, file: null}
Log registered: {message: UploaderService: _processNextItem called. Queue length=1, timestamp: 2026-06-08 20:50:29.031948, function: null, file: null}
Log registered: {message: UploaderService: sessionGuid=cancel-session-guid, timestamp: 2026-06-08 20:50:29.032007, function: null, file: null}
Log registered: {message: Get token, timestamp: 2026-06-08 20:50:29.032084, function: null, file: null}
Log registered: {message: Auto-upload is disabled. Media added to queue but not uploaded., timestamp: 2026-06-08 20:50:29.032264, function: null, file: null}
Log registered: {message: Cancelled in-flight API requests., timestamp: 2026-06-08 20:50:29.032896, function: null, file: null}
Log registered: {message: [UploaderService] Queue is empty. Returning zero duration., timestamp: 2026-06-08 20:50:29.032999, function: null, file: null}
Log registered: {message: Cancelled active upload: /var/folders/6s/dp27g8gn26j9mp36sjfxb9tw0000gn/T/hydracam_uploader_testnNQqwa/cancel-inflight.jpg, timestamp: 2026-06-08 20:50:29.033093, function: null, file: null}
Log registered: {message: Media uploaded successfully, timestamp: 2026-06-08 20:50:29.034641, function: null, file: null}
Log registered: {message: Ignoring stale upload completion after uploader reset or cancellation: /var/folders/6s/dp27g8gn26j9mp36sjfxb9tw0000gn/T/hydracam_uploader_testnNQqwa/cancel-inflight.jpg, timestamp: 2026-06-08 20:50:29.034763, function: null, file: null}
Log registered: {message: Session metadata saved to /var/folders/6s/dp27g8gn26j9mp36sjfxb9tw0000gn/T/uploader_service_docsTdzHDb/session_cancel-session-guid/metadata.json, timestamp: 2026-06-08 20:50:29.035901, function: null, file: null}
Log registered: {message: UploaderService: Resetting upload queue and state., timestamp: 2026-06-08 20:50:29.036027, function: null, file: null}
Log registered: {message: UploaderService: Reset completed., timestamp: 2026-06-08 20:50:29.036087, function: null, file: null}
Log registered: {message: Session ended and uploader reset., timestamp: 2026-06-08 20:50:29.036136, function: null, file: null}
Log registered: {message: UploaderService: Resetting upload queue and state., timestamp: 2026-06-08 20:50:29.036188, function: null, file: null}
Log registered: {message: UploaderService: Reset completed., timestamp: 2026-06-08 20:50:29.036234, function: null, file: null}
00:04 +145 ~1: /Users/jose/src/work/hydracamv2/test/services/auth0_service_test.dart: Auth0 login requests refresh-capable scopes
00:04 +145 ~1: /Users/jose/src/work/hydracamv2/test/services/uploader_service_test.dart: cancelCurrentUpload closes the active HTTP client
Log registered: {message: UploaderService: Resetting upload queue and state., timestamp: 2026-06-08 20:50:29.037517, function: null, file: null}
Log registered: {message: UploaderService: Reset completed., timestamp: 2026-06-08 20:50:29.037597, function: null, file: null}
Log registered: {message: UploaderService: Resetting upload queue and state., timestamp: 2026-06-08 20:50:29.038001, function: null, file: null}
Log registered: {message: UploaderService: Reset completed., timestamp: 2026-06-08 20:50:29.038069, function: null, file: null}
Log registered: {message: Session started with GUID: cancel-http-session-guid on device type: Master, timestamp: 2026-06-08 20:50:29.038125, function: null, file: null}
Log registered: {message: Media added to upload queue: /var/folders/6s/dp27g8gn26j9mp36sjfxb9tw0000gn/T/hydracam_uploader_testgR9kot/cancel-http.jpg, timestamp: 2026-06-08 20:50:29.038369, function: null, file: null}
Log registered: {message: Manual upload initiated., timestamp: 2026-06-08 20:50:29.038491, function: null, file: null}
Log registered: {message: UploaderService: _startUploading called. _isUploading=false, queue length=1, timestamp: 2026-06-08 20:50:29.038546, function: null, file: null}
Log registered: {message: UploaderService: _processNextItem called. Queue length=1, timestamp: 2026-06-08 20:50:29.038592, function: null, file: null}
Log registered: {message: UploaderService: sessionGuid=cancel-http-session-guid, timestamp: 2026-06-08 20:50:29.038640, function: null, file: null}
Log registered: {message: Get token, timestamp: 2026-06-08 20:50:29.038702, function: null, file: null}
Log registered: {message: Auto-upload is disabled. Media added to queue but not uploaded., timestamp: 2026-06-08 20:50:29.038981, function: null, file: null}
Log registered: {message: Cancelled in-flight API requests., timestamp: 2026-06-08 20:50:29.039460, function: null, file: null}
Log registered: {message: [UploaderService] Queue is empty. Returning zero duration., timestamp: 2026-06-08 20:50:29.039527, function: null, file: null}
Log registered: {message: Cancelled active upload: /var/folders/6s/dp27g8gn26j9mp36sjfxb9tw0000gn/T/hydracam_uploader_testgR9kot/cancel-http.jpg, timestamp: 2026-06-08 20:50:29.039638, function: null, file: null}
Log registered: {message: Media uploaded successfully, timestamp: 2026-06-08 20:50:29.041161, function: null, file: null}
Log registered: {message: Ignoring stale upload completion after uploader reset or cancellation: /var/folders/6s/dp27g8gn26j9mp36sjfxb9tw0000gn/T/hydracam_uploader_testgR9kot/cancel-http.jpg, timestamp: 2026-06-08 20:50:29.041255, function: null, file: null}
00:04 +145 ~1: /Users/jose/src/work/hydracamv2/test/services/gallery_session_candidate_source_test.dart: loads active and historical gallery candidate sessions once
Log registered: {message: UploaderService: Resetting upload queue and state., timestamp: 2026-06-08 20:50:29.040055, function: null, file: null}
00:04 +145 ~1: /Users/jose/src/work/hydracamv2/test/services/uploader_service_test.dart: cancelCurrentUpload closes the active HTTP client
Log registered: {message: Session metadata saved to /var/folders/6s/dp27g8gn26j9mp36sjfxb9tw0000gn/T/uploader_service_docsTdzHDb/session_cancel-http-session-guid/metadata.json, timestamp: 2026-06-08 20:50:29.042322, function: null, file: null}
Log registered: {message: UploaderService: Resetting upload queue and state., timestamp: 2026-06-08 20:50:29.042433, function: null, file: null}
Log registered: {message: UploaderService: Reset completed., timestamp: 2026-06-08 20:50:29.042501, function: null, file: null}
Log registered: {message: Session ended and uploader reset., timestamp: 2026-06-08 20:50:29.042550, function: null, file: null}
00:04 +145 ~1: /Users/jose/src/work/hydracamv2/test/services/gallery_session_candidate_source_test.dart: loads active and historical gallery candidate sessions once
Log registered: {message: UploaderService: Reset completed., timestamp: 2026-06-08 20:50:29.042489, function: null, file: null}
00:04 +145 ~1: /Users/jose/src/work/hydracamv2/test/services/uploader_service_test.dart: cancelCurrentUpload closes the active HTTP client
Log registered: {message: UploaderService: Resetting upload queue and state., timestamp: 2026-06-08 20:50:29.042606, function: null, file: null}
Log registered: {message: UploaderService: Reset completed., timestamp: 2026-06-08 20:50:29.042703, function: null, file: null}
00:04 +145 ~1: /Users/jose/src/work/hydracamv2/test/services/gallery_session_candidate_source_test.dart: loads active and historical gallery candidate sessions once
Log registered: {message: Session started with GUID: active-guid on device type: Master, timestamp: 2026-06-08 20:50:29.042833, function: null, file: null}
00:04 +146 ~1: /Users/jose/src/work/hydracamv2/test/services/auth0_service_test.dart: Auth0 login requests refresh-capable scopes
00:04 +147 ~1: /Users/jose/src/work/hydracamv2/test/services/gallery_session_candidate_source_test.dart: loads active and historical gallery candidate sessions once
00:04 +147 ~1: /Users/jose/src/work/hydracamv2/test/services/auth0_service_test.dart: Auth0 login persists returned credentials through secure store
Log registered: {message: Profile set: https://example.com/player.png, timestamp: 2026-06-08 20:50:29.048062, function: login, file: auth0_service.dart}
00:04 +148 ~1: /Users/jose/src/work/hydracamv2/test/services/gallery_session_candidate_source_test.dart: loads active and historical gallery candidate sessions once
00:04 +148 ~1: /Users/jose/src/work/hydracamv2/test/services/auth0_service_test.dart: Auth0 login persists returned credentials through secure store
Trace file unavailable: MissingPluginException(No implementation found for method getApplicationDocumentsDirectory on channel plugins.flutter.io/path_provider)
00:04 +148 ~1: /Users/jose/src/work/hydracamv2/test/services/auth0_service_test.dart: Auth0 startup restore uses valid stored credentials
Log registered: {message: Restored Auth0 session from secure store., timestamp: 2026-06-08 20:50:29.055264, function: restoreStoredSession, file: auth0_service.dart}
00:04 +149 ~1: /Users/jose/src/work/hydracamv2/test/services/gallery_session_candidate_source_test.dart: loads active and historical gallery candidate sessions once
00:04 +149 ~1: /Users/jose/src/work/hydracamv2/test/services/auth0_service_test.dart: Auth0 startup restore refreshes expired credentials
Log registered: {message: Refreshed Auth0 session from secure store., timestamp: 2026-06-08 20:50:29.057888, function: restoreStoredSession, file: auth0_service.dart}
00:04 +150 ~1: /Users/jose/src/work/hydracamv2/test/services/gallery_session_candidate_source_test.dart: loads active and historical gallery candidate sessions once
Log registered: {message: Generated new Device ID: 60d71baf-fa76-4e7d-a580-48e0b6ca53df, timestamp: 2026-06-08 20:50:29.057613, function: null, file: null}
Log registered: {message: Session metadata snapshot loaded for old-guid, timestamp: 2026-06-08 20:50:29.059521, function: null, file: null}
Log registered: {message: Retrieved existing Device ID: 60d71baf-fa76-4e7d-a580-48e0b6ca53df, timestamp: 2026-06-08 20:50:29.060610, function: null, file: null}
Log registered: {message: Session metadata snapshot loaded for active-guid, timestamp: 2026-06-08 20:50:29.060776, function: null, file: null}
00:04 +151 ~1: /Users/jose/src/work/hydracamv2/test/services/gallery_session_candidate_source_test.dart: loads active and historical gallery candidate sessions once
Log registered: {message: Session metadata saved to /var/folders/6s/dp27g8gn26j9mp36sjfxb9tw0000gn/T/gallery_session_candidate_source_docsSiGraF/session_active-guid/metadata.json, timestamp: 2026-06-08 20:50:29.065056, function: null, file: null}
Log registered: {message: UploaderService: Resetting upload queue and state., timestamp: 2026-06-08 20:50:29.065205, function: null, file: null}
Log registered: {message: UploaderService: Reset completed., timestamp: 2026-06-08 20:50:29.065282, function: null, file: null}
Log registered: {message: Session ended and uploader reset., timestamp: 2026-06-08 20:50:29.065342, function: null, file: null}
00:04 +152 ~1: /Users/jose/src/work/hydracamv2/test/services/battery_service_test.dart: skips linux battery plugin when DBus system bus is missing
00:04 +152 ~1: /Users/jose/src/work/hydracamv2/test/services/auth0_service_test.dart: Auth0 logout clears secure credentials and browser session
Log registered: {message: Profile set: https://example.com/logout.png, timestamp: 2026-06-08 20:50:29.066596, function: login, file: auth0_service.dart}
Log registered: {message: Cleared Auth0 session., timestamp: 2026-06-08 20:50:29.066961, function: logout, file: auth0_service.dart}
00:04 +153 ~1: /Users/jose/src/work/hydracamv2/test/services/battery_service_test.dart: skips linux battery plugin when DBus system bus is missing
00:04 +154 ~1: /Users/jose/src/work/hydracamv2/test/services/battery_service_test.dart: BatteryService shows warning when battery level is low
Log registered: {message: BatteryService monitoring disabled - timer not started., timestamp: 2026-06-08 20:50:29.339410, function: null, file: null}
00:05 +155 ~1: /Users/jose/src/work/hydracamv2/test/services/battery_service_test.dart: BatteryService triggers one autostop when battery becomes critical
Log registered: {message: BatteryService monitoring disabled - timer not started., timestamp: 2026-06-08 20:50:29.420568, function: null, file: null}
Log registered: {message: Critical battery: triggering recording stop at 8%., timestamp: 2026-06-08 20:50:29.420866, function: null, file: null}
Log registered: {message: Critical battery: triggering recording stop at 8%., timestamp: 2026-06-08 20:50:29.432501, function: null, file: null}
00:05 +156 ~1: /Users/jose/src/work/hydracamv2/test/services/battery_service_test.dart: BatteryService throttles repeated low-battery warnings
00:05 +156 ~1: /Users/jose/src/work/hydracamv2/test/services/battery_service_test.dart: BatteryService shows warning when battery level is low
Log registered: {message: BatteryService: Error reading battery level: MissingPluginException(No implementation found for method getBatteryLevel on channel dev.fluttercommunity.plus/battery), timestamp: 2026-06-08 20:50:29.451145, function: null, file: null}
00:05 +156 ~1: /Users/jose/src/work/hydracamv2/test/services/battery_service_test.dart: BatteryService throttles repeated low-battery warnings
Log registered: {message: BatteryService monitoring disabled - timer not started., timestamp: 2026-06-08 20:50:29.460512, function: null, file: null}
00:05 +157 ~1: /Users/jose/src/work/hydracamv2/test/services/permission_service_test.dart: (setUpAll)
00:05 +157 ~1: /Users/jose/src/work/hydracamv2/test/services/permission_service_test.dart: requestAllPermissions skips unsupported macOS permission handler
Log registered: {message: Skipping permission_handler startup request on macOS; native platform APIs will request resource access on demand., timestamp: 2026-06-08 20:50:29.804973, function: requestAllPermissions, file: PermissionService}
00:05 +158 ~1: /Users/jose/src/work/hydracamv2/test/services/permission_service_test.dart: requestAllPermissions skips unsupported Linux permission handler
Log registered: {message: Skipping permission_handler startup request on linux; native platform APIs will request resource access on demand., timestamp: 2026-06-08 20:50:29.812633, function: requestAllPermissions, file: PermissionService}
00:05 +159 ~1: /Users/jose/src/work/hydracamv2/test/services/network_info_service_test.dart: Network type labels describes Wi-Fi with unavailable SSID explicitly
00:05 +159 ~1: /Users/jose/src/work/hydracamv2/test/services/permission_service_test.dart: requestAllPermissions requests location immediately on Android
Log registered: {message: Permission request completed.
Granted: [Permission.camera, Permission.microphone, Permission.locationWhenInUse]
Denied: [], timestamp: 2026-06-08 20:50:29.816535, function: requestAllPermissions, file: PermissionService}
00:05 +160 ~1: /Users/jose/src/work/hydracamv2/test/services/network_info_service_test.dart: Network type labels describes Wi-Fi with unavailable SSID explicitly
00:05 +161 ~1: /Users/jose/src/work/hydracamv2/test/services/permission_service_test.dart: openAppSettings skips unsupported macOS permission handler
00:05 +162 ~1: /Users/jose/src/work/hydracamv2/test/services/permission_service_test.dart: openAppSettings skips unsupported macOS permission handler
00:05 +163 ~1: /Users/jose/src/work/hydracamv2/test/services/permission_service_test.dart: openAppSettings skips unsupported macOS permission handler
Log registered: {message: Skipping permission_handler openAppSettings on macOS., timestamp: 2026-06-08 20:50:29.824682, function: openAppSettings, file: PermissionService}
00:05 +164 ~1: /Users/jose/src/work/hydracamv2/test/services/permission_service_test.dart: openAppSettings skips unsupported macOS permission handler
00:05 +165 ~1: /Users/jose/src/work/hydracamv2/test/services/permission_service_test.dart: openAppSettings skips unsupported macOS permission handler
00:05 +166 ~1: /Users/jose/src/work/hydracamv2/test/services/permission_service_test.dart: openAppSettings skips unsupported Linux permission handler
Log registered: {message: Skipping permission_handler openAppSettings on linux., timestamp: 2026-06-08 20:50:29.827286, function: openAppSettings, file: PermissionService}
00:05 +167 ~1: /Users/jose/src/work/hydracamv2/test/services/permission_service_test.dart: (tearDownAll)
00:05 +167 ~1: /Users/jose/src/work/hydracamv2/test/services/camera_capture_settings_test.dart: VideoCaptureProfile maps sport 1080p60 to a 1080p target at 60 fps
00:05 +168 ~1: /Users/jose/src/work/hydracamv2/test/services/camera_capture_settings_test.dart: VideoCaptureProfile maps 4K profiles to ultraHigh with expected frame rates
00:05 +169 ~1: /Users/jose/src/work/hydracamv2/test/services/camera_capture_settings_test.dart: LensPreference labels iPhone ultra-wide as 0.5x
00:05 +170 ~1: /Users/jose/src/work/hydracamv2/test/services/camera_capture_settings_test.dart: LensPreference labels Android back cameras by camera id when lens type is unknown
00:05 +171 ~1: /Users/jose/src/work/hydracamv2/test/widgets/camera_level_overlay_test.dart: shows green guidance for level devices
00:05 +172 ~1: /Users/jose/src/work/hydracamv2/test/widgets/camera_setup_preview_screen_test.dart: renders perspective selector and level overlay
00:05 +173 ~1: /Users/jose/src/work/hydracamv2/test/widgets/camera_setup_preview_screen_test.dart: renders perspective selector and level overlay
00:06 +174 ~1: /Users/jose/src/work/hydracamv2/test/widgets/camera_setup_preview_screen_test.dart: renders perspective selector and level overlay
00:06 +175 ~1: /Users/jose/src/work/hydracamv2/test/widgets/media_list_widget_test.dart: media list distinguishes failed uploads from pending uploads
00:06 +176 ~1: /Users/jose/src/work/hydracamv2/test/widgets/media_list_widget_test.dart: media list distinguishes failed uploads from pending uploads
00:06 +177 ~1: /Users/jose/src/work/hydracamv2/test/widgets/media_list_widget_test.dart: media list distinguishes failed uploads from pending uploads
00:06 +178 ~1: /Users/jose/src/work/hydracamv2/test/widgets/media_list_widget_test.dart: media list distinguishes failed uploads from pending uploads
Log registered: {message: UploaderService: Resetting upload queue and state., timestamp: 2026-06-08 20:50:30.510571, function: null, file: null}
Log registered: {message: UploaderService: Reset completed., timestamp: 2026-06-08 20:50:30.512130, function: null, file: null}
00:06 +179 ~1: /Users/jose/src/work/hydracamv2/test/widgets/media_filter_dialog_test.dart: browse all returns unconstrained media filters
00:06 +180 ~1: /Users/jose/src/work/hydracamv2/test/widgets/media_filter_dialog_test.dart: browse all returns unconstrained media filters
00:06 +180 ~1: /Users/jose/src/work/hydracamv2/test/widgets/media_list_widget_test.dart: current upload progress includes uploaded and total bytes
Log registered: {message: UploaderService: Resetting upload queue and state., timestamp: 2026-06-08 20:50:30.542823, function: null, file: null}
Log registered: {message: UploaderService: Reset completed., timestamp: 2026-06-08 20:50:30.543025, function: null, file: null}
00:06 +181 ~1: /Users/jose/src/work/hydracamv2/test/widgets/media_filter_dialog_test.dart: browse all returns unconstrained media filters
00:06 +181 ~1: /Users/jose/src/work/hydracamv2/test/widgets/media_list_widget_test.dart: current upload progress includes estimated time remaining
Log registered: {message: UploaderService: Resetting upload queue and state., timestamp: 2026-06-08 20:50:30.567928, function: null, file: null}
Log registered: {message: UploaderService: Reset completed., timestamp: 2026-06-08 20:50:30.568102, function: null, file: null}
00:06 +182 ~1: /Users/jose/src/work/hydracamv2/test/widgets/media_filter_dialog_test.dart: browse all returns unconstrained media filters
00:06 +182 ~1: /Users/jose/src/work/hydracamv2/test/widgets/media_list_widget_test.dart: media list distinguishes failed uploads from pending uploads
Trace file unavailable: MissingPluginException(No implementation found for method getApplicationDocumentsDirectory on channel plugins.flutter.io/path_provider)
00:06 +182 ~1: /Users/jose/src/work/hydracamv2/test/widgets/media_list_widget_test.dart: upload actions distinguish retry from queue upload
Log registered: {message: UploaderService: Resetting upload queue and state., timestamp: 2026-06-08 20:50:30.649142, function: null, file: null}
Log registered: {message: UploaderService: Reset completed., timestamp: 2026-06-08 20:50:30.649334, function: null, file: null}
00:06 +183 ~1: /Users/jose/src/work/hydracamv2/test/widgets/media_filter_dialog_test.dart: browse all returns unconstrained media filters
00:06 +184 ~1: /Users/jose/src/work/hydracamv2/test/widgets/media_filter_dialog_test.dart: browse all returns unconstrained media filters
00:06 +184 ~1: /Users/jose/src/work/hydracamv2/test/widgets/media_list_widget_test.dart: pending upload can be cancelled from the media row
Log registered: {message: UploaderService: Resetting upload queue and state., timestamp: 2026-06-08 20:50:30.672955, function: null, file: null}
Log registered: {message: UploaderService: Reset completed., timestamp: 2026-06-08 20:50:30.673114, function: null, file: null}
00:06 +185 ~1: /Users/jose/src/work/hydracamv2/test/widgets/media_filter_dialog_test.dart: browse all returns unconstrained media filters
00:06 +185 ~1: /Users/jose/src/work/hydracamv2/test/widgets/media_list_widget_test.dart: current upload can be cancelled from the media row
Log registered: {message: UploaderService: Resetting upload queue and state., timestamp: 2026-06-08 20:50:30.706991, function: null, file: null}
Log registered: {message: UploaderService: Reset completed., timestamp: 2026-06-08 20:50:30.707175, function: null, file: null}
00:06 +186 ~1: /Users/jose/src/work/hydracamv2/test/widgets/media_filter_dialog_test.dart: browse all returns unconstrained media filters
00:06 +187 ~1: All tests passed!
[exit-code] 0

$ git diff --check
[exit-code] 0
