# HydraCam evidence run command log

$ flutter test --no-pub test/services/storage_service_test.dart
00:00 +0: loading /Users/jose/src/work/hydracamv2/test/services/storage_service_test.dart
00:00 +0: StorageService Recording block logic recording is not blocked when storage is available
00:00 +1: StorageService Recording block logic recording is blocked when storage is critically low
00:00 +2: StorageService Threshold configuration exposes low storage threshold
00:00 +3: StorageService Threshold configuration exposes critical storage threshold
00:00 +4: StorageService anchors blocks recording and triggers callback when storage is critical
Log registered: {message: StorageService monitoring disabled - timer not started., timestamp: 2026-06-08 21:40:55.364765, function: null, file: null}
00:00 +5: StorageService anchors clears recording block after recovering above critical threshold
Log registered: {message: StorageService monitoring disabled - timer not started., timestamp: 2026-06-08 21:40:55.396352, function: null, file: null}
══╡ EXCEPTION CAUGHT BY FLUTTER TEST FRAMEWORK ╞════════════════════════════════════════════════════
The following TestFailure was thrown running a test:
Expected: <false>
  Actual: <true>

When the exception was thrown, this was the stack:
#4      main.<anonymous closure>.<anonymous closure> (file:///Users/jose/src/work/hydracamv2/test/services/storage_service_test.dart:119:7)
<asynchronous suspension>
#5      testWidgets.<anonymous closure>.<anonymous closure> (package:flutter_test/src/widget_tester.dart:192:15)
<asynchronous suspension>
#6      TestWidgetsFlutterBinding._runTestBody (package:flutter_test/src/binding.dart:1952:5)
<asynchronous suspension>
<asynchronous suspension>
(elided one frame from package:stack_trace)

This was caught by the test expectation on the following line:
  file:///Users/jose/src/work/hydracamv2/test/services/storage_service_test.dart line 119
The test description was:
  clears recording block after recovering above critical threshold
════════════════════════════════════════════════════════════════════════════════════════════════════
00:00 +5 -1: StorageService anchors clears recording block after recovering above critical threshold [E]
  Test failed. See exception logs above.
  The test description was: clears recording block after recovering above critical threshold

00:00 +5 -1: Some tests failed.

Failing tests:
  /Users/jose/src/work/hydracamv2/test/services/storage_service_test.dart: StorageService anchors clears recording block after recovering above critical threshold
[exit-code] 1

$ flutter test --no-pub test/services/storage_service_test.dart
00:00 +0: loading /Users/jose/src/work/hydracamv2/test/services/storage_service_test.dart
00:00 +0: StorageService Recording block logic recording is not blocked when storage is available
00:00 +1: StorageService Recording block logic recording is blocked when storage is critically low
00:00 +2: StorageService Threshold configuration exposes low storage threshold
00:00 +3: StorageService Threshold configuration exposes critical storage threshold
00:00 +4: StorageService anchors blocks recording and triggers callback when storage is critical
Log registered: {message: StorageService monitoring disabled - timer not started., timestamp: 2026-06-08 21:41:23.820816, function: null, file: null}
00:00 +5: StorageService anchors clears recording block after recovering above critical threshold
Log registered: {message: StorageService monitoring disabled - timer not started., timestamp: 2026-06-08 21:41:23.850767, function: null, file: null}
00:00 +6: All tests passed!
[exit-code] 0

$ python3 logs/verification-runs/20260608-2140-storage-critical-block-recovery/render_storage_recovery_proof.py
/Users/jose/src/work/hydracamv2/logs/verification-runs/20260608-2140-storage-critical-block-recovery/screenshots/storage_critical_block_recovery.png
/Users/jose/src/work/hydracamv2/logs/verification-runs/20260608-2140-storage-critical-block-recovery/video/storage_critical_block_recovery_proof.mp4

[stderr]
ffmpeg version 8.1 Copyright (c) 2000-2026 the FFmpeg developers
  built with Apple clang version 17.0.0 (clang-1700.6.4.2)
  configuration: --prefix=/opt/homebrew/Cellar/ffmpeg/8.1 --enable-shared --enable-pthreads --enable-version3 --cc=clang --host-cflags= --host-ldflags= --enable-ffplay --enable-gpl --enable-libsvtav1 --enable-libopus --enable-libx264 --enable-libmp3lame --enable-libdav1d --enable-libvpx --enable-libx265 --enable-openssl --enable-videotoolbox --enable-audiotoolbox --enable-neon
  libavutil      60. 26.100 / 60. 26.100
  libavcodec     62. 28.100 / 62. 28.100
  libavformat    62. 12.100 / 62. 12.100
  libavdevice    62.  3.100 / 62.  3.100
  libavfilter    11. 14.100 / 11. 14.100
  libswscale      9.  5.100 /  9.  5.100
  libswresample   6.  3.100 /  6.  3.100
Input #0, image2, from '/Users/jose/src/work/hydracamv2/logs/verification-runs/20260608-2140-storage-critical-block-recovery/video/frames/frame_%03d.png':
  Duration: 00:00:04.50, start: 0.000000, bitrate: N/A
  Stream #0:0: Video: png, rgb24(pc, gbr/unknown/unknown), 1440x900, 12 fps, 12 tbr, 12 tbn
Stream mapping:
  Stream #0:0 -> #0:0 (png (native) -> h264 (libx264))
Press [q] to stop, [?] for help
[libx264 @ 0x7b0c28a80] using cpu capabilities: ARMv8 NEON DotProd I8MM
[libx264 @ 0x7b0c28a80] profile High, level 4.0, 4:2:0, 8-bit
[libx264 @ 0x7b0c28a80] 264 - core 165 r3222 b35605a - H.264/MPEG-4 AVC codec - Copyleft 2003-2025 - http://www.videolan.org/x264.html - options: cabac=1 ref=3 deblock=1:0:0 analyse=0x3:0x113 me=hex subme=7 psy=1 psy_rd=1.00:0.00 mixed_ref=1 me_range=16 chroma_me=1 trellis=1 8x8dct=1 cqm=0 deadzone=21,11 fast_pskip=1 chroma_qp_offset=-2 threads=24 lookahead_threads=4 sliced_threads=0 nr=0 decimate=1 interlaced=0 bluray_compat=0 constrained_intra=0 bframes=3 b_pyramid=2 b_adapt=1 b_bias=0 direct=1 weightb=1 open_gop=0 weightp=2 keyint=250 keyint_min=12 scenecut=40 intra_refresh=0 rc_lookahead=40 rc=crf mbtree=1 crf=23.0 qcomp=0.60 qpmin=0 qpmax=69 qpstep=4 ip_ratio=1.40 aq=1:1.00
Output #0, mp4, to '/Users/jose/src/work/hydracamv2/logs/verification-runs/20260608-2140-storage-critical-block-recovery/video/storage_critical_block_recovery_proof.mp4':
  Metadata:
    encoder         : Lavf62.12.100
  Stream #0:0: Video: h264 (avc1 / 0x31637661), yuv420p(tv, progressive), 1440x900, q=2-31, 12 fps, 12288 tbn
    Metadata:
      encoder         : Lavc62.28.100 libx264
    Side data:
      CPB properties: bitrate max/min/avg: 0/0/0 buffer size: 0 vbv_delay: N/A
[out#0/mp4 @ 0x7b1004840] video:64KiB audio:0KiB subtitle:0KiB other streams:0KiB global headers:0KiB muxing overhead: 2.287299%
frame=   54 fps=0.0 q=-1.0 Lsize=      66KiB time=00:00:04.33 bitrate= 124.6kbits/s speed=51.4x elapsed=0:00:00.08
[libx264 @ 0x7b0c28a80] frame I:1     Avg QP: 7.56  size: 26249
[libx264 @ 0x7b0c28a80] frame P:14    Avg QP:12.68  size:  2604
[libx264 @ 0x7b0c28a80] frame B:39    Avg QP:10.91  size:    66
[libx264 @ 0x7b0c28a80] consecutive B-frames:  3.7%  0.0%  0.0% 96.3%
[libx264 @ 0x7b0c28a80] mb I  I16..4: 81.0% 11.9%  7.1%
[libx264 @ 0x7b0c28a80] mb P  I16..4:  0.8%  0.7%  0.7%  P16..4:  0.2%  0.0%  0.0%  0.0%  0.0%    skip:97.7%
[libx264 @ 0x7b0c28a80] mb B  I16..4:  0.0%  0.0%  0.0%  B16..8:  0.4%  0.0%  0.0%  direct: 0.0%  skip:99.6%  L0:60.9% L1:39.1% BI: 0.0%
[libx264 @ 0x7b0c28a80] 8x8 transform intra:16.5% inter:5.3%
[libx264 @ 0x7b0c28a80] coded y,uvDC,uvAC intra: 8.4% 12.7% 12.2% inter: 0.0% 0.0% 0.0%
[libx264 @ 0x7b0c28a80] i16 v,h,dc,p: 87% 11%  2%  0%
[libx264 @ 0x7b0c28a80] i8 v,h,dc,ddl,ddr,vr,hd,vl,hu: 76%  3% 21%  0%  0%  0%  0%  0%  0%
[libx264 @ 0x7b0c28a80] i4 v,h,dc,ddl,ddr,vr,hd,vl,hu: 37% 22% 19%  2%  4%  4%  4%  3%  5%
[libx264 @ 0x7b0c28a80] i8c dc,h,v,p: 80% 15%  4%  1%
[libx264 @ 0x7b0c28a80] Weighted P-Frames: Y:0.0% UV:0.0%
[libx264 @ 0x7b0c28a80] ref P L0: 92.0%  3.4%  4.5%
[libx264 @ 0x7b0c28a80] ref B L0: 76.0% 24.0%
[libx264 @ 0x7b0c28a80] ref B L1: 99.7%  0.3%
[libx264 @ 0x7b0c28a80] kb/s:116.06
[exit-code] 0

$ flutter analyze --no-pub
Analyzing hydracamv2...
No issues found! (ran in 3.6s)
[exit-code] 0

$ flutter test --no-pub test/services/storage_service_test.dart
00:00 +0: loading /Users/jose/src/work/hydracamv2/test/services/storage_service_test.dart
00:00 +0: StorageService Recording block logic recording is not blocked when storage is available
00:00 +1: StorageService Recording block logic recording is blocked when storage is critically low
00:00 +2: StorageService Threshold configuration exposes low storage threshold
00:00 +3: StorageService Threshold configuration exposes critical storage threshold
00:00 +4: StorageService anchors blocks recording and triggers callback when storage is critical
Log registered: {message: StorageService monitoring disabled - timer not started., timestamp: 2026-06-08 21:43:07.723884, function: null, file: null}
00:00 +5: StorageService anchors clears recording block after recovering above critical threshold
Log registered: {message: StorageService monitoring disabled - timer not started., timestamp: 2026-06-08 21:43:07.752094, function: null, file: null}
00:00 +6: All tests passed!
[exit-code] 0

$ flutter test --no-pub
00:00 +0: loading /Users/jose/src/work/hydracamv2/test/platform_setup_test.dart
00:00 +0: /Users/jose/src/work/hydracamv2/test/platform_setup_test.dart: Platform Setup Tests iOS Podfile should exist and be valid
00:00 +1: /Users/jose/src/work/hydracamv2/test/platform_setup_test.dart: Platform Setup Tests Android build.gradle should exist
00:00 +2: /Users/jose/src/work/hydracamv2/test/platform_setup_test.dart: Platform Setup Tests Web index.html should exist
00:00 +3: /Users/jose/src/work/hydracamv2/test/platform/platform_behavior_test.dart: Platform Behavior Platform detection works
00:00 +4: /Users/jose/src/work/hydracamv2/test/platform/platform_behavior_test.dart: Platform Behavior Mobile-specific features Camera should be available on mobile
00:00 +5: /Users/jose/src/work/hydracamv2/test/platform/platform_behavior_test.dart: Platform Behavior Mobile-specific features Gallery saving should work on mobile
00:00 +6: /Users/jose/src/work/hydracamv2/test/platform/platform_behavior_test.dart: Platform Behavior Mobile-specific features Permissions are required on mobile
00:00 +7: /Users/jose/src/work/hydracamv2/test/platform/platform_behavior_test.dart: Platform Behavior Desktop-specific features Desktop may have limited camera support
00:00 +8: /Users/jose/src/work/hydracamv2/test/platform/platform_behavior_test.dart: Platform Behavior Desktop-specific features Desktop uses file system directly
00:00 +9: /Users/jose/src/work/hydracamv2/test/platform/platform_behavior_test.dart: Platform Behavior Desktop-specific features Desktop may not need runtime permissions
00:00 +10: /Users/jose/src/work/hydracamv2/test/platform/platform_behavior_test.dart: Cross-platform features Networking works on all platforms
00:00 +11: /Users/jose/src/work/hydracamv2/test/platform/platform_behavior_test.dart: Cross-platform features Storage management works on all platforms
00:00 +12: /Users/jose/src/work/hydracamv2/test/platform/platform_behavior_test.dart: Cross-platform features Session management is platform-agnostic
00:00 +13: /Users/jose/src/work/hydracamv2/test/platform/multi_device_orchestration_test.dart: (setUpAll)
00:00 +13: /Users/jose/src/work/hydracamv2/test/platform/multi_device_orchestration_test.dart: Photo Scenarios Scenario P1: single slave burst populates queue and metadata
Log registered: {message: UploaderService: Resetting upload queue and state., timestamp: 2026-06-08 21:43:18.665545, function: null, file: null}
Log registered: {message: UploaderService: Reset completed., timestamp: 2026-06-08 21:43:18.667717, function: null, file: null}
Log registered: {message: UploaderService: Resetting upload queue and state., timestamp: 2026-06-08 21:43:18.669866, function: null, file: null}
Log registered: {message: UploaderService: Reset completed., timestamp: 2026-06-08 21:43:18.670373, function: null, file: null}
Log registered: {message: Session started with GUID: session_p1 on device type: Master, timestamp: 2026-06-08 21:43:18.670680, function: null, file: null}
Log registered: {message: Adding photo to upload queue: /var/folders/6s/dp27g8gn26j9mp36sjfxb9tw0000gn/T/hydracam_multi_device_mediaow7laz/p1-0.jpg, timestamp: 2026-06-08 21:43:18.673694, function: null, file: null}
Log registered: {message: [UploaderService] No uploaded media with valid durations. Returning zero duration., timestamp: 2026-06-08 21:43:18.674595, function: null, file: null}
Log registered: {message: Media added to upload queue: /var/folders/6s/dp27g8gn26j9mp36sjfxb9tw0000gn/T/hydracam_multi_device_mediaow7laz/p1-0.jpg, timestamp: 2026-06-08 21:43:18.674728, function: null, file: null}
Log registered: {message: Adding photo to upload queue: /var/folders/6s/dp27g8gn26j9mp36sjfxb9tw0000gn/T/hydracam_multi_device_mediaow7laz/p1-1.jpg, timestamp: 2026-06-08 21:43:18.675891, function: null, file: null}
Log registered: {message: [UploaderService] No uploaded media with valid durations. Returning zero duration., timestamp: 2026-06-08 21:43:18.676221, function: null, file: null}
Log registered: {message: Media added to upload queue: /var/folders/6s/dp27g8gn26j9mp36sjfxb9tw0000gn/T/hydracam_multi_device_mediaow7laz/p1-1.jpg, timestamp: 2026-06-08 21:43:18.676303, function: null, file: null}
Log registered: {message: Adding photo to upload queue: /var/folders/6s/dp27g8gn26j9mp36sjfxb9tw0000gn/T/hydracam_multi_device_mediaow7laz/p1-2.jpg, timestamp: 2026-06-08 21:43:18.676699, function: null, file: null}
Log registered: {message: [UploaderService] No uploaded media with valid durations. Returning zero duration., timestamp: 2026-06-08 21:43:18.676803, function: null, file: null}
Log registered: {message: Media added to upload queue: /var/folders/6s/dp27g8gn26j9mp36sjfxb9tw0000gn/T/hydracam_multi_device_mediaow7laz/p1-2.jpg, timestamp: 2026-06-08 21:43:18.676867, function: null, file: null}
00:00 +14: /Users/jose/src/work/hydracamv2/test/platform/multi_device_orchestration_test.dart: Photo Scenarios Scenario P1: single slave burst populates queue and metadata
00:00 +15: /Users/jose/src/work/hydracamv2/test/platform/multi_device_orchestration_test.dart: Photo Scenarios Scenario P1: single slave burst populates queue and metadata
Log registered: {message: Auto-upload is disabled. Media added to queue but not uploaded., timestamp: 2026-06-08 21:43:18.680917, function: null, file: null}
Log registered: {message: Auto-upload is disabled. Media added to queue but not uploaded., timestamp: 2026-06-08 21:43:18.681046, function: null, file: null}
Log registered: {message: Auto-upload is disabled. Media added to queue but not uploaded., timestamp: 2026-06-08 21:43:18.681120, function: null, file: null}
00:00 +16: /Users/jose/src/work/hydracamv2/test/platform/multi_device_orchestration_test.dart: Photo Scenarios Scenario P1: single slave burst populates queue and metadata
00:00 +17: /Users/jose/src/work/hydracamv2/test/platform/multi_device_orchestration_test.dart: Photo Scenarios Scenario P1: single slave burst populates queue and metadata
Log registered: {message: Session metadata saved to /var/folders/6s/dp27g8gn26j9mp36sjfxb9tw0000gn/T/hydracam_multi_device_docsUbiEM4/session_session_p1/metadata.json, timestamp: 2026-06-08 21:43:18.684368, function: null, file: null}
Log registered: {message: Session metadata saved to /var/folders/6s/dp27g8gn26j9mp36sjfxb9tw0000gn/T/hydracam_multi_device_docsUbiEM4/session_session_p1/metadata.json, timestamp: 2026-06-08 21:43:18.684487, function: null, file: null}
Log registered: {message: Session metadata saved to /var/folders/6s/dp27g8gn26j9mp36sjfxb9tw0000gn/T/hydracam_multi_device_docsUbiEM4/session_session_p1/metadata.json, timestamp: 2026-06-08 21:43:18.684568, function: null, file: null}
Log registered: {message: UploaderService: Resetting upload queue and state., timestamp: 2026-06-08 21:43:18.703330, function: null, file: null}
Log registered: {message: UploaderService: Reset completed., timestamp: 2026-06-08 21:43:18.703476, function: null, file: null}
Log registered: {message: Session metadata saved to /var/folders/6s/dp27g8gn26j9mp36sjfxb9tw0000gn/T/hydracam_multi_device_docsUbiEM4/session_session_p1/metadata.json, timestamp: 2026-06-08 21:43:18.704479, function: null, file: null}
Log registered: {message: UploaderService: Resetting upload queue and state., timestamp: 2026-06-08 21:43:18.704558, function: null, file: null}
Log registered: {message: UploaderService: Reset completed., timestamp: 2026-06-08 21:43:18.704617, function: null, file: null}
Log registered: {message: Session ended and uploader reset., timestamp: 2026-06-08 21:43:18.704715, function: null, file: null}
00:00 +18: /Users/jose/src/work/hydracamv2/test/platform/multi_device_orchestration_test.dart: Photo Scenarios Scenario P2: two slaves contribute photos with unique device IDs
Log registered: {message: UploaderService: Resetting upload queue and state., timestamp: 2026-06-08 21:43:18.706507, function: null, file: null}
Log registered: {message: UploaderService: Reset completed., timestamp: 2026-06-08 21:43:18.706581, function: null, file: null}
Log registered: {message: UploaderService: Resetting upload queue and state., timestamp: 2026-06-08 21:43:18.706927, function: null, file: null}
Log registered: {message: UploaderService: Reset completed., timestamp: 2026-06-08 21:43:18.706991, function: null, file: null}
Log registered: {message: Session started with GUID: session_p2 on device type: Master, timestamp: 2026-06-08 21:43:18.707046, function: null, file: null}
Log registered: {message: Adding photo to upload queue: /var/folders/6s/dp27g8gn26j9mp36sjfxb9tw0000gn/T/hydracam_multi_device_mediawyigGV/p2-a.jpg, timestamp: 2026-06-08 21:43:18.707326, function: null, file: null}
Log registered: {message: [UploaderService] No uploaded media with valid durations. Returning zero duration., timestamp: 2026-06-08 21:43:18.707421, function: null, file: null}
Log registered: {message: Media added to upload queue: /var/folders/6s/dp27g8gn26j9mp36sjfxb9tw0000gn/T/hydracam_multi_device_mediawyigGV/p2-a.jpg, timestamp: 2026-06-08 21:43:18.707477, function: null, file: null}
Log registered: {message: Adding photo to upload queue: /var/folders/6s/dp27g8gn26j9mp36sjfxb9tw0000gn/T/hydracam_multi_device_mediawyigGV/p2-b.jpg, timestamp: 2026-06-08 21:43:18.707744, function: null, file: null}
Log registered: {message: [UploaderService] No uploaded media with valid durations. Returning zero duration., timestamp: 2026-06-08 21:43:18.707831, function: null, file: null}
Log registered: {message: Media added to upload queue: /var/folders/6s/dp27g8gn26j9mp36sjfxb9tw0000gn/T/hydracam_multi_device_mediawyigGV/p2-b.jpg, timestamp: 2026-06-08 21:43:18.707922, function: null, file: null}
Log registered: {message: Auto-upload is disabled. Media added to queue but not uploaded., timestamp: 2026-06-08 21:43:18.708250, function: null, file: null}
Log registered: {message: Auto-upload is disabled. Media added to queue but not uploaded., timestamp: 2026-06-08 21:43:18.708384, function: null, file: null}
Log registered: {message: Session metadata saved to /var/folders/6s/dp27g8gn26j9mp36sjfxb9tw0000gn/T/hydracam_multi_device_docsl5D5gJ/session_session_p2/metadata.json, timestamp: 2026-06-08 21:43:18.709024, function: null, file: null}
Log registered: {message: Session metadata saved to /var/folders/6s/dp27g8gn26j9mp36sjfxb9tw0000gn/T/hydracam_multi_device_docsl5D5gJ/session_session_p2/metadata.json, timestamp: 2026-06-08 21:43:18.709123, function: null, file: null}
Log registered: {message: UploaderService: Resetting upload queue and state., timestamp: 2026-06-08 21:43:18.732403, function: null, file: null}
Log registered: {message: UploaderService: Reset completed., timestamp: 2026-06-08 21:43:18.732537, function: null, file: null}
Log registered: {message: Session metadata saved to /var/folders/6s/dp27g8gn26j9mp36sjfxb9tw0000gn/T/hydracam_multi_device_docsl5D5gJ/session_session_p2/metadata.json, timestamp: 2026-06-08 21:43:18.733337, function: null, file: null}
Log registered: {message: UploaderService: Resetting upload queue and state., timestamp: 2026-06-08 21:43:18.733487, function: null, file: null}
Log registered: {message: UploaderService: Reset completed., timestamp: 2026-06-08 21:43:18.733628, function: null, file: null}
Log registered: {message: Session ended and uploader reset., timestamp: 2026-06-08 21:43:18.733679, function: null, file: null}
00:00 +19: /Users/jose/src/work/hydracamv2/test/platform/multi_device_orchestration_test.dart: Photo Scenarios Scenario P3: round-robin commands respect device order
Log registered: {message: UploaderService: Resetting upload queue and state., timestamp: 2026-06-08 21:43:18.735057, function: null, file: null}
Log registered: {message: UploaderService: Reset completed., timestamp: 2026-06-08 21:43:18.735131, function: null, file: null}
Log registered: {message: UploaderService: Resetting upload queue and state., timestamp: 2026-06-08 21:43:18.735506, function: null, file: null}
Log registered: {message: UploaderService: Reset completed., timestamp: 2026-06-08 21:43:18.735566, function: null, file: null}
Log registered: {message: Session started with GUID: session_p3 on device type: Master, timestamp: 2026-06-08 21:43:18.735617, function: null, file: null}
Log registered: {message: Adding photo to upload queue: /var/folders/6s/dp27g8gn26j9mp36sjfxb9tw0000gn/T/hydracam_multi_device_mediayADGjf/slave-A.jpg, timestamp: 2026-06-08 21:43:18.735979, function: null, file: null}
Log registered: {message: [UploaderService] No uploaded media with valid durations. Returning zero duration., timestamp: 2026-06-08 21:43:18.736080, function: null, file: null}
Log registered: {message: Media added to upload queue: /var/folders/6s/dp27g8gn26j9mp36sjfxb9tw0000gn/T/hydracam_multi_device_mediayADGjf/slave-A.jpg, timestamp: 2026-06-08 21:43:18.736133, function: null, file: null}
Log registered: {message: Adding photo to upload queue: /var/folders/6s/dp27g8gn26j9mp36sjfxb9tw0000gn/T/hydracam_multi_device_mediayADGjf/slave-B.jpg, timestamp: 2026-06-08 21:43:18.736384, function: null, file: null}
Log registered: {message: [UploaderService] No uploaded media with valid durations. Returning zero duration., timestamp: 2026-06-08 21:43:18.736484, function: null, file: null}
Log registered: {message: Media added to upload queue: /var/folders/6s/dp27g8gn26j9mp36sjfxb9tw0000gn/T/hydracam_multi_device_mediayADGjf/slave-B.jpg, timestamp: 2026-06-08 21:43:18.736544, function: null, file: null}
Log registered: {message: Adding photo to upload queue: /var/folders/6s/dp27g8gn26j9mp36sjfxb9tw0000gn/T/hydracam_multi_device_mediayADGjf/slave-C.jpg, timestamp: 2026-06-08 21:43:18.736927, function: null, file: null}
Log registered: {message: [UploaderService] No uploaded media with valid durations. Returning zero duration., timestamp: 2026-06-08 21:43:18.737073, function: null, file: null}
Log registered: {message: Media added to upload queue: /var/folders/6s/dp27g8gn26j9mp36sjfxb9tw0000gn/T/hydracam_multi_device_mediayADGjf/slave-C.jpg, timestamp: 2026-06-08 21:43:18.737128, function: null, file: null}
Log registered: {message: Adding photo to upload queue: /var/folders/6s/dp27g8gn26j9mp36sjfxb9tw0000gn/T/hydracam_multi_device_mediayADGjf/slave-D.jpg, timestamp: 2026-06-08 21:43:18.737337, function: null, file: null}
Log registered: {message: [UploaderService] No uploaded media with valid durations. Returning zero duration., timestamp: 2026-06-08 21:43:18.737482, function: null, file: null}
Log registered: {message: Media added to upload queue: /var/folders/6s/dp27g8gn26j9mp36sjfxb9tw0000gn/T/hydracam_multi_device_mediayADGjf/slave-D.jpg, timestamp: 2026-06-08 21:43:18.737643, function: null, file: null}
Log registered: {message: Auto-upload is disabled. Media added to queue but not uploaded., timestamp: 2026-06-08 21:43:18.738120, function: null, file: null}
Log registered: {message: Auto-upload is disabled. Media added to queue but not uploaded., timestamp: 2026-06-08 21:43:18.738315, function: null, file: null}
Log registered: {message: Auto-upload is disabled. Media added to queue but not uploaded., timestamp: 2026-06-08 21:43:18.738504, function: null, file: null}
Log registered: {message: Auto-upload is disabled. Media added to queue but not uploaded., timestamp: 2026-06-08 21:43:18.738684, function: null, file: null}
Log registered: {message: Session metadata saved to /var/folders/6s/dp27g8gn26j9mp36sjfxb9tw0000gn/T/hydracam_multi_device_docsxy1dpE/session_session_p3/metadata.json, timestamp: 2026-06-08 21:43:18.739578, function: null, file: null}
Log registered: {message: Session metadata saved to /var/folders/6s/dp27g8gn26j9mp36sjfxb9tw0000gn/T/hydracam_multi_device_docsxy1dpE/session_session_p3/metadata.json, timestamp: 2026-06-08 21:43:18.739681, function: null, file: null}
Log registered: {message: Session metadata saved to /var/folders/6s/dp27g8gn26j9mp36sjfxb9tw0000gn/T/hydracam_multi_device_docsxy1dpE/session_session_p3/metadata.json, timestamp: 2026-06-08 21:43:18.739805, function: null, file: null}
Log registered: {message: Session metadata saved to /var/folders/6s/dp27g8gn26j9mp36sjfxb9tw0000gn/T/hydracam_multi_device_docsxy1dpE/session_session_p3/metadata.json, timestamp: 2026-06-08 21:43:18.739868, function: null, file: null}
Log registered: {message: UploaderService: Resetting upload queue and state., timestamp: 2026-06-08 21:43:18.761451, function: null, file: null}
Log registered: {message: UploaderService: Reset completed., timestamp: 2026-06-08 21:43:18.761635, function: null, file: null}
Log registered: {message: Session metadata saved to /var/folders/6s/dp27g8gn26j9mp36sjfxb9tw0000gn/T/hydracam_multi_device_docsxy1dpE/session_session_p3/metadata.json, timestamp: 2026-06-08 21:43:18.762450, function: null, file: null}
Log registered: {message: UploaderService: Resetting upload queue and state., timestamp: 2026-06-08 21:43:18.762551, function: null, file: null}
Log registered: {message: UploaderService: Reset completed., timestamp: 2026-06-08 21:43:18.762628, function: null, file: null}
Log registered: {message: Session ended and uploader reset., timestamp: 2026-06-08 21:43:18.762676, function: null, file: null}
00:00 +20: /Users/jose/src/work/hydracamv2/test/platform/multi_device_orchestration_test.dart: Photo Scenarios Scenario P4: master rotation resets session state
Log registered: {message: UploaderService: Resetting upload queue and state., timestamp: 2026-06-08 21:43:18.764406, function: null, file: null}
Log registered: {message: UploaderService: Reset completed., timestamp: 2026-06-08 21:43:18.764486, function: null, file: null}
Log registered: {message: UploaderService: Resetting upload queue and state., timestamp: 2026-06-08 21:43:18.764863, function: null, file: null}
Log registered: {message: UploaderService: Reset completed., timestamp: 2026-06-08 21:43:18.764927, function: null, file: null}
Log registered: {message: Session started with GUID: session_p4_a on device type: Master, timestamp: 2026-06-08 21:43:18.764980, function: null, file: null}
Log registered: {message: Adding photo to upload queue: /var/folders/6s/dp27g8gn26j9mp36sjfxb9tw0000gn/T/hydracam_multi_device_mediatoKqzz/p4.jpg, timestamp: 2026-06-08 21:43:18.765262, function: null, file: null}
Log registered: {message: [UploaderService] No uploaded media with valid durations. Returning zero duration., timestamp: 2026-06-08 21:43:18.765359, function: null, file: null}
Log registered: {message: Media added to upload queue: /var/folders/6s/dp27g8gn26j9mp36sjfxb9tw0000gn/T/hydracam_multi_device_mediatoKqzz/p4.jpg, timestamp: 2026-06-08 21:43:18.765421, function: null, file: null}
Log registered: {message: Auto-upload is disabled. Media added to queue but not uploaded., timestamp: 2026-06-08 21:43:18.765651, function: null, file: null}
Log registered: {message: Session metadata saved to /var/folders/6s/dp27g8gn26j9mp36sjfxb9tw0000gn/T/hydracam_multi_device_docsFnLAJI/session_session_p4_a/metadata.json, timestamp: 2026-06-08 21:43:18.766248, function: null, file: null}
Log registered: {message: Session metadata saved to /var/folders/6s/dp27g8gn26j9mp36sjfxb9tw0000gn/T/hydracam_multi_device_docsFnLAJI/session_session_p4_a/metadata.json, timestamp: 2026-06-08 21:43:18.789405, function: null, file: null}
Log registered: {message: UploaderService: Resetting upload queue and state., timestamp: 2026-06-08 21:43:18.789560, function: null, file: null}
Log registered: {message: UploaderService: Reset completed., timestamp: 2026-06-08 21:43:18.789625, function: null, file: null}
Log registered: {message: Session ended and uploader reset., timestamp: 2026-06-08 21:43:18.789676, function: null, file: null}
Log registered: {message: UploaderService: Resetting upload queue and state., timestamp: 2026-06-08 21:43:18.789724, function: null, file: null}
Log registered: {message: UploaderService: Reset completed., timestamp: 2026-06-08 21:43:18.789766, function: null, file: null}
Log registered: {message: UploaderService: Resetting upload queue and state., timestamp: 2026-06-08 21:43:18.789807, function: null, file: null}
Log registered: {message: UploaderService: Reset completed., timestamp: 2026-06-08 21:43:18.789848, function: null, file: null}
Log registered: {message: Session started with GUID: session_p4_b on device type: Master, timestamp: 2026-06-08 21:43:18.789888, function: null, file: null}
Log registered: {message: UploaderService: Resetting upload queue and state., timestamp: 2026-06-08 21:43:18.790208, function: null, file: null}
Log registered: {message: UploaderService: Reset completed., timestamp: 2026-06-08 21:43:18.790309, function: null, file: null}
Log registered: {message: Session metadata saved to /var/folders/6s/dp27g8gn26j9mp36sjfxb9tw0000gn/T/hydracam_multi_device_docsFnLAJI/session_session_p4_b/metadata.json, timestamp: 2026-06-08 21:43:18.791300, function: null, file: null}
Log registered: {message: UploaderService: Resetting upload queue and state., timestamp: 2026-06-08 21:43:18.791417, function: null, file: null}
Log registered: {message: UploaderService: Reset completed., timestamp: 2026-06-08 21:43:18.791470, function: null, file: null}
Log registered: {message: Session ended and uploader reset., timestamp: 2026-06-08 21:43:18.791529, function: null, file: null}
00:00 +21: /Users/jose/src/work/hydracamv2/test/platform/multi_device_orchestration_test.dart: Video Scenarios Scenario V1: single slave video stored in session
Log registered: {message: UploaderService: Resetting upload queue and state., timestamp: 2026-06-08 21:43:18.793018, function: null, file: null}
Log registered: {message: UploaderService: Reset completed., timestamp: 2026-06-08 21:43:18.793082, function: null, file: null}
Log registered: {message: UploaderService: Resetting upload queue and state., timestamp: 2026-06-08 21:43:18.793465, function: null, file: null}
Log registered: {message: UploaderService: Reset completed., timestamp: 2026-06-08 21:43:18.793536, function: null, file: null}
Log registered: {message: Session started with GUID: session_v1 on device type: Master, timestamp: 2026-06-08 21:43:18.793584, function: null, file: null}
Log registered: {message: Adding video to upload queue: /var/folders/6s/dp27g8gn26j9mp36sjfxb9tw0000gn/T/hydracam_multi_device_media4cQYpJ/v1.mp4, timestamp: 2026-06-08 21:43:18.794441, function: null, file: null}
Log registered: {message: [UploaderService] No uploaded media with valid durations. Returning zero duration., timestamp: 2026-06-08 21:43:18.794617, function: null, file: null}
Log registered: {message: Media added to upload queue: /var/folders/6s/dp27g8gn26j9mp36sjfxb9tw0000gn/T/hydracam_multi_device_media4cQYpJ/v1.mp4, timestamp: 2026-06-08 21:43:18.794683, function: null, file: null}
Log registered: {message: Auto-upload is disabled. Media added to queue but not uploaded., timestamp: 2026-06-08 21:43:18.795189, function: null, file: null}
Log registered: {message: Session metadata saved to /var/folders/6s/dp27g8gn26j9mp36sjfxb9tw0000gn/T/hydracam_multi_device_docsrWv0BX/session_session_v1/metadata.json, timestamp: 2026-06-08 21:43:18.795720, function: null, file: null}
Log registered: {message: UploaderService: Resetting upload queue and state., timestamp: 2026-06-08 21:43:18.816541, function: null, file: null}
Log registered: {message: UploaderService: Reset completed., timestamp: 2026-06-08 21:43:18.816760, function: null, file: null}
Log registered: {message: Session metadata saved to /var/folders/6s/dp27g8gn26j9mp36sjfxb9tw0000gn/T/hydracam_multi_device_docsrWv0BX/session_session_v1/metadata.json, timestamp: 2026-06-08 21:43:18.817502, function: null, file: null}
Log registered: {message: UploaderService: Resetting upload queue and state., timestamp: 2026-06-08 21:43:18.817567, function: null, file: null}
Log registered: {message: UploaderService: Reset completed., timestamp: 2026-06-08 21:43:18.817614, function: null, file: null}
Log registered: {message: Session ended and uploader reset., timestamp: 2026-06-08 21:43:18.817659, function: null, file: null}
00:00 +22: /Users/jose/src/work/hydracamv2/test/platform/multi_device_orchestration_test.dart: Video Scenarios Scenario V2: multiple slave videos persist metadata
Log registered: {message: UploaderService: Resetting upload queue and state., timestamp: 2026-06-08 21:43:18.819301, function: null, file: null}
Log registered: {message: UploaderService: Reset completed., timestamp: 2026-06-08 21:43:18.819365, function: null, file: null}
Log registered: {message: UploaderService: Resetting upload queue and state., timestamp: 2026-06-08 21:43:18.819792, function: null, file: null}
Log registered: {message: UploaderService: Reset completed., timestamp: 2026-06-08 21:43:18.819847, function: null, file: null}
Log registered: {message: Session started with GUID: session_v2 on device type: Master, timestamp: 2026-06-08 21:43:18.819897, function: null, file: null}
Log registered: {message: Adding video to upload queue: /var/folders/6s/dp27g8gn26j9mp36sjfxb9tw0000gn/T/hydracam_multi_device_mediarRJWCX/v2-a.mp4, timestamp: 2026-06-08 21:43:18.820161, function: null, file: null}
Log registered: {message: [UploaderService] No uploaded media with valid durations. Returning zero duration., timestamp: 2026-06-08 21:43:18.820251, function: null, file: null}
Log registered: {message: Media added to upload queue: /var/folders/6s/dp27g8gn26j9mp36sjfxb9tw0000gn/T/hydracam_multi_device_mediarRJWCX/v2-a.mp4, timestamp: 2026-06-08 21:43:18.820308, function: null, file: null}
Log registered: {message: Adding video to upload queue: /var/folders/6s/dp27g8gn26j9mp36sjfxb9tw0000gn/T/hydracam_multi_device_mediarRJWCX/v2-b.mp4, timestamp: 2026-06-08 21:43:18.820530, function: null, file: null}
Log registered: {message: [UploaderService] No uploaded media with valid durations. Returning zero duration., timestamp: 2026-06-08 21:43:18.820605, function: null, file: null}
Log registered: {message: Media added to upload queue: /var/folders/6s/dp27g8gn26j9mp36sjfxb9tw0000gn/T/hydracam_multi_device_mediarRJWCX/v2-b.mp4, timestamp: 2026-06-08 21:43:18.820653, function: null, file: null}
Log registered: {message: Auto-upload is disabled. Media added to queue but not uploaded., timestamp: 2026-06-08 21:43:18.820942, function: null, file: null}
Log registered: {message: Auto-upload is disabled. Media added to queue but not uploaded., timestamp: 2026-06-08 21:43:18.821066, function: null, file: null}
Log registered: {message: Session metadata saved to /var/folders/6s/dp27g8gn26j9mp36sjfxb9tw0000gn/T/hydracam_multi_device_docsgdFJF7/session_session_v2/metadata.json, timestamp: 2026-06-08 21:43:18.821760, function: null, file: null}
Log registered: {message: Session metadata saved to /var/folders/6s/dp27g8gn26j9mp36sjfxb9tw0000gn/T/hydracam_multi_device_docsgdFJF7/session_session_v2/metadata.json, timestamp: 2026-06-08 21:43:18.821846, function: null, file: null}
Log registered: {message: UploaderService: Resetting upload queue and state., timestamp: 2026-06-08 21:43:18.844563, function: null, file: null}
Log registered: {message: UploaderService: Reset completed., timestamp: 2026-06-08 21:43:18.844690, function: null, file: null}
Log registered: {message: Session metadata saved to /var/folders/6s/dp27g8gn26j9mp36sjfxb9tw0000gn/T/hydracam_multi_device_docsgdFJF7/session_session_v2/metadata.json, timestamp: 2026-06-08 21:43:18.845353, function: null, file: null}
Log registered: {message: UploaderService: Resetting upload queue and state., timestamp: 2026-06-08 21:43:18.845423, function: null, file: null}
Log registered: {message: UploaderService: Reset completed., timestamp: 2026-06-08 21:43:18.845475, function: null, file: null}
Log registered: {message: Session ended and uploader reset., timestamp: 2026-06-08 21:43:18.845523, function: null, file: null}
00:00 +23: /Users/jose/src/work/hydracamv2/test/platform/multi_device_orchestration_test.dart: Video Scenarios Scenario V3: scheduled starts preserve offsets
Log registered: {message: UploaderService: Resetting upload queue and state., timestamp: 2026-06-08 21:43:18.847061, function: null, file: null}
Log registered: {message: UploaderService: Reset completed., timestamp: 2026-06-08 21:43:18.847135, function: null, file: null}
Log registered: {message: UploaderService: Resetting upload queue and state., timestamp: 2026-06-08 21:43:18.847544, function: null, file: null}
Log registered: {message: UploaderService: Reset completed., timestamp: 2026-06-08 21:43:18.847597, function: null, file: null}
Log registered: {message: Session started with GUID: session_v3 on device type: Master, timestamp: 2026-06-08 21:43:18.847645, function: null, file: null}
Log registered: {message: Adding video to upload queue: /var/folders/6s/dp27g8gn26j9mp36sjfxb9tw0000gn/T/hydracam_multi_device_mediaGnJEiH/v3-a.mp4, timestamp: 2026-06-08 21:43:18.847894, function: null, file: null}
Log registered: {message: [UploaderService] No uploaded media with valid durations. Returning zero duration., timestamp: 2026-06-08 21:43:18.847971, function: null, file: null}
Log registered: {message: Media added to upload queue: /var/folders/6s/dp27g8gn26j9mp36sjfxb9tw0000gn/T/hydracam_multi_device_mediaGnJEiH/v3-a.mp4, timestamp: 2026-06-08 21:43:18.848031, function: null, file: null}
Log registered: {message: Adding video to upload queue: /var/folders/6s/dp27g8gn26j9mp36sjfxb9tw0000gn/T/hydracam_multi_device_mediaGnJEiH/v3-b.mp4, timestamp: 2026-06-08 21:43:18.848254, function: null, file: null}
Log registered: {message: [UploaderService] No uploaded media with valid durations. Returning zero duration., timestamp: 2026-06-08 21:43:18.848326, function: null, file: null}
Log registered: {message: Media added to upload queue: /var/folders/6s/dp27g8gn26j9mp36sjfxb9tw0000gn/T/hydracam_multi_device_mediaGnJEiH/v3-b.mp4, timestamp: 2026-06-08 21:43:18.848685, function: null, file: null}
Log registered: {message: Adding video to upload queue: /var/folders/6s/dp27g8gn26j9mp36sjfxb9tw0000gn/T/hydracam_multi_device_mediaGnJEiH/v3-c.mp4, timestamp: 2026-06-08 21:43:18.848908, function: null, file: null}
Log registered: {message: [UploaderService] No uploaded media with valid durations. Returning zero duration., timestamp: 2026-06-08 21:43:18.848972, function: null, file: null}
Log registered: {message: Media added to upload queue: /var/folders/6s/dp27g8gn26j9mp36sjfxb9tw0000gn/T/hydracam_multi_device_mediaGnJEiH/v3-c.mp4, timestamp: 2026-06-08 21:43:18.849016, function: null, file: null}
Log registered: {message: Auto-upload is disabled. Media added to queue but not uploaded., timestamp: 2026-06-08 21:43:18.849255, function: null, file: null}
Log registered: {message: Auto-upload is disabled. Media added to queue but not uploaded., timestamp: 2026-06-08 21:43:18.849363, function: null, file: null}
Log registered: {message: Auto-upload is disabled. Media added to queue but not uploaded., timestamp: 2026-06-08 21:43:18.849463, function: null, file: null}
Log registered: {message: Session metadata saved to /var/folders/6s/dp27g8gn26j9mp36sjfxb9tw0000gn/T/hydracam_multi_device_docswzqm0V/session_session_v3/metadata.json, timestamp: 2026-06-08 21:43:18.850245, function: null, file: null}
Log registered: {message: Session metadata saved to /var/folders/6s/dp27g8gn26j9mp36sjfxb9tw0000gn/T/hydracam_multi_device_docswzqm0V/session_session_v3/metadata.json, timestamp: 2026-06-08 21:43:18.850469, function: null, file: null}
Log registered: {message: Session metadata saved to /var/folders/6s/dp27g8gn26j9mp36sjfxb9tw0000gn/T/hydracam_multi_device_docswzqm0V/session_session_v3/metadata.json, timestamp: 2026-06-08 21:43:18.850561, function: null, file: null}
Log registered: {message: UploaderService: Resetting upload queue and state., timestamp: 2026-06-08 21:43:18.871215, function: null, file: null}
Log registered: {message: UploaderService: Reset completed., timestamp: 2026-06-08 21:43:18.871336, function: null, file: null}
Log registered: {message: Session metadata saved to /var/folders/6s/dp27g8gn26j9mp36sjfxb9tw0000gn/T/hydracam_multi_device_docswzqm0V/session_session_v3/metadata.json, timestamp: 2026-06-08 21:43:18.871985, function: null, file: null}
Log registered: {message: UploaderService: Resetting upload queue and state., timestamp: 2026-06-08 21:43:18.872042, function: null, file: null}
Log registered: {message: UploaderService: Reset completed., timestamp: 2026-06-08 21:43:18.872082, function: null, file: null}
Log registered: {message: Session ended and uploader reset., timestamp: 2026-06-08 21:43:18.872119, function: null, file: null}
00:00 +24: /Users/jose/src/work/hydracamv2/test/platform/multi_device_orchestration_test.dart: (tearDownAll)
00:01 +24: /Users/jose/src/work/hydracamv2/test/widget_test.dart: (setUpAll)
00:01 +24: /Users/jose/src/work/hydracamv2/test/widget_test.dart: HydraCamApp builds without crashing
Log registered: {message: Navigation decision: automationEnabled=false, config=null, automationMaster=false, automationStandby=false, automationSetupPreview=false, forceSlave=false, timestamp: 2026-06-08 21:43:19.965571, function: null, file: null}
Log registered: {message: Navigating to SlaveScreen(isAutoMode=true, preferredMasterIp=null, forceSlaveMode=false), timestamp: 2026-06-08 21:43:19.967597, function: null, file: null}
00:01 +24: /Users/jose/src/work/hydracamv2/test/screens/uploader_info_screen_test.dart: cancel action clears the current upload row
Log registered: {message: UploaderService: Resetting upload queue and state., timestamp: 2026-06-08 21:43:20.057638, function: null, file: null}
Log registered: {message: UploaderService: Reset completed., timestamp: 2026-06-08 21:43:20.060118, function: null, file: null}
00:01 +24: /Users/jose/src/work/hydracamv2/test/widget_test.dart: HydraCamApp builds without crashing
00:01 +25: /Users/jose/src/work/hydracamv2/test/widget_test.dart: HydraCamApp builds without crashing
00:01 +26: /Users/jose/src/work/hydracamv2/test/widget_test.dart: HydraCamApp builds without crashing
00:01 +27: /Users/jose/src/work/hydracamv2/test/widget_test.dart: HydraCamApp builds without crashing
00:01 +27 ~1: /Users/jose/src/work/hydracamv2/test/widget_test.dart: HydraCamApp builds without crashing
00:01 +27 ~1: /Users/jose/src/work/hydracamv2/test/slave/slave_client_registration_test.dart: slave registers before waiting for network payload
Log registered: {message: Retrieved existing Device ID: test-device, timestamp: 2026-06-08 21:43:20.105137, function: null, file: null}
Log registered: {message: Attempting to connect to master WebSocket at ws://127.0.0.1:50188/ws with Device ID: test-device, timestamp: 2026-06-08 21:43:20.107502, function: null, file: null}
Log registered: {message: Connected to WebSocket at ws://127.0.0.1:50188/ws, timestamp: 2026-06-08 21:43:20.109323, function: null, file: null}
Log registered: {message: Connection closed, timestamp: 2026-06-08 21:43:20.125162, function: null, file: null}
00:01 +28 ~1: /Users/jose/src/work/hydracamv2/test/widget_test.dart: HydraCamApp builds without crashing
00:01 +28 ~1: /Users/jose/src/work/hydracamv2/test/slave/slave_client_registration_test.dart: slave registers before waiting for network payload
Trace file unavailable: MissingPluginException(No implementation found for method getApplicationDocumentsDirectory on channel plugins.flutter.io/path_provider)
00:01 +28 ~1: /Users/jose/src/work/hydracamv2/test/widget_test.dart: HydraCamApp builds without crashing
Log registered: {message: StorageService monitoring disabled - timer not started., timestamp: 2026-06-08 21:43:20.132231, function: null, file: null}
00:01 +28 ~1: /Users/jose/src/work/hydracamv2/test/slave/slave_client_registration_test.dart: slave heartbeat includes camera setup status when available
Log registered: {message: Retrieved existing Device ID: test-device, timestamp: 2026-06-08 21:43:20.133004, function: null, file: null}
Log registered: {message: Attempting to connect to master WebSocket at ws://127.0.0.1:50190/ws with Device ID: test-device, timestamp: 2026-06-08 21:43:20.133159, function: null, file: null}
00:01 +28 ~1: /Users/jose/src/work/hydracamv2/test/widget_test.dart: HydraCamApp builds without crashing
Log registered: {message: BatteryService monitoring disabled - timer not started., timestamp: 2026-06-08 21:43:20.133263, function: null, file: null}
00:01 +28 ~1: /Users/jose/src/work/hydracamv2/test/slave/slave_client_registration_test.dart: slave heartbeat includes camera setup status when available
Log registered: {message: Connected to WebSocket at ws://127.0.0.1:50190/ws, timestamp: 2026-06-08 21:43:20.133511, function: null, file: null}
Log registered: {message: Connection closed, timestamp: 2026-06-08 21:43:20.137890, function: null, file: null}
00:01 +29 ~1: /Users/jose/src/work/hydracamv2/test/widget_test.dart: HydraCamApp builds without crashing
00:01 +29 ~1: /Users/jose/src/work/hydracamv2/test/slave/slave_client_registration_test.dart: slave heartbeat reports active session guid
Log registered: {message: UploaderService: Resetting upload queue and state., timestamp: 2026-06-08 21:43:20.143785, function: null, file: null}
Log registered: {message: UploaderService: Reset completed., timestamp: 2026-06-08 21:43:20.144247, function: null, file: null}
Log registered: {message: Session started with GUID: slave-session-guid on device type: Slave, timestamp: 2026-06-08 21:43:20.144563, function: null, file: null}
Log registered: {message: Retrieved existing Device ID: test-device, timestamp: 2026-06-08 21:43:20.145019, function: null, file: null}
Log registered: {message: Attempting to connect to master WebSocket at ws://127.0.0.1:50192/ws with Device ID: test-device, timestamp: 2026-06-08 21:43:20.145105, function: null, file: null}
Log registered: {message: Connected to WebSocket at ws://127.0.0.1:50192/ws, timestamp: 2026-06-08 21:43:20.145404, function: null, file: null}
Log registered: {message: Connection closed, timestamp: 2026-06-08 21:43:20.149221, function: null, file: null}
Log registered: {message: Error saving session metadata: MissingPluginException(No implementation found for method getApplicationDocumentsDirectory on channel plugins.flutter.io/path_provider), timestamp: 2026-06-08 21:43:20.150380, function: null, file: null}
Log registered: {message: UploaderService: Resetting upload queue and state., timestamp: 2026-06-08 21:43:20.150513, function: null, file: null}
Log registered: {message: UploaderService: Reset completed., timestamp: 2026-06-08 21:43:20.150710, function: null, file: null}
Log registered: {message: Session ended and uploader reset., timestamp: 2026-06-08 21:43:20.150785, function: null, file: null}
00:01 +30 ~1: /Users/jose/src/work/hydracamv2/test/widget_test.dart: HydraCamApp builds without crashing
00:01 +30 ~1: /Users/jose/src/work/hydracamv2/test/slave/slave_client_registration_test.dart: autograbado starts recording when sessionStarted arrives
Log registered: {message: Retrieved existing Device ID: test-device, timestamp: 2026-06-08 21:43:20.154049, function: null, file: null}
Log registered: {message: Attempting to connect to master WebSocket at ws://127.0.0.1:50194/ws with Device ID: test-device, timestamp: 2026-06-08 21:43:20.154201, function: null, file: null}
Log registered: {message: Connected to WebSocket at ws://127.0.0.1:50194/ws, timestamp: 2026-06-08 21:43:20.154677, function: null, file: null}
Log registered: {message: Command received from master: {"command":"sessionStarted","sessionGuid":"autograbado-session"}, timestamp: 2026-06-08 21:43:20.158252, function: null, file: null}
Log registered: {message: Command: {"command":"sessionStarted","sessionGuid":"autograbado-session"}, timestamp: 2026-06-08 21:43:20.158874, function: null, file: null}
Log registered: {message: Session guid: autograbado-session, timestamp: 2026-06-08 21:43:20.158963, function: null, file: null}
Log registered: {message: UploaderService: Resetting upload queue and state., timestamp: 2026-06-08 21:43:20.159179, function: null, file: null}
Log registered: {message: UploaderService: Reset completed., timestamp: 2026-06-08 21:43:20.159254, function: null, file: null}
Log registered: {message: Session started with GUID: autograbado-session on device type: Slave, timestamp: 2026-06-08 21:43:20.159324, function: null, file: null}
Log registered: {message: Get token, timestamp: 2026-06-08 21:43:20.159872, function: null, file: null}
Log registered: {message: Fetch token, timestamp: 2026-06-08 21:43:20.160147, function: null, file: null}
00:01 +31 ~1: /Users/jose/src/work/hydracamv2/test/screens/session_details_screen_test.dart: session details shows player assignment backend state
00:01 +31 ~1: /Users/jose/src/work/hydracamv2/test/slave/slave_client_registration_test.dart: autograbado starts recording when sessionStarted arrives
Log registered: {message: Autograbado starting recording for active session autograbado-session., timestamp: 2026-06-08 21:43:20.166357, function: null, file: null}
Log registered: {message: Starting video recording, timestamp: 2026-06-08 21:43:20.167072, function: null, file: null}
Log registered: {message: Mock camera ready for native controller mode on macOS., timestamp: 2026-06-08 21:43:20.167569, function: null, file: null}
00:01 +31 ~1: /Users/jose/src/work/hydracamv2/test/screens/session_details_screen_test.dart: session details shows player assignment backend state
00:01 +31 ~1: /Users/jose/src/work/hydracamv2/test/screens/uploader_info_screen_test.dart: cancel action clears the current upload row
Log registered: {message: UploaderService: Resetting upload queue and state., timestamp: 2026-06-08 21:43:20.168716, function: null, file: null}
Log registered: {message: UploaderService: Reset completed., timestamp: 2026-06-08 21:43:20.168975, function: null, file: null}
Log registered: {message: Session started with GUID: uploader-info-session-guid on device type: Slave, timestamp: 2026-06-08 21:43:20.169236, function: null, file: null}
00:01 +31 ~1: /Users/jose/src/work/hydracamv2/test/slave/slave_client_registration_test.dart: autograbado starts recording when sessionStarted arrives
Log registered: {message: Retrieved existing Device ID: test-device, timestamp: 2026-06-08 21:43:20.170616, function: null, file: null}
Log registered: {message: Mock video recording started for native controller mode., timestamp: 2026-06-08 21:43:20.171057, function: null, file: null}
Log registered: {message: Failed to fetch M2M token: , timestamp: 2026-06-08 21:43:20.171863, function: null, file: null}
Log registered: {message: Error on POST device/ReadyToTransmit: Exception: Failed to retrieve M2M token, timestamp: 2026-06-08 21:43:20.172105, function: null, file: null}
Log registered: {message: Failed to notify server: No response, timestamp: 2026-06-08 21:43:20.172187, function: null, file: null}
Log registered: {message: Connection closed, timestamp: 2026-06-08 21:43:20.172322, function: null, file: null}
00:01 +31 ~1: /Users/jose/src/work/hydracamv2/test/screens/uploader_info_screen_test.dart: cancel action clears the current upload row
Log registered: {message: Adding video to upload queue: /var/folders/6s/dp27g8gn26j9mp36sjfxb9tw0000gn/T/uploader_info_screen_testRyCJat/current-upload.mp4, timestamp: 2026-06-08 21:43:20.172209, function: null, file: null}
Log registered: {message: [UploaderService] No uploaded media with valid durations. Returning zero duration., timestamp: 2026-06-08 21:43:20.173202, function: null, file: null}
Log registered: {message: Media added to upload queue: /var/folders/6s/dp27g8gn26j9mp36sjfxb9tw0000gn/T/uploader_info_screen_testRyCJat/current-upload.mp4, timestamp: 2026-06-08 21:43:20.173343, function: null, file: null}
Log registered: {message: [UploaderService] Queue is empty. Returning zero duration., timestamp: 2026-06-08 21:43:20.174389, function: null, file: null}
Log registered: {message: Cancelled pending upload: /var/folders/6s/dp27g8gn26j9mp36sjfxb9tw0000gn/T/uploader_info_screen_testRyCJat/current-upload.mp4, timestamp: 2026-06-08 21:43:20.174494, function: null, file: null}
Log registered: {message: Auto-upload is disabled. Media added to queue but not uploaded., timestamp: 2026-06-08 21:43:20.177207, function: null, file: null}
00:01 +31 ~1: /Users/jose/src/work/hydracamv2/test/slave/slave_client_registration_test.dart: autograbado starts recording when sessionStarted arrives
Log registered: {message: Mock video saved to session path: /var/folders/6s/dp27g8gn26j9mp36sjfxb9tw0000gn/T/slave_client_docsPlNpY1/session_autograbado-session/mock_1_2026-06-08T21-43-20-173104.mp4, timestamp: 2026-06-08 21:43:20.179725, function: null, file: null}
Log registered: {message: Session metadata saved to /var/folders/6s/dp27g8gn26j9mp36sjfxb9tw0000gn/T/slave_client_docsPlNpY1/session_autograbado-session/metadata.json, timestamp: 2026-06-08 21:43:20.180727, function: null, file: null}
Log registered: {message: UploaderService: Resetting upload queue and state., timestamp: 2026-06-08 21:43:20.180841, function: null, file: null}
Log registered: {message: UploaderService: Reset completed., timestamp: 2026-06-08 21:43:20.181178, function: null, file: null}
Log registered: {message: Session ended and uploader reset., timestamp: 2026-06-08 21:43:20.181261, function: null, file: null}
00:01 +32 ~1: /Users/jose/src/work/hydracamv2/test/screens/session_details_screen_test.dart: session details shows player assignment backend state
00:01 +32 ~1: /Users/jose/src/work/hydracamv2/test/slave/slave_client_registration_test.dart: startUploadingAll command starts pending upload queue
Log registered: {message: UploaderService: Resetting upload queue and state., timestamp: 2026-06-08 21:43:20.183577, function: null, file: null}
Log registered: {message: UploaderService: Reset completed., timestamp: 2026-06-08 21:43:20.183692, function: null, file: null}
Log registered: {message: [UploaderService] No uploaded media with valid durations. Returning zero duration., timestamp: 2026-06-08 21:43:20.185546, function: null, file: null}
Log registered: {message: Media added to upload queue: /var/folders/6s/dp27g8gn26j9mp36sjfxb9tw0000gn/T/slave_upload_command93y1QN/queued-photo.jpg, timestamp: 2026-06-08 21:43:20.185721, function: null, file: null}
Log registered: {message: Auto-upload is disabled. Media added to queue but not uploaded., timestamp: 2026-06-08 21:43:20.186264, function: null, file: null}
Log registered: {message: Retrieved existing Device ID: test-device, timestamp: 2026-06-08 21:43:20.186382, function: null, file: null}
Log registered: {message: Attempting to connect to master WebSocket at ws://127.0.0.1:50196/ws with Device ID: test-device, timestamp: 2026-06-08 21:43:20.186598, function: null, file: null}
Log registered: {message: Connected to WebSocket at ws://127.0.0.1:50196/ws, timestamp: 2026-06-08 21:43:20.186947, function: null, file: null}
Log registered: {message: Command received from master: {"command":"startUploadingAll"}, timestamp: 2026-06-08 21:43:20.190590, function: null, file: null}
Log registered: {message: Start-upload-all command received from master., timestamp: 2026-06-08 21:43:20.190880, function: null, file: null}
Log registered: {message: Manual upload initiated., timestamp: 2026-06-08 21:43:20.191074, function: null, file: null}
Log registered: {message: UploaderService: _startUploading called. _isUploading=false, queue length=1, timestamp: 2026-06-08 21:43:20.191335, function: null, file: null}
Log registered: {message: UploaderService: _processNextItem called. Queue length=1, timestamp: 2026-06-08 21:43:20.191686, function: null, file: null}
Log registered: {message: UploaderService: sessionGuid=null, timestamp: 2026-06-08 21:43:20.191849, function: null, file: null}
Log registered: {message: No session GUID available. Cannot upload media., timestamp: 2026-06-08 21:43:20.191915, function: null, file: null}
Log registered: {message: Connection closed, timestamp: 2026-06-08 21:43:20.200105, function: null, file: null}
Log registered: {message: UploaderService: Resetting upload queue and state., timestamp: 2026-06-08 21:43:20.200364, function: null, file: null}
Log registered: {message: UploaderService: Reset completed., timestamp: 2026-06-08 21:43:20.200432, function: null, file: null}
00:01 +33 ~1: /Users/jose/src/work/hydracamv2/test/screens/session_details_screen_test.dart: session details shows player assignment backend state
00:01 +33 ~1: /Users/jose/src/work/hydracamv2/test/slave/slave_client_registration_test.dart: identifySlave command replies with identifyAck
Log registered: {message: UploaderService: Resetting upload queue and state., timestamp: 2026-06-08 21:43:20.202620, function: null, file: null}
Log registered: {message: UploaderService: Reset completed., timestamp: 2026-06-08 21:43:20.202705, function: null, file: null}
Log registered: {message: Session started with GUID: slave-session-guid on device type: Slave, timestamp: 2026-06-08 21:43:20.202838, function: null, file: null}
Log registered: {message: Retrieved existing Device ID: test-device, timestamp: 2026-06-08 21:43:20.203348, function: null, file: null}
Log registered: {message: Attempting to connect to master WebSocket at ws://127.0.0.1:50198/ws with Device ID: test-device, timestamp: 2026-06-08 21:43:20.203416, function: null, file: null}
Log registered: {message: Connected to WebSocket at ws://127.0.0.1:50198/ws, timestamp: 2026-06-08 21:43:20.203703, function: null, file: null}
Log registered: {message: Command received from master: {"command":"identifySlave","requestId":"identify-test"}, timestamp: 2026-06-08 21:43:20.207178, function: null, file: null}
Log registered: {message: Sent identifyAck notification to master, timestamp: 2026-06-08 21:43:20.207615, function: null, file: null}
Log registered: {message: Connection closed, timestamp: 2026-06-08 21:43:20.208097, function: null, file: null}
Log registered: {message: Session metadata saved to /var/folders/6s/dp27g8gn26j9mp36sjfxb9tw0000gn/T/slave_client_docsPlNpY1/session_slave-session-guid/metadata.json, timestamp: 2026-06-08 21:43:20.209581, function: null, file: null}
Log registered: {message: UploaderService: Resetting upload queue and state., timestamp: 2026-06-08 21:43:20.209674, function: null, file: null}
Log registered: {message: UploaderService: Reset completed., timestamp: 2026-06-08 21:43:20.209731, function: null, file: null}
Log registered: {message: Session ended and uploader reset., timestamp: 2026-06-08 21:43:20.209778, function: null, file: null}
00:01 +34 ~1: /Users/jose/src/work/hydracamv2/test/screens/session_details_screen_test.dart: session details shows player assignment backend state
00:01 +34 ~1: /Users/jose/src/work/hydracamv2/test/slave/slave_client_registration_test.dart: scheduled command applies master clock offset before countdown
Log registered: {message: Retrieved existing Device ID: test-device, timestamp: 2026-06-08 21:43:20.212055, function: null, file: null}
Log registered: {message: Attempting to connect to master WebSocket at ws://127.0.0.1:50200/ws with Device ID: test-device, timestamp: 2026-06-08 21:43:20.212248, function: null, file: null}
Log registered: {message: Connected to WebSocket at ws://127.0.0.1:50200/ws, timestamp: 2026-06-08 21:43:20.212652, function: null, file: null}
Log registered: {message: Command received from master: {"type":"scheduledCommand","command":"takePhoto","scheduledTime":"2026-06-08T20:35:05.000Z","masterTime":"2026-06-08T20:35:02.000Z"}, timestamp: 2026-06-08 21:43:20.215478, function: null, file: null}
Log registered: {message: Updated slave scheduled clock offset from master: 2000 ms., timestamp: 2026-06-08 21:43:20.216565, function: null, file: null}
Log registered: {message: Command 'takePhoto' scheduled for 2026-06-08 20:35:05.000Z., timestamp: 2026-06-08 21:43:20.216903, function: null, file: null}
Log registered: {message: Connection closed, timestamp: 2026-06-08 21:43:20.217435, function: null, file: null}
00:01 +35 ~1: /Users/jose/src/work/hydracamv2/test/screens/session_details_screen_test.dart: session details shows player assignment backend state
00:01 +36 ~1: /Users/jose/src/work/hydracamv2/test/screens/capture_settings_screen_test.dart: settings screen shows capture settings instead of camera quality
00:01 +36 ~1: /Users/jose/src/work/hydracamv2/test/screens/master_video_recording_screen_test.dart: recording preview exits when no recording is active and no controller exists
Log registered: {message: Closing recording preview because no recording is active., timestamp: 2026-06-08 21:43:20.386379, function: null, file: null}
00:01 +37 ~1: /Users/jose/src/work/hydracamv2/test/screens/capture_settings_screen_test.dart: settings screen shows capture settings instead of camera quality
00:01 +38 ~1: /Users/jose/src/work/hydracamv2/test/screens/capture_settings_screen_test.dart: settings screen shows capture settings instead of camera quality
00:01 +39 ~1: /Users/jose/src/work/hydracamv2/test/screens/uploader_info_screen_test.dart: cancel action clears the current upload row
00:01 +40 ~1: /Users/jose/src/work/hydracamv2/test/screens/uploader_info_screen_test.dart: cancel action clears the current upload row
Log registered: {message: [UploaderService] Queue is empty. Returning zero duration., timestamp: 2026-06-08 21:43:20.508785, function: null, file: null}
Log registered: {message: Cancelled active upload: /var/folders/6s/dp27g8gn26j9mp36sjfxb9tw0000gn/T/uploader_info_screen_testRyCJat/current-upload.mp4, timestamp: 2026-06-08 21:43:20.509005, function: null, file: null}
00:01 +40 ~1: /Users/jose/src/work/hydracamv2/test/camera_singleton_initialization_test.dart: CameraServiceSingleton Initialization MasterScreen can be created when CameraServiceSingleton is initialized
Log registered: {message: WebSocket Server stopped, timestamp: 2026-06-08 21:43:20.526025, function: null, file: null}
Log registered: {message: Stopped broadcasting master discovery message., timestamp: 2026-06-08 21:43:20.528399, function: null, file: null}
00:01 +41 ~1: /Users/jose/src/work/hydracamv2/test/screens/uploader_info_screen_test.dart: cancel action clears the current upload row
Log registered: {message: Session metadata saved to /var/folders/6s/dp27g8gn26j9mp36sjfxb9tw0000gn/T/uploader_info_screen_docsT3k6R6/session_uploader-info-session-guid/metadata.json, timestamp: 2026-06-08 21:43:20.557937, function: null, file: null}
Log registered: {message: UploaderService: Resetting upload queue and state., timestamp: 2026-06-08 21:43:20.558152, function: null, file: null}
Log registered: {message: UploaderService: Reset completed., timestamp: 2026-06-08 21:43:20.558233, function: null, file: null}
Log registered: {message: Session ended and uploader reset., timestamp: 2026-06-08 21:43:20.558293, function: null, file: null}
Log registered: {message: UploaderService: Resetting upload queue and state., timestamp: 2026-06-08 21:43:20.558357, function: null, file: null}
Log registered: {message: UploaderService: Reset completed., timestamp: 2026-06-08 21:43:20.558407, function: null, file: null}
00:02 +42 ~1: /Users/jose/src/work/hydracamv2/test/screens/capture_settings_screen_test.dart: settings screen exposes disabled autograbado toggle
Log registered: {message: Updated autograbadoMode value to true, timestamp: 2026-06-08 21:43:20.560120, function: null, file: null}
00:02 +43 ~1: /Users/jose/src/work/hydracamv2/test/screens/capture_settings_screen_test.dart: settings screen exposes disabled autograbado toggle
00:02 +44 ~1: /Users/jose/src/work/hydracamv2/test/screens/capture_settings_screen_test.dart: settings screen exposes disabled autograbado toggle
00:02 +45 ~1: /Users/jose/src/work/hydracamv2/test/screens/capture_settings_screen_test.dart: settings screen exposes disabled autograbado toggle
00:02 +46 ~1: /Users/jose/src/work/hydracamv2/test/camera_singleton_initialization_test.dart: CameraServiceSingleton Error Prevention MasterScreen initState accesses CameraServiceSingleton safely
Log registered: {message: WebSocket Server stopped, timestamp: 2026-06-08 21:43:20.615951, function: null, file: null}
Log registered: {message: Stopped broadcasting master discovery message., timestamp: 2026-06-08 21:43:20.616242, function: null, file: null}
00:02 +47 ~1: /Users/jose/src/work/hydracamv2/test/screens/capture_settings_screen_test.dart: settings screen explains current storage location
00:02 +48 ~1: /Users/jose/src/work/hydracamv2/test/screens/capture_settings_screen_test.dart: settings screen explains current storage location
00:02 +49 ~1: /Users/jose/src/work/hydracamv2/test/screens/capture_settings_screen_test.dart: settings screen explains current storage location
00:02 +50 ~1: /Users/jose/src/work/hydracamv2/test/slave/slave_screen_fast_connect_test.dart: forced preferred master connects without network readiness probe
00:02 +51 ~1: /Users/jose/src/work/hydracamv2/test/slave/slave_screen_fast_connect_test.dart: forced preferred master connects without network readiness probe
00:02 +52 ~1: /Users/jose/src/work/hydracamv2/test/slave/slave_screen_fast_connect_test.dart: forced preferred master connects without network readiness probe
00:02 +53 ~1: /Users/jose/src/work/hydracamv2/test/slave/slave_screen_fast_connect_test.dart: forced preferred master connects without network readiness probe
00:02 +54 ~1: /Users/jose/src/work/hydracamv2/test/slave/slave_screen_fast_connect_test.dart: forced preferred master connects without network readiness probe
00:02 +55 ~1: /Users/jose/src/work/hydracamv2/test/slave/slave_screen_fast_connect_test.dart: forced preferred master connects without network readiness probe
Log registered: {message: Skipping slave network readiness for forced preferred master 192.168.178.153., timestamp: 2026-06-08 21:43:21.073114, function: null, file: null}
Log registered: {message: Connecting to master at IP: 192.168.178.153, timestamp: 2026-06-08 21:43:21.075015, function: null, file: null}
00:02 +56 ~1: /Users/jose/src/work/hydracamv2/test/slave/slave_screen_fast_connect_test.dart: forced preferred master connects without network readiness probe
00:02 +57 ~1: /Users/jose/src/work/hydracamv2/test/slave/slave_screen_fast_connect_test.dart: forced preferred master connects without network readiness probe
00:02 +58 ~1: /Users/jose/src/work/hydracamv2/test/slave/slave_screen_fast_connect_test.dart: forced preferred master connects without network readiness probe
00:02 +59 ~1: /Users/jose/src/work/hydracamv2/test/slave/slave_screen_fast_connect_test.dart: forced preferred master connects without network readiness probe
00:02 +59 ~1: /Users/jose/src/work/hydracamv2/test/master/master_network_snapshot_cache_test.dart: stale socket close does not remove current client registration
Log registered: {message: Client slave-a disconnected. Total clients: 0, timestamp: 2026-06-08 21:43:21.133810, function: null, file: null}
00:02 +60 ~1: /Users/jose/src/work/hydracamv2/test/slave/slave_screen_fast_connect_test.dart: forced preferred master connects without network readiness probe
00:02 +60 ~1: /Users/jose/src/work/hydracamv2/test/master/master_network_snapshot_cache_test.dart: stale socket close does not remove current client registration
Trace file unavailable: MissingPluginException(No implementation found for method getApplicationDocumentsDirectory on channel plugins.flutter.io/path_provider)
00:02 +60 ~1: /Users/jose/src/work/hydracamv2/test/master/master_network_snapshot_cache_test.dart: master server retains disconnected device status after socket removal
Log registered: {message: Client slave-a disconnected. Total clients: 0, timestamp: 2026-06-08 21:43:21.139450, function: null, file: null}
00:02 +61 ~1: /Users/jose/src/work/hydracamv2/test/slave/slave_screen_fast_connect_test.dart: forced preferred master connects without network readiness probe
00:02 +61 ~1: /Users/jose/src/work/hydracamv2/test/master/master_network_snapshot_cache_test.dart: master server orders connected devices before disconnected history
Log registered: {message: Client a-stale-slave disconnected. Total clients: 0, timestamp: 2026-06-08 21:43:21.141100, function: null, file: null}
00:02 +62 ~1: /Users/jose/src/work/hydracamv2/test/slave/slave_screen_fast_connect_test.dart: forced preferred master connects without network readiness probe
00:02 +62 ~1: /Users/jose/src/work/hydracamv2/test/master/master_network_snapshot_cache_test.dart: scheduled commands include master send time for slave clock offset
Log registered: {message: Scheduling command 'takePhoto' for 2026-06-08T20:35:05.000Z, timestamp: 2026-06-08 21:43:21.143016, function: null, file: null}
Log registered: {message: Scheduled command 'takePhoto' sent to slave with deviceId: slave-a., timestamp: 2026-06-08 21:43:21.144635, function: null, file: null}
00:02 +63 ~1: /Users/jose/src/work/hydracamv2/test/slave/slave_screen_fast_connect_test.dart: forced preferred master connects without network readiness probe
00:02 +63 ~1: /Users/jose/src/work/hydracamv2/test/master/master_network_snapshot_cache_test.dart: master sends identify command and records ack diagnostics
Log registered: {message: Identify command sent to slave with deviceId: slave-a., timestamp: 2026-06-08 21:43:21.148936, function: null, file: null}
00:02 +64 ~1: /Users/jose/src/work/hydracamv2/test/slave/slave_screen_fast_connect_test.dart: forced preferred master connects without network readiness probe
00:02 +65 ~1: /Users/jose/src/work/hydracamv2/test/slave/slave_screen_fast_connect_test.dart: forced preferred master connects without network readiness probe
00:02 +66 ~1: /Users/jose/src/work/hydracamv2/test/slave/slave_screen_fast_connect_test.dart: forced preferred master connects without network readiness probe
00:02 +67 ~1: /Users/jose/src/work/hydracamv2/test/automation/automation_standby_screen_test.dart: standby screen renders visible status instead of a blank body
00:02 +67 ~1: /Users/jose/src/work/hydracamv2/test/slave/slave_screen_fast_connect_test.dart: slave app bar opens uploader info directly
Log registered: {message: Skipping slave network readiness for forced preferred master 192.168.178.153., timestamp: 2026-06-08 21:43:21.275126, function: null, file: null}
Log registered: {message: Connecting to master at IP: 192.168.178.153, timestamp: 2026-06-08 21:43:21.275353, function: null, file: null}
00:02 +68 ~1: /Users/jose/src/work/hydracamv2/test/automation/automation_standby_screen_test.dart: standby screen renders visible status instead of a blank body
00:02 +69 ~1: /Users/jose/src/work/hydracamv2/test/automation/automation_standby_screen_test.dart: standby screen renders visible status instead of a blank body
00:02 +70 ~1: /Users/jose/src/work/hydracamv2/test/automation/automation_standby_screen_test.dart: standby screen renders visible status instead of a blank body
00:02 +71 ~1: /Users/jose/src/work/hydracamv2/test/automation/automation_standby_screen_test.dart: standby screen renders visible status instead of a blank body
00:02 +72 ~1: /Users/jose/src/work/hydracamv2/test/automation/automation_standby_screen_test.dart: standby screen renders visible status instead of a blank body
00:02 +73 ~1: /Users/jose/src/work/hydracamv2/test/automation/automation_standby_screen_test.dart: standby screen renders visible status instead of a blank body
00:02 +73 ~1: /Users/jose/src/work/hydracamv2/test/services/camera_service_failure_test.dart: takePhoto surfaces camera failures instead of returning a fake path
Log registered: {message: Initializing camera..., timestamp: 2026-06-08 21:43:21.383027, function: null, file: null}
Log registered: {message: Error taking photo: Exception: No cameras available on this device.
#0      CameraService.ensureCameraIsReady (package:hydracam/services/camera_service.dart:246:7)
<asynchronous suspension>
#1      CameraService.takePhoto (package:hydracam/services/camera_service.dart:296:7)
<asynchronous suspension>
#2      Throws._matchFuture (package:matcher/src/expect/throws_matcher.dart:103:19)
<asynchronous suspension>
#3      _expect.<anonymous closure> (package:matcher/src/expect/expect.dart:153:17)
<asynchronous suspension>
#4      StackZoneSpecification._registerCallback.<anonymous closure> (package:stack_trace/src/stack_zone_specification.dart:114:42)
<asynchronous suspension>
#5      expectLater.<anonymous closure> (package:flutter_test/src/widget_tester.dart:508:19)
<asynchronous suspension>
#6      main.<anonymous closure> (file:///Users/jose/src/work/hydracamv2/test/services/camera_service_failure_test.dart:56:5)
<asynchronous suspension>
#7      Declarer.test.<anonymous closure>.<anonymous closure> (package:test_api/src/backend/declarer.dart:253:15)
<asynchronous suspension>
#8      Declarer.test.<anonymous closure> (package:test_api/src/backend/declarer.dart:250:11)
<asynchronous suspension>
#9      Invoker._waitForOutstandingCallbacks.<anonymous closure> (package:test_api/src/backend/invoker.dart:318:9)
<asynchronous suspension>
, timestamp: 2026-06-08 21:43:21.391016, function: null, file: null}
00:02 +74 ~1: /Users/jose/src/work/hydracamv2/test/automation/automation_standby_screen_test.dart: standby screen renders visible status instead of a blank body
00:02 +74 ~1: /Users/jose/src/work/hydracamv2/test/services/camera_service_failure_test.dart: startRecordingVideo stays inactive when the camera platform fails
Log registered: {message: Initializing camera..., timestamp: 2026-06-08 21:43:21.402312, function: null, file: null}
Log registered: {message: Updated selected camera name to fake-back-camera, timestamp: 2026-06-08 21:43:21.403983, function: null, file: null}
Log registered: {message: Camera successfully initialized., timestamp: 2026-06-08 21:43:21.408805, function: null, file: null}
Log registered: {message: Generated new Device ID: 2324e2f9-8325-4922-9b62-a7590dcebd7c, timestamp: 2026-06-08 21:43:21.410886, function: null, file: null}
Log registered: {message: Camera video recording start failed with explicit fps; retrying with resolution preset defaults. Error: CameraException(ios_camera_start_failed, Simulated iPad recording start failure)
#0      CameraController.startVideoRecording (package:camera/src/camera_controller.dart:607:7)
<asynchronous suspension>
#1      Future.timeout.<anonymous closure> (dart:async/future_impl.dart:1061:7)
<asynchronous suspension>
#2      CameraService._startVideoRecordingWithFallback (package:hydracam/services/camera_service.dart:721:7)
<asynchronous suspension>
#3      CameraService.startRecordingVideo (package:hydracam/services/camera_service.dart:390:7)
<asynchronous suspension>
#4      Throws._matchFuture (package:matcher/src/expect/throws_matcher.dart:103:19)
<asynchronous suspension>
#5      _expect.<anonymous closure> (package:matcher/src/expect/expect.dart:153:17)
<asynchronous suspension>
#6      StackZoneSpecification._registerCallback.<anonymous closure> (package:stack_trace/src/stack_zone_specification.dart:114:42)
<asynchronous suspension>
#7      expectLater.<anonymous closure> (package:flutter_test/src/widget_tester.dart:508:19)
<asynchronous suspension>
#8      main.<anonymous closure> (file:///Users/jose/src/work/hydracamv2/test/services/camera_service_failure_test.dart:81:5)
<asynchronous suspension>
#9      Declarer.test.<anonymous closure>.<anonymous closure> (package:test_api/src/backend/declarer.dart:253:15)
<asynchronous suspension>
#10     Declarer.test.<anonymous closure> (package:test_api/src/backend/declarer.dart:250:11)
<asynchronous suspension>
#11     Invoker._waitForOutstandingCallbacks.<anonymous closure> (package:test_api/src/backend/invoker.dart:318:9)
<asynchronous suspension>
, timestamp: 2026-06-08 21:43:21.412772, function: null, file: null}
00:02 +75 ~1: /Users/jose/src/work/hydracamv2/test/automation/automation_standby_screen_test.dart: standby screen renders visible status instead of a blank body
00:02 +75 ~1: /Users/jose/src/work/hydracamv2/test/slave/slave_screen_fast_connect_test.dart: connectivity stream errors are logged without uncaught exception
Log registered: {message: Skipping slave network readiness for forced preferred master 192.168.178.153., timestamp: 2026-06-08 21:43:21.427668, function: null, file: null}
Log registered: {message: Connecting to master at IP: 192.168.178.153, timestamp: 2026-06-08 21:43:21.427889, function: null, file: null}
Log registered: {message: Connectivity change listener failed: SocketException: dbus unavailable
#0      main.<anonymous closure> (file:///Users/jose/src/work/hydracamv2/test/slave/slave_screen_fast_connect_test.dart:214:18)
<asynchronous suspension>
#1      testWidgets.<anonymous closure>.<anonymous closure> (package:flutter_test/src/widget_tester.dart:192:15)
<asynchronous suspension>
#2      TestWidgetsFlutterBinding._runTestBody (package:flutter_test/src/binding.dart:1952:5)
<asynchronous suspension>
#3      StackZoneSpecification._registerCallback.<anonymous closure> (package:stack_trace/src/stack_zone_specification.dart:114:42)
<asynchronous suspension>
, timestamp: 2026-06-08 21:43:21.444656, function: null, file: null}
00:02 +76 ~1: /Users/jose/src/work/hydracamv2/test/automation/automation_standby_screen_test.dart: standby screen renders visible status instead of a blank body
00:02 +76 ~1: /Users/jose/src/work/hydracamv2/test/slave/slave_screen_fast_connect_test.dart: linux skips default connectivity stream subscription
Log registered: {message: Skipping connectivity change listener on linux; network readiness will be checked on demand., timestamp: 2026-06-08 21:43:21.460163, function: null, file: null}
Log registered: {message: Skipping slave network readiness for forced preferred master 192.168.178.153., timestamp: 2026-06-08 21:43:21.460386, function: null, file: null}
Log registered: {message: Connecting to master at IP: 192.168.178.153, timestamp: 2026-06-08 21:43:21.460481, function: null, file: null}
00:02 +77 ~1: /Users/jose/src/work/hydracamv2/test/automation/automation_standby_screen_test.dart: standby screen renders visible status instead of a blank body
00:02 +77 ~1: /Users/jose/src/work/hydracamv2/test/slave/slave_screen_fast_connect_test.dart: recording slave surface exposes safe stop control
Log registered: {message: Skipping slave network readiness for forced preferred master 192.168.178.153., timestamp: 2026-06-08 21:43:21.498775, function: null, file: null}
Log registered: {message: Connecting to master at IP: 192.168.178.153, timestamp: 2026-06-08 21:43:21.498968, function: null, file: null}
00:02 +78 ~1: /Users/jose/src/work/hydracamv2/test/automation/automation_standby_screen_test.dart: standby screen renders visible status instead of a blank body
00:02 +79 ~1: /Users/jose/src/work/hydracamv2/test/automation/automation_standby_screen_test.dart: standby screen renders visible status instead of a blank body
00:02 +80 ~1: /Users/jose/src/work/hydracamv2/test/automation/automation_standby_screen_test.dart: standby screen renders visible status instead of a blank body
00:02 +81 ~1: /Users/jose/src/work/hydracamv2/test/automation/automation_standby_screen_test.dart: standby screen renders visible status instead of a blank body
00:02 +82 ~1: /Users/jose/src/work/hydracamv2/test/automation/automation_standby_screen_test.dart: standby screen renders visible status instead of a blank body
00:02 +83 ~1: /Users/jose/src/work/hydracamv2/test/automation/automation_standby_screen_test.dart: standby screen renders visible status instead of a blank body
00:02 +84 ~1: /Users/jose/src/work/hydracamv2/test/automation/automation_standby_screen_test.dart: standby screen renders visible status instead of a blank body
00:02 +85 ~1: /Users/jose/src/work/hydracamv2/test/automation/automation_standby_screen_test.dart: standby screen renders visible status instead of a blank body
00:02 +86 ~1: /Users/jose/src/work/hydracamv2/test/automation/automation_standby_screen_test.dart: standby screen renders visible status instead of a blank body
00:02 +87 ~1: /Users/jose/src/work/hydracamv2/test/automation/automation_standby_screen_test.dart: standby screen renders visible status instead of a blank body
00:03 +88 ~1: /Users/jose/src/work/hydracamv2/test/automation/automation_standby_screen_test.dart: standby screen renders visible status instead of a blank body
00:03 +89 ~1: /Users/jose/src/work/hydracamv2/test/services/camera_service_failure_test.dart: startRecordingVideo stays inactive when the camera platform fails
00:03 +89 ~1: /Users/jose/src/work/hydracamv2/test/services/user_service_test.dart: UserService restores HydraCam GUID after Auth0 restore
Log registered: {message: Fetching restored GUID for email: restored@example.com, timestamp: 2026-06-08 21:43:21.805809, function: null, file: null}
Log registered: {message: User session restored. GUID: hydracam-user-guid, timestamp: 2026-06-08 21:43:21.809561, function: null, file: null}
00:03 +90 ~1: /Users/jose/src/work/hydracamv2/test/services/camera_service_failure_test.dart: startRecordingVideo stays inactive when the camera platform fails
00:03 +90 ~1: /Users/jose/src/work/hydracamv2/test/services/user_service_test.dart: UserService restores HydraCam GUID after Auth0 restore
Trace file unavailable: MissingPluginException(No implementation found for method getApplicationDocumentsDirectory on channel plugins.flutter.io/path_provider)
00:03 +91 ~1: /Users/jose/src/work/hydracamv2/test/services/camera_service_failure_test.dart: startRecordingVideo stays inactive when the camera platform fails
Log registered: {message: Camera reinitialized for video recording start without explicit fps: camera=fake-back-camera, profile=standard1080p30., timestamp: 2026-06-08 21:43:21.815738, function: null, file: null}
Log registered: {message: Error starting video recording: CameraException(ios_camera_start_failed, Simulated iPad recording start failure)
#0      CameraController.startVideoRecording (package:camera/src/camera_controller.dart:607:7)
<asynchronous suspension>
#1      Future.timeout.<anonymous closure> (dart:async/future_impl.dart:1061:7)
<asynchronous suspension>
#2      CameraService._startVideoRecordingWithFallback (package:hydracam/services/camera_service.dart:737:7)
<asynchronous suspension>
#3      CameraService.startRecordingVideo (package:hydracam/services/camera_service.dart:390:7)
<asynchronous suspension>
#4      Throws._matchFuture (package:matcher/src/expect/throws_matcher.dart:103:19)
<asynchronous suspension>
#5      _expect.<anonymous closure> (package:matcher/src/expect/expect.dart:153:17)
<asynchronous suspension>
#6      StackZoneSpecification._registerCallback.<anonymous closure> (package:stack_trace/src/stack_zone_specification.dart:114:42)
<asynchronous suspension>
#7      expectLater.<anonymous closure> (package:flutter_test/src/widget_tester.dart:508:19)
<asynchronous suspension>
#8      main.<anonymous closure> (file:///Users/jose/src/work/hydracamv2/test/services/camera_service_failure_test.dart:81:5)
<asynchronous suspension>
#9      Declarer.test.<anonymous closure>.<anonymous closure> (package:test_api/src/backend/declarer.dart:253:15)
<asynchronous suspension>
#10     Declarer.test.<anonymous closure> (package:test_api/src/backend/declarer.dart:250:11)
<asynchronous suspension>
#11     Invoker._waitForOutstandingCallbacks.<anonymous closure> (package:test_api/src/backend/invoker.dart:318:9)
<asynchronous suspension>
, timestamp: 2026-06-08 21:43:21.816097, function: null, file: null}
00:03 +92 ~1: /Users/jose/src/work/hydracamv2/test/services/camera_service_failure_test.dart: startRecordingVideo works when the iPad has no flash capability
Log registered: {message: Initializing camera..., timestamp: 2026-06-08 21:43:21.818302, function: null, file: null}
Log registered: {message: Updated selected camera name to fake-back-camera, timestamp: 2026-06-08 21:43:21.818561, function: null, file: null}
Log registered: {message: Flash is unavailable for camera readiness initialization; continuing without flash: CameraException(setFlashModeFailed, Device does not have flash capabilities), timestamp: 2026-06-08 21:43:21.818989, function: null, file: null}
Log registered: {message: Camera successfully initialized., timestamp: 2026-06-08 21:43:21.819080, function: null, file: null}
Log registered: {message: Generated new Device ID: 593e2e58-0eff-4b14-b64a-96c51500b699, timestamp: 2026-06-08 21:43:21.819214, function: null, file: null}
Log registered: {message: Video recording started with flash off, timestamp: 2026-06-08 21:43:21.819504, function: null, file: null}
00:03 +93 ~1: /Users/jose/src/work/hydracamv2/test/services/camera_service_failure_test.dart: non-flash initialization failures still surface
Log registered: {message: Initializing camera..., timestamp: 2026-06-08 21:43:21.824375, function: null, file: null}
Log registered: {message: Updated selected camera name to fake-back-camera, timestamp: 2026-06-08 21:43:21.824661, function: null, file: null}
Log registered: {message: Error initializing camera: CameraException(setFlashModeFailed, Camera session is unavailable)
#0      CameraController.setFlashMode (package:camera/src/camera_controller.dart:729:7)
<asynchronous suspension>
#1      CameraService._setFlashModeIfSupported (package:hydracam/services/camera_service.dart:814:7)
<asynchronous suspension>
#2      CameraService.ensureCameraIsReady (package:hydracam/services/camera_service.dart:261:7)
<asynchronous suspension>
#3      Throws._matchFuture (package:matcher/src/expect/throws_matcher.dart:103:19)
<asynchronous suspension>
#4      _expect.<anonymous closure> (package:matcher/src/expect/expect.dart:153:17)
<asynchronous suspension>
#5      StackZoneSpecification._registerCallback.<anonymous closure> (package:stack_trace/src/stack_zone_specification.dart:114:42)
<asynchronous suspension>
#6      expectLater.<anonymous closure> (package:flutter_test/src/widget_tester.dart:508:19)
<asynchronous suspension>
#7      main.<anonymous closure> (file:///Users/jose/src/work/hydracamv2/test/services/camera_service_failure_test.dart:130:5)
<asynchronous suspension>
#8      Declarer.test.<anonymous closure>.<anonymous closure> (package:test_api/src/backend/declarer.dart:253:15)
<asynchronous suspension>
#9      Declarer.test.<anonymous closure> (package:test_api/src/backend/declarer.dart:250:11)
<asynchronous suspension>
#10     Invoker._waitForOutstandingCallbacks.<anonymous closure> (package:test_api/src/backend/invoker.dart:318:9)
<asynchronous suspension>
, timestamp: 2026-06-08 21:43:21.825072, function: null, file: null}
00:03 +94 ~1: /Users/jose/src/work/hydracamv2/test/services/camera_service_failure_test.dart: stopRecordingVideo surfaces the camera plugin no-recording error
Log registered: {message: Initializing camera..., timestamp: 2026-06-08 21:43:21.826392, function: null, file: null}
Log registered: {message: Updated selected camera name to fake-back-camera, timestamp: 2026-06-08 21:43:21.826611, function: null, file: null}
Log registered: {message: Camera successfully initialized., timestamp: 2026-06-08 21:43:21.826901, function: null, file: null}
Log registered: {message: Error stopping video recording: Exception: stopVideoRecording was called when no video is recording.
#0      CameraService.stopRecordingVideo (package:hydracam/services/camera_service.dart:416:9)
#1      main.<anonymous closure> (file:///Users/jose/src/work/hydracamv2/test/services/camera_service_failure_test.dart:153:21)
<asynchronous suspension>
#2      Declarer.test.<anonymous closure>.<anonymous closure> (package:test_api/src/backend/declarer.dart:253:15)
<asynchronous suspension>
#3      Declarer.test.<anonymous closure> (package:test_api/src/backend/declarer.dart:250:11)
<asynchronous suspension>
#4      Invoker._waitForOutstandingCallbacks.<anonymous closure> (package:test_api/src/backend/invoker.dart:318:9)
<asynchronous suspension>
, timestamp: 2026-06-08 21:43:21.827193, function: null, file: null}
00:03 +95 ~1: /Users/jose/src/work/hydracamv2/test/services/camera_service_failure_test.dart: mock camera writes placeholder media without a platform camera
Log registered: {message: Using mock camera because HYDRACAM_MOCK_CAMERA is enabled., timestamp: 2026-06-08 21:43:21.828606, function: null, file: null}
Log registered: {message: Mock camera ready for native controller mode on macOS., timestamp: 2026-06-08 21:43:21.828824, function: null, file: null}
Log registered: {message: Generated new Device ID: 39c0d41c-cb09-40e3-b459-4bf853754589, timestamp: 2026-06-08 21:43:21.829015, function: null, file: null}
Log registered: {message: Mock photo saved to session path: /var/folders/6s/dp27g8gn26j9mp36sjfxb9tw0000gn/T/camera_service_mock_docsax34Nx/session_null/mock_1_2026-06-08T21-43-21-829271.jpg, timestamp: 2026-06-08 21:43:21.830839, function: null, file: null}
Log registered: {message: Mock camera ready for native controller mode on macOS., timestamp: 2026-06-08 21:43:21.831033, function: null, file: null}
Log registered: {message: Retrieved existing Device ID: 39c0d41c-cb09-40e3-b459-4bf853754589, timestamp: 2026-06-08 21:43:21.831330, function: null, file: null}
Log registered: {message: Mock video recording started for native controller mode., timestamp: 2026-06-08 21:43:21.831468, function: null, file: null}
Log registered: {message: Mock video saved to session path: /var/folders/6s/dp27g8gn26j9mp36sjfxb9tw0000gn/T/camera_service_mock_docsax34Nx/session_null/mock_2_2026-06-08T21-43-21-831675.mp4, timestamp: 2026-06-08 21:43:21.832432, function: null, file: null}
00:03 +96 ~1: /Users/jose/src/work/hydracamv2/test/services/camera_service_failure_test.dart: critical battery force stop saves mock recording and interrupts
Log registered: {message: Using mock camera because HYDRACAM_MOCK_CAMERA is enabled., timestamp: 2026-06-08 21:43:21.834148, function: null, file: null}
Log registered: {message: Mock camera ready for native controller mode on macOS., timestamp: 2026-06-08 21:43:21.834274, function: null, file: null}
Log registered: {message: Generated new Device ID: 03d43b1a-2519-4407-8c74-b9b6f170a0a3, timestamp: 2026-06-08 21:43:21.834445, function: null, file: null}
Log registered: {message: Mock video recording started for native controller mode., timestamp: 2026-06-08 21:43:21.834520, function: null, file: null}
Log registered: {message: Stopping recording due to critical battery., timestamp: 2026-06-08 21:43:21.834658, function: null, file: null}
Log registered: {message: Mock video saved to session path: /var/folders/6s/dp27g8gn26j9mp36sjfxb9tw0000gn/T/camera_service_mock_docsax34Nx/session_null/mock_1_2026-06-08T21-43-21-834727.mp4, timestamp: 2026-06-08 21:43:21.835698, function: null, file: null}
Log registered: {message: Retrieved existing Device ID: 03d43b1a-2519-4407-8c74-b9b6f170a0a3, timestamp: 2026-06-08 21:43:21.836220, function: null, file: null}
Log registered: {message: Adding video to upload queue: /var/folders/6s/dp27g8gn26j9mp36sjfxb9tw0000gn/T/camera_service_mock_docsax34Nx/session_null/mock_1_2026-06-08T21-43-21-834727.mp4, timestamp: 2026-06-08 21:43:21.836865, function: null, file: null}
Log registered: {message: [UploaderService] No uploaded media with valid durations. Returning zero duration., timestamp: 2026-06-08 21:43:21.839794, function: null, file: null}
Log registered: {message: Media added to upload queue: /var/folders/6s/dp27g8gn26j9mp36sjfxb9tw0000gn/T/camera_service_mock_docsax34Nx/session_null/mock_1_2026-06-08T21-43-21-834727.mp4, timestamp: 2026-06-08 21:43:21.839995, function: null, file: null}
Log registered: {message: Auto-upload is enabled. Starting upload process., timestamp: 2026-06-08 21:43:21.840248, function: null, file: null}
Log registered: {message: UploaderService: _startUploading called. _isUploading=false, queue length=1, timestamp: 2026-06-08 21:43:21.840415, function: null, file: null}
Log registered: {message: UploaderService: _processNextItem called. Queue length=1, timestamp: 2026-06-08 21:43:21.840805, function: null, file: null}
Log registered: {message: UploaderService: sessionGuid=null, timestamp: 2026-06-08 21:43:21.840991, function: null, file: null}
Log registered: {message: No session GUID available. Cannot upload media., timestamp: 2026-06-08 21:43:21.841052, function: null, file: null}
00:03 +97 ~1: /Users/jose/src/work/hydracamv2/test/services/camera_service_failure_test.dart: critical battery force stop survives missing start timestamp
Log registered: {message: UploaderService: Resetting upload queue and state., timestamp: 2026-06-08 21:43:21.842523, function: null, file: null}
Log registered: {message: UploaderService: Reset completed., timestamp: 2026-06-08 21:43:21.842697, function: null, file: null}
Log registered: {message: Session started with GUID: critical-battery-missing-start on device type: Master, timestamp: 2026-06-08 21:43:21.842887, function: null, file: null}
Log registered: {message: Using mock camera because HYDRACAM_MOCK_CAMERA is enabled., timestamp: 2026-06-08 21:43:21.842960, function: null, file: null}
Log registered: {message: Mock camera ready for native controller mode on macOS., timestamp: 2026-06-08 21:43:21.843046, function: null, file: null}
Log registered: {message: Generated new Device ID: 598169de-65ec-495f-a2b4-01264bf8bbe9, timestamp: 2026-06-08 21:43:21.843210, function: null, file: null}
Log registered: {message: Mock video recording started for native controller mode., timestamp: 2026-06-08 21:43:21.843271, function: null, file: null}
Log registered: {message: Stopping recording due to critical battery., timestamp: 2026-06-08 21:43:21.843324, function: null, file: null}
Log registered: {message: Mock video saved to session path: /var/folders/6s/dp27g8gn26j9mp36sjfxb9tw0000gn/T/camera_service_mock_docsax34Nx/session_critical-battery-missing-start/mock_1_2026-06-08T21-43-21-843377.mp4, timestamp: 2026-06-08 21:43:21.844431, function: null, file: null}
Log registered: {message: Retrieved existing Device ID: 598169de-65ec-495f-a2b4-01264bf8bbe9, timestamp: 2026-06-08 21:43:21.844839, function: null, file: null}
Log registered: {message: Recording start timestamp was missing during forced stop; using end timestamp as fallback., timestamp: 2026-06-08 21:43:21.844970, function: null, file: null}
Log registered: {message: Adding video to upload queue: /var/folders/6s/dp27g8gn26j9mp36sjfxb9tw0000gn/T/camera_service_mock_docsax34Nx/session_critical-battery-missing-start/mock_1_2026-06-08T21-43-21-843377.mp4, timestamp: 2026-06-08 21:43:21.845134, function: null, file: null}
Log registered: {message: [UploaderService] No uploaded media with valid durations. Returning zero duration., timestamp: 2026-06-08 21:43:21.845229, function: null, file: null}
Log registered: {message: Media added to upload queue: /var/folders/6s/dp27g8gn26j9mp36sjfxb9tw0000gn/T/camera_service_mock_docsax34Nx/session_critical-battery-missing-start/mock_1_2026-06-08T21-43-21-843377.mp4, timestamp: 2026-06-08 21:43:21.845294, function: null, file: null}
Log registered: {message: Auto-upload is enabled. Starting upload process., timestamp: 2026-06-08 21:43:21.846866, function: null, file: null}
Log registered: {message: UploaderService: _startUploading called. _isUploading=false, queue length=1, timestamp: 2026-06-08 21:43:21.846999, function: null, file: null}
Log registered: {message: UploaderService: _processNextItem called. Queue length=1, timestamp: 2026-06-08 21:43:21.847103, function: null, file: null}
Log registered: {message: UploaderService: sessionGuid=critical-battery-missing-start, timestamp: 2026-06-08 21:43:21.847176, function: null, file: null}
Log registered: {message: Get token, timestamp: 2026-06-08 21:43:21.848448, function: null, file: null}
Log registered: {message: Fetch token, timestamp: 2026-06-08 21:43:21.849353, function: null, file: null}
Log registered: {message: Failed to fetch M2M token: , timestamp: 2026-06-08 21:43:21.858177, function: null, file: null}
Log registered: {message: Error uploading media: Exception: Failed to retrieve M2M token, timestamp: 2026-06-08 21:43:21.858351, function: null, file: null}
Log registered: {message: Failed to upload media: /var/folders/6s/dp27g8gn26j9mp36sjfxb9tw0000gn/T/camera_service_mock_docsax34Nx/session_critical-battery-missing-start/mock_1_2026-06-08T21-43-21-843377.mp4, timestamp: 2026-06-08 21:43:21.858427, function: null, file: null}
Log registered: {message: [UploaderService] Queue is empty. Returning zero duration., timestamp: 2026-06-08 21:43:21.858491, function: null, file: null}
Log registered: {message: UploaderService: _processNextItem called. Queue length=0, timestamp: 2026-06-08 21:43:21.858544, function: null, file: null}
Log registered: {message: UploaderService: Queue is empty. Uploading stopped., timestamp: 2026-06-08 21:43:21.858594, function: null, file: null}
Log registered: {message: Session metadata saved to /var/folders/6s/dp27g8gn26j9mp36sjfxb9tw0000gn/T/camera_service_mock_docsax34Nx/session_critical-battery-missing-start/metadata.json, timestamp: 2026-06-08 21:43:21.859211, function: null, file: null}
Log registered: {message: Session metadata saved to /var/folders/6s/dp27g8gn26j9mp36sjfxb9tw0000gn/T/camera_service_mock_docsax34Nx/session_critical-battery-missing-start/metadata.json, timestamp: 2026-06-08 21:43:21.859371, function: null, file: null}
Log registered: {message: UploaderService: Resetting upload queue and state., timestamp: 2026-06-08 21:43:21.859444, function: null, file: null}
Log registered: {message: UploaderService: Reset completed., timestamp: 2026-06-08 21:43:21.859503, function: null, file: null}
Log registered: {message: Session ended and uploader reset., timestamp: 2026-06-08 21:43:21.859565, function: null, file: null}
00:03 +98 ~1: /Users/jose/src/work/hydracamv2/test/services/camera_service_failure_test.dart: selected ultra-wide lens uses sport 1080p60 controller settings
Log registered: {message: Initializing camera..., timestamp: 2026-06-08 21:43:21.861218, function: null, file: null}
Log registered: {message: Updated selected camera name to iphone-ultra-wide, timestamp: 2026-06-08 21:43:21.861558, function: null, file: null}
Log registered: {message: Camera successfully initialized., timestamp: 2026-06-08 21:43:21.862091, function: null, file: null}
Log registered: {message: Generated new Device ID: fe6bcced-efdd-4e43-8eb9-62f73ef87229, timestamp: 2026-06-08 21:43:21.862317, function: null, file: null}
Log registered: {message: Video recording started with flash off, timestamp: 2026-06-08 21:43:21.862553, function: null, file: null}
00:03 +99 ~1: /Users/jose/src/work/hydracamv2/test/services/camera_service_failure_test.dart: changing video profile preserves the selected camera
Log registered: {message: Initializing camera..., timestamp: 2026-06-08 21:43:21.864724, function: null, file: null}
Log registered: {message: Camera successfully initialized., timestamp: 2026-06-08 21:43:21.865336, function: null, file: null}
Log registered: {message: Changing video capture profile to detail4k30 (current: standard1080p30), timestamp: 2026-06-08 21:43:21.865504, function: null, file: null}
Log registered: {message: Updated video capture profile to detail4k30, timestamp: 2026-06-08 21:43:21.865856, function: null, file: null}
00:03 +100 ~1: /Users/jose/src/work/hydracamv2/test/services/camera_service_failure_test.dart: changing video profile preserves the selected camera
00:03 +101 ~1: /Users/jose/src/work/hydracamv2/test/services/camera_service_failure_test.dart: changing video profile preserves the selected camera
00:03 +102 ~1: /Users/jose/src/work/hydracamv2/test/services/camera_service_failure_test.dart: changing video profile preserves the selected camera
00:03 +103 ~1: /Users/jose/src/work/hydracamv2/test/services/camera_service_failure_test.dart: changing video profile preserves the selected camera
00:03 +103 ~1: /Users/jose/src/work/hydracamv2/test/services/device_service_test.dart: DeviceIdService reports native macOS device info instead of unsupported platform
Log registered: {message: Generated new Device ID: 91d35c71-d65f-44c8-bb76-23a4f8af186d, timestamp: 2026-06-08 21:43:21.986111, function: null, file: null}
00:03 +104 ~1: /Users/jose/src/work/hydracamv2/test/services/camera_service_failure_test.dart: changing video profile preserves the selected camera
00:03 +105 ~1: /Users/jose/src/work/hydracamv2/test/services/camera_service_failure_test.dart: changing video profile preserves the selected camera
00:03 +106 ~1: /Users/jose/src/work/hydracamv2/test/services/camera_service_failure_test.dart: changing video profile preserves the selected camera
00:03 +106 ~1: /Users/jose/src/work/hydracamv2/test/services/session_manager_test.dart: SessionManager Session lifecycle starts with no active session
Log registered: {message: UploaderService: Resetting upload queue and state., timestamp: 2026-06-08 21:43:22.149770, function: null, file: null}
Log registered: {message: UploaderService: Reset completed., timestamp: 2026-06-08 21:43:22.152140, function: null, file: null}
00:03 +107 ~1: /Users/jose/src/work/hydracamv2/test/services/camera_service_failure_test.dart: changing video profile preserves the selected camera
00:03 +107 ~1: /Users/jose/src/work/hydracamv2/test/services/session_manager_test.dart: SessionManager Session lifecycle startSession creates new session
Log registered: {message: UploaderService: Resetting upload queue and state., timestamp: 2026-06-08 21:43:22.160070, function: null, file: null}
Log registered: {message: UploaderService: Reset completed., timestamp: 2026-06-08 21:43:22.160223, function: null, file: null}
Log registered: {message: UploaderService: Resetting upload queue and state., timestamp: 2026-06-08 21:43:22.160873, function: null, file: null}
Log registered: {message: UploaderService: Reset completed., timestamp: 2026-06-08 21:43:22.160987, function: null, file: null}
Log registered: {message: Session started with GUID: test-guid on device type: Master, timestamp: 2026-06-08 21:43:22.161212, function: null, file: null}
00:03 +107 ~1: /Users/jose/src/work/hydracamv2/test/services/storage_service_test.dart: StorageService anchors blocks recording and triggers callback when storage is critical
Log registered: {message: StorageService monitoring disabled - timer not started., timestamp: 2026-06-08 21:43:22.160426, function: null, file: null}
00:03 +107 ~1: /Users/jose/src/work/hydracamv2/test/services/session_manager_test.dart: SessionManager Session lifecycle startSession creates new session
Log registered: {message: Session metadata saved to /var/folders/6s/dp27g8gn26j9mp36sjfxb9tw0000gn/T/session_manager_docswNcXGl/session_test-guid/metadata.json, timestamp: 2026-06-08 21:43:22.166961, function: null, file: null}
Log registered: {message: UploaderService: Resetting upload queue and state., timestamp: 2026-06-08 21:43:22.167162, function: null, file: null}
Log registered: {message: UploaderService: Reset completed., timestamp: 2026-06-08 21:43:22.167236, function: null, file: null}
Log registered: {message: Session ended and uploader reset., timestamp: 2026-06-08 21:43:22.167304, function: null, file: null}
00:03 +108 ~1: /Users/jose/src/work/hydracamv2/test/services/camera_service_failure_test.dart: changing video profile preserves the selected camera
00:03 +108 ~1: /Users/jose/src/work/hydracamv2/test/services/session_manager_test.dart: SessionManager Session lifecycle endSession clears session state
Log registered: {message: UploaderService: Resetting upload queue and state., timestamp: 2026-06-08 21:43:22.168626, function: null, file: null}
Log registered: {message: UploaderService: Reset completed., timestamp: 2026-06-08 21:43:22.168738, function: null, file: null}
Log registered: {message: UploaderService: Resetting upload queue and state., timestamp: 2026-06-08 21:43:22.169067, function: null, file: null}
Log registered: {message: UploaderService: Reset completed., timestamp: 2026-06-08 21:43:22.169164, function: null, file: null}
Log registered: {message: Session started with GUID: test-guid on device type: Master, timestamp: 2026-06-08 21:43:22.169237, function: null, file: null}
Log registered: {message: Session metadata saved to /var/folders/6s/dp27g8gn26j9mp36sjfxb9tw0000gn/T/session_manager_docswNcXGl/session_test-guid/metadata.json, timestamp: 2026-06-08 21:43:22.170252, function: null, file: null}
Log registered: {message: UploaderService: Resetting upload queue and state., timestamp: 2026-06-08 21:43:22.170395, function: null, file: null}
Log registered: {message: UploaderService: Reset completed., timestamp: 2026-06-08 21:43:22.170472, function: null, file: null}
Log registered: {message: Session ended and uploader reset., timestamp: 2026-06-08 21:43:22.170530, function: null, file: null}
00:03 +109 ~1: /Users/jose/src/work/hydracamv2/test/services/camera_service_failure_test.dart: changing video profile preserves the selected camera
00:03 +109 ~1: /Users/jose/src/work/hydracamv2/test/services/session_manager_test.dart: SessionManager Session lifecycle scanAndReconstructSessions preserves active session identity
Log registered: {message: UploaderService: Resetting upload queue and state., timestamp: 2026-06-08 21:43:22.171673, function: null, file: null}
Log registered: {message: UploaderService: Reset completed., timestamp: 2026-06-08 21:43:22.171757, function: null, file: null}
Log registered: {message: UploaderService: Resetting upload queue and state., timestamp: 2026-06-08 21:43:22.172205, function: null, file: null}
Log registered: {message: UploaderService: Reset completed., timestamp: 2026-06-08 21:43:22.172292, function: null, file: null}
Log registered: {message: Session started with GUID: active-guid on device type: Slave, timestamp: 2026-06-08 21:43:22.172367, function: null, file: null}
Log registered: {message: Generated new Device ID: 14579538-a04e-4f4c-80ea-8380ad384f66, timestamp: 2026-06-08 21:43:22.177066, function: null, file: null}
Log registered: {message: Session metadata saved to /var/folders/6s/dp27g8gn26j9mp36sjfxb9tw0000gn/T/session_manager_docswNcXGl/session_scan-preserve-old/metadata.json, timestamp: 2026-06-08 21:43:22.179394, function: null, file: null}
Log registered: {message: Reconstructed session: scan-preserve-old with 0 photos and 1 videos., timestamp: 2026-06-08 21:43:22.179542, function: null, file: null}
Log registered: {message: Session metadata saved to /var/folders/6s/dp27g8gn26j9mp36sjfxb9tw0000gn/T/session_manager_docswNcXGl/session_active-guid/metadata.json, timestamp: 2026-06-08 21:43:22.182283, function: null, file: null}
Log registered: {message: UploaderService: Resetting upload queue and state., timestamp: 2026-06-08 21:43:22.182393, function: null, file: null}
Log registered: {message: UploaderService: Reset completed., timestamp: 2026-06-08 21:43:22.182454, function: null, file: null}
Log registered: {message: Session ended and uploader reset., timestamp: 2026-06-08 21:43:22.182542, function: null, file: null}
00:03 +110 ~1: /Users/jose/src/work/hydracamv2/test/services/camera_service_failure_test.dart: changing video profile preserves the selected camera
00:03 +110 ~1: /Users/jose/src/work/hydracamv2/test/services/session_manager_test.dart: SessionManager Session lifecycle loadSessionMetadataSnapshot preserves active session identity
Log registered: {message: UploaderService: Resetting upload queue and state., timestamp: 2026-06-08 21:43:22.183717, function: null, file: null}
Log registered: {message: UploaderService: Reset completed., timestamp: 2026-06-08 21:43:22.183798, function: null, file: null}
Log registered: {message: UploaderService: Resetting upload queue and state., timestamp: 2026-06-08 21:43:22.184155, function: null, file: null}
Log registered: {message: UploaderService: Reset completed., timestamp: 2026-06-08 21:43:22.184240, function: null, file: null}
Log registered: {message: Session started with GUID: active-guid on device type: Slave, timestamp: 2026-06-08 21:43:22.184304, function: null, file: null}
00:03 +111 ~1: /Users/jose/src/work/hydracamv2/test/services/camera_service_failure_test.dart: changing video profile preserves the selected camera
00:03 +111 ~1: /Users/jose/src/work/hydracamv2/test/services/session_manager_test.dart: SessionManager Session lifecycle loadSessionMetadataSnapshot preserves active session identity
Log registered: {message: Retrieved existing Device ID: 14579538-a04e-4f4c-80ea-8380ad384f66, timestamp: 2026-06-08 21:43:22.186255, function: null, file: null}
Log registered: {message: Session metadata snapshot loaded for old-guid, timestamp: 2026-06-08 21:43:22.186903, function: null, file: null}
Log registered: {message: Session metadata saved to /var/folders/6s/dp27g8gn26j9mp36sjfxb9tw0000gn/T/session_manager_docswNcXGl/session_active-guid/metadata.json, timestamp: 2026-06-08 21:43:22.187775, function: null, file: null}
Log registered: {message: UploaderService: Resetting upload queue and state., timestamp: 2026-06-08 21:43:22.187856, function: null, file: null}
Log registered: {message: UploaderService: Reset completed., timestamp: 2026-06-08 21:43:22.187924, function: null, file: null}
Log registered: {message: Session ended and uploader reset., timestamp: 2026-06-08 21:43:22.187983, function: null, file: null}
00:03 +112 ~1: /Users/jose/src/work/hydracamv2/test/services/camera_service_failure_test.dart: changing video profile preserves the selected camera
00:03 +112 ~1: /Users/jose/src/work/hydracamv2/test/services/session_manager_test.dart: SessionManager Session lifecycle rejoining same active session preserves media and upload queue
Log registered: {message: UploaderService: Resetting upload queue and state., timestamp: 2026-06-08 21:43:22.189029, function: null, file: null}
Log registered: {message: UploaderService: Reset completed., timestamp: 2026-06-08 21:43:22.189100, function: null, file: null}
Log registered: {message: UploaderService: Resetting upload queue and state., timestamp: 2026-06-08 21:43:22.189425, function: null, file: null}
Log registered: {message: UploaderService: Reset completed., timestamp: 2026-06-08 21:43:22.189485, function: null, file: null}
Log registered: {message: Session started with GUID: same-guid on device type: Master, timestamp: 2026-06-08 21:43:22.189546, function: null, file: null}
Log registered: {message: Adding photo to upload queue: /var/folders/6s/dp27g8gn26j9mp36sjfxb9tw0000gn/T/session_manager_test_mediaYMk40u/same_session_photo.jpg, timestamp: 2026-06-08 21:43:22.190162, function: null, file: null}
Log registered: {message: [UploaderService] No uploaded media with valid durations. Returning zero duration., timestamp: 2026-06-08 21:43:22.190933, function: null, file: null}
Log registered: {message: Media added to upload queue: /var/folders/6s/dp27g8gn26j9mp36sjfxb9tw0000gn/T/session_manager_test_mediaYMk40u/same_session_photo.jpg, timestamp: 2026-06-08 21:43:22.191050, function: null, file: null}
Log registered: {message: Session already active with GUID: same-guid. Preserving existing media on rejoin as Slave., timestamp: 2026-06-08 21:43:22.191349, function: null, file: null}
Log registered: {message: Auto-upload is disabled. Media added to queue but not uploaded., timestamp: 2026-06-08 21:43:22.191893, function: null, file: null}
Log registered: {message: Session metadata saved to /var/folders/6s/dp27g8gn26j9mp36sjfxb9tw0000gn/T/session_manager_docswNcXGl/session_same-guid/metadata.json, timestamp: 2026-06-08 21:43:22.192775, function: null, file: null}
Log registered: {message: Session metadata saved to /var/folders/6s/dp27g8gn26j9mp36sjfxb9tw0000gn/T/session_manager_docswNcXGl/session_same-guid/metadata.json, timestamp: 2026-06-08 21:43:22.192875, function: null, file: null}
Log registered: {message: UploaderService: Resetting upload queue and state., timestamp: 2026-06-08 21:43:22.192936, function: null, file: null}
Log registered: {message: UploaderService: Reset completed., timestamp: 2026-06-08 21:43:22.193003, function: null, file: null}
Log registered: {message: Session ended and uploader reset., timestamp: 2026-06-08 21:43:22.193051, function: null, file: null}
00:03 +113 ~1: /Users/jose/src/work/hydracamv2/test/services/camera_service_failure_test.dart: changing video profile preserves the selected camera
00:03 +113 ~1: /Users/jose/src/work/hydracamv2/test/services/session_manager_test.dart: SessionManager Session lifecycle joining a different session starts with clean media state
Log registered: {message: UploaderService: Resetting upload queue and state., timestamp: 2026-06-08 21:43:22.194093, function: null, file: null}
Log registered: {message: UploaderService: Reset completed., timestamp: 2026-06-08 21:43:22.194160, function: null, file: null}
Log registered: {message: UploaderService: Resetting upload queue and state., timestamp: 2026-06-08 21:43:22.194479, function: null, file: null}
Log registered: {message: UploaderService: Reset completed., timestamp: 2026-06-08 21:43:22.194537, function: null, file: null}
Log registered: {message: Session started with GUID: old-guid on device type: Master, timestamp: 2026-06-08 21:43:22.194594, function: null, file: null}
Log registered: {message: Adding photo to upload queue: /var/folders/6s/dp27g8gn26j9mp36sjfxb9tw0000gn/T/session_manager_test_mediaJZntrg/old_session_photo.jpg, timestamp: 2026-06-08 21:43:22.194895, function: null, file: null}
Log registered: {message: [UploaderService] No uploaded media with valid durations. Returning zero duration., timestamp: 2026-06-08 21:43:22.195, function: null, file: null}
Log registered: {message: Media added to upload queue: /var/folders/6s/dp27g8gn26j9mp36sjfxb9tw0000gn/T/session_manager_test_mediaJZntrg/old_session_photo.jpg, timestamp: 2026-06-08 21:43:22.195054, function: null, file: null}
Log registered: {message: UploaderService: Resetting upload queue and state., timestamp: 2026-06-08 21:43:22.195150, function: null, file: null}
Log registered: {message: UploaderService: Reset completed., timestamp: 2026-06-08 21:43:22.195205, function: null, file: null}
Log registered: {message: Session started with GUID: new-guid on device type: Master, timestamp: 2026-06-08 21:43:22.195253, function: null, file: null}
Log registered: {message: Auto-upload is disabled. Media added to queue but not uploaded., timestamp: 2026-06-08 21:43:22.195548, function: null, file: null}
Log registered: {message: Session metadata saved to /var/folders/6s/dp27g8gn26j9mp36sjfxb9tw0000gn/T/session_manager_docswNcXGl/session_new-guid/metadata.json, timestamp: 2026-06-08 21:43:22.196527, function: null, file: null}
Log registered: {message: Session metadata saved to /var/folders/6s/dp27g8gn26j9mp36sjfxb9tw0000gn/T/session_manager_docswNcXGl/session_new-guid/metadata.json, timestamp: 2026-06-08 21:43:22.196643, function: null, file: null}
Log registered: {message: UploaderService: Resetting upload queue and state., timestamp: 2026-06-08 21:43:22.196765, function: null, file: null}
Log registered: {message: UploaderService: Reset completed., timestamp: 2026-06-08 21:43:22.196901, function: null, file: null}
Log registered: {message: Session ended and uploader reset., timestamp: 2026-06-08 21:43:22.196959, function: null, file: null}
00:03 +114 ~1: /Users/jose/src/work/hydracamv2/test/services/camera_service_failure_test.dart: changing video profile preserves the selected camera
00:03 +114 ~1: /Users/jose/src/work/hydracamv2/test/services/session_manager_test.dart: SessionManager Media management addPhoto adds photo to current session
Log registered: {message: UploaderService: Resetting upload queue and state., timestamp: 2026-06-08 21:43:22.198071, function: null, file: null}
Log registered: {message: UploaderService: Reset completed., timestamp: 2026-06-08 21:43:22.198192, function: null, file: null}
Log registered: {message: UploaderService: Resetting upload queue and state., timestamp: 2026-06-08 21:43:22.198450, function: null, file: null}
Log registered: {message: UploaderService: Reset completed., timestamp: 2026-06-08 21:43:22.198513, function: null, file: null}
Log registered: {message: Session started with GUID: test-guid on device type: Master, timestamp: 2026-06-08 21:43:22.198615, function: null, file: null}
00:03 +114 ~1: /Users/jose/src/work/hydracamv2/test/services/storage_service_test.dart: StorageService anchors clears recording block after recovering above critical threshold
Log registered: {message: StorageService monitoring disabled - timer not started., timestamp: 2026-06-08 21:43:22.198835, function: null, file: null}
00:03 +114 ~1: /Users/jose/src/work/hydracamv2/test/services/session_manager_test.dart: SessionManager Media management addPhoto adds photo to current session
Log registered: {message: Adding photo to upload queue: /var/folders/6s/dp27g8gn26j9mp36sjfxb9tw0000gn/T/session_manager_test_mediaU9nC7h/test_photo.jpg, timestamp: 2026-06-08 21:43:22.199043, function: null, file: null}
Log registered: {message: [UploaderService] No uploaded media with valid durations. Returning zero duration., timestamp: 2026-06-08 21:43:22.199150, function: null, file: null}
Log registered: {message: Media added to upload queue: /var/folders/6s/dp27g8gn26j9mp36sjfxb9tw0000gn/T/session_manager_test_mediaU9nC7h/test_photo.jpg, timestamp: 2026-06-08 21:43:22.199227, function: null, file: null}
Log registered: {message: Auto-upload is disabled. Media added to queue but not uploaded., timestamp: 2026-06-08 21:43:22.199593, function: null, file: null}
00:03 +114 ~1: /Users/jose/src/work/hydracamv2/test/services/hydracam_api_service_test.dart: uploadMedia includes app version fields in multipart metadata
Log registered: {message: Get token, timestamp: 2026-06-08 21:43:22.197950, function: null, file: null}
00:03 +114 ~1: /Users/jose/src/work/hydracamv2/test/services/session_manager_test.dart: SessionManager Media management addPhoto adds photo to current session
Log registered: {message: Session metadata saved to /var/folders/6s/dp27g8gn26j9mp36sjfxb9tw0000gn/T/session_manager_docswNcXGl/session_test-guid/metadata.json, timestamp: 2026-06-08 21:43:22.200532, function: null, file: null}
Log registered: {message: Session metadata saved to /var/folders/6s/dp27g8gn26j9mp36sjfxb9tw0000gn/T/session_manager_docswNcXGl/session_test-guid/metadata.json, timestamp: 2026-06-08 21:43:22.200639, function: null, file: null}
Log registered: {message: UploaderService: Resetting upload queue and state., timestamp: 2026-06-08 21:43:22.200699, function: null, file: null}
Log registered: {message: UploaderService: Reset completed., timestamp: 2026-06-08 21:43:22.200760, function: null, file: null}
Log registered: {message: Session ended and uploader reset., timestamp: 2026-06-08 21:43:22.200828, function: null, file: null}
00:03 +115 ~1: /Users/jose/src/work/hydracamv2/test/services/camera_service_failure_test.dart: changing video profile preserves the selected camera
00:03 +116 ~1: /Users/jose/src/work/hydracamv2/test/services/camera_service_failure_test.dart: changing video profile preserves the selected camera
00:03 +116 ~1: /Users/jose/src/work/hydracamv2/test/services/session_manager_test.dart: SessionManager Media management addVideo adds video to current session
Log registered: {message: UploaderService: Resetting upload queue and state., timestamp: 2026-06-08 21:43:22.201938, function: null, file: null}
Log registered: {message: UploaderService: Reset completed., timestamp: 2026-06-08 21:43:22.202003, function: null, file: null}
Log registered: {message: UploaderService: Resetting upload queue and state., timestamp: 2026-06-08 21:43:22.202194, function: null, file: null}
Log registered: {message: UploaderService: Reset completed., timestamp: 2026-06-08 21:43:22.202239, function: null, file: null}
Log registered: {message: Session started with GUID: test-guid on device type: Master, timestamp: 2026-06-08 21:43:22.202283, function: null, file: null}
Log registered: {message: Adding video to upload queue: /var/folders/6s/dp27g8gn26j9mp36sjfxb9tw0000gn/T/session_manager_test_mediaZXootS/test_video.mp4, timestamp: 2026-06-08 21:43:22.203005, function: null, file: null}
Log registered: {message: [UploaderService] No uploaded media with valid durations. Returning zero duration., timestamp: 2026-06-08 21:43:22.203159, function: null, file: null}
Log registered: {message: Media added to upload queue: /var/folders/6s/dp27g8gn26j9mp36sjfxb9tw0000gn/T/session_manager_test_mediaZXootS/test_video.mp4, timestamp: 2026-06-08 21:43:22.203310, function: null, file: null}
Log registered: {message: Auto-upload is disabled. Media added to queue but not uploaded., timestamp: 2026-06-08 21:43:22.203567, function: null, file: null}
Log registered: {message: Session metadata saved to /var/folders/6s/dp27g8gn26j9mp36sjfxb9tw0000gn/T/session_manager_docswNcXGl/session_test-guid/metadata.json, timestamp: 2026-06-08 21:43:22.204638, function: null, file: null}
Log registered: {message: Session metadata saved to /var/folders/6s/dp27g8gn26j9mp36sjfxb9tw0000gn/T/session_manager_docswNcXGl/session_test-guid/metadata.json, timestamp: 2026-06-08 21:43:22.204763, function: null, file: null}
Log registered: {message: UploaderService: Resetting upload queue and state., timestamp: 2026-06-08 21:43:22.204854, function: null, file: null}
Log registered: {message: UploaderService: Reset completed., timestamp: 2026-06-08 21:43:22.204983, function: null, file: null}
Log registered: {message: Session ended and uploader reset., timestamp: 2026-06-08 21:43:22.205074, function: null, file: null}
00:03 +117 ~1: /Users/jose/src/work/hydracamv2/test/services/camera_service_failure_test.dart: changing video profile preserves the selected camera
00:03 +117 ~1: /Users/jose/src/work/hydracamv2/test/services/session_manager_test.dart: SessionManager Media management video capture context persists and reloads from metadata
Log registered: {message: UploaderService: Resetting upload queue and state., timestamp: 2026-06-08 21:43:22.206225, function: null, file: null}
Log registered: {message: UploaderService: Reset completed., timestamp: 2026-06-08 21:43:22.206303, function: null, file: null}
Log registered: {message: UploaderService: Resetting upload queue and state., timestamp: 2026-06-08 21:43:22.206507, function: null, file: null}
Log registered: {message: UploaderService: Reset completed., timestamp: 2026-06-08 21:43:22.206561, function: null, file: null}
Log registered: {message: Session started with GUID: test-guid on device type: Master, timestamp: 2026-06-08 21:43:22.206613, function: null, file: null}
Log registered: {message: Adding video to upload queue: /var/folders/6s/dp27g8gn26j9mp36sjfxb9tw0000gn/T/session_manager_test_mediauQJR22/context_video.mp4, timestamp: 2026-06-08 21:43:22.207692, function: null, file: null}
Log registered: {message: [UploaderService] No uploaded media with valid durations. Returning zero duration., timestamp: 2026-06-08 21:43:22.207861, function: null, file: null}
Log registered: {message: Media added to upload queue: /var/folders/6s/dp27g8gn26j9mp36sjfxb9tw0000gn/T/session_manager_test_mediauQJR22/context_video.mp4, timestamp: 2026-06-08 21:43:22.207915, function: null, file: null}
Log registered: {message: Auto-upload is disabled. Media added to queue but not uploaded., timestamp: 2026-06-08 21:43:22.209779, function: null, file: null}
Log registered: {message: Session metadata saved to /var/folders/6s/dp27g8gn26j9mp36sjfxb9tw0000gn/T/session_manager_docswNcXGl/session_test-guid/metadata.json, timestamp: 2026-06-08 21:43:22.210830, function: null, file: null}
Log registered: {message: Session metadata saved to /var/folders/6s/dp27g8gn26j9mp36sjfxb9tw0000gn/T/session_manager_docswNcXGl/session_test-guid/metadata.json, timestamp: 2026-06-08 21:43:22.210927, function: null, file: null}
Log registered: {message: Retrieved existing Device ID: 14579538-a04e-4f4c-80ea-8380ad384f66, timestamp: 2026-06-08 21:43:22.212889, function: null, file: null}
Log registered: {message: Session metadata loaded for session test-guid, timestamp: 2026-06-08 21:43:22.213800, function: null, file: null}
Log registered: {message: Session metadata saved to /var/folders/6s/dp27g8gn26j9mp36sjfxb9tw0000gn/T/session_manager_docswNcXGl/session_test-guid/metadata.json, timestamp: 2026-06-08 21:43:22.215071, function: null, file: null}
Log registered: {message: UploaderService: Resetting upload queue and state., timestamp: 2026-06-08 21:43:22.215177, function: null, file: null}
Log registered: {message: UploaderService: Reset completed., timestamp: 2026-06-08 21:43:22.215235, function: null, file: null}
Log registered: {message: Session ended and uploader reset., timestamp: 2026-06-08 21:43:22.215279, function: null, file: null}
00:03 +118 ~1: /Users/jose/src/work/hydracamv2/test/services/camera_service_failure_test.dart: changing video profile preserves the selected camera
00:03 +118 ~1: /Users/jose/src/work/hydracamv2/test/services/session_manager_test.dart: SessionManager Media management multiple media can be added to session
Log registered: {message: UploaderService: Resetting upload queue and state., timestamp: 2026-06-08 21:43:22.216446, function: null, file: null}
Log registered: {message: UploaderService: Reset completed., timestamp: 2026-06-08 21:43:22.216514, function: null, file: null}
Log registered: {message: UploaderService: Resetting upload queue and state., timestamp: 2026-06-08 21:43:22.216722, function: null, file: null}
Log registered: {message: UploaderService: Reset completed., timestamp: 2026-06-08 21:43:22.216783, function: null, file: null}
Log registered: {message: Session started with GUID: test-guid on device type: Master, timestamp: 2026-06-08 21:43:22.216836, function: null, file: null}
Log registered: {message: Adding photo to upload queue: /var/folders/6s/dp27g8gn26j9mp36sjfxb9tw0000gn/T/session_manager_test_mediaoaejJT/test_photo_1.jpg, timestamp: 2026-06-08 21:43:22.217384, function: null, file: null}
Log registered: {message: [UploaderService] No uploaded media with valid durations. Returning zero duration., timestamp: 2026-06-08 21:43:22.217525, function: null, file: null}
Log registered: {message: Media added to upload queue: /var/folders/6s/dp27g8gn26j9mp36sjfxb9tw0000gn/T/session_manager_test_mediaoaejJT/test_photo_1.jpg, timestamp: 2026-06-08 21:43:22.217936, function: null, file: null}
Log registered: {message: Adding photo to upload queue: /var/folders/6s/dp27g8gn26j9mp36sjfxb9tw0000gn/T/session_manager_test_mediaoaejJT/test_photo_2.jpg, timestamp: 2026-06-08 21:43:22.218031, function: null, file: null}
Log registered: {message: [UploaderService] No uploaded media with valid durations. Returning zero duration., timestamp: 2026-06-08 21:43:22.218289, function: null, file: null}
Log registered: {message: Media added to upload queue: /var/folders/6s/dp27g8gn26j9mp36sjfxb9tw0000gn/T/session_manager_test_mediaoaejJT/test_photo_2.jpg, timestamp: 2026-06-08 21:43:22.218344, function: null, file: null}
00:03 +118 ~1: /Users/jose/src/work/hydracamv2/test/services/hydracam_api_service_test.dart: uploadMedia includes app version fields in multipart metadata
Log registered: {message: Media uploaded successfully, timestamp: 2026-06-08 21:43:22.218155, function: null, file: null}
00:03 +118 ~1: /Users/jose/src/work/hydracamv2/test/services/session_manager_test.dart: SessionManager Media management multiple media can be added to session
Log registered: {message: Auto-upload is disabled. Media added to queue but not uploaded., timestamp: 2026-06-08 21:43:22.218526, function: null, file: null}
Log registered: {message: Auto-upload is disabled. Media added to queue but not uploaded., timestamp: 2026-06-08 21:43:22.218634, function: null, file: null}
00:03 +119 ~1: /Users/jose/src/work/hydracamv2/test/services/camera_service_failure_test.dart: changing video profile preserves the selected camera
00:03 +119 ~1: /Users/jose/src/work/hydracamv2/test/services/session_manager_test.dart: SessionManager Media management multiple media can be added to session
Log registered: {message: Session metadata saved to /var/folders/6s/dp27g8gn26j9mp36sjfxb9tw0000gn/T/session_manager_docswNcXGl/session_test-guid/metadata.json, timestamp: 2026-06-08 21:43:22.219824, function: null, file: null}
Log registered: {message: Session metadata saved to /var/folders/6s/dp27g8gn26j9mp36sjfxb9tw0000gn/T/session_manager_docswNcXGl/session_test-guid/metadata.json, timestamp: 2026-06-08 21:43:22.219925, function: null, file: null}
Log registered: {message: UploaderService: Resetting upload queue and state., timestamp: 2026-06-08 21:43:22.219979, function: null, file: null}
Log registered: {message: UploaderService: Reset completed., timestamp: 2026-06-08 21:43:22.220029, function: null, file: null}
Log registered: {message: Session ended and uploader reset., timestamp: 2026-06-08 21:43:22.220084, function: null, file: null}
00:03 +120 ~1: /Users/jose/src/work/hydracamv2/test/services/camera_service_failure_test.dart: changing video profile preserves the selected camera
00:03 +120 ~1: /Users/jose/src/work/hydracamv2/test/services/session_manager_test.dart: SessionManager Media management multiple media can be added to session
Log registered: {message: Session metadata saved to /var/folders/6s/dp27g8gn26j9mp36sjfxb9tw0000gn/T/session_manager_docswNcXGl/session_test-guid/metadata.json, timestamp: 2026-06-08 21:43:22.220836, function: null, file: null}
00:03 +120 ~1: /Users/jose/src/work/hydracamv2/test/services/hydracam_api_service_test.dart: uploadMedia includes app version fields in multipart metadata
Trace file unavailable: MissingPluginException(No implementation found for method getApplicationDocumentsDirectory on channel plugins.flutter.io/path_provider)
00:03 +120 ~1: /Users/jose/src/work/hydracamv2/test/services/hydracam_api_service_test.dart: uploadMedia includes video recording end and duration metadata
Log registered: {message: Get token, timestamp: 2026-06-08 21:43:22.222478, function: null, file: null}
00:03 +120 ~1: /Users/jose/src/work/hydracamv2/test/services/camera_service_failure_test.dart: changing video profile preserves the selected camera
00:03 +120 ~1: /Users/jose/src/work/hydracamv2/test/services/hydracam_api_service_test.dart: uploadMedia includes video recording end and duration metadata
Log registered: {message: Media uploaded successfully, timestamp: 2026-06-08 21:43:22.225326, function: null, file: null}
00:03 +121 ~1: /Users/jose/src/work/hydracamv2/test/services/camera_service_failure_test.dart: changing video profile preserves the selected camera
00:03 +121 ~1: /Users/jose/src/work/hydracamv2/test/services/hydracam_api_service_test.dart: uploadMedia uses centralized upload-media contract fields
Log registered: {message: Get token, timestamp: 2026-06-08 21:43:22.227248, function: null, file: null}
Log registered: {message: Media uploaded successfully, timestamp: 2026-06-08 21:43:22.228699, function: null, file: null}
00:03 +122 ~1: /Users/jose/src/work/hydracamv2/test/services/camera_service_failure_test.dart: changing video profile preserves the selected camera
00:03 +122 ~1: /Users/jose/src/work/hydracamv2/test/services/hydracam_api_service_test.dart: uploadMedia omits video duration metadata for photo uploads
Log registered: {message: Get token, timestamp: 2026-06-08 21:43:22.231921, function: null, file: null}
Log registered: {message: Media uploaded successfully, timestamp: 2026-06-08 21:43:22.233195, function: null, file: null}
00:03 +123 ~1: /Users/jose/src/work/hydracamv2/test/services/camera_service_failure_test.dart: changing video profile preserves the selected camera
00:03 +123 ~1: /Users/jose/src/work/hydracamv2/test/services/hydracam_api_service_test.dart: uploadMedia rejects missing files before HTTP send
Log registered: {message: Upload file does not exist: /var/folders/6s/dp27g8gn26j9mp36sjfxb9tw0000gn/T/hydracam_api_testJF0Acf/missing-video.mp4, timestamp: 2026-06-08 21:43:22.234856, function: null, file: null}
00:03 +124 ~1: /Users/jose/src/work/hydracamv2/test/services/camera_service_failure_test.dart: changing video profile preserves the selected camera
Log registered: {message: Camera capture settings applied and reinitialized: camera=iphone-telephoto, profile=detail4k30., timestamp: 2026-06-08 21:43:22.269370, function: null, file: null}
00:03 +125 ~1: /Users/jose/src/work/hydracamv2/test/services/camera_service_failure_test.dart: setup preview uses preset defaults without explicit fps
Log registered: {message: Initializing camera preview..., timestamp: 2026-06-08 21:43:22.271137, function: null, file: null}
Log registered: {message: Updated selected camera name to fake-back-camera, timestamp: 2026-06-08 21:43:22.271373, function: null, file: null}
Log registered: {message: Camera preview successfully initialized without explicit fps., timestamp: 2026-06-08 21:43:22.271650, function: null, file: null}
00:03 +126 ~1: /Users/jose/src/work/hydracamv2/test/services/camera_service_failure_test.dart: recording after setup preview rebuilds the explicit fps controller
Log registered: {message: Initializing camera preview..., timestamp: 2026-06-08 21:43:22.272859, function: null, file: null}
Log registered: {message: Updated selected camera name to fake-back-camera, timestamp: 2026-06-08 21:43:22.273064, function: null, file: null}
Log registered: {message: Camera preview successfully initialized without explicit fps., timestamp: 2026-06-08 21:43:22.273338, function: null, file: null}
Log registered: {message: Initializing camera..., timestamp: 2026-06-08 21:43:22.273508, function: null, file: null}
00:03 +127 ~1: /Users/jose/src/work/hydracamv2/test/services/camera_service_failure_test.dart: recording after setup preview rebuilds the explicit fps controller
00:03 +128 ~1: /Users/jose/src/work/hydracamv2/test/services/camera_service_failure_test.dart: recording after setup preview rebuilds the explicit fps controller
00:03 +129 ~1: /Users/jose/src/work/hydracamv2/test/services/camera_service_failure_test.dart: recording after setup preview rebuilds the explicit fps controller
00:03 +130 ~1: /Users/jose/src/work/hydracamv2/test/services/camera_service_failure_test.dart: recording after setup preview rebuilds the explicit fps controller
00:03 +131 ~1: /Users/jose/src/work/hydracamv2/test/services/camera_service_failure_test.dart: recording after setup preview rebuilds the explicit fps controller
00:03 +132 ~1: /Users/jose/src/work/hydracamv2/test/services/camera_service_failure_test.dart: recording after setup preview rebuilds the explicit fps controller
00:03 +133 ~1: /Users/jose/src/work/hydracamv2/test/services/camera_service_failure_test.dart: recording after setup preview rebuilds the explicit fps controller
00:03 +133 ~1: /Users/jose/src/work/hydracamv2/test/services/log_service_test.dart: registerLog stores message, timestamp, function, and file
Log registered: {message: Profile startup marker, timestamp: 2026-06-07 13:30:00.000, function: main, file: main.dart}
Trace file unavailable: Binding has not yet been initialized.
The "instance" getter on the ServicesBinding binding mixin is only available once that binding has been initialized.
Typically, this is done by calling "WidgetsFlutterBinding.ensureInitialized()" or "runApp()" (the latter calls the former). Typically this call is done in the "void main()" method. The "ensureInitialized" method is idempotent; calling it multiple times is not harmful. After calling that method, the "instance" getter will return the binding.
In a test, one can call "TestWidgetsFlutterBinding.ensureInitialized()" as the first line in the test's "main()" method to initialize the binding.
If ServicesBinding is a custom binding mixin, there must also be a custom binding class, like WidgetsFlutterBinding, but that mixes in the selected binding, and that is the class that must be constructed before using the "instance" getter.
00:04 +134 ~1: /Users/jose/src/work/hydracamv2/test/services/camera_service_failure_test.dart: recording after setup preview rebuilds the explicit fps controller
00:04 +134 ~1: /Users/jose/src/work/hydracamv2/test/services/log_service_test.dart: clearLogs removes stored entries
Log registered: {message: temporary entry, timestamp: 2026-06-08 21:43:22.544375, function: null, file: null}
00:04 +135 ~1: /Users/jose/src/work/hydracamv2/test/services/camera_service_failure_test.dart: recording after setup preview rebuilds the explicit fps controller
00:04 +136 ~1: /Users/jose/src/work/hydracamv2/test/services/camera_service_failure_test.dart: recording after setup preview rebuilds the explicit fps controller
00:04 +137 ~1: /Users/jose/src/work/hydracamv2/test/services/camera_service_failure_test.dart: recording after setup preview rebuilds the explicit fps controller
00:04 +138 ~1: /Users/jose/src/work/hydracamv2/test/services/camera_service_failure_test.dart: recording after setup preview rebuilds the explicit fps controller
00:04 +139 ~1: /Users/jose/src/work/hydracamv2/test/services/camera_service_failure_test.dart: recording after setup preview rebuilds the explicit fps controller
Log registered: {message: Camera successfully initialized., timestamp: 2026-06-08 21:43:22.677360, function: null, file: null}
Log registered: {message: Generated new Device ID: 7fee6ba8-37f4-4772-8322-3047d944152d, timestamp: 2026-06-08 21:43:22.677755, function: null, file: null}
Log registered: {message: Video recording started with flash off, timestamp: 2026-06-08 21:43:22.677935, function: null, file: null}
00:04 +140 ~1: /Users/jose/src/work/hydracamv2/test/services/camera_service_failure_test.dart: macOS runtime uses the real camera backend unless mock is explicit
00:04 +141 ~1: /Users/jose/src/work/hydracamv2/test/services/camera_service_failure_test.dart: (tearDownAll)
00:04 +141 ~1: /Users/jose/src/work/hydracamv2/test/services/scheduled_task_service_test.dart: computes delay from corrected local time
00:04 +142 ~1: /Users/jose/src/work/hydracamv2/test/services/scheduled_task_service_test.dart: runs scheduled tasks immediately when corrected time has passed
00:04 +143 ~1: /Users/jose/src/work/hydracamv2/test/services/scheduled_task_service_test.dart: keeps future corrected-time tasks cancellable
00:04 +144 ~1: /Users/jose/src/work/hydracamv2/test/services/battery_service_test.dart: skips linux battery plugin when DBus system bus is missing
00:04 +145 ~1: /Users/jose/src/work/hydracamv2/test/services/battery_service_test.dart: BatteryService shows warning when battery level is low
00:04 +146 ~1: /Users/jose/src/work/hydracamv2/test/services/battery_service_test.dart: BatteryService shows warning when battery level is low
00:04 +147 ~1: /Users/jose/src/work/hydracamv2/test/services/battery_service_test.dart: BatteryService shows warning when battery level is low
00:04 +148 ~1: /Users/jose/src/work/hydracamv2/test/services/battery_service_test.dart: BatteryService shows warning when battery level is low
00:04 +149 ~1: /Users/jose/src/work/hydracamv2/test/services/battery_service_test.dart: BatteryService shows warning when battery level is low
00:04 +149 ~1: /Users/jose/src/work/hydracamv2/test/services/settings_service_test.dart: stores selected camera name independently from lens preference
Log registered: {message: Updated camera lens preference to ultraWide, timestamp: 2026-06-08 21:43:23.117485, function: null, file: null}
Trace file unavailable: Binding has not yet been initialized.
The "instance" getter on the ServicesBinding binding mixin is only available once that binding has been initialized.
Typically, this is done by calling "WidgetsFlutterBinding.ensureInitialized()" or "runApp()" (the latter calls the former). Typically this call is done in the "void main()" method. The "ensureInitialized" method is idempotent; calling it multiple times is not harmful. After calling that method, the "instance" getter will return the binding.
In a test, one can call "TestWidgetsFlutterBinding.ensureInitialized()" as the first line in the test's "main()" method to initialize the binding.
If ServicesBinding is a custom binding mixin, there must also be a custom binding class, like WidgetsFlutterBinding, but that mixes in the selected binding, and that is the class that must be constructed before using the "instance" getter.
Log registered: {message: Updated selected camera name to iphone-ultra-wide, timestamp: 2026-06-08 21:43:23.130735, function: null, file: null}
00:04 +150 ~1: /Users/jose/src/work/hydracamv2/test/services/battery_service_test.dart: BatteryService shows warning when battery level is low
00:04 +150 ~1: /Users/jose/src/work/hydracamv2/test/services/settings_service_test.dart: stores selected camera perspective by canonical id
Log registered: {message: Updated camera perspective to right_backglass_diagonal, timestamp: 2026-06-08 21:43:23.132988, function: null, file: null}
00:04 +151 ~1: /Users/jose/src/work/hydracamv2/test/services/battery_service_test.dart: BatteryService shows warning when battery level is low
00:04 +151 ~1: /Users/jose/src/work/hydracamv2/test/services/settings_service_test.dart: autograbado defaults disabled and can be stored
Log registered: {message: Updated autograbadoMode value to true, timestamp: 2026-06-08 21:43:23.134344, function: null, file: null}
00:04 +152 ~1: /Users/jose/src/work/hydracamv2/test/services/battery_service_test.dart: BatteryService shows warning when battery level is low
00:04 +152 ~1: /Users/jose/src/work/hydracamv2/test/services/gallery_session_candidate_source_test.dart: loads active and historical gallery candidate sessions once
Log registered: {message: UploaderService: Resetting upload queue and state., timestamp: 2026-06-08 21:43:23.152525, function: null, file: null}
Log registered: {message: UploaderService: Reset completed., timestamp: 2026-06-08 21:43:23.154900, function: null, file: null}
Log registered: {message: Session started with GUID: active-guid on device type: Master, timestamp: 2026-06-08 21:43:23.155221, function: null, file: null}
Log registered: {message: Generated new Device ID: 184b4b81-dbda-43ed-a338-4efb250d2391, timestamp: 2026-06-08 21:43:23.171179, function: null, file: null}
Log registered: {message: Session metadata snapshot loaded for old-guid, timestamp: 2026-06-08 21:43:23.173051, function: null, file: null}
Log registered: {message: Retrieved existing Device ID: 184b4b81-dbda-43ed-a338-4efb250d2391, timestamp: 2026-06-08 21:43:23.174157, function: null, file: null}
Log registered: {message: Session metadata snapshot loaded for active-guid, timestamp: 2026-06-08 21:43:23.174286, function: null, file: null}
Log registered: {message: Session metadata saved to /var/folders/6s/dp27g8gn26j9mp36sjfxb9tw0000gn/T/gallery_session_candidate_source_docswCbiMf/session_active-guid/metadata.json, timestamp: 2026-06-08 21:43:23.178371, function: null, file: null}
Log registered: {message: UploaderService: Resetting upload queue and state., timestamp: 2026-06-08 21:43:23.178563, function: null, file: null}
Log registered: {message: UploaderService: Reset completed., timestamp: 2026-06-08 21:43:23.178648, function: null, file: null}
Log registered: {message: Session ended and uploader reset., timestamp: 2026-06-08 21:43:23.178713, function: null, file: null}
00:04 +153 ~1: /Users/jose/src/work/hydracamv2/test/services/battery_service_test.dart: BatteryService shows warning when battery level is low
00:04 +153 ~1: /Users/jose/src/work/hydracamv2/test/services/uploader_service_test.dart: reset clears stale queue, current upload state, and progress
Log registered: {message: UploaderService: Resetting upload queue and state., timestamp: 2026-06-08 21:43:23.189175, function: null, file: null}
Log registered: {message: UploaderService: Reset completed., timestamp: 2026-06-08 21:43:23.191191, function: null, file: null}
Log registered: {message: [UploaderService] No uploaded media with valid durations. Returning zero duration., timestamp: 2026-06-08 21:43:23.196663, function: null, file: null}
Log registered: {message: Media added to upload queue: /var/folders/6s/dp27g8gn26j9mp36sjfxb9tw0000gn/T/hydracam_uploader_test2JSbeb/photo.jpg, timestamp: 2026-06-08 21:43:23.196917, function: null, file: null}
Log registered: {message: UploaderService: Resetting upload queue and state., timestamp: 2026-06-08 21:43:23.199666, function: null, file: null}
Log registered: {message: UploaderService: Reset completed., timestamp: 2026-06-08 21:43:23.199863, function: null, file: null}
Log registered: {message: Auto-upload is disabled. Media added to queue but not uploaded., timestamp: 2026-06-08 21:43:23.203110, function: null, file: null}
Log registered: {message: UploaderService: Resetting upload queue and state., timestamp: 2026-06-08 21:43:23.203733, function: null, file: null}
Log registered: {message: UploaderService: Reset completed., timestamp: 2026-06-08 21:43:23.203835, function: null, file: null}
00:04 +154 ~1: /Users/jose/src/work/hydracamv2/test/services/battery_service_test.dart: BatteryService shows warning when battery level is low
00:04 +154 ~1: /Users/jose/src/work/hydracamv2/test/services/uploader_service_test.dart: cancelQueuedMedia removes a pending item without touching others
Log registered: {message: UploaderService: Resetting upload queue and state., timestamp: 2026-06-08 21:43:23.205945, function: null, file: null}
Log registered: {message: UploaderService: Reset completed., timestamp: 2026-06-08 21:43:23.206030, function: null, file: null}
Log registered: {message: [UploaderService] No uploaded media with valid durations. Returning zero duration., timestamp: 2026-06-08 21:43:23.206713, function: null, file: null}
Log registered: {message: Media added to upload queue: /var/folders/6s/dp27g8gn26j9mp36sjfxb9tw0000gn/T/hydracam_uploader_testwQYxEh/first.jpg, timestamp: 2026-06-08 21:43:23.206802, function: null, file: null}
Log registered: {message: [UploaderService] No uploaded media with valid durations. Returning zero duration., timestamp: 2026-06-08 21:43:23.207073, function: null, file: null}
Log registered: {message: Media added to upload queue: /var/folders/6s/dp27g8gn26j9mp36sjfxb9tw0000gn/T/hydracam_uploader_testwQYxEh/second.jpg, timestamp: 2026-06-08 21:43:23.207163, function: null, file: null}
Log registered: {message: [UploaderService] No uploaded media with valid durations. Returning zero duration., timestamp: 2026-06-08 21:43:23.207695, function: null, file: null}
Log registered: {message: Cancelled pending upload: /var/folders/6s/dp27g8gn26j9mp36sjfxb9tw0000gn/T/hydracam_uploader_testwQYxEh/first.jpg, timestamp: 2026-06-08 21:43:23.207811, function: null, file: null}
Log registered: {message: No pending queued media to cancel: /var/folders/6s/dp27g8gn26j9mp36sjfxb9tw0000gn/T/hydracam_uploader_testwQYxEh/first.jpg, timestamp: 2026-06-08 21:43:23.208818, function: null, file: null}
Log registered: {message: Auto-upload is disabled. Media added to queue but not uploaded., timestamp: 2026-06-08 21:43:23.209024, function: null, file: null}
Log registered: {message: Auto-upload is disabled. Media added to queue but not uploaded., timestamp: 2026-06-08 21:43:23.209098, function: null, file: null}
Log registered: {message: UploaderService: Resetting upload queue and state., timestamp: 2026-06-08 21:43:23.209221, function: null, file: null}
Log registered: {message: UploaderService: Reset completed., timestamp: 2026-06-08 21:43:23.209291, function: null, file: null}
00:04 +155 ~1: /Users/jose/src/work/hydracamv2/test/services/battery_service_test.dart: BatteryService shows warning when battery level is low
00:04 +155 ~1: /Users/jose/src/work/hydracamv2/test/services/uploader_service_test.dart: addMediaToQueue ignores retry for media already uploading
Log registered: {message: UploaderService: Resetting upload queue and state., timestamp: 2026-06-08 21:43:23.212365, function: null, file: null}
Log registered: {message: UploaderService: Reset completed., timestamp: 2026-06-08 21:43:23.212478, function: null, file: null}
Log registered: {message: Media already uploading: /var/folders/6s/dp27g8gn26j9mp36sjfxb9tw0000gn/T/hydracam_uploader_testVTr6hA/currently-uploading.jpg, timestamp: 2026-06-08 21:43:23.213052, function: null, file: null}
Log registered: {message: UploaderService: Resetting upload queue and state., timestamp: 2026-06-08 21:43:23.213612, function: null, file: null}
Log registered: {message: UploaderService: Reset completed., timestamp: 2026-06-08 21:43:23.213688, function: null, file: null}
00:04 +156 ~1: /Users/jose/src/work/hydracamv2/test/services/battery_service_test.dart: BatteryService shows warning when battery level is low
00:04 +156 ~1: /Users/jose/src/work/hydracamv2/test/services/uploader_service_test.dart: estimateTotalTimeRemaining uses completed upload samples
Log registered: {message: UploaderService: Resetting upload queue and state., timestamp: 2026-06-08 21:43:23.215015, function: null, file: null}
Log registered: {message: UploaderService: Reset completed., timestamp: 2026-06-08 21:43:23.215143, function: null, file: null}
Log registered: {message: UploaderService: Resetting upload queue and state., timestamp: 2026-06-08 21:43:23.215845, function: null, file: null}
Log registered: {message: UploaderService: Reset completed., timestamp: 2026-06-08 21:43:23.215943, function: null, file: null}
Log registered: {message: Session started with GUID: estimate-session-guid on device type: Master, timestamp: 2026-06-08 21:43:23.216136, function: null, file: null}
Log registered: {message: [UploaderService] No uploaded media with valid durations. Returning zero duration., timestamp: 2026-06-08 21:43:23.216615, function: null, file: null}
Log registered: {message: Media added to upload queue: /var/folders/6s/dp27g8gn26j9mp36sjfxb9tw0000gn/T/hydracam_uploader_testT209Y9/completed-estimate.jpg, timestamp: 2026-06-08 21:43:23.216703, function: null, file: null}
Log registered: {message: Manual upload initiated., timestamp: 2026-06-08 21:43:23.216867, function: null, file: null}
Log registered: {message: UploaderService: _startUploading called. _isUploading=false, queue length=1, timestamp: 2026-06-08 21:43:23.216985, function: null, file: null}
Log registered: {message: UploaderService: _processNextItem called. Queue length=1, timestamp: 2026-06-08 21:43:23.217332, function: null, file: null}
Log registered: {message: UploaderService: sessionGuid=estimate-session-guid, timestamp: 2026-06-08 21:43:23.217494, function: null, file: null}
Log registered: {message: Auto-upload is disabled. Media added to queue but not uploaded., timestamp: 2026-06-08 21:43:23.218702, function: null, file: null}
Log registered: {message: Get token, timestamp: 2026-06-08 21:43:23.219243, function: null, file: null}
Log registered: {message: Media uploaded successfully, timestamp: 2026-06-08 21:43:23.230495, function: null, file: null}
Log registered: {message: Media uploaded: /var/folders/6s/dp27g8gn26j9mp36sjfxb9tw0000gn/T/hydracam_uploader_testT209Y9/completed-estimate.jpg, timestamp: 2026-06-08 21:43:23.230830, function: null, file: null}
Log registered: {message: [UploaderService] Total bytes uploaded: 100, timestamp: 2026-06-08 21:43:23.232219, function: null, file: null}
Log registered: {message: [UploaderService] Total upload duration: 5 seconds, timestamp: 2026-06-08 21:43:23.232434, function: null, file: null}
Log registered: {message: [UploaderService] Average speed: 20.0 bytes/second, timestamp: 2026-06-08 21:43:23.232916, function: null, file: null}
Log registered: {message: [UploaderService] Remaining bytes to upload: 200, timestamp: 2026-06-08 21:43:23.233223, function: null, file: null}
Log registered: {message: [UploaderService] Estimated time: 10.0 seconds, timestamp: 2026-06-08 21:43:23.233410, function: null, file: null}
Log registered: {message: Media added to upload queue: /var/folders/6s/dp27g8gn26j9mp36sjfxb9tw0000gn/T/hydracam_uploader_testT209Y9/pending-estimate.jpg, timestamp: 2026-06-08 21:43:23.233544, function: null, file: null}
Log registered: {message: [UploaderService] Total bytes uploaded: 100, timestamp: 2026-06-08 21:43:23.233679, function: null, file: null}
Log registered: {message: [UploaderService] Total upload duration: 5 seconds, timestamp: 2026-06-08 21:43:23.233742, function: null, file: null}
Log registered: {message: [UploaderService] Average speed: 20.0 bytes/second, timestamp: 2026-06-08 21:43:23.233800, function: null, file: null}
Log registered: {message: [UploaderService] Remaining bytes to upload: 200, timestamp: 2026-06-08 21:43:23.233850, function: null, file: null}
Log registered: {message: [UploaderService] Estimated time: 10.0 seconds, timestamp: 2026-06-08 21:43:23.233897, function: null, file: null}
Log registered: {message: Auto-upload is disabled. Media added to queue but not uploaded., timestamp: 2026-06-08 21:43:23.234002, function: null, file: null}
Log registered: {message: Session metadata saved to /var/folders/6s/dp27g8gn26j9mp36sjfxb9tw0000gn/T/uploader_service_docsVt5fLo/session_estimate-session-guid/metadata.json, timestamp: 2026-06-08 21:43:23.235042, function: null, file: null}
Log registered: {message: [UploaderService] Total bytes uploaded: 100, timestamp: 2026-06-08 21:43:23.235350, function: null, file: null}
Log registered: {message: [UploaderService] Total upload duration: 5 seconds, timestamp: 2026-06-08 21:43:23.235424, function: null, file: null}
Log registered: {message: [UploaderService] Average speed: 20.0 bytes/second, timestamp: 2026-06-08 21:43:23.235485, function: null, file: null}
Log registered: {message: [UploaderService] Remaining bytes to upload: 200, timestamp: 2026-06-08 21:43:23.235539, function: null, file: null}
Log registered: {message: [UploaderService] Estimated time: 10.0 seconds, timestamp: 2026-06-08 21:43:23.235588, function: null, file: null}
Log registered: {message: UploaderService: _processNextItem called. Queue length=1, timestamp: 2026-06-08 21:43:23.235833, function: null, file: null}
Log registered: {message: UploaderService: sessionGuid=estimate-session-guid, timestamp: 2026-06-08 21:43:23.236022, function: null, file: null}
Log registered: {message: Session metadata saved to /var/folders/6s/dp27g8gn26j9mp36sjfxb9tw0000gn/T/uploader_service_docsVt5fLo/session_estimate-session-guid/metadata.json, timestamp: 2026-06-08 21:43:23.236241, function: null, file: null}
Log registered: {message: UploaderService: Resetting upload queue and state., timestamp: 2026-06-08 21:43:23.236318, function: null, file: null}
Log registered: {message: UploaderService: Reset completed., timestamp: 2026-06-08 21:43:23.236379, function: null, file: null}
Log registered: {message: Session ended and uploader reset., timestamp: 2026-06-08 21:43:23.236447, function: null, file: null}
Log registered: {message: UploaderService: Resetting upload queue and state., timestamp: 2026-06-08 21:43:23.236541, function: null, file: null}
Log registered: {message: UploaderService: Reset completed., timestamp: 2026-06-08 21:43:23.236606, function: null, file: null}
00:04 +157 ~1: /Users/jose/src/work/hydracamv2/test/services/battery_service_test.dart: BatteryService shows warning when battery level is low
00:04 +157 ~1: /Users/jose/src/work/hydracamv2/test/services/uploader_service_test.dart: estimateTotalTimeRemaining uses completed upload samples
Log registered: {message: Get token, timestamp: 2026-06-08 21:43:23.237062, function: null, file: null}
Log registered: {message: Failed to upload media: 400 - , timestamp: 2026-06-08 21:43:23.240079, function: null, file: null}
Log registered: {message: Ignoring stale upload completion after uploader reset or cancellation: /var/folders/6s/dp27g8gn26j9mp36sjfxb9tw0000gn/T/hydracam_uploader_testT209Y9/pending-estimate.jpg, timestamp: 2026-06-08 21:43:23.240201, function: null, file: null}
00:04 +157 ~1: /Users/jose/src/work/hydracamv2/test/services/uploader_service_test.dart: reset ignores stale in-flight upload completion
Log registered: {message: UploaderService: Resetting upload queue and state., timestamp: 2026-06-08 21:43:23.241077, function: null, file: null}
Log registered: {message: UploaderService: Reset completed., timestamp: 2026-06-08 21:43:23.241171, function: null, file: null}
Log registered: {message: UploaderService: Resetting upload queue and state., timestamp: 2026-06-08 21:43:23.241605, function: null, file: null}
Log registered: {message: UploaderService: Reset completed., timestamp: 2026-06-08 21:43:23.241671, function: null, file: null}
Log registered: {message: Session started with GUID: old-session-guid on device type: Master, timestamp: 2026-06-08 21:43:23.241727, function: null, file: null}
Log registered: {message: [UploaderService] No uploaded media with valid durations. Returning zero duration., timestamp: 2026-06-08 21:43:23.241991, function: null, file: null}
Log registered: {message: Media added to upload queue: /var/folders/6s/dp27g8gn26j9mp36sjfxb9tw0000gn/T/hydracam_uploader_testIUXX6k/inflight.jpg, timestamp: 2026-06-08 21:43:23.242042, function: null, file: null}
Log registered: {message: Manual upload initiated., timestamp: 2026-06-08 21:43:23.242140, function: null, file: null}
Log registered: {message: UploaderService: _startUploading called. _isUploading=false, queue length=1, timestamp: 2026-06-08 21:43:23.242190, function: null, file: null}
Log registered: {message: UploaderService: _processNextItem called. Queue length=1, timestamp: 2026-06-08 21:43:23.242237, function: null, file: null}
Log registered: {message: UploaderService: sessionGuid=old-session-guid, timestamp: 2026-06-08 21:43:23.242307, function: null, file: null}
Log registered: {message: Auto-upload is disabled. Media added to queue but not uploaded., timestamp: 2026-06-08 21:43:23.242671, function: null, file: null}
Log registered: {message: Get token, timestamp: 2026-06-08 21:43:23.243031, function: null, file: null}
Log registered: {message: UploaderService: Resetting upload queue and state., timestamp: 2026-06-08 21:43:23.243524, function: null, file: null}
Log registered: {message: UploaderService: Reset completed., timestamp: 2026-06-08 21:43:23.243600, function: null, file: null}
Log registered: {message: UploaderService: Resetting upload queue and state., timestamp: 2026-06-08 21:43:23.243659, function: null, file: null}
Log registered: {message: UploaderService: Reset completed., timestamp: 2026-06-08 21:43:23.243710, function: null, file: null}
Log registered: {message: Session started with GUID: new-session-guid on device type: Master, timestamp: 2026-06-08 21:43:23.243757, function: null, file: null}
00:04 +158 ~1: /Users/jose/src/work/hydracamv2/test/services/battery_service_test.dart: BatteryService shows warning when battery level is low
00:04 +158 ~1: /Users/jose/src/work/hydracamv2/test/services/uploader_service_test.dart: reset ignores stale in-flight upload completion
Log registered: {message: Media uploaded successfully, timestamp: 2026-06-08 21:43:23.245107, function: null, file: null}
Log registered: {message: Ignoring stale upload completion after uploader reset or cancellation: /var/folders/6s/dp27g8gn26j9mp36sjfxb9tw0000gn/T/hydracam_uploader_testIUXX6k/inflight.jpg, timestamp: 2026-06-08 21:43:23.245219, function: null, file: null}
00:04 +159 ~1: /Users/jose/src/work/hydracamv2/test/services/battery_service_test.dart: BatteryService shows warning when battery level is low
00:04 +159 ~1: /Users/jose/src/work/hydracamv2/test/services/uploader_service_test.dart: reset ignores stale in-flight upload completion
Log registered: {message: Session metadata saved to /var/folders/6s/dp27g8gn26j9mp36sjfxb9tw0000gn/T/uploader_service_docsVt5fLo/session_new-session-guid/metadata.json, timestamp: 2026-06-08 21:43:23.246535, function: null, file: null}
Log registered: {message: UploaderService: Resetting upload queue and state., timestamp: 2026-06-08 21:43:23.246640, function: null, file: null}
Log registered: {message: UploaderService: Reset completed., timestamp: 2026-06-08 21:43:23.246696, function: null, file: null}
Log registered: {message: Session ended and uploader reset., timestamp: 2026-06-08 21:43:23.246742, function: null, file: null}
Log registered: {message: UploaderService: Resetting upload queue and state., timestamp: 2026-06-08 21:43:23.246787, function: null, file: null}
Log registered: {message: UploaderService: Reset completed., timestamp: 2026-06-08 21:43:23.246829, function: null, file: null}
00:04 +160 ~1: /Users/jose/src/work/hydracamv2/test/services/battery_service_test.dart: BatteryService shows warning when battery level is low
00:04 +161 ~1: /Users/jose/src/work/hydracamv2/test/services/battery_service_test.dart: BatteryService shows warning when battery level is low
00:04 +161 ~1: /Users/jose/src/work/hydracamv2/test/services/uploader_service_test.dart: cancelCurrentUpload clears active upload and ignores late completion
Log registered: {message: UploaderService: Resetting upload queue and state., timestamp: 2026-06-08 21:43:23.247796, function: null, file: null}
Log registered: {message: UploaderService: Reset completed., timestamp: 2026-06-08 21:43:23.247862, function: null, file: null}
Log registered: {message: UploaderService: Resetting upload queue and state., timestamp: 2026-06-08 21:43:23.248327, function: null, file: null}
Log registered: {message: UploaderService: Reset completed., timestamp: 2026-06-08 21:43:23.248403, function: null, file: null}
Log registered: {message: Session started with GUID: cancel-session-guid on device type: Master, timestamp: 2026-06-08 21:43:23.248503, function: null, file: null}
Log registered: {message: [UploaderService] No uploaded media with valid durations. Returning zero duration., timestamp: 2026-06-08 21:43:23.248740, function: null, file: null}
Log registered: {message: Media added to upload queue: /var/folders/6s/dp27g8gn26j9mp36sjfxb9tw0000gn/T/hydracam_uploader_testiG7DRz/cancel-inflight.jpg, timestamp: 2026-06-08 21:43:23.248793, function: null, file: null}
Log registered: {message: Manual upload initiated., timestamp: 2026-06-08 21:43:23.248892, function: null, file: null}
Log registered: {message: UploaderService: _startUploading called. _isUploading=false, queue length=1, timestamp: 2026-06-08 21:43:23.248977, function: null, file: null}
Log registered: {message: UploaderService: _processNextItem called. Queue length=1, timestamp: 2026-06-08 21:43:23.249116, function: null, file: null}
Log registered: {message: UploaderService: sessionGuid=cancel-session-guid, timestamp: 2026-06-08 21:43:23.249183, function: null, file: null}
Log registered: {message: Auto-upload is disabled. Media added to queue but not uploaded., timestamp: 2026-06-08 21:43:23.249374, function: null, file: null}
Log registered: {message: Get token, timestamp: 2026-06-08 21:43:23.249684, function: null, file: null}
Log registered: {message: Cancelled in-flight API requests., timestamp: 2026-06-08 21:43:23.250186, function: null, file: null}
Log registered: {message: [UploaderService] Queue is empty. Returning zero duration., timestamp: 2026-06-08 21:43:23.250265, function: null, file: null}
Log registered: {message: Cancelled active upload: /var/folders/6s/dp27g8gn26j9mp36sjfxb9tw0000gn/T/hydracam_uploader_testiG7DRz/cancel-inflight.jpg, timestamp: 2026-06-08 21:43:23.250359, function: null, file: null}
Log registered: {message: Media uploaded successfully, timestamp: 2026-06-08 21:43:23.251756, function: null, file: null}
Log registered: {message: Ignoring stale upload completion after uploader reset or cancellation: /var/folders/6s/dp27g8gn26j9mp36sjfxb9tw0000gn/T/hydracam_uploader_testiG7DRz/cancel-inflight.jpg, timestamp: 2026-06-08 21:43:23.251851, function: null, file: null}
Log registered: {message: Session metadata saved to /var/folders/6s/dp27g8gn26j9mp36sjfxb9tw0000gn/T/uploader_service_docsVt5fLo/session_cancel-session-guid/metadata.json, timestamp: 2026-06-08 21:43:23.252942, function: null, file: null}
Log registered: {message: UploaderService: Resetting upload queue and state., timestamp: 2026-06-08 21:43:23.253026, function: null, file: null}
Log registered: {message: UploaderService: Reset completed., timestamp: 2026-06-08 21:43:23.253080, function: null, file: null}
Log registered: {message: Session ended and uploader reset., timestamp: 2026-06-08 21:43:23.253126, function: null, file: null}
Log registered: {message: UploaderService: Resetting upload queue and state., timestamp: 2026-06-08 21:43:23.253169, function: null, file: null}
Log registered: {message: UploaderService: Reset completed., timestamp: 2026-06-08 21:43:23.253211, function: null, file: null}
00:04 +162 ~1: /Users/jose/src/work/hydracamv2/test/services/battery_service_test.dart: BatteryService shows warning when battery level is low
00:04 +162 ~1: /Users/jose/src/work/hydracamv2/test/services/uploader_service_test.dart: cancelCurrentUpload closes the active HTTP client
Log registered: {message: UploaderService: Resetting upload queue and state., timestamp: 2026-06-08 21:43:23.255708, function: null, file: null}
Log registered: {message: UploaderService: Reset completed., timestamp: 2026-06-08 21:43:23.255783, function: null, file: null}
Log registered: {message: UploaderService: Resetting upload queue and state., timestamp: 2026-06-08 21:43:23.256262, function: null, file: null}
Log registered: {message: UploaderService: Reset completed., timestamp: 2026-06-08 21:43:23.256347, function: null, file: null}
Log registered: {message: Session started with GUID: cancel-http-session-guid on device type: Master, timestamp: 2026-06-08 21:43:23.256406, function: null, file: null}
Log registered: {message: [UploaderService] No uploaded media with valid durations. Returning zero duration., timestamp: 2026-06-08 21:43:23.257082, function: null, file: null}
Log registered: {message: Media added to upload queue: /var/folders/6s/dp27g8gn26j9mp36sjfxb9tw0000gn/T/hydracam_uploader_testihtK6G/cancel-http.jpg, timestamp: 2026-06-08 21:43:23.257212, function: null, file: null}
Log registered: {message: Manual upload initiated., timestamp: 2026-06-08 21:43:23.257370, function: null, file: null}
Log registered: {message: UploaderService: _startUploading called. _isUploading=false, queue length=1, timestamp: 2026-06-08 21:43:23.257476, function: null, file: null}
Log registered: {message: UploaderService: _processNextItem called. Queue length=1, timestamp: 2026-06-08 21:43:23.257547, function: null, file: null}
Log registered: {message: UploaderService: sessionGuid=cancel-http-session-guid, timestamp: 2026-06-08 21:43:23.257604, function: null, file: null}
Log registered: {message: Auto-upload is disabled. Media added to queue but not uploaded., timestamp: 2026-06-08 21:43:23.257833, function: null, file: null}
Log registered: {message: Get token, timestamp: 2026-06-08 21:43:23.258032, function: null, file: null}
Log registered: {message: Cancelled in-flight API requests., timestamp: 2026-06-08 21:43:23.258479, function: null, file: null}
Log registered: {message: [UploaderService] Queue is empty. Returning zero duration., timestamp: 2026-06-08 21:43:23.258552, function: null, file: null}
Log registered: {message: Cancelled active upload: /var/folders/6s/dp27g8gn26j9mp36sjfxb9tw0000gn/T/hydracam_uploader_testihtK6G/cancel-http.jpg, timestamp: 2026-06-08 21:43:23.258703, function: null, file: null}
Log registered: {message: Media uploaded successfully, timestamp: 2026-06-08 21:43:23.260452, function: null, file: null}
Log registered: {message: Ignoring stale upload completion after uploader reset or cancellation: /var/folders/6s/dp27g8gn26j9mp36sjfxb9tw0000gn/T/hydracam_uploader_testihtK6G/cancel-http.jpg, timestamp: 2026-06-08 21:43:23.260538, function: null, file: null}
Log registered: {message: Session metadata saved to /var/folders/6s/dp27g8gn26j9mp36sjfxb9tw0000gn/T/uploader_service_docsVt5fLo/session_cancel-http-session-guid/metadata.json, timestamp: 2026-06-08 21:43:23.261985, function: null, file: null}
Log registered: {message: UploaderService: Resetting upload queue and state., timestamp: 2026-06-08 21:43:23.262165, function: null, file: null}
Log registered: {message: UploaderService: Reset completed., timestamp: 2026-06-08 21:43:23.262229, function: null, file: null}
Log registered: {message: Session ended and uploader reset., timestamp: 2026-06-08 21:43:23.262313, function: null, file: null}
Log registered: {message: UploaderService: Resetting upload queue and state., timestamp: 2026-06-08 21:43:23.262416, function: null, file: null}
Log registered: {message: UploaderService: Reset completed., timestamp: 2026-06-08 21:43:23.262470, function: null, file: null}
00:04 +163 ~1: /Users/jose/src/work/hydracamv2/test/services/battery_service_test.dart: BatteryService shows warning when battery level is low
00:04 +164 ~1: /Users/jose/src/work/hydracamv2/test/services/battery_service_test.dart: BatteryService shows warning when battery level is low
00:04 +164 ~1: /Users/jose/src/work/hydracamv2/test/services/auth0_service_test.dart: Auth0 login persists returned credentials through secure store
Log registered: {message: Profile set: https://example.com/player.png, timestamp: 2026-06-08 21:43:23.320517, function: login, file: auth0_service.dart}
00:04 +164 ~1: /Users/jose/src/work/hydracamv2/test/services/battery_service_test.dart: BatteryService shows warning when battery level is low
00:04 +165 ~1: /Users/jose/src/work/hydracamv2/test/services/battery_service_test.dart: BatteryService shows warning when battery level is low
00:04 +165 ~1: /Users/jose/src/work/hydracamv2/test/services/auth0_service_test.dart: Auth0 login persists returned credentials through secure store
Trace file unavailable: MissingPluginException(No implementation found for method getApplicationDocumentsDirectory on channel plugins.flutter.io/path_provider)
00:04 +165 ~1: /Users/jose/src/work/hydracamv2/test/services/auth0_service_test.dart: Auth0 startup restore uses valid stored credentials
Log registered: {message: Restored Auth0 session from secure store., timestamp: 2026-06-08 21:43:23.327344, function: restoreStoredSession, file: auth0_service.dart}
00:04 +166 ~1: /Users/jose/src/work/hydracamv2/test/services/battery_service_test.dart: BatteryService shows warning when battery level is low
00:04 +166 ~1: /Users/jose/src/work/hydracamv2/test/services/permission_service_test.dart: requestAllPermissions skips unsupported macOS permission handler
Log registered: {message: Skipping permission_handler startup request on macOS; native platform APIs will request resource access on demand., timestamp: 2026-06-08 21:43:23.325890, function: requestAllPermissions, file: PermissionService}
00:04 +166 ~1: /Users/jose/src/work/hydracamv2/test/services/auth0_service_test.dart: Auth0 startup restore refreshes expired credentials
Log registered: {message: Refreshed Auth0 session from secure store., timestamp: 2026-06-08 21:43:23.329193, function: restoreStoredSession, file: auth0_service.dart}
00:04 +167 ~1: /Users/jose/src/work/hydracamv2/test/services/battery_service_test.dart: BatteryService shows warning when battery level is low
00:04 +168 ~1: /Users/jose/src/work/hydracamv2/test/services/battery_service_test.dart: BatteryService shows warning when battery level is low
00:04 +169 ~1: /Users/jose/src/work/hydracamv2/test/services/battery_service_test.dart: BatteryService shows warning when battery level is low
00:04 +169 ~1: /Users/jose/src/work/hydracamv2/test/services/auth0_service_test.dart: Auth0 logout clears secure credentials and browser session
Log registered: {message: Profile set: https://example.com/logout.png, timestamp: 2026-06-08 21:43:23.332872, function: login, file: auth0_service.dart}
Log registered: {message: Cleared Auth0 session., timestamp: 2026-06-08 21:43:23.333370, function: logout, file: auth0_service.dart}
00:04 +170 ~1: /Users/jose/src/work/hydracamv2/test/services/battery_service_test.dart: BatteryService shows warning when battery level is low
00:04 +170 ~1: /Users/jose/src/work/hydracamv2/test/services/permission_service_test.dart: requestAllPermissions skips unsupported Linux permission handler
Log registered: {message: Skipping permission_handler startup request on linux; native platform APIs will request resource access on demand., timestamp: 2026-06-08 21:43:23.334520, function: requestAllPermissions, file: PermissionService}
00:04 +171 ~1: /Users/jose/src/work/hydracamv2/test/services/battery_service_test.dart: BatteryService shows warning when battery level is low
00:04 +171 ~1: /Users/jose/src/work/hydracamv2/test/services/permission_service_test.dart: requestAllPermissions requests location immediately on Android
Log registered: {message: Permission request completed.
Granted: [Permission.camera, Permission.microphone, Permission.locationWhenInUse]
Denied: [], timestamp: 2026-06-08 21:43:23.338571, function: requestAllPermissions, file: PermissionService}
00:04 +172 ~1: /Users/jose/src/work/hydracamv2/test/services/battery_service_test.dart: BatteryService shows warning when battery level is low
00:04 +172 ~1: /Users/jose/src/work/hydracamv2/test/services/permission_service_test.dart: openAppSettings skips unsupported macOS permission handler
Log registered: {message: Skipping permission_handler openAppSettings on macOS., timestamp: 2026-06-08 21:43:23.351475, function: openAppSettings, file: PermissionService}
00:04 +173 ~1: /Users/jose/src/work/hydracamv2/test/services/battery_service_test.dart: BatteryService shows warning when battery level is low
00:04 +173 ~1: /Users/jose/src/work/hydracamv2/test/services/permission_service_test.dart: openAppSettings skips unsupported Linux permission handler
Log registered: {message: Skipping permission_handler openAppSettings on linux., timestamp: 2026-06-08 21:43:23.354408, function: openAppSettings, file: PermissionService}
00:04 +174 ~1: /Users/jose/src/work/hydracamv2/test/services/battery_service_test.dart: BatteryService shows warning when battery level is low
Log registered: {message: BatteryService monitoring disabled - timer not started., timestamp: 2026-06-08 21:43:23.356516, function: null, file: null}
00:04 +175 ~1: /Users/jose/src/work/hydracamv2/test/services/battery_service_test.dart: BatteryService triggers one autostop when battery becomes critical
Log registered: {message: BatteryService monitoring disabled - timer not started., timestamp: 2026-06-08 21:43:23.436459, function: null, file: null}
Log registered: {message: Critical battery: triggering recording stop at 8%., timestamp: 2026-06-08 21:43:23.436814, function: null, file: null}
Log registered: {message: Critical battery: triggering recording stop at 8%., timestamp: 2026-06-08 21:43:23.451115, function: null, file: null}
00:04 +176 ~1: /Users/jose/src/work/hydracamv2/test/services/battery_service_test.dart: BatteryService throttles repeated low-battery warnings
00:04 +176 ~1: /Users/jose/src/work/hydracamv2/test/services/battery_service_test.dart: BatteryService shows warning when battery level is low
Log registered: {message: BatteryService: Error reading battery level: MissingPluginException(No implementation found for method getBatteryLevel on channel dev.fluttercommunity.plus/battery), timestamp: 2026-06-08 21:43:23.470089, function: null, file: null}
00:04 +176 ~1: /Users/jose/src/work/hydracamv2/test/services/battery_service_test.dart: BatteryService throttles repeated low-battery warnings
Log registered: {message: BatteryService monitoring disabled - timer not started., timestamp: 2026-06-08 21:43:23.481148, function: null, file: null}
00:05 +177 ~1: /Users/jose/src/work/hydracamv2/test/services/network_info_service_test.dart: Network type labels describes Wi-Fi with unavailable SSID explicitly
00:05 +178 ~1: /Users/jose/src/work/hydracamv2/test/services/network_info_service_test.dart: Network type labels includes SSID when the platform exposes it
00:05 +179 ~1: /Users/jose/src/work/hydracamv2/test/services/network_info_service_test.dart: Network type labels describes pending connected-device network status
00:05 +180 ~1: /Users/jose/src/work/hydracamv2/test/services/network_info_service_test.dart: Network type labels describes unavailable SSID as a location requirement
00:05 +181 ~1: /Users/jose/src/work/hydracamv2/test/services/network_info_service_test.dart: Network type labels skips linux connectivity plugin when DBus system bus is missing
00:05 +182 ~1: /Users/jose/src/work/hydracamv2/test/services/camera_capture_settings_test.dart: VideoCaptureProfile maps sport 1080p60 to a 1080p target at 60 fps
00:05 +183 ~1: /Users/jose/src/work/hydracamv2/test/services/camera_capture_settings_test.dart: VideoCaptureProfile maps 4K profiles to ultraHigh with expected frame rates
00:05 +184 ~1: /Users/jose/src/work/hydracamv2/test/services/camera_capture_settings_test.dart: LensPreference labels iPhone ultra-wide as 0.5x
00:05 +185 ~1: /Users/jose/src/work/hydracamv2/test/services/camera_capture_settings_test.dart: LensPreference labels Android back cameras by camera id when lens type is unknown
00:05 +186 ~1: /Users/jose/src/work/hydracamv2/test/widgets/camera_level_overlay_test.dart: shows green guidance for level devices
00:05 +187 ~1: /Users/jose/src/work/hydracamv2/test/widgets/camera_setup_preview_screen_test.dart: renders perspective selector and level overlay
00:05 +188 ~1: /Users/jose/src/work/hydracamv2/test/widgets/camera_setup_preview_screen_test.dart: renders perspective selector and level overlay
00:05 +189 ~1: /Users/jose/src/work/hydracamv2/test/widgets/camera_setup_preview_screen_test.dart: renders perspective selector and level overlay
00:05 +190 ~1: /Users/jose/src/work/hydracamv2/test/widgets/media_list_widget_test.dart: media list distinguishes failed uploads from pending uploads
00:05 +191 ~1: /Users/jose/src/work/hydracamv2/test/widgets/media_list_widget_test.dart: media list distinguishes failed uploads from pending uploads
00:05 +192 ~1: /Users/jose/src/work/hydracamv2/test/widgets/media_list_widget_test.dart: media list distinguishes failed uploads from pending uploads
00:05 +193 ~1: /Users/jose/src/work/hydracamv2/test/widgets/media_list_widget_test.dart: media list distinguishes failed uploads from pending uploads
00:05 +194 ~1: /Users/jose/src/work/hydracamv2/test/widgets/media_list_widget_test.dart: media list distinguishes failed uploads from pending uploads
Log registered: {message: UploaderService: Resetting upload queue and state., timestamp: 2026-06-08 21:43:24.534504, function: null, file: null}
Log registered: {message: UploaderService: Reset completed., timestamp: 2026-06-08 21:43:24.536297, function: null, file: null}
00:06 +195 ~1: /Users/jose/src/work/hydracamv2/test/widgets/media_filter_dialog_test.dart: browse all returns unconstrained media filters
00:06 +196 ~1: /Users/jose/src/work/hydracamv2/test/widgets/media_filter_dialog_test.dart: browse all returns unconstrained media filters
00:06 +196 ~1: /Users/jose/src/work/hydracamv2/test/widgets/media_list_widget_test.dart: current upload progress includes uploaded and total bytes
Log registered: {message: UploaderService: Resetting upload queue and state., timestamp: 2026-06-08 21:43:24.571266, function: null, file: null}
Log registered: {message: UploaderService: Reset completed., timestamp: 2026-06-08 21:43:24.571472, function: null, file: null}
00:06 +197 ~1: /Users/jose/src/work/hydracamv2/test/widgets/media_filter_dialog_test.dart: browse all returns unconstrained media filters
00:06 +197 ~1: /Users/jose/src/work/hydracamv2/test/widgets/media_list_widget_test.dart: current upload progress includes estimated time remaining
Log registered: {message: UploaderService: Resetting upload queue and state., timestamp: 2026-06-08 21:43:24.589409, function: null, file: null}
Log registered: {message: UploaderService: Reset completed., timestamp: 2026-06-08 21:43:24.589565, function: null, file: null}
00:06 +198 ~1: /Users/jose/src/work/hydracamv2/test/widgets/media_filter_dialog_test.dart: browse all returns unconstrained media filters
00:06 +198 ~1: /Users/jose/src/work/hydracamv2/test/widgets/media_list_widget_test.dart: media list distinguishes failed uploads from pending uploads
Trace file unavailable: MissingPluginException(No implementation found for method getApplicationDocumentsDirectory on channel plugins.flutter.io/path_provider)
00:06 +198 ~1: /Users/jose/src/work/hydracamv2/test/widgets/media_list_widget_test.dart: upload actions distinguish retry from queue upload
Log registered: {message: UploaderService: Resetting upload queue and state., timestamp: 2026-06-08 21:43:24.669347, function: null, file: null}
Log registered: {message: UploaderService: Reset completed., timestamp: 2026-06-08 21:43:24.669534, function: null, file: null}
00:06 +199 ~1: /Users/jose/src/work/hydracamv2/test/widgets/media_filter_dialog_test.dart: browse all returns unconstrained media filters
00:06 +200 ~1: /Users/jose/src/work/hydracamv2/test/widgets/media_list_widget_test.dart: pending upload can be cancelled from the media row
Log registered: {message: UploaderService: Resetting upload queue and state., timestamp: 2026-06-08 21:43:24.690617, function: null, file: null}
Log registered: {message: UploaderService: Reset completed., timestamp: 2026-06-08 21:43:24.690762, function: null, file: null}
00:06 +201 ~1: /Users/jose/src/work/hydracamv2/test/widgets/media_list_widget_test.dart: current upload can be cancelled from the media row
Log registered: {message: UploaderService: Resetting upload queue and state., timestamp: 2026-06-08 21:43:24.732954, function: null, file: null}
Log registered: {message: UploaderService: Reset completed., timestamp: 2026-06-08 21:43:24.733100, function: null, file: null}
00:06 +202 ~1: All tests passed!
[exit-code] 0

$ git diff --check
[exit-code] 0
